image_id,specimen_id,dataset,status,error_reason,x,y,w,h,theta,confidence,similarity,aspect_ratio,n_detections,output_path,processed_at
70f0fb32d24549d3,OPIE_Lapi_180703,organized,OK,,1333,1906,386,1012,0.0,0.887,0.922,2.62,4,data/crops/organized/organized_OPIE_Lapi_180703_S3_70f0fb32d24549d3.jpg,2026-08-18T13:00:23+00:00
0e82cfa85f0879bb,OPIE_Lapi_7B,organized,OK,,1480,1878,378,1016,0.0,0.778,0.898,2.69,4,data/crops/organized/organized_OPIE_Lapi_7B_S3_0e82cfa85f0879bb.jpg,2026-08-18T13:00:24+00:00
730437fd4e90ad7d,OPIE_Lapi_070820,organized,OK,,2432,1876,475,1302,0.0,0.828,0.922,2.74,1,data/crops/organized/organized_OPIE_Lapi_070820_P1_730437fd4e90ad7d.jpg,2026-08-18T13:00:24+00:00
4d492aa58e733a49,OPIE_Lapi_B2b,organized,OK,,1236,1669,394,1032,0.0,0.877,0.873,2.62,2,data/crops/organized/organized_OPIE_Lapi_B2b_S3_4d492aa58e733a49.jpg,2026-08-18T13:00:25+00:00
45f2cc5a3546f39d,OPIE_Lapi_100803,organized,OK,,2430,1848,494,1297,0.0,0.708,0.897,2.62,3,data/crops/organized/organized_OPIE_Lapi_100803_P1_45f2cc5a3546f39d.jpg,2026-08-18T13:00:25+00:00
d65e738b89120c52,OPIE_Lapi_B2b,organized,OK,,1221,1880,413,1071,0.0,0.909,0.889,2.59,3,data/crops/organized/organized_OPIE_Lapi_B2b_S2_d65e738b89120c52.jpg,2026-08-18T13:00:25+00:00
12b4fefb036b7751,OPIE_Lapi_7B,organized,OK,,1498,1959,398,1091,0.0,0.768,0.91,2.74,5,data/crops/organized/organized_OPIE_Lapi_7B_S2_12b4fefb036b7751.jpg,2026-08-18T13:00:26+00:00
110c3237e71a189b,OPIE_Lapi_180703,organized,OK,,1203,1732,409,1059,0.0,0.886,0.914,2.59,2,data/crops/organized/organized_OPIE_Lapi_180703_S2_110c3237e71a189b.jpg,2026-08-18T13:00:26+00:00
f805c427c371e472,OPIE_Lapi_A1b,organized,OK,,2422,1869,527,1273,0.0,0.493,0.919,2.41,1,data/crops/organized/organized_OPIE_Lapi_A1b_P1_f805c427c371e472.jpg,2026-08-18T13:00:27+00:00
337c0cbfdf9fd481,OPIE_Lapi_070820,organized,OK,,2463,1857,475,1297,0.0,0.82,0.912,2.73,1,data/crops/organized/organized_OPIE_Lapi_070820_P2_337c0cbfdf9fd481.jpg,2026-08-18T13:00:27+00:00
1289d07e7695aa10,OPIE_Lapi_100803,organized,OK,,2432,1855,489,1302,0.0,0.659,0.897,2.66,4,data/crops/organized/organized_OPIE_Lapi_100803_P2_1289d07e7695aa10.jpg,2026-08-18T13:00:28+00:00
761a4559d66dba59,OPIE_Lapi_B2b,organized,OK,,1242,1939,429,1122,0.0,0.926,0.913,2.61,3,data/crops/organized/organized_OPIE_Lapi_B2b_S1_761a4559d66dba59.jpg,2026-08-18T13:00:28+00:00
642603830047286b,OPIE_Lapi_7B,organized,OK,,1463,1941,394,1067,0.0,0.664,0.866,2.71,4,data/crops/organized/organized_OPIE_Lapi_7B_S1_642603830047286b.jpg,2026-08-18T13:00:28+00:00
611189327260f20b,OPIE_Lapi_180703,organized,OK,,1473,1900,413,1071,0.0,0.911,0.896,2.59,2,data/crops/organized/organized_OPIE_Lapi_180703_S1_611189327260f20b.jpg,2026-08-18T13:00:29+00:00
86e3184a1e36fffa,OPIE_Lapi_A1b,organized,OK,,2453,1736,518,1249,0.0,0.408,0.922,2.41,1,data/crops/organized/organized_OPIE_Lapi_A1b_P2_86e3184a1e36fffa.jpg,2026-08-18T13:00:29+00:00
dd87ffa6867f65f5,OPIE_Lapi_100820,organized,OK,,1492,1927,406,1016,0.0,0.8,0.896,2.5,2,data/crops/organized/organized_OPIE_Lapi_100820_S2_dd87ffa6867f65f5.jpg,2026-08-18T13:00:30+00:00
ad73b8fcd9b9575f,OPIE_Lapi_B2,organized,OK,,2503,1822,451,1064,0.0,0.576,0.918,2.36,2,data/crops/organized/organized_OPIE_Lapi_B2_P2_ad73b8fcd9b9575f.jpg,2026-08-18T13:00:30+00:00
993c388c847e515c,OPIE_Lapi_030803b,organized,OK,,2449,1855,461,1278,0.0,0.841,0.917,2.77,4,data/crops/organized/organized_OPIE_Lapi_030803b_P2_993c388c847e515c.jpg,2026-08-18T13:00:31+00:00
9238b85da8d0146c,OPIE_Lapi_95C,organized,OK,,2434,1883,470,1230,0.0,0.623,0.922,2.62,1,data/crops/organized/organized_OPIE_Lapi_95C_P1_9238b85da8d0146c.jpg,2026-08-18T13:00:31+00:00
fb74dfa720b6f324,OPIE_Lapi_D1,organized,OK,,2472,1886,494,1259,0.0,0.815,0.914,2.55,1,data/crops/organized/organized_OPIE_Lapi_D1_P2_fb74dfa720b6f324.jpg,2026-08-18T13:00:31+00:00
9ee2bf66518afa4a,OPIE_Lapi_200703b,organized,OK,,2442,1860,489,1244,0.0,0.844,0.924,2.54,1,data/crops/organized/organized_OPIE_Lapi_200703b_P2_9ee2bf66518afa4a.jpg,2026-08-18T13:00:32+00:00
e2ecb282ae913bb6,OPIE_Lapi_A1,organized,OK,,1356,1610,339,870,0.0,0.948,0.915,2.57,4,data/crops/organized/organized_OPIE_Lapi_A1_S3_e2ecb282ae913bb6.jpg,2026-08-18T13:00:32+00:00
75675ef56c23dad6,OPIE_Lapi_A1,organized,OK,,1518,1433,370,941,0.0,0.935,0.854,2.54,1,data/crops/organized/organized_OPIE_Lapi_A1_S2_75675ef56c23dad6.jpg,2026-08-18T13:00:33+00:00
264c8d686c379422,OPIE_Lapi_160720,organized,OK,,1138,1514,429,1071,0.0,0.879,0.899,2.5,2,data/crops/organized/organized_OPIE_Lapi_160720_S1_264c8d686c379422.jpg,2026-08-18T13:00:33+00:00
7be8f97d412f3b7f,OPIE_Lapi_H1,organized,OK,,1386,1969,409,1063,0.0,0.873,0.89,2.6,3,data/crops/organized/organized_OPIE_Lapi_H1_S1_7be8f97d412f3b7f.jpg,2026-08-18T13:00:33+00:00
5af72a1bf257eafa,OPIE_Lapi_100820,organized,OK,,1288,1965,394,984,0.0,0.908,0.914,2.5,3,data/crops/organized/organized_OPIE_Lapi_100820_S3_5af72a1bf257eafa.jpg,2026-08-18T13:00:34+00:00
297834ab39fe7bd7,OPIE_Lapi_H1,organized,OK,,1288,1784,402,1047,0.0,0.803,0.879,2.61,4,data/crops/organized/organized_OPIE_Lapi_H1_S3_297834ab39fe7bd7.jpg,2026-08-18T13:00:34+00:00
79b7f85784aa7c49,OPIE_Lapi_100820,organized,OK,,1386,1888,421,1047,0.0,0.863,0.898,2.49,2,data/crops/organized/organized_OPIE_Lapi_100820_S1_79b7f85784aa7c49.jpg,2026-08-18T13:00:35+00:00
2b5e0d866cf7c51f,OPIE_Lapi_B2,organized,OK,,2468,1838,456,1069,0.0,0.717,0.925,2.34,1,data/crops/organized/organized_OPIE_Lapi_B2_P1_2b5e0d866cf7c51f.jpg,2026-08-18T13:00:35+00:00
b1f09ac7b47d14dc,OPIE_Lapi_030803b,organized,OK,,2425,1831,451,1278,0.0,0.823,0.906,2.83,2,data/crops/organized/organized_OPIE_Lapi_030803b_P1_b1f09ac7b47d14dc.jpg,2026-08-18T13:00:35+00:00
67ae504a79cf34a7,OPIE_Lapi_160720,organized,OK,,1152,1717,449,1106,0.0,0.9,0.893,2.46,3,data/crops/organized/organized_OPIE_Lapi_160720_S3_67ae504a79cf34a7.jpg,2026-08-18T13:00:36+00:00
08e69025d57a7468,OPIE_Lapi_95C,organized,OK,,2430,1924,475,1230,0.0,0.71,0.929,2.59,1,data/crops/organized/organized_OPIE_Lapi_95C_P2_08e69025d57a7468.jpg,2026-08-18T13:00:36+00:00
389604ce08463a97,OPIE_Lapi_D1,organized,OK,,2425,1822,499,1268,0.0,0.867,0.901,2.54,1,data/crops/organized/organized_OPIE_Lapi_D1_P1_389604ce08463a97.jpg,2026-08-18T13:00:37+00:00
0ff169e3fc47a284,OPIE_Lapi_200703b,organized,OK,,2484,1872,484,1244,0.0,0.802,0.915,2.57,1,data/crops/organized/organized_OPIE_Lapi_200703b_P1_0ff169e3fc47a284.jpg,2026-08-18T13:00:37+00:00
d8ba4e07ca980f36,OPIE_Lapi_A1,organized,OK,,1343,1709,362,929,0.0,0.963,0.91,2.57,4,data/crops/organized/organized_OPIE_Lapi_A1_S1_d8ba4e07ca980f36.jpg,2026-08-18T13:00:38+00:00
a5cd04fc8693f00e,OPIE_Lapi_160720,organized,OK,,1266,1545,437,1099,0.0,0.821,0.903,2.51,2,data/crops/organized/organized_OPIE_Lapi_160720_S2_a5cd04fc8693f00e.jpg,2026-08-18T13:00:38+00:00
17f42b56378117b4,OPIE_Lapi_H1,organized,OK,,1345,2000,402,1059,0.0,0.861,0.882,2.64,2,data/crops/organized/organized_OPIE_Lapi_H1_S2_17f42b56378117b4.jpg,2026-08-18T13:00:38+00:00
3ecd30556216abc6,OPIE_Lapi_200703,organized,OK,,1335,2083,417,1087,0.0,0.868,0.892,2.6,2,data/crops/organized/organized_OPIE_Lapi_200703_S1_3ecd30556216abc6.jpg,2026-08-18T13:00:39+00:00
231a29ec85b5caff,OPIE_Lapi_78V,organized,OK,,1286,1628,327,831,0.0,0.968,0.91,2.54,5,data/crops/organized/organized_OPIE_Lapi_78V_S3_231a29ec85b5caff.jpg,2026-08-18T13:00:39+00:00
ed67b8864ad4a032,OPIE_Lapi_78V,organized,OK,,1390,1668,311,780,0.0,0.926,0.898,2.51,2,data/crops/organized/organized_OPIE_Lapi_78V_S2_ed67b8864ad4a032.jpg,2026-08-18T13:00:39+00:00
41d61edfa502f3ad,OPIE_Lapi_E7,organized,OK,,2446,1829,513,1311,0.0,0.78,0.923,2.56,3,data/crops/organized/organized_OPIE_Lapi_E7_P2_41d61edfa502f3ad.jpg,2026-08-18T13:00:40+00:00
a7259bcc3151c7a0,OPIE_Lapi_030803,organized,OK,,2453,1888,489,1268,0.0,0.881,0.898,2.59,2,data/crops/organized/organized_OPIE_Lapi_030803_P2_a7259bcc3151c7a0.jpg,2026-08-18T13:00:40+00:00
97e97bafce1b105a,OPIE_Lapi_200703,organized,OK,,1414,2195,398,1055,0.0,0.877,0.88,2.65,4,data/crops/organized/organized_OPIE_Lapi_200703_S2_97e97bafce1b105a.jpg,2026-08-18T13:00:41+00:00
46380afb581975f1,OPIE_Lapi_78V,organized,OK,,1457,1748,323,819,0.0,0.982,0.908,2.54,4,data/crops/organized/organized_OPIE_Lapi_78V_S1_46380afb581975f1.jpg,2026-08-18T13:00:41+00:00
aa26220e634f11a7,OPIE_Lapi_E7,organized,OK,,2480,1834,504,1282,0.0,0.715,0.932,2.55,4,data/crops/organized/organized_OPIE_Lapi_E7_P1_aa26220e634f11a7.jpg,2026-08-18T13:00:42+00:00
90887c1f5a341b22,OPIE_Lapi_200703,organized,OK,,1215,2185,409,1067,0.0,0.841,0.89,2.61,4,data/crops/organized/organized_OPIE_Lapi_200703_S3_90887c1f5a341b22.jpg,2026-08-18T13:00:42+00:00
204d400420ea80bf,OPIE_Lapi_030803,organized,OK,,2411,1855,489,1287,0.0,0.877,0.881,2.63,2,data/crops/organized/organized_OPIE_Lapi_030803_P1_204d400420ea80bf.jpg,2026-08-18T13:00:42+00:00
e01d5aceeb552472,OPIE_Lapi_180702,organized,OK,,2392,1872,484,1316,0.0,0.855,0.902,2.72,1,data/crops/organized/organized_OPIE_Lapi_180702_P2_e01d5aceeb552472.jpg,2026-08-18T13:00:43+00:00
9492299e29cc2996,OPIE_Lapi_060803,organized,OK,,2389,1826,480,1263,0.0,0.827,0.911,2.63,3,data/crops/organized/organized_OPIE_Lapi_060803_P1_9492299e29cc2996.jpg,2026-08-18T13:00:43+00:00
d9f756ea734431c4,OPIE_Lapi_180702,organized,OK,,2413,1895,484,1302,0.0,0.807,0.907,2.69,1,data/crops/organized/organized_OPIE_Lapi_180702_P1_d9f756ea734431c4.jpg,2026-08-18T13:00:44+00:00
ef63245f84375513,OPIE_Lapi_060803,organized,OK,,2418,1862,484,1254,0.0,0.829,0.918,2.59,3,data/crops/organized/organized_OPIE_Lapi_060803_P2_ef63245f84375513.jpg,2026-08-18T13:00:44+00:00
b28607ff238b7f2a,OPIE_Lapi_180702,organized,OK,,1197,1880,406,1087,0.0,0.843,0.87,2.68,4,data/crops/organized/organized_OPIE_Lapi_180702_S1_b28607ff238b7f2a.jpg,2026-08-18T13:00:45+00:00
817fe82cff059f26,OPIE_Lapi_060803,organized,OK,,1268,2020,402,1024,0.0,0.869,0.868,2.55,3,data/crops/organized/organized_OPIE_Lapi_060803_S3_817fe82cff059f26.jpg,2026-08-18T13:00:45+00:00
9339d2e5138536d1,OPIE_Lapi_060803,organized,OK,,1301,1638,409,1051,0.0,0.795,0.911,2.57,3,data/crops/organized/organized_OPIE_Lapi_060803_S2_9339d2e5138536d1.jpg,2026-08-18T13:00:45+00:00
642bc4dd8da8a63f,OPIE_Lapi_180702,organized,OK,,1305,1998,406,1083,0.0,0.716,0.86,2.67,3,data/crops/organized/organized_OPIE_Lapi_180702_S2_642bc4dd8da8a63f.jpg,2026-08-18T13:00:46+00:00
c9d8d2aa594b8e83,OPIE_Lapi_060803,organized,OK,,1386,1784,410,1040,0.0,0.883,0.846,2.54,5,data/crops/organized/organized_OPIE_Lapi_060803_S1_c9d8d2aa594b8e83.jpg,2026-08-18T13:00:46+00:00
0cadc8437cae5055,OPIE_Lapi_180702,organized,OK,,1408,1986,413,1099,0.0,0.794,0.86,2.66,3,data/crops/organized/organized_OPIE_Lapi_180702_S3_0cadc8437cae5055.jpg,2026-08-18T13:00:46+00:00
26dc9d8736a5e21c,OPIE_Lapi_200703,organized,OK,,2437,1855,508,1320,0.0,0.785,0.902,2.6,3,data/crops/organized/organized_OPIE_Lapi_200703_P2_26dc9d8736a5e21c.jpg,2026-08-18T13:00:47+00:00
e4d48e4937f536cc,OPIE_Lapi_78V,organized,OK,,2475,1774,394,1007,0.0,0.81,0.885,2.55,1,data/crops/organized/organized_OPIE_Lapi_78V_P1_e4d48e4937f536cc.jpg,2026-08-18T13:00:47+00:00
83f458d58c694850,OPIE_Lapi_E7,organized,OK,,1467,2049,429,1091,0.0,0.863,0.895,2.54,2,data/crops/organized/organized_OPIE_Lapi_E7_S1_83f458d58c694850.jpg,2026-08-18T13:00:48+00:00
2de44dfcfbfa9720,OPIE_Lapi_030803,organized,OK,,1150,1652,406,1040,0.0,0.831,0.803,2.56,3,data/crops/organized/organized_OPIE_Lapi_030803_S1_2de44dfcfbfa9720.jpg,2026-08-18T13:00:48+00:00
dff56386e860525e,OPIE_Lapi_030803,organized,OK,,1282,1815,386,1028,0.0,0.784,0.858,2.66,3,data/crops/organized/organized_OPIE_Lapi_030803_S3_dff56386e860525e.jpg,2026-08-18T13:00:49+00:00
af53070f1d1e2e76,OPIE_Lapi_200703,organized,OK,,2399,1874,508,1320,0.0,0.734,0.903,2.6,2,data/crops/organized/organized_OPIE_Lapi_200703_P1_af53070f1d1e2e76.jpg,2026-08-18T13:00:49+00:00
afd81c695769beae,OPIE_Lapi_E7,organized,OK,,1435,2022,429,1091,0.0,0.902,0.904,2.54,2,data/crops/organized/organized_OPIE_Lapi_E7_S3_afd81c695769beae.jpg,2026-08-18T13:00:49+00:00
830bc3fb4ff13f9f,OPIE_Lapi_78V,organized,OK,,2470,1814,399,1007,0.0,0.79,0.895,2.52,1,data/crops/organized/organized_OPIE_Lapi_78V_P2_830bc3fb4ff13f9f.jpg,2026-08-18T13:00:50+00:00
ffb6f01d3d714e64,OPIE_Lapi_E7,organized,OK,,1465,2087,425,1087,0.0,0.915,0.919,2.56,2,data/crops/organized/organized_OPIE_Lapi_E7_S2_ffb6f01d3d714e64.jpg,2026-08-18T13:00:50+00:00
50884eb62aa45030,OPIE_Lapi_030803,organized,OK,,1213,1658,394,1047,0.0,0.767,0.855,2.66,1,data/crops/organized/organized_OPIE_Lapi_030803_S2_50884eb62aa45030.jpg,2026-08-18T13:00:51+00:00
fce15c38021f4e54,OPIE_Lapi_100820,organized,OK,,2389,1940,518,1292,0.0,0.803,0.905,2.5,1,data/crops/organized/organized_OPIE_Lapi_100820_P1_fce15c38021f4e54.jpg,2026-08-18T13:00:51+00:00
26b3f384f65e6568,OPIE_Lapi_030803b,organized,OK,,1209,1937,394,1079,0.0,0.669,0.87,2.74,2,data/crops/organized/organized_OPIE_Lapi_030803b_S1_26b3f384f65e6568.jpg,2026-08-18T13:00:51+00:00
9231173da35f25d9,OPIE_Lapi_B2,organized,OK,,1526,1996,386,854,0.0,0.876,0.905,2.21,4,data/crops/organized/organized_OPIE_Lapi_B2_S1_9231173da35f25d9.jpg,2026-08-18T13:00:52+00:00
a71d6571ee8735ec,OPIE_Lapi_95C,organized,OK,,1416,1910,370,973,0.0,0.793,0.899,2.63,3,data/crops/organized/organized_OPIE_Lapi_95C_S2_a71d6571ee8735ec.jpg,2026-08-18T13:00:52+00:00
987b0b6d770aea6b,OPIE_Lapi_D1,organized,OK,,1164,1748,394,988,0.0,0.802,0.93,2.51,7,data/crops/organized/organized_OPIE_Lapi_D1_S1_987b0b6d770aea6b.jpg,2026-08-18T13:00:53+00:00
7976f5c1c8c04d99,OPIE_Lapi_200703b,organized,OK,,1305,2063,386,988,0.0,0.824,0.882,2.56,2,data/crops/organized/organized_OPIE_Lapi_200703b_S1_7976f5c1c8c04d99.jpg,2026-08-18T13:00:53+00:00
f3c14bd7ad839dc2,OPIE_Lapi_A1,organized,OK,,2415,1829,475,1211,0.0,0.625,0.909,2.55,2,data/crops/organized/organized_OPIE_Lapi_A1_P1_f3c14bd7ad839dc2.jpg,2026-08-18T13:00:53+00:00
15daed95349addc8,OPIE_Lapi_160720,organized,OK,,2363,1864,556,1373,0.0,0.644,0.914,2.47,3,data/crops/organized/organized_OPIE_Lapi_160720_P2_15daed95349addc8.jpg,2026-08-18T13:00:54+00:00
1339b18bf7f70010,OPIE_Lapi_95C,organized,OK,,1400,1841,390,1012,0.0,0.896,0.908,2.6,4,data/crops/organized/organized_OPIE_Lapi_95C_S3_1339b18bf7f70010.jpg,2026-08-18T13:00:54+00:00
3a4eaabfc44ec3ca,OPIE_Lapi_H1,organized,OK,,2465,1883,499,1282,0.0,0.672,0.905,2.57,2,data/crops/organized/organized_OPIE_Lapi_H1_P2_3a4eaabfc44ec3ca.jpg,2026-08-18T13:00:55+00:00
2275e1dc3333b053,OPIE_Lapi_100820,organized,OK,,2449,1860,518,1278,0.0,0.698,0.918,2.47,3,data/crops/organized/organized_OPIE_Lapi_100820_P2_2275e1dc3333b053.jpg,2026-08-18T13:00:55+00:00
e5d7fd6508a6e2d7,OPIE_Lapi_030803b,organized,OK,,1331,1967,390,1040,0.0,0.792,0.843,2.67,3,data/crops/organized/organized_OPIE_Lapi_030803b_S2_e5d7fd6508a6e2d7.jpg,2026-08-18T13:00:56+00:00
7936bb922cb2700c,OPIE_Lapi_B2,organized,OK,,1662,1908,374,890,0.0,0.883,0.903,2.38,2,data/crops/organized/organized_OPIE_Lapi_B2_S2_7936bb922cb2700c.jpg,2026-08-18T13:00:56+00:00
9b491980ff58c016,OPIE_Lapi_95C,organized,OK,,1258,2028,394,1028,0.0,0.698,0.911,2.61,5,data/crops/organized/organized_OPIE_Lapi_95C_S1_9b491980ff58c016.jpg,2026-08-18T13:00:56+00:00
052422f84cccb5d4,OPIE_Lapi_D1,organized,OK,,1337,1731,398,980,0.0,0.873,0.902,2.47,4,data/crops/organized/organized_OPIE_Lapi_D1_S2_052422f84cccb5d4.jpg,2026-08-18T13:00:57+00:00
a9b999d7cb3e0589,OPIE_Lapi_200703b,organized,OK,,1339,2010,390,992,0.0,0.831,0.87,2.55,2,data/crops/organized/organized_OPIE_Lapi_200703b_S2_a9b999d7cb3e0589.jpg,2026-08-18T13:00:57+00:00
f7a1437c9b4e0950,OPIE_Lapi_A1,organized,OK,,2411,1857,475,1211,0.0,0.615,0.902,2.55,1,data/crops/organized/organized_OPIE_Lapi_A1_P2_f7a1437c9b4e0950.jpg,2026-08-18T13:00:58+00:00
6afc78c3908e6cb7,OPIE_Lapi_200703b,organized,OK,,1209,2061,390,1000,0.0,0.929,0.9,2.57,2,data/crops/organized/organized_OPIE_Lapi_200703b_S3_6afc78c3908e6cb7.jpg,2026-08-18T13:00:58+00:00
70ec76b103b7fa54,OPIE_Lapi_160720,organized,OK,,2375,1860,546,1378,0.0,0.784,0.895,2.52,3,data/crops/organized/organized_OPIE_Lapi_160720_P1_70ec76b103b7fa54.jpg,2026-08-18T13:00:58+00:00
7722bf46bd8e1e42,OPIE_Lapi_D1,organized,OK,,1138,1794,366,961,0.0,0.929,0.907,2.62,4,data/crops/organized/organized_OPIE_Lapi_D1_S3_7722bf46bd8e1e42.jpg,2026-08-18T13:00:59+00:00
7f153e8d41d5cda6,OPIE_Lapi_B2,organized,OK,,1441,1780,362,858,0.0,0.933,0.92,2.37,2,data/crops/organized/organized_OPIE_Lapi_B2_S3_7f153e8d41d5cda6.jpg,2026-08-18T13:00:59+00:00
57f330cc01d6d1ac,OPIE_Lapi_030803b,organized,OK,,1416,1920,366,1004,0.0,0.531,0.888,2.74,3,data/crops/organized/organized_OPIE_Lapi_030803b_S3_57f330cc01d6d1ac.jpg,2026-08-18T13:01:00+00:00
402c9176aa7d3db3,OPIE_Lapi_H1,organized,OK,,2404,1867,504,1292,0.0,0.79,0.906,2.57,2,data/crops/organized/organized_OPIE_Lapi_H1_P1_402c9176aa7d3db3.jpg,2026-08-18T13:01:00+00:00
377068d4fcea0820,OPIE_Lapi_A1b,organized,OK,,1165,2164,382,953,0.0,0.958,0.9,2.49,2,data/crops/organized/organized_OPIE_Lapi_A1b_S3_377068d4fcea0820.jpg,2026-08-18T13:01:00+00:00
2c7251e638da7d81,OPIE_Lapi_070820,organized,OK,,1242,2083,394,1083,0.0,0.819,0.91,2.75,2,data/crops/organized/organized_OPIE_Lapi_070820_S2_2c7251e638da7d81.jpg,2026-08-18T13:01:01+00:00
f76d9cacc28463d0,OPIE_Lapi_100803,organized,OK,,1193,1996,417,1079,0.0,0.819,0.89,2.58,6,data/crops/organized/organized_OPIE_Lapi_100803_S3_f76d9cacc28463d0.jpg,2026-08-18T13:01:01+00:00
3a47900412ad5584,OPIE_Lapi_100803,organized,OK,,1343,2034,413,1079,0.0,0.765,0.912,2.61,7,data/crops/organized/organized_OPIE_Lapi_100803_S2_3a47900412ad5584.jpg,2026-08-18T13:01:02+00:00
a800566328e43059,OPIE_Lapi_B2b,organized,OK,,2396,1841,499,1316,0.0,0.882,0.909,2.64,2,data/crops/organized/organized_OPIE_Lapi_B2b_P1_a800566328e43059.jpg,2026-08-18T13:01:02+00:00
e9ae5174bd09a0b5,OPIE_Lapi_070820,organized,OK,,1366,2166,378,1040,0.0,0.921,0.933,2.75,4,data/crops/organized/organized_OPIE_Lapi_070820_S3_e9ae5174bd09a0b5.jpg,2026-08-18T13:01:02+00:00
a7bce4533155d45b,OPIE_Lapi_7B,organized,OK,,2451,1838,466,1254,0.0,0.713,0.877,2.69,1,data/crops/organized/organized_OPIE_Lapi_7B_P1_a7bce4533155d45b.jpg,2026-08-18T13:01:03+00:00
65f9275666734301,OPIE_Lapi_A1b,organized,OK,,1217,2010,406,1000,0.0,0.867,0.89,2.47,2,data/crops/organized/organized_OPIE_Lapi_A1b_S2_65f9275666734301.jpg,2026-08-18T13:01:03+00:00
8290da03f48dd279,OPIE_Lapi_180703,organized,OK,,2404,1895,484,1273,0.0,0.737,0.898,2.63,2,data/crops/organized/organized_OPIE_Lapi_180703_P1_8290da03f48dd279.jpg,2026-08-18T13:01:04+00:00
5c5abeea8a0d722a,OPIE_Lapi_070820,organized,OK,,1378,2079,386,1047,0.0,0.923,0.912,2.71,2,data/crops/organized/organized_OPIE_Lapi_070820_S1_5c5abeea8a0d722a.jpg,2026-08-18T13:01:04+00:00
39dfce720c76e6b6,OPIE_Lapi_100803,organized,OK,,1193,2067,417,1079,0.0,0.778,0.888,2.58,5,data/crops/organized/organized_OPIE_Lapi_100803_S1_39dfce720c76e6b6.jpg,2026-08-18T13:01:04+00:00
d1c604a0e26ecbbf,OPIE_Lapi_B2b,organized,OK,,2406,1881,504,1316,0.0,0.852,0.906,2.61,2,data/crops/organized/organized_OPIE_Lapi_B2b_P2_d1c604a0e26ecbbf.jpg,2026-08-18T13:01:05+00:00
0c2577f70ba53549,OPIE_Lapi_7B,organized,OK,,2501,1848,466,1249,0.0,0.727,0.876,2.68,2,data/crops/organized/organized_OPIE_Lapi_7B_P2_0c2577f70ba53549.jpg,2026-08-18T13:01:05+00:00
b71a34c1d6a9afa0,OPIE_Lapi_A1b,organized,OK,,1368,2166,425,1012,0.0,0.875,0.884,2.38,3,data/crops/organized/organized_OPIE_Lapi_A1b_S1_b71a34c1d6a9afa0.jpg,2026-08-18T13:01:06+00:00
4824e5cee5d00661,OPIE_Lapi_180703,organized,OK,,2401,1869,489,1268,0.0,0.681,0.905,2.59,3,data/crops/organized/organized_OPIE_Lapi_180703_P2_4824e5cee5d00661.jpg,2026-08-18T13:01:06+00:00
20a43857dcf01051,OPIE_Lapi_110702,organized,OK,,1124,2146,339,847,0.0,0.97,0.913,2.5,2,data/crops/organized/organized_OPIE_Lapi_110702_S1_20a43857dcf01051.jpg,2026-08-18T13:01:06+00:00
baf8e68ae98cd396,OPIE_Lapi_230620b,organized,OK,,1354,1910,386,945,0.0,0.837,0.906,2.45,4,data/crops/organized/organized_OPIE_Lapi_230620b_S3_baf8e68ae98cd396.jpg,2026-08-18T13:01:07+00:00
56bc8a66bf253cf5,OPIE_Lapi_240620,organized,OK,,1362,1559,402,1134,0.0,0.845,0.868,2.82,1,data/crops/organized/organized_OPIE_Lapi_240620_S3_56bc8a66bf253cf5.jpg,2026-08-18T13:01:07+00:00
25f6b996f9013c67,OPIE_Lapi_130720,organized,OK,,1370,1857,382,953,0.0,0.939,0.911,2.49,4,data/crops/organized/organized_OPIE_Lapi_130720_S3_25f6b996f9013c67.jpg,2026-08-18T13:01:08+00:00
ffc25659b371362c,OPIE_Lapi_130720,organized,OK,,1392,1849,358,886,0.0,0.939,0.896,2.47,8,data/crops/organized/organized_OPIE_Lapi_130720_S2_ffc25659b371362c.jpg,2026-08-18T13:01:08+00:00
49912e4a5be2e2b1,OPIE_Lapi_240620,organized,OK,,1404,1585,398,1051,0.0,0.81,0.902,2.64,2,data/crops/organized/organized_OPIE_Lapi_240620_S2_49912e4a5be2e2b1.jpg,2026-08-18T13:01:08+00:00
71b9c4ae7e0bcaa3,OPIE_Lapi_230620b,organized,OK,,1319,2083,370,913,0.0,0.827,0.898,2.47,2,data/crops/organized/organized_OPIE_Lapi_230620b_S2_71b9c4ae7e0bcaa3.jpg,2026-08-18T13:01:09+00:00
f306768d7642aecf,OPIE_Lapi_220620d,organized,OK,,2468,1819,446,1154,0.0,0.882,0.911,2.59,1,data/crops/organized/organized_OPIE_Lapi_220620d_P1_f306768d7642aecf.jpg,2026-08-18T13:01:09+00:00
4ab8b4d63b5c5707,OPIE_Lapi_240620b,organized,OK,,2472,1905,475,1164,0.0,0.789,0.945,2.45,3,data/crops/organized/organized_OPIE_Lapi_240620b_P2_4ab8b4d63b5c5707.jpg,2026-08-18T13:01:10+00:00
640793c0155740c4,OPIE_Lapi_130720c,organized,OK,,1195,2162,449,1051,0.0,0.83,0.887,2.34,3,data/crops/organized/organized_OPIE_Lapi_130720c_S1_640793c0155740c4.jpg,2026-08-18T13:01:10+00:00
905c942d034fb2d0,OPIE_Lapi_130720c,organized,OK,,1368,1671,445,1036,0.0,0.901,0.901,2.33,2,data/crops/organized/organized_OPIE_Lapi_130720c_S3_905c942d034fb2d0.jpg,2026-08-18T13:01:10+00:00
cf062b9e7cc206dc,OPIE_Lapi_110702,organized,OK,,1225,1988,339,850,0.0,0.963,0.889,2.51,4,data/crops/organized/organized_OPIE_Lapi_110702_S2_cf062b9e7cc206dc.jpg,2026-08-18T13:01:11+00:00
cffceab476a8c995,OPIE_Lapi_130720,organized,OK,,1496,2142,425,1055,0.0,0.863,0.914,2.48,3,data/crops/organized/organized_OPIE_Lapi_130720_S1_cffceab476a8c995.jpg,2026-08-18T13:01:11+00:00
47f5037dc97c4dbf,OPIE_Lapi_240620,organized,OK,,1398,1736,394,1040,0.0,0.826,0.879,2.64,5,data/crops/organized/organized_OPIE_Lapi_240620_S1_47f5037dc97c4dbf.jpg,2026-08-18T13:01:12+00:00
0b8f958917cc6b46,OPIE_Lapi_230620b,organized,OK,,1427,1770,366,902,0.0,0.883,0.903,2.46,4,data/crops/organized/organized_OPIE_Lapi_230620b_S1_0b8f958917cc6b46.jpg,2026-08-18T13:01:12+00:00
fedf92240970c855,OPIE_Lapi_110702,organized,OK,,1404,1744,354,886,0.0,0.951,0.919,2.5,6,data/crops/organized/organized_OPIE_Lapi_110702_S3_fedf92240970c855.jpg,2026-08-18T13:01:12+00:00
2c206c96cce95625,OPIE_Lapi_220620d,organized,OK,,2442,1841,451,1159,0.0,0.82,0.927,2.57,2,data/crops/organized/organized_OPIE_Lapi_220620d_P2_2c206c96cce95625.jpg,2026-08-18T13:01:13+00:00
05a2613b9eee4a24,OPIE_Lapi_240620b,organized,OK,,2477,1848,484,1164,0.0,0.88,0.922,2.4,2,data/crops/organized/organized_OPIE_Lapi_240620b_P1_05a2613b9eee4a24.jpg,2026-08-18T13:01:13+00:00
69bd9ea0b6f40796,OPIE_Lapi_130720c,organized,OK,,1333,1892,461,1099,0.0,0.767,0.853,2.38,3,data/crops/organized/organized_OPIE_Lapi_130720c_S2_69bd9ea0b6f40796.jpg,2026-08-18T13:01:14+00:00
e367ac0c27f2f327,OPIE_Lapi_220620,organized,OK,,2456,1810,475,1150,0.0,0.849,0.934,2.42,3,data/crops/organized/organized_OPIE_Lapi_220620_P2_e367ac0c27f2f327.jpg,2026-08-18T13:01:14+00:00
cd34087cac3a4831,OPIE_Lapi_220620c,organized,OK,,1445,1569,374,929,0.0,0.946,0.914,2.48,3,data/crops/organized/organized_OPIE_Lapi_220620c_S3_cd34087cac3a4831.jpg,2026-08-18T13:01:15+00:00
f6dbd95a0f830143,OPIE_Lapi_260620b,organized,OK,,1177,2075,307,890,0.0,0.863,0.877,2.9,4,data/crops/organized/organized_OPIE_Lapi_260620b_S1_f6dbd95a0f830143.jpg,2026-08-18T13:01:15+00:00
219fc02c572db1c2,OPIE_Lapi_220620c,organized,OK,,1167,1715,366,902,0.0,0.953,0.888,2.46,5,data/crops/organized/organized_OPIE_Lapi_220620c_S2_219fc02c572db1c2.jpg,2026-08-18T13:01:15+00:00
a52cf0884471d3c4,OPIE_Lapi_130720d,organized,OK,,2411,1836,480,1183,0.0,0.612,0.913,2.47,2,data/crops/organized/organized_OPIE_Lapi_130720d_P2_a52cf0884471d3c4.jpg,2026-08-18T13:01:16+00:00
cc147045d33008c7,OPIE_Lapi_220620,organized,OK,,2411,1812,470,1164,0.0,0.826,0.933,2.47,2,data/crops/organized/organized_OPIE_Lapi_220620_P1_cc147045d33008c7.jpg,2026-08-18T13:01:16+00:00
9a0bd038ed106a6d,OPIE_Lapi_260620b,organized,OK,,1457,2049,303,945,0.0,0.916,0.868,3.12,4,data/crops/organized/organized_OPIE_Lapi_260620b_S3_9a0bd038ed106a6d.jpg,2026-08-18T13:01:17+00:00
808f220de596601b,OPIE_Lapi_260620b,organized,OK,,1374,2166,299,843,0.0,0.938,0.877,2.82,4,data/crops/organized/organized_OPIE_Lapi_260620b_S2_808f220de596601b.jpg,2026-08-18T13:01:17+00:00
525578c3ec4edcff,OPIE_Lapi_220620c,organized,OK,,1036,1853,358,882,0.0,0.938,0.921,2.46,3,data/crops/organized/organized_OPIE_Lapi_220620c_S1_525578c3ec4edcff.jpg,2026-08-18T13:01:17+00:00
4ce1cc94d5df8def,OPIE_Lapi_130720d,organized,OK,,2460,1796,475,1188,0.0,0.767,0.899,2.5,3,data/crops/organized/organized_OPIE_Lapi_130720d_P1_4ce1cc94d5df8def.jpg,2026-08-18T13:01:18+00:00
d8efbfabbf7a317c,OPIE_Lapi_260620,organized,OK,,1299,1874,449,1071,0.0,0.911,0.874,2.39,3,data/crops/organized/organized_OPIE_Lapi_260620_S2_d8efbfabbf7a317c.jpg,2026-08-18T13:01:18+00:00
6084bcdd2cfca00c,OPIE_Lapi_290602,organized,OK,,1274,1961,362,949,0.0,0.968,0.896,2.62,2,data/crops/organized/organized_OPIE_Lapi_290602_S3_6084bcdd2cfca00c.jpg,2026-08-18T13:01:19+00:00
79d7288e8be1fe18,OPIE_Lapi_160720b,organized,OK,,2456,1791,475,1226,0.0,0.745,0.897,2.58,1,data/crops/organized/organized_OPIE_Lapi_160720b_P2_79d7288e8be1fe18.jpg,2026-08-18T13:01:19+00:00
897d90f0c9de49d8,OPIE_Lapi_220620b,organized,OK,,2477,1829,494,1192,0.0,0.888,0.925,2.41,4,data/crops/organized/organized_OPIE_Lapi_220620b_P2_897d90f0c9de49d8.jpg,2026-08-18T13:01:19+00:00
d73bdae8637213ba,OPIE_Lapi_270702,organized,OK,,2437,1852,484,1150,0.0,0.879,0.918,2.37,2,data/crops/organized/organized_OPIE_Lapi_270702_P2_d73bdae8637213ba.jpg,2026-08-18T13:01:20+00:00
9c4f21d823505796,OPIE_Lapi_070820b,organized,OK,,2437,1943,522,1235,0.0,0.86,0.939,2.36,2,data/crops/organized/organized_OPIE_Lapi_070820b_P2_9c4f21d823505796.jpg,2026-08-18T13:01:20+00:00
f4d867f476bb0a30,OPIE_Lapi_290602,organized,OK,,1288,1697,362,921,0.0,0.961,0.886,2.54,2,data/crops/organized/organized_OPIE_Lapi_290602_S2_f4d867f476bb0a30.jpg,2026-08-18T13:01:21+00:00
f1696bf3a2d394c8,OPIE_Lapi_260620,organized,OK,,1404,1853,437,1051,0.0,0.893,0.863,2.41,3,data/crops/organized/organized_OPIE_Lapi_260620_S3_f1696bf3a2d394c8.jpg,2026-08-18T13:01:21+00:00
c0d53d5ec05ea3bb,OPIE_Lapi_260620,organized,OK,,1504,1888,421,1000,0.0,0.906,0.868,2.37,6,data/crops/organized/organized_OPIE_Lapi_260620_S1_c0d53d5ec05ea3bb.jpg,2026-08-18T13:01:21+00:00
91fa8d19c49909e9,OPIE_Lapi_160720b,organized,OK,,2425,1850,470,1221,0.0,0.712,0.894,2.6,2,data/crops/organized/organized_OPIE_Lapi_160720b_P1_91fa8d19c49909e9.jpg,2026-08-18T13:01:22+00:00
fc5623924b45bf9a,OPIE_Lapi_220620b,organized,OK,,2480,1814,494,1188,0.0,0.899,0.915,2.4,3,data/crops/organized/organized_OPIE_Lapi_220620b_P1_fc5623924b45bf9a.jpg,2026-08-18T13:01:22+00:00
8cb716fe95da0f35,OPIE_Lapi_270702,organized,OK,,2413,1864,480,1149,0.0,0.829,0.925,2.4,2,data/crops/organized/organized_OPIE_Lapi_270702_P1_8cb716fe95da0f35.jpg,2026-08-18T13:01:23+00:00
f59bb7ceca5fa865,OPIE_Lapi_070820b,organized,OK,,2446,1938,522,1244,0.0,0.835,0.932,2.38,2,data/crops/organized/organized_OPIE_Lapi_070820b_P1_f59bb7ceca5fa865.jpg,2026-08-18T13:01:23+00:00
8209d52c9d07c3cc,OPIE_Lapi_290602,organized,OK,,1345,1916,374,973,0.0,0.95,0.912,2.6,2,data/crops/organized/organized_OPIE_Lapi_290602_S1_8209d52c9d07c3cc.jpg,2026-08-18T13:01:24+00:00
a8a020a2acc3ba05,OPIE_Lapi_130720b,organized,OK,,2413,1803,442,1130,0.0,0.852,0.927,2.56,3,data/crops/organized/organized_OPIE_Lapi_130720b_P1_a8a020a2acc3ba05.jpg,2026-08-18T13:01:24+00:00
6167027e9859231f,OPIE_Lapi_230620,organized,OK,,1189,1732,425,1040,0.0,0.894,0.89,2.44,3,data/crops/organized/organized_OPIE_Lapi_230620_S1_6167027e9859231f.jpg,2026-08-18T13:01:24+00:00
234b1c3ccf914541,OPIE_Lapi_200720,organized,OK,,2427,1822,508,1292,0.0,0.727,0.929,2.54,3,data/crops/organized/organized_OPIE_Lapi_200720_P2_234b1c3ccf914541.jpg,2026-08-18T13:01:25+00:00
50ccbfbdcf775ea3,OPIE_Lapi_130720b,organized,OK,,2451,1807,442,1130,0.0,0.847,0.936,2.56,2,data/crops/organized/organized_OPIE_Lapi_130720b_P2_50ccbfbdcf775ea3.jpg,2026-08-18T13:01:25+00:00
20a67ee4bcb60719,OPIE_Lapi_230620,organized,OK,,1293,1695,413,1036,0.0,0.83,0.897,2.5,2,data/crops/organized/organized_OPIE_Lapi_230620_S2_20a67ee4bcb60719.jpg,2026-08-18T13:01:26+00:00
98ce8d52e2c0a90f,OPIE_Lapi_200720,organized,OK,,2432,1855,508,1292,0.0,0.786,0.933,2.54,2,data/crops/organized/organized_OPIE_Lapi_200720_P1_98ce8d52e2c0a90f.jpg,2026-08-18T13:01:26+00:00
413edfd0a68aac76,OPIE_Lapi_230620,organized,OK,,1217,1888,374,953,0.0,0.954,0.911,2.55,3,data/crops/organized/organized_OPIE_Lapi_230620_S3_413edfd0a68aac76.jpg,2026-08-18T13:01:27+00:00
a0f03887f3740af8,OPIE_Lapi_130720b,organized,OK,,1398,1675,358,913,0.0,0.981,0.913,2.55,4,data/crops/organized/organized_OPIE_Lapi_130720b_S2_a0f03887f3740af8.jpg,2026-08-18T13:01:27+00:00
0b7e64e3a84570c8,OPIE_Lapi_230620,organized,OK,,2491,1872,475,1173,0.0,0.865,0.942,2.47,1,data/crops/organized/organized_OPIE_Lapi_230620_P2_0b7e64e3a84570c8.jpg,2026-08-18T13:01:28+00:00
97403f44a601837c,OPIE_Lapi_200720,organized,OK,,1323,1977,409,1032,0.0,0.8,0.889,2.52,3,data/crops/organized/organized_OPIE_Lapi_200720_S1_97403f44a601837c.jpg,2026-08-18T13:01:28+00:00
73c10ec942027cee,OPIE_Lapi_130720b,organized,OK,,1293,2008,331,847,0.0,0.993,0.891,2.56,2,data/crops/organized/organized_OPIE_Lapi_130720b_S3_73c10ec942027cee.jpg,2026-08-18T13:01:28+00:00
05ffd89182ab8e9a,OPIE_Lapi_130720b,organized,OK,,1152,1878,331,854,0.0,0.977,0.884,2.58,4,data/crops/organized/organized_OPIE_Lapi_130720b_S1_05ffd89182ab8e9a.jpg,2026-08-18T13:01:29+00:00
1a935472ffed59a5,OPIE_Lapi_230620,organized,OK,,2458,1855,480,1183,0.0,0.848,0.935,2.47,1,data/crops/organized/organized_OPIE_Lapi_230620_P1_1a935472ffed59a5.jpg,2026-08-18T13:01:29+00:00
015c71d8b11daf5a,OPIE_Lapi_200720,organized,OK,,1486,1738,398,996,0.0,0.866,0.893,2.5,3,data/crops/organized/organized_OPIE_Lapi_200720_S3_015c71d8b11daf5a.jpg,2026-08-18T13:01:30+00:00
a75aa265b54c237e,OPIE_Lapi_200720,organized,OK,,1360,2030,382,980,0.0,0.842,0.886,2.57,4,data/crops/organized/organized_OPIE_Lapi_200720_S2_a75aa265b54c237e.jpg,2026-08-18T13:01:30+00:00
3dee7dcf0bf5b89f,OPIE_Lapi_260620,organized,OK,,2399,1924,522,1264,0.0,0.798,0.927,2.42,3,data/crops/organized/organized_OPIE_Lapi_260620_P1_3dee7dcf0bf5b89f.jpg,2026-08-18T13:01:31+00:00
b792edc5659be2c7,OPIE_Lapi_160720b,organized,OK,,1345,1829,406,1043,0.0,0.822,0.86,2.57,5,data/crops/organized/organized_OPIE_Lapi_160720b_S1_b792edc5659be2c7.jpg,2026-08-18T13:01:31+00:00
9ad758933855ef94,OPIE_Lapi_270702,organized,OK,,1195,1992,386,933,0.0,0.927,0.918,2.42,2,data/crops/organized/organized_OPIE_Lapi_270702_S1_9ad758933855ef94.jpg,2026-08-18T13:01:32+00:00
1cb652aef8388dee,OPIE_Lapi_220620b,organized,OK,,1402,1862,410,1000,0.0,0.884,0.889,2.44,4,data/crops/organized/organized_OPIE_Lapi_220620b_S1_1cb652aef8388dee.jpg,2026-08-18T13:01:32+00:00
e68efc823258da42,OPIE_Lapi_070820b,organized,OK,,1335,2109,437,1047,0.0,0.864,0.88,2.4,4,data/crops/organized/organized_OPIE_Lapi_070820b_S1_e68efc823258da42.jpg,2026-08-18T13:01:32+00:00
259ccbb41a1f9769,OPIE_Lapi_290602,organized,OK,,2434,1826,470,1202,0.0,0.911,0.911,2.56,2,data/crops/organized/organized_OPIE_Lapi_290602_P1_259ccbb41a1f9769.jpg,2026-08-18T13:01:33+00:00
c8628b9ca448117c,OPIE_Lapi_260620,organized,OK,,2475,1900,522,1263,0.0,0.847,0.92,2.42,4,data/crops/organized/organized_OPIE_Lapi_260620_P2_c8628b9ca448117c.jpg,2026-08-18T13:01:33+00:00
14a6bb9797446733,OPIE_Lapi_160720b,organized,OK,,1236,2063,409,1055,0.0,0.813,0.891,2.58,4,data/crops/organized/organized_OPIE_Lapi_160720b_S2_14a6bb9797446733.jpg,2026-08-18T13:01:34+00:00
622585186dc3ba4a,OPIE_Lapi_070820b,organized,OK,,1339,1622,409,976,0.0,0.901,0.908,2.38,2,data/crops/organized/organized_OPIE_Lapi_070820b_S3_622585186dc3ba4a.jpg,2026-08-18T13:01:34+00:00
c423a0dbc4455ef3,OPIE_Lapi_270702,organized,OK,,1256,1689,354,850,0.0,0.974,0.918,2.4,3,data/crops/organized/organized_OPIE_Lapi_270702_S2_c423a0dbc4455ef3.jpg,2026-08-18T13:01:34+00:00
c0687d60e3447dd2,OPIE_Lapi_220620b,organized,OK,,1252,2034,390,937,0.0,0.951,0.864,2.4,3,data/crops/organized/organized_OPIE_Lapi_220620b_S2_c0687d60e3447dd2.jpg,2026-08-18T13:01:35+00:00
0534849fc5404d60,OPIE_Lapi_220620b,organized,OK,,1203,1994,382,917,0.0,0.978,0.923,2.4,3,data/crops/organized/organized_OPIE_Lapi_220620b_S3_0534849fc5404d60.jpg,2026-08-18T13:01:35+00:00
218826b8e4453852,OPIE_Lapi_270702,organized,OK,,1282,1727,343,823,0.0,0.977,0.922,2.4,2,data/crops/organized/organized_OPIE_Lapi_270702_S3_218826b8e4453852.jpg,2026-08-18T13:01:36+00:00
f044b3529285643a,OPIE_Lapi_070820b,organized,OK,,1195,1608,429,1012,0.0,0.869,0.9,2.36,2,data/crops/organized/organized_OPIE_Lapi_070820b_S2_f044b3529285643a.jpg,2026-08-18T13:01:36+00:00
6d0c5157e7d73707,OPIE_Lapi_160720b,organized,OK,,1341,1792,409,1059,0.0,0.74,0.913,2.59,4,data/crops/organized/organized_OPIE_Lapi_160720b_S3_6d0c5157e7d73707.jpg,2026-08-18T13:01:37+00:00
90371aac410551dd,OPIE_Lapi_290602,organized,OK,,2444,1902,470,1202,0.0,0.807,0.913,2.56,3,data/crops/organized/organized_OPIE_Lapi_290602_P2_90371aac410551dd.jpg,2026-08-18T13:01:37+00:00
8af3fa62226a1fb3,OPIE_Lapi_220620,organized,OK,,1158,1894,394,984,0.0,0.881,0.897,2.5,4,data/crops/organized/organized_OPIE_Lapi_220620_S1_8af3fa62226a1fb3.jpg,2026-08-18T13:01:37+00:00
de836fde9aea1f5f,OPIE_Lapi_260620b,organized,OK,,2387,1810,352,1116,0.0,0.78,0.924,3.18,1,data/crops/organized/organized_OPIE_Lapi_260620b_P2_de836fde9aea1f5f.jpg,2026-08-18T13:01:38+00:00
a457dad932470860,OPIE_Lapi_220620c,organized,OK,,2432,1831,442,1102,0.0,0.647,0.928,2.49,3,data/crops/organized/organized_OPIE_Lapi_220620c_P1_a457dad932470860.jpg,2026-08-18T13:01:38+00:00
488c2320a7592846,OPIE_Lapi_130720d,organized,OK,,1353,1768,402,980,0.0,0.821,0.881,2.44,2,data/crops/organized/organized_OPIE_Lapi_130720d_S1_488c2320a7592846.jpg,2026-08-18T13:01:39+00:00
e280a076993e64f7,OPIE_Lapi_130720d,organized,OK,,1382,1729,386,953,0.0,0.947,0.89,2.47,6,data/crops/organized/organized_OPIE_Lapi_130720d_S3_e280a076993e64f7.jpg,2026-08-18T13:01:39+00:00
55155adffc578880,OPIE_Lapi_220620,organized,OK,,1311,1738,382,937,0.0,0.962,0.866,2.45,4,data/crops/organized/organized_OPIE_Lapi_220620_S2_55155adffc578880.jpg,2026-08-18T13:01:40+00:00
3fb41d7480a0ed6a,OPIE_Lapi_260620b,organized,OK,,2430,1867,370,1107,0.0,0.984,0.909,2.99,1,data/crops/organized/organized_OPIE_Lapi_260620b_P1_3fb41d7480a0ed6a.jpg,2026-08-18T13:01:40+00:00
e6e849bdc36d4676,OPIE_Lapi_220620c,organized,OK,,2460,1850,442,1112,0.0,0.81,0.942,2.52,2,data/crops/organized/organized_OPIE_Lapi_220620c_P2_e6e849bdc36d4676.jpg,2026-08-18T13:01:41+00:00
03f571709571e202,OPIE_Lapi_220620,organized,OK,,1347,1683,366,898,0.0,0.979,0.867,2.45,3,data/crops/organized/organized_OPIE_Lapi_220620_S3_03f571709571e202.jpg,2026-08-18T13:01:41+00:00
e7c6a288e3ea25fc,OPIE_Lapi_130720d,organized,OK,,1079,1843,394,969,0.0,0.842,0.878,2.46,5,data/crops/organized/organized_OPIE_Lapi_130720d_S2_e7c6a288e3ea25fc.jpg,2026-08-18T13:01:41+00:00
3286d0230a008e77,OPIE_Lapi_110702,organized,OK,,2508,1869,432,1083,0.0,0.891,0.94,2.51,2,data/crops/organized/organized_OPIE_Lapi_110702_P2_3286d0230a008e77.jpg,2026-08-18T13:01:42+00:00
06eb53b4d05372b1,OPIE_Lapi_220620d,organized,OK,,1197,1931,327,850,0.0,0.989,0.898,2.6,4,data/crops/organized/organized_OPIE_Lapi_220620d_S3_06eb53b4d05372b1.jpg,2026-08-18T13:01:42+00:00
2f9a5cc010a5bc70,OPIE_Lapi_240620,organized,OK,,2394,1855,470,1244,0.0,0.888,0.909,2.65,3,data/crops/organized/organized_OPIE_Lapi_240620_P1_2f9a5cc010a5bc70.jpg,2026-08-18T13:01:43+00:00
4273e666ca3bf267,OPIE_Lapi_130720,organized,OK,,2453,1772,532,1325,0.0,0.845,0.932,2.49,2,data/crops/organized/organized_OPIE_Lapi_130720_P1_4273e666ca3bf267.jpg,2026-08-18T13:01:44+00:00
022309ba82e731bc,OPIE_Lapi_220620d,organized,OK,,1449,1801,358,929,0.0,0.969,0.896,2.59,4,data/crops/organized/organized_OPIE_Lapi_220620d_S2_022309ba82e731bc.jpg,2026-08-18T13:01:44+00:00
dd485bd2d093fa7e,OPIE_Lapi_230620b,organized,OK,,2375,1895,446,1083,0.0,0.709,0.937,2.43,2,data/crops/organized/organized_OPIE_Lapi_230620b_P1_dd485bd2d093fa7e.jpg,2026-08-18T13:01:45+00:00
93d223a867aa1ee6,OPIE_Lapi_240620b,organized,OK,,1152,1878,378,941,0.0,0.965,0.882,2.49,5,data/crops/organized/organized_OPIE_Lapi_240620b_S1_93d223a867aa1ee6.jpg,2026-08-18T13:01:45+00:00
3852bf65dcb25c4c,OPIE_Lapi_130720c,organized,OK,,2370,1841,546,1292,0.0,0.844,0.916,2.37,3,data/crops/organized/organized_OPIE_Lapi_130720c_P2_3852bf65dcb25c4c.jpg,2026-08-18T13:01:46+00:00
861b881cd6600ca7,OPIE_Lapi_240620b,organized,OK,,1417,1878,354,874,0.0,0.968,0.882,2.47,3,data/crops/organized/organized_OPIE_Lapi_240620b_S3_861b881cd6600ca7.jpg,2026-08-18T13:01:46+00:00
786c3009835c6874,OPIE_Lapi_110702,organized,OK,,2430,1872,428,1097,0.0,0.904,0.938,2.57,2,data/crops/organized/organized_OPIE_Lapi_110702_P1_786c3009835c6874.jpg,2026-08-18T13:01:47+00:00
9d5dc9a0297c3903,OPIE_Lapi_240620,organized,OK,,2453,1784,470,1249,0.0,0.902,0.912,2.66,2,data/crops/organized/organized_OPIE_Lapi_240620_P2_9d5dc9a0297c3903.jpg,2026-08-18T13:01:47+00:00
1a08091024d8bf04,OPIE_Lapi_130720,organized,OK,,2437,1841,546,1320,0.0,0.758,0.932,2.42,3,data/crops/organized/organized_OPIE_Lapi_130720_P2_1a08091024d8bf04.jpg,2026-08-18T13:01:48+00:00
87d2ef975efec55a,OPIE_Lapi_220620d,organized,OK,,1323,2225,354,921,0.0,0.98,0.912,2.6,4,data/crops/organized/organized_OPIE_Lapi_220620d_S1_87d2ef975efec55a.jpg,2026-08-18T13:01:48+00:00
367baa0dd7fc371c,OPIE_Lapi_230620b,organized,OK,,2384,1886,446,1092,0.0,0.727,0.926,2.45,1,data/crops/organized/organized_OPIE_Lapi_230620b_P2_367baa0dd7fc371c.jpg,2026-08-18T13:01:49+00:00
b64713e7eb15f543,OPIE_Lapi_240620b,organized,OK,,1307,1935,366,906,0.0,0.988,0.879,2.47,4,data/crops/organized/organized_OPIE_Lapi_240620b_S2_b64713e7eb15f543.jpg,2026-08-18T13:01:49+00:00
fb559a0c04786643,OPIE_Lapi_130720c,organized,OK,,2401,1819,551,1278,0.0,0.817,0.918,2.32,1,data/crops/organized/organized_OPIE_Lapi_130720c_P1_fb559a0c04786643.jpg,2026-08-18T13:01:50+00:00
0d6da1cbb2cf88d9,ABAURA8885b,organized,OK,,1006,1839,425,807,0.0,0.955,0.853,1.9,6,data/crops/organized/organized_ABAURA8885b_S2_0d6da1cbb2cf88d9.jpg,2026-08-18T13:01:50+00:00
8b197b23240b523d,ATBI_GR5,organized,OK,,1162,1770,398,945,0.0,0.953,0.913,2.38,2,data/crops/organized/organized_ATBI_GR5_S3_8b197b23240b523d.jpg,2026-08-18T13:01:51+00:00
4abae4b732019c6e,FR04ABOM220722057,organized,OK,,2422,1765,489,1159,0.0,0.897,0.923,2.37,1,data/crops/organized/organized_FR04ABOM220722057_P2_4abae4b732019c6e.jpg,2026-08-18T13:01:52+00:00
f1d9b04ad485897c,ABAURA8602,organized,OK,,2449,1791,171,337,0.0,0.558,0.874,1.97,2,data/crops/organized/organized_ABAURA8602_P2_f1d9b04ad485897c.jpg,2026-08-18T13:01:52+00:00
c53d799e70b31e75,FR05ABOM220722023,organized,OK,,1256,2128,398,866,0.0,0.984,0.887,2.18,2,data/crops/organized/organized_FR05ABOM220722023_S3_c53d799e70b31e75.jpg,2026-08-18T13:01:52+00:00
65086bab3fa4586e,FR05ABOM220722023,organized,OK,,1479,2016,402,870,0.0,0.976,0.873,2.17,2,data/crops/organized/organized_FR05ABOM220722023_S2_65086bab3fa4586e.jpg,2026-08-18T13:01:53+00:00
f2c15175bc3339bd,ATBI_GR5,organized,OK,,1291,1786,406,929,0.0,0.848,0.916,2.29,2,data/crops/organized/organized_ATBI_GR5_S2_f2c15175bc3339bd.jpg,2026-08-18T13:01:53+00:00
255ff8f2bed6d351,ABAURA8885b,organized,OK,,953,1855,441,819,0.0,0.937,0.85,1.86,5,data/crops/organized/organized_ABAURA8885b_S3_255ff8f2bed6d351.jpg,2026-08-18T13:01:54+00:00
7f2248f80825e701,ABAURA8885b,organized,OK,,1150,1809,476,874,0.0,0.974,0.851,1.83,5,data/crops/organized/organized_ABAURA8885b_S1_7f2248f80825e701.jpg,2026-08-18T13:01:54+00:00
4eb6186c40a47f22,FR04ABOM220722057,organized,OK,,2387,1757,484,1154,0.0,0.857,0.923,2.38,1,data/crops/organized/organized_FR04ABOM220722057_P1_4eb6186c40a47f22.jpg,2026-08-18T13:01:55+00:00
09f9103df5fbb3a5,ABAURA8602,organized,SUSPECT,,2206,2016,584,689,0.0,0.409,0.531,1.18,4,data/crops/organized/organized_ABAURA8602_P1_09f9103df5fbb3a5.jpg,2026-08-18T13:01:55+00:00
8563ab410df359cb,FR05ABOM220722023,organized,OK,,1457,2095,402,882,0.0,0.882,0.882,2.2,2,data/crops/organized/organized_FR05ABOM220722023_S1_8563ab410df359cb.jpg,2026-08-18T13:01:56+00:00
90e80e2a9da1eb93,ATBI_GR5,organized,OK,,1187,1612,429,988,0.0,0.908,0.889,2.3,1,data/crops/organized/organized_ATBI_GR5_S1_90e80e2a9da1eb93.jpg,2026-08-18T13:01:56+00:00
b394d9be53634009,FR04ABOM220722050,organized,OK,,1423,2114,394,894,0.0,0.978,0.873,2.27,2,data/crops/organized/organized_FR04ABOM220722050_S1_b394d9be53634009.jpg,2026-08-18T13:01:57+00:00
cb3ab6df982d3e81,FR04ABOM220722055,organized,OK,,2427,1703,489,1130,0.0,0.808,0.926,2.31,1,data/crops/organized/organized_FR04ABOM220722055_P1_cb3ab6df982d3e81.jpg,2026-08-18T13:01:57+00:00
c9dd7d0425a86283,FR05ABOM220722024,organized,OK,,2544,1762,456,1069,0.0,0.644,0.941,2.34,1,data/crops/organized/organized_FR05ABOM220722024_P1_c9dd7d0425a86283.jpg,2026-08-18T13:01:58+00:00
ae8db4cf8e0f2c5a,ABAURA8852,organized,OK,,2456,1703,147,323,0.0,0.852,0.906,2.19,3,data/crops/organized/organized_ABAURA8852_P1_ae8db4cf8e0f2c5a.jpg,2026-08-18T13:01:58+00:00
ed177e7fc6be63fd,FR05ABOM220722028,organized,OK,,2434,1712,480,1031,0.0,0.768,0.919,2.15,1,data/crops/organized/organized_FR05ABOM220722028_P1_ed177e7fc6be63fd.jpg,2026-08-18T13:01:59+00:00
4b148cf1697eae41,FR04ABOM220722050,organized,OK,,1416,2091,402,925,0.0,0.973,0.882,2.3,2,data/crops/organized/organized_FR04ABOM220722050_S2_4b148cf1697eae41.jpg,2026-08-18T13:01:59+00:00
861427e1f8a0b716,FR04ABOM220722055,organized,OK,,2463,1760,489,1116,0.0,0.867,0.93,2.28,1,data/crops/organized/organized_FR04ABOM220722055_P2_861427e1f8a0b716.jpg,2026-08-18T13:02:00+00:00
eb18b8aa2c761c65,FR05ABOM220722024,organized,OK,,2437,1731,451,1036,0.0,0.741,0.944,2.29,1,data/crops/organized/organized_FR05ABOM220722024_P2_eb18b8aa2c761c65.jpg,2026-08-18T13:02:00+00:00
9f543fc7ec1fd2ab,ABAURA8852,organized,OK,,2470,1746,147,332,0.0,0.857,0.914,2.26,3,data/crops/organized/organized_ABAURA8852_P2_9f543fc7ec1fd2ab.jpg,2026-08-18T13:02:01+00:00
39b918043d502132,FR04ABOM220722050,organized,OK,,1484,2046,390,882,0.0,0.961,0.868,2.26,2,data/crops/organized/organized_FR04ABOM220722050_S3_39b918043d502132.jpg,2026-08-18T13:02:01+00:00
bd2b9baa4c189a66,FR05ABOM220722028,organized,OK,,2437,1731,470,1016,0.0,0.865,0.928,2.16,1,data/crops/organized/organized_FR05ABOM220722028_P2_bd2b9baa4c189a66.jpg,2026-08-18T13:02:02+00:00
7c58990448377e5b,FR05ABOM220722025,organized,OK,,1374,2046,406,921,0.0,0.667,0.903,2.27,3,data/crops/organized/organized_FR05ABOM220722025_S1_7c58990448377e5b.jpg,2026-08-18T13:02:02+00:00
0160c6005b0ea7ae,FR04ABOM220722051,organized,OK,,2574,1715,437,1064,0.0,0.734,0.916,2.43,1,data/crops/organized/organized_FR04ABOM220722051_P1_0160c6005b0ea7ae.jpg,2026-08-18T13:02:03+00:00
5cec96929b57f874,ABAURA8885d,organized,OK,,1336,1940,376,907,10.784,0.947,0.903,2.41,3,data/crops/organized/organized_ABAURA8885d_S1_5cec96929b57f874.jpg,2026-08-18T13:02:03+00:00
cd9124b5dd7dfa2c,FR04ABOM220722054,organized,OK,,1512,1914,394,945,0.0,0.958,0.909,2.4,4,data/crops/organized/organized_FR04ABOM220722054_S1_cd9124b5dd7dfa2c.jpg,2026-08-18T13:02:04+00:00
b18a5fabbbe15b3d,FR04ABOM220722054,organized,OK,,1270,1961,370,910,0.0,0.967,0.918,2.46,3,data/crops/organized/organized_FR04ABOM220722054_S3_b18a5fabbbe15b3d.jpg,2026-08-18T13:02:04+00:00
ceb4a8f8dd34ab68,FR05ABOM220722025,organized,OK,,1140,1991,897,425,-6.399,0.719,0.896,2.11,1,data/crops/organized/organized_FR05ABOM220722025_S2_ceb4a8f8dd34ab68.jpg,2026-08-18T13:02:05+00:00
9c13680b68f9ed55,ABAURA8885d,organized,OK,,1276,1955,340,823,9.866,0.961,0.906,2.42,4,data/crops/organized/organized_ABAURA8885d_S3_9c13680b68f9ed55.jpg,2026-08-18T13:02:05+00:00
c3ebd4f6b0feebea,FR04ABOM220722051,organized,OK,,2577,1788,442,1040,0.0,0.899,0.95,2.35,1,data/crops/organized/organized_FR04ABOM220722051_P2_c3ebd4f6b0feebea.jpg,2026-08-18T13:02:06+00:00
5afa0a3552ad7a5d,ABAURA8885d,organized,OK,,1321,1872,350,815,0.0,0.95,0.908,2.33,4,data/crops/organized/organized_ABAURA8885d_S2_5afa0a3552ad7a5d.jpg,2026-08-18T13:02:06+00:00
86a0ef0738650b6d,FR05ABOM220722025,organized,OK,,1228,1921,859,427,-6.633,0.865,0.904,2.01,2,data/crops/organized/organized_FR05ABOM220722025_S3_86a0ef0738650b6d.jpg,2026-08-18T13:02:07+00:00
5f2e57ef28529a10,FR04ABOM220722054,organized,OK,,1402,1819,386,945,0.0,0.899,0.885,2.45,4,data/crops/organized/organized_FR04ABOM220722054_S2_5f2e57ef28529a10.jpg,2026-08-18T13:02:07+00:00
3dfdef470851b40f,FR73ABOM120722025,organized,OK,,2506,1660,404,993,0.0,0.842,0.922,2.46,1,data/crops/organized/organized_FR73ABOM120722025_P1_3dfdef470851b40f.jpg,2026-08-18T13:02:08+00:00
c8b221d70e8456e3,ABAURA8595,organized,OK,,2399,1784,138,342,0.0,0.487,0.906,2.48,1,data/crops/organized/organized_ABAURA8595_P2_c8b221d70e8456e3.jpg,2026-08-18T13:02:08+00:00
24d2db6cb4ceff7b,CD388018b,organized,OK,,2482,1774,138,337,0.0,0.365,0.911,2.45,1,data/crops/organized/organized_CD388018b_P1_24d2db6cb4ceff7b.jpg,2026-08-18T13:02:09+00:00
29d09f818018d5cb,CD388018,organized,OK,,2475,1798,147,342,0.0,0.68,0.899,2.32,1,data/crops/organized/organized_CD388018_P2_29d09f818018d5cb.jpg,2026-08-18T13:02:10+00:00
339a8bca4b05b9e6,ABAURA8885c,organized,OK,,2441,1775,149,353,8.13,0.557,0.93,2.36,4,data/crops/organized/organized_ABAURA8885c_P2_339a8bca4b05b9e6.jpg,2026-08-18T13:02:10+00:00
98aa175863b4705e,ABAURA8204,organized,OK,,978,1713,346,776,0.0,0.932,0.865,2.24,3,data/crops/organized/organized_ABAURA8204_S1_98aa175863b4705e.jpg,2026-08-18T13:02:11+00:00
3019083862a86ee4,ABAURA8204,organized,OK,,1122,1849,287,638,0.0,0.985,0.922,2.22,3,data/crops/organized/organized_ABAURA8204_S3_3019083862a86ee4.jpg,2026-08-18T13:02:11+00:00
99dff70463ecb500,FR73ABOM120722025,organized,OK,,2489,1655,404,978,0.0,0.868,0.935,2.42,1,data/crops/organized/organized_FR73ABOM120722025_P2_99dff70463ecb500.jpg,2026-08-18T13:02:12+00:00
cc6283d672e01eca,ABAURA8595,organized,OK,,2420,1781,142,356,0.0,0.404,0.925,2.5,1,data/crops/organized/organized_ABAURA8595_P1_cc6283d672e01eca.jpg,2026-08-18T13:02:12+00:00
0a376ff8115736fc,CD388018b,organized,OK,,2503,1803,138,332,0.0,0.66,0.917,2.41,2,data/crops/organized/organized_CD388018b_P2_0a376ff8115736fc.jpg,2026-08-18T13:02:13+00:00
63797934e696c115,CD388018,organized,OK,,2446,1776,142,352,0.0,0.539,0.893,2.47,2,data/crops/organized/organized_CD388018_P1_63797934e696c115.jpg,2026-08-18T13:02:13+00:00
cb393915445f9c59,ABAURA8885c,organized,OK,,2426,1783,146,341,14.036,0.532,0.893,2.33,5,data/crops/organized/organized_ABAURA8885c_P1_cb393915445f9c59.jpg,2026-08-18T13:02:14+00:00
5cefb93b28982737,ABAURA8204,organized,OK,,1150,2046,287,646,0.0,0.977,0.878,2.25,5,data/crops/organized/organized_ABAURA8204_S2_5cefb93b28982737.jpg,2026-08-18T13:02:15+00:00
cc3450a317353b75,FR73ABOM120722025,organized,OK,,1463,1912,350,839,0.0,0.963,0.877,2.39,3,data/crops/organized/organized_FR73ABOM120722025_S2_cc3450a317353b75.jpg,2026-08-18T13:02:15+00:00
b6360f3d33317ed6,ABAURA8595,organized,OK,,976,1449,386,874,0.0,0.89,0.928,2.27,2,data/crops/organized/organized_ABAURA8595_S1_b6360f3d33317ed6.jpg,2026-08-18T13:02:16+00:00
55e8f3344323344c,CD388018b,organized,OK,,1118,1835,354,843,0.0,0.954,0.88,2.38,2,data/crops/organized/organized_CD388018b_S3_55e8f3344323344c.jpg,2026-08-18T13:02:16+00:00
d030c718d516727f,CD388018b,organized,OK,,1116,1705,354,862,0.0,0.95,0.87,2.43,2,data/crops/organized/organized_CD388018b_S2_d030c718d516727f.jpg,2026-08-18T13:02:17+00:00
c79381a77f8582b6,CD388018,organized,OK,,1181,1685,386,945,0.0,0.973,0.913,2.45,6,data/crops/organized/organized_CD388018_S1_c79381a77f8582b6.jpg,2026-08-18T13:02:17+00:00
3fc0e06fb0673f18,ABAURA8885c,organized,OK,,1060,1812,339,870,17.103,0.95,0.891,2.57,5,data/crops/organized/organized_ABAURA8885c_S1_3fc0e06fb0673f18.jpg,2026-08-18T13:02:18+00:00
97b60b910ead0e17,FR73ABOM120722025,organized,OK,,1459,1803,339,823,0.0,0.939,0.864,2.43,3,data/crops/organized/organized_FR73ABOM120722025_S3_97b60b910ead0e17.jpg,2026-08-18T13:02:18+00:00
ac194a1ab663df2f,ABAURA8204,organized,OK,,2415,1850,128,290,0.0,0.723,0.806,2.26,2,data/crops/organized/organized_ABAURA8204_P2_ac194a1ab663df2f.jpg,2026-08-18T13:02:19+00:00
cc3c22195821b1bd,FR73ABOM120722025,organized,OK,,1059,1669,346,850,0.0,0.957,0.889,2.45,2,data/crops/organized/organized_FR73ABOM120722025_S1_cc3c22195821b1bd.jpg,2026-08-18T13:02:20+00:00
1aed8c5844c910a7,ABAURA8595,organized,OK,,1219,1782,390,902,0.0,0.957,0.903,2.31,4,data/crops/organized/organized_ABAURA8595_S2_1aed8c5844c910a7.jpg,2026-08-18T13:02:20+00:00
7efd0495d606a03f,ABAURA8885c,organized,OK,,1079,2004,326,832,13.241,0.935,0.912,2.56,6,data/crops/organized/organized_ABAURA8885c_S3_7efd0495d606a03f.jpg,2026-08-18T13:02:21+00:00
3bafe5bf0d302bcd,CD388018,organized,OK,,1122,1795,354,866,0.0,0.958,0.888,2.44,3,data/crops/organized/organized_CD388018_S3_3bafe5bf0d302bcd.jpg,2026-08-18T13:02:22+00:00
7471b7c9491be95c,CD388018b,organized,OK,,986,1634,378,886,0.0,0.969,0.872,2.34,2,data/crops/organized/organized_CD388018b_S1_7471b7c9491be95c.jpg,2026-08-18T13:02:22+00:00
84d8414777cb4e9d,CD388018,organized,OK,,1122,1780,354,866,0.0,0.983,0.886,2.44,2,data/crops/organized/organized_CD388018_S2_84d8414777cb4e9d.jpg,2026-08-18T13:02:23+00:00
be7354aa98ccbb87,ABAURA8885c,organized,OK,,1126,1945,394,835,0.0,0.868,0.86,2.12,9,data/crops/organized/organized_ABAURA8885c_S2_be7354aa98ccbb87.jpg,2026-08-18T13:02:23+00:00
d285ba04da44a47e,ABAURA8595,organized,OK,,1067,1760,409,953,0.0,0.913,0.879,2.33,4,data/crops/organized/organized_ABAURA8595_S3_d285ba04da44a47e.jpg,2026-08-18T13:02:24+00:00
adc9375a1f881f83,ABAURA8204,organized,OK,,2422,1890,124,276,0.0,0.475,0.826,2.23,2,data/crops/organized/organized_ABAURA8204_P1_adc9375a1f881f83.jpg,2026-08-18T13:02:24+00:00
716704158b41aa1f,FR05ABOM220722025,organized,OK,,2475,1779,527,1092,0.0,0.653,0.936,2.07,1,data/crops/organized/organized_FR05ABOM220722025_P2_716704158b41aa1f.jpg,2026-08-18T13:02:25+00:00
b3cbefe700b993ab,FR04ABOM220722051,organized,OK,,1087,1876,358,843,0.0,0.982,0.921,2.35,3,data/crops/organized/organized_FR04ABOM220722051_S3_b3cbefe700b993ab.jpg,2026-08-18T13:02:26+00:00
bb26c361622cb5dc,FR04ABOM220722051,organized,OK,,1126,1748,370,858,0.0,0.982,0.916,2.32,4,data/crops/organized/organized_FR04ABOM220722051_S2_bb26c361622cb5dc.jpg,2026-08-18T13:02:26+00:00
40da3e1cacb8c316,ABAURA8885d,organized,OK,,2458,1767,142,337,0.0,0.521,0.905,2.37,3,data/crops/organized/organized_ABAURA8885d_P2_40da3e1cacb8c316.jpg,2026-08-18T13:02:27+00:00
c7cc7e4683a20759,FR04ABOM220722054,organized,OK,,2439,1682,437,1088,0.0,0.858,0.932,2.49,1,data/crops/organized/organized_FR04ABOM220722054_P2_c7cc7e4683a20759.jpg,2026-08-18T13:02:28+00:00
e886ab3b756cdabb,FR05ABOM220722025,organized,OK,,2536,1814,541,1073,0.0,0.709,0.915,1.98,1,data/crops/organized/organized_FR05ABOM220722025_P1_e886ab3b756cdabb.jpg,2026-08-18T13:02:28+00:00
6c7d65822944679a,FR04ABOM220722051,organized,OK,,1207,1673,394,878,0.0,0.916,0.904,2.23,2,data/crops/organized/organized_FR04ABOM220722051_S1_6c7d65822944679a.jpg,2026-08-18T13:02:29+00:00
0c1aa712dbb9b9f0,ABAURA8885d,organized,OK,,2451,1750,138,332,0.0,0.402,0.901,2.41,2,data/crops/organized/organized_ABAURA8885d_P1_0c1aa712dbb9b9f0.jpg,2026-08-18T13:02:29+00:00
c93976c44a2a03b0,FR04ABOM220722054,organized,OK,,2494,1677,437,1102,0.0,0.905,0.94,2.52,1,data/crops/organized/organized_FR04ABOM220722054_P1_c93976c44a2a03b0.jpg,2026-08-18T13:02:30+00:00
846fb995111ab07e,FR05ABOM220722028,organized,OK,,1232,1894,417,866,0.0,0.952,0.894,2.08,2,data/crops/organized/organized_FR05ABOM220722028_S3_846fb995111ab07e.jpg,2026-08-18T13:02:31+00:00
c464caf691f260c1,FR04ABOM220722050,organized,OK,,2460,1724,466,1083,0.0,0.823,0.93,2.33,1,data/crops/organized/organized_FR04ABOM220722050_P2_c464caf691f260c1.jpg,2026-08-18T13:02:32+00:00
0781324999d4c2fd,FR04ABOM220722055,organized,OK,,1370,1896,406,945,0.0,0.94,0.89,2.33,2,data/crops/organized/organized_FR04ABOM220722055_S2_0781324999d4c2fd.jpg,2026-08-18T13:02:32+00:00
14a593f59a1a820c,ABAURA8852,organized,OK,,1091,1825,354,814,6.009,0.964,0.902,2.3,4,data/crops/organized/organized_ABAURA8852_S3_14a593f59a1a820c.jpg,2026-08-18T13:02:33+00:00
74ff6df3895c4c7e,FR05ABOM220722024,organized,OK,,1280,2016,394,921,0.0,0.882,0.908,2.34,2,data/crops/organized/organized_FR05ABOM220722024_S3_74ff6df3895c4c7e.jpg,2026-08-18T13:02:33+00:00
254f1cce585dea00,FR05ABOM220722024,organized,OK,,1437,1825,413,953,0.0,0.915,0.91,2.3,2,data/crops/organized/organized_FR05ABOM220722024_S2_254f1cce585dea00.jpg,2026-08-18T13:02:34+00:00
e515d2db3b7b25bc,ABAURA8852,organized,OK,,1292,1910,364,845,12.995,0.97,0.881,2.32,3,data/crops/organized/organized_ABAURA8852_S2_e515d2db3b7b25bc.jpg,2026-08-18T13:02:35+00:00
648062abd24b3af3,FR04ABOM220722055,organized,OK,,1382,1744,441,984,0.0,0.873,0.886,2.23,1,data/crops/organized/organized_FR04ABOM220722055_S3_648062abd24b3af3.jpg,2026-08-18T13:02:35+00:00
1df7f76c5678406f,FR05ABOM220722028,organized,OK,,1232,1959,421,874,0.0,0.91,0.907,2.07,2,data/crops/organized/organized_FR05ABOM220722028_S2_1df7f76c5678406f.jpg,2026-08-18T13:02:36+00:00
21a4804456aaa18a,FR04ABOM220722050,organized,OK,,2475,1812,470,1092,0.0,0.673,0.924,2.32,1,data/crops/organized/organized_FR04ABOM220722050_P1_21a4804456aaa18a.jpg,2026-08-18T13:02:37+00:00
5f3e2e7cff854e73,FR04ABOM220722055,organized,OK,,1331,1902,402,921,0.0,0.928,0.897,2.29,2,data/crops/organized/organized_FR04ABOM220722055_S1_5f3e2e7cff854e73.jpg,2026-08-18T13:02:37+00:00
34485cea024cef70,FR05ABOM220722024,organized,OK,,1455,1823,409,910,0.0,0.796,0.886,2.22,2,data/crops/organized/organized_FR05ABOM220722024_S1_34485cea024cef70.jpg,2026-08-18T13:02:38+00:00
42a544ebd0549803,ABAURA8852,organized,OK,,1146,1819,409,978,6.34,0.898,0.889,2.39,3,data/crops/organized/organized_ABAURA8852_S1_42a544ebd0549803.jpg,2026-08-18T13:02:39+00:00
16d4b51e70ff4149,FR05ABOM220722028,organized,OK,,1154,1947,429,921,0.0,0.828,0.891,2.15,2,data/crops/organized/organized_FR05ABOM220722028_S1_16d4b51e70ff4149.jpg,2026-08-18T13:02:39+00:00
2c728e64575ee400,ABAURA8885b,organized,OK,,2434,1812,176,366,0.0,0.596,0.867,2.08,6,data/crops/organized/organized_ABAURA8885b_P1_2c728e64575ee400.jpg,2026-08-18T13:02:40+00:00
7ea37986a20ad608,FR04ABOM220722057,organized,OK,,1494,2059,433,1004,0.0,0.856,0.884,2.32,2,data/crops/organized/organized_FR04ABOM220722057_S1_7ea37986a20ad608.jpg,2026-08-18T13:02:41+00:00
e02cb9550da6282b,ABAURA8602,organized,OK,,1051,1697,386,929,0.0,0.906,0.903,2.41,4,data/crops/organized/organized_ABAURA8602_S1_e02cb9550da6282b.jpg,2026-08-18T13:02:41+00:00
bb0b38658221de13,FR05ABOM220722023,organized,OK,,2510,1805,446,983,0.0,0.978,0.907,2.2,1,data/crops/organized/organized_FR05ABOM220722023_P1_bb0b38658221de13.jpg,2026-08-18T13:02:42+00:00
c70c050738a6fc7d,ATBI_GR5,organized,OK,,2489,1781,142,342,0.0,0.469,0.936,2.4,1,data/crops/organized/organized_ATBI_GR5_P1_c70c050738a6fc7d.jpg,2026-08-18T13:02:43+00:00
ee5cb97a1e4aa2af,ABAURA8885b,organized,OK,,2456,1969,195,314,0.0,0.51,0.799,1.61,6,data/crops/organized/organized_ABAURA8885b_P2_ee5cb97a1e4aa2af.jpg,2026-08-18T13:02:43+00:00
fccd5e2735cd6428,FR04ABOM220722057,organized,OK,,1274,2028,425,1004,0.0,0.839,0.886,2.36,2,data/crops/organized/organized_FR04ABOM220722057_S2_fccd5e2735cd6428.jpg,2026-08-18T13:02:44+00:00
2a626ee4bfe6f8cf,ABAURA8602,organized,OK,,1134,1898,394,929,0.0,0.966,0.893,2.36,2,data/crops/organized/organized_ABAURA8602_S2_2a626ee4bfe6f8cf.jpg,2026-08-18T13:02:45+00:00
29e04eb2491bc5a5,ABAURA8602,organized,OK,,1051,1750,382,898,0.0,0.934,0.896,2.35,2,data/crops/organized/organized_ABAURA8602_S3_29e04eb2491bc5a5.jpg,2026-08-18T13:02:46+00:00
470d7336599841ee,FR05ABOM220722023,organized,OK,,2456,1760,442,1007,0.0,0.932,0.943,2.28,1,data/crops/organized/organized_FR05ABOM220722023_P2_470d7336599841ee.jpg,2026-08-18T13:02:46+00:00
a517a873dc59d377,ATBI_GR5,organized,OK,,2460,1810,142,332,0.0,0.69,0.913,2.33,1,data/crops/organized/organized_ATBI_GR5_P2_a517a873dc59d377.jpg,2026-08-18T13:02:47+00:00
b7d66a0c31567d38,FR04ABOM220722057,organized,OK,,1412,2028,433,1004,0.0,0.856,0.878,2.32,2,data/crops/organized/organized_FR04ABOM220722057_S3_b7d66a0c31567d38.jpg,2026-08-18T13:02:48+00:00
658c941ebcc9d48b,ABAURA8205,organized,OK,,2451,1760,119,285,0.0,0.388,0.87,2.4,1,data/crops/organized/organized_ABAURA8205_P1_658c941ebcc9d48b.jpg,2026-08-18T13:02:48+00:00
39134143cf21dd58,POLLINIS4402,organized,OK,,1061,1689,315,673,0.0,0.985,0.881,2.14,2,data/crops/organized/organized_POLLINIS4402_S2_39134143cf21dd58.jpg,2026-08-18T13:02:49+00:00
fedf9ef475ea398d,ABAURA8852b,organized,OK,,2477,1810,162,356,0.0,0.674,0.895,2.21,1,data/crops/organized/organized_ABAURA8852b_P1_fedf9ef475ea398d.jpg,2026-08-18T13:02:50+00:00
3de239da37fbc588,POLLINIS4402,organized,OK,,1083,1699,311,654,0.0,0.986,0.859,2.1,3,data/crops/organized/organized_POLLINIS4402_S3_3de239da37fbc588.jpg,2026-08-18T13:02:51+00:00
ba740f2432ce1ad2,POLLINIS4402,organized,OK,,1177,1709,339,693,0.0,0.984,0.885,2.05,3,data/crops/organized/organized_POLLINIS4402_S1_ba740f2432ce1ad2.jpg,2026-08-18T13:02:51+00:00
b61e1fcc8be43cf8,ABAURA8205,organized,OK,,2470,1758,124,276,0.0,0.31,0.855,2.23,1,data/crops/organized/organized_ABAURA8205_P2_b61e1fcc8be43cf8.jpg,2026-08-18T13:02:52+00:00
11d6519e475f2560,ABAURA8852b,organized,OK,,2453,1788,166,375,0.0,0.714,0.905,2.26,1,data/crops/organized/organized_ABAURA8852b_P2_11d6519e475f2560.jpg,2026-08-18T13:02:53+00:00
f83f1beb83561601,ABAURA8205b,organized,OK,,2456,1784,138,304,0.0,0.745,0.887,2.21,2,data/crops/organized/organized_ABAURA8205b_P2_f83f1beb83561601.jpg,2026-08-18T13:02:53+00:00
75b24819e23cd766,ABAURA4904,organized,OK,,1179,1662,417,878,0.0,0.87,0.913,2.1,2,data/crops/organized/organized_ABAURA4904_S1_75b24819e23cd766.jpg,2026-08-18T13:02:54+00:00
57327a48f30619c5,POLLINIS4455,organized,OK,,1165,1949,315,740,0.0,0.923,0.903,2.35,3,data/crops/organized/organized_POLLINIS4455_S1_57327a48f30619c5.jpg,2026-08-18T13:02:55+00:00
11fdc81eb7fe0067,ABAURA8150b,organized,OK,,1262,1918,417,894,0.0,0.906,0.923,2.14,2,data/crops/organized/organized_ABAURA8150b_S1_11fdc81eb7fe0067.jpg,2026-08-18T13:02:55+00:00
db1fe3f70cb48f80,ABAURA8150b,organized,OK,,1227,2008,331,713,0.0,0.944,0.912,2.15,3,data/crops/organized/organized_ABAURA8150b_S3_db1fe3f70cb48f80.jpg,2026-08-18T13:02:56+00:00
b9e29411909bfaa0,ABAURA4904,organized,OK,,1077,1685,362,768,0.0,0.971,0.9,2.12,3,data/crops/organized/organized_ABAURA4904_S3_b9e29411909bfaa0.jpg,2026-08-18T13:02:57+00:00
0364e7151bf10036,POLLINIS4455,organized,OK,,1181,2203,287,693,0.0,0.955,0.914,2.41,2,data/crops/organized/organized_POLLINIS4455_S3_0364e7151bf10036.jpg,2026-08-18T13:02:57+00:00
57594cb4054693b0,ABAURA8205b,organized,OK,,2444,1772,133,299,0.0,0.881,0.884,2.25,1,data/crops/organized/organized_ABAURA8205b_P1_57594cb4054693b0.jpg,2026-08-18T13:02:58+00:00
058dd31c9125a23e,POLLINIS4455,organized,OK,,1217,1849,295,724,0.0,0.967,0.916,2.45,3,data/crops/organized/organized_POLLINIS4455_S2_058dd31c9125a23e.jpg,2026-08-18T13:02:59+00:00
93be0729b658226a,ABAURA4904,organized,OK,,1179,1630,386,807,0.0,0.944,0.875,2.09,3,data/crops/organized/organized_ABAURA4904_S2_93be0729b658226a.jpg,2026-08-18T13:02:59+00:00
81ae3fd8772bcc60,ABAURA8150b,organized,OK,,1169,2000,331,709,0.0,0.978,0.894,2.14,2,data/crops/organized/organized_ABAURA8150b_S2_81ae3fd8772bcc60.jpg,2026-08-18T13:03:00+00:00
01ed70b576f9f7db,ABAURA4923b,organized,OK,,1104,2181,362,831,0.0,0.964,0.91,2.29,2,data/crops/organized/organized_ABAURA4923b_S3_01ed70b576f9f7db.jpg,2026-08-18T13:03:01+00:00
cee4a8e4e9ad3064,CD387766b,organized,OK,,1093,1817,335,815,0.0,0.914,0.894,2.44,3,data/crops/organized/organized_CD387766b_S1_cee4a8e4e9ad3064.jpg,2026-08-18T13:03:01+00:00
318197fb93316e4e,ABAURA8205c,organized,OK,,1227,1689,354,878,0.0,0.973,0.892,2.48,5,data/crops/organized/organized_ABAURA8205c_S2_318197fb93316e4e.jpg,2026-08-18T13:03:02+00:00
9b72421d0cffd340,VAN-2019.00795,organized,OK,,2430,1776,133,347,0.0,0.703,0.872,2.61,3,data/crops/organized/organized_VAN-2019.00795_P1_9b72421d0cffd340.jpg,2026-08-18T13:03:03+00:00
b48d1148e6e417f3,2020.00377,organized,OK,,984,1742,374,661,0.0,0.96,0.889,1.77,3,data/crops/organized/organized_2020.00377_S3_b48d1148e6e417f3.jpg,2026-08-18T13:03:04+00:00
34c6c05404d124e2,2020.00377,organized,OK,,1099,1772,370,709,0.0,0.676,0.897,1.91,6,data/crops/organized/organized_2020.00377_S2_34c6c05404d124e2.jpg,2026-08-18T13:03:05+00:00
d96cabd12609cd22,ABAURA4936,organized,OK,,1333,2075,331,823,0.0,0.938,0.907,2.49,3,data/crops/organized/organized_ABAURA4936_S1_d96cabd12609cd22.jpg,2026-08-18T13:03:06+00:00
d329f9c0463e41bf,ABAURA8205c,organized,OK,,1236,1581,350,858,0.0,0.984,0.912,2.45,6,data/crops/organized/organized_ABAURA8205c_S3_d329f9c0463e41bf.jpg,2026-08-18T13:03:07+00:00
ed8e3393b98a0803,ABAURA4928,organized,OK,,1371,2106,338,726,1.45,0.983,0.886,2.15,2,data/crops/organized/organized_ABAURA4928_S1_ed8e3393b98a0803.jpg,2026-08-18T13:03:07+00:00
c13c561d9b710b4a,ABAURA4923b,organized,OK,,1211,1977,378,862,0.0,0.97,0.91,2.28,2,data/crops/organized/organized_ABAURA4923b_S2_c13c561d9b710b4a.jpg,2026-08-18T13:03:08+00:00
d5ca45463c3563b8,ABAURA4928,organized,OK,,1286,2110,346,736,0.0,0.982,0.892,2.13,3,data/crops/organized/organized_ABAURA4928_S3_d5ca45463c3563b8.jpg,2026-08-18T13:03:09+00:00
c68992e9528d989a,CD387766b,organized,OK,,1053,1906,362,736,0.0,0.988,0.907,2.03,2,data/crops/organized/organized_CD387766b_S2_c68992e9528d989a.jpg,2026-08-18T13:03:10+00:00
804141aefdb658e3,ABAURA4936,organized,OK,,1295,2132,319,780,0.0,0.979,0.922,2.44,3,data/crops/organized/organized_ABAURA4936_S3_804141aefdb658e3.jpg,2026-08-18T13:03:11+00:00
a04ff255f321db39,ABAURA8205c,organized,OK,,1311,1522,366,898,0.0,0.972,0.876,2.45,4,data/crops/organized/organized_ABAURA8205c_S1_a04ff255f321db39.jpg,2026-08-18T13:03:12+00:00
f1240bcd9afdea04,VAN-2019.00795,organized,OK,,2449,1784,128,337,0.0,0.595,0.872,2.63,2,data/crops/organized/organized_VAN-2019.00795_P2_f1240bcd9afdea04.jpg,2026-08-18T13:03:13+00:00
be2003ac99e035db,2020.00377,organized,OK,,1120,1801,366,689,0.0,0.933,0.876,1.88,3,data/crops/organized/organized_2020.00377_S1_be2003ac99e035db.jpg,2026-08-18T13:03:14+00:00
e95bea96b9e96df2,ABAURA4936,organized,OK,,1284,2095,331,803,0.0,0.951,0.917,2.43,3,data/crops/organized/organized_ABAURA4936_S2_e95bea96b9e96df2.jpg,2026-08-18T13:03:15+00:00
1ace444327cd6e92,ABAURA4923b,organized,OK,,1171,1973,394,894,0.0,0.963,0.888,2.27,2,data/crops/organized/organized_ABAURA4923b_S1_1ace444327cd6e92.jpg,2026-08-18T13:03:16+00:00
0edaff8d95981cbc,ABAURA4928,organized,OK,,1441,1984,378,772,0.0,0.977,0.886,2.04,2,data/crops/organized/organized_ABAURA4928_S2_0edaff8d95981cbc.jpg,2026-08-18T13:03:17+00:00
260b50d94ad1fcc3,ABAURA4915,organized,OK,,2425,1772,133,309,0.0,0.86,0.897,2.32,1,data/crops/organized/organized_ABAURA4915_P2_260b50d94ad1fcc3.jpg,2026-08-18T13:03:18+00:00
01779d3be0a1d825,CD387313,organized,OK,,1102,1827,354,803,0.0,0.975,0.916,2.27,3,data/crops/organized/organized_CD387313_S1_01779d3be0a1d825.jpg,2026-08-18T13:03:19+00:00
4f687cf705a07be6,ABAURA4902,organized,OK,,1492,2016,284,641,8.13,0.973,0.84,2.26,6,data/crops/organized/organized_ABAURA4902_S2_4f687cf705a07be6.jpg,2026-08-18T13:03:20+00:00
fce3669210e17c2c,ABB-2020.00038,organized,OK,,1347,2038,429,913,0.0,0.923,0.889,2.13,2,data/crops/organized/organized_ABB-2020.00038_S1_fce3669210e17c2c.jpg,2026-08-18T13:03:21+00:00
3448a62b6ee92d53,ABAURA4923,organized,OK,,2446,1776,124,314,0.0,0.696,0.882,2.54,2,data/crops/organized/organized_ABAURA4923_P2_3448a62b6ee92d53.jpg,2026-08-18T13:03:22+00:00
c01c9f87d185b1d3,D264515,organized,OK,,1299,1888,343,811,0.0,0.98,0.911,2.37,4,data/crops/organized/organized_D264515_S1_c01c9f87d185b1d3.jpg,2026-08-18T13:03:23+00:00
67a5cbf757ee48db,ABAURA4902,organized,OK,,1217,2032,288,650,5.477,0.986,0.875,2.26,8,data/crops/organized/organized_ABAURA4902_S3_67a5cbf757ee48db.jpg,2026-08-18T13:03:24+00:00
368a21c0ec25d60e,ABAURA8606,organized,OK,,2449,1758,114,280,0.0,0.707,0.878,2.46,3,data/crops/organized/organized_ABAURA8606_P2_368a21c0ec25d60e.jpg,2026-08-18T13:03:24+00:00
b31b53788a925fa4,ABAURA4915,organized,OK,,2418,1760,128,314,0.0,0.887,0.91,2.44,1,data/crops/organized/organized_ABAURA4915_P1_b31b53788a925fa4.jpg,2026-08-18T13:03:25+00:00
c95e5a0832eda3e8,CD387313,organized,OK,,980,1616,343,772,0.0,0.981,0.921,2.25,4,data/crops/organized/organized_CD387313_S2_c95e5a0832eda3e8.jpg,2026-08-18T13:03:26+00:00
32cc8539249f39f8,ABAURA4902,organized,OK,,1459,1905,294,667,9.09,0.959,0.862,2.27,5,data/crops/organized/organized_ABAURA4902_S1_32cc8539249f39f8.jpg,2026-08-18T13:03:27+00:00
286d71e8b3a0d318,D264515,organized,OK,,1130,1766,327,787,0.0,0.982,0.912,2.41,3,data/crops/organized/organized_D264515_S3_286d71e8b3a0d318.jpg,2026-08-18T13:03:28+00:00
4edb948c69026aff,ABB-2020.00038,organized,OK,,1223,2193,417,854,0.0,0.885,0.892,2.05,2,data/crops/organized/organized_ABB-2020.00038_S2_4edb948c69026aff.jpg,2026-08-18T13:03:29+00:00
a64bdd62e848bbc3,ABAURA4923,organized,OK,,2437,1791,124,304,0.0,0.705,0.919,2.46,2,data/crops/organized/organized_ABAURA4923_P1_a64bdd62e848bbc3.jpg,2026-08-18T13:03:29+00:00
9d790f6e60791985,ABB-2020.00038,organized,OK,,1162,2044,417,866,0.0,0.966,0.894,2.08,2,data/crops/organized/organized_ABB-2020.00038_S3_9d790f6e60791985.jpg,2026-08-18T13:03:30+00:00
5b64e2616ca4cd6c,D264515,organized,OK,,1199,1959,335,807,0.0,0.973,0.906,2.41,3,data/crops/organized/organized_D264515_S2_5b64e2616ca4cd6c.jpg,2026-08-18T13:03:31+00:00
01e6295858c15b14,ABAURA8606,organized,OK,,2460,1741,119,294,0.0,0.725,0.879,2.48,3,data/crops/organized/organized_ABAURA8606_P1_01e6295858c15b14.jpg,2026-08-18T13:03:32+00:00
724280fc483aad95,CD387313,organized,OK,,1006,1658,762,340,-0.477,0.981,0.908,2.24,4,data/crops/organized/organized_CD387313_S3_724280fc483aad95.jpg,2026-08-18T13:03:32+00:00
6f21213fbe52e75d,ABAURA4915,organized,OK,,1140,1638,378,894,0.0,0.973,0.889,2.36,4,data/crops/organized/organized_ABAURA4915_S1_6f21213fbe52e75d.jpg,2026-08-18T13:03:33+00:00
4ba3547040e4a42e,CD387313,organized,OK,,2449,1796,124,280,0.0,0.579,0.865,2.27,1,data/crops/organized/organized_CD387313_P2_4ba3547040e4a42e.jpg,2026-08-18T13:03:33+00:00
83c0adfd4496e2f0,ABAURA4902,organized,OK,,2453,1803,128,261,0.0,0.731,0.873,2.04,2,data/crops/organized/organized_ABAURA4902_P1_83c0adfd4496e2f0.jpg,2026-08-18T13:03:34+00:00
b49237f379b6e71b,ABB-2020.00038,organized,OK,,2406,1819,484,983,0.0,0.845,0.926,2.03,1,data/crops/organized/organized_ABB-2020.00038_P2_b49237f379b6e71b.jpg,2026-08-18T13:03:35+00:00
20b36b4c425e3217,ABAURA4923,organized,OK,,1264,1947,350,850,0.0,0.976,0.885,2.43,2,data/crops/organized/organized_ABAURA4923_S1_20b36b4c425e3217.jpg,2026-08-18T13:03:35+00:00
ad3e191f134ff6a4,D264515,organized,OK,,2468,1786,408,974,0.0,0.842,0.916,2.38,1,data/crops/organized/organized_D264515_P2_ad3e191f134ff6a4.jpg,2026-08-18T13:03:36+00:00
6d81868ecf1c7049,ABAURA8606,organized,OK,,1104,1540,362,862,0.0,0.983,0.906,2.38,2,data/crops/organized/organized_ABAURA8606_S1_6d81868ecf1c7049.jpg,2026-08-18T13:03:36+00:00
f42c459f6453c533,ABAURA4915,organized,OK,,1138,1847,346,795,0.0,0.986,0.89,2.3,2,data/crops/organized/organized_ABAURA4915_S2_f42c459f6453c533.jpg,2026-08-18T13:03:37+00:00
0a5289eba245360b,ABAURA8606,organized,OK,,1260,1634,323,748,0.0,0.989,0.889,2.32,3,data/crops/organized/organized_ABAURA8606_S3_0a5289eba245360b.jpg,2026-08-18T13:03:38+00:00
306786aa16836afd,CD387313,organized,OK,,2444,1779,119,280,0.0,0.466,0.85,2.36,1,data/crops/organized/organized_CD387313_P1_306786aa16836afd.jpg,2026-08-18T13:03:38+00:00
238b1a71d72039dd,ABAURA4902,organized,OK,,2437,1850,128,256,0.0,0.796,0.86,2.0,2,data/crops/organized/organized_ABAURA4902_P2_238b1a71d72039dd.jpg,2026-08-18T13:03:39+00:00
24f9632b743d95c1,ABB-2020.00038,organized,OK,,2458,1724,484,1021,0.0,0.949,0.923,2.11,1,data/crops/organized/organized_ABB-2020.00038_P1_24f9632b743d95c1.jpg,2026-08-18T13:03:39+00:00
bbc40761405434e7,ABAURA4923,organized,OK,,1189,1817,327,795,0.0,0.978,0.894,2.43,3,data/crops/organized/organized_ABAURA4923_S3_bbc40761405434e7.jpg,2026-08-18T13:03:40+00:00
c1faaf3c93c8726f,ABAURA4923,organized,OK,,1229,1802,820,335,-0.481,0.992,0.894,2.44,3,data/crops/organized/organized_ABAURA4923_S2_c1faaf3c93c8726f.jpg,2026-08-18T13:03:41+00:00
49584a00a3a612e2,D264515,organized,OK,,2442,1793,404,969,0.0,0.619,0.914,2.4,2,data/crops/organized/organized_D264515_P1_49584a00a3a612e2.jpg,2026-08-18T13:03:41+00:00
0691659401b8dd99,ABAURA8606,organized,OK,,1221,1593,343,795,0.0,0.98,0.883,2.32,2,data/crops/organized/organized_ABAURA8606_S2_0691659401b8dd99.jpg,2026-08-18T13:03:42+00:00
0655ff948404d829,ABAURA4915,organized,OK,,1173,1429,370,843,0.0,0.914,0.87,2.28,2,data/crops/organized/organized_ABAURA4915_S3_0655ff948404d829.jpg,2026-08-18T13:03:43+00:00
e71c7926df6468a0,CD387766b,organized,OK,,2451,1779,128,332,0.0,0.632,0.886,2.59,1,data/crops/organized/organized_CD387766b_P2_e71c7926df6468a0.jpg,2026-08-18T13:03:43+00:00
6b6da1bbd5b532ce,ABAURA8205c,organized,OK,,2446,1741,119,285,0.0,0.562,0.88,2.4,1,data/crops/organized/organized_ABAURA8205c_P1_6b6da1bbd5b532ce.jpg,2026-08-18T13:03:44+00:00
2110c5f205f07832,VAN-2019.00795,organized,OK,,1091,1837,343,835,0.0,0.972,0.888,2.44,3,data/crops/organized/organized_VAN-2019.00795_S2_2110c5f205f07832.jpg,2026-08-18T13:03:44+00:00
10816ff4f0a39c15,2020.00377,organized,OK,,2430,1727,128,280,0.0,0.3,0.865,2.19,2,data/crops/organized/organized_2020.00377_P1_10816ff4f0a39c15.jpg,2026-08-18T13:03:45+00:00
0acc07fb19c21f93,VAN-2019.00795,organized,OK,,1260,1918,331,819,0.0,0.969,0.882,2.48,5,data/crops/organized/organized_VAN-2019.00795_S3_0acc07fb19c21f93.jpg,2026-08-18T13:03:46+00:00
f4af9d547e40abbd,ABAURA4936,organized,OK,,2356,1814,380,960,0.0,0.341,0.959,2.52,5,data/crops/organized/organized_ABAURA4936_P2_f4af9d547e40abbd.jpg,2026-08-18T13:03:46+00:00
91cb7833a722b489,ABAURA4928,organized,OK,,2456,1741,379,879,9.866,0.949,0.923,2.32,2,data/crops/organized/organized_ABAURA4928_P2_91cb7833a722b489.jpg,2026-08-18T13:03:47+00:00
43b37ad2e3532509,ABAURA4923b,organized,OK,,2430,1786,494,1116,0.0,0.952,0.934,2.26,2,data/crops/organized/organized_ABAURA4923b_P1_43b37ad2e3532509.jpg,2026-08-18T13:03:48+00:00
9b10ebac5b1a30f5,CD387766b,organized,OK,,2470,1758,124,342,0.0,0.825,0.914,2.77,2,data/crops/organized/organized_CD387766b_P1_9b10ebac5b1a30f5.jpg,2026-08-18T13:03:48+00:00
db19a5a84f084285,ABAURA8205c,organized,OK,,2463,1762,114,299,0.0,0.601,0.844,2.62,1,data/crops/organized/organized_ABAURA8205c_P2_db19a5a84f084285.jpg,2026-08-18T13:03:49+00:00
b0e3c0777ebbaf8b,VAN-2019.00795,organized,OK,,959,1654,354,862,0.0,0.977,0.912,2.43,2,data/crops/organized/organized_VAN-2019.00795_S1_b0e3c0777ebbaf8b.jpg,2026-08-18T13:03:49+00:00
177e2adee5b83943,2020.00377,organized,OK,,2442,1741,138,276,0.0,0.335,0.865,2.0,2,data/crops/organized/organized_2020.00377_P2_177e2adee5b83943.jpg,2026-08-18T13:03:50+00:00
082c32ce83a01520,ABAURA4936,organized,OK,,2377,1817,385,955,0.0,0.638,0.94,2.48,6,data/crops/organized/organized_ABAURA4936_P1_082c32ce83a01520.jpg,2026-08-18T13:03:51+00:00
8ea4c7444b92c5fb,ABAURA4923b,organized,OK,,2468,1767,494,1173,0.0,0.862,0.939,2.38,3,data/crops/organized/organized_ABAURA4923b_P2_8ea4c7444b92c5fb.jpg,2026-08-18T13:03:52+00:00
a635bd858282035a,ABAURA4928,organized,OK,,2411,1712,377,874,9.866,0.922,0.906,2.32,1,data/crops/organized/organized_ABAURA4928_P1_a635bd858282035a.jpg,2026-08-18T13:03:52+00:00
2a0e691a5a537bbc,ABAURA8205b,organized,OK,,1132,1831,386,847,0.0,0.965,0.88,2.19,2,data/crops/organized/organized_ABAURA8205b_S1_2a0e691a5a537bbc.jpg,2026-08-18T13:03:53+00:00
291d9d53f22e6ca5,POLLINIS4455,organized,OK,,2380,1829,370,902,0.0,0.781,0.939,2.44,2,data/crops/organized/organized_POLLINIS4455_P2_291d9d53f22e6ca5.jpg,2026-08-18T13:03:53+00:00
de0124c90d21cdcb,ABAURA4904,organized,OK,,2460,1810,142,314,0.0,0.804,0.898,2.2,1,data/crops/organized/organized_ABAURA4904_P2_de0124c90d21cdcb.jpg,2026-08-18T13:03:54+00:00
816f6b851803f3de,ABAURA8150b,organized,OK,,2456,1788,147,314,0.0,0.523,0.922,2.13,2,data/crops/organized/organized_ABAURA8150b_P2_816f6b851803f3de.jpg,2026-08-18T13:03:55+00:00
31dcd1d766bc1aad,ABAURA8205b,organized,OK,,1299,1803,354,764,0.0,0.977,0.884,2.16,2,data/crops/organized/organized_ABAURA8205b_S3_31dcd1d766bc1aad.jpg,2026-08-18T13:03:55+00:00
0c330873043b95bd,ABAURA8205b,organized,OK,,1101,1845,390,847,0.0,0.828,0.881,2.17,5,data/crops/organized/organized_ABAURA8205b_S2_0c330873043b95bd.jpg,2026-08-18T13:03:56+00:00
70472ad48a3260cc,ABAURA4904,organized,OK,,2470,1798,147,304,0.0,0.62,0.864,2.06,2,data/crops/organized/organized_ABAURA4904_P1_70472ad48a3260cc.jpg,2026-08-18T13:03:56+00:00
ffb12b98b12e4805,POLLINIS4455,organized,OK,,2477,1734,380,907,0.0,0.926,0.934,2.39,1,data/crops/organized/organized_POLLINIS4455_P1_ffb12b98b12e4805.jpg,2026-08-18T13:03:57+00:00
afa2733ef2d3d17d,ABAURA8150b,organized,OK,,2446,1779,138,304,0.0,0.531,0.893,2.21,1,data/crops/organized/organized_ABAURA8150b_P1_afa2733ef2d3d17d.jpg,2026-08-18T13:03:58+00:00
6a9dcfa48a0b10af,ABAURA8205,organized,OK,,1164,1925,331,728,0.0,0.969,0.933,2.2,6,data/crops/organized/organized_ABAURA8205_S2_6a9dcfa48a0b10af.jpg,2026-08-18T13:03:58+00:00
2def4e39c052f8f4,POLLINIS4402,organized,OK,,2460,1805,124,276,0.0,0.73,0.891,2.23,4,data/crops/organized/organized_POLLINIS4402_P1_2def4e39c052f8f4.jpg,2026-08-18T13:03:59+00:00
accc07ae29205a0b,ABAURA8852b,organized,OK,,1418,1648,445,992,0.0,0.888,0.876,2.23,5,data/crops/organized/organized_ABAURA8852b_S3_accc07ae29205a0b.jpg,2026-08-18T13:04:00+00:00
0126944d890a6876,ABAURA8852b,organized,OK,,1498,1896,453,988,0.0,0.882,0.869,2.18,2,data/crops/organized/organized_ABAURA8852b_S2_0126944d890a6876.jpg,2026-08-18T13:04:00+00:00
94ca894dbb9ce4ce,ABAURA8205,organized,OK,,1179,2038,327,728,0.0,0.964,0.936,2.23,6,data/crops/organized/organized_ABAURA8205_S3_94ca894dbb9ce4ce.jpg,2026-08-18T13:04:01+00:00
9dce2752277104c3,POLLINIS4402,organized,OK,,2458,1772,124,252,0.0,0.757,0.876,2.04,2,data/crops/organized/organized_POLLINIS4402_P2_9dce2752277104c3.jpg,2026-08-18T13:04:02+00:00
653a0a74567e1671,ABAURA8205,organized,OK,,1341,1772,370,815,0.0,0.954,0.93,2.2,3,data/crops/organized/organized_ABAURA8205_S1_653a0a74567e1671.jpg,2026-08-18T13:04:02+00:00
8837fbe4d147b547,ABAURA8852b,organized,OK,,1370,1851,457,1024,0.0,0.726,0.868,2.24,3,data/crops/organized/organized_ABAURA8852b_S1_8837fbe4d147b547.jpg,2026-08-18T13:04:03+00:00
63b62392223dee89,ABAURA8885e,organized,OK,,2449,1686,200,461,0.0,0.843,0.909,2.31,3,data/crops/organized/organized_ABAURA8885e_P1_63b62392223dee89.jpg,2026-08-18T13:04:04+00:00
7e2dafde6c4633a9,ABAURA7150,organized,OK,,2515,1767,190,423,0.0,0.858,0.885,2.23,5,data/crops/organized/organized_ABAURA7150_P1_7e2dafde6c4633a9.jpg,2026-08-18T13:04:04+00:00
9b2d1680a0ae4110,ABAURA7163,organized,OK,,1018,2024,520,1351,0.0,0.79,0.864,2.6,3,data/crops/organized/organized_ABAURA7163_S1_9b2d1680a0ae4110.jpg,2026-08-18T13:04:05+00:00
2f4daafe64a9df95,ABAURA8885e,organized,OK,,2437,1793,204,456,0.0,0.782,0.886,2.23,2,data/crops/organized/organized_ABAURA8885e_P2_2f4daafe64a9df95.jpg,2026-08-18T13:04:05+00:00
5e1141044aeb56f6,ABAURA7150,organized,OK,,2477,1769,195,413,0.0,0.862,0.892,2.12,2,data/crops/organized/organized_ABAURA7150_P2_5e1141044aeb56f6.jpg,2026-08-18T13:04:06+00:00
1e87d6911d0c2d86,ABAURA7163,organized,OK,,1085,2091,504,1130,0.0,0.84,0.88,2.24,2,data/crops/organized/organized_ABAURA7163_S3_1e87d6911d0c2d86.jpg,2026-08-18T13:04:07+00:00
43536c3fc7f7f400,ABAURA7163,organized,OK,,1347,2067,480,1047,0.0,0.882,0.888,2.18,3,data/crops/organized/organized_ABAURA7163_S2_43536c3fc7f7f400.jpg,2026-08-18T13:04:07+00:00
376d74c2ab1a0a98,ABAURA8150c,organized,OK,,2518,1712,195,437,0.0,0.654,0.886,2.24,3,data/crops/organized/organized_ABAURA8150c_P1_376d74c2ab1a0a98.jpg,2026-08-18T13:04:08+00:00
398c3f8d79ae7e27,ABAURA8150c,organized,OK,,2437,1786,190,437,0.0,0.465,0.897,2.3,2,data/crops/organized/organized_ABAURA8150c_P2_398c3f8d79ae7e27.jpg,2026-08-18T13:04:08+00:00
ebe1599a71effb99,ABAURA8885f,organized,OK,,1179,1945,425,925,0.0,0.833,0.874,2.18,2,data/crops/organized/organized_ABAURA8885f_S3_ebe1599a71effb99.jpg,2026-08-18T13:04:09+00:00
56fe30ba637e15f6,ABAURA8885f,organized,OK,,1102,2081,445,969,0.0,0.82,0.899,2.18,2,data/crops/organized/organized_ABAURA8885f_S2_56fe30ba637e15f6.jpg,2026-08-18T13:04:10+00:00
5ca656cf83f36450,ABAURA8885f,organized,OK,,1248,2008,457,992,0.0,0.835,0.875,2.17,2,data/crops/organized/organized_ABAURA8885f_S1_5ca656cf83f36450.jpg,2026-08-18T13:04:10+00:00
ee197cdadbd4e695,ABAURA8885f,organized,OK,,2434,1776,190,423,0.0,0.732,0.903,2.23,2,data/crops/organized/organized_ABAURA8885f_P1_ee197cdadbd4e695.jpg,2026-08-18T13:04:11+00:00
c4cdb5ec72cce0a3,ABAURA8885f,organized,OK,,2465,1796,180,428,0.0,0.886,0.913,2.37,1,data/crops/organized/organized_ABAURA8885f_P2_c4cdb5ec72cce0a3.jpg,2026-08-18T13:04:12+00:00
ff141dfca1a05d44,ABAURA8150c,organized,OK,,1136,1931,497,1137,6.34,0.837,0.905,2.29,2,data/crops/organized/organized_ABAURA8150c_S2_ff141dfca1a05d44.jpg,2026-08-18T13:04:12+00:00
ef0126b49b8668f4,ABAURA8150c,organized,OK,,1112,1673,504,1099,0.0,0.844,0.9,2.18,3,data/crops/organized/organized_ABAURA8150c_S3_ef0126b49b8668f4.jpg,2026-08-18T13:04:13+00:00
af594501a5a54151,ABAURA8150c,organized,OK,,1024,1902,520,1134,0.0,0.808,0.901,2.18,2,data/crops/organized/organized_ABAURA8150c_S1_af594501a5a54151.jpg,2026-08-18T13:04:13+00:00
35093e8796ab2e52,ABAURA8885e,organized,OK,,1041,1772,441,1004,0.0,0.915,0.896,2.28,2,data/crops/organized/organized_ABAURA8885e_S2_35093e8796ab2e52.jpg,2026-08-18T13:04:14+00:00
c17b62d51a169a35,ABAURA7150,organized,OK,,1114,2079,457,992,0.0,0.878,0.884,2.17,5,data/crops/organized/organized_ABAURA7150_S2_c17b62d51a169a35.jpg,2026-08-18T13:04:14+00:00
0180a4100172fd06,ABAURA7163,organized,OK,,2437,1812,195,437,0.0,0.871,0.885,2.24,2,data/crops/organized/organized_ABAURA7163_P2_0180a4100172fd06.jpg,2026-08-18T13:04:15+00:00
82c44e5383e565c6,ABAURA7150,organized,OK,,1071,2166,441,1008,0.0,0.908,0.88,2.29,2,data/crops/organized/organized_ABAURA7150_S3_82c44e5383e565c6.jpg,2026-08-18T13:04:15+00:00
fab24352c935e962,ABAURA8885e,organized,OK,,1014,1847,433,973,0.0,0.851,0.884,2.25,2,data/crops/organized/organized_ABAURA8885e_S3_fab24352c935e962.jpg,2026-08-18T13:04:16+00:00
63d31c901745379e,ABAURA8885e,organized,OK,,831,1719,461,1039,0.0,0.879,0.895,2.26,2,data/crops/organized/organized_ABAURA8885e_S1_63d31c901745379e.jpg,2026-08-18T13:04:17+00:00
2445eb6d7d84a7fb,ABAURA7150,organized,OK,,1049,2053,461,1012,0.0,0.741,0.9,2.2,4,data/crops/organized/organized_ABAURA7150_S1_2445eb6d7d84a7fb.jpg,2026-08-18T13:04:17+00:00
75c500bdb7c8a50f,ABAURA7163,organized,OK,,2449,1810,190,432,0.0,0.909,0.9,2.28,2,data/crops/organized/organized_ABAURA7163_P1_75c500bdb7c8a50f.jpg,2026-08-18T13:04:18+00:00
214f38ca694e5213,FR73ABOM130722021,organized,OK,,1457,1650,409,984,0.0,0.874,0.893,2.4,2,data/crops/organized/organized_FR73ABOM130722021_S2_214f38ca694e5213.jpg,2026-08-18T13:04:18+00:00
bb8428ccc6ec6f7d,FR73ABOM130722009,organized,OK,,1522,2130,409,980,0.0,0.892,0.919,2.39,2,data/crops/organized/organized_FR73ABOM130722009_S3_bb8428ccc6ec6f7d.jpg,2026-08-18T13:04:19+00:00
106734c918bfb1f6,FR73ABOM130722066,organized,OK,,1469,1981,394,913,0.0,0.952,0.887,2.32,3,data/crops/organized/organized_FR73ABOM130722066_S3_106734c918bfb1f6.jpg,2026-08-18T13:04:20+00:00
1d64356a97005b04,FR73ABOM200722029,organized,OK,,1349,1772,378,878,0.0,0.952,0.904,2.32,5,data/crops/organized/organized_FR73ABOM200722029_S1_1d64356a97005b04.jpg,2026-08-18T13:04:20+00:00
b5528e2359cc9f52,FR73ABOM130722066,organized,OK,,1536,1809,398,929,0.0,0.947,0.897,2.34,4,data/crops/organized/organized_FR73ABOM130722066_S2_b5528e2359cc9f52.jpg,2026-08-18T13:04:21+00:00
b53e94705dccb204,FR73ABOM130722009,organized,OK,,1404,1984,433,1036,0.0,0.821,0.906,2.39,2,data/crops/organized/organized_FR73ABOM130722009_S2_b53e94705dccb204.jpg,2026-08-18T13:04:21+00:00
973adbc29701725e,FR73ABOM130722021,organized,OK,,1293,1884,437,1036,0.0,0.942,0.907,2.37,4,data/crops/organized/organized_FR73ABOM130722021_S3_973adbc29701725e.jpg,2026-08-18T13:04:22+00:00
6a5e1e5dacf8cc1a,FR04ABOM220722061,organized,OK,,2373,1867,504,1211,0.0,0.266,0.918,2.41,1,data/crops/organized/organized_FR04ABOM220722061_P2_6a5e1e5dacf8cc1a.jpg,2026-08-18T13:04:23+00:00
c34afaf49067d609,FR73ABOM130722063,organized,OK,,2427,1781,504,1244,0.0,0.828,0.932,2.47,1,data/crops/organized/organized_FR73ABOM130722063_P2_c34afaf49067d609.jpg,2026-08-18T13:04:23+00:00
abf2e2b1172bf65b,FR73ABOM130722021,organized,OK,,1476,1609,1039,432,-4.399,0.819,0.932,2.41,1,data/crops/organized/organized_FR73ABOM130722021_S1_abf2e2b1172bf65b.jpg,2026-08-18T13:04:24+00:00
535f83cd9e3a051f,FR73ABOM200722029,organized,OK,,1339,1886,378,898,0.0,0.962,0.904,2.37,2,data/crops/organized/organized_FR73ABOM200722029_S2_535f83cd9e3a051f.jpg,2026-08-18T13:04:24+00:00
77c084685c150169,FR73ABOM130722066,organized,OK,,1502,2246,398,925,0.0,0.91,0.892,2.33,3,data/crops/organized/organized_FR73ABOM130722066_S1_77c084685c150169.jpg,2026-08-18T13:04:25+00:00
70272debb3852af1,FR73ABOM200722029,organized,OK,,1555,1886,378,882,0.0,0.96,0.899,2.33,2,data/crops/organized/organized_FR73ABOM200722029_S3_70272debb3852af1.jpg,2026-08-18T13:04:25+00:00
929e1b0c017165cb,FR73ABOM130722009,organized,OK,,1425,1957,433,1040,0.0,0.876,0.908,2.4,2,data/crops/organized/organized_FR73ABOM130722009_S1_929e1b0c017165cb.jpg,2026-08-18T13:04:26+00:00
ef6eda02d790d8d0,FR04ABOM220722061,organized,OK,,2444,1814,504,1221,0.0,0.635,0.919,2.42,1,data/crops/organized/organized_FR04ABOM220722061_P1_ef6eda02d790d8d0.jpg,2026-08-18T13:04:27+00:00
568dd869160c4c36,FR73ABOM130722063,organized,OK,,2442,1765,489,1178,0.0,0.824,0.927,2.41,1,data/crops/organized/organized_FR73ABOM130722063_P1_568dd869160c4c36.jpg,2026-08-18T13:04:27+00:00
fa07f6933c7269dd,2020.03936,organized,OK,,2465,1810,1152,486,-0.406,0.832,0.912,2.37,1,data/crops/organized/organized_2020.03936_P1_fa07f6933c7269dd.jpg,2026-08-18T13:04:28+00:00
39646cd3599004f2,FR73ABOM120722002,organized,OK,,1333,1669,394,815,0.0,0.973,0.925,2.07,3,data/crops/organized/organized_FR73ABOM120722002_S2_39646cd3599004f2.jpg,2026-08-18T13:04:29+00:00
d0e93f9c4dd65bed,FR73ABOM130722040,organized,OK,,1313,1776,370,925,0.0,0.949,0.898,2.5,2,data/crops/organized/organized_FR73ABOM130722040_S1_d0e93f9c4dd65bed.jpg,2026-08-18T13:04:29+00:00
6e9d9770ef0d2444,CD388821b,organized,OK,,2439,1829,114,290,0.0,0.683,0.861,2.54,1,data/crops/organized/organized_CD388821b_P2_6e9d9770ef0d2444.jpg,2026-08-18T13:04:30+00:00
ba5183a95eca6361,FR73ABOM120722002,organized,OK,,1334,1713,860,395,-10.081,0.981,0.907,2.18,4,data/crops/organized/organized_FR73ABOM120722002_S3_ba5183a95eca6361.jpg,2026-08-18T13:04:31+00:00
93d37e5b0b415305,FR73ABOM130722007,organized,OK,,1354,1807,378,921,0.0,0.957,0.921,2.44,2,data/crops/organized/organized_FR73ABOM130722007_S1_93d37e5b0b415305.jpg,2026-08-18T13:04:31+00:00
2f61c5990c4e0a2d,FR73ABOM130722064,organized,OK,,1303,1673,378,969,0.0,0.923,0.908,2.56,2,data/crops/organized/organized_FR73ABOM130722064_S1_2f61c5990c4e0a2d.jpg,2026-08-18T13:04:32+00:00
2aa2c32c9af2c8fc,FR73ABOM130722064,organized,OK,,1122,1534,382,945,0.0,0.981,0.909,2.47,1,data/crops/organized/organized_FR73ABOM130722064_S3_2aa2c32c9af2c8fc.jpg,2026-08-18T13:04:32+00:00
c55d7d9366cdc47c,2020.03936,organized,OK,,2484,1798,489,1187,0.0,0.877,0.925,2.43,2,data/crops/organized/organized_2020.03936_P2_c55d7d9366cdc47c.jpg,2026-08-18T13:04:33+00:00
c1feab5a7094a6a9,FR73ABOM130722007,organized,OK,,1390,1866,394,976,0.0,0.953,0.918,2.48,2,data/crops/organized/organized_FR73ABOM130722007_S3_c1feab5a7094a6a9.jpg,2026-08-18T13:04:34+00:00
287fab6e4ee687c6,FR73ABOM120722002,organized,OK,,1468,1735,839,382,-9.367,0.982,0.9,2.2,3,data/crops/organized/organized_FR73ABOM120722002_S1_287fab6e4ee687c6.jpg,2026-08-18T13:04:34+00:00
03f42e2e488b310e,FR73ABOM130722040,organized,OK,,1335,1666,386,953,0.0,0.823,0.899,2.47,1,data/crops/organized/organized_FR73ABOM130722040_S2_03f42e2e488b310e.jpg,2026-08-18T13:04:35+00:00
4451eac0203f97a6,FR73ABOM130722040,organized,OK,,1418,1731,374,937,0.0,0.953,0.903,2.51,3,data/crops/organized/organized_FR73ABOM130722040_S3_4451eac0203f97a6.jpg,2026-08-18T13:04:35+00:00
ae5ef7109dd5e766,CD388821b,organized,OK,,2442,1829,114,276,0.0,0.324,0.885,2.42,2,data/crops/organized/organized_CD388821b_P1_ae5ef7109dd5e766.jpg,2026-08-18T13:04:36+00:00
86dd979aa764ad85,FR73ABOM130722007,organized,OK,,1490,1711,398,965,0.0,0.939,0.909,2.43,2,data/crops/organized/organized_FR73ABOM130722007_S2_86dd979aa764ad85.jpg,2026-08-18T13:04:37+00:00
2b4fbf543a34fca9,FR73ABOM130722064,organized,OK,,1252,1864,366,929,0.0,0.972,0.897,2.54,3,data/crops/organized/organized_FR73ABOM130722064_S2_2b4fbf543a34fca9.jpg,2026-08-18T13:04:37+00:00
f022305d6e818b1a,CD388821c,organized,OK,,1044,2126,381,929,4.316,0.636,0.887,2.44,2,data/crops/organized/organized_CD388821c_S2_f022305d6e818b1a.jpg,2026-08-18T13:04:38+00:00
b541e76648a89959,FR73ABOM200722019,organized,OK,,1530,2047,386,917,0.0,0.962,0.9,2.38,2,data/crops/organized/organized_FR73ABOM200722019_S2_b541e76648a89959.jpg,2026-08-18T13:04:38+00:00
0ab7aace9a08d7f1,FR73ABOM130722065,organized,OK,,2427,1774,499,1263,0.0,0.847,0.936,2.53,1,data/crops/organized/organized_FR73ABOM130722065_P1_0ab7aace9a08d7f1.jpg,2026-08-18T13:04:39+00:00
6ab1330ba20e66b4,FR73ABOM130722018,organized,OK,,2482,1784,527,1240,0.0,0.391,0.952,2.35,1,data/crops/organized/organized_FR73ABOM130722018_P1_6ab1330ba20e66b4.jpg,2026-08-18T13:04:40+00:00
b6eb1be01ecb5cc2,FR73ABOM120722072,organized,OK,,2446,1712,480,1150,0.0,0.893,0.943,2.4,1,data/crops/organized/organized_FR73ABOM120722072_P2_b6eb1be01ecb5cc2.jpg,2026-08-18T13:04:40+00:00
c5c1095e92123444,FR73ABOM130722030,organized,OK,,2413,1793,508,1235,0.0,0.691,0.925,2.43,1,data/crops/organized/organized_FR73ABOM130722030_P1_c5c1095e92123444.jpg,2026-08-18T13:04:41+00:00
a58207769fdaf7af,FR73ABOM200722019,organized,OK,,1640,1951,390,910,0.0,0.929,0.908,2.33,2,data/crops/organized/organized_FR73ABOM200722019_S3_a58207769fdaf7af.jpg,2026-08-18T13:04:42+00:00
b90bb53413b8c241,CD388821c,organized,OK,,1291,2097,413,976,0.0,0.831,0.911,2.36,4,data/crops/organized/organized_CD388821c_S3_b90bb53413b8c241.jpg,2026-08-18T13:04:42+00:00
9fcff3b64b0d9a26,CD388821c,organized,OK,,1223,1965,441,980,0.0,0.666,0.892,2.22,2,data/crops/organized/organized_CD388821c_S1_9fcff3b64b0d9a26.jpg,2026-08-18T13:04:43+00:00
b51749255714e750,FR73ABOM200722019,organized,OK,,1522,2132,374,894,0.0,0.967,0.887,2.39,2,data/crops/organized/organized_FR73ABOM200722019_S1_b51749255714e750.jpg,2026-08-18T13:04:44+00:00
f515dfac7f68d4d9,FR73ABOM130722065,organized,OK,,2366,1784,499,1254,0.0,0.895,0.928,2.51,1,data/crops/organized/organized_FR73ABOM130722065_P2_f515dfac7f68d4d9.jpg,2026-08-18T13:04:44+00:00
cc6a05ffe31822a1,FR73ABOM130722018,organized,OK,,2496,1798,527,1249,0.0,0.666,0.942,2.37,1,data/crops/organized/organized_FR73ABOM130722018_P2_cc6a05ffe31822a1.jpg,2026-08-18T13:04:45+00:00
f71ff213f80d0bf8,FR73ABOM120722072,organized,OK,,2482,1720,475,1126,0.0,0.889,0.94,2.37,1,data/crops/organized/organized_FR73ABOM120722072_P1_f71ff213f80d0bf8.jpg,2026-08-18T13:04:45+00:00
c0bbd90e524edf50,FR73ABOM130722030,organized,OK,,2446,1748,504,1216,0.0,0.807,0.933,2.42,1,data/crops/organized/organized_FR73ABOM130722030_P2_c0bbd90e524edf50.jpg,2026-08-18T13:04:46+00:00
da23195f610e0326,CD388821d,organized,OK,,2451,1810,124,294,0.0,0.306,0.905,2.38,3,data/crops/organized/organized_CD388821d_P1_da23195f610e0326.jpg,2026-08-18T13:04:47+00:00
f6736c92ae4db2eb,2020.00254,organized,OK,,2418,1712,508,1254,0.0,0.766,0.932,2.47,3,data/crops/organized/organized_2020.00254_P1_f6736c92ae4db2eb.jpg,2026-08-18T13:04:47+00:00
8e0d68c9d4e6c7c7,FR73ABOM130722067,organized,OK,,2418,1826,508,1244,0.0,0.862,0.925,2.45,1,data/crops/organized/organized_FR73ABOM130722067_P2_8e0d68c9d4e6c7c7.jpg,2026-08-18T13:04:48+00:00
e9d40a461f18451a,FR73ABOM130722062,organized,OK,,1400,1927,421,980,0.0,0.873,0.917,2.33,2,data/crops/organized/organized_FR73ABOM130722062_S2_e9d40a461f18451a.jpg,2026-08-18T13:04:49+00:00
719c7b0516afbcef,FR73ABOM130722020,organized,OK,,2401,1803,527,1268,0.0,0.76,0.936,2.41,1,data/crops/organized/organized_FR73ABOM130722020_P2_719c7b0516afbcef.jpg,2026-08-18T13:04:49+00:00
c158476e25fc50cc,FR73ABOM130722062,organized,OK,,1374,1929,417,1008,0.0,0.895,0.904,2.42,2,data/crops/organized/organized_FR73ABOM130722062_S3_c158476e25fc50cc.jpg,2026-08-18T13:04:50+00:00
4dca7e8b0e1d3936,FR73ABOM200722028,organized,OK,,2472,1791,513,1211,0.0,0.643,0.935,2.36,1,data/crops/organized/organized_FR73ABOM200722028_P1_4dca7e8b0e1d3936.jpg,2026-08-18T13:04:51+00:00
37b8f42fba027f8d,CD388821d,organized,OK,,2442,1817,119,285,0.0,0.247,0.87,2.4,3,data/crops/organized/organized_CD388821d_P2_37b8f42fba027f8d.jpg,2026-08-18T13:04:52+00:00
acd73d01ede8c8aa,2020.00254,organized,OK,,2439,1760,508,1230,0.0,0.682,0.937,2.42,2,data/crops/organized/organized_2020.00254_P2_acd73d01ede8c8aa.jpg,2026-08-18T13:04:53+00:00
c955aaacc2dde60b,FR73ABOM130722067,organized,OK,,2420,1843,513,1230,0.0,0.862,0.933,2.4,1,data/crops/organized/organized_FR73ABOM130722067_P1_c955aaacc2dde60b.jpg,2026-08-18T13:04:54+00:00
70c04ead1f7f6529,FR73ABOM130722062,organized,OK,,1266,1920,406,980,0.0,0.881,0.903,2.42,3,data/crops/organized/organized_FR73ABOM130722062_S1_70c04ead1f7f6529.jpg,2026-08-18T13:04:55+00:00
dee0257031455c91,FR73ABOM130722020,organized,OK,,2411,1822,518,1259,0.0,0.722,0.945,2.43,1,data/crops/organized/organized_FR73ABOM130722020_P1_dee0257031455c91.jpg,2026-08-18T13:04:56+00:00
7452dffa385d5a55,FR73ABOM200722028,organized,OK,,2432,1848,504,1188,0.0,0.247,0.937,2.36,1,data/crops/organized/organized_FR73ABOM200722028_P2_7452dffa385d5a55.jpg,2026-08-18T13:04:57+00:00
e384cc3182241a8a,CD388821d,organized,OK,,1120,1811,331,823,0.0,0.955,0.915,2.49,3,data/crops/organized/organized_CD388821d_S2_e384cc3182241a8a.jpg,2026-08-18T13:04:57+00:00
1e1392fdfaa961b9,2020.00254,organized,OK,,1091,1725,402,1000,0.0,0.891,0.912,2.49,4,data/crops/organized/organized_2020.00254_S2_1e1392fdfaa961b9.jpg,2026-08-18T13:04:58+00:00
33fafd899b1bd569,FR73ABOM200722028,organized,OK,,1540,2183,382,882,0.0,0.944,0.925,2.31,2,data/crops/organized/organized_FR73ABOM200722028_S3_33fafd899b1bd569.jpg,2026-08-18T13:04:59+00:00
25d35a8b3dcdc26b,FR73ABOM130722067,organized,OK,,1620,2016,354,870,0.0,0.979,0.89,2.46,2,data/crops/organized/organized_FR73ABOM130722067_S1_25d35a8b3dcdc26b.jpg,2026-08-18T13:04:59+00:00
8375f2bfd3459f92,FR73ABOM130722062,organized,OK,,2420,1776,522,1249,0.0,0.761,0.939,2.39,1,data/crops/organized/organized_FR73ABOM130722062_P1_8375f2bfd3459f92.jpg,2026-08-18T13:05:00+00:00
b21d7413fe716230,FR73ABOM130722020,organized,OK,,1644,1640,390,941,0.0,0.963,0.908,2.41,4,data/crops/organized/organized_FR73ABOM130722020_S1_b21d7413fe716230.jpg,2026-08-18T13:05:01+00:00
7d8996f101ad0aa5,FR73ABOM200722028,organized,OK,,1514,1935,398,917,0.0,0.942,0.913,2.31,2,data/crops/organized/organized_FR73ABOM200722028_S2_7d8996f101ad0aa5.jpg,2026-08-18T13:05:02+00:00
d59580cece4b36eb,2020.00254,organized,OK,,1101,1760,409,996,0.0,0.899,0.914,2.43,3,data/crops/organized/organized_2020.00254_S3_d59580cece4b36eb.jpg,2026-08-18T13:05:03+00:00
b2de2c7ccd527926,CD388821d,organized,OK,,1195,1818,332,814,2.793,0.983,0.89,2.45,3,data/crops/organized/organized_CD388821d_S3_b2de2c7ccd527926.jpg,2026-08-18T13:05:03+00:00
35d67d5edbe5e7f7,CD388821d,organized,OK,,1270,1888,329,843,6.582,0.969,0.908,2.56,3,data/crops/organized/organized_CD388821d_S1_35d67d5edbe5e7f7.jpg,2026-08-18T13:05:04+00:00
8beef17962a45c56,2020.00254,organized,OK,,1205,1819,417,1039,0.0,0.807,0.916,2.49,2,data/crops/organized/organized_2020.00254_S1_8beef17962a45c56.jpg,2026-08-18T13:05:04+00:00
73189cc8b8a0779f,FR73ABOM130722067,organized,OK,,1557,1965,339,823,0.0,0.977,0.901,2.43,2,data/crops/organized/organized_FR73ABOM130722067_S2_73189cc8b8a0779f.jpg,2026-08-18T13:05:05+00:00
761a06f2e3b63c08,FR73ABOM130722062,organized,OK,,2411,1722,518,1249,0.0,0.697,0.919,2.41,2,data/crops/organized/organized_FR73ABOM130722062_P2_761a06f2e3b63c08.jpg,2026-08-18T13:05:06+00:00
41507892cb56aa05,FR73ABOM130722020,organized,OK,,1339,1697,378,906,0.0,0.978,0.889,2.4,3,data/crops/organized/organized_FR73ABOM130722020_S3_41507892cb56aa05.jpg,2026-08-18T13:05:06+00:00
3a5c5f472c91272a,FR73ABOM130722020,organized,OK,,1390,1699,390,937,0.0,0.968,0.908,2.4,2,data/crops/organized/organized_FR73ABOM130722020_S2_3a5c5f472c91272a.jpg,2026-08-18T13:05:07+00:00
00656a1f9d5104e4,FR73ABOM200722028,organized,OK,,1764,1914,402,945,0.0,0.899,0.933,2.35,5,data/crops/organized/organized_FR73ABOM200722028_S1_00656a1f9d5104e4.jpg,2026-08-18T13:05:07+00:00
2fd7fca1bb3848be,FR73ABOM130722067,organized,OK,,1512,1870,331,787,0.0,0.968,0.895,2.38,2,data/crops/organized/organized_FR73ABOM130722067_S3_2fd7fca1bb3848be.jpg,2026-08-18T13:05:08+00:00
fdf82c1dd7b5a73b,CD388821c,organized,OK,,2434,1860,128,299,0.0,0.322,0.935,2.33,2,data/crops/organized/organized_CD388821c_P1_fdf82c1dd7b5a73b.jpg,2026-08-18T13:05:08+00:00
dcbd2af986d811c3,FR73ABOM200722019,organized,OK,,2446,1731,470,1102,0.0,0.893,0.939,2.34,1,data/crops/organized/organized_FR73ABOM200722019_P1_dcbd2af986d811c3.jpg,2026-08-18T13:05:09+00:00
8ed5d5de67283026,FR73ABOM130722065,organized,OK,,1240,1876,358,898,0.0,0.985,0.897,2.51,3,data/crops/organized/organized_FR73ABOM130722065_S2_8ed5d5de67283026.jpg,2026-08-18T13:05:10+00:00
70e9121797569251,FR73ABOM130722030,organized,OK,,1351,2110,394,945,0.0,0.946,0.883,2.4,3,data/crops/organized/organized_FR73ABOM130722030_S3_70e9121797569251.jpg,2026-08-18T13:05:10+00:00
16c821751567f2cc,FR73ABOM130722018,organized,OK,,1260,1845,382,937,0.0,0.932,0.921,2.45,2,data/crops/organized/organized_FR73ABOM130722018_S2_16c821751567f2cc.jpg,2026-08-18T13:05:11+00:00
3850b3983bf0a0bb,FR73ABOM120722072,organized,OK,,1378,1998,366,890,0.0,0.963,0.883,2.43,4,data/crops/organized/organized_FR73ABOM120722072_S1_3850b3983bf0a0bb.jpg,2026-08-18T13:05:11+00:00
cf01c2d61c1f0150,FR73ABOM130722018,organized,OK,,1455,1784,386,902,0.0,0.965,0.924,2.34,2,data/crops/organized/organized_FR73ABOM130722018_S3_cf01c2d61c1f0150.jpg,2026-08-18T13:05:12+00:00
9204f2582fa8183f,FR73ABOM130722030,organized,OK,,1323,2081,382,921,0.0,0.943,0.901,2.41,3,data/crops/organized/organized_FR73ABOM130722030_S2_9204f2582fa8183f.jpg,2026-08-18T13:05:13+00:00
4cadf5fec0ed84b3,FR73ABOM130722065,organized,OK,,1260,1790,350,882,0.0,0.986,0.91,2.52,3,data/crops/organized/organized_FR73ABOM130722065_S3_4cadf5fec0ed84b3.jpg,2026-08-18T13:05:13+00:00
ba0912bd698176a6,CD388821c,organized,OK,,2453,1872,123,299,0.0,0.514,0.93,2.42,2,data/crops/organized/organized_CD388821c_P2_ba0912bd698176a6.jpg,2026-08-18T13:05:14+00:00
074e4723d4b01121,FR73ABOM200722019,organized,OK,,2451,1762,465,1092,0.0,0.906,0.931,2.35,1,data/crops/organized/organized_FR73ABOM200722019_P2_074e4723d4b01121.jpg,2026-08-18T13:05:14+00:00
95e57972ce19a5d1,FR73ABOM130722065,organized,OK,,1372,1713,394,988,0.0,0.901,0.918,2.51,5,data/crops/organized/organized_FR73ABOM130722065_S1_95e57972ce19a5d1.jpg,2026-08-18T13:05:15+00:00
cbd50e5a892e2f51,FR73ABOM130722018,organized,OK,,1284,1792,394,937,0.0,0.837,0.925,2.38,2,data/crops/organized/organized_FR73ABOM130722018_S1_cbd50e5a892e2f51.jpg,2026-08-18T13:05:16+00:00
cf59d5e8b857b373,FR73ABOM120722072,organized,OK,,1461,1900,350,819,0.0,0.975,0.891,2.34,4,data/crops/organized/organized_FR73ABOM120722072_S3_cf59d5e8b857b373.jpg,2026-08-18T13:05:16+00:00
baa528e35888085f,FR73ABOM120722072,organized,OK,,1711,1969,370,886,0.0,0.97,0.9,2.39,3,data/crops/organized/organized_FR73ABOM120722072_S2_baa528e35888085f.jpg,2026-08-18T13:05:17+00:00
38dc06c6e5183ecf,FR73ABOM130722030,organized,OK,,1148,1977,386,957,0.0,0.963,0.906,2.48,2,data/crops/organized/organized_FR73ABOM130722030_S1_38dc06c6e5183ecf.jpg,2026-08-18T13:05:17+00:00
5131f0a9a654a9bb,2020.03936,organized,OK,,1343,1935,390,929,0.0,0.957,0.904,2.38,6,data/crops/organized/organized_2020.03936_S2_5131f0a9a654a9bb.jpg,2026-08-18T13:05:18+00:00
b3639caf3ddf3dca,FR73ABOM120722002,organized,OK,,2450,1785,1348,619,-7.853,0.773,0.906,2.18,2,data/crops/organized/organized_FR73ABOM120722002_P1_b3639caf3ddf3dca.jpg,2026-08-18T13:05:19+00:00
d5b333eea5479161,FR73ABOM130722040,organized,OK,,2425,1807,470,1164,0.0,0.893,0.948,2.47,1,data/crops/organized/organized_FR73ABOM130722040_P2_d5b333eea5479161.jpg,2026-08-18T13:05:19+00:00
c877b46874015911,CD388821b,organized,OK,,1315,2235,366,882,0.0,0.932,0.91,2.41,3,data/crops/organized/organized_CD388821b_S1_c877b46874015911.jpg,2026-08-18T13:05:20+00:00
ad520981536d487f,2020.03936,organized,OK,,1394,1778,382,913,0.0,0.971,0.876,2.39,3,data/crops/organized/organized_2020.03936_S3_ad520981536d487f.jpg,2026-08-18T13:05:21+00:00
2acd3819d3d38772,FR73ABOM130722007,organized,OK,,2446,1788,480,1168,0.0,0.629,0.93,2.44,1,data/crops/organized/organized_FR73ABOM130722007_P2_2acd3819d3d38772.jpg,2026-08-18T13:05:21+00:00
8ba51836967361d5,FR73ABOM130722064,organized,OK,,2446,1800,494,1244,0.0,0.784,0.952,2.52,1,data/crops/organized/organized_FR73ABOM130722064_P2_8ba51836967361d5.jpg,2026-08-18T13:05:22+00:00
fd9514191983723b,2020.03936,organized,OK,,1419,1644,390,941,0.0,0.958,0.887,2.41,1,data/crops/organized/organized_2020.03936_S1_fd9514191983723b.jpg,2026-08-18T13:05:23+00:00
5ff5ccd0b1c042d7,CD388821b,organized,OK,,1162,1998,858,351,-0.546,0.912,0.898,2.45,4,data/crops/organized/organized_CD388821b_S3_5ff5ccd0b1c042d7.jpg,2026-08-18T13:05:25+00:00
dad082e1346adb40,FR73ABOM120722002,organized,OK,,2396,1810,1353,609,-8.198,0.808,0.916,2.22,1,data/crops/organized/organized_FR73ABOM120722002_P2_dad082e1346adb40.jpg,2026-08-18T13:05:27+00:00
37a7207027a8adec,FR73ABOM130722040,organized,OK,,2415,1781,466,1164,0.0,0.882,0.951,2.5,1,data/crops/organized/organized_FR73ABOM130722040_P1_37a7207027a8adec.jpg,2026-08-18T13:05:27+00:00
81408a58a055dff1,CD388821b,organized,OK,,1256,2059,370,906,0.0,0.904,0.921,2.45,3,data/crops/organized/organized_CD388821b_S2_81408a58a055dff1.jpg,2026-08-18T13:05:28+00:00
14e8257475f3d276,FR73ABOM130722007,organized,OK,,2451,1812,480,1188,0.0,0.658,0.945,2.48,1,data/crops/organized/organized_FR73ABOM130722007_P1_14e8257475f3d276.jpg,2026-08-18T13:05:29+00:00
904d5ba12b20a98c,FR73ABOM130722064,organized,OK,,2458,1798,499,1240,0.0,0.57,0.945,2.49,1,data/crops/organized/organized_FR73ABOM130722064_P1_904d5ba12b20a98c.jpg,2026-08-18T13:05:29+00:00
cef5edace93bae09,FR73ABOM130722021,organized,OK,,2389,1781,532,1282,0.0,0.819,0.924,2.41,1,data/crops/organized/organized_FR73ABOM130722021_P1_cef5edace93bae09.jpg,2026-08-18T13:05:30+00:00
d7f8af2ef710ad1a,FR73ABOM200722029,organized,OK,,2501,1774,508,1154,0.0,0.838,0.938,2.27,1,data/crops/organized/organized_FR73ABOM200722029_P2_d7f8af2ef710ad1a.jpg,2026-08-18T13:05:31+00:00
bc837c5c536d0f37,FR73ABOM130722066,organized,OK,,2449,1750,489,1145,0.0,0.789,0.931,2.34,1,data/crops/organized/organized_FR73ABOM130722066_P1_bc837c5c536d0f37.jpg,2026-08-18T13:05:32+00:00
63678a52fde73929,FR73ABOM130722009,organized,OK,,2413,1819,522,1244,0.0,0.628,0.936,2.38,1,data/crops/organized/organized_FR73ABOM130722009_P1_63678a52fde73929.jpg,2026-08-18T13:05:33+00:00
1d09ea426eb85dc2,FR04ABOM220722061,organized,OK,,1465,1742,398,929,0.0,0.96,0.899,2.34,2,data/crops/organized/organized_FR04ABOM220722061_S1_1d09ea426eb85dc2.jpg,2026-08-18T13:05:34+00:00
0bed3fec2ab98441,FR73ABOM130722063,organized,OK,,1368,1937,394,965,0.0,0.955,0.911,2.45,3,data/crops/organized/organized_FR73ABOM130722063_S1_0bed3fec2ab98441.jpg,2026-08-18T13:05:35+00:00
c82bff6b8c885eaa,FR73ABOM130722063,organized,OK,,1417,1762,374,921,0.0,0.905,0.908,2.46,2,data/crops/organized/organized_FR73ABOM130722063_S3_c82bff6b8c885eaa.jpg,2026-08-18T13:05:36+00:00
a8993d3dd79c541d,FR04ABOM220722061,organized,OK,,1374,1642,378,906,0.0,0.971,0.913,2.4,2,data/crops/organized/organized_FR04ABOM220722061_S3_a8993d3dd79c541d.jpg,2026-08-18T13:05:36+00:00
12d87bac8a0febb1,FR73ABOM130722021,organized,OK,,2427,1750,527,1282,0.0,0.692,0.924,2.43,1,data/crops/organized/organized_FR73ABOM130722021_P2_12d87bac8a0febb1.jpg,2026-08-18T13:05:37+00:00
f121964e05160221,FR73ABOM200722029,organized,OK,,2460,1788,508,1168,0.0,0.744,0.935,2.3,1,data/crops/organized/organized_FR73ABOM200722029_P1_f121964e05160221.jpg,2026-08-18T13:05:38+00:00
53139fb02ad3c23f,FR73ABOM130722066,organized,OK,,2384,1834,494,1149,0.0,0.699,0.934,2.33,1,data/crops/organized/organized_FR73ABOM130722066_P2_53139fb02ad3c23f.jpg,2026-08-18T13:05:38+00:00
e83b5eb9fe7445eb,FR73ABOM130722009,organized,OK,,2404,1779,527,1273,0.0,0.657,0.928,2.41,1,data/crops/organized/organized_FR73ABOM130722009_P2_e83b5eb9fe7445eb.jpg,2026-08-18T13:05:39+00:00
db1d238509e95eba,FR04ABOM220722061,organized,OK,,1258,1784,386,917,0.0,0.975,0.9,2.38,3,data/crops/organized/organized_FR04ABOM220722061_S2_db1d238509e95eba.jpg,2026-08-18T13:05:40+00:00
21f2007f1be819a7,FR73ABOM130722063,organized,OK,,1252,1858,378,929,0.0,0.97,0.922,2.46,2,data/crops/organized/organized_FR73ABOM130722063_S2_21f2007f1be819a7.jpg,2026-08-18T13:05:41+00:00
f8e866a4151ea632,FR73ABOM200722037,organized,OK,,1280,1890,378,969,0.0,0.959,0.927,2.56,2,data/crops/organized/organized_FR73ABOM200722037_S1_f8e866a4151ea632.jpg,2026-08-18T13:05:41+00:00
e3ef76b0c420e2ab,FR73ABOM130722005,organized,OK,,1268,2010,445,976,0.0,0.824,0.898,2.19,2,data/crops/organized/organized_FR73ABOM130722005_S3_e3ef76b0c420e2ab.jpg,2026-08-18T13:05:42+00:00
d0f4abfb5ea34360,ABAURA8212,organized,OK,,1020,2012,307,787,0.0,0.97,0.836,2.56,2,data/crops/organized/organized_ABAURA8212_S1_d0f4abfb5ea34360.jpg,2026-08-18T13:05:43+00:00
67f27e609ac17227,CD388861b,organized,OK,,1160,2199,287,736,0.0,0.988,0.902,2.56,7,data/crops/organized/organized_CD388861b_S3_67f27e609ac17227.jpg,2026-08-18T13:05:44+00:00
6a7a4cc4410fb98a,FR04ABOM220722031,organized,OK,,1532,1898,551,1323,0.0,0.73,0.909,2.4,2,data/crops/organized/organized_FR04ABOM220722031_S2_6a7a4cc4410fb98a.jpg,2026-08-18T13:05:45+00:00
7927dc01992d4c10,FR04ABOM220722031,organized,OK,,1341,1536,559,1335,0.0,0.769,0.912,2.39,4,data/crops/organized/organized_FR04ABOM220722031_S3_7927dc01992d4c10.jpg,2026-08-18T13:05:45+00:00
f6d604e01fe13e6f,CD388861b,organized,OK,,1372,2150,268,689,0.0,0.977,0.842,2.57,1,data/crops/organized/organized_CD388861b_S2_f6d604e01fe13e6f.jpg,2026-08-18T13:05:46+00:00
753050243f266b43,FR04ABOM220722092,organized,OK,,2498,1769,489,1206,0.0,0.839,0.917,2.47,1,data/crops/organized/organized_FR04ABOM220722092_P1_753050243f266b43.jpg,2026-08-18T13:05:47+00:00
d0a0609588c13443,FR73ABOM130722005,organized,OK,,1291,2146,433,961,0.0,0.96,0.887,2.22,2,data/crops/organized/organized_FR73ABOM130722005_S2_d0a0609588c13443.jpg,2026-08-18T13:05:48+00:00
6ed883c199116c26,FR73ABOM120722021,organized,OK,,2451,1741,470,1140,0.0,0.702,0.922,2.42,2,data/crops/organized/organized_FR73ABOM120722021_P1_6ed883c199116c26.jpg,2026-08-18T13:05:49+00:00
79834c1fd58c6195,FR73ABOM120722042,organized,OK,,2392,1788,451,1078,0.0,0.952,0.923,2.39,1,data/crops/organized/organized_FR73ABOM120722042_P1_79834c1fd58c6195.jpg,2026-08-18T13:05:49+00:00
b83493581cd5815c,FR73ABOM200722037,organized,OK,,1152,2053,382,941,0.0,0.954,0.911,2.46,3,data/crops/organized/organized_FR73ABOM200722037_S2_b83493581cd5815c.jpg,2026-08-18T13:05:50+00:00
ee363c0ad125923a,ABAURA8212,organized,OK,,1140,1898,284,744,0.0,0.977,0.888,2.62,3,data/crops/organized/organized_ABAURA8212_S2_ee363c0ad125923a.jpg,2026-08-18T13:05:51+00:00
8abe69672f2fbdbc,FR04ABOM220722031,organized,OK,,1331,1803,630,1496,0.0,0.747,0.916,2.38,2,data/crops/organized/organized_FR04ABOM220722031_S1_8abe69672f2fbdbc.jpg,2026-08-18T13:05:51+00:00
786e2c0e8adb749b,CD388861b,organized,OK,,1538,2195,272,713,0.0,0.979,0.844,2.62,2,data/crops/organized/organized_CD388861b_S1_786e2c0e8adb749b.jpg,2026-08-18T13:05:52+00:00
35c7bb2d9ce5889d,FR04ABOM220722092,organized,OK,,2484,1762,494,1206,0.0,0.842,0.926,2.44,1,data/crops/organized/organized_FR04ABOM220722092_P2_35c7bb2d9ce5889d.jpg,2026-08-18T13:05:53+00:00
bb8321a38f8b1c34,ABAURA8212,organized,OK,,1006,1986,272,705,0.0,0.982,0.883,2.59,2,data/crops/organized/organized_ABAURA8212_S3_bb8321a38f8b1c34.jpg,2026-08-18T13:05:54+00:00
5c0861336b75d1e5,FR73ABOM130722005,organized,OK,,1347,2109,413,921,0.0,0.938,0.909,2.23,3,data/crops/organized/organized_FR73ABOM130722005_S1_5c0861336b75d1e5.jpg,2026-08-18T13:05:54+00:00
6f0d016069ce9289,FR73ABOM200722037,organized,OK,,1250,1900,382,941,0.0,0.959,0.899,2.46,2,data/crops/organized/organized_FR73ABOM200722037_S3_6f0d016069ce9289.jpg,2026-08-18T13:05:55+00:00
48494db019d06034,FR73ABOM120722021,organized,OK,,2420,1810,475,1135,0.0,0.603,0.93,2.39,1,data/crops/organized/organized_FR73ABOM120722021_P2_48494db019d06034.jpg,2026-08-18T13:05:56+00:00
e5396f9f0108d855,FR73ABOM120722042,organized,OK,,2339,1836,442,1088,0.0,0.934,0.935,2.46,1,data/crops/organized/organized_FR73ABOM120722042_P2_e5396f9f0108d855.jpg,2026-08-18T13:05:56+00:00
2c70ecb1d33a1761,FR73ABOM200722041,organized,OK,,2451,1693,470,1178,0.0,0.888,0.939,2.51,1,data/crops/organized/organized_FR73ABOM200722041_P2_2c70ecb1d33a1761.jpg,2026-08-18T13:05:57+00:00
289157370af3ca65,FR73ABOM200722039,organized,OK,,1191,2006,413,1059,0.0,0.889,0.894,2.56,2,data/crops/organized/organized_FR73ABOM200722039_S2_289157370af3ca65.jpg,2026-08-18T13:05:58+00:00
e3e4c245de34c68b,FR73ABOM200722039,organized,OK,,1207,2051,409,1059,0.0,0.866,0.891,2.59,3,data/crops/organized/organized_FR73ABOM200722039_S3_e3e4c245de34c68b.jpg,2026-08-18T13:05:59+00:00
9862b7d851abcc80,FR73ABOM200722041,organized,OK,,2453,1689,470,1135,0.0,0.644,0.933,2.41,2,data/crops/organized/organized_FR73ABOM200722041_P1_9862b7d851abcc80.jpg,2026-08-18T13:05:59+00:00
7e378ffc9327ceba,FR73ABOM200722039,organized,OK,,1295,1961,409,1079,0.0,0.893,0.863,2.63,2,data/crops/organized/organized_FR73ABOM200722039_S1_7e378ffc9327ceba.jpg,2026-08-18T13:06:00+00:00
0bfbc5dd17e44510,CD388623e,organized,OK,,2434,1822,100,261,0.0,0.446,0.781,2.62,3,data/crops/organized/organized_CD388623e_P1_0bfbc5dd17e44510.jpg,2026-08-18T13:06:01+00:00
9c318068904484d9,ABAURA8206,organized,OK,,1085,1727,343,910,0.0,0.985,0.889,2.66,3,data/crops/organized/organized_ABAURA8206_S3_9c318068904484d9.jpg,2026-08-18T13:06:01+00:00
48b05d78d14dacb6,ABAURA8228b,organized,OK,,2439,1822,100,242,0.0,0.313,0.845,2.43,1,data/crops/organized/organized_ABAURA8228b_P2_48b05d78d14dacb6.jpg,2026-08-18T13:06:02+00:00
f26bca0a30ed5d84,FR73ABOM130722006,organized,OK,,2342,1779,442,1092,0.0,0.888,0.912,2.47,1,data/crops/organized/organized_FR73ABOM130722006_P1_f26bca0a30ed5d84.jpg,2026-08-18T13:06:03+00:00
7b1f576878754b63,FR73ABOM200722040,organized,OK,,1414,2065,413,953,0.0,0.944,0.892,2.3,2,data/crops/organized/organized_FR73ABOM200722040_S3_7b1f576878754b63.jpg,2026-08-18T13:06:03+00:00
baf7f4f38865092d,FR73ABOM200722040,organized,OK,,1347,2091,417,945,0.0,0.908,0.899,2.26,3,data/crops/organized/organized_FR73ABOM200722040_S2_baf7f4f38865092d.jpg,2026-08-18T13:06:04+00:00
21f88e566860b63d,ABAURA8240d,organized,OK,,2399,1805,95,275,0.0,0.553,0.853,2.9,1,data/crops/organized/organized_ABAURA8240d_P1_21f88e566860b63d.jpg,2026-08-18T13:06:04+00:00
f6be15ca559b471b,FR73ABOM130722027,organized,OK,,1104,1603,425,1028,0.0,0.877,0.904,2.42,2,data/crops/organized/organized_FR73ABOM130722027_S1_f6be15ca559b471b.jpg,2026-08-18T13:06:05+00:00
31f9ebf86b75aa54,FR73ABOM200722034,organized,OK,,2501,1712,508,1221,0.0,0.72,0.929,2.4,1,data/crops/organized/organized_FR73ABOM200722034_P2_31f9ebf86b75aa54.jpg,2026-08-18T13:06:06+00:00
01f5bcc58d9e9a97,ABAURA8206,organized,OK,,789,1648,358,988,0.0,0.985,0.915,2.76,2,data/crops/organized/organized_ABAURA8206_S2_01f5bcc58d9e9a97.jpg,2026-08-18T13:06:06+00:00
e88811eae90cbc2f,FR73ABOM200722038,organized,OK,,2332,1800,494,1216,0.0,0.591,0.932,2.46,1,data/crops/organized/organized_FR73ABOM200722038_P2_e88811eae90cbc2f.jpg,2026-08-18T13:06:07+00:00
82b3ea49cf160121,FR73ABOM120722103,organized,OK,,2404,1860,537,1273,0.0,0.668,0.922,2.37,1,data/crops/organized/organized_FR73ABOM120722103_P2_82b3ea49cf160121.jpg,2026-08-18T13:06:07+00:00
e7bd05b0c85f6e83,CD388623e,organized,OK,,2408,1845,100,256,0.0,0.382,0.825,2.57,3,data/crops/organized/organized_CD388623e_P2_e7bd05b0c85f6e83.jpg,2026-08-18T13:06:08+00:00
1b0831643c0cc20d,ABAURA8228b,organized,OK,,2453,1834,95,242,0.0,0.14,0.804,2.55,1,data/crops/organized/organized_ABAURA8228b_P1_1b0831643c0cc20d.jpg,2026-08-18T13:06:09+00:00
8c2365703dd9bb54,FR73ABOM130722027,organized,OK,,1148,1807,410,1028,0.0,0.852,0.888,2.51,2,data/crops/organized/organized_FR73ABOM130722027_S3_8c2365703dd9bb54.jpg,2026-08-18T13:06:09+00:00
0937ca943b601875,FR73ABOM130722006,organized,OK,,2384,1779,442,1073,0.0,0.897,0.944,2.43,1,data/crops/organized/organized_FR73ABOM130722006_P2_0937ca943b601875.jpg,2026-08-18T13:06:10+00:00
dd948583a36dfa0d,FR73ABOM200722040,organized,OK,,1272,1994,429,976,0.0,0.888,0.882,2.28,2,data/crops/organized/organized_FR73ABOM200722040_S1_dd948583a36dfa0d.jpg,2026-08-18T13:06:11+00:00
7fa1e16b424941e7,FR73ABOM130722027,organized,OK,,1303,1666,410,1032,0.0,0.921,0.876,2.52,3,data/crops/organized/organized_FR73ABOM130722027_S2_7fa1e16b424941e7.jpg,2026-08-18T13:06:11+00:00
f8d156daf8140e1c,ABAURA8240d,organized,OK,,2418,1817,90,266,0.0,0.141,0.876,2.95,1,data/crops/organized/organized_ABAURA8240d_P2_f8d156daf8140e1c.jpg,2026-08-18T13:06:12+00:00
5f9e2b506bd559e6,ABAURA8206,organized,OK,,1061,1668,390,1043,0.0,0.563,0.916,2.68,2,data/crops/organized/organized_ABAURA8206_S1_5f9e2b506bd559e6.jpg,2026-08-18T13:06:12+00:00
bad35adae20298a0,FR73ABOM200722034,organized,OK,,2468,1760,508,1230,0.0,0.636,0.938,2.42,2,data/crops/organized/organized_FR73ABOM200722034_P1_bad35adae20298a0.jpg,2026-08-18T13:06:13+00:00
276e83d7d067f0ce,FR73ABOM200722038,organized,OK,,2408,1753,494,1216,0.0,0.732,0.918,2.46,1,data/crops/organized/organized_FR73ABOM200722038_P1_276e83d7d067f0ce.jpg,2026-08-18T13:06:14+00:00
60c0780e8ead0697,FR73ABOM120722103,organized,OK,,2439,1769,537,1259,0.0,0.749,0.931,2.35,2,data/crops/organized/organized_FR73ABOM120722103_P1_60c0780e8ead0697.jpg,2026-08-18T13:06:14+00:00
f6a6391b02930c37,FR73ABOM130722004,organized,OK,,2437,1772,484,1206,0.0,0.748,0.919,2.49,1,data/crops/organized/organized_FR73ABOM130722004_P2_f6a6391b02930c37.jpg,2026-08-18T13:06:15+00:00
c821b3d86ef13e5a,FR73ABOM140722039,organized,OK,,1364,1973,441,1036,0.0,0.851,0.902,2.35,2,data/crops/organized/organized_FR73ABOM140722039_S2_c821b3d86ef13e5a.jpg,2026-08-18T13:06:16+00:00
10c65d4a4ec40130,FR73ABOM130722046,organized,OK,,1313,2162,417,980,0.0,0.795,0.899,2.35,2,data/crops/organized/organized_FR73ABOM130722046_S3_10c65d4a4ec40130.jpg,2026-08-18T13:06:16+00:00
ef371a557785b928,FR73ABOM130722046,organized,OK,,1433,1988,433,1016,0.0,0.828,0.891,2.35,2,data/crops/organized/organized_FR73ABOM130722046_S2_ef371a557785b928.jpg,2026-08-18T13:06:17+00:00
113e41143fde5653,FR73ABOM140722039,organized,OK,,1270,1910,433,1020,0.0,0.863,0.893,2.35,3,data/crops/organized/organized_FR73ABOM140722039_S3_113e41143fde5653.jpg,2026-08-18T13:06:17+00:00
558ee31b272a3e7b,FR73ABOM130722004,organized,OK,,2510,1836,489,1202,0.0,0.669,0.941,2.46,2,data/crops/organized/organized_FR73ABOM130722004_P1_558ee31b272a3e7b.jpg,2026-08-18T13:06:18+00:00
3432b16f1147082f,FR73ABOM140722039,organized,OK,,1234,2079,425,1012,0.0,0.887,0.896,2.38,3,data/crops/organized/organized_FR73ABOM140722039_S1_3432b16f1147082f.jpg,2026-08-18T13:06:19+00:00
91936ad18f5ad91a,FR73ABOM130722046,organized,OK,,1410,1990,437,1040,0.0,0.91,0.902,2.38,2,data/crops/organized/organized_FR73ABOM130722046_S1_91936ad18f5ad91a.jpg,2026-08-18T13:06:19+00:00
46208fd35f0663bd,FR73ABOM130722004,organized,OK,,1081,2024,370,917,0.0,0.965,0.888,2.48,2,data/crops/organized/organized_FR73ABOM130722004_S1_46208fd35f0663bd.jpg,2026-08-18T13:06:20+00:00
e7de34520d0a1d14,FR73ABOM140722039,organized,OK,,2456,1767,513,1206,0.0,0.773,0.911,2.35,1,data/crops/organized/organized_FR73ABOM140722039_P1_e7de34520d0a1d14.jpg,2026-08-18T13:06:20+00:00
6b145a707d3bfe93,FR73ABOM130722046,organized,OK,,2377,1748,484,1183,0.0,0.828,0.944,2.44,1,data/crops/organized/organized_FR73ABOM130722046_P1_6b145a707d3bfe93.jpg,2026-08-18T13:06:21+00:00
f26fc1a8554f167e,FR73ABOM130722004,organized,OK,,1187,2069,358,902,0.0,0.948,0.906,2.52,2,data/crops/organized/organized_FR73ABOM130722004_S2_f26fc1a8554f167e.jpg,2026-08-18T13:06:22+00:00
7f78258b9d5e5f49,FR73ABOM140722039,organized,OK,,2437,1814,513,1216,0.0,0.713,0.922,2.37,1,data/crops/organized/organized_FR73ABOM140722039_P2_7f78258b9d5e5f49.jpg,2026-08-18T13:06:22+00:00
099bc019af55f816,FR73ABOM130722046,organized,OK,,2444,1729,484,1173,0.0,0.833,0.921,2.42,1,data/crops/organized/organized_FR73ABOM130722046_P2_099bc019af55f816.jpg,2026-08-18T13:06:23+00:00
e504c7019a2e2a7c,FR73ABOM130722004,organized,OK,,1002,1888,382,949,0.0,0.953,0.903,2.48,2,data/crops/organized/organized_FR73ABOM130722004_S3_e504c7019a2e2a7c.jpg,2026-08-18T13:06:23+00:00
5df577761e62874a,CD388623e,organized,OK,,1272,2036,276,701,0.0,0.98,0.845,2.54,4,data/crops/organized/organized_CD388623e_S2_5df577761e62874a.jpg,2026-08-18T13:06:24+00:00
a1b98eba90dab7eb,ABAURA8240d,organized,OK,,1087,2170,252,677,0.0,0.967,0.887,2.69,1,data/crops/organized/organized_ABAURA8240d_S3_a1b98eba90dab7eb.jpg,2026-08-18T13:06:24+00:00
a2f4f4cee5833e82,ABAURA8228b,organized,OK,,1299,1904,327,764,0.0,0.968,0.909,2.34,3,data/crops/organized/organized_ABAURA8228b_S1_a2f4f4cee5833e82.jpg,2026-08-18T13:06:25+00:00
771eea39b1c3510a,FR73ABOM130722006,organized,OK,,1193,1894,386,953,0.0,0.974,0.924,2.47,3,data/crops/organized/organized_FR73ABOM130722006_S2_771eea39b1c3510a.jpg,2026-08-18T13:06:26+00:00
6cb9207e841f5b18,FR73ABOM200722040,organized,OK,,2460,1776,494,1140,0.0,0.656,0.937,2.31,1,data/crops/organized/organized_FR73ABOM200722040_P1_6cb9207e841f5b18.jpg,2026-08-18T13:06:26+00:00
d738a3e998ffcf29,FR73ABOM130722006,organized,OK,,1284,1937,362,882,0.0,0.96,0.921,2.43,3,data/crops/organized/organized_FR73ABOM130722006_S3_d738a3e998ffcf29.jpg,2026-08-18T13:06:27+00:00
9ea99457e2f5df6e,FR73ABOM200722034,organized,OK,,1223,1847,457,1083,0.0,0.842,0.933,2.37,3,data/crops/organized/organized_FR73ABOM200722034_S1_9ea99457e2f5df6e.jpg,2026-08-18T13:06:27+00:00
814c95b0ff281620,ABAURA8206,organized,OK,,2404,1824,114,323,0.0,0.454,0.886,2.83,1,data/crops/organized/organized_ABAURA8206_P1_814c95b0ff281620.jpg,2026-08-18T13:06:28+00:00
29fac68fef095711,ABAURA8240d,organized,OK,,1238,2089,264,713,0.0,0.963,0.9,2.7,1,data/crops/organized/organized_ABAURA8240d_S2_29fac68fef095711.jpg,2026-08-18T13:06:29+00:00
3ac35088356e4976,FR73ABOM130722027,organized,OK,,2384,1731,489,1235,0.0,0.632,0.919,2.52,1,data/crops/organized/organized_FR73ABOM130722027_P2_3ac35088356e4976.jpg,2026-08-18T13:06:29+00:00
9c786332dceac120,CD388623e,organized,OK,,1258,1927,240,618,0.0,0.965,0.883,2.57,6,data/crops/organized/organized_CD388623e_S3_9c786332dceac120.jpg,2026-08-18T13:06:30+00:00
caacb4f34c6ecd04,FR73ABOM120722103,organized,OK,,1309,2120,461,1083,0.0,0.745,0.911,2.35,2,data/crops/organized/organized_FR73ABOM120722103_S1_caacb4f34c6ecd04.jpg,2026-08-18T13:06:31+00:00
9282eabf3c9df43e,FR73ABOM200722038,organized,OK,,1156,1888,398,1083,0.0,0.952,0.872,2.72,3,data/crops/organized/organized_FR73ABOM200722038_S1_9282eabf3c9df43e.jpg,2026-08-18T13:06:31+00:00
8d85f4eb982e7d45,FR73ABOM200722038,organized,OK,,1223,1835,425,1043,0.0,0.834,0.894,2.45,3,data/crops/organized/organized_FR73ABOM200722038_S3_8d85f4eb982e7d45.jpg,2026-08-18T13:06:32+00:00
58ddbc07eebeee00,FR73ABOM120722103,organized,OK,,1254,2158,449,1051,0.0,0.835,0.92,2.34,3,data/crops/organized/organized_FR73ABOM120722103_S3_58ddbc07eebeee00.jpg,2026-08-18T13:06:32+00:00
593085f19561e539,CD388623e,organized,OK,,1305,2126,299,744,0.0,0.986,0.878,2.49,5,data/crops/organized/organized_CD388623e_S1_593085f19561e539.jpg,2026-08-18T13:06:33+00:00
aabb095e47a2405e,FR73ABOM200722034,organized,OK,,1323,1947,453,1087,0.0,0.777,0.897,2.4,2,data/crops/organized/organized_FR73ABOM200722034_S3_aabb095e47a2405e.jpg,2026-08-18T13:06:34+00:00
32bf361eda3810f5,ABAURA8228b,organized,OK,,1266,1813,303,713,0.0,0.98,0.891,2.35,4,data/crops/organized/organized_ABAURA8228b_S2_32bf361eda3810f5.jpg,2026-08-18T13:06:34+00:00
82fee07f0d9a3e55,FR73ABOM130722006,organized,OK,,1097,1921,386,925,0.0,0.979,0.928,2.4,2,data/crops/organized/organized_FR73ABOM130722006_S1_82fee07f0d9a3e55.jpg,2026-08-18T13:06:35+00:00
c7ff4c797881ad9c,FR73ABOM200722040,organized,OK,,2477,1817,489,1135,0.0,0.76,0.933,2.32,1,data/crops/organized/organized_FR73ABOM200722040_P2_c7ff4c797881ad9c.jpg,2026-08-18T13:06:35+00:00
8d35bb0e318abc46,ABAURA8206,organized,OK,,2418,1805,114,314,0.0,0.233,0.893,2.75,1,data/crops/organized/organized_ABAURA8206_P2_8d35bb0e318abc46.jpg,2026-08-18T13:06:36+00:00
e25ec65e383b93f5,ABAURA8228b,organized,OK,,1142,1904,295,701,0.0,0.98,0.897,2.37,4,data/crops/organized/organized_ABAURA8228b_S3_e25ec65e383b93f5.jpg,2026-08-18T13:06:36+00:00
2b0232a9737e8943,FR73ABOM200722034,organized,OK,,1402,2034,445,1063,0.0,0.797,0.897,2.39,2,data/crops/organized/organized_FR73ABOM200722034_S2_2b0232a9737e8943.jpg,2026-08-18T13:06:37+00:00
5a5efd17a2622447,FR73ABOM130722027,organized,OK,,2482,1796,494,1211,0.0,0.448,0.929,2.45,1,data/crops/organized/organized_FR73ABOM130722027_P1_5a5efd17a2622447.jpg,2026-08-18T13:06:38+00:00
393bad81e376640a,ABAURA8240d,organized,OK,,1175,2120,256,697,0.0,0.979,0.903,2.72,2,data/crops/organized/organized_ABAURA8240d_S1_393bad81e376640a.jpg,2026-08-18T13:06:38+00:00
16fb7e185797c594,FR73ABOM120722103,organized,OK,,1416,2057,445,1043,0.0,0.859,0.926,2.35,2,data/crops/organized/organized_FR73ABOM120722103_S2_16fb7e185797c594.jpg,2026-08-18T13:06:39+00:00
8723029029b917f9,FR73ABOM200722038,organized,OK,,1191,1896,421,1028,0.0,0.814,0.901,2.44,3,data/crops/organized/organized_FR73ABOM200722038_S2_8723029029b917f9.jpg,2026-08-18T13:06:39+00:00
4f6c9474bbe1d13d,FR73ABOM200722041,organized,OK,,1219,1843,394,973,0.0,0.925,0.9,2.47,2,data/crops/organized/organized_FR73ABOM200722041_S1_4f6c9474bbe1d13d.jpg,2026-08-18T13:06:40+00:00
208c787ce97a2e8e,FR73ABOM200722039,organized,OK,,2377,1712,480,1240,0.0,0.727,0.926,2.58,1,data/crops/organized/organized_FR73ABOM200722039_P1_208c787ce97a2e8e.jpg,2026-08-18T13:06:41+00:00
53006a783ac4f6fd,FR73ABOM200722041,organized,OK,,1122,2040,378,906,0.0,0.98,0.892,2.4,4,data/crops/organized/organized_FR73ABOM200722041_S2_53006a783ac4f6fd.jpg,2026-08-18T13:06:41+00:00
34ee6811d8016b73,FR73ABOM200722039,organized,OK,,2382,1720,475,1240,0.0,0.612,0.919,2.61,2,data/crops/organized/organized_FR73ABOM200722039_P2_34ee6811d8016b73.jpg,2026-08-18T13:06:42+00:00
ea5528420a9badee,FR73ABOM200722041,organized,OK,,1108,2047,394,941,0.0,0.973,0.885,2.39,3,data/crops/organized/organized_FR73ABOM200722041_S3_ea5528420a9badee.jpg,2026-08-18T13:06:42+00:00
8f55ac7a93e40731,FR73ABOM120722042,organized,OK,,1140,2103,394,933,0.0,0.951,0.907,2.37,2,data/crops/organized/organized_FR73ABOM120722042_S3_8f55ac7a93e40731.jpg,2026-08-18T13:06:43+00:00
0214972d7977bd14,FR73ABOM120722021,organized,OK,,1144,2097,350,831,0.0,0.988,0.902,2.37,2,data/crops/organized/organized_FR73ABOM120722021_S3_0214972d7977bd14.jpg,2026-08-18T13:06:44+00:00
0e50eb611cdc3d9e,FR73ABOM200722037,organized,OK,,2387,1796,437,1078,0.0,0.761,0.946,2.47,1,data/crops/organized/organized_FR73ABOM200722037_P2_0e50eb611cdc3d9e.jpg,2026-08-18T13:06:44+00:00
7e173378674bd4d0,FR04ABOM220722092,organized,OK,,1427,1894,417,1012,0.0,0.921,0.9,2.42,3,data/crops/organized/organized_FR04ABOM220722092_S3_7e173378674bd4d0.jpg,2026-08-18T13:06:45+00:00
8916d2b67ff83635,ABAURA8212,organized,OK,,2451,1838,104,276,0.0,0.65,0.871,2.64,1,data/crops/organized/organized_ABAURA8212_P2_8916d2b67ff83635.jpg,2026-08-18T13:06:45+00:00
8a73c15b67d769dd,FR04ABOM220722031,organized,OK,,2437,1691,466,1159,0.0,0.439,0.954,2.49,1,data/crops/organized/organized_FR04ABOM220722031_P1_8a73c15b67d769dd.jpg,2026-08-18T13:06:46+00:00
a19122fdffe22e27,CD388861b,organized,OK,,2439,1814,86,252,0.0,0.295,0.812,2.94,1,data/crops/organized/organized_CD388861b_P1_a19122fdffe22e27.jpg,2026-08-18T13:06:47+00:00
f923c6fed74fe689,FR04ABOM220722092,organized,OK,,1431,1847,417,1020,0.0,0.898,0.898,2.44,4,data/crops/organized/organized_FR04ABOM220722092_S2_f923c6fed74fe689.jpg,2026-08-18T13:06:47+00:00
d4661d90b2c2b5c4,FR73ABOM130722005,organized,OK,,2439,1762,513,1135,0.0,0.649,0.927,2.21,1,data/crops/organized/organized_FR73ABOM130722005_P1_d4661d90b2c2b5c4.jpg,2026-08-18T13:06:48+00:00
4f6052629b3e1df4,FR73ABOM120722021,organized,OK,,1175,1862,402,965,0.0,0.981,0.904,2.4,3,data/crops/organized/organized_FR73ABOM120722021_S2_4f6052629b3e1df4.jpg,2026-08-18T13:06:48+00:00
72b260fa8091f536,FR73ABOM120722042,organized,OK,,988,2227,390,913,0.0,0.909,0.902,2.34,2,data/crops/organized/organized_FR73ABOM120722042_S2_72b260fa8091f536.jpg,2026-08-18T13:06:49+00:00
2aa0edf2f211988d,FR73ABOM200722037,organized,OK,,2420,1812,432,1078,0.0,0.75,0.942,2.49,1,data/crops/organized/organized_FR73ABOM200722037_P1_2aa0edf2f211988d.jpg,2026-08-18T13:06:49+00:00
e5531800fd3cdf6e,ABAURA8212,organized,OK,,2463,1843,104,271,0.0,0.528,0.862,2.59,1,data/crops/organized/organized_ABAURA8212_P1_e5531800fd3cdf6e.jpg,2026-08-18T13:06:50+00:00
4bec4ad8d52490c0,FR04ABOM220722031,organized,OK,,2380,1776,466,1150,0.0,0.819,0.949,2.47,2,data/crops/organized/organized_FR04ABOM220722031_P2_4bec4ad8d52490c0.jpg,2026-08-18T13:06:51+00:00
61f3257bb8fd7025,CD388861b,organized,OK,,2442,1836,90,256,0.0,0.607,0.854,2.84,2,data/crops/organized/organized_CD388861b_P2_61f3257bb8fd7025.jpg,2026-08-18T13:06:51+00:00
bdeac16bdc88a4f0,FR04ABOM220722092,organized,OK,,1305,1876,413,1004,0.0,0.895,0.899,2.43,4,data/crops/organized/organized_FR04ABOM220722092_S1_bdeac16bdc88a4f0.jpg,2026-08-18T13:06:52+00:00
c65a5dbe26ae86c7,FR73ABOM130722005,organized,OK,,2449,1729,513,1135,0.0,0.599,0.924,2.21,2,data/crops/organized/organized_FR73ABOM130722005_P2_c65a5dbe26ae86c7.jpg,2026-08-18T13:06:52+00:00
9c9f4ca45b7d388a,FR73ABOM120722021,organized,OK,,1164,1910,425,1012,0.0,0.857,0.906,2.38,2,data/crops/organized/organized_FR73ABOM120722021_S1_9c9f4ca45b7d388a.jpg,2026-08-18T13:06:53+00:00
615da022f2c8d3ae,FR73ABOM120722042,organized,OK,,1140,1943,382,933,0.0,0.96,0.889,2.44,2,data/crops/organized/organized_FR73ABOM120722042_S1_615da022f2c8d3ae.jpg,2026-08-18T13:06:54+00:00
7d0b25806e142798,FR04ABOM220722089,organized,OK,,1614,1372,532,1244,0.0,0.644,0.928,2.34,2,data/crops/organized/organized_FR04ABOM220722089_S1_7d0b25806e142798.jpg,2026-08-18T13:06:54+00:00
d5f583cf7a453ef6,FR04ABOM220722089,organized,OK,,1443,1447,539,1256,0.0,0.716,0.934,2.33,3,data/crops/organized/organized_FR04ABOM220722089_S3_d5f583cf7a453ef6.jpg,2026-08-18T13:06:55+00:00
0ea7427c54923eb6,FR04ABOM220722089,organized,OK,,1244,1512,528,1236,0.0,0.734,0.911,2.34,3,data/crops/organized/organized_FR04ABOM220722089_S2_0ea7427c54923eb6.jpg,2026-08-18T13:06:55+00:00
46aed223d7e4b927,FR04ABOM220722089,organized,OK,,2292,1798,689,1610,0.0,0.148,0.94,2.34,1,data/crops/organized/organized_FR04ABOM220722089_P2_46aed223d7e4b927.jpg,2026-08-18T13:06:56+00:00
970fde072567a9b1,FR04ABOM220722089,organized,OK,,2318,1793,689,1606,0.0,0.226,0.936,2.33,1,data/crops/organized/organized_FR04ABOM220722089_P1_970fde072567a9b1.jpg,2026-08-18T13:06:56+00:00
5d5bd2289246fe62,FR15ABOM210821107,organized,OK,,2442,1810,608,1264,0.0,0.76,0.921,2.08,1,data/crops/organized/organized_FR15ABOM210821107_P2_5d5bd2289246fe62.jpg,2026-08-18T13:06:57+00:00
21d94f60f0f1f62c,FR15ABOM150720008,organized,OK,,1412,2004,402,965,0.0,0.568,0.914,2.4,2,data/crops/organized/organized_FR15ABOM150720008_S2_21d94f60f0f1f62c.jpg,2026-08-18T13:06:58+00:00
69e2c17e8316d51f,FR15ABOM210821110,organized,OK,,1486,1886,457,1043,0.0,0.821,0.908,2.28,2,data/crops/organized/organized_FR15ABOM210821110_S2_69e2c17e8316d51f.jpg,2026-08-18T13:06:58+00:00
0144694e115fff97,FR15ABOM210821115,organized,OK,,2446,1798,565,1340,0.0,0.664,0.936,2.37,1,data/crops/organized/organized_FR15ABOM210821115_P2_0144694e115fff97.jpg,2026-08-18T13:06:59+00:00
bbcd8d44aee30a15,NoName15,organized,OK,,2422,1717,451,1054,0.0,0.604,0.946,2.34,2,data/crops/organized/organized_NoName15_P1_bbcd8d44aee30a15.jpg,2026-08-18T13:06:59+00:00
7c445821efff56c5,FR15ABOM210822012,organized,OK,,2470,1793,556,1226,0.0,0.76,0.953,2.21,1,data/crops/organized/organized_FR15ABOM210822012_P2_7c445821efff56c5.jpg,2026-08-18T13:07:00+00:00
541a93fa9f9ea3bf,FR15ABOM200821010,organized,OK,,2498,1803,556,1216,0.0,0.816,0.925,2.19,1,data/crops/organized/organized_FR15ABOM200821010_P1_541a93fa9f9ea3bf.jpg,2026-08-18T13:07:01+00:00
4f25474c0707295f,FR15ABOM170821030,organized,OK,,2425,1800,560,1249,0.0,0.76,0.935,2.23,1,data/crops/organized/organized_FR15ABOM170821030_P2_4f25474c0707295f.jpg,2026-08-18T13:07:01+00:00
a443d30852371834,FR15ABOM210821110,organized,OK,,1569,1973,449,1043,0.0,0.783,0.889,2.32,2,data/crops/organized/organized_FR15ABOM210821110_S3_a443d30852371834.jpg,2026-08-18T13:07:02+00:00
f1b3e6ead8e308c4,FR15ABOM150720008,organized,OK,,1417,1965,409,945,0.0,0.52,0.928,2.31,3,data/crops/organized/organized_FR15ABOM150720008_S3_f1b3e6ead8e308c4.jpg,2026-08-18T13:07:02+00:00
4a2010ba82bf8592,FR15ABOM210821107,organized,OK,,2475,1784,603,1264,0.0,0.743,0.924,2.09,2,data/crops/organized/organized_FR15ABOM210821107_P1_4a2010ba82bf8592.jpg,2026-08-18T13:07:03+00:00
71af3f69c6a306cf,FR15ABOM150720008,organized,OK,,1453,1790,421,969,0.0,0.552,0.911,2.3,3,data/crops/organized/organized_FR15ABOM150720008_S1_71af3f69c6a306cf.jpg,2026-08-18T13:07:03+00:00
d0dac4b3a6c8ccad,FR15ABOM210821110,organized,OK,,1378,1990,453,1024,0.0,0.83,0.857,2.26,2,data/crops/organized/organized_FR15ABOM210821110_S1_d0dac4b3a6c8ccad.jpg,2026-08-18T13:07:04+00:00
50f28dbe07ae19eb,FR15ABOM210821115,organized,OK,,2451,1784,565,1330,0.0,0.635,0.943,2.35,1,data/crops/organized/organized_FR15ABOM210821115_P1_50f28dbe07ae19eb.jpg,2026-08-18T13:07:05+00:00
02ab5c5868010632,NoName15,organized,OK,,2489,1800,465,1045,0.0,0.773,0.936,2.24,2,data/crops/organized/organized_NoName15_P2_02ab5c5868010632.jpg,2026-08-18T13:07:05+00:00
da72dafb91ec87b0,FR15ABOM210822012,organized,OK,,2456,1824,560,1216,0.0,0.728,0.956,2.17,1,data/crops/organized/organized_FR15ABOM210822012_P1_da72dafb91ec87b0.jpg,2026-08-18T13:07:06+00:00
6a05960669a156f7,FR15ABOM200821010,organized,OK,,2482,1807,556,1221,0.0,0.838,0.93,2.2,1,data/crops/organized/organized_FR15ABOM200821010_P2_6a05960669a156f7.jpg,2026-08-18T13:07:06+00:00
13ccc34ed1953fae,FR15ABOM170821030,organized,OK,,2437,1776,560,1235,0.0,0.822,0.94,2.2,1,data/crops/organized/organized_FR15ABOM170821030_P1_13ccc34ed1953fae.jpg,2026-08-18T13:07:07+00:00
3938b4b459330388,FR15ABOM210821100,organized,OK,,1451,1701,488,1075,0.0,0.867,0.878,2.2,1,data/crops/organized/organized_FR15ABOM210821100_S1_3938b4b459330388.jpg,2026-08-18T13:07:07+00:00
8a4270d37e4ca1c8,15L2021-1748,organized,OK,,1471,2152,413,996,0.0,0.775,0.9,2.41,3,data/crops/organized/organized_15L2021-1748_S1_8a4270d37e4ca1c8.jpg,2026-08-18T13:07:08+00:00
a6c65ae16dbe1bc4,ABAURA8885,organized,OK,,2468,1831,157,347,0.0,0.798,0.923,2.21,1,data/crops/organized/organized_ABAURA8885_P2_a6c65ae16dbe1bc4.jpg,2026-08-18T13:07:09+00:00
520f8860f9487e39,FR15ABOM200821005,organized,OK,,1496,1813,469,1008,0.0,0.786,0.88,2.15,2,data/crops/organized/organized_FR15ABOM200821005_S3_520f8860f9487e39.jpg,2026-08-18T13:07:09+00:00
7c2d82191780de60,FR15ABOM200821005,organized,OK,,1610,1780,449,961,0.0,0.818,0.901,2.14,3,data/crops/organized/organized_FR15ABOM200821005_S2_7c2d82191780de60.jpg,2026-08-18T13:07:10+00:00
df7dd155b8c317a6,FR15ABOM210822015,organized,OK,,1325,1925,441,973,0.0,0.807,0.886,2.21,2,data/crops/organized/organized_FR15ABOM210822015_S1_df7dd155b8c317a6.jpg,2026-08-18T13:07:10+00:00
bfb7c27df20dd12a,FR15ABOM210821100,organized,OK,,1628,1721,465,1012,0.0,0.875,0.893,2.18,2,data/crops/organized/organized_FR15ABOM210821100_S2_bfb7c27df20dd12a.jpg,2026-08-18T13:07:11+00:00
bee501b2e7c23de0,15L2021-1748,organized,OK,,1461,1920,406,984,0.0,0.851,0.907,2.43,2,data/crops/organized/organized_15L2021-1748_S2_bee501b2e7c23de0.jpg,2026-08-18T13:07:11+00:00
4f385a07e9407caf,ABAURA8885,organized,OK,,2460,1800,162,352,0.0,0.897,0.921,2.18,3,data/crops/organized/organized_ABAURA8885_P1_4f385a07e9407caf.jpg,2026-08-18T13:07:12+00:00
c590fed4a218ea8d,FR15ABOM210822015,organized,OK,,1390,1693,417,937,0.0,0.978,0.91,2.25,2,data/crops/organized/organized_FR15ABOM210822015_S3_c590fed4a218ea8d.jpg,2026-08-18T13:07:13+00:00
1cb5681c35b4f497,FR15ABOM200821005,organized,OK,,1561,1790,437,949,0.0,0.87,0.856,2.17,2,data/crops/organized/organized_FR15ABOM200821005_S1_1cb5681c35b4f497.jpg,2026-08-18T13:07:13+00:00
b3ced48ac9b21982,FR15ABOM210822015,organized,OK,,1356,1876,429,949,0.0,0.773,0.906,2.21,2,data/crops/organized/organized_FR15ABOM210822015_S2_b3ced48ac9b21982.jpg,2026-08-18T13:07:14+00:00
14e29e37d1c5e76e,15L2021-1748,organized,OK,,1569,1931,406,980,0.0,0.867,0.908,2.42,2,data/crops/organized/organized_15L2021-1748_S3_14e29e37d1c5e76e.jpg,2026-08-18T13:07:14+00:00
c6b55fbd3e5e3ac2,FR15ABOM210821100,organized,OK,,1563,1642,441,969,0.0,0.847,0.882,2.2,2,data/crops/organized/organized_FR15ABOM210821100_S3_c6b55fbd3e5e3ac2.jpg,2026-08-18T13:07:15+00:00
b6c44c5ea73c1d71,FR15ABOM210822014,organized,OK,,2518,1848,580,1320,0.0,0.624,0.94,2.28,1,data/crops/organized/organized_FR15ABOM210822014_P1_b6c44c5ea73c1d71.jpg,2026-08-18T13:07:15+00:00
5e7a2a09b39d306c,FR15ABOM170821030b,organized,OK,,2432,1796,522,1244,0.0,0.797,0.937,2.38,1,data/crops/organized/organized_FR15ABOM170821030b_P1_5e7a2a09b39d306c.jpg,2026-08-18T13:07:16+00:00
2160123c866540a1,NoName3,organized,OK,,2437,1812,166,380,0.0,0.787,0.906,2.29,2,data/crops/organized/organized_NoName3_P2_2160123c866540a1.jpg,2026-08-18T13:07:17+00:00
37870bd94f422cd0,FR15ABOM170821030b,organized,OK,,2472,1810,522,1211,0.0,0.813,0.942,2.32,1,data/crops/organized/organized_FR15ABOM170821030b_P2_37870bd94f422cd0.jpg,2026-08-18T13:07:17+00:00
e27d3deb3aed7cc3,FR15ABOM210822014,organized,OK,,2503,1848,580,1311,0.0,0.703,0.93,2.26,2,data/crops/organized/organized_FR15ABOM210822014_P2_e27d3deb3aed7cc3.jpg,2026-08-18T13:07:18+00:00
863e92a4f63e1efe,NoName3,organized,OK,,2425,1829,162,385,0.0,0.885,0.901,2.38,4,data/crops/organized/organized_NoName3_P1_863e92a4f63e1efe.jpg,2026-08-18T13:07:18+00:00
c73c3ac02033dd51,FR15ABOM210821048,organized,OK,,2508,1831,546,1206,0.0,0.867,0.941,2.21,2,data/crops/organized/organized_FR15ABOM210821048_P2_c73c3ac02033dd51.jpg,2026-08-18T13:07:19+00:00
e0da77c833bc9aa8,FR15ABOM210821014,organized,OK,,1738,1723,406,973,0.0,0.947,0.898,2.4,3,data/crops/organized/organized_FR15ABOM210821014_S3_e0da77c833bc9aa8.jpg,2026-08-18T13:07:19+00:00
51b42246c235ec52,FR15ABOM210822013,organized,OK,,1784,1857,429,984,0.0,0.842,0.876,2.29,3,data/crops/organized/organized_FR15ABOM210822013_S2_51b42246c235ec52.jpg,2026-08-18T13:07:20+00:00
af953dd081b05806,FR15ABOM210822016,organized,OK,,2453,1810,560,1259,0.0,0.842,0.95,2.25,1,data/crops/organized/organized_FR15ABOM210822016_P2_af953dd081b05806.jpg,2026-08-18T13:07:21+00:00
20e93f9e781ac5fe,NoName14,organized,OK,,1463,1953,449,1020,0.0,0.829,0.901,2.27,3,data/crops/organized/organized_NoName14_S1_20e93f9e781ac5fe.jpg,2026-08-18T13:07:21+00:00
1cc2e2584fce4d47,FR15ABOM210822013,organized,OK,,1591,1829,437,984,0.0,0.841,0.876,2.25,4,data/crops/organized/organized_FR15ABOM210822013_S3_1cc2e2584fce4d47.jpg,2026-08-18T13:07:22+00:00
ca8bbf9b929516ad,FR15ABOM210821014,organized,OK,,1463,1851,402,949,0.0,0.922,0.908,2.36,2,data/crops/organized/organized_FR15ABOM210821014_S2_ca8bbf9b929516ad.jpg,2026-08-18T13:07:22+00:00
c4042b709edabf5d,FR15ABOM200821209,organized,OK,,2520,1828,1266,642,-9.386,0.752,0.9,1.97,1,data/crops/organized/organized_FR15ABOM200821209_P2_c4042b709edabf5d.jpg,2026-08-18T13:07:23+00:00
30c7f1b8a62a4a86,FR15ABOM210821048,organized,OK,,2453,1860,537,1202,0.0,0.816,0.949,2.24,1,data/crops/organized/organized_FR15ABOM210821048_P1_30c7f1b8a62a4a86.jpg,2026-08-18T13:07:23+00:00
12a4079143d8982f,FR15ABOM210822013,organized,OK,,1660,2051,425,988,0.0,0.924,0.862,2.32,2,data/crops/organized/organized_FR15ABOM210822013_S1_12a4079143d8982f.jpg,2026-08-18T13:07:24+00:00
4d07856e3ffa169e,NoName14,organized,OK,,1740,1870,473,1079,0.0,0.772,0.921,2.28,2,data/crops/organized/organized_NoName14_S3_4d07856e3ffa169e.jpg,2026-08-18T13:07:25+00:00
18eeb893c1dc5bdc,FR15ABOM210822016,organized,OK,,2439,1836,556,1259,0.0,0.846,0.945,2.26,1,data/crops/organized/organized_FR15ABOM210822016_P1_18eeb893c1dc5bdc.jpg,2026-08-18T13:07:25+00:00
c47ff77c80977a8e,NoName14,organized,OK,,1705,1963,476,1102,0.0,0.858,0.918,2.31,2,data/crops/organized/organized_NoName14_S2_c47ff77c80977a8e.jpg,2026-08-18T13:07:26+00:00
11f9f9e12a6ea6ef,FR15ABOM200821209,organized,OK,,2492,1800,1271,639,-10.491,0.707,0.892,1.99,1,data/crops/organized/organized_FR15ABOM200821209_P1_11f9f9e12a6ea6ef.jpg,2026-08-18T13:07:26+00:00
2e6bceb75755aabf,FR15ABOM210821014,organized,OK,,1400,1858,410,973,0.0,0.938,0.892,2.37,2,data/crops/organized/organized_FR15ABOM210821014_S1_2e6bceb75755aabf.jpg,2026-08-18T13:07:27+00:00
10b8318c5e3cb9e3,FR15ABOM210821048,organized,OK,,1299,1886,441,992,0.0,0.76,0.903,2.25,2,data/crops/organized/organized_FR15ABOM210821048_S1_10b8318c5e3cb9e3.jpg,2026-08-18T13:07:27+00:00
07ae35c8ecfa5592,FR15ABOM210822013,organized,OK,,2437,1788,527,1197,0.0,0.809,0.931,2.27,1,data/crops/organized/organized_FR15ABOM210822013_P1_07ae35c8ecfa5592.jpg,2026-08-18T13:07:28+00:00
dccb77f374b157db,FR15ABOM210822016,organized,OK,,1372,1837,429,973,0.0,0.882,0.9,2.27,5,data/crops/organized/organized_FR15ABOM210822016_S1_dccb77f374b157db.jpg,2026-08-18T13:07:29+00:00
bdc2db5aa3f03d2a,NoName14,organized,OK,,2425,1784,575,1297,0.0,0.657,0.949,2.26,2,data/crops/organized/organized_NoName14_P2_bdc2db5aa3f03d2a.jpg,2026-08-18T13:07:29+00:00
128e8c1ab3d32225,FR15ABOM210821014,organized,OK,,2498,1765,489,1159,0.0,0.852,0.946,2.37,1,data/crops/organized/organized_FR15ABOM210821014_P1_128e8c1ab3d32225.jpg,2026-08-18T13:07:30+00:00
dff2b92d323046bb,FR15ABOM200821209,organized,OK,,1452,1834,1060,536,-12.057,0.836,0.869,1.98,5,data/crops/organized/organized_FR15ABOM200821209_S1_dff2b92d323046bb.jpg,2026-08-18T13:07:30+00:00
12923b750ef99a17,FR15ABOM200821209,organized,OK,,1571,1934,1015,510,-12.588,0.832,0.888,1.99,2,data/crops/organized/organized_FR15ABOM200821209_S3_12923b750ef99a17.jpg,2026-08-18T13:07:31+00:00
1925980b051b8434,FR15ABOM210821048,organized,OK,,1268,1961,433,969,0.0,0.858,0.899,2.24,2,data/crops/organized/organized_FR15ABOM210821048_S2_1925980b051b8434.jpg,2026-08-18T13:07:31+00:00
40f7ce067f28aa1c,FR15ABOM210822013,organized,OK,,2456,1788,527,1206,0.0,0.844,0.926,2.29,1,data/crops/organized/organized_FR15ABOM210822013_P2_40f7ce067f28aa1c.jpg,2026-08-18T13:07:32+00:00
42400cc6f31568de,FR15ABOM210822016,organized,OK,,1455,1851,433,996,0.0,0.906,0.901,2.3,5,data/crops/organized/organized_FR15ABOM210822016_S2_42400cc6f31568de.jpg,2026-08-18T13:07:33+00:00
95d0e12eadf1597b,FR15ABOM210822016,organized,OK,,1486,2075,425,973,0.0,0.895,0.899,2.29,5,data/crops/organized/organized_FR15ABOM210822016_S3_95d0e12eadf1597b.jpg,2026-08-18T13:07:33+00:00
69c9f51fbf6c7b8f,NoName14,organized,OK,,2427,1786,570,1302,0.0,0.656,0.949,2.28,1,data/crops/organized/organized_NoName14_P1_69c9f51fbf6c7b8f.jpg,2026-08-18T13:07:34+00:00
73fd062dfe5aa651,FR15ABOM210821048,organized,OK,,1408,1990,453,1020,0.0,0.896,0.91,2.25,4,data/crops/organized/organized_FR15ABOM210821048_S3_73fd062dfe5aa651.jpg,2026-08-18T13:07:34+00:00
d74da2e217dd4c5d,FR15ABOM200821209,organized,OK,,1500,1910,559,976,0.0,0.516,0.844,1.75,3,data/crops/organized/organized_FR15ABOM200821209_S2_d74da2e217dd4c5d.jpg,2026-08-18T13:07:35+00:00
5d3a27cdef6e64c0,FR15ABOM210821014,organized,OK,,2503,1753,484,1140,0.0,0.896,0.952,2.35,1,data/crops/organized/organized_FR15ABOM210821014_P2_5d3a27cdef6e64c0.jpg,2026-08-18T13:07:35+00:00
62eeee600e5d97b8,FR15ABOM170821030b,organized,OK,,1640,1868,398,933,0.0,0.962,0.904,2.35,3,data/crops/organized/organized_FR15ABOM170821030b_S2_62eeee600e5d97b8.jpg,2026-08-18T13:07:36+00:00
6c9ea8f3acba2dd3,FR15ABOM210822014,organized,OK,,1482,1805,429,980,0.0,0.794,0.908,2.28,2,data/crops/organized/organized_FR15ABOM210822014_S2_6c9ea8f3acba2dd3.jpg,2026-08-18T13:07:36+00:00
158946463f9231ff,FR15ABOM170821030b,organized,OK,,1634,1770,390,945,0.0,0.886,0.904,2.42,4,data/crops/organized/organized_FR15ABOM170821030b_S3_158946463f9231ff.jpg,2026-08-18T13:07:37+00:00
74dd7defba756af8,FR15ABOM210822014,organized,OK,,1345,1937,417,949,0.0,0.79,0.894,2.27,3,data/crops/organized/organized_FR15ABOM210822014_S3_74dd7defba756af8.jpg,2026-08-18T13:07:38+00:00
45093ce3d06382d7,NoName3,organized,OK,,1097,1699,437,1028,0.0,0.85,0.886,2.35,6,data/crops/organized/organized_NoName3_S1_45093ce3d06382d7.jpg,2026-08-18T13:07:38+00:00
b24425a01ac4752d,NoName3,organized,OK,,910,1799,394,929,0.0,0.964,0.887,2.36,5,data/crops/organized/organized_NoName3_S3_b24425a01ac4752d.jpg,2026-08-18T13:07:39+00:00
5a0fa5551c32ae70,FR15ABOM210822014,organized,OK,,1484,1998,469,1071,0.0,0.749,0.902,2.29,3,data/crops/organized/organized_FR15ABOM210822014_S1_5a0fa5551c32ae70.jpg,2026-08-18T13:07:39+00:00
4645f8d0b53ec890,FR15ABOM170821030b,organized,OK,,1540,1860,398,953,0.0,0.956,0.884,2.4,2,data/crops/organized/organized_FR15ABOM170821030b_S1_4645f8d0b53ec890.jpg,2026-08-18T13:07:40+00:00
cadb5b301de8e736,NoName3,organized,OK,,1018,1910,409,973,0.0,0.926,0.866,2.38,4,data/crops/organized/organized_NoName3_S2_cadb5b301de8e736.jpg,2026-08-18T13:07:40+00:00
b489aebac5709daf,FR15ABOM210821100,organized,OK,,2418,1807,575,1264,0.0,0.747,0.933,2.2,1,data/crops/organized/organized_FR15ABOM210821100_P2_b489aebac5709daf.jpg,2026-08-18T13:07:41+00:00
17ac47f8ed35a550,15L2021-1748,organized,OK,,2460,1800,513,1263,0.0,0.73,0.941,2.46,1,data/crops/organized/organized_15L2021-1748_P2_17ac47f8ed35a550.jpg,2026-08-18T13:07:42+00:00
1ef20c5058846cc9,ABAURA8885,organized,OK,,1264,1750,445,961,0.0,0.966,0.878,2.16,3,data/crops/organized/organized_ABAURA8885_S1_1ef20c5058846cc9.jpg,2026-08-18T13:07:42+00:00
1706cfb2574593a9,FR15ABOM200821005,organized,OK,,2475,1760,556,1197,0.0,0.877,0.936,2.15,1,data/crops/organized/organized_FR15ABOM200821005_P1_1706cfb2574593a9.jpg,2026-08-18T13:07:43+00:00
fcc493337e1c351a,FR15ABOM210822015,organized,OK,,2465,1803,556,1244,0.0,0.648,0.946,2.24,1,data/crops/organized/organized_FR15ABOM210822015_P2_fcc493337e1c351a.jpg,2026-08-18T13:07:43+00:00
a16a2ad0a0abec8e,FR15ABOM210821100,organized,OK,,2477,1743,570,1259,0.0,0.842,0.929,2.21,1,data/crops/organized/organized_FR15ABOM210821100_P1_a16a2ad0a0abec8e.jpg,2026-08-18T13:07:44+00:00
31c44cea4e5c0df1,15L2021-1748,organized,OK,,2460,1814,513,1264,0.0,0.737,0.942,2.46,2,data/crops/organized/organized_15L2021-1748_P1_31c44cea4e5c0df1.jpg,2026-08-18T13:07:45+00:00
340691452a737acb,ABAURA8885,organized,OK,,1012,1740,402,866,0.0,0.909,0.886,2.16,2,data/crops/organized/organized_ABAURA8885_S2_340691452a737acb.jpg,2026-08-18T13:07:45+00:00
48a2426e63ed3186,FR15ABOM200821005,organized,OK,,2506,1779,556,1202,0.0,0.852,0.928,2.16,1,data/crops/organized/organized_FR15ABOM200821005_P2_48a2426e63ed3186.jpg,2026-08-18T13:07:46+00:00
c53e929c4ab17765,FR15ABOM210822015,organized,OK,,2475,1805,560,1244,0.0,0.653,0.939,2.22,1,data/crops/organized/organized_FR15ABOM210822015_P1_c53e929c4ab17765.jpg,2026-08-18T13:07:46+00:00
595a266320f1827c,ABAURA8885,organized,OK,,1079,1819,402,850,0.0,0.945,0.872,2.12,3,data/crops/organized/organized_ABAURA8885_S3_595a266320f1827c.jpg,2026-08-18T13:07:47+00:00
882eb1de25507edd,FR15ABOM210821107,organized,OK,,1032,1827,488,1039,0.0,0.8,0.884,2.13,2,data/crops/organized/organized_FR15ABOM210821107_S1_882eb1de25507edd.jpg,2026-08-18T13:07:47+00:00
afa89e2955baed81,FR15ABOM150720008,organized,OK,,2394,1812,470,1083,0.0,0.679,0.943,2.3,2,data/crops/organized/organized_FR15ABOM150720008_P1_afa89e2955baed81.jpg,2026-08-18T13:07:48+00:00
548a5dbb6283e544,FR15ABOM210821110,organized,OK,,2463,1774,546,1278,0.0,0.718,0.932,2.34,1,data/crops/organized/organized_FR15ABOM210821110_P1_548a5dbb6283e544.jpg,2026-08-18T13:07:49+00:00
f47df82c59bf2637,FR15ABOM200821010,organized,OK,,1524,2014,476,1032,0.0,0.83,0.877,2.17,2,data/crops/organized/organized_FR15ABOM200821010_S3_f47df82c59bf2637.jpg,2026-08-18T13:07:49+00:00
31838c3575e2ce0e,FR15ABOM210821115,organized,OK,,1571,2191,453,1040,0.0,0.72,0.867,2.3,3,data/crops/organized/organized_FR15ABOM210821115_S1_31838c3575e2ce0e.jpg,2026-08-18T13:07:50+00:00
5af723cda2ef6cbf,NoName15,organized,OK,,1351,1780,370,874,0.0,0.945,0.922,2.36,4,data/crops/organized/organized_NoName15_S2_5af723cda2ef6cbf.jpg,2026-08-18T13:07:50+00:00
31ce6ca328ac7e99,NoName15,organized,OK,,1293,1760,378,870,0.0,0.971,0.91,2.3,4,data/crops/organized/organized_NoName15_S3_31ce6ca328ac7e99.jpg,2026-08-18T13:07:51+00:00
91f3df9b32215027,FR15ABOM210822012,organized,OK,,1388,1918,409,910,0.0,0.983,0.911,2.22,2,data/crops/organized/organized_FR15ABOM210822012_S1_91f3df9b32215027.jpg,2026-08-18T13:07:51+00:00
00ae9cef05a13880,FR15ABOM200821010,organized,OK,,1557,2091,472,1028,0.0,0.826,0.894,2.18,1,data/crops/organized/organized_FR15ABOM200821010_S2_00ae9cef05a13880.jpg,2026-08-18T13:07:52+00:00
319aee4875c771e8,FR15ABOM170821030,organized,OK,,1374,1841,445,953,0.0,0.891,0.905,2.14,2,data/crops/organized/organized_FR15ABOM170821030_S1_319aee4875c771e8.jpg,2026-08-18T13:07:52+00:00
61d96f037a7349be,FR15ABOM210821107,organized,OK,,1242,1882,488,1036,0.0,0.859,0.886,2.12,2,data/crops/organized/organized_FR15ABOM210821107_S2_61d96f037a7349be.jpg,2026-08-18T13:07:53+00:00
aa65e7e262732941,FR15ABOM150720008,organized,OK,,2470,1786,475,1102,0.0,0.64,0.94,2.32,3,data/crops/organized/organized_FR15ABOM150720008_P2_aa65e7e262732941.jpg,2026-08-18T13:07:54+00:00
de1a90e13beb25a6,FR15ABOM170821030,organized,OK,,1392,1858,465,1028,0.0,0.822,0.907,2.21,3,data/crops/organized/organized_FR15ABOM170821030_S3_de1a90e13beb25a6.jpg,2026-08-18T13:07:54+00:00
26f7d262ed354249,FR15ABOM210821110,organized,OK,,2513,1729,551,1273,0.0,0.853,0.936,2.31,1,data/crops/organized/organized_FR15ABOM210821110_P2_26f7d262ed354249.jpg,2026-08-18T13:07:55+00:00
24763be022beaa15,FR15ABOM210821115,organized,OK,,1603,2047,441,1024,0.0,0.808,0.877,2.32,2,data/crops/organized/organized_FR15ABOM210821115_S2_24763be022beaa15.jpg,2026-08-18T13:07:55+00:00
41089688b0b1d3fe,FR15ABOM210822012,organized,OK,,1443,1925,386,847,0.0,0.975,0.902,2.19,3,data/crops/organized/organized_FR15ABOM210822012_S3_41089688b0b1d3fe.jpg,2026-08-18T13:07:56+00:00
b734ebcd26f5afbd,NoName15,organized,OK,,1242,1801,374,870,0.0,0.935,0.92,2.33,4,data/crops/organized/organized_NoName15_S1_b734ebcd26f5afbd.jpg,2026-08-18T13:07:56+00:00
83a52e417e66af08,FR15ABOM210822012,organized,OK,,1516,1918,394,890,0.0,0.961,0.911,2.26,3,data/crops/organized/organized_FR15ABOM210822012_S2_83a52e417e66af08.jpg,2026-08-18T13:07:57+00:00
fd95b4708b48bba6,FR15ABOM210821115,organized,OK,,1463,2085,421,988,0.0,0.815,0.863,2.35,3,data/crops/organized/organized_FR15ABOM210821115_S3_fd95b4708b48bba6.jpg,2026-08-18T13:07:58+00:00
34735cc6e8a0b9b6,FR15ABOM200821010,organized,OK,,1516,2057,476,1063,0.0,0.79,0.892,2.23,2,data/crops/organized/organized_FR15ABOM200821010_S1_34735cc6e8a0b9b6.jpg,2026-08-18T13:07:58+00:00
4d2acb8e2cd9172a,FR15ABOM170821030,organized,OK,,1512,1764,433,969,0.0,0.739,0.903,2.24,2,data/crops/organized/organized_FR15ABOM170821030_S2_4d2acb8e2cd9172a.jpg,2026-08-18T13:07:59+00:00
f0e6f28b1a4067b4,FR15ABOM210821107,organized,OK,,1388,1896,500,1043,0.0,0.83,0.866,2.09,2,data/crops/organized/organized_FR15ABOM210821107_S3_f0e6f28b1a4067b4.jpg,2026-08-18T13:07:59+00:00
8e8b8c08a61c4ece,FR15ABOM200821126,organized,OK,,2415,1829,560,1268,0.0,0.342,0.945,2.26,3,data/crops/organized/organized_FR15ABOM200821126_P1_8e8b8c08a61c4ece.jpg,2026-08-18T13:08:00+00:00
a8b2fe8cceca2556,FR15ABOM210821119,organized,OK,,2430,1817,404,898,0.0,0.733,0.919,2.22,1,data/crops/organized/organized_FR15ABOM210821119_P2_a8b2fe8cceca2556.jpg,2026-08-18T13:08:00+00:00
d520823d6658538f,FR15ABOM220821055,organized,OK,,1295,2091,480,1079,0.0,0.841,0.878,2.25,3,data/crops/organized/organized_FR15ABOM220821055_S3_d520823d6658538f.jpg,2026-08-18T13:08:01+00:00
05f1d03b5a041860,OPPO.7362,organized,OK,,1362,2412,894,357,-6.582,0.968,0.887,2.5,3,data/crops/organized/organized_OPPO.7362_S1_05f1d03b5a041860.jpg,2026-08-18T13:08:02+00:00
6946b5a8796618e6,POLLINIS4415,organized,OK,,2446,1817,128,294,0.0,0.62,0.849,2.3,2,data/crops/organized/organized_POLLINIS4415_P2_6946b5a8796618e6.jpg,2026-08-18T13:08:02+00:00
28f3e07cd22f5c8d,FR15_ABOM30072020071,organized,OK,,1445,1860,532,1102,0.0,0.794,0.89,2.07,2,data/crops/organized/organized_FR15_ABOM30072020071_S1_28f3e07cd22f5c8d.jpg,2026-08-18T13:08:03+00:00
9cd9a5eb55feaec5,FR15ABOM220821055,organized,OK,,1396,1782,484,1091,0.0,0.711,0.883,2.25,3,data/crops/organized/organized_FR15ABOM220821055_S2_9cd9a5eb55feaec5.jpg,2026-08-18T13:08:04+00:00
f2fbfc97f960a4fa,FR15ABOM200821126,organized,OK,,2422,1824,560,1264,0.0,0.321,0.941,2.25,2,data/crops/organized/organized_FR15ABOM200821126_P2_f2fbfc97f960a4fa.jpg,2026-08-18T13:08:04+00:00
0ffb277d072a3db4,FR15ABOM210821119,organized,OK,,2389,1836,413,931,0.0,0.934,0.933,2.25,1,data/crops/organized/organized_FR15ABOM210821119_P1_0ffb277d072a3db4.jpg,2026-08-18T13:08:05+00:00
194be9c53c0ec1a2,OPPO.7362,organized,OK,,1139,2313,903,364,-7.472,0.988,0.896,2.48,3,data/crops/organized/organized_OPPO.7362_S2_194be9c53c0ec1a2.jpg,2026-08-18T13:08:06+00:00
3436bf37f48bc9fa,POLLINIS4415,organized,OK,,2442,1814,133,285,0.0,0.554,0.862,2.14,1,data/crops/organized/organized_POLLINIS4415_P1_3436bf37f48bc9fa.jpg,2026-08-18T13:08:06+00:00
16e78faf9ae98f2e,FR15_ABOM30072020071,organized,OK,,1421,1851,488,1016,0.0,0.885,0.881,2.08,2,data/crops/organized/organized_FR15_ABOM30072020071_S3_16e78faf9ae98f2e.jpg,2026-08-18T13:08:07+00:00
eccd4b8b02baeeae,FR15_ABOM30072020071,organized,OK,,1354,1886,504,1047,0.0,0.777,0.86,2.08,2,data/crops/organized/organized_FR15_ABOM30072020071_S2_eccd4b8b02baeeae.jpg,2026-08-18T13:08:07+00:00
fb556572720c8d18,OPPO.7362,organized,OK,,1105,2276,916,360,-7.836,0.992,0.861,2.54,3,data/crops/organized/organized_OPPO.7362_S3_fb556572720c8d18.jpg,2026-08-18T13:08:08+00:00
37fdff919efe40a6,FR15ABOM220821055,organized,OK,,1280,1695,484,1079,0.0,0.79,0.871,2.23,2,data/crops/organized/organized_FR15ABOM220821055_S1_37fdff919efe40a6.jpg,2026-08-18T13:08:09+00:00
e7dee9c0180ba01f,FR15_ABOM30072020045,organized,OK,,1319,1965,378,976,0.0,0.89,0.933,2.58,3,data/crops/organized/organized_FR15_ABOM30072020045_S2_e7dee9c0180ba01f.jpg,2026-08-18T13:08:09+00:00
823bb3ee77545168,FR15_ABOM30072020040,organized,OK,,2469,1873,1119,377,-6.71,0.879,0.899,2.97,2,data/crops/organized/organized_FR15_ABOM30072020040_P2_823bb3ee77545168.jpg,2026-08-18T13:08:10+00:00
8126849ae86bf9a5,FR15_ABOM30072020045,organized,OK,,1632,1882,378,988,0.0,0.937,0.888,2.61,3,data/crops/organized/organized_FR15_ABOM30072020045_S3_8126849ae86bf9a5.jpg,2026-08-18T13:08:11+00:00
24d653f6febfb954,FR15_ABOM30072020045,organized,OK,,1278,1744,370,988,0.0,0.954,0.908,2.67,4,data/crops/organized/organized_FR15_ABOM30072020045_S1_24d653f6febfb954.jpg,2026-08-18T13:08:11+00:00
342f96386bc15f20,FR15_ABOM30072020040,organized,OK,,2484,1842,1145,379,-8.13,0.759,0.914,3.02,1,data/crops/organized/organized_FR15_ABOM30072020040_P1_342f96386bc15f20.jpg,2026-08-18T13:08:12+00:00
1863f5ebac82e12f,FR15ABOM150821068,organized,OK,,2401,1817,442,1050,0.0,0.787,0.917,2.38,1,data/crops/organized/organized_FR15ABOM150821068_P2_1863f5ebac82e12f.jpg,2026-08-18T13:08:12+00:00
16defcb06fe379d8,FR15ABOM200821004,organized,OK,,2415,1817,594,1382,0.0,0.629,0.934,2.33,2,data/crops/organized/organized_FR15ABOM200821004_P2_16defcb06fe379d8.jpg,2026-08-18T13:08:13+00:00
a0638c0a749fadcd,FR15ABOM210821043,organized,OK,,1327,1780,449,1016,0.0,0.695,0.886,2.26,2,data/crops/organized/organized_FR15ABOM210821043_S1_a0638c0a749fadcd.jpg,2026-08-18T13:08:14+00:00
ad592d0e9a691224,FR15_ABOM30072020044,organized,OK,,2434,1852,504,1192,0.0,0.652,0.923,2.37,1,data/crops/organized/organized_FR15_ABOM30072020044_P2_ad592d0e9a691224.jpg,2026-08-18T13:08:14+00:00
022d3eead7391818,FR15ABOM200821202,organized,OK,,1412,1786,461,1004,0.0,0.751,0.898,2.18,1,data/crops/organized/organized_FR15ABOM200821202_S1_022d3eead7391818.jpg,2026-08-18T13:08:15+00:00
b2d994acde47d2b4,FR15ABOM200821215,organized,OK,,2434,1819,551,1278,0.0,0.761,0.921,2.32,1,data/crops/organized/organized_FR15ABOM200821215_P1_b2d994acde47d2b4.jpg,2026-08-18T13:08:15+00:00
ca6c368954da5cd0,FR15ABOM170821074,organized,OK,,1400,1709,354,807,0.0,0.973,0.92,2.28,3,data/crops/organized/organized_FR15ABOM170821074_S1_ca6c368954da5cd0.jpg,2026-08-18T13:08:16+00:00
eb91928d56dd3f19,FR15_ABOM30072020048,organized,OK,,2451,1736,480,1178,0.0,0.823,0.942,2.46,1,data/crops/organized/organized_FR15_ABOM30072020048_P2_eb91928d56dd3f19.jpg,2026-08-18T13:08:17+00:00
307a106694369966,FR15ABOM150821068,organized,OK,,2456,1812,442,1045,0.0,0.581,0.927,2.37,1,data/crops/organized/organized_FR15ABOM150821068_P1_307a106694369966.jpg,2026-08-18T13:08:17+00:00
4ad44dfef045b121,FR15ABOM200821004,organized,OK,,2415,1826,603,1373,0.0,0.644,0.934,2.28,3,data/crops/organized/organized_FR15ABOM200821004_P1_4ad44dfef045b121.jpg,2026-08-18T13:08:18+00:00
4d223b1ffe7bb1ee,FR15ABOM170821074,organized,OK,,1223,2012,331,768,0.0,0.982,0.907,2.32,3,data/crops/organized/organized_FR15ABOM170821074_S3_4d223b1ffe7bb1ee.jpg,2026-08-18T13:08:19+00:00
9cbb89367f203da7,FR15ABOM200821202,organized,OK,,1549,1740,441,949,0.0,0.799,0.877,2.15,2,data/crops/organized/organized_FR15ABOM200821202_S3_9cbb89367f203da7.jpg,2026-08-18T13:08:19+00:00
e7aeaad19256e468,FR15ABOM210821043,organized,OK,,1400,1929,441,1004,0.0,0.846,0.892,2.28,2,data/crops/organized/organized_FR15ABOM210821043_S2_e7aeaad19256e468.jpg,2026-08-18T13:08:20+00:00
4bc5816d1356d0e1,FR15ABOM210821043,organized,OK,,1134,2268,441,1055,0.0,0.877,0.886,2.39,2,data/crops/organized/organized_FR15ABOM210821043_S3_4bc5816d1356d0e1.jpg,2026-08-18T13:08:20+00:00
75a1b47687ff0324,FR15_ABOM30072020044,organized,OK,,2456,1879,499,1197,0.0,0.615,0.929,2.4,1,data/crops/organized/organized_FR15_ABOM30072020044_P1_75a1b47687ff0324.jpg,2026-08-18T13:08:21+00:00
b56dda2bd6a51390,FR15ABOM200821202,organized,OK,,1559,1929,457,992,0.0,0.796,0.901,2.17,3,data/crops/organized/organized_FR15ABOM200821202_S2_b56dda2bd6a51390.jpg,2026-08-18T13:08:21+00:00
5b278bec55d86a3d,FR15ABOM170821074,organized,OK,,1223,1921,354,823,0.0,0.985,0.91,2.32,2,data/crops/organized/organized_FR15ABOM170821074_S2_5b278bec55d86a3d.jpg,2026-08-18T13:08:22+00:00
592d2e539602424b,FR15ABOM200821215,organized,OK,,2446,1741,546,1263,0.0,0.742,0.922,2.31,2,data/crops/organized/organized_FR15ABOM200821215_P2_592d2e539602424b.jpg,2026-08-18T13:08:23+00:00
cd2762c296200f6e,FR15_ABOM30072020048,organized,OK,,2418,1814,484,1168,0.0,0.691,0.942,2.41,1,data/crops/organized/organized_FR15_ABOM30072020048_P1_cd2762c296200f6e.jpg,2026-08-18T13:08:23+00:00
68146c2cf60e5164,FR15ABOM200821014,organized,OK,,2442,1810,551,1302,0.0,0.729,0.937,2.36,2,data/crops/organized/organized_FR15ABOM200821014_P1_68146c2cf60e5164.jpg,2026-08-18T13:08:24+00:00
070b9e3da80aa8db,FR15_ABOM180720054,organized,OK,,2444,1826,489,1135,0.0,0.791,0.905,2.32,1,data/crops/organized/organized_FR15_ABOM180720054_P2_070b9e3da80aa8db.jpg,2026-08-18T13:08:24+00:00
bbc371b29b95866e,FR15ABOM170821123,organized,OK,,1618,1941,488,1118,0.0,0.845,0.899,2.29,3,data/crops/organized/organized_FR15ABOM170821123_S2_bbc371b29b95866e.jpg,2026-08-18T13:08:25+00:00
ffb1ba8aab2fb4bf,FR15ABOM200821233,organized,OK,,2451,1784,461,1178,0.0,0.795,0.935,2.56,1,data/crops/organized/organized_FR15ABOM200821233_P2_ffb1ba8aab2fb4bf.jpg,2026-08-18T13:08:26+00:00
a50d17374f6e0bb3,FR15ABOM170821123,organized,OK,,1512,1851,480,1110,0.0,0.859,0.884,2.31,2,data/crops/organized/organized_FR15ABOM170821123_S3_a50d17374f6e0bb3.jpg,2026-08-18T13:08:26+00:00
d71be960d126af88,FR15ABOM200821035,organized,OK,,1518,1949,339,854,0.0,0.982,0.907,2.52,3,data/crops/organized/organized_FR15ABOM200821035_S1_d71be960d126af88.jpg,2026-08-18T13:08:27+00:00
af704f1e04ae6f49,FR15ABOM200821035,organized,OK,,1248,2166,323,811,0.0,0.972,0.91,2.51,2,data/crops/organized/organized_FR15ABOM200821035_S3_af704f1e04ae6f49.jpg,2026-08-18T13:08:27+00:00
6cb3edb1ed382922,FR15ABOM200821014,organized,OK,,2380,1812,546,1311,0.0,0.742,0.932,2.4,1,data/crops/organized/organized_FR15ABOM200821014_P2_6cb3edb1ed382922.jpg,2026-08-18T13:08:28+00:00
373971fe46fb3cdd,FR15_ABOM180720054,organized,OK,,2472,1841,489,1116,0.0,0.723,0.918,2.28,1,data/crops/organized/organized_FR15_ABOM180720054_P1_373971fe46fb3cdd.jpg,2026-08-18T13:08:29+00:00
fecd3976f1b0bcb3,FR15ABOM170821123,organized,OK,,1553,1809,484,1099,0.0,0.869,0.903,2.27,3,data/crops/organized/organized_FR15ABOM170821123_S1_fecd3976f1b0bcb3.jpg,2026-08-18T13:08:29+00:00
a6d83ad4ee161880,FR15ABOM200821233,organized,OK,,2430,1845,451,1173,0.0,0.627,0.931,2.6,2,data/crops/organized/organized_FR15ABOM200821233_P1_a6d83ad4ee161880.jpg,2026-08-18T13:08:30+00:00
7fcb7379045ca695,FR15ABOM200821035,organized,OK,,1545,1918,331,839,0.0,0.967,0.898,2.54,2,data/crops/organized/organized_FR15ABOM200821035_S2_7fcb7379045ca695.jpg,2026-08-18T13:08:30+00:00
d65d2fd96c83deef,FR15ABOM200821014,organized,OK,,1693,1918,433,1047,0.0,0.902,0.914,2.42,5,data/crops/organized/organized_FR15ABOM200821014_S2_d65d2fd96c83deef.jpg,2026-08-18T13:08:31+00:00
4af029c7fba40d73,FR15ABOM170821123,organized,OK,,2439,1814,580,1335,0.0,0.764,0.93,2.3,2,data/crops/organized/organized_FR15ABOM170821123_P1_4af029c7fba40d73.jpg,2026-08-18T13:08:32+00:00
bc5308ef0240cf7a,FR15_ABOM180720054,organized,OK,,1427,2118,402,933,0.0,0.969,0.905,2.32,2,data/crops/organized/organized_FR15_ABOM180720054_S1_bc5308ef0240cf7a.jpg,2026-08-18T13:08:32+00:00
2c10775f4f36edc0,FR15ABOM200821233,organized,OK,,1372,1762,382,1012,0.0,0.948,0.886,2.65,3,data/crops/organized/organized_FR15ABOM200821233_S1_2c10775f4f36edc0.jpg,2026-08-18T13:08:33+00:00
b8e26dc5af1049b8,FR15ABOM200821014,organized,OK,,1475,1758,429,996,0.0,0.898,0.922,2.32,3,data/crops/organized/organized_FR15ABOM200821014_S3_b8e26dc5af1049b8.jpg,2026-08-18T13:08:33+00:00
d2dae03704670179,FR15ABOM200821035,organized,OK,,2451,1793,394,998,0.0,0.835,0.941,2.53,2,data/crops/organized/organized_FR15ABOM200821035_P2_d2dae03704670179.jpg,2026-08-18T13:08:34+00:00
383d659d9be84013,FR15ABOM200821014,organized,OK,,1506,1979,421,980,0.0,0.849,0.914,2.33,4,data/crops/organized/organized_FR15ABOM200821014_S1_383d659d9be84013.jpg,2026-08-18T13:08:35+00:00
f4df472911f95192,FR15ABOM170821123,organized,OK,,2387,1819,579,1335,0.0,0.751,0.922,2.3,2,data/crops/organized/organized_FR15ABOM170821123_P2_f4df472911f95192.jpg,2026-08-18T13:08:35+00:00
92922d6e69451438,FR15_ABOM180720054,organized,OK,,1482,2274,382,878,0.0,0.967,0.895,2.3,2,data/crops/organized/organized_FR15_ABOM180720054_S2_92922d6e69451438.jpg,2026-08-18T13:08:36+00:00
ac1fb62844a7f5f2,FR15ABOM200821233,organized,OK,,1335,1843,386,1016,0.0,0.895,0.9,2.63,2,data/crops/organized/organized_FR15ABOM200821233_S2_ac1fb62844a7f5f2.jpg,2026-08-18T13:08:36+00:00
99ad0119198f422e,FR15ABOM200821233,organized,OK,,1223,2061,374,941,0.0,0.761,0.92,2.52,3,data/crops/organized/organized_FR15ABOM200821233_S3_99ad0119198f422e.jpg,2026-08-18T13:08:37+00:00
256238cf0f180169,FR15_ABOM180720054,organized,OK,,1341,2063,370,862,0.0,0.969,0.911,2.33,2,data/crops/organized/organized_FR15_ABOM180720054_S3_256238cf0f180169.jpg,2026-08-18T13:08:38+00:00
bc6a53b86fa66411,FR15ABOM200821035,organized,OK,,2418,1829,399,1016,0.0,0.831,0.937,2.55,2,data/crops/organized/organized_FR15ABOM200821035_P1_bc6a53b86fa66411.jpg,2026-08-18T13:08:38+00:00
2b0d866c424f9c1a,FR15ABOM150821068,organized,OK,,1414,2219,366,866,0.0,0.948,0.887,2.37,2,data/crops/organized/organized_FR15ABOM150821068_S1_2b0d866c424f9c1a.jpg,2026-08-18T13:08:39+00:00
7a80b6143306c4aa,FR15ABOM200821004,organized,OK,,1567,2077,516,1173,0.0,0.802,0.884,2.27,3,data/crops/organized/organized_FR15ABOM200821004_S1_7a80b6143306c4aa.jpg,2026-08-18T13:08:39+00:00
9be33fe4f347079e,FR15ABOM200821215,organized,OK,,1431,1858,457,1043,0.0,0.913,0.892,2.28,2,data/crops/organized/organized_FR15ABOM200821215_S3_9be33fe4f347079e.jpg,2026-08-18T13:08:40+00:00
86fb8594a6119ebc,FR15ABOM210821043,organized,OK,,2401,1829,551,1230,0.0,0.601,0.925,2.23,2,data/crops/organized/organized_FR15ABOM210821043_P2_86fb8594a6119ebc.jpg,2026-08-18T13:08:41+00:00
612ec3b063fba36d,FR15_ABOM30072020044,organized,OK,,1404,1963,413,996,0.0,0.918,0.876,2.41,2,data/crops/organized/organized_FR15_ABOM30072020044_S1_612ec3b063fba36d.jpg,2026-08-18T13:08:41+00:00
5e25c668307fbfd0,FR15ABOM200821202,organized,OK,,2460,1753,560,1235,0.0,0.636,0.943,2.2,2,data/crops/organized/organized_FR15ABOM200821202_P2_5e25c668307fbfd0.jpg,2026-08-18T13:08:42+00:00
6e55743c704a8703,FR15ABOM200821215,organized,OK,,1404,1925,457,1051,0.0,0.801,0.897,2.3,3,data/crops/organized/organized_FR15ABOM200821215_S2_6e55743c704a8703.jpg,2026-08-18T13:08:42+00:00
0b1b39dcbfedffa0,FR15ABOM170821074,organized,OK,,2501,1836,451,1031,0.0,0.716,0.952,2.28,1,data/crops/organized/organized_FR15ABOM170821074_P2_0b1b39dcbfedffa0.jpg,2026-08-18T13:08:43+00:00
ad2e30f979c08a9d,FR15_ABOM30072020048,organized,OK,,1384,1449,417,973,0.0,0.886,0.924,2.33,2,data/crops/organized/organized_FR15_ABOM30072020048_S1_ad2e30f979c08a9d.jpg,2026-08-18T13:08:44+00:00
b076f0ec0391bb40,FR15_ABOM30072020048,organized,OK,,1408,1685,402,973,0.0,0.917,0.909,2.42,2,data/crops/organized/organized_FR15_ABOM30072020048_S3_b076f0ec0391bb40.jpg,2026-08-18T13:08:44+00:00
2a539128ae33d2a5,FR15ABOM150821068,organized,OK,,1232,2146,354,866,0.0,0.964,0.897,2.44,2,data/crops/organized/organized_FR15ABOM150821068_S2_2a539128ae33d2a5.jpg,2026-08-18T13:08:45+00:00
c1e08ba583cad110,FR15ABOM200821004,organized,OK,,1390,2103,504,1142,0.0,0.838,0.884,2.27,3,data/crops/organized/organized_FR15ABOM200821004_S2_c1e08ba583cad110.jpg,2026-08-18T13:08:45+00:00
4f90fb857e60b33a,FR15ABOM210821043,organized,OK,,2432,1793,546,1226,0.0,0.742,0.928,2.24,1,data/crops/organized/organized_FR15ABOM210821043_P1_4f90fb857e60b33a.jpg,2026-08-18T13:08:46+00:00
6645078be7db1e2c,FR15_ABOM30072020044,organized,OK,,1268,2189,402,961,0.0,0.945,0.884,2.39,3,data/crops/organized/organized_FR15_ABOM30072020044_S3_6645078be7db1e2c.jpg,2026-08-18T13:08:47+00:00
99eb1cb65f424d33,FR15_ABOM30072020044,organized,OK,,1469,2012,409,976,0.0,0.945,0.885,2.38,2,data/crops/organized/organized_FR15_ABOM30072020044_S2_99eb1cb65f424d33.jpg,2026-08-18T13:08:47+00:00
d3ed44f4b30bbc98,FR15ABOM200821202,organized,OK,,2430,1781,560,1230,0.0,0.53,0.94,2.19,3,data/crops/organized/organized_FR15ABOM200821202_P1_d3ed44f4b30bbc98.jpg,2026-08-18T13:08:48+00:00
59916f1089a5fa65,FR15ABOM170821074,organized,OK,,2458,1836,442,1031,0.0,0.86,0.925,2.33,3,data/crops/organized/organized_FR15ABOM170821074_P1_59916f1089a5fa65.jpg,2026-08-18T13:08:48+00:00
3aa975baf97fec26,FR15ABOM200821215,organized,OK,,1260,1825,461,1047,0.0,0.743,0.906,2.27,4,data/crops/organized/organized_FR15ABOM200821215_S1_3aa975baf97fec26.jpg,2026-08-18T13:08:49+00:00
873116d72ebc4cf8,FR15ABOM200821004,organized,OK,,1329,2081,500,1130,0.0,0.785,0.888,2.26,4,data/crops/organized/organized_FR15ABOM200821004_S3_873116d72ebc4cf8.jpg,2026-08-18T13:08:50+00:00
fc6254aa9e5acf10,FR15ABOM150821068,organized,OK,,1268,2020,331,787,0.0,0.978,0.879,2.38,2,data/crops/organized/organized_FR15ABOM150821068_S3_fc6254aa9e5acf10.jpg,2026-08-18T13:08:50+00:00
89838c6d2bee6fa9,FR15_ABOM30072020048,organized,OK,,1473,1612,406,984,0.0,0.851,0.918,2.43,2,data/crops/organized/organized_FR15_ABOM30072020048_S2_89838c6d2bee6fa9.jpg,2026-08-18T13:08:51+00:00
2df15e40bb197573,FR15_ABOM30072020045,organized,OK,,2465,1831,461,1178,0.0,0.649,0.935,2.56,1,data/crops/organized/organized_FR15_ABOM30072020045_P1_2df15e40bb197573.jpg,2026-08-18T13:08:51+00:00
45b0f3bbf9b15284,FR15_ABOM30072020040,organized,OK,,1350,2041,930,316,-9.972,0.92,0.755,2.95,3,data/crops/organized/organized_FR15_ABOM30072020040_S1_45b0f3bbf9b15284.jpg,2026-08-18T13:08:52+00:00
08f5d943c17ee097,FR15_ABOM30072020045,organized,OK,,2432,1860,461,1188,0.0,0.592,0.948,2.58,1,data/crops/organized/organized_FR15_ABOM30072020045_P2_08f5d943c17ee097.jpg,2026-08-18T13:08:53+00:00
d3deffaac8d27054,FR15_ABOM30072020040,organized,OK,,1304,2136,922,312,-10.784,0.976,0.828,2.96,2,data/crops/organized/organized_FR15_ABOM30072020040_S2_d3deffaac8d27054.jpg,2026-08-18T13:08:53+00:00
f483fd8a3b1854f2,FR15_ABOM30072020040,organized,OK,,1536,2097,914,310,-10.125,0.973,0.808,2.95,2,data/crops/organized/organized_FR15_ABOM30072020040_S3_f483fd8a3b1854f2.jpg,2026-08-18T13:08:54+00:00
dc01cb705151f520,FR15ABOM200821126,organized,OK,,1349,1953,441,980,0.0,0.805,0.876,2.22,2,data/crops/organized/organized_FR15ABOM200821126_S2_dc01cb705151f520.jpg,2026-08-18T13:08:54+00:00
ad239e16a09d89b2,FR15ABOM210821119,organized,OK,,1479,1776,331,736,0.0,0.985,0.874,2.23,2,data/crops/organized/organized_FR15ABOM210821119_S1_ad239e16a09d89b2.jpg,2026-08-18T13:08:55+00:00
f7eed70e2ee2a123,OPPO.7362,organized,OK,,2430,1855,138,337,0.0,0.798,0.868,2.45,1,data/crops/organized/organized_OPPO.7362_P2_f7eed70e2ee2a123.jpg,2026-08-18T13:08:55+00:00
5eb89b4e719a4a3d,POLLINIS4415,organized,OK,,1132,1990,382,823,0.0,0.97,0.877,2.15,2,data/crops/organized/organized_POLLINIS4415_S1_5eb89b4e719a4a3d.jpg,2026-08-18T13:08:56+00:00
61c574825e1e6b21,FR15_ABOM30072020071,organized,OK,,2503,1831,641,1340,0.0,0.669,0.924,2.09,3,data/crops/organized/organized_FR15_ABOM30072020071_P2_61c574825e1e6b21.jpg,2026-08-18T13:08:57+00:00
48e20bc8b80e0810,FR15ABOM220821055,organized,OK,,2384,1883,584,1320,0.0,0.683,0.923,2.26,2,data/crops/organized/organized_FR15ABOM220821055_P1_48e20bc8b80e0810.jpg,2026-08-18T13:08:57+00:00
b0a9699b3a4fd629,FR15ABOM200821126,organized,OK,,1431,1860,437,1004,0.0,0.863,0.876,2.3,3,data/crops/organized/organized_FR15ABOM200821126_S3_b0a9699b3a4fd629.jpg,2026-08-18T13:08:58+00:00
226be8349849b809,FR15ABOM200821126,organized,OK,,1378,1857,461,1032,0.0,0.794,0.879,2.24,2,data/crops/organized/organized_FR15ABOM200821126_S1_226be8349849b809.jpg,2026-08-18T13:08:58+00:00
dbff801b44a2b9ab,FR15ABOM210821119,organized,OK,,1543,1819,331,724,0.0,0.935,0.899,2.19,2,data/crops/organized/organized_FR15ABOM210821119_S2_dbff801b44a2b9ab.jpg,2026-08-18T13:08:59+00:00
41780ee46ae5a824,OPPO.7362,organized,OK,,2425,1881,133,337,0.0,0.748,0.851,2.54,1,data/crops/organized/organized_OPPO.7362_P1_41780ee46ae5a824.jpg,2026-08-18T13:09:00+00:00
ed996ef935782e11,POLLINIS4415,organized,OK,,1116,1890,362,791,0.0,0.989,0.877,2.18,2,data/crops/organized/organized_POLLINIS4415_S2_ed996ef935782e11.jpg,2026-08-18T13:09:00+00:00
5b4c8da259870228,FR15_ABOM30072020071,organized,OK,,2468,1845,641,1335,0.0,0.553,0.925,2.08,3,data/crops/organized/organized_FR15_ABOM30072020071_P1_5b4c8da259870228.jpg,2026-08-18T13:09:01+00:00
4c911a51d61f9801,POLLINIS4415,organized,OK,,959,2095,354,784,0.0,0.983,0.868,2.21,7,data/crops/organized/organized_POLLINIS4415_S3_4c911a51d61f9801.jpg,2026-08-18T13:09:01+00:00
5a4830454d4ed574,FR15ABOM220821055,organized,OK,,2384,1838,589,1320,0.0,0.653,0.934,2.24,2,data/crops/organized/organized_FR15ABOM220821055_P2_5a4830454d4ed574.jpg,2026-08-18T13:09:02+00:00
40f978553a4f7c6f,FR15ABOM210821119,organized,OK,,1225,1949,331,732,0.0,0.977,0.881,2.21,3,data/crops/organized/organized_FR15ABOM210821119_S3_40f978553a4f7c6f.jpg,2026-08-18T13:09:03+00:00
5a4abbbc9583eb78,FR15ABOM100721047,organized,OK,,2396,1824,732,1610,0.0,0.41,0.924,2.2,2,data/crops/organized/organized_FR15ABOM100721047_P1_5a4abbbc9583eb78.jpg,2026-08-18T13:09:03+00:00
1e68b0cd0327483c,FR15ABOM100721047,organized,OK,,2470,1879,727,1606,0.0,0.697,0.931,2.21,2,data/crops/organized/organized_FR15ABOM100721047_P2_1e68b0cd0327483c.jpg,2026-08-18T13:09:04+00:00
3c3c238bb93a67ed,FR15ABOM100721047,organized,OK,,1441,1608,587,1276,0.0,0.678,0.912,2.17,1,data/crops/organized/organized_FR15ABOM100721047_S2_3c3c238bb93a67ed.jpg,2026-08-18T13:09:04+00:00
ee055fdd43af7299,FR15ABOM100721047,organized,OK,,1412,1662,591,1303,0.0,0.873,0.897,2.21,3,data/crops/organized/organized_FR15ABOM100721047_S3_ee055fdd43af7299.jpg,2026-08-18T13:09:05+00:00
e8f62f3ece988627,FR15ABOM100721047,organized,OK,,1603,1581,602,1315,0.0,0.733,0.894,2.18,1,data/crops/organized/organized_FR15ABOM100721047_S1_e8f62f3ece988627.jpg,2026-08-18T13:09:06+00:00
3d01adc04410b1f4,FR15_ABOM170820009,organized,OK,,1339,2142,457,1134,0.0,0.759,0.919,2.48,4,data/crops/organized/organized_FR15_ABOM170820009_S1_3d01adc04410b1f4.jpg,2026-08-18T13:09:06+00:00
2dbbcaea550e5452,FR15_ABOM080820039,organized,OK,,2496,1786,570,1316,0.0,0.604,0.97,2.31,1,data/crops/organized/organized_FR15_ABOM080820039_P1_2dbbcaea550e5452.jpg,2026-08-18T13:09:07+00:00
bb4ba89b3b3b17f6,FR15ABOM220821068,organized,OK,,2513,1817,565,1396,0.0,0.815,0.931,2.47,1,data/crops/organized/organized_FR15ABOM220821068_P1_bb4ba89b3b3b17f6.jpg,2026-08-18T13:09:07+00:00
7c0bebb486c52ad1,FR15ABOM210821171,organized,OK,,1242,2010,429,1043,0.0,0.922,0.893,2.43,2,data/crops/organized/organized_FR15ABOM210821171_S1_7c0bebb486c52ad1.jpg,2026-08-18T13:09:08+00:00
ed5f2c84a7ea30c8,FR15ABOM170821029,organized,OK,,1461,2116,429,1016,0.0,0.87,0.895,2.37,2,data/crops/organized/organized_FR15ABOM170821029_S1_ed5f2c84a7ea30c8.jpg,2026-08-18T13:09:09+00:00
8149584fdf26097b,FR15ABOM170821029,organized,OK,,1187,2286,445,1028,0.0,0.815,0.889,2.31,3,data/crops/organized/organized_FR15ABOM170821029_S3_8149584fdf26097b.jpg,2026-08-18T13:09:09+00:00
350f2659fefefc4b,FR15_ABOM170820009,organized,OK,,1313,2053,453,1114,0.0,0.862,0.883,2.46,5,data/crops/organized/organized_FR15_ABOM170820009_S2_350f2659fefefc4b.jpg,2026-08-18T13:09:10+00:00
1833bc09f46bb11c,FR15_ABOM080820039,organized,OK,,2432,1798,575,1320,0.0,0.675,0.962,2.3,1,data/crops/organized/organized_FR15_ABOM080820039_P2_1833bc09f46bb11c.jpg,2026-08-18T13:09:11+00:00
1086e6c580326114,FR15ABOM220821068,organized,OK,,2586,1812,565,1392,0.0,0.742,0.94,2.46,1,data/crops/organized/organized_FR15ABOM220821068_P2_1086e6c580326114.jpg,2026-08-18T13:09:11+00:00
d9f6d6fc75935966,FR15ABOM210821171,organized,OK,,1242,2034,429,1020,0.0,0.781,0.899,2.38,3,data/crops/organized/organized_FR15ABOM210821171_S2_d9f6d6fc75935966.jpg,2026-08-18T13:09:12+00:00
dd47f932e32ab106,FR15ABOM210821171,organized,OK,,1201,2047,417,1000,0.0,0.884,0.903,2.4,4,data/crops/organized/organized_FR15ABOM210821171_S3_dd47f932e32ab106.jpg,2026-08-18T13:09:13+00:00
ab00461f28cbe682,FR15_ABOM170820009,organized,OK,,1223,2168,453,1106,0.0,0.917,0.887,2.44,4,data/crops/organized/organized_FR15_ABOM170820009_S3_ab00461f28cbe682.jpg,2026-08-18T13:09:13+00:00
e77bf19de662af84,FR15ABOM170821029,organized,OK,,1327,2195,429,1000,0.0,0.87,0.897,2.33,2,data/crops/organized/organized_FR15ABOM170821029_S2_e77bf19de662af84.jpg,2026-08-18T13:09:14+00:00
244e1e2377e64d76,FR15_ABOM07082020038,organized,OK,,1171,1864,437,1059,0.0,0.834,0.909,2.42,2,data/crops/organized/organized_FR15_ABOM07082020038_S1_244e1e2377e64d76.jpg,2026-08-18T13:09:14+00:00
1219fa3bdb3b1bbc,FR15ABOM210821210,organized,OK,,2546,1836,575,1358,0.0,0.788,0.941,2.36,1,data/crops/organized/organized_FR15ABOM210821210_P2_1219fa3bdb3b1bbc.jpg,2026-08-18T13:09:15+00:00
74e04ca7a21e914d,FR15_ABOM080820007,organized,OK,,2489,1776,551,1396,0.0,0.784,0.964,2.53,1,data/crops/organized/organized_FR15_ABOM080820007_P1_74e04ca7a21e914d.jpg,2026-08-18T13:09:15+00:00
303af0e2f7cbcfe6,FR15ABOM210821137,organized,OK,,2482,1822,565,1401,0.0,0.816,0.95,2.48,1,data/crops/organized/organized_FR15ABOM210821137_P1_303af0e2f7cbcfe6.jpg,2026-08-18T13:09:16+00:00
9b20d646793f738e,FR15_ABOM07082020038,organized,OK,,1047,1918,433,1055,0.0,0.785,0.898,2.44,2,data/crops/organized/organized_FR15_ABOM07082020038_S2_9b20d646793f738e.jpg,2026-08-18T13:09:17+00:00
db44fa7f8f049b92,FR15ABOM210821210,organized,OK,,2591,1798,565,1363,0.0,0.635,0.94,2.41,3,data/crops/organized/organized_FR15ABOM210821210_P1_db44fa7f8f049b92.jpg,2026-08-18T13:09:17+00:00
9185ba731800a21f,FR15_ABOM080820007,organized,OK,,2484,1753,551,1377,0.0,0.734,0.964,2.5,1,data/crops/organized/organized_FR15_ABOM080820007_P2_9185ba731800a21f.jpg,2026-08-18T13:09:18+00:00
5fee0d0f0b51942e,FR15ABOM210821137,organized,OK,,2442,1841,565,1396,0.0,0.822,0.947,2.47,1,data/crops/organized/organized_FR15ABOM210821137_P2_5fee0d0f0b51942e.jpg,2026-08-18T13:09:18+00:00
c95c3a3cadc7ccf1,FR15_ABOM07082020038,organized,OK,,1110,1876,413,1008,0.0,0.901,0.899,2.44,2,data/crops/organized/organized_FR15_ABOM07082020038_S3_c95c3a3cadc7ccf1.jpg,2026-08-18T13:09:19+00:00
51648e2b0da57f93,FR15ABOM220821043,organized,OK,,1331,2073,413,1055,0.0,0.826,0.918,2.55,2,data/crops/organized/organized_FR15ABOM220821043_S2_51648e2b0da57f93.jpg,2026-08-18T13:09:20+00:00
9962ad4fbcb7cfa2,FR15ABOM210821212,organized,OK,,2346,1765,556,1472,0.0,0.558,0.929,2.65,1,data/crops/organized/organized_FR15ABOM210821212_P1_9962ad4fbcb7cfa2.jpg,2026-08-18T13:09:20+00:00
af0c75d9759875f5,FR15ABOM150820018,organized,OK,,1441,1662,402,1000,0.0,0.891,0.901,2.49,1,data/crops/organized/organized_FR15ABOM150820018_S3_af0c75d9759875f5.jpg,2026-08-18T13:09:21+00:00
42d2003ab3c0cca0,FR15_ABOM170820030,organized,OK,,2440,1889,1478,620,-3.576,0.595,0.957,2.38,2,data/crops/organized/organized_FR15_ABOM170820030_P2_42d2003ab3c0cca0.jpg,2026-08-18T13:09:21+00:00
bc9989011864927c,FR15ABOM210821165,organized,OK,,1335,2032,449,1016,0.0,0.945,0.899,2.26,2,data/crops/organized/organized_FR15ABOM210821165_S3_bc9989011864927c.jpg,2026-08-18T13:09:22+00:00
cc268e948186c45a,FR15ABOM210821139,organized,OK,,2458,1724,551,1373,0.0,0.692,0.933,2.49,1,data/crops/organized/organized_FR15ABOM210821139_P2_cc268e948186c45a.jpg,2026-08-18T13:09:23+00:00
4e699793fe35d096,FR15ABOM210821165,organized,OK,,1333,2006,453,1020,0.0,0.898,0.887,2.25,2,data/crops/organized/organized_FR15ABOM210821165_S2_4e699793fe35d096.jpg,2026-08-18T13:09:23+00:00
b8c0ea8578307710,NoName8,organized,OK,,1417,1817,437,1063,0.0,0.857,0.927,2.43,5,data/crops/organized/organized_NoName8_S1_b8c0ea8578307710.jpg,2026-08-18T13:09:24+00:00
415f3ba1a049b9e1,FR15ABOM150820018,organized,OK,,1455,1799,402,1004,0.0,0.841,0.919,2.5,3,data/crops/organized/organized_FR15ABOM150820018_S2_415f3ba1a049b9e1.jpg,2026-08-18T13:09:24+00:00
fea3d45ca9b535a3,FR15_ABOM14080820006,organized,OK,,2437,1855,556,1378,0.0,0.816,0.945,2.48,2,data/crops/organized/organized_FR15_ABOM14080820006_P2_fea3d45ca9b535a3.jpg,2026-08-18T13:09:25+00:00
7cc2c4a25e17be0a,FR15ABOM220821043,organized,OK,,1368,2183,390,1004,0.0,0.752,0.877,2.58,2,data/crops/organized/organized_FR15ABOM220821043_S3_7cc2c4a25e17be0a.jpg,2026-08-18T13:09:26+00:00
a62ffa5578f1ad75,FR15_ABOM07082020082,organized,OK,,1293,1955,437,996,0.0,0.836,0.898,2.28,2,data/crops/organized/organized_FR15_ABOM07082020082_S1_a62ffa5578f1ad75.jpg,2026-08-18T13:09:26+00:00
295fe26213d53f23,FR15_ABOM090820071,organized,OK,,2574,1755,518,1263,0.0,0.643,0.94,2.44,3,data/crops/organized/organized_FR15_ABOM090820071_P1_295fe26213d53f23.jpg,2026-08-18T13:09:27+00:00
9c8e9be1d580da80,FR15ABOM220821070,organized,OK,,2586,1776,560,1354,0.0,0.842,0.95,2.42,1,data/crops/organized/organized_FR15ABOM220821070_P2_9c8e9be1d580da80.jpg,2026-08-18T13:09:27+00:00
81fb781409e74bee,FR15_ABOM07082020082,organized,OK,,1069,1910,449,1012,0.0,0.884,0.91,2.25,2,data/crops/organized/organized_FR15_ABOM07082020082_S3_81fb781409e74bee.jpg,2026-08-18T13:09:28+00:00
0735214df99a29b6,FR15ABOM210821212,organized,OK,,2399,1750,556,1463,0.0,0.622,0.934,2.63,1,data/crops/organized/organized_FR15ABOM210821212_P2_0735214df99a29b6.jpg,2026-08-18T13:09:29+00:00
47b86baf651bbfd9,FR15ABOM220821043,organized,OK,,1441,2217,425,1079,0.0,0.859,0.894,2.54,2,data/crops/organized/organized_FR15ABOM220821043_S1_47b86baf651bbfd9.jpg,2026-08-18T13:09:29+00:00
eb239601f0c34818,FR15_ABOM170820030,organized,OK,,2474,1852,1489,655,-3.945,0.76,0.962,2.27,2,data/crops/organized/organized_FR15_ABOM170820030_P1_eb239601f0c34818.jpg,2026-08-18T13:09:30+00:00
6b63cd1b766986e2,NoName8,organized,OK,,1227,1876,429,1004,0.0,0.871,0.903,2.34,2,data/crops/organized/organized_NoName8_S3_6b63cd1b766986e2.jpg,2026-08-18T13:09:30+00:00
92c3ebabbe6eb62e,FR15ABOM210821139,organized,OK,,2508,1758,551,1349,0.0,0.768,0.942,2.45,1,data/crops/organized/organized_FR15ABOM210821139_P1_92c3ebabbe6eb62e.jpg,2026-08-18T13:09:31+00:00
60cde60b34950a6b,NoName8,organized,OK,,1364,1933,425,1020,0.0,0.761,0.903,2.4,3,data/crops/organized/organized_NoName8_S2_60cde60b34950a6b.jpg,2026-08-18T13:09:32+00:00
16a5e607bbb091de,FR15ABOM210821165,organized,OK,,1416,2020,457,1043,0.0,0.9,0.88,2.28,2,data/crops/organized/organized_FR15ABOM210821165_S1_16a5e607bbb091de.jpg,2026-08-18T13:09:32+00:00
23847567d6cc4c3f,FR15ABOM150820018,organized,OK,,1419,1732,386,1004,0.0,0.868,0.865,2.6,2,data/crops/organized/organized_FR15ABOM150820018_S1_23847567d6cc4c3f.jpg,2026-08-18T13:09:33+00:00
8d119ef7974131f3,FR15_ABOM14080820006,organized,OK,,2494,1800,560,1387,0.0,0.712,0.949,2.47,2,data/crops/organized/organized_FR15_ABOM14080820006_P1_8d119ef7974131f3.jpg,2026-08-18T13:09:33+00:00
97d53db465ce033e,FR15_ABOM07082020082,organized,OK,,1217,1876,429,984,0.0,0.82,0.918,2.29,2,data/crops/organized/organized_FR15_ABOM07082020082_S2_97d53db465ce033e.jpg,2026-08-18T13:09:34+00:00
4bbfa58f6277d90f,FR15_ABOM090820071,organized,OK,,2560,1755,518,1264,0.0,0.795,0.942,2.44,1,data/crops/organized/organized_FR15_ABOM090820071_P2_4bbfa58f6277d90f.jpg,2026-08-18T13:09:35+00:00
1625d333fc11d8e3,FR15ABOM220821070,organized,OK,,2525,1760,565,1363,0.0,0.78,0.943,2.41,1,data/crops/organized/organized_FR15ABOM220821070_P1_1625d333fc11d8e3.jpg,2026-08-18T13:09:35+00:00
38bf4623827243f6,FR15_ABOM090820071,organized,OK,,1248,2079,417,1008,0.0,0.818,0.912,2.42,2,data/crops/organized/organized_FR15_ABOM090820071_S3_38bf4623827243f6.jpg,2026-08-18T13:09:36+00:00
063854e0961efca8,FR15ABOM220821043,organized,OK,,2487,1831,575,1458,0.0,0.716,0.943,2.54,1,data/crops/organized/organized_FR15ABOM220821043_P1_063854e0961efca8.jpg,2026-08-18T13:09:36+00:00
5246006b21152322,FR15ABOM210821212,organized,OK,,1167,2016,441,1162,0.0,0.912,0.904,2.63,2,data/crops/organized/organized_FR15ABOM210821212_S2_5246006b21152322.jpg,2026-08-18T13:09:37+00:00
f979b0c018a8c0c2,FR15_ABOM170820030,organized,OK,,1152,1659,1162,396,-3.209,0.523,0.893,2.93,4,data/crops/organized/organized_FR15_ABOM170820030_S1_f979b0c018a8c0c2.jpg,2026-08-18T13:09:38+00:00
bcf4d5841967ddcd,FR15ABOM210821139,organized,OK,,1390,1792,402,961,0.0,0.855,0.885,2.39,4,data/crops/organized/organized_FR15ABOM210821139_S1_bcf4d5841967ddcd.jpg,2026-08-18T13:09:38+00:00
b2513a410f9c7db4,FR15ABOM210821165,organized,OK,,2506,1819,589,1373,0.0,0.42,0.932,2.33,2,data/crops/organized/organized_FR15ABOM210821165_P1_b2513a410f9c7db4.jpg,2026-08-18T13:09:39+00:00
727a8d914506c3ea,NoName8,organized,OK,,2487,1805,456,1088,0.0,0.564,0.939,2.39,2,data/crops/organized/organized_NoName8_P2_727a8d914506c3ea.jpg,2026-08-18T13:09:39+00:00
6c793a316c45df8e,FR15ABOM210821212,organized,OK,,1154,2024,425,1126,0.0,0.885,0.886,2.65,2,data/crops/organized/organized_FR15ABOM210821212_S3_6c793a316c45df8e.jpg,2026-08-18T13:09:40+00:00
a0b51894c5057c38,FR15_ABOM14080820006,organized,OK,,1276,1914,433,1040,0.0,0.832,0.924,2.4,2,data/crops/organized/organized_FR15_ABOM14080820006_S1_a0b51894c5057c38.jpg,2026-08-18T13:09:41+00:00
622cf37f9463bd75,FR15ABOM150820018,organized,OK,,2394,1767,504,1282,0.0,0.837,0.956,2.55,2,data/crops/organized/organized_FR15ABOM150820018_P1_622cf37f9463bd75.jpg,2026-08-18T13:09:41+00:00
22a02008da9075fd,FR15_ABOM07082020082,organized,OK,,2480,1822,584,1349,0.0,0.8,0.945,2.31,1,data/crops/organized/organized_FR15_ABOM07082020082_P2_22a02008da9075fd.jpg,2026-08-18T13:09:42+00:00
1b01d7ca7d6246b5,FR15_ABOM090820071,organized,OK,,1276,1864,429,1032,0.0,0.876,0.896,2.4,2,data/crops/organized/organized_FR15_ABOM090820071_S2_1b01d7ca7d6246b5.jpg,2026-08-18T13:09:42+00:00
313bbf85bfd136d5,FR15ABOM220821070,organized,OK,,1197,1752,457,1095,0.0,0.841,0.924,2.4,1,data/crops/organized/organized_FR15ABOM220821070_S1_313bbf85bfd136d5.jpg,2026-08-18T13:09:43+00:00
9ba3d580fc508400,FR15ABOM220821070,organized,OK,,1197,1803,449,1079,0.0,0.794,0.912,2.4,2,data/crops/organized/organized_FR15ABOM220821070_S3_9ba3d580fc508400.jpg,2026-08-18T13:09:44+00:00
0d43d3afed072623,FR15ABOM210821212,organized,OK,,1219,1849,445,1185,0.0,0.831,0.898,2.66,4,data/crops/organized/organized_FR15ABOM210821212_S1_0d43d3afed072623.jpg,2026-08-18T13:09:44+00:00
71185eac93dec780,FR15_ABOM14080820006,organized,OK,,1148,2116,437,1162,0.0,0.718,0.902,2.66,2,data/crops/organized/organized_FR15_ABOM14080820006_S3_71185eac93dec780.jpg,2026-08-18T13:09:45+00:00
4a83ba3464b2c498,FR15ABOM220821043,organized,OK,,2534,1855,575,1458,0.0,0.815,0.935,2.54,1,data/crops/organized/organized_FR15ABOM220821043_P2_4a83ba3464b2c498.jpg,2026-08-18T13:09:45+00:00
fb2af84cc0e383d9,FR15_ABOM170820030,organized,OK,,1065,1964,996,412,-1.364,0.567,0.898,2.42,2,data/crops/organized/organized_FR15_ABOM170820030_S2_fb2af84cc0e383d9.jpg,2026-08-18T13:09:46+00:00
3b9b4b55a1fad9b1,FR15ABOM210821139,organized,OK,,1469,1845,398,984,0.0,0.892,0.893,2.48,2,data/crops/organized/organized_FR15ABOM210821139_S2_3b9b4b55a1fad9b1.jpg,2026-08-18T13:09:46+00:00
c2d29f14bbbdba0e,NoName8,organized,OK,,2477,1727,451,1088,0.0,0.722,0.946,2.41,2,data/crops/organized/organized_NoName8_P1_c2d29f14bbbdba0e.jpg,2026-08-18T13:09:47+00:00
09a0ba84119c668e,FR15ABOM210821165,organized,OK,,2508,1800,589,1358,0.0,0.81,0.931,2.31,2,data/crops/organized/organized_FR15ABOM210821165_P2_09a0ba84119c668e.jpg,2026-08-18T13:09:48+00:00
d59ab6fb2a645417,FR15ABOM210821139,organized,OK,,1292,1908,413,1000,0.0,0.883,0.903,2.42,2,data/crops/organized/organized_FR15ABOM210821139_S3_d59ab6fb2a645417.jpg,2026-08-18T13:09:48+00:00
52c1931fbedb2108,FR15_ABOM170820030,organized,OK,,1104,1965,449,1177,0.0,0.379,0.905,2.62,3,data/crops/organized/organized_FR15_ABOM170820030_S3_52c1931fbedb2108.jpg,2026-08-18T13:09:49+00:00
7de79bc91444355d,FR15_ABOM14080820006,organized,OK,,1162,1945,425,1079,0.0,0.674,0.917,2.54,2,data/crops/organized/organized_FR15_ABOM14080820006_S2_7de79bc91444355d.jpg,2026-08-18T13:09:49+00:00
54838c3f42c9cd04,FR15ABOM150820018,organized,OK,,2377,1803,508,1297,0.0,0.772,0.949,2.55,1,data/crops/organized/organized_FR15ABOM150820018_P2_54838c3f42c9cd04.jpg,2026-08-18T13:09:50+00:00
71235b2836e7bfb3,FR15_ABOM07082020082,organized,OK,,2449,1788,584,1344,0.0,0.681,0.947,2.3,1,data/crops/organized/organized_FR15_ABOM07082020082_P1_71235b2836e7bfb3.jpg,2026-08-18T13:09:50+00:00
4cb9f3860e14b05f,FR15_ABOM090820071,organized,OK,,1207,1882,433,1028,0.0,0.868,0.928,2.37,4,data/crops/organized/organized_FR15_ABOM090820071_S1_4cb9f3860e14b05f.jpg,2026-08-18T13:09:51+00:00
31e54dffa524b66b,FR15ABOM220821070,organized,OK,,1167,1748,465,1099,0.0,0.831,0.919,2.36,2,data/crops/organized/organized_FR15ABOM220821070_S2_31e54dffa524b66b.jpg,2026-08-18T13:09:52+00:00
93e1763cecb5f9a6,FR15_ABOM07082020038,organized,OK,,2484,1803,442,1111,0.0,0.887,0.9,2.52,2,data/crops/organized/organized_FR15_ABOM07082020038_P2_93e1763cecb5f9a6.jpg,2026-08-18T13:09:52+00:00
12aed0790f7e23c7,FR15ABOM210821210,organized,OK,,1325,1843,441,1028,0.0,0.837,0.896,2.33,3,data/crops/organized/organized_FR15ABOM210821210_S1_12aed0790f7e23c7.jpg,2026-08-18T13:09:53+00:00
6931a2a74f5f5d20,FR15_ABOM080820007,organized,OK,,1250,1931,406,1004,0.0,0.776,0.901,2.48,3,data/crops/organized/organized_FR15_ABOM080820007_S2_6931a2a74f5f5d20.jpg,2026-08-18T13:09:53+00:00
e7d6997e4d7df086,FR15ABOM210821137,organized,OK,,1360,1882,441,1083,0.0,0.73,0.902,2.46,2,data/crops/organized/organized_FR15ABOM210821137_S2_e7d6997e4d7df086.jpg,2026-08-18T13:09:54+00:00
3d1dc6a9224ba360,FR15ABOM210821137,organized,OK,,1181,1799,433,1071,0.0,0.78,0.909,2.47,8,data/crops/organized/organized_FR15ABOM210821137_S3_3d1dc6a9224ba360.jpg,2026-08-18T13:09:54+00:00
ccad969de9a5ff31,FR15_ABOM080820007,organized,OK,,1228,1923,398,992,0.0,0.896,0.906,2.5,3,data/crops/organized/organized_FR15_ABOM080820007_S3_ccad969de9a5ff31.jpg,2026-08-18T13:09:55+00:00
7a69b27655238644,FR15_ABOM07082020038,organized,OK,,2489,1743,446,1112,0.0,0.739,0.865,2.49,4,data/crops/organized/organized_FR15_ABOM07082020038_P1_7a69b27655238644.jpg,2026-08-18T13:09:56+00:00
f2ec99c4f7a39258,FR15ABOM210821210,organized,OK,,1299,2014,437,1024,0.0,0.892,0.924,2.34,3,data/crops/organized/organized_FR15ABOM210821210_S2_f2ec99c4f7a39258.jpg,2026-08-18T13:09:56+00:00
d3efc8fddd286fe3,FR15_ABOM080820007,organized,OK,,1278,1992,402,988,0.0,0.884,0.909,2.46,2,data/crops/organized/organized_FR15_ABOM080820007_S1_d3efc8fddd286fe3.jpg,2026-08-18T13:09:57+00:00
d820dd849dfa6a31,FR15ABOM210821137,organized,OK,,1307,1857,437,1055,0.0,0.794,0.91,2.41,2,data/crops/organized/organized_FR15ABOM210821137_S1_d820dd849dfa6a31.jpg,2026-08-18T13:09:57+00:00
c30088cac32e6477,FR15ABOM210821210,organized,OK,,1165,2103,409,1039,0.0,0.902,0.906,2.54,2,data/crops/organized/organized_FR15ABOM210821210_S3_c30088cac32e6477.jpg,2026-08-18T13:09:58+00:00
a2b7c1726365b734,FR15_ABOM170820009,organized,OK,,2451,1834,570,1406,0.0,0.867,0.952,2.47,1,data/crops/organized/organized_FR15_ABOM170820009_P2_a2b7c1726365b734.jpg,2026-08-18T13:09:58+00:00
01a88c14283fe83d,FR15_ABOM080820039,organized,OK,,1297,1691,437,988,0.0,0.899,0.91,2.26,2,data/crops/organized/organized_FR15_ABOM080820039_S2_01a88c14283fe83d.jpg,2026-08-18T13:09:59+00:00
63dfd0da53c9e4c5,FR15ABOM220821068,organized,OK,,1242,2107,417,1028,0.0,0.869,0.885,2.46,2,data/crops/organized/organized_FR15ABOM220821068_S2_63dfd0da53c9e4c5.jpg,2026-08-18T13:10:00+00:00
221c491db00448f5,FR15ABOM210821171,organized,OK,,2522,1803,565,1349,0.0,0.759,0.947,2.39,2,data/crops/organized/organized_FR15ABOM210821171_P2_221c491db00448f5.jpg,2026-08-18T13:10:00+00:00
398b45df2cc9ca09,FR15ABOM220821068,organized,OK,,1136,2240,402,973,0.0,0.851,0.897,2.42,2,data/crops/organized/organized_FR15ABOM220821068_S3_398b45df2cc9ca09.jpg,2026-08-18T13:10:01+00:00
ca042ecfbc7894cb,FR15_ABOM080820039,organized,OK,,1329,1886,441,1004,0.0,0.828,0.916,2.28,2,data/crops/organized/organized_FR15_ABOM080820039_S3_ca042ecfbc7894cb.jpg,2026-08-18T13:10:01+00:00
5f275ce47bf1aa6e,FR15ABOM170821029,organized,OK,,2453,1793,556,1325,0.0,0.227,0.949,2.38,1,data/crops/organized/organized_FR15ABOM170821029_P2_5f275ce47bf1aa6e.jpg,2026-08-18T13:10:02+00:00
5f56dc959b71ef98,FR15_ABOM170820009,organized,OK,,2453,1795,570,1411,0.0,0.765,0.949,2.48,1,data/crops/organized/organized_FR15_ABOM170820009_P1_5f56dc959b71ef98.jpg,2026-08-18T13:10:03+00:00
78d1d61b47a990df,FR15_ABOM080820039,organized,OK,,1303,1786,429,969,0.0,0.865,0.901,2.26,2,data/crops/organized/organized_FR15_ABOM080820039_S1_78d1d61b47a990df.jpg,2026-08-18T13:10:03+00:00
2a6fd42740afc3e5,FR15ABOM220821068,organized,OK,,1276,2077,413,1000,0.0,0.835,0.88,2.42,2,data/crops/organized/organized_FR15ABOM220821068_S1_2a6fd42740afc3e5.jpg,2026-08-18T13:10:04+00:00
917e0938a6c8c870,FR15ABOM210821171,organized,OK,,2579,1803,565,1358,0.0,0.837,0.948,2.4,2,data/crops/organized/organized_FR15ABOM210821171_P1_917e0938a6c8c870.jpg,2026-08-18T13:10:04+00:00
90054c44163f685a,FR15ABOM170821029,organized,OK,,2465,1767,551,1320,0.0,0.568,0.948,2.4,1,data/crops/organized/organized_FR15ABOM170821029_P1_90054c44163f685a.jpg,2026-08-18T13:10:05+00:00
3d0f7499e948c0a1,CollecYvan9,organized,OK,,2444,1864,508,1316,0.0,0.37,0.927,2.59,2,data/crops/organized/organized_CollecYvan9_P2_3d0f7499e948c0a1.jpg,2026-08-18T13:10:05+00:00
57f04c69d5263995,FR15ABOM170821018,organized,OK,,2442,1776,504,1178,0.0,0.406,0.951,2.34,4,data/crops/organized/organized_FR15ABOM170821018_P2_57f04c69d5263995.jpg,2026-08-18T13:10:06+00:00
0942fc10a03589b8,CollecYvan10,organized,OK,,1727,2235,453,1051,0.0,0.903,0.907,2.32,2,data/crops/organized/organized_CollecYvan10_S3_0942fc10a03589b8.jpg,2026-08-18T13:10:07+00:00
1afa7f2cfe01c0ba,FR15_ABOM07082020062,organized,OK,,2457,1786,1328,583,-7.079,0.559,0.913,2.28,1,data/crops/organized/organized_FR15_ABOM07082020062_P2_1afa7f2cfe01c0ba.jpg,2026-08-18T13:10:07+00:00
eb390d81ab946035,CollecYvan10,organized,OK,,1581,2341,461,1075,0.0,0.629,0.898,2.33,2,data/crops/organized/organized_CollecYvan10_S2_eb390d81ab946035.jpg,2026-08-18T13:10:08+00:00
49fde66284a224e3,FR15ABOM170821018,organized,OK,,2408,1696,504,1178,0.0,0.482,0.944,2.34,3,data/crops/organized/organized_FR15ABOM170821018_P1_49fde66284a224e3.jpg,2026-08-18T13:10:08+00:00
c4ccac306ab1f113,CollecYvan9,organized,OK,,2442,1841,508,1311,0.0,0.66,0.931,2.58,1,data/crops/organized/organized_CollecYvan9_P1_c4ccac306ab1f113.jpg,2026-08-18T13:10:09+00:00
9603fa4301cfa4b7,FR15_ABOM07082020062,organized,OK,,2453,1806,1321,581,-8.005,0.613,0.909,2.27,1,data/crops/organized/organized_FR15_ABOM07082020062_P1_9603fa4301cfa4b7.jpg,2026-08-18T13:10:10+00:00
e77dee5c4091945d,CollecYvan10,organized,OK,,1683,2227,461,1067,0.0,0.829,0.887,2.32,3,data/crops/organized/organized_CollecYvan10_S1_e77dee5c4091945d.jpg,2026-08-18T13:10:10+00:00
b0590b9dd80c95f9,FR15ABOM220821085,organized,OK,,2491,1796,446,1097,0.0,0.446,0.954,2.46,1,data/crops/organized/organized_FR15ABOM220821085_P2_b0590b9dd80c95f9.jpg,2026-08-18T13:10:11+00:00
053c3d193126cddb,NoName7,organized,OK,,2351,1862,465,1130,0.0,0.615,0.937,2.43,3,data/crops/organized/organized_NoName7_P2_053c3d193126cddb.jpg,2026-08-18T13:10:11+00:00
eb5d60a0ead2aa42,FR15_ABOM023082020028,organized,OK,,1140,1892,587,965,0.0,0.752,0.878,1.64,3,data/crops/organized/organized_FR15_ABOM023082020028_S1_eb5d60a0ead2aa42.jpg,2026-08-18T13:10:12+00:00
e9ceb14f95b42826,FR15ABOM210821112,organized,OK,,1030,2126,433,1028,0.0,0.704,0.909,2.37,2,data/crops/organized/organized_FR15ABOM210821112_S1_e9ceb14f95b42826.jpg,2026-08-18T13:10:13+00:00
9b3f24ae109c19e6,FR15ABOM210821211,organized,OK,,1175,1904,429,980,0.0,0.832,0.899,2.28,3,data/crops/organized/organized_FR15ABOM210821211_S3_9b3f24ae109c19e6.jpg,2026-08-18T13:10:13+00:00
55e344c20b118f53,FR15ABOM210821211,organized,OK,,1321,2000,425,1004,0.0,0.913,0.929,2.36,2,data/crops/organized/organized_FR15ABOM210821211_S2_55e344c20b118f53.jpg,2026-08-18T13:10:14+00:00
80a07da91ea7a037,FR15ABOM210821147,organized,OK,,1471,1821,295,847,0.0,0.861,0.914,2.87,5,data/crops/organized/organized_FR15ABOM210821147_S1_80a07da91ea7a037.jpg,2026-08-18T13:10:14+00:00
769f117876ea5367,CollecYvan12,organized,OK,,1423,1693,433,949,0.0,0.788,0.907,2.19,3,data/crops/organized/organized_CollecYvan12_S1_769f117876ea5367.jpg,2026-08-18T13:10:15+00:00
701dfee11ac1c9eb,FR15ABOM170821120,organized,OK,,2468,1700,475,1126,0.0,0.554,0.898,2.37,1,data/crops/organized/organized_FR15ABOM170821120_P1_701dfee11ac1c9eb.jpg,2026-08-18T13:10:15+00:00
add0428a3fef3553,FR15ABOM220821085,organized,OK,,2442,1807,442,1102,0.0,0.616,0.947,2.49,1,data/crops/organized/organized_FR15ABOM220821085_P1_add0428a3fef3553.jpg,2026-08-18T13:10:16+00:00
b0cefafce23ddc9e,NoName7,organized,OK,,2430,1786,465,1145,0.0,0.758,0.935,2.46,3,data/crops/organized/organized_NoName7_P1_b0cefafce23ddc9e.jpg,2026-08-18T13:10:17+00:00
6e70625756fb05b9,CollecYvan12,organized,OK,,1477,1906,425,929,0.0,0.835,0.904,2.19,2,data/crops/organized/organized_CollecYvan12_S3_6e70625756fb05b9.jpg,2026-08-18T13:10:17+00:00
8c487aaf492fcadb,FR15_ABOM023082020028,organized,OK,,1278,1984,991,504,-10.968,0.601,0.863,1.97,4,data/crops/organized/organized_FR15_ABOM023082020028_S2_8c487aaf492fcadb.jpg,2026-08-18T13:10:18+00:00
30527f43c2221f74,FR15ABOM210821147,organized,OK,,1225,1929,347,882,0.0,0.846,0.898,2.55,4,data/crops/organized/organized_FR15ABOM210821147_S3_30527f43c2221f74.jpg,2026-08-18T13:10:18+00:00
57e94c820ad94aee,FR15ABOM210821112,organized,OK,,1148,2166,417,1004,0.0,0.924,0.892,2.41,2,data/crops/organized/organized_FR15ABOM210821112_S2_57e94c820ad94aee.jpg,2026-08-18T13:10:19+00:00
9b2cf08d3661aece,FR15ABOM210821211,organized,OK,,1227,2073,429,1004,0.0,0.709,0.915,2.34,5,data/crops/organized/organized_FR15ABOM210821211_S1_9b2cf08d3661aece.jpg,2026-08-18T13:10:19+00:00
69712891ac8e38c0,FR15ABOM210821112,organized,OK,,1266,2071,433,996,0.0,0.792,0.902,2.3,2,data/crops/organized/organized_FR15ABOM210821112_S3_69712891ac8e38c0.jpg,2026-08-18T13:10:20+00:00
03aa57d90555f07d,FR15ABOM210821147,organized,OK,,1427,1900,350,854,0.0,0.888,0.899,2.44,5,data/crops/organized/organized_FR15ABOM210821147_S2_03aa57d90555f07d.jpg,2026-08-18T13:10:21+00:00
4fe9f9d0c2cb8a53,FR15_ABOM023082020028,organized,OK,,1234,1894,994,510,-11.482,0.7,0.892,1.95,3,data/crops/organized/organized_FR15_ABOM023082020028_S3_4fe9f9d0c2cb8a53.jpg,2026-08-18T13:10:21+00:00
338567b2272eaeb9,CollecYvan12,organized,OK,,1425,2010,421,921,0.0,0.737,0.908,2.19,2,data/crops/organized/organized_CollecYvan12_S2_338567b2272eaeb9.jpg,2026-08-18T13:10:22+00:00
0ad99683346a5974,FR15ABOM170821120,organized,OK,,2480,1724,475,1112,0.0,0.682,0.927,2.34,1,data/crops/organized/organized_FR15ABOM170821120_P2_0ad99683346a5974.jpg,2026-08-18T13:10:22+00:00
7c0b5f3acdc94a4f,FR15ABOM210821125,organized,OK,,2488,1723,513,1147,7.765,0.474,0.923,2.24,1,data/crops/organized/organized_FR15ABOM210821125_P1_7c0b5f3acdc94a4f.jpg,2026-08-18T13:10:23+00:00
9e3bcd7c48ee69e5,FR15_ABOM07082020049,organized,OK,,1081,1805,319,815,0.0,0.915,0.908,2.56,4,data/crops/organized/organized_FR15_ABOM07082020049_S1_9e3bcd7c48ee69e5.jpg,2026-08-18T13:10:24+00:00
95fdb1afdad7ef41,NoName6,organized,OK,,1220,1900,1050,434,-4.028,0.861,0.917,2.42,2,data/crops/organized/organized_NoName6_S3_95fdb1afdad7ef41.jpg,2026-08-18T13:10:24+00:00
b56bbf4bf41aa84c,FR15ABOM220821084,organized,OK,,1038,1823,449,1099,0.0,0.835,0.913,2.45,3,data/crops/organized/organized_FR15ABOM220821084_S3_b56bbf4bf41aa84c.jpg,2026-08-18T13:10:25+00:00
0f67fb4eeb16ab7d,FR15ABOM220821084,organized,OK,,1274,1981,449,1099,0.0,0.833,0.902,2.45,3,data/crops/organized/organized_FR15ABOM220821084_S2_0f67fb4eeb16ab7d.jpg,2026-08-18T13:10:25+00:00
97c9d5bac1d86c08,NoName6,organized,OK,,1268,1967,429,1134,0.0,0.896,0.891,2.64,3,data/crops/organized/organized_NoName6_S2_97c9d5bac1d86c08.jpg,2026-08-18T13:10:26+00:00
3c703df441da0d51,FR15ABOM210821125,organized,OK,,2501,1776,510,1136,4.994,0.609,0.933,2.23,1,data/crops/organized/organized_FR15ABOM210821125_P2_3c703df441da0d51.jpg,2026-08-18T13:10:26+00:00
2c64eafbaa505ec4,FR15_ABOM07082020049,organized,OK,,1315,1834,812,395,-5.469,0.801,0.924,2.06,3,data/crops/organized/organized_FR15_ABOM07082020049_S2_2c64eafbaa505ec4.jpg,2026-08-18T13:10:27+00:00
6931309169fab242,FR15ABOM220821084,organized,OK,,1132,1914,457,1130,0.0,0.762,0.907,2.47,2,data/crops/organized/organized_FR15ABOM220821084_S1_6931309169fab242.jpg,2026-08-18T13:10:27+00:00
6fc80bee145208b0,NoName6,organized,OK,,1234,1835,433,1028,0.0,0.791,0.919,2.37,2,data/crops/organized/organized_NoName6_S1_6fc80bee145208b0.jpg,2026-08-18T13:10:28+00:00
710becce03552fc8,FR15_ABOM07082020049,organized,OK,,1078,1775,890,436,-6.062,0.924,0.918,2.04,3,data/crops/organized/organized_FR15_ABOM07082020049_S3_710becce03552fc8.jpg,2026-08-18T13:10:29+00:00
c67535cce48ceb2c,CollecYvan11,organized,OK,,2427,1760,527,1273,0.0,0.615,0.939,2.41,1,data/crops/organized/organized_CollecYvan11_P2_c67535cce48ceb2c.jpg,2026-08-18T13:10:29+00:00
3b20b16844dcba6f,FR15ABOM170821115,organized,OK,,1216,1901,861,370,-2.095,0.771,0.924,2.33,3,data/crops/organized/organized_FR15ABOM170821115_S3_3b20b16844dcba6f.jpg,2026-08-18T13:10:30+00:00
c7a312f8a9dcc639,FR15_ABOM09082020094,organized,OK,,1057,2124,421,1004,0.0,0.89,0.905,2.38,2,data/crops/organized/organized_FR15_ABOM09082020094_S3_c7a312f8a9dcc639.jpg,2026-08-18T13:10:30+00:00
6439f9806376196e,CollecYvan8,organized,OK,,1453,1679,398,1008,0.0,0.817,0.924,2.53,4,data/crops/organized/organized_CollecYvan8_S3_6439f9806376196e.jpg,2026-08-18T13:10:31+00:00
8191aad3a636aabd,CollecYvan8,organized,OK,,1538,1912,421,1051,0.0,0.803,0.939,2.5,2,data/crops/organized/organized_CollecYvan8_S2_8191aad3a636aabd.jpg,2026-08-18T13:10:32+00:00
569cf8bcd8365667,FR15_ABOM09082020094,organized,OK,,1230,2040,433,1012,0.0,0.736,0.913,2.34,2,data/crops/organized/organized_FR15_ABOM09082020094_S2_569cf8bcd8365667.jpg,2026-08-18T13:10:32+00:00
74c21c639d6ea798,FR15ABOM170821115,organized,OK,,1464,2007,836,364,-1.287,0.74,0.911,2.29,2,data/crops/organized/organized_FR15ABOM170821115_S2_74c21c639d6ea798.jpg,2026-08-18T13:10:33+00:00
2ae8e84151225977,CollecYvan11,organized,OK,,2408,1731,527,1264,0.0,0.389,0.935,2.4,2,data/crops/organized/organized_CollecYvan11_P1_2ae8e84151225977.jpg,2026-08-18T13:10:33+00:00
03721dcaab9dea2c,CollecYvan8,organized,OK,,1597,1788,441,1091,0.0,0.681,0.916,2.47,3,data/crops/organized/organized_CollecYvan8_S1_03721dcaab9dea2c.jpg,2026-08-18T13:10:34+00:00
04c0e23b1e18b69a,FR15_ABOM09082020094,organized,OK,,1069,1858,457,1051,0.0,0.837,0.913,2.3,3,data/crops/organized/organized_FR15_ABOM09082020094_S1_04c0e23b1e18b69a.jpg,2026-08-18T13:10:34+00:00
b26360d7d76cd750,FR15ABOM170821115,organized,OK,,1368,1961,370,862,0.0,0.824,0.92,2.33,3,data/crops/organized/organized_FR15ABOM170821115_S1_b26360d7d76cd750.jpg,2026-08-18T13:10:35+00:00
78dcb9cf1761b598,CollecYvan11,organized,OK,,1236,2073,413,1000,0.0,0.786,0.901,2.42,3,data/crops/organized/organized_CollecYvan11_S1_78dcb9cf1761b598.jpg,2026-08-18T13:10:35+00:00
2a7856876e077752,CollecYvan8,organized,OK,,2418,1819,503,1301,0.0,0.546,0.948,2.58,1,data/crops/organized/organized_CollecYvan8_P1_2a7856876e077752.jpg,2026-08-18T13:10:36+00:00
df0f8444b746db0b,FR15_ABOM09082020094,organized,OK,,2463,1717,508,1183,0.0,0.623,0.936,2.33,1,data/crops/organized/organized_FR15_ABOM09082020094_P1_df0f8444b746db0b.jpg,2026-08-18T13:10:37+00:00
d36f9e2b4a9c3eef,FR15ABOM170821115,organized,OK,,2495,1799,1157,606,-7.684,0.577,0.912,1.91,2,data/crops/organized/organized_FR15ABOM170821115_P1_d36f9e2b4a9c3eef.jpg,2026-08-18T13:10:37+00:00
fa2aa677ab3c1f1d,CollecYvan11,organized,OK,,1146,1799,425,1024,0.0,0.825,0.901,2.41,2,data/crops/organized/organized_CollecYvan11_S2_fa2aa677ab3c1f1d.jpg,2026-08-18T13:10:38+00:00
807224ed78fa2dd6,CollecYvan8,organized,OK,,2425,1793,508,1297,0.0,0.374,0.952,2.55,1,data/crops/organized/organized_CollecYvan8_P2_807224ed78fa2dd6.jpg,2026-08-18T13:10:38+00:00
7f959a9040a4b994,FR15_ABOM09082020094,organized,OK,,2506,1758,513,1183,0.0,0.732,0.928,2.31,1,data/crops/organized/organized_FR15_ABOM09082020094_P2_7f959a9040a4b994.jpg,2026-08-18T13:10:39+00:00
becd474c3206705f,CollecYvan11,organized,OK,,1317,1845,421,1004,0.0,0.852,0.928,2.38,3,data/crops/organized/organized_CollecYvan11_S3_becd474c3206705f.jpg,2026-08-18T13:10:40+00:00
66c784086b3198af,FR15ABOM170821115,organized,OK,,2444,1746,480,1221,0.0,0.504,0.938,2.54,2,data/crops/organized/organized_FR15ABOM170821115_P2_66c784086b3198af.jpg,2026-08-18T13:10:40+00:00
52c1f70c20b31941,FR15ABOM210821125,organized,OK,,1205,2026,413,953,0.0,0.951,0.894,2.3,1,data/crops/organized/organized_FR15ABOM210821125_S2_52c1f70c20b31941.jpg,2026-08-18T13:10:41+00:00
484698c95160c6cf,FR15_ABOM07082020049,organized,OK,,2417,1738,1084,499,-5.56,0.709,0.922,2.17,2,data/crops/organized/organized_FR15_ABOM07082020049_P2_484698c95160c6cf.jpg,2026-08-18T13:10:41+00:00
2cead9b79ae9b4be,FR15ABOM220821084,organized,OK,,2418,1719,522,1263,0.0,0.436,0.951,2.42,1,data/crops/organized/organized_FR15ABOM220821084_P1_2cead9b79ae9b4be.jpg,2026-08-18T13:10:42+00:00
30b19cdaa995b583,NoName6,organized,OK,,2408,1774,432,1045,0.0,0.724,0.939,2.42,2,data/crops/organized/organized_NoName6_P1_30b19cdaa995b583.jpg,2026-08-18T13:10:43+00:00
51726361a5652e2d,FR15ABOM210821125,organized,OK,,1038,2014,421,957,0.0,0.947,0.89,2.27,2,data/crops/organized/organized_FR15ABOM210821125_S3_51726361a5652e2d.jpg,2026-08-18T13:10:43+00:00
3f61dc6a4133784f,FR15ABOM210821125,organized,OK,,1244,1953,425,929,0.0,0.946,0.886,2.19,3,data/crops/organized/organized_FR15ABOM210821125_S1_3f61dc6a4133784f.jpg,2026-08-18T13:10:44+00:00
cfa71cdb188697e8,FR15_ABOM07082020049,organized,OK,,2442,1761,1086,514,-5.826,0.417,0.923,2.11,2,data/crops/organized/organized_FR15_ABOM07082020049_P1_cfa71cdb188697e8.jpg,2026-08-18T13:10:44+00:00
381eee30d99c794f,FR15ABOM220821084,organized,OK,,2387,1703,527,1278,0.0,0.63,0.954,2.42,1,data/crops/organized/organized_FR15ABOM220821084_P2_381eee30d99c794f.jpg,2026-08-18T13:10:45+00:00
cda7b1ab623c99c5,NoName6,organized,OK,,2422,1784,432,1083,0.0,0.912,0.93,2.51,2,data/crops/organized/organized_NoName6_P2_cda7b1ab623c99c5.jpg,2026-08-18T13:10:46+00:00
ba239ea4f1c1d840,FR15ABOM170821120,organized,OK,,1370,1591,402,937,0.0,0.874,0.915,2.33,2,data/crops/organized/organized_FR15ABOM170821120_S3_ba239ea4f1c1d840.jpg,2026-08-18T13:10:46+00:00
6c45ea953b2ed20f,FR15_ABOM023082020028,organized,OK,,2505,1793,1305,673,-10.342,0.627,0.904,1.94,1,data/crops/organized/organized_FR15_ABOM023082020028_P2_6c45ea953b2ed20f.jpg,2026-08-18T13:10:47+00:00
e43d9e3c585f7df8,FR15ABOM220821085,organized,OK,,1148,1880,350,902,0.0,0.946,0.9,2.57,3,data/crops/organized/organized_FR15ABOM220821085_S1_e43d9e3c585f7df8.jpg,2026-08-18T13:10:47+00:00
c15aac11209914d1,NoName7,organized,OK,,1313,1764,465,1130,0.0,0.776,0.882,2.43,1,data/crops/organized/organized_NoName7_S1_c15aac11209914d1.jpg,2026-08-18T13:10:48+00:00
9d650a40c5fb6cd3,FR15ABOM210821112,organized,OK,,2518,1753,513,1168,0.0,0.688,0.951,2.28,1,data/crops/organized/organized_FR15ABOM210821112_P2_9d650a40c5fb6cd3.jpg,2026-08-18T13:10:48+00:00
acab86d21b3166ea,FR15ABOM210821211,organized,OK,,2577,1677,484,1154,0.0,0.344,0.956,2.38,2,data/crops/organized/organized_FR15ABOM210821211_P1_acab86d21b3166ea.jpg,2026-08-18T13:10:49+00:00
d2a078c306f2dad4,FR15ABOM210821147,organized,OK,,2451,1727,423,1074,0.0,0.706,0.951,2.54,2,data/crops/organized/organized_FR15ABOM210821147_P2_d2a078c306f2dad4.jpg,2026-08-18T13:10:50+00:00
0927aa83bc437238,CollecYvan12,organized,OK,,2392,1819,522,1164,0.0,0.388,0.949,2.23,1,data/crops/organized/organized_CollecYvan12_P2_0927aa83bc437238.jpg,2026-08-18T13:10:50+00:00
94e0b3de2472c5e3,FR15ABOM170821120,organized,OK,,1437,1803,402,961,0.0,0.91,0.888,2.39,2,data/crops/organized/organized_FR15ABOM170821120_S2_94e0b3de2472c5e3.jpg,2026-08-18T13:10:51+00:00
d7ccae17d65d64aa,FR15_ABOM023082020028,organized,OK,,2470,1818,1315,672,-11.674,0.562,0.897,1.96,1,data/crops/organized/organized_FR15_ABOM023082020028_P1_d7ccae17d65d64aa.jpg,2026-08-18T13:10:51+00:00
9c92ef599f334b39,FR15ABOM220821085,organized,OK,,1160,1843,386,1004,0.0,0.879,0.922,2.6,2,data/crops/organized/organized_FR15ABOM220821085_S2_9c92ef599f334b39.jpg,2026-08-18T13:10:52+00:00
7cb36d5b16b80e62,NoName7,organized,OK,,1274,1837,461,1122,0.0,0.816,0.907,2.44,2,data/crops/organized/organized_NoName7_S2_7cb36d5b16b80e62.jpg,2026-08-18T13:10:53+00:00
8cb4779389758935,FR15ABOM210821112,organized,OK,,2498,1753,513,1178,0.0,0.584,0.956,2.3,1,data/crops/organized/organized_FR15ABOM210821112_P1_8cb4779389758935.jpg,2026-08-18T13:10:53+00:00
f2bcfe5bdb398d13,FR15ABOM210821211,organized,OK,,2534,1710,484,1135,0.0,0.164,0.946,2.34,1,data/crops/organized/organized_FR15ABOM210821211_P2_f2bcfe5bdb398d13.jpg,2026-08-18T13:10:54+00:00
20ec9e1ea071b33b,FR15ABOM210821147,organized,OK,,2442,1741,432,1054,0.0,0.393,0.914,2.44,2,data/crops/organized/organized_FR15ABOM210821147_P1_20ec9e1ea071b33b.jpg,2026-08-18T13:10:54+00:00
d0a8dee43df77f2c,NoName7,organized,OK,,1183,1904,461,1122,0.0,0.713,0.898,2.44,2,data/crops/organized/organized_NoName7_S3_d0a8dee43df77f2c.jpg,2026-08-18T13:10:55+00:00
dbe4610f00a63d0e,FR15ABOM220821085,organized,OK,,1203,1874,378,933,0.0,0.917,0.921,2.47,2,data/crops/organized/organized_FR15ABOM220821085_S3_dbe4610f00a63d0e.jpg,2026-08-18T13:10:56+00:00
fafa713d61124322,CollecYvan12,organized,OK,,2380,1834,522,1159,0.0,0.236,0.951,2.22,1,data/crops/organized/organized_CollecYvan12_P1_fafa713d61124322.jpg,2026-08-18T13:10:56+00:00
3235afe75b833893,FR15ABOM170821120,organized,OK,,1351,1752,410,953,0.0,0.924,0.929,2.33,2,data/crops/organized/organized_FR15ABOM170821120_S1_3235afe75b833893.jpg,2026-08-18T13:10:57+00:00
695d066315278ac3,FR15ABOM170821018,organized,OK,,1272,1878,410,953,0.0,0.868,0.916,2.33,2,data/crops/organized/organized_FR15ABOM170821018_S1_695d066315278ac3.jpg,2026-08-18T13:10:57+00:00
ad558dba47d9577d,CollecYvan9,organized,OK,,1110,1715,406,1071,0.0,0.759,0.911,2.64,2,data/crops/organized/organized_CollecYvan9_S1_ad558dba47d9577d.jpg,2026-08-18T13:10:58+00:00
b1b45ef3169ed3a2,FR15_ABOM07082020062,organized,OK,,1213,1801,476,1118,0.0,0.651,0.911,2.35,4,data/crops/organized/organized_FR15_ABOM07082020062_S1_b1b45ef3169ed3a2.jpg,2026-08-18T13:10:59+00:00
47a83d441036f2aa,CollecYvan10,organized,OK,,2439,1748,570,1325,0.0,0.539,0.909,2.33,1,data/crops/organized/organized_CollecYvan10_P1_47a83d441036f2aa.jpg,2026-08-18T13:10:59+00:00
d9145a0900f00a78,CollecYvan9,organized,OK,,1075,1740,425,1095,0.0,0.635,0.919,2.57,2,data/crops/organized/organized_CollecYvan9_S2_d9145a0900f00a78.jpg,2026-08-18T13:11:00+00:00
774eaab33bfbbace,FR15ABOM170821018,organized,OK,,1299,1935,413,976,0.0,0.746,0.91,2.36,2,data/crops/organized/organized_FR15ABOM170821018_S2_774eaab33bfbbace.jpg,2026-08-18T13:11:00+00:00
8970f9f9c99fa61b,FR15_ABOM07082020062,organized,OK,,1270,1896,1083,472,-8.276,0.693,0.92,2.29,3,data/crops/organized/organized_FR15_ABOM07082020062_S2_8970f9f9c99fa61b.jpg,2026-08-18T13:11:01+00:00
c846b8362a0ca8ff,CollecYvan10,organized,OK,,2427,1776,570,1330,0.0,0.245,0.94,2.33,2,data/crops/organized/organized_CollecYvan10_P2_c846b8362a0ca8ff.jpg,2026-08-18T13:11:02+00:00
625eb25bfb60b45d,FR15_ABOM07082020062,organized,OK,,1189,1828,1121,497,-6.53,0.747,0.905,2.25,2,data/crops/organized/organized_FR15_ABOM07082020062_S3_625eb25bfb60b45d.jpg,2026-08-18T13:11:02+00:00
2b9453d824aa8777,CollecYvan9,organized,OK,,1207,1742,429,1106,0.0,0.763,0.917,2.58,3,data/crops/organized/organized_CollecYvan9_S3_2b9453d824aa8777.jpg,2026-08-18T13:11:03+00:00
c56cc0e16b2dae9f,FR15ABOM170821018,organized,OK,,1110,1920,437,1032,0.0,0.827,0.919,2.36,2,data/crops/organized/organized_FR15ABOM170821018_S3_c56cc0e16b2dae9f.jpg,2026-08-18T13:11:03+00:00
d176c1636b13fa55,FR15ABOM060621003,organized,OK,,1343,1963,524,1102,0.0,0.717,0.907,2.11,3,data/crops/organized/organized_FR15ABOM060621003_S1_d176c1636b13fa55.jpg,2026-08-18T13:11:04+00:00
3dbe292c8219d455,FR15ABOM060621003,organized,OK,,1276,1955,532,1126,0.0,0.727,0.896,2.12,2,data/crops/organized/organized_FR15ABOM060621003_S2_3dbe292c8219d455.jpg,2026-08-18T13:11:04+00:00
05263db1385c8455,FR15ABOM060621003,organized,OK,,1274,1868,532,1146,0.0,0.817,0.894,2.16,3,data/crops/organized/organized_FR15ABOM060621003_S3_05263db1385c8455.jpg,2026-08-18T13:11:05+00:00
01f0dd9dc03775eb,FR15ABOM060621003,organized,OK,,2498,1800,703,1491,0.0,0.606,0.967,2.12,1,data/crops/organized/organized_FR15ABOM060621003_P2_01f0dd9dc03775eb.jpg,2026-08-18T13:11:06+00:00
d4f474dc661e36cb,FR15ABOM060621003,organized,OK,,2408,1791,703,1501,0.0,0.677,0.96,2.14,1,data/crops/organized/organized_FR15ABOM060621003_P1_d4f474dc661e36cb.jpg,2026-08-18T13:11:06+00:00
dac313acd8e3d06b,CollecYvan5,organized,OK,,2422,1776,466,1254,0.0,0.659,0.928,2.69,1,data/crops/organized/organized_CollecYvan5_P2_dac313acd8e3d06b.jpg,2026-08-18T13:11:07+00:00
229d1b34f8401ea7,FR73ABOM120722028,organized,OK,,1384,1858,402,1012,0.0,0.869,0.906,2.52,2,data/crops/organized/organized_FR73ABOM120722028_S1_229d1b34f8401ea7.jpg,2026-08-18T13:11:07+00:00
813837c06e9364c1,FR05ABOM220722026,organized,OK,,2460,1796,494,1254,0.0,0.591,0.931,2.54,1,data/crops/organized/organized_FR05ABOM220722026_P2_813837c06e9364c1.jpg,2026-08-18T13:11:08+00:00
6f513af4f63c93ad,FR73ABOM120722028,organized,OK,,1378,1957,409,1047,0.0,0.859,0.893,2.56,3,data/crops/organized/organized_FR73ABOM120722028_S3_6f513af4f63c93ad.jpg,2026-08-18T13:11:09+00:00
bc540ed6ba9b6a1e,CollecYvan5,organized,OK,,2477,1750,461,1259,0.0,0.689,0.916,2.73,2,data/crops/organized/organized_CollecYvan5_P1_bc540ed6ba9b6a1e.jpg,2026-08-18T13:11:09+00:00
72b2522e8c4b6ca4,FR73ABOM120722028,organized,OK,,1250,2073,421,1059,0.0,0.866,0.903,2.51,2,data/crops/organized/organized_FR73ABOM120722028_S2_72b2522e8c4b6ca4.jpg,2026-08-18T13:11:10+00:00
b5a331cd7cb00006,FR05ABOM220722026,organized,OK,,2380,1921,489,1235,0.0,0.781,0.916,2.52,1,data/crops/organized/organized_FR05ABOM220722026_P1_b5a331cd7cb00006.jpg,2026-08-18T13:11:10+00:00
2b3b4f62c27d55c2,FR04ABOM220722047,organized,OK,,2389,1834,503,1187,0.0,0.738,0.916,2.36,1,data/crops/organized/organized_FR04ABOM220722047_P1_2b3b4f62c27d55c2.jpg,2026-08-18T13:11:11+00:00
42e6887394334232,FR73ABOM120722026,organized,OK,,1337,1912,429,1083,0.0,0.875,0.905,2.52,2,data/crops/organized/organized_FR73ABOM120722026_S3_42e6887394334232.jpg,2026-08-18T13:11:12+00:00
96b4bddd59c5d806,FR73ABOM200722030,organized,OK,,2411,1724,475,1297,0.0,0.713,0.915,2.73,2,data/crops/organized/organized_FR73ABOM200722030_P2_96b4bddd59c5d806.jpg,2026-08-18T13:11:12+00:00
1100e11efa41b93a,CollecYvan2,organized,OK,,1288,1801,398,992,0.0,0.956,0.917,2.5,2,data/crops/organized/organized_CollecYvan2_S1_1100e11efa41b93a.jpg,2026-08-18T13:11:13+00:00
3a0f63486c7c973d,FR73ABOM200722018,organized,OK,,2439,1757,513,1268,0.0,0.843,0.944,2.47,2,data/crops/organized/organized_FR73ABOM200722018_P2_3a0f63486c7c973d.jpg,2026-08-18T13:11:13+00:00
f6b4318c8ed29b4a,FR73ABOM120722026,organized,OK,,1333,1949,441,1106,0.0,0.843,0.921,2.51,2,data/crops/organized/organized_FR73ABOM120722026_S2_f6b4318c8ed29b4a.jpg,2026-08-18T13:11:14+00:00
2b36705a6ece5b6a,FR04ABOM220722047,organized,OK,,2411,1838,494,1202,0.0,0.807,0.931,2.43,1,data/crops/organized/organized_FR04ABOM220722047_P2_2b36705a6ece5b6a.jpg,2026-08-18T13:11:15+00:00
50ca09299fc38dd6,FR73ABOM200722030,organized,OK,,2411,1705,466,1297,0.0,0.725,0.922,2.79,1,data/crops/organized/organized_FR73ABOM200722030_P1_50ca09299fc38dd6.jpg,2026-08-18T13:11:15+00:00
e6cc8f23f4919a1d,CollecYvan2,organized,OK,,1236,1732,402,969,0.0,0.856,0.902,2.41,2,data/crops/organized/organized_CollecYvan2_S2_e6cc8f23f4919a1d.jpg,2026-08-18T13:11:16+00:00
d72f48b3044296fd,CollecYvan2,organized,OK,,1475,1689,386,957,0.0,0.966,0.907,2.48,3,data/crops/organized/organized_CollecYvan2_S3_d72f48b3044296fd.jpg,2026-08-18T13:11:16+00:00
adf505200fc1c2fe,FR73ABOM200722018,organized,OK,,2377,1852,513,1278,0.0,0.885,0.93,2.49,2,data/crops/organized/organized_FR73ABOM200722018_P1_adf505200fc1c2fe.jpg,2026-08-18T13:11:17+00:00
e15a96d60346ad57,FR73ABOM120722026,organized,OK,,1323,2075,449,1110,0.0,0.867,0.906,2.47,2,data/crops/organized/organized_FR73ABOM120722026_S1_e15a96d60346ad57.jpg,2026-08-18T13:11:18+00:00
7b71ce8e55cc5cf4,FR73ABOM200722031,organized,OK,,1148,1921,354,902,0.0,0.985,0.889,2.54,3,data/crops/organized/organized_FR73ABOM200722031_S3_7b71ce8e55cc5cf4.jpg,2026-08-18T13:11:18+00:00
79a208b4470febcf,FR73ABOM130722003,organized,OK,,1293,1839,425,1043,0.0,0.771,0.904,2.45,2,data/crops/organized/organized_FR73ABOM130722003_S1_79a208b4470febcf.jpg,2026-08-18T13:11:19+00:00
986fd9762e34cfe7,CollecYvan6,organized,OK,,1216,1891,1012,370,-5.711,0.811,0.893,2.73,2,data/crops/organized/organized_CollecYvan6_S1_986fd9762e34cfe7.jpg,2026-08-18T13:11:19+00:00
8b28d6b181f16467,CD388016,organized,OK,,2437,1769,128,361,0.0,0.815,0.918,2.81,4,data/crops/organized/organized_CD388016_P1_8b28d6b181f16467.jpg,2026-08-18T13:11:20+00:00
49117fd4138ec6dc,FR04ABOM220722046,organized,OK,,1339,1969,417,898,0.0,0.834,0.907,2.15,2,data/crops/organized/organized_FR04ABOM220722046_S1_49117fd4138ec6dc.jpg,2026-08-18T13:11:21+00:00
73230946c5e0a28e,FR73ABOM130722041,organized,OK,,2463,1812,461,1164,0.0,0.726,0.94,2.53,1,data/crops/organized/organized_FR73ABOM130722041_P1_73230946c5e0a28e.jpg,2026-08-18T13:11:21+00:00
2a20cb512bae01e7,CollecYvan3,organized,OK,,2392,1872,532,1335,0.0,0.616,0.925,2.51,2,data/crops/organized/organized_CollecYvan3_P1_2a20cb512bae01e7.jpg,2026-08-18T13:11:22+00:00
2516584dc1ba3def,FR73ABOM200722031,organized,OK,,1351,1890,339,858,0.0,0.981,0.896,2.53,4,data/crops/organized/organized_FR73ABOM200722031_S2_2516584dc1ba3def.jpg,2026-08-18T13:11:22+00:00
0969bed438d35ace,FR73ABOM130722003,organized,OK,,1264,1961,394,1016,0.0,0.863,0.895,2.58,2,data/crops/organized/organized_FR73ABOM130722003_S2_0969bed438d35ace.jpg,2026-08-18T13:11:23+00:00
e7621e092d34a606,FR04ABOM220722046,organized,OK,,1416,1923,390,854,0.0,0.846,0.924,2.19,2,data/crops/organized/organized_FR04ABOM220722046_S3_e7621e092d34a606.jpg,2026-08-18T13:11:24+00:00
c17b3136e25bc3db,CollecYvan6,organized,OK,,1312,1969,994,372,-6.911,0.723,0.907,2.67,2,data/crops/organized/organized_CollecYvan6_S3_c17b3136e25bc3db.jpg,2026-08-18T13:11:24+00:00
5c1ea5d6c9b3137a,CollecYvan6,organized,OK,,1207,2012,354,980,0.0,0.809,0.889,2.77,2,data/crops/organized/organized_CollecYvan6_S2_5c1ea5d6c9b3137a.jpg,2026-08-18T13:11:25+00:00
92c7ca5cbf54901a,CD388016,organized,OK,,2422,1776,124,352,0.0,0.752,0.876,2.85,3,data/crops/organized/organized_CD388016_P2_92c7ca5cbf54901a.jpg,2026-08-18T13:11:25+00:00
8a6476d718af00dc,FR04ABOM220722046,organized,OK,,1229,2053,866,399,-3.532,0.935,0.899,2.17,3,data/crops/organized/organized_FR04ABOM220722046_S2_8a6476d718af00dc.jpg,2026-08-18T13:11:26+00:00
23349606bea957a3,FR73ABOM130722041,organized,OK,,2460,1791,456,1168,0.0,0.753,0.939,2.56,1,data/crops/organized/organized_FR73ABOM130722041_P2_23349606bea957a3.jpg,2026-08-18T13:11:27+00:00
ee7e84739d776a37,CollecYvan3,organized,OK,,2368,1902,518,1335,0.0,0.641,0.933,2.58,2,data/crops/organized/organized_CollecYvan3_P2_ee7e84739d776a37.jpg,2026-08-18T13:11:27+00:00
5fdb58143aae372b,FR73ABOM130722003,organized,OK,,1036,1953,402,1008,0.0,0.817,0.902,2.51,2,data/crops/organized/organized_FR73ABOM130722003_S3_5fdb58143aae372b.jpg,2026-08-18T13:11:28+00:00
b47514a8c6b20da2,FR73ABOM200722031,organized,OK,,1276,1811,354,898,0.0,0.952,0.9,2.53,2,data/crops/organized/organized_FR73ABOM200722031_S1_b47514a8c6b20da2.jpg,2026-08-18T13:11:28+00:00
c95bf0f00eedb0f2,FR73ABOM200722017,organized,OK,,1290,1953,386,1036,0.0,0.913,0.883,2.68,2,data/crops/organized/organized_FR73ABOM200722017_S1_c95bf0f00eedb0f2.jpg,2026-08-18T13:11:29+00:00
936e40a85c50b8f8,CollecYvan4,organized,OK,,1500,1746,421,1016,0.0,0.83,0.908,2.41,3,data/crops/organized/organized_CollecYvan4_S3_936e40a85c50b8f8.jpg,2026-08-18T13:11:29+00:00
24e0143e9de22c9b,FR05ABOM220722027,organized,OK,,1197,2097,390,1039,0.0,0.92,0.919,2.67,3,data/crops/organized/organized_FR05ABOM220722027_S2_24e0143e9de22c9b.jpg,2026-08-18T13:11:30+00:00
2891c9596cdb423a,FR73ABOM130722029,organized,OK,,1384,1774,382,925,0.0,0.932,0.898,2.42,2,data/crops/organized/organized_FR73ABOM130722029_S3_2891c9596cdb423a.jpg,2026-08-18T13:11:31+00:00
73514260efa32503,CollecYvan1,organized,OK,,2401,1805,475,1278,0.0,0.763,0.92,2.69,2,data/crops/organized/organized_CollecYvan1_P2_73514260efa32503.jpg,2026-08-18T13:11:31+00:00
5716c052993058f5,FR73ABOM130722029,organized,OK,,1185,2018,390,1000,0.0,0.928,0.911,2.57,2,data/crops/organized/organized_FR73ABOM130722029_S2_5716c052993058f5.jpg,2026-08-18T13:11:32+00:00
12ebd0f215d6f567,FR05ABOM220722027,organized,OK,,1272,2183,374,953,0.0,0.813,0.894,2.55,3,data/crops/organized/organized_FR05ABOM220722027_S3_12ebd0f215d6f567.jpg,2026-08-18T13:11:32+00:00
66366aefe546c600,CollecYvan4,organized,OK,,1427,1748,425,1020,0.0,0.814,0.886,2.4,4,data/crops/organized/organized_CollecYvan4_S2_66366aefe546c600.jpg,2026-08-18T13:11:33+00:00
b7dc31946443818c,FR73ABOM200722017,organized,OK,,1329,1900,390,965,0.0,0.877,0.888,2.47,2,data/crops/organized/organized_FR73ABOM200722017_S2_b7dc31946443818c.jpg,2026-08-18T13:11:33+00:00
4024e063cf196e52,FR05ABOM220722027,organized,OK,,1488,2006,406,1040,0.0,0.869,0.906,2.56,3,data/crops/organized/organized_FR05ABOM220722027_S1_4024e063cf196e52.jpg,2026-08-18T13:11:34+00:00
2b9a4e3eff70d5b2,CollecYvan1,organized,OK,,2396,1762,475,1268,0.0,0.588,0.924,2.67,1,data/crops/organized/organized_CollecYvan1_P1_2b9a4e3eff70d5b2.jpg,2026-08-18T13:11:35+00:00
f320daed6f6d104c,FR73ABOM130722029,organized,OK,,1358,1880,406,976,0.0,0.772,0.923,2.41,3,data/crops/organized/organized_FR73ABOM130722029_S1_f320daed6f6d104c.jpg,2026-08-18T13:11:35+00:00
d31156dfa26f5475,CollecYvan4,organized,OK,,1583,1658,402,976,0.0,0.908,0.906,2.43,3,data/crops/organized/organized_CollecYvan4_S1_d31156dfa26f5475.jpg,2026-08-18T13:11:36+00:00
aa8effcfa6d69ca6,FR73ABOM200722017,organized,OK,,1475,1843,386,957,0.0,0.912,0.892,2.48,2,data/crops/organized/organized_FR73ABOM200722017_S3_aa8effcfa6d69ca6.jpg,2026-08-18T13:11:36+00:00
9ffd8875a054f634,FR73ABOM200722017,organized,OK,,2444,1767,494,1230,0.0,0.722,0.906,2.49,1,data/crops/organized/organized_FR73ABOM200722017_P2_9ffd8875a054f634.jpg,2026-08-18T13:11:37+00:00
0bd407c3342b1795,FR05ABOM220722027,organized,OK,,2408,1750,470,1216,0.0,0.679,0.925,2.59,1,data/crops/organized/organized_FR05ABOM220722027_P1_0bd407c3342b1795.jpg,2026-08-18T13:11:38+00:00
0c39763ef89a5635,CollecYvan1,organized,OK,,1089,1990,366,847,0.0,0.708,0.883,2.31,2,data/crops/organized/organized_CollecYvan1_S1_0c39763ef89a5635.jpg,2026-08-18T13:11:38+00:00
d190313493a03d5a,FR73ABOM130722029,organized,OK,,2375,1769,499,1311,0.0,0.851,0.921,2.63,1,data/crops/organized/organized_FR73ABOM130722029_P1_d190313493a03d5a.jpg,2026-08-18T13:11:39+00:00
3d9db6d74889a4bf,CollecYvan4,organized,OK,,2422,1824,504,1254,0.0,0.552,0.944,2.49,1,data/crops/organized/organized_CollecYvan4_P1_3d9db6d74889a4bf.jpg,2026-08-18T13:11:39+00:00
da02567753682912,FR73ABOM200722017,organized,OK,,2366,1753,494,1226,0.0,0.727,0.908,2.48,1,data/crops/organized/organized_FR73ABOM200722017_P1_da02567753682912.jpg,2026-08-18T13:11:40+00:00
49ba566c13610ff1,FR05ABOM220722027,organized,OK,,2366,1755,470,1206,0.0,0.579,0.933,2.57,1,data/crops/organized/organized_FR05ABOM220722027_P2_49ba566c13610ff1.jpg,2026-08-18T13:11:41+00:00
293be9ee84bcd96f,CollecYvan1,organized,OK,,1356,1872,390,1059,0.0,0.918,0.891,2.72,2,data/crops/organized/organized_CollecYvan1_S3_293be9ee84bcd96f.jpg,2026-08-18T13:11:41+00:00
f8033cc541973017,CollecYvan1,organized,OK,,1447,2028,370,1028,0.0,0.91,0.902,2.78,2,data/crops/organized/organized_CollecYvan1_S2_f8033cc541973017.jpg,2026-08-18T13:11:42+00:00
197ee7981ac262db,FR73ABOM130722029,organized,OK,,2451,1755,499,1216,0.0,0.783,0.931,2.44,1,data/crops/organized/organized_FR73ABOM130722029_P2_197ee7981ac262db.jpg,2026-08-18T13:11:42+00:00
2c8ee1fdd37b8d00,CollecYvan4,organized,OK,,2477,1769,499,1240,0.0,0.736,0.932,2.49,1,data/crops/organized/organized_CollecYvan4_P2_2c8ee1fdd37b8d00.jpg,2026-08-18T13:11:43+00:00
07871956483cd1dd,CollecYvan3,organized,OK,,1488,2018,406,1016,0.0,0.882,0.905,2.5,2,data/crops/organized/organized_CollecYvan3_S3_07871956483cd1dd.jpg,2026-08-18T13:11:44+00:00
b51b3f16fdbd49db,FR73ABOM130722003,organized,OK,,2468,1750,518,1316,0.0,0.439,0.923,2.54,1,data/crops/organized/organized_FR73ABOM130722003_P2_b51b3f16fdbd49db.jpg,2026-08-18T13:11:44+00:00
ed2238994cbc2214,FR73ABOM130722041,organized,OK,,1260,1738,358,913,0.0,0.955,0.911,2.55,2,data/crops/organized/organized_FR73ABOM130722041_S3_ed2238994cbc2214.jpg,2026-08-18T13:11:45+00:00
a42476aa9c8c9a5e,CD388016,organized,OK,,1085,1809,358,949,0.0,0.963,0.884,2.65,3,data/crops/organized/organized_CD388016_S3_a42476aa9c8c9a5e.jpg,2026-08-18T13:11:45+00:00
a6ba65412016013f,CollecYvan6,organized,OK,,2453,1845,451,1249,0.0,0.637,0.921,2.77,1,data/crops/organized/organized_CollecYvan6_P2_a6ba65412016013f.jpg,2026-08-18T13:11:46+00:00
00191ea77da5b6f6,CD388016,organized,OK,,1183,1833,358,957,0.0,0.979,0.909,2.67,3,data/crops/organized/organized_CD388016_S2_00191ea77da5b6f6.jpg,2026-08-18T13:11:46+00:00
ffae13d2e1c39bf7,FR04ABOM220722046,organized,OK,,2497,1809,1134,508,-2.49,0.641,0.914,2.23,1,data/crops/organized/organized_FR04ABOM220722046_P2_ffae13d2e1c39bf7.jpg,2026-08-18T13:11:47+00:00
12ea2699e28dbb1f,FR73ABOM130722041,organized,OK,,1368,1758,374,957,0.0,0.948,0.894,2.56,2,data/crops/organized/organized_FR73ABOM130722041_S2_12ea2699e28dbb1f.jpg,2026-08-18T13:11:48+00:00
fabb3c73b37f85a8,CollecYvan3,organized,OK,,1331,2158,409,1039,0.0,0.928,0.879,2.54,2,data/crops/organized/organized_CollecYvan3_S2_fabb3c73b37f85a8.jpg,2026-08-18T13:11:48+00:00
37ff9e26700cb395,FR73ABOM200722031,organized,OK,,2494,1741,451,1140,0.0,0.692,0.936,2.53,1,data/crops/organized/organized_FR73ABOM200722031_P1_37ff9e26700cb395.jpg,2026-08-18T13:11:49+00:00
83039d6f02f7a727,FR73ABOM130722003,organized,OK,,2370,1741,527,1330,0.0,0.425,0.925,2.52,1,data/crops/organized/organized_FR73ABOM130722003_P1_83039d6f02f7a727.jpg,2026-08-18T13:11:49+00:00
367dabadcbf0548c,CollecYvan6,organized,OK,,2361,1852,456,1244,0.0,0.731,0.937,2.73,1,data/crops/organized/organized_CollecYvan6_P1_367dabadcbf0548c.jpg,2026-08-18T13:11:50+00:00
177be62f8307ef97,CD388016,organized,OK,,1207,1695,358,1012,0.0,0.97,0.911,2.82,4,data/crops/organized/organized_CD388016_S1_177be62f8307ef97.jpg,2026-08-18T13:11:51+00:00
4f9dc6e5a5f6faf8,FR04ABOM220722046,organized,OK,,2477,1793,508,1126,0.0,0.653,0.921,2.21,2,data/crops/organized/organized_FR04ABOM220722046_P1_4f9dc6e5a5f6faf8.jpg,2026-08-18T13:11:51+00:00
c1156e24059f2b54,FR73ABOM130722041,organized,OK,,1419,1427,382,973,0.0,0.963,0.926,2.55,1,data/crops/organized/organized_FR73ABOM130722041_S1_c1156e24059f2b54.jpg,2026-08-18T13:11:52+00:00
e73796db5931714b,CollecYvan3,organized,OK,,1268,1931,429,1079,0.0,0.865,0.901,2.51,3,data/crops/organized/organized_CollecYvan3_S1_e73796db5931714b.jpg,2026-08-18T13:11:52+00:00
52e4828c8f8da2bb,FR73ABOM200722031,organized,OK,,2427,1767,456,1150,0.0,0.861,0.936,2.52,1,data/crops/organized/organized_FR73ABOM200722031_P2_52e4828c8f8da2bb.jpg,2026-08-18T13:11:53+00:00
589285d4ac60bfc3,FR04ABOM220722047,organized,OK,,1301,2018,406,980,0.0,0.912,0.915,2.42,2,data/crops/organized/organized_FR04ABOM220722047_S2_589285d4ac60bfc3.jpg,2026-08-18T13:11:54+00:00
0deed21cb1d14852,FR73ABOM200722030,organized,OK,,1266,2008,386,1051,0.0,0.758,0.919,2.72,3,data/crops/organized/organized_FR73ABOM200722030_S1_0deed21cb1d14852.jpg,2026-08-18T13:11:54+00:00
2569a182fe1914ba,CollecYvan2,organized,OK,,2513,1798,508,1225,0.0,0.655,0.929,2.41,1,data/crops/organized/organized_CollecYvan2_P2_2569a182fe1914ba.jpg,2026-08-18T13:11:55+00:00
dbdc610bd1a4b72b,FR73ABOM200722018,organized,OK,,1502,1941,394,980,0.0,0.817,0.898,2.49,2,data/crops/organized/organized_FR73ABOM200722018_S1_dbdc610bd1a4b72b.jpg,2026-08-18T13:11:55+00:00
e4823bf4fe74d748,FR73ABOM120722026,organized,OK,,2465,1755,546,1396,0.0,0.773,0.912,2.56,1,data/crops/organized/organized_FR73ABOM120722026_P1_e4823bf4fe74d748.jpg,2026-08-18T13:11:56+00:00
361f2cbe31591399,FR04ABOM220722047,organized,OK,,1488,1689,417,992,0.0,0.825,0.922,2.38,2,data/crops/organized/organized_FR04ABOM220722047_S3_361f2cbe31591399.jpg,2026-08-18T13:11:57+00:00
e8d7617114c9c2bf,FR04ABOM220722047,organized,OK,,1425,1906,402,992,0.0,0.912,0.886,2.47,2,data/crops/organized/organized_FR04ABOM220722047_S1_e8d7617114c9c2bf.jpg,2026-08-18T13:11:57+00:00
1679e00d440b7aeb,FR73ABOM200722030,organized,OK,,1305,2130,386,1051,0.0,0.856,0.926,2.72,2,data/crops/organized/organized_FR73ABOM200722030_S2_1679e00d440b7aeb.jpg,2026-08-18T13:11:58+00:00
c383531cea5a3963,CollecYvan2,organized,OK,,2484,1848,504,1226,0.0,0.705,0.925,2.43,2,data/crops/organized/organized_CollecYvan2_P1_c383531cea5a3963.jpg,2026-08-18T13:11:58+00:00
80140df9c94cacf7,FR73ABOM200722018,organized,OK,,1453,1829,382,937,0.0,0.907,0.904,2.45,2,data/crops/organized/organized_FR73ABOM200722018_S3_80140df9c94cacf7.jpg,2026-08-18T13:11:59+00:00
39fd5a9f0a69f73d,FR73ABOM200722018,organized,OK,,1364,1853,406,988,0.0,0.896,0.9,2.44,2,data/crops/organized/organized_FR73ABOM200722018_S2_39fd5a9f0a69f73d.jpg,2026-08-18T13:12:00+00:00
03608edc038587a0,FR73ABOM200722030,organized,OK,,1406,1943,390,1071,0.0,0.765,0.917,2.75,3,data/crops/organized/organized_FR73ABOM200722030_S3_03608edc038587a0.jpg,2026-08-18T13:12:00+00:00
fa5bc9d4f0acba5d,FR73ABOM120722026,organized,OK,,2351,1765,556,1387,0.0,0.657,0.921,2.5,1,data/crops/organized/organized_FR73ABOM120722026_P2_fa5bc9d4f0acba5d.jpg,2026-08-18T13:12:01+00:00
b734ff9db43909c5,CollecYvan5,organized,OK,,1353,2105,374,1020,0.0,0.873,0.913,2.73,2,data/crops/organized/organized_CollecYvan5_S1_b734ff9db43909c5.jpg,2026-08-18T13:12:01+00:00
b1d472499048fc46,FR73ABOM120722028,organized,OK,,2468,1834,494,1259,0.0,0.617,0.936,2.55,2,data/crops/organized/organized_FR73ABOM120722028_P2_b1d472499048fc46.jpg,2026-08-18T13:12:02+00:00
482e9c1fe1ac7338,FR05ABOM220722026,organized,OK,,1646,1882,410,1008,0.0,0.811,0.914,2.46,2,data/crops/organized/organized_FR05ABOM220722026_S1_482e9c1fe1ac7338.jpg,2026-08-18T13:12:03+00:00
e41ab698bba5a32c,FR05ABOM220722026,organized,OK,,1547,2002,398,992,0.0,0.811,0.919,2.5,3,data/crops/organized/organized_FR05ABOM220722026_S3_e41ab698bba5a32c.jpg,2026-08-18T13:12:03+00:00
b3a202449bf79bae,CollecYvan5,organized,OK,,1467,2112,374,996,0.0,0.876,0.909,2.66,3,data/crops/organized/organized_CollecYvan5_S2_b3a202449bf79bae.jpg,2026-08-18T13:12:04+00:00
1b68ba6e636918e9,CollecYvan5,organized,OK,,1295,1914,378,1032,0.0,0.815,0.892,2.73,2,data/crops/organized/organized_CollecYvan5_S3_1b68ba6e636918e9.jpg,2026-08-18T13:12:04+00:00
41ff66fc78754afc,FR73ABOM120722028,organized,OK,,2394,1798,499,1254,0.0,0.605,0.932,2.51,1,data/crops/organized/organized_FR73ABOM120722028_P1_41ff66fc78754afc.jpg,2026-08-18T13:12:05+00:00
a38e84da9abc1d7e,FR05ABOM220722026,organized,OK,,1496,1977,402,1000,0.0,0.932,0.925,2.49,2,data/crops/organized/organized_FR05ABOM220722026_S2_a38e84da9abc1d7e.jpg,2026-08-18T13:12:06+00:00
2da1d3e8406911da,CD388018c,organized,OK,,1199,1455,343,799,0.0,0.959,0.927,2.33,1,data/crops/organized/organized_CD388018c_S1_2da1d3e8406911da.jpg,2026-08-18T13:12:06+00:00
6b474db68d323542,CD388865e,organized,OK,,1356,1821,335,831,0.0,0.969,0.893,2.48,4,data/crops/organized/organized_CD388865e_S2_6b474db68d323542.jpg,2026-08-18T13:12:07+00:00
37f25782d92f7582,ABAURA8208b,organized,OK,,1124,2055,283,665,0.0,0.983,0.88,2.35,4,data/crops/organized/organized_ABAURA8208b_S2_37f25782d92f7582.jpg,2026-08-18T13:12:07+00:00
9b392ededc19be32,ABAURA8208b,organized,OK,,1209,2063,276,622,0.0,0.979,0.881,2.26,3,data/crops/organized/organized_ABAURA8208b_S3_9b392ededc19be32.jpg,2026-08-18T13:12:08+00:00
0c77337d5b096d45,CD388821e,organized,OK,,1311,1612,319,772,0.0,0.98,0.916,2.42,5,data/crops/organized/organized_CD388821e_S1_0c77337d5b096d45.jpg,2026-08-18T13:12:09+00:00
4e74f31ab61f6767,ABAURA8238a,organized,OK,,1345,1870,307,862,0.0,0.986,0.879,2.81,4,data/crops/organized/organized_ABAURA8238a_S1_4e74f31ab61f6767.jpg,2026-08-18T13:12:09+00:00
fee31816c9382712,CD388865e,organized,OK,,1311,1640,335,827,0.0,0.974,0.904,2.47,5,data/crops/organized/organized_CD388865e_S3_fee31816c9382712.jpg,2026-08-18T13:12:10+00:00
a52612d36c67242a,ABAURA8238d,organized,OK,,2477,1776,133,375,0.0,0.694,0.888,2.82,1,data/crops/organized/organized_ABAURA8238d_P1_a52612d36c67242a.jpg,2026-08-18T13:12:11+00:00
d4f66a1be9fc7e13,ATBI_GR5b,organized,OK,,1303,1859,386,911,3.366,0.959,0.904,2.36,2,data/crops/organized/organized_ATBI_GR5b_S1_d4f66a1be9fc7e13.jpg,2026-08-18T13:12:11+00:00
02ef4c24d1acb493,ATBI_GR5b,organized,OK,,1213,2150,362,843,0.0,0.991,0.898,2.33,4,data/crops/organized/organized_ATBI_GR5b_S3_02ef4c24d1acb493.jpg,2026-08-18T13:12:12+00:00
979a42ad99cb516f,CD388018c,organized,OK,,1213,1559,315,740,0.0,0.967,0.899,2.35,3,data/crops/organized/organized_CD388018c_S2_979a42ad99cb516f.jpg,2026-08-18T13:12:12+00:00
0e11dbcf10ab6857,CD388865e,organized,OK,,1353,1758,350,847,0.0,0.734,0.916,2.42,4,data/crops/organized/organized_CD388865e_S1_0e11dbcf10ab6857.jpg,2026-08-18T13:12:13+00:00
4d7991f365831534,ABAURA8238a,organized,OK,,1149,1930,836,293,-0.387,0.986,0.891,2.85,2,data/crops/organized/organized_ABAURA8238a_S3_4d7991f365831534.jpg,2026-08-18T13:12:13+00:00
e6047f803f5cfe0e,CD388821e,organized,OK,,1284,1524,283,701,0.0,0.973,0.927,2.47,4,data/crops/organized/organized_CD388821e_S3_e6047f803f5cfe0e.jpg,2026-08-18T13:12:14+00:00
9e5d1fc0d990c204,ABAURA8208b,organized,OK,,1266,2010,327,744,0.0,0.979,0.877,2.28,5,data/crops/organized/organized_ABAURA8208b_S1_9e5d1fc0d990c204.jpg,2026-08-18T13:12:14+00:00
d2d2acb80ae956f9,CD388821e,organized,OK,,1272,1595,291,717,0.0,0.96,0.93,2.46,5,data/crops/organized/organized_CD388821e_S2_d2d2acb80ae956f9.jpg,2026-08-18T13:12:15+00:00
e0ee15fbce0b9d72,ABAURA8238a,organized,OK,,1215,1927,311,878,0.0,0.975,0.868,2.82,2,data/crops/organized/organized_ABAURA8238a_S2_e0ee15fbce0b9d72.jpg,2026-08-18T13:12:16+00:00
1147f2d42154e1bd,CD388018c,organized,OK,,1134,1666,291,693,0.0,0.984,0.908,2.38,3,data/crops/organized/organized_CD388018c_S3_1147f2d42154e1bd.jpg,2026-08-18T13:12:16+00:00
2eee1463ae3278d5,ATBI_GR5b,organized,OK,,1238,2138,378,870,0.0,0.981,0.912,2.3,4,data/crops/organized/organized_ATBI_GR5b_S2_2eee1463ae3278d5.jpg,2026-08-18T13:12:17+00:00
ff48c884a154fe16,ABAURA8238d,organized,OK,,2456,1784,138,380,0.0,0.818,0.913,2.76,3,data/crops/organized/organized_ABAURA8238d_P2_ff48c884a154fe16.jpg,2026-08-18T13:12:17+00:00
2561bebde65208bd,ABAURA8238c,organized,OK,,1104,2067,276,665,0.0,0.977,0.912,2.41,4,data/crops/organized/organized_ABAURA8238c_S3_2561bebde65208bd.jpg,2026-08-18T13:12:18+00:00
6cf27f4cb1b62248,ABAURA8207,organized,OK,,2453,1755,119,318,0.0,0.758,0.881,2.68,3,data/crops/organized/organized_ABAURA8207_P2_6cf27f4cb1b62248.jpg,2026-08-18T13:12:19+00:00
72a67e07acd03a64,CD388865b,organized,OK,,2449,1793,138,375,0.0,0.857,0.893,2.72,2,data/crops/organized/organized_CD388865b_P1_72a67e07acd03a64.jpg,2026-08-18T13:12:19+00:00
253aef2dd27fda1c,CD388865,organized,OK,,1323,2207,398,819,0.0,0.968,0.913,2.06,3,data/crops/organized/organized_CD388865_S1_253aef2dd27fda1c.jpg,2026-08-18T13:12:20+00:00
5eee9c89afd6975a,ABAURA8238c,organized,OK,,1059,2238,280,669,0.0,0.985,0.918,2.39,3,data/crops/organized/organized_ABAURA8238c_S2_5eee9c89afd6975a.jpg,2026-08-18T13:12:20+00:00
b8bbf2ae3cf4c0ec,CD388865,organized,OK,,1282,1984,370,799,0.0,0.967,0.86,2.16,4,data/crops/organized/organized_CD388865_S3_b8bbf2ae3cf4c0ec.jpg,2026-08-18T13:12:21+00:00
668754a1082bb1bf,ABAURA8207,organized,OK,,2446,1767,124,323,0.0,0.858,0.874,2.62,3,data/crops/organized/organized_ABAURA8207_P1_668754a1082bb1bf.jpg,2026-08-18T13:12:22+00:00
1bf36b1f9a96a3ed,CD388865b,organized,OK,,2442,1788,138,361,0.0,0.752,0.888,2.62,2,data/crops/organized/organized_CD388865b_P2_1bf36b1f9a96a3ed.jpg,2026-08-18T13:12:22+00:00
4f016d14c452f48c,ABAURA8238c,organized,OK,,1032,2034,295,709,0.0,0.989,0.914,2.4,3,data/crops/organized/organized_ABAURA8238c_S1_4f016d14c452f48c.jpg,2026-08-18T13:12:23+00:00
f59e53b55e471deb,CD388865,organized,OK,,1120,2173,362,807,0.0,0.98,0.88,2.23,4,data/crops/organized/organized_CD388865_S2_f59e53b55e471deb.jpg,2026-08-18T13:12:23+00:00
146443ffe944d99e,CD388821f,organized,OK,,2439,1762,114,290,0.0,0.366,0.824,2.54,1,data/crops/organized/organized_CD388821f_P2_146443ffe944d99e.jpg,2026-08-18T13:12:24+00:00
17c57d079e8f52de,ABAURA8238b,organized,OK,,2446,1784,119,323,0.0,0.146,0.865,2.72,1,data/crops/organized/organized_ABAURA8238b_P2_17c57d079e8f52de.jpg,2026-08-18T13:12:25+00:00
79ad6b160d226108,CD387770d,organized,OK,,2458,1784,138,309,0.0,0.712,0.911,2.24,2,data/crops/organized/organized_CD387770d_P1_79ad6b160d226108.jpg,2026-08-18T13:12:25+00:00
47347f72ad94109a,CD388865c,organized,OK,,1130,2132,358,843,0.0,0.98,0.903,2.35,3,data/crops/organized/organized_CD388865c_S1_47347f72ad94109a.jpg,2026-08-18T13:12:26+00:00
4014cc78a0f79127,ABAURA8203,organized,OK,,2463,1769,119,318,0.0,0.76,0.882,2.68,1,data/crops/organized/organized_ABAURA8203_P2_4014cc78a0f79127.jpg,2026-08-18T13:12:26+00:00
6eb8eee10fb95f40,CD388821f,organized,OK,,2456,1731,109,276,0.0,0.241,0.812,2.52,1,data/crops/organized/organized_CD388821f_P1_6eb8eee10fb95f40.jpg,2026-08-18T13:12:27+00:00
14753e9639562eb0,ABAURA8238b,organized,OK,,2437,1774,119,323,0.0,0.261,0.86,2.72,1,data/crops/organized/organized_ABAURA8238b_P1_14753e9639562eb0.jpg,2026-08-18T13:12:28+00:00
5ca7e3194bf98145,CD387770d,organized,OK,,2454,1790,140,317,5.194,0.755,0.911,2.26,2,data/crops/organized/organized_CD387770d_P2_5ca7e3194bf98145.jpg,2026-08-18T13:12:28+00:00
39a59621c80ecb95,CD388865c,organized,OK,,1158,2077,319,724,0.0,0.977,0.898,2.27,3,data/crops/organized/organized_CD388865c_S3_39a59621c80ecb95.jpg,2026-08-18T13:12:29+00:00
9593ea1cfb953166,CD388865c,organized,OK,,1073,2014,335,791,0.0,0.951,0.896,2.36,5,data/crops/organized/organized_CD388865c_S2_9593ea1cfb953166.jpg,2026-08-18T13:12:29+00:00
28fdf9f62edaa192,ABAURA8203,organized,OK,,2451,1774,119,314,0.0,0.894,0.875,2.64,3,data/crops/organized/organized_ABAURA8203_P1_28fdf9f62edaa192.jpg,2026-08-18T13:12:30+00:00
aa283ee0ecd0ba7d,ABAURA8238e,organized,OK,,1299,2026,343,898,0.0,0.74,0.873,2.62,4,data/crops/organized/organized_ABAURA8238e_S1_aa283ee0ecd0ba7d.jpg,2026-08-18T13:12:31+00:00
355f0ee43959de87,CD388865d,organized,OK,,2458,1798,147,347,0.0,0.888,0.93,2.35,2,data/crops/organized/organized_CD388865d_P2_355f0ee43959de87.jpg,2026-08-18T13:12:31+00:00
7703b2c100e26534,ABAURA8208,organized,OK,,1173,1927,319,748,0.0,0.988,0.898,2.35,7,data/crops/organized/organized_ABAURA8208_S1_7703b2c100e26534.jpg,2026-08-18T13:12:32+00:00
7e755d52d8187fcb,ABAURA8208,organized,OK,,1221,2231,319,756,0.0,0.988,0.896,2.37,5,data/crops/organized/organized_ABAURA8208_S3_7e755d52d8187fcb.jpg,2026-08-18T13:12:32+00:00
e30a07766de589a6,ABAURA8238e,organized,OK,,1162,2126,331,882,0.0,0.917,0.877,2.67,3,data/crops/organized/organized_ABAURA8238e_S2_e30a07766de589a6.jpg,2026-08-18T13:12:33+00:00
034d788d9bc940d8,CD388865d,organized,OK,,2458,1814,142,337,0.0,0.818,0.924,2.37,2,data/crops/organized/organized_CD388865d_P1_034d788d9bc940d8.jpg,2026-08-18T13:12:34+00:00
292d86fc65320704,ABAURA8208,organized,OK,,1227,2101,327,776,0.0,0.99,0.892,2.37,6,data/crops/organized/organized_ABAURA8208_S2_292d86fc65320704.jpg,2026-08-18T13:12:34+00:00
cb48f03f27e52c73,ABAURA8238e,organized,OK,,1209,2158,323,843,0.0,0.932,0.895,2.61,4,data/crops/organized/organized_ABAURA8238e_S3_cb48f03f27e52c73.jpg,2026-08-18T13:12:35+00:00
ce0865f9bf0c2f48,ABAURA8238e,organized,OK,,2475,1784,119,314,0.0,0.264,0.833,2.64,1,data/crops/organized/organized_ABAURA8238e_P2_ce0865f9bf0c2f48.jpg,2026-08-18T13:12:35+00:00
08deab012b91aedc,CD388865d,organized,OK,,1120,1677,362,839,0.0,0.974,0.895,2.32,3,data/crops/organized/organized_CD388865d_S1_08deab012b91aedc.jpg,2026-08-18T13:12:36+00:00
27c7621990f78114,ABAURA8208,organized,OK,,2477,1788,109,271,0.0,0.791,0.882,2.48,4,data/crops/organized/organized_ABAURA8208_P2_27c7621990f78114.jpg,2026-08-18T13:12:37+00:00
b81a6ff3c2b9c087,ABAURA8238e,organized,OK,,2456,1796,104,275,0.0,0.376,0.775,2.64,2,data/crops/organized/organized_ABAURA8238e_P1_b81a6ff3c2b9c087.jpg,2026-08-18T13:12:37+00:00
8e51c31e0f721be0,CD388865d,organized,OK,,1257,1895,378,901,5.711,0.932,0.893,2.38,2,data/crops/organized/organized_CD388865d_S3_8e51c31e0f721be0.jpg,2026-08-18T13:12:38+00:00
73cbaa258c127df3,CD388865d,organized,OK,,1329,1864,382,878,0.0,0.873,0.899,2.3,3,data/crops/organized/organized_CD388865d_S2_73cbaa258c127df3.jpg,2026-08-18T13:12:38+00:00
2377319cffcd687e,ABAURA8208,organized,OK,,2463,1812,109,271,0.0,0.772,0.876,2.48,3,data/crops/organized/organized_ABAURA8208_P1_2377319cffcd687e.jpg,2026-08-18T13:12:39+00:00
270cbd9f235c5a63,CD388821f,organized,OK,,1291,2124,335,811,0.0,0.909,0.892,2.42,3,data/crops/organized/organized_CD388821f_S1_270cbd9f235c5a63.jpg,2026-08-18T13:12:40+00:00
c02ad4ed371839bd,ABAURA8238b,organized,OK,,1077,1929,370,988,0.0,0.69,0.896,2.67,4,data/crops/organized/organized_ABAURA8238b_S1_c02ad4ed371839bd.jpg,2026-08-18T13:12:40+00:00
154912bdcd0922d1,CD387770d,organized,OK,,1240,2158,386,835,0.0,0.944,0.901,2.16,3,data/crops/organized/organized_CD387770d_S2_154912bdcd0922d1.jpg,2026-08-18T13:12:41+00:00
fec7817b580a2606,CD387770d,organized,OK,,1168,2026,349,797,9.462,0.944,0.918,2.29,4,data/crops/organized/organized_CD387770d_S3_fec7817b580a2606.jpg,2026-08-18T13:12:41+00:00
eae318fdeed100a2,CD388865c,organized,OK,,2422,1807,128,323,0.0,0.68,0.927,2.52,3,data/crops/organized/organized_CD388865c_P2_eae318fdeed100a2.jpg,2026-08-18T13:12:42+00:00
0445a42568f18137,ABAURA8203,organized,OK,,1227,1837,358,862,0.0,0.983,0.907,2.41,4,data/crops/organized/organized_ABAURA8203_S1_0445a42568f18137.jpg,2026-08-18T13:12:43+00:00
adb66c80f0e1edc5,ABAURA8203,organized,OK,,1162,1870,346,858,0.0,0.972,0.907,2.48,2,data/crops/organized/organized_ABAURA8203_S3_adb66c80f0e1edc5.jpg,2026-08-18T13:12:43+00:00
c256a010b3f26fdf,CD388821f,organized,OK,,1351,1975,335,850,0.0,0.951,0.879,2.54,2,data/crops/organized/organized_CD388821f_S2_c256a010b3f26fdf.jpg,2026-08-18T13:12:44+00:00
0e2d50de6c4cc9fd,ABAURA8238b,organized,OK,,1079,1880,366,953,0.0,0.599,0.893,2.6,4,data/crops/organized/organized_ABAURA8238b_S2_0e2d50de6c4cc9fd.jpg,2026-08-18T13:12:45+00:00
5dc86933ba17fc50,CD387770d,organized,OK,,1344,2345,382,853,3.576,0.948,0.912,2.23,5,data/crops/organized/organized_CD387770d_S1_5dc86933ba17fc50.jpg,2026-08-18T13:12:45+00:00
ee8b352a724cec20,CD388865c,organized,OK,,2453,1788,128,318,0.0,0.536,0.919,2.48,3,data/crops/organized/organized_CD388865c_P1_ee8b352a724cec20.jpg,2026-08-18T13:12:46+00:00
be8a00e413b8d18e,ABAURA8238b,organized,OK,,1177,1969,339,929,0.0,0.96,0.854,2.74,4,data/crops/organized/organized_ABAURA8238b_S3_be8a00e413b8d18e.jpg,2026-08-18T13:12:47+00:00
6a84d69f0b5c6e50,CD388821f,organized,OK,,1421,1904,327,835,0.0,0.922,0.88,2.55,2,data/crops/organized/organized_CD388821f_S3_6a84d69f0b5c6e50.jpg,2026-08-18T13:12:47+00:00
2ec396695e1116fd,ABAURA8203,organized,OK,,1250,1878,347,870,0.0,0.982,0.896,2.51,4,data/crops/organized/organized_ABAURA8203_S2_2ec396695e1116fd.jpg,2026-08-18T13:12:48+00:00
8f14c38130ccd381,ABAURA8207,organized,OK,,1250,1593,343,894,0.0,0.98,0.871,2.61,3,data/crops/organized/organized_ABAURA8207_S1_8f14c38130ccd381.jpg,2026-08-18T13:12:48+00:00
a9fd197cadb0ec89,CD388865b,organized,OK,,1311,2018,366,882,0.0,0.979,0.891,2.41,2,data/crops/organized/organized_CD388865b_S2_a9fd197cadb0ec89.jpg,2026-08-18T13:12:49+00:00
ef3d786b40055bc1,CD388865b,organized,OK,,1258,1908,358,862,0.0,0.977,0.891,2.41,2,data/crops/organized/organized_CD388865b_S3_ef3d786b40055bc1.jpg,2026-08-18T13:12:50+00:00
884e597781d693b7,CD388865,organized,OK,,2444,1776,142,318,0.0,0.24,0.904,2.23,2,data/crops/organized/organized_CD388865_P2_884e597781d693b7.jpg,2026-08-18T13:12:50+00:00
70c3419ebab57613,ABAURA8238c,organized,OK,,2460,1762,114,304,0.0,0.698,0.844,2.67,3,data/crops/organized/organized_ABAURA8238c_P1_70c3419ebab57613.jpg,2026-08-18T13:12:51+00:00
3c45f777c4dbdfc3,ABAURA8207,organized,OK,,1230,1979,327,862,0.0,0.99,0.869,2.64,3,data/crops/organized/organized_ABAURA8207_S2_3c45f777c4dbdfc3.jpg,2026-08-18T13:12:52+00:00
5c5a9ef0323e67e9,CD388865b,organized,OK,,1201,1992,402,953,0.0,0.872,0.9,2.37,2,data/crops/organized/organized_CD388865b_S1_5c5a9ef0323e67e9.jpg,2026-08-18T13:12:53+00:00
20f7f9979554c153,ABAURA8238c,organized,OK,,2449,1762,114,299,0.0,0.879,0.843,2.62,4,data/crops/organized/organized_ABAURA8238c_P2_20f7f9979554c153.jpg,2026-08-18T13:12:54+00:00
a65c4c21adf42227,ABAURA8207,organized,OK,,1183,1817,319,839,0.0,0.987,0.876,2.63,4,data/crops/organized/organized_ABAURA8207_S3_a65c4c21adf42227.jpg,2026-08-18T13:12:54+00:00
2dad18940dfdde9a,CD388865,organized,OK,,2463,1769,138,309,0.0,0.426,0.902,2.24,2,data/crops/organized/organized_CD388865_P1_2dad18940dfdde9a.jpg,2026-08-18T13:12:55+00:00
115047625396a232,ABAURA8238d,organized,OK,,1193,1994,335,921,0.0,0.969,0.899,2.75,2,data/crops/organized/organized_ABAURA8238d_S3_115047625396a232.jpg,2026-08-18T13:12:56+00:00
b1a60222c3ae610f,CD388865e,organized,OK,,2475,1784,119,304,0.0,0.372,0.883,2.56,1,data/crops/organized/organized_CD388865e_P1_b1a60222c3ae610f.jpg,2026-08-18T13:12:56+00:00
e40a9d07f014b882,CD388018c,organized,OK,,2444,1793,109,271,0.0,0.6,0.905,2.48,1,data/crops/organized/organized_CD388018c_P2_e40a9d07f014b882.jpg,2026-08-18T13:12:57+00:00
6e4e5e8fc31f4e89,ABAURA8208b,organized,OK,,2446,1762,114,285,0.0,0.841,0.844,2.5,2,data/crops/organized/organized_ABAURA8208b_P1_6e4e5e8fc31f4e89.jpg,2026-08-18T13:12:59+00:00
d9735e1fe0d40b9f,CD388821e,organized,OK,,2444,1769,100,271,0.0,0.229,0.886,2.71,1,data/crops/organized/organized_CD388821e_P2_d9735e1fe0d40b9f.jpg,2026-08-18T13:13:00+00:00
82008eb6c0f8bf22,ABAURA8238a,organized,OK,,2442,1800,114,323,0.0,0.492,0.874,2.83,3,data/crops/organized/organized_ABAURA8238a_P2_82008eb6c0f8bf22.jpg,2026-08-18T13:13:01+00:00
dbb36498da0710e4,ABAURA8238d,organized,OK,,1183,1939,350,973,0.0,0.908,0.9,2.78,2,data/crops/organized/organized_ABAURA8238d_S2_dbb36498da0710e4.jpg,2026-08-18T13:13:02+00:00
3f45e2e3443f5208,ATBI_GR5b,organized,OK,,2437,1767,142,332,0.0,0.89,0.905,2.33,3,data/crops/organized/organized_ATBI_GR5b_P2_3f45e2e3443f5208.jpg,2026-08-18T13:13:03+00:00
45591a256e3cb031,CD388865e,organized,OK,,2446,1769,119,304,0.0,0.602,0.886,2.56,2,data/crops/organized/organized_CD388865e_P2_45591a256e3cb031.jpg,2026-08-18T13:13:03+00:00
e839b466b970869b,CD388018c,organized,OK,,2463,1810,114,271,0.0,0.381,0.916,2.38,1,data/crops/organized/organized_CD388018c_P1_e839b466b970869b.jpg,2026-08-18T13:13:04+00:00
48f6007a6ff744c6,ABAURA8208b,organized,OK,,2420,1817,119,290,0.0,0.812,0.904,2.44,1,data/crops/organized/organized_ABAURA8208b_P2_48f6007a6ff744c6.jpg,2026-08-18T13:13:05+00:00
b47f90c600550ac5,CD388821e,organized,OK,,2465,1748,95,266,0.0,0.135,0.874,2.8,1,data/crops/organized/organized_CD388821e_P1_b47f90c600550ac5.jpg,2026-08-18T13:13:05+00:00
2f02eb569420af0d,ABAURA8238a,organized,OK,,2420,1769,109,328,0.0,0.309,0.838,3.0,3,data/crops/organized/organized_ABAURA8238a_P1_2f02eb569420af0d.jpg,2026-08-18T13:13:06+00:00
f3b597d7d07338d7,ATBI_GR5b,organized,OK,,2394,1741,138,332,0.0,0.637,0.91,2.41,3,data/crops/organized/organized_ATBI_GR5b_P1_f3b597d7d07338d7.jpg,2026-08-18T13:13:07+00:00
072b4bb9214cb344,ABAURA8238d,organized,OK,,1392,1870,378,1020,0.0,0.908,0.91,2.7,2,data/crops/organized/organized_ABAURA8238d_S1_072b4bb9214cb344.jpg,2026-08-18T13:13:07+00:00
0d501cee9ea30aa4,FR04ABOM220722001,organized,OK,,1341,1534,532,1248,0.0,0.627,0.903,2.35,2,data/crops/organized/organized_FR04ABOM220722001_S1_0d501cee9ea30aa4.jpg,2026-08-18T13:13:08+00:00
e0137421325de1b7,FR04ABOM220722001,organized,OK,,1288,1508,528,1236,0.0,0.648,0.9,2.34,3,data/crops/organized/organized_FR04ABOM220722001_S2_e0137421325de1b7.jpg,2026-08-18T13:13:08+00:00
628d03dc288f2634,FR04ABOM220722001,organized,OK,,1325,1648,547,1264,0.0,0.774,0.91,2.31,3,data/crops/organized/organized_FR04ABOM220722001_S3_628d03dc288f2634.jpg,2026-08-18T13:13:09+00:00
cc638cb70bbd624a,FR04ABOM220722001,organized,OK,,2460,1803,1697,700,-3.18,0.268,0.926,2.42,2,data/crops/organized/organized_FR04ABOM220722001_P2_cc638cb70bbd624a.jpg,2026-08-18T13:13:10+00:00
674897b94f549ae1,FR04ABOM220722001,organized,OK,,2487,1805,712,1696,0.0,0.209,0.931,2.38,1,data/crops/organized/organized_FR04ABOM220722001_P1_674897b94f549ae1.jpg,2026-08-18T13:13:10+00:00
682f31768119e642,15L2021-1743,organized,OK,,2401,1762,466,1154,0.0,0.822,0.913,2.48,2,data/crops/organized/organized_15L2021-1743_P2_682f31768119e642.jpg,2026-08-18T13:13:11+00:00
434c71ddbe260ded,15L2021-1732,organized,OK,,2470,1748,484,1140,0.0,0.85,0.92,2.35,1,data/crops/organized/organized_15L2021-1732_P2_434c71ddbe260ded.jpg,2026-08-18T13:13:12+00:00
04adc8a5e1866677,CD388229c,organized,OK,,1451,1961,433,1036,0.0,0.884,0.878,2.39,2,data/crops/organized/organized_CD388229c_S1_04adc8a5e1866677.jpg,2026-08-18T13:13:12+00:00
2f7129d3260e1d47,POLLINIS4384,organized,OK,,1317,1796,433,1053,6.911,0.868,0.903,2.43,3,data/crops/organized/organized_POLLINIS4384_S1_2f7129d3260e1d47.jpg,2026-08-18T13:13:13+00:00
ed85e0748612c3bf,CD388145,organized,OK,,2408,1829,104,314,0.0,0.467,0.859,3.0,2,data/crops/organized/organized_CD388145_P2_ed85e0748612c3bf.jpg,2026-08-18T13:13:14+00:00
75f1879137720705,2020.06207,organized,OK,,2389,1898,138,342,0.0,0.576,0.877,2.48,1,data/crops/organized/organized_2020.06207_P2_75f1879137720705.jpg,2026-08-18T13:13:14+00:00
1f903bf2d0ed95dd,15L2021-1743,organized,OK,,2510,1696,466,1126,0.0,0.661,0.919,2.42,2,data/crops/organized/organized_15L2021-1743_P1_1f903bf2d0ed95dd.jpg,2026-08-18T13:13:15+00:00
222b095f097637e1,POLLINIS4384,organized,OK,,1327,1821,445,976,0.0,0.946,0.9,2.19,5,data/crops/organized/organized_POLLINIS4384_S3_222b095f097637e1.jpg,2026-08-18T13:13:16+00:00
a0dd42d49d9cb6a1,15L2021-1732,organized,OK,,2432,1766,484,1150,1.219,0.874,0.932,2.38,1,data/crops/organized/organized_15L2021-1732_P1_a0dd42d49d9cb6a1.jpg,2026-08-18T13:13:16+00:00
6d1d509592eea58a,CD388229c,organized,OK,,1118,1620,382,906,0.0,0.941,0.904,2.37,5,data/crops/organized/organized_CD388229c_S3_6d1d509592eea58a.jpg,2026-08-18T13:13:17+00:00
951c086a1000221a,CD388229c,organized,OK,,1063,1977,386,913,0.0,0.926,0.875,2.37,3,data/crops/organized/organized_CD388229c_S2_951c086a1000221a.jpg,2026-08-18T13:13:18+00:00
43d4345450d3d3fc,POLLINIS4384,organized,OK,,1264,1981,414,1008,6.71,0.892,0.918,2.43,2,data/crops/organized/organized_POLLINIS4384_S2_43d4345450d3d3fc.jpg,2026-08-18T13:13:18+00:00
d150d3a5853f704a,CD388145,organized,OK,,2415,1819,114,309,0.0,0.263,0.901,2.71,1,data/crops/organized/organized_CD388145_P1_d150d3a5853f704a.jpg,2026-08-18T13:13:19+00:00
09ce294326def09d,2020.06207,organized,OK,,2408,1883,138,342,0.0,0.63,0.846,2.48,2,data/crops/organized/organized_2020.06207_P1_09ce294326def09d.jpg,2026-08-18T13:13:20+00:00
a1e1027021f1fb25,CD388145b,organized,OK,,2415,1824,104,299,0.0,0.232,0.866,2.86,2,data/crops/organized/organized_CD388145b_P1_a1e1027021f1fb25.jpg,2026-08-18T13:13:20+00:00
47d1631219b46a3a,CD387759,organized,OK,,1032,1772,362,921,0.0,0.974,0.865,2.54,3,data/crops/organized/organized_CD387759_S1_47d1631219b46a3a.jpg,2026-08-18T13:13:21+00:00
16068daa5813ab66,15L2021-1739,organized,OK,,1488,1992,417,1063,0.0,0.916,0.9,2.55,2,data/crops/organized/organized_15L2021-1739_S1_16068daa5813ab66.jpg,2026-08-18T13:13:21+00:00
ca5cd2d38c547b0e,POLLINIS5985,organized,OK,,2420,1848,133,290,0.0,0.813,0.911,2.18,4,data/crops/organized/organized_POLLINIS5985_P2_ca5cd2d38c547b0e.jpg,2026-08-18T13:13:22+00:00
ad1d2950a08f413b,15L2021-1741,organized,OK,,2494,1700,456,1102,0.0,0.649,0.91,2.42,1,data/crops/organized/organized_15L2021-1741_P1_ad1d2950a08f413b.jpg,2026-08-18T13:13:23+00:00
5e50cf31b817e4f1,ABAURA5633,organized,OK,,971,1790,343,744,0.0,0.797,0.917,2.17,3,data/crops/organized/organized_ABAURA5633_S3_5e50cf31b817e4f1.jpg,2026-08-18T13:13:23+00:00
b409c978a3e3c8c8,CD388860b,organized,OK,,1055,1780,409,937,0.0,0.76,0.897,2.29,5,data/crops/organized/organized_CD388860b_S1_b409c978a3e3c8c8.jpg,2026-08-18T13:13:24+00:00
4bae07ba32112669,ABAURA5633,organized,OK,,992,1821,311,693,0.0,0.928,0.887,2.23,4,data/crops/organized/organized_ABAURA5633_S2_4bae07ba32112669.jpg,2026-08-18T13:13:25+00:00
d9d25c393cbaccb5,CD388860,organized,OK,,2418,1876,123,294,0.0,0.797,0.901,2.38,2,data/crops/organized/organized_CD388860_P1_d9d25c393cbaccb5.jpg,2026-08-18T13:13:26+00:00
278c7f974d83a8b4,CD387759,organized,OK,,1006,1988,323,831,0.0,0.962,0.889,2.57,5,data/crops/organized/organized_CD387759_S2_278c7f974d83a8b4.jpg,2026-08-18T13:13:26+00:00
ad51770ff18588cc,CD388145b,organized,OK,,2418,1834,104,294,0.0,0.316,0.852,2.82,3,data/crops/organized/organized_CD388145b_P2_ad51770ff18588cc.jpg,2026-08-18T13:13:27+00:00
d3e88d13918358b4,POLLINIS5985,organized,OK,,2399,1845,128,294,0.0,0.808,0.915,2.3,4,data/crops/organized/organized_POLLINIS5985_P1_d3e88d13918358b4.jpg,2026-08-18T13:13:28+00:00
155c20f8bcd567e4,15L2021-1739,organized,OK,,1311,2095,417,1063,0.0,0.849,0.922,2.55,2,data/crops/organized/organized_15L2021-1739_S2_155c20f8bcd567e4.jpg,2026-08-18T13:13:29+00:00
4108f0e1de856566,15L2021-1741,organized,OK,,2430,1708,461,1097,0.0,0.416,0.914,2.38,1,data/crops/organized/organized_15L2021-1741_P2_4108f0e1de856566.jpg,2026-08-18T13:13:30+00:00
c72ac211bacf5bc6,CD388860b,organized,OK,,1185,1933,386,890,0.0,0.578,0.913,2.31,4,data/crops/organized/organized_CD388860b_S3_c72ac211bacf5bc6.jpg,2026-08-18T13:13:31+00:00
521c96bd64cbedf4,ABAURA5633,organized,OK,,1179,1805,335,744,0.0,0.866,0.878,2.22,5,data/crops/organized/organized_ABAURA5633_S1_521c96bd64cbedf4.jpg,2026-08-18T13:13:32+00:00
079538b0afa86b37,CD388860b,organized,OK,,986,1823,370,854,0.0,0.915,0.934,2.31,2,data/crops/organized/organized_CD388860b_S2_079538b0afa86b37.jpg,2026-08-18T13:13:33+00:00
88240a6ec775c41d,CD388860,organized,OK,,2444,1876,124,290,0.0,0.521,0.908,2.35,1,data/crops/organized/organized_CD388860_P2_88240a6ec775c41d.jpg,2026-08-18T13:13:34+00:00
73b12bc2be247c1b,15L2021-1739,organized,OK,,1339,1979,413,1040,0.0,0.881,0.918,2.51,2,data/crops/organized/organized_15L2021-1739_S3_73b12bc2be247c1b.jpg,2026-08-18T13:13:35+00:00
65ca76e6267c6d17,CD387759,organized,OK,,923,1984,299,760,0.0,0.992,0.91,2.54,6,data/crops/organized/organized_CD387759_S3_65ca76e6267c6d17.jpg,2026-08-18T13:13:36+00:00
d7938f2f44a5a35f,ABAURA8526,organized,OK,,1280,2116,335,835,0.0,0.976,0.892,2.49,4,data/crops/organized/organized_ABAURA8526_S3_d7938f2f44a5a35f.jpg,2026-08-18T13:13:37+00:00
dfa22578c3aba073,CD387804c,organized,OK,,1256,2057,429,992,0.0,0.861,0.892,2.31,5,data/crops/organized/organized_CD387804c_S1_dfa22578c3aba073.jpg,2026-08-18T13:13:38+00:00
eaaa635c5a218b09,ABAURA8526,organized,OK,,1297,1914,362,862,0.0,0.98,0.899,2.38,5,data/crops/organized/organized_ABAURA8526_S2_eaaa635c5a218b09.jpg,2026-08-18T13:13:39+00:00
4fbd751b459927d9,15L2021-1483,organized,OK,,2396,1736,470,1249,0.0,0.776,0.907,2.66,1,data/crops/organized/organized_15L2021-1483_P1_4fbd751b459927d9.jpg,2026-08-18T13:13:40+00:00
a3c11162ac75e027,15L2021-1740,organized,OK,,1358,1853,445,1095,0.0,0.882,0.93,2.46,3,data/crops/organized/organized_15L2021-1740_S1_a3c11162ac75e027.jpg,2026-08-18T13:13:41+00:00
240359b916675d03,15L2021-1740,organized,OK,,1162,1870,449,1102,0.0,0.902,0.932,2.46,2,data/crops/organized/organized_15L2021-1740_S3_240359b916675d03.jpg,2026-08-18T13:13:42+00:00
10824eb3b82aacdf,CD387804c,organized,OK,,998,2067,370,831,0.0,0.895,0.887,2.24,2,data/crops/organized/organized_CD387804c_S2_10824eb3b82aacdf.jpg,2026-08-18T13:13:43+00:00
419a6e6aaebcc3f7,CD387804c,organized,OK,,1276,1990,429,976,0.0,0.744,0.86,2.28,1,data/crops/organized/organized_CD387804c_S3_419a6e6aaebcc3f7.jpg,2026-08-18T13:13:44+00:00
5bc2c43597576075,ABAURA8526,organized,OK,,1626,2042,374,914,0.0,0.952,0.897,2.44,4,data/crops/organized/organized_ABAURA8526_S1_5bc2c43597576075.jpg,2026-08-18T13:13:45+00:00
e2d9f869a623cfcc,15L2021-1483,organized,OK,,2373,1734,475,1249,0.0,0.794,0.916,2.63,1,data/crops/organized/organized_15L2021-1483_P2_e2d9f869a623cfcc.jpg,2026-08-18T13:13:46+00:00
7da559bec7fc670d,15L2021-1740,organized,OK,,1366,1955,437,1071,0.0,0.854,0.92,2.45,5,data/crops/organized/organized_15L2021-1740_S2_7da559bec7fc670d.jpg,2026-08-18T13:13:46+00:00
a5bd5d17bb56ba2c,POLLINIS5943,organized,OK,,1077,1914,354,823,0.0,0.807,0.918,2.32,3,data/crops/organized/organized_POLLINIS5943_S2_a5bd5d17bb56ba2c.jpg,2026-08-18T13:13:47+00:00
6faefdb545885539,15L2021-1742,organized,OK,,1319,2081,406,1024,0.0,0.769,0.928,2.52,2,data/crops/organized/organized_15L2021-1742_S3_6faefdb545885539.jpg,2026-08-18T13:13:48+00:00
8df44bfa8b11be11,POLLINIS5983,organized,OK,,2411,1826,109,309,0.0,0.705,0.892,2.83,2,data/crops/organized/organized_POLLINIS5983_P1_8df44bfa8b11be11.jpg,2026-08-18T13:13:49+00:00
e4ebf4269b0b5d4c,15L2021-1742,organized,OK,,1392,1973,433,1099,0.0,0.79,0.922,2.54,3,data/crops/organized/organized_15L2021-1742_S2_e4ebf4269b0b5d4c.jpg,2026-08-18T13:13:50+00:00
a919f6839275e4b4,POLLINIS5943,organized,OK,,963,1860,343,784,0.0,0.966,0.912,2.29,3,data/crops/organized/organized_POLLINIS5943_S3_a919f6839275e4b4.jpg,2026-08-18T13:13:51+00:00
a59a95602e1ec7bf,POLLINIS5943,organized,OK,,1032,1975,374,858,0.0,0.922,0.883,2.29,3,data/crops/organized/organized_POLLINIS5943_S1_a59a95602e1ec7bf.jpg,2026-08-18T13:13:51+00:00
144e907a6235ffb8,POLLINIS5983,organized,OK,,2411,1831,109,318,0.0,0.654,0.896,2.91,2,data/crops/organized/organized_POLLINIS5983_P2_144e907a6235ffb8.jpg,2026-08-18T13:13:52+00:00
6ebe8c76b07c0d92,15L2021-1742,organized,OK,,1264,1990,445,1126,0.0,0.875,0.917,2.53,5,data/crops/organized/organized_15L2021-1742_S1_6ebe8c76b07c0d92.jpg,2026-08-18T13:13:53+00:00
8554ea5143a30b4c,POLLINIS5943,organized,OK,,2394,1860,119,276,0.0,0.578,0.853,2.32,2,data/crops/organized/organized_POLLINIS5943_P1_8554ea5143a30b4c.jpg,2026-08-18T13:13:54+00:00
f41c211ae0703893,POLLINIS5983,organized,OK,,1219,2063,339,870,0.0,0.963,0.903,2.57,3,data/crops/organized/organized_POLLINIS5983_S3_f41c211ae0703893.jpg,2026-08-18T13:13:55+00:00
00ce89624d1637d4,POLLINIS5983,organized,OK,,982,1912,350,886,0.0,0.951,0.904,2.53,4,data/crops/organized/organized_POLLINIS5983_S2_00ce89624d1637d4.jpg,2026-08-18T13:13:56+00:00
7dd025e557849e1a,15L2021-1742,organized,OK,,2420,1724,503,1259,0.0,0.418,0.923,2.5,3,data/crops/organized/organized_15L2021-1742_P1_7dd025e557849e1a.jpg,2026-08-18T13:13:57+00:00
db4e575200f7a8cc,POLLINIS5943,organized,OK,,2408,1855,119,276,0.0,0.674,0.837,2.32,1,data/crops/organized/organized_POLLINIS5943_P2_db4e575200f7a8cc.jpg,2026-08-18T13:13:58+00:00
95e365271f3d7c3f,POLLINIS5983,organized,OK,,1014,1825,390,1028,0.0,0.773,0.882,2.64,3,data/crops/organized/organized_POLLINIS5983_S1_95e365271f3d7c3f.jpg,2026-08-18T13:13:59+00:00
c801c09fd339ccd7,15L2021-1742,organized,OK,,2477,1762,494,1259,0.0,0.63,0.939,2.55,2,data/crops/organized/organized_15L2021-1742_P2_c801c09fd339ccd7.jpg,2026-08-18T13:13:59+00:00
6543b95836347824,15L2021-1483,organized,OK,,1101,1727,406,1051,0.0,0.851,0.924,2.59,2,data/crops/organized/organized_15L2021-1483_S3_6543b95836347824.jpg,2026-08-18T13:14:00+00:00
90206278d3f4686b,CD387804c,organized,OK,,2404,1902,128,323,0.0,0.338,0.867,2.52,1,data/crops/organized/organized_CD387804c_P2_90206278d3f4686b.jpg,2026-08-18T13:14:01+00:00
5364621e7e784cfa,15L2021-1483,organized,OK,,1349,1920,382,1012,0.0,0.94,0.915,2.65,2,data/crops/organized/organized_15L2021-1483_S2_5364621e7e784cfa.jpg,2026-08-18T13:14:02+00:00
96d697975b453a25,ABAURA8526,organized,OK,,2439,1819,95,233,0.0,0.64,0.803,2.45,1,data/crops/organized/organized_ABAURA8526_P1_96d697975b453a25.jpg,2026-08-18T13:14:03+00:00
a8d8d4fe927814dd,15L2021-1740,organized,OK,,2432,1705,513,1254,0.0,0.726,0.933,2.44,2,data/crops/organized/organized_15L2021-1740_P2_a8d8d4fe927814dd.jpg,2026-08-18T13:14:03+00:00
e55a2d7d8e253760,CD387804c,organized,OK,,2420,1921,128,309,0.0,0.562,0.884,2.41,1,data/crops/organized/organized_CD387804c_P1_e55a2d7d8e253760.jpg,2026-08-18T13:14:04+00:00
fe30df943216c383,15L2021-1483,organized,OK,,1238,1896,429,1106,0.0,0.905,0.932,2.58,3,data/crops/organized/organized_15L2021-1483_S1_fe30df943216c383.jpg,2026-08-18T13:14:05+00:00
656e33ce118e466a,ABAURA8526,organized,OK,,2439,1829,95,233,0.0,0.371,0.783,2.45,1,data/crops/organized/organized_ABAURA8526_P2_656e33ce118e466a.jpg,2026-08-18T13:14:06+00:00
1fa84800df04dad0,15L2021-1740,organized,OK,,2401,1717,508,1249,0.0,0.608,0.939,2.46,2,data/crops/organized/organized_15L2021-1740_P1_1fa84800df04dad0.jpg,2026-08-18T13:14:06+00:00
c0205dac6bd813ba,CD388145b,organized,OK,,1018,1967,295,791,0.0,0.918,0.879,2.68,2,data/crops/organized/organized_CD388145b_S2_c0205dac6bd813ba.jpg,2026-08-18T13:14:07+00:00
e3bb7b620b9b2fbc,CD387759,organized,OK,,2434,1834,114,290,0.0,0.723,0.795,2.54,1,data/crops/organized/organized_CD387759_P2_e3bb7b620b9b2fbc.jpg,2026-08-18T13:14:08+00:00
c7c26cdf51465428,POLLINIS5985,organized,OK,,972,1567,401,952,7.125,0.921,0.907,2.37,5,data/crops/organized/organized_POLLINIS5985_S1_c7c26cdf51465428.jpg,2026-08-18T13:14:09+00:00
28485070e745c08f,15L2021-1739,organized,OK,,2399,1767,484,1226,0.0,0.792,0.942,2.53,2,data/crops/organized/organized_15L2021-1739_P2_28485070e745c08f.jpg,2026-08-18T13:14:10+00:00
0bce3c9aa6074265,CD388860,organized,OK,,858,1795,394,929,0.0,0.956,0.922,2.36,5,data/crops/organized/organized_CD388860_S3_0bce3c9aa6074265.jpg,2026-08-18T13:14:11+00:00
92f2b5312dba931a,15L2021-1741,organized,OK,,1290,1687,398,933,0.0,0.787,0.923,2.35,2,data/crops/organized/organized_15L2021-1741_S2_92f2b5312dba931a.jpg,2026-08-18T13:14:11+00:00
fb46505ff6a81db7,CD388860b,organized,OK,,2430,1886,114,271,0.0,0.181,0.881,2.38,1,data/crops/organized/organized_CD388860b_P2_fb46505ff6a81db7.jpg,2026-08-18T13:14:12+00:00
2e5878d7050efbbd,ABAURA5633,organized,OK,,2389,1864,128,275,0.0,0.527,0.857,2.15,1,data/crops/organized/organized_ABAURA5633_P1_2e5878d7050efbbd.jpg,2026-08-18T13:14:13+00:00
fc89abd3f32c186d,15L2021-1741,organized,OK,,1228,1705,402,961,0.0,0.834,0.934,2.39,3,data/crops/organized/organized_15L2021-1741_S3_fc89abd3f32c186d.jpg,2026-08-18T13:14:14+00:00
c46a808e240be564,CD388860,organized,OK,,902,1835,362,835,0.0,0.963,0.898,2.3,5,data/crops/organized/organized_CD388860_S2_c46a808e240be564.jpg,2026-08-18T13:14:15+00:00
92b84a4d1316c747,CD388145b,organized,OK,,1075,2055,291,772,0.0,0.957,0.895,2.65,1,data/crops/organized/organized_CD388145b_S3_92b84a4d1316c747.jpg,2026-08-18T13:14:15+00:00
e95c8c5e6432df60,CD387759,organized,OK,,2427,1826,119,294,0.0,0.591,0.884,2.48,1,data/crops/organized/organized_CD387759_P1_e95c8c5e6432df60.jpg,2026-08-18T13:14:16+00:00
b9eb22a7a8721c4b,CD388145b,organized,OK,,1152,1963,311,854,0.0,0.917,0.879,2.75,2,data/crops/organized/organized_CD388145b_S1_b9eb22a7a8721c4b.jpg,2026-08-18T13:14:17+00:00
eba4545229efa1ba,15L2021-1739,organized,OK,,2420,1767,484,1230,0.0,0.747,0.943,2.54,2,data/crops/organized/organized_15L2021-1739_P1_eba4545229efa1ba.jpg,2026-08-18T13:14:17+00:00
e03622015be963e8,POLLINIS5985,organized,OK,,991,1861,379,936,8.973,0.71,0.884,2.47,5,data/crops/organized/organized_POLLINIS5985_S2_e03622015be963e8.jpg,2026-08-18T13:14:18+00:00
715fec0838ab1c2e,15L2021-1741,organized,OK,,1315,1727,406,945,0.0,0.864,0.924,2.33,1,data/crops/organized/organized_15L2021-1741_S1_715fec0838ab1c2e.jpg,2026-08-18T13:14:19+00:00
9df1ced8e50c88c1,ABAURA5633,organized,OK,,2389,1883,119,266,0.0,0.359,0.878,2.24,1,data/crops/organized/organized_ABAURA5633_P2_9df1ced8e50c88c1.jpg,2026-08-18T13:14:20+00:00
015f297ab0dd4102,CD388860b,organized,OK,,2439,1890,124,280,0.0,0.313,0.901,2.27,1,data/crops/organized/organized_CD388860b_P1_015f297ab0dd4102.jpg,2026-08-18T13:14:20+00:00
02d85c5b92edaeb4,CD388860,organized,OK,,1055,1794,343,811,0.0,0.969,0.886,2.37,6,data/crops/organized/organized_CD388860_S1_02d85c5b92edaeb4.jpg,2026-08-18T13:14:21+00:00
c65d83bfada7e71a,POLLINIS5985,organized,OK,,1144,1899,423,1019,9.866,0.801,0.905,2.41,4,data/crops/organized/organized_POLLINIS5985_S3_c65d83bfada7e71a.jpg,2026-08-18T13:14:22+00:00
7c32cb46b3fa804a,15L2021-1743,organized,OK,,1189,1744,402,961,0.0,0.771,0.929,2.39,3,data/crops/organized/organized_15L2021-1743_S1_7c32cb46b3fa804a.jpg,2026-08-18T13:14:22+00:00
06f082c26925eb5d,15L2021-1732,organized,OK,,1297,1778,398,988,0.0,0.882,0.901,2.49,3,data/crops/organized/organized_15L2021-1732_S1_06f082c26925eb5d.jpg,2026-08-18T13:14:23+00:00
657a90b7ba18b665,CD388229c,organized,OK,,2420,1800,114,280,0.0,0.553,0.902,2.46,1,data/crops/organized/organized_CD388229c_P2_657a90b7ba18b665.jpg,2026-08-18T13:14:24+00:00
1399c374e4ca0ce1,POLLINIS4384,organized,OK,,2453,1845,138,309,0.0,0.638,0.887,2.24,1,data/crops/organized/organized_POLLINIS4384_P2_1399c374e4ca0ce1.jpg,2026-08-18T13:14:25+00:00
d2a231f1fbf725fe,CD388145,organized,OK,,1049,1916,374,980,0.0,0.88,0.896,2.62,3,data/crops/organized/organized_CD388145_S1_d2a231f1fbf725fe.jpg,2026-08-18T13:14:25+00:00
d57b0c5ac59d379c,2020.06207,organized,OK,,1232,1866,362,890,0.0,0.939,0.929,2.46,2,data/crops/organized/organized_2020.06207_S1_d57b0c5ac59d379c.jpg,2026-08-18T13:14:26+00:00
e8e121fd8f23ce2f,2020.06207,organized,OK,,1110,1709,346,850,0.0,0.96,0.91,2.45,2,data/crops/organized/organized_2020.06207_S3_e8e121fd8f23ce2f.jpg,2026-08-18T13:14:27+00:00
05e59927a43a35d5,CD388145,organized,OK,,1083,2028,362,976,0.0,0.883,0.929,2.7,2,data/crops/organized/organized_CD388145_S3_05e59927a43a35d5.jpg,2026-08-18T13:14:27+00:00
2fc25e968d0cc2c9,15L2021-1743,organized,OK,,1278,1833,390,988,0.0,0.929,0.916,2.54,2,data/crops/organized/organized_15L2021-1743_S2_2fc25e968d0cc2c9.jpg,2026-08-18T13:14:28+00:00
3b620699e7403430,15L2021-1732,organized,OK,,1402,1831,409,1032,0.0,0.93,0.906,2.52,4,data/crops/organized/organized_15L2021-1732_S2_3b620699e7403430.jpg,2026-08-18T13:14:29+00:00
90840ac174779ef2,CD388229c,organized,OK,,2430,1786,114,271,0.0,0.592,0.883,2.38,2,data/crops/organized/organized_CD388229c_P1_90840ac174779ef2.jpg,2026-08-18T13:14:29+00:00
19ea8ad13907f244,15L2021-1732,organized,OK,,1067,1610,402,961,0.0,0.848,0.937,2.39,2,data/crops/organized/organized_15L2021-1732_S3_19ea8ad13907f244.jpg,2026-08-18T13:14:30+00:00
b5dd9ab0cefcbd9a,POLLINIS4384,organized,OK,,2451,1857,133,304,0.0,0.735,0.915,2.29,1,data/crops/organized/organized_POLLINIS4384_P1_b5dd9ab0cefcbd9a.jpg,2026-08-18T13:14:31+00:00
bd3ca46b5ad96b0b,15L2021-1743,organized,OK,,1223,1894,402,988,0.0,0.858,0.91,2.46,2,data/crops/organized/organized_15L2021-1743_S3_bd3ca46b5ad96b0b.jpg,2026-08-18T13:14:31+00:00
61c1297b6e929a90,CD388145,organized,OK,,1067,1953,394,1047,0.0,0.734,0.915,2.66,4,data/crops/organized/organized_CD388145_S2_61c1297b6e929a90.jpg,2026-08-18T13:14:32+00:00
ab0b70856094ed93,2020.06207,organized,OK,,1169,1807,362,898,0.0,0.929,0.914,2.48,2,data/crops/organized/organized_2020.06207_S2_ab0b70856094ed93.jpg,2026-08-18T13:14:33+00:00
805f56a655bec412,CD387287,organized,OK,,1144,1923,500,839,0.0,0.811,0.84,1.68,5,data/crops/organized/organized_CD387287_S3_805f56a655bec412.jpg,2026-08-18T13:14:33+00:00
608ce8d9b35413ba,CD387577b,organized,OK,,2420,1883,128,309,0.0,0.756,0.766,2.41,2,data/crops/organized/organized_CD387577b_P1_608ce8d9b35413ba.jpg,2026-08-18T13:14:34+00:00
edda5168d5a20972,CD387287,organized,OK,,1417,1955,469,843,0.0,0.876,0.822,1.8,5,data/crops/organized/organized_CD387287_S2_edda5168d5a20972.jpg,2026-08-18T13:14:35+00:00
ed0a8bf59d77a0ec,CD388862,organized,OK,,2418,1841,119,285,0.0,0.465,0.898,2.4,1,data/crops/organized/organized_CD388862_P2_ed0a8bf59d77a0ec.jpg,2026-08-18T13:14:36+00:00
78f40548945b56e8,ABAURA5591,organized,OK,,2439,1786,114,280,0.0,0.109,0.883,2.46,1,data/crops/organized/organized_ABAURA5591_P1_78f40548945b56e8.jpg,2026-08-18T13:14:36+00:00
f7f7809de1a77cf1,ABAURA8239c,organized,OK,,961,1845,335,787,0.0,0.966,0.914,2.35,3,data/crops/organized/organized_ABAURA8239c_S1_f7f7809de1a77cf1.jpg,2026-08-18T13:14:37+00:00
5f50d05e59e4f5e1,ABAURA8239c,organized,OK,,1099,1920,319,740,0.0,0.96,0.898,2.32,4,data/crops/organized/organized_ABAURA8239c_S3_5f50d05e59e4f5e1.jpg,2026-08-18T13:14:37+00:00
d2f0ffe49ee0409e,CD387577b,organized,OK,,2375,1933,133,314,0.0,0.798,0.804,2.36,2,data/crops/organized/organized_CD387577b_P2_d2f0ffe49ee0409e.jpg,2026-08-18T13:14:38+00:00
92ec31a41a8e0b1c,CD387287,organized,OK,,1238,1746,350,870,0.0,0.865,0.891,2.48,4,data/crops/organized/organized_CD387287_S1_92ec31a41a8e0b1c.jpg,2026-08-18T13:14:39+00:00
0430a31d4448b63a,CD388862,organized,OK,,2446,1836,119,285,0.0,0.708,0.907,2.4,1,data/crops/organized/organized_CD388862_P1_0430a31d4448b63a.jpg,2026-08-18T13:14:40+00:00
63d5b0769e5cd2ee,ABAURA5591,organized,OK,,2432,1793,100,294,0.0,0.096,0.858,2.95,1,data/crops/organized/organized_ABAURA5591_P2_63d5b0769e5cd2ee.jpg,2026-08-18T13:14:41+00:00
52fe160dfe26c6f6,ABAURA8239c,organized,OK,,1181,1799,331,772,0.0,0.962,0.901,2.33,4,data/crops/organized/organized_ABAURA8239c_S2_52fe160dfe26c6f6.jpg,2026-08-18T13:14:41+00:00
30e010761b27f1a7,ABAURA8151,organized,OK,,2434,1800,114,299,0.0,0.477,0.849,2.62,3,data/crops/organized/organized_ABAURA8151_P1_30e010761b27f1a7.jpg,2026-08-18T13:14:42+00:00
eba3cf4caf1e7a76,CD388235,organized,OK,,2449,1874,119,299,0.0,0.635,0.774,2.52,2,data/crops/organized/organized_CD388235_P2_eba3cf4caf1e7a76.jpg,2026-08-18T13:14:43+00:00
0e77ce1fe588025a,CD387577,organized,OK,,2411,1893,176,328,0.0,0.857,0.832,1.86,4,data/crops/organized/organized_CD387577_P2_0e77ce1fe588025a.jpg,2026-08-18T13:14:43+00:00
06614410ba381adf,POLLINIS4343,organized,OK,,1146,1949,386,969,0.0,0.81,0.904,2.51,4,data/crops/organized/organized_POLLINIS4343_S1_06614410ba381adf.jpg,2026-08-18T13:14:44+00:00
42f7f643833e4847,CD388872,organized,OK,,2411,1874,119,299,0.0,0.19,0.847,2.52,3,data/crops/organized/organized_CD388872_P1_42f7f643833e4847.jpg,2026-08-18T13:14:45+00:00
0691fb80f4e5ec9b,ABAURA8151,organized,OK,,2425,1812,119,290,0.0,0.488,0.908,2.44,2,data/crops/organized/organized_ABAURA8151_P2_0691fb80f4e5ec9b.jpg,2026-08-18T13:14:46+00:00
ba253838581941fa,CD388235,organized,OK,,2458,1879,119,299,0.0,0.653,0.78,2.52,2,data/crops/organized/organized_CD388235_P1_ba253838581941fa.jpg,2026-08-18T13:14:46+00:00
d69fbca8a4424895,CD387577,organized,OK,,2411,1905,171,328,0.0,0.782,0.815,1.92,2,data/crops/organized/organized_CD387577_P1_d69fbca8a4424895.jpg,2026-08-18T13:14:47+00:00
c0f1d433683404d8,POLLINIS4343,organized,OK,,1004,1916,374,937,0.0,0.936,0.903,2.51,5,data/crops/organized/organized_POLLINIS4343_S2_c0f1d433683404d8.jpg,2026-08-18T13:14:48+00:00
8307b5b85d714486,POLLINIS4343,organized,OK,,1223,1715,374,910,0.0,0.895,0.909,2.43,5,data/crops/organized/organized_POLLINIS4343_S3_8307b5b85d714486.jpg,2026-08-18T13:14:48+00:00
c675a40265a4ffca,CD388872,organized,OK,,2411,1879,119,299,0.0,0.218,0.826,2.52,3,data/crops/organized/organized_CD388872_P2_c675a40265a4ffca.jpg,2026-08-18T13:14:49+00:00
bf2de46f929c93f0,2020.00339,organized,OK,,2425,1883,138,337,0.0,0.789,0.839,2.45,1,data/crops/organized/organized_2020.00339_P2_bf2de46f929c93f0.jpg,2026-08-18T13:14:50+00:00
148056139569a516,2020.00449,organized,OK,,1173,1984,291,724,0.0,0.984,0.866,2.49,4,data/crops/organized/organized_2020.00449_S3_148056139569a516.jpg,2026-08-18T13:14:50+00:00
76910c01f9865c01,CD388612,organized,OK,,2413,1855,119,304,0.0,0.836,0.857,2.56,1,data/crops/organized/organized_CD388612_P1_76910c01f9865c01.jpg,2026-08-18T13:14:51+00:00
25389d1b18f70ef6,2020.00410,organized,OK,,1091,1723,343,850,0.0,0.976,0.903,2.48,4,data/crops/organized/organized_2020.00410_S2_25389d1b18f70ef6.jpg,2026-08-18T13:14:52+00:00
a9a9b23e406ff595,ABAURA8150,organized,OK,,1363,2130,412,1060,5.356,0.524,0.913,2.57,2,data/crops/organized/organized_ABAURA8150_S1_a9a9b23e406ff595.jpg,2026-08-18T13:14:52+00:00
d0107407acaec916,2020.00410,organized,OK,,1213,1740,307,772,0.0,0.987,0.894,2.51,2,data/crops/organized/organized_2020.00410_S3_d0107407acaec916.jpg,2026-08-18T13:14:53+00:00
4a694ec8493c5e16,2020.00449,organized,OK,,1144,1888,287,721,0.0,0.912,0.886,2.51,4,data/crops/organized/organized_2020.00449_S2_4a694ec8493c5e16.jpg,2026-08-18T13:14:54+00:00
7cc1081eebc0e979,CD388872b,organized,OK,,1311,1912,350,835,0.0,0.942,0.892,2.38,3,data/crops/organized/organized_CD388872b_S1_7cc1081eebc0e979.jpg,2026-08-18T13:14:55+00:00
71b48ef255d85e29,CD388872b,organized,OK,,1099,2000,331,819,0.0,0.954,0.922,2.48,3,data/crops/organized/organized_CD388872b_S3_71b48ef255d85e29.jpg,2026-08-18T13:14:55+00:00
907f132c71e868cd,2020.00339,organized,OK,,2420,1883,138,337,0.0,0.657,0.903,2.45,1,data/crops/organized/organized_2020.00339_P1_907f132c71e868cd.jpg,2026-08-18T13:14:56+00:00
b173552344e35238,2020.00410,organized,OK,,1215,1768,339,854,0.0,0.979,0.902,2.52,4,data/crops/organized/organized_2020.00410_S1_b173552344e35238.jpg,2026-08-18T13:14:56+00:00
bfff178e8f3d725f,CD388612,organized,OK,,2439,1850,128,309,0.0,0.846,0.894,2.41,1,data/crops/organized/organized_CD388612_P2_bfff178e8f3d725f.jpg,2026-08-18T13:14:57+00:00
70fcc51a96c2dd78,ABAURA8150,organized,OK,,1136,2128,406,1004,0.0,0.746,0.905,2.48,3,data/crops/organized/organized_ABAURA8150_S3_70fcc51a96c2dd78.jpg,2026-08-18T13:14:58+00:00
d2381595f57e0402,ABAURA8150,organized,OK,,1171,2116,421,1036,0.0,0.841,0.908,2.46,2,data/crops/organized/organized_ABAURA8150_S2_d2381595f57e0402.jpg,2026-08-18T13:14:58+00:00
28464253135fcfe5,2020.00449,organized,OK,,1130,1957,315,787,0.0,0.956,0.913,2.5,3,data/crops/organized/organized_2020.00449_S1_28464253135fcfe5.jpg,2026-08-18T13:14:59+00:00
052a7921b0d52f41,CD388872b,organized,OK,,1160,2057,319,807,0.0,0.978,0.883,2.53,4,data/crops/organized/organized_CD388872b_S2_052a7921b0d52f41.jpg,2026-08-18T13:15:00+00:00
c93f5590c98263bb,CD388235b,organized,OK,,1256,1831,346,882,0.0,0.987,0.892,2.55,3,data/crops/organized/organized_CD388235b_S3_c93f5590c98263bb.jpg,2026-08-18T13:15:00+00:00
8e8b6bd46510124c,CD388229b,organized,OK,,2408,1848,114,276,0.0,0.135,0.891,2.42,2,data/crops/organized/organized_CD388229b_P1_8e8b6bd46510124c.jpg,2026-08-18T13:15:01+00:00
6ffb2e964b00589d,2020.00294,organized,OK,,1258,2061,264,610,0.0,0.969,0.898,2.31,3,data/crops/organized/organized_2020.00294_S3_6ffb2e964b00589d.jpg,2026-08-18T13:15:01+00:00
e24415051d6bd758,ABAURA8867,organized,OK,,1219,1951,382,839,0.0,0.914,0.912,2.2,3,data/crops/organized/organized_ABAURA8867_S3_e24415051d6bd758.jpg,2026-08-18T13:15:02+00:00
98521c766ffe5417,ABAURA8627,organized,OK,,1295,1591,472,961,0.0,0.87,0.88,2.03,2,data/crops/organized/organized_ABAURA8627_S2_98521c766ffe5417.jpg,2026-08-18T13:15:03+00:00
177c245d7cf437c9,CD388809,organized,OK,,2475,1805,124,266,0.0,0.248,0.879,2.15,1,data/crops/organized/organized_CD388809_P2_177c245d7cf437c9.jpg,2026-08-18T13:15:03+00:00
f71d5d01d852a320,ABAURA8672b,organized,OK,,2411,1845,109,280,0.0,0.44,0.874,2.57,1,data/crops/organized/organized_ABAURA8672b_P1_f71d5d01d852a320.jpg,2026-08-18T13:15:05+00:00
33b27f0f17208f12,CD387770c,organized,OK,,1030,1951,311,791,0.0,0.976,0.901,2.54,4,data/crops/organized/organized_CD387770c_S2_33b27f0f17208f12.jpg,2026-08-18T13:15:06+00:00
e393dbe8dd55397c,CD387770c,organized,OK,,1014,1744,299,768,0.0,0.968,0.88,2.57,6,data/crops/organized/organized_CD387770c_S3_e393dbe8dd55397c.jpg,2026-08-18T13:15:07+00:00
b9d9d67703b38c3d,ABAURA8627,organized,OK,,1295,1573,476,976,0.0,0.886,0.869,2.05,2,data/crops/organized/organized_ABAURA8627_S3_b9d9d67703b38c3d.jpg,2026-08-18T13:15:08+00:00
c8a85c1420b8d079,ABAURA8867,organized,OK,,1065,2183,382,886,0.0,0.971,0.91,2.32,2,data/crops/organized/organized_ABAURA8867_S2_c8a85c1420b8d079.jpg,2026-08-18T13:15:09+00:00
217ff32056791da2,2020.00294,organized,OK,,1362,2091,283,646,0.0,0.982,0.91,2.28,4,data/crops/organized/organized_2020.00294_S2_217ff32056791da2.jpg,2026-08-18T13:15:10+00:00
fe5ad4509d3ab061,CD388235b,organized,OK,,1142,1823,339,866,0.0,0.978,0.891,2.56,2,data/crops/organized/organized_CD388235b_S2_fe5ad4509d3ab061.jpg,2026-08-18T13:15:11+00:00
ded0c04461ac4bce,CD388229b,organized,OK,,2392,1850,100,271,0.0,0.256,0.85,2.71,2,data/crops/organized/organized_CD388229b_P2_ded0c04461ac4bce.jpg,2026-08-18T13:15:12+00:00
f95357d94d3cee8d,ABAURA8627,organized,OK,,1225,1549,500,992,0.0,0.934,0.85,1.98,1,data/crops/organized/organized_ABAURA8627_S1_f95357d94d3cee8d.jpg,2026-08-18T13:15:13+00:00
e398bc7201afc4b9,ABAURA8672b,organized,OK,,2408,1834,104,276,0.0,0.155,0.873,2.64,1,data/crops/organized/organized_ABAURA8672b_P2_e398bc7201afc4b9.jpg,2026-08-18T13:15:14+00:00
67d3b3f24b45a666,CD388809,organized,OK,,2456,1791,124,256,0.0,0.267,0.887,2.08,1,data/crops/organized/organized_CD388809_P1_67d3b3f24b45a666.jpg,2026-08-18T13:15:15+00:00
91774e3319cfa6d2,CD387770c,organized,OK,,1020,2112,311,819,0.0,0.965,0.897,2.63,4,data/crops/organized/organized_CD387770c_S1_91774e3319cfa6d2.jpg,2026-08-18T13:15:16+00:00
8bf1834fd07ec9f0,ABAURA8867,organized,OK,,1162,1839,417,969,0.0,0.579,0.915,2.32,4,data/crops/organized/organized_ABAURA8867_S1_8bf1834fd07ec9f0.jpg,2026-08-18T13:15:16+00:00
4f4cf167c74b2eef,2020.00294,organized,OK,,1457,2244,299,685,0.0,0.966,0.913,2.29,7,data/crops/organized/organized_2020.00294_S1_4f4cf167c74b2eef.jpg,2026-08-18T13:15:17+00:00
13bf6c64419803b3,CD388235b,organized,OK,,1126,1878,347,929,0.0,0.945,0.916,2.68,2,data/crops/organized/organized_CD388235b_S1_13bf6c64419803b3.jpg,2026-08-18T13:15:18+00:00
d9fb897d407d1818,CD388229b,organized,OK,,1201,2097,343,953,0.0,0.747,0.904,2.78,3,data/crops/organized/organized_CD388229b_S2_d9fb897d407d1818.jpg,2026-08-18T13:15:18+00:00
4b294051991e3460,ABAURA8627,organized,OK,,2422,1860,128,266,0.0,0.75,0.823,2.07,1,data/crops/organized/organized_ABAURA8627_P1_4b294051991e3460.jpg,2026-08-18T13:15:19+00:00
976aea0741faee4e,CD388809,organized,OK,,1264,2087,441,969,0.0,0.96,0.915,2.2,4,data/crops/organized/organized_CD388809_S1_976aea0741faee4e.jpg,2026-08-18T13:15:20+00:00
ff38f7ce85a734aa,ABAURA8672b,organized,OK,,1303,2051,370,937,0.0,0.867,0.912,2.53,4,data/crops/organized/organized_ABAURA8672b_S2_ff38f7ce85a734aa.jpg,2026-08-18T13:15:21+00:00
ba2def8ae2d11b13,CD387770c,organized,OK,,2439,1791,104,271,0.0,0.274,0.841,2.59,4,data/crops/organized/organized_CD387770c_P1_ba2def8ae2d11b13.jpg,2026-08-18T13:15:22+00:00
f05d8e650c6c01e4,ABAURA8672b,organized,OK,,1209,2024,362,921,0.0,0.876,0.873,2.54,5,data/crops/organized/organized_ABAURA8672b_S3_f05d8e650c6c01e4.jpg,2026-08-18T13:15:23+00:00
ec4ea388e0135426,ABAURA8867,organized,FAILED,aucune_detection,,,,,,,,,0,,2026-08-18T13:15:23+00:00
364aa8658311ec46,2020.00294,organized,OK,,2432,1796,95,218,0.0,0.114,0.821,2.3,1,data/crops/organized/organized_2020.00294_P1_364aa8658311ec46.jpg,2026-08-18T13:15:24+00:00
b69393df4a2f1e56,CD388229b,organized,OK,,1386,2073,908,400,-2.675,0.859,0.927,2.27,6,data/crops/organized/organized_CD388229b_S3_b69393df4a2f1e56.jpg,2026-08-18T13:15:25+00:00
63a2028a495167de,CD388235b,organized,OK,,2444,1867,104,271,0.0,0.698,0.781,2.59,3,data/crops/organized/organized_CD388235b_P1_63a2028a495167de.jpg,2026-08-18T13:15:26+00:00
c3d8e617e12b4d61,CD388229b,organized,OK,,1183,2010,374,1004,0.0,0.683,0.923,2.68,2,data/crops/organized/organized_CD388229b_S1_c3d8e617e12b4d61.jpg,2026-08-18T13:15:27+00:00
d48dc411a8b2d34b,ABAURA8627,organized,OK,,2432,1855,128,266,0.0,0.736,0.808,2.07,1,data/crops/organized/organized_ABAURA8627_P2_d48dc411a8b2d34b.jpg,2026-08-18T13:15:27+00:00
80f8373983cb5b7c,ABAURA8672b,organized,OK,,1209,1855,378,969,0.0,0.955,0.888,2.56,3,data/crops/organized/organized_ABAURA8672b_S1_80f8373983cb5b7c.jpg,2026-08-18T13:15:28+00:00
2dec40d47793d97b,CD388809,organized,OK,,1083,1969,409,913,0.0,0.979,0.901,2.23,3,data/crops/organized/organized_CD388809_S2_2dec40d47793d97b.jpg,2026-08-18T13:15:29+00:00
1bcde75b7e4f501d,CD387770c,organized,OK,,2437,1810,95,276,0.0,0.19,0.857,2.9,2,data/crops/organized/organized_CD387770c_P2_1bcde75b7e4f501d.jpg,2026-08-18T13:15:30+00:00
530507d35d3f9a6e,CD388809,organized,OK,,1148,1923,437,1012,0.0,0.942,0.876,2.32,6,data/crops/organized/organized_CD388809_S3_530507d35d3f9a6e.jpg,2026-08-18T13:15:31+00:00
114a6b718e82869c,ABAURA8867,organized,FAILED,aucune_detection,,,,,,,,,0,,2026-08-18T13:15:31+00:00
17d33c1ef2a7be67,2020.00294,organized,OK,,2427,1796,95,218,0.0,0.234,0.85,2.3,2,data/crops/organized/organized_2020.00294_P2_17d33c1ef2a7be67.jpg,2026-08-18T13:15:32+00:00
b51d38d591e83924,CD388235b,organized,OK,,2422,1843,104,276,0.0,0.494,0.798,2.64,1,data/crops/organized/organized_CD388235b_P2_b51d38d591e83924.jpg,2026-08-18T13:15:32+00:00
2a07286a826efd89,2020.00339,organized,OK,,1087,1874,331,811,0.0,0.943,0.917,2.45,3,data/crops/organized/organized_2020.00339_S1_2a07286a826efd89.jpg,2026-08-18T13:15:33+00:00
ba2315a2332c1b22,2020.00410,organized,OK,,2408,1879,119,304,0.0,0.706,0.791,2.56,1,data/crops/organized/organized_2020.00410_P1_ba2315a2332c1b22.jpg,2026-08-18T13:15:34+00:00
5ba134690b62e705,CD388612,organized,OK,,1260,1918,409,984,0.0,0.86,0.888,2.4,4,data/crops/organized/organized_CD388612_S2_5ba134690b62e705.jpg,2026-08-18T13:15:35+00:00
4234230c23183e06,CD388612,organized,OK,,1238,1894,386,933,0.0,0.932,0.899,2.42,4,data/crops/organized/organized_CD388612_S3_4234230c23183e06.jpg,2026-08-18T13:15:35+00:00
0945f49f10d7da3a,ABAURA8150,organized,OK,,2432,1814,124,294,0.0,0.378,0.886,2.38,1,data/crops/organized/organized_ABAURA8150_P2_0945f49f10d7da3a.jpg,2026-08-18T13:15:36+00:00
8ac42ce0aa2a2376,2020.00449,organized,OK,,2392,1805,104,271,0.0,0.419,0.825,2.59,1,data/crops/organized/organized_2020.00449_P1_8ac42ce0aa2a2376.jpg,2026-08-18T13:15:37+00:00
ae9ee3a2e6fb9ad7,CD388872b,organized,FAILED,aucune_detection,,,,,,,,,0,,2026-08-18T13:15:37+00:00
6286edfc230a8632,2020.00339,organized,OK,,1146,1941,315,764,0.0,0.953,0.91,2.42,2,data/crops/organized/organized_2020.00339_S2_6286edfc230a8632.jpg,2026-08-18T13:15:38+00:00
25fd1aefb3e34881,CD388612,organized,OK,,949,1967,413,1024,0.0,0.971,0.914,2.48,4,data/crops/organized/organized_CD388612_S1_25fd1aefb3e34881.jpg,2026-08-18T13:15:38+00:00
25be93b1f412c1eb,2020.00410,organized,OK,,2406,1900,124,299,0.0,0.815,0.887,2.42,2,data/crops/organized/organized_2020.00410_P2_25be93b1f412c1eb.jpg,2026-08-18T13:15:39+00:00
4d8889627865d95f,ABAURA8150,organized,OK,,2422,1810,124,294,0.0,0.373,0.917,2.38,1,data/crops/organized/organized_ABAURA8150_P1_4d8889627865d95f.jpg,2026-08-18T13:15:40+00:00
3481b40c0c48b893,2020.00449,organized,OK,,2422,1812,100,276,0.0,0.431,0.818,2.76,1,data/crops/organized/organized_2020.00449_P2_3481b40c0c48b893.jpg,2026-08-18T13:15:41+00:00
b8c3c226ff58e2d1,2020.00339,organized,OK,,1079,1857,319,772,0.0,0.985,0.921,2.42,3,data/crops/organized/organized_2020.00339_S3_b8c3c226ff58e2d1.jpg,2026-08-18T13:15:42+00:00
2840b7b5df4d1b3f,CD388872b,organized,OK,,2442,1793,100,285,0.0,0.285,0.863,2.86,1,data/crops/organized/organized_CD388872b_P1_2840b7b5df4d1b3f.jpg,2026-08-18T13:15:42+00:00
d08693a8297ef879,CD388872,organized,OK,,1238,2040,339,854,0.0,0.955,0.932,2.52,8,data/crops/organized/organized_CD388872_S3_d08693a8297ef879.jpg,2026-08-18T13:15:43+00:00
de8fcc7c2b3c2e17,ABAURA8151,organized,OK,,929,2004,346,913,0.0,0.963,0.875,2.64,2,data/crops/organized/organized_ABAURA8151_S2_de8fcc7c2b3c2e17.jpg,2026-08-18T13:15:44+00:00
55f1ff3b4e515dc6,CD388235,organized,OK,,1089,1654,354,839,0.0,0.983,0.931,2.37,3,data/crops/organized/organized_CD388235_S1_55f1ff3b4e515dc6.jpg,2026-08-18T13:15:45+00:00
d278b574973094a0,CD387577,organized,SUSPECT,,230,2130,427,330,-60.068,0.94,0.689,1.29,6,data/crops/organized/organized_CD387577_S1_d278b574973094a0.jpg,2026-08-18T13:15:46+00:00
8bba593b29393bc7,POLLINIS4343,organized,OK,,2382,1798,119,299,0.0,0.317,0.862,2.52,1,data/crops/organized/organized_POLLINIS4343_P2_8bba593b29393bc7.jpg,2026-08-18T13:15:46+00:00
0ac4f78e8557f42f,ABAURA8151,organized,OK,,1217,2002,327,843,0.0,0.984,0.906,2.58,6,data/crops/organized/organized_ABAURA8151_S3_0ac4f78e8557f42f.jpg,2026-08-18T13:15:47+00:00
8ba907526a07363b,CD388872,organized,OK,,1116,1949,370,917,0.0,0.527,0.947,2.48,4,data/crops/organized/organized_CD388872_S2_8ba907526a07363b.jpg,2026-08-18T13:15:47+00:00
4190feb238db37fa,ABAURA8151,organized,OK,,1142,2014,374,969,0.0,0.936,0.905,2.59,2,data/crops/organized/organized_ABAURA8151_S1_4190feb238db37fa.jpg,2026-08-18T13:15:48+00:00
ad318716c237f342,CD388235,organized,OK,,1136,1847,339,799,0.0,0.975,0.896,2.36,3,data/crops/organized/organized_CD388235_S2_ad318716c237f342.jpg,2026-08-18T13:15:49+00:00
0555cdd96215fb79,CD387577,organized,OK,,1220,1606,810,441,-7.125,0.912,0.853,1.84,5,data/crops/organized/organized_CD387577_S2_0555cdd96215fb79.jpg,2026-08-18T13:15:50+00:00
acfb38156475ed28,POLLINIS4343,organized,OK,,2425,1819,133,280,0.0,0.497,0.908,2.11,2,data/crops/organized/organized_POLLINIS4343_P1_acfb38156475ed28.jpg,2026-08-18T13:15:51+00:00
0d15ffd3e00b86ac,CD387577,organized,OK,,1177,1553,469,835,0.0,0.908,0.841,1.78,4,data/crops/organized/organized_CD387577_S3_0d15ffd3e00b86ac.jpg,2026-08-18T13:15:51+00:00
4dcdc96dd3f401f5,CD388235,organized,OK,,1024,1953,339,811,0.0,0.976,0.909,2.4,4,data/crops/organized/organized_CD388235_S3_4dcdc96dd3f401f5.jpg,2026-08-18T13:15:52+00:00
01edd97ee6ca8f3c,CD388872,organized,OK,,971,1914,362,886,0.0,0.851,0.941,2.45,4,data/crops/organized/organized_CD388872_S1_01edd97ee6ca8f3c.jpg,2026-08-18T13:15:52+00:00
3d168d4300207055,ABAURA5591,organized,OK,,1179,1998,319,744,0.0,0.894,0.901,2.33,6,data/crops/organized/organized_ABAURA5591_S3_3d168d4300207055.jpg,2026-08-18T13:15:53+00:00
372587f456cdf826,CD387577b,organized,OK,,1051,1807,331,772,0.0,0.889,0.913,2.33,3,data/crops/organized/organized_CD387577b_S3_372587f456cdf826.jpg,2026-08-18T13:15:54+00:00
a998bdf04bb95e96,CD387577b,organized,OK,,1108,1790,327,752,0.0,0.954,0.913,2.3,7,data/crops/organized/organized_CD387577b_S2_a998bdf04bb95e96.jpg,2026-08-18T13:15:55+00:00
c94558d31db9148d,CD387287,organized,OK,,2399,1883,128,323,0.0,0.55,0.845,2.52,4,data/crops/organized/organized_CD387287_P1_c94558d31db9148d.jpg,2026-08-18T13:15:55+00:00
467757b850c6f8e2,CD388862,organized,OK,,1203,1701,441,1012,0.0,0.916,0.918,2.29,1,data/crops/organized/organized_CD388862_S1_467757b850c6f8e2.jpg,2026-08-18T13:15:56+00:00
fdc28948df3b05a3,ABAURA5591,organized,OK,,1148,1853,287,713,0.0,0.981,0.897,2.48,8,data/crops/organized/organized_ABAURA5591_S2_fdc28948df3b05a3.jpg,2026-08-18T13:15:57+00:00
b49fab31a0cee8ab,ABAURA8239c,organized,OK,,2415,1886,133,309,0.0,0.655,0.854,2.32,1,data/crops/organized/organized_ABAURA8239c_P2_b49fab31a0cee8ab.jpg,2026-08-18T13:15:57+00:00
9f4cefc5ce3925cc,CD388862,organized,OK,,957,1301,413,961,0.0,0.86,0.916,2.32,2,data/crops/organized/organized_CD388862_S3_9f4cefc5ce3925cc.jpg,2026-08-18T13:15:58+00:00
bc9ca5e798e8e436,CD387577b,organized,OK,,1209,1831,339,795,0.0,0.956,0.915,2.35,3,data/crops/organized/organized_CD387577b_S1_bc9ca5e798e8e436.jpg,2026-08-18T13:15:59+00:00
7133cdb6eddd8208,CD387287,organized,OK,,2401,1912,157,318,0.0,0.559,0.873,2.03,4,data/crops/organized/organized_CD387287_P2_7133cdb6eddd8208.jpg,2026-08-18T13:16:00+00:00
54e13330eef889f7,CD388862,organized,OK,,1171,1282,421,965,0.0,0.903,0.921,2.29,1,data/crops/organized/organized_CD388862_S2_54e13330eef889f7.jpg,2026-08-18T13:16:00+00:00
995b683e7705281b,ABAURA5591,organized,OK,,819,2020,315,811,0.0,0.91,0.885,2.58,3,data/crops/organized/organized_ABAURA5591_S1_995b683e7705281b.jpg,2026-08-18T13:16:01+00:00
800d6a969fe9e6b3,ABAURA8239c,organized,OK,,2420,1867,133,318,0.0,0.689,0.836,2.39,2,data/crops/organized/organized_ABAURA8239c_P1_800d6a969fe9e6b3.jpg,2026-08-18T13:16:02+00:00
e388f1c8b47ca413,POLLINIS4981,organized,OK,,2451,1814,162,390,0.0,0.946,0.909,2.41,2,data/crops/organized/organized_POLLINIS4981_P2_e388f1c8b47ca413.jpg,2026-08-18T13:16:03+00:00
467c3e8bf8c1d266,CD388391,organized,OK,,2460,1817,166,390,0.0,0.776,0.925,2.34,2,data/crops/organized/organized_CD388391_P2_467c3e8bf8c1d266.jpg,2026-08-18T13:16:03+00:00
c7dd3329937bb890,POLLINIS4981,organized,OK,,2422,1822,157,408,0.0,0.742,0.86,2.61,3,data/crops/organized/organized_POLLINIS4981_P1_c7dd3329937bb890.jpg,2026-08-18T13:16:04+00:00
6636234c53a32f3c,CD388391,organized,OK,,2460,1826,166,380,0.0,0.8,0.925,2.29,3,data/crops/organized/organized_CD388391_P1_6636234c53a32f3c.jpg,2026-08-18T13:16:05+00:00
e3fcf24e798a755f,CD388872c,organized,OK,,2444,1826,147,356,0.0,0.838,0.863,2.42,3,data/crops/organized/organized_CD388872c_P1_e3fcf24e798a755f.jpg,2026-08-18T13:16:06+00:00
86d8f45812772119,CD388872c,organized,OK,,2420,1836,147,356,0.0,0.936,0.864,2.42,1,data/crops/organized/organized_CD388872c_P2_86d8f45812772119.jpg,2026-08-18T13:16:06+00:00
997a97a406d440f7,ABAURA8625,organized,OK,,1335,1776,528,1197,0.0,0.849,0.878,2.27,2,data/crops/organized/organized_ABAURA8625_S1_997a97a406d440f7.jpg,2026-08-18T13:16:07+00:00
c880d129d6ef87a1,ABAURA8625,organized,OK,,1201,1648,508,1134,0.0,0.832,0.889,2.23,2,data/crops/organized/organized_ABAURA8625_S2_c880d129d6ef87a1.jpg,2026-08-18T13:16:07+00:00
f1bd9f731f0dba72,ABAURA8625,organized,OK,,1274,1622,496,1114,0.0,0.798,0.885,2.25,6,data/crops/organized/organized_ABAURA8625_S3_f1bd9f731f0dba72.jpg,2026-08-18T13:16:08+00:00
1350e0ce2d383841,D264520b,organized,OK,,2444,1876,228,394,0.0,0.597,0.837,1.73,3,data/crops/organized/organized_D264520b_P2_1350e0ce2d383841.jpg,2026-08-18T13:16:09+00:00
82ab8e2cfe849b67,D264520b,organized,OK,,2465,1852,228,399,0.0,0.429,0.838,1.75,3,data/crops/organized/organized_D264520b_P1_82ab8e2cfe849b67.jpg,2026-08-18T13:16:10+00:00
acbf34ef66e8b8f7,D264520b,organized,SUSPECT,,1008,2160,587,717,0.0,0.498,0.852,1.22,3,data/crops/organized/organized_D264520b_S1_acbf34ef66e8b8f7.jpg,2026-08-18T13:16:10+00:00
2f8f698c0a6ca92d,D264520b,organized,OK,,1154,1839,764,1323,0.0,0.469,0.844,1.73,6,data/crops/organized/organized_D264520b_S2_2f8f698c0a6ca92d.jpg,2026-08-18T13:16:11+00:00
605c81794b4fd340,D264520b,organized,OK,,1380,2138,693,1193,0.0,0.535,0.816,1.72,6,data/crops/organized/organized_D264520b_S3_605c81794b4fd340.jpg,2026-08-18T13:16:12+00:00
e22a80ef70312286,ABAURA8625,organized,OK,,2408,1855,166,390,0.0,0.839,0.854,2.34,1,data/crops/organized/organized_ABAURA8625_P2_e22a80ef70312286.jpg,2026-08-18T13:16:12+00:00
66043f2ba4462098,ABAURA8625,organized,OK,,2415,1857,162,404,0.0,0.806,0.823,2.5,1,data/crops/organized/organized_ABAURA8625_P1_66043f2ba4462098.jpg,2026-08-18T13:16:13+00:00
17a67b9083e9c7ea,CD388872c,organized,OK,,1132,1860,500,1154,0.0,0.792,0.919,2.31,3,data/crops/organized/organized_CD388872c_S2_17a67b9083e9c7ea.jpg,2026-08-18T13:16:15+00:00
a91894f8b63b78dc,CD388872c,organized,OK,,1128,1866,496,1130,0.0,0.864,0.9,2.28,4,data/crops/organized/organized_CD388872c_S3_a91894f8b63b78dc.jpg,2026-08-18T13:16:16+00:00
561a8db7246b4d99,CD388872c,organized,OK,,1341,1727,500,1154,0.0,0.745,0.883,2.31,4,data/crops/organized/organized_CD388872c_S1_561a8db7246b4d99.jpg,2026-08-18T13:16:17+00:00
6000b19fab95633e,POLLINIS4981,organized,OK,,1288,1872,579,1347,0.0,0.821,0.889,2.33,4,data/crops/organized/organized_POLLINIS4981_S1_6000b19fab95633e.jpg,2026-08-18T13:16:18+00:00
8c71cdbe5e2c4881,CD388391,organized,OK,,1278,2012,520,1106,0.0,0.89,0.886,2.13,3,data/crops/organized/organized_CD388391_S1_8c71cdbe5e2c4881.jpg,2026-08-18T13:16:19+00:00
652a41519fcae245,CD388391,organized,OK,,1329,1910,528,1130,0.0,0.78,0.878,2.14,4,data/crops/organized/organized_CD388391_S3_652a41519fcae245.jpg,2026-08-18T13:16:20+00:00
42c085ba2e5a01ab,POLLINIS4981,organized,OK,,1095,1916,476,1126,0.0,0.689,0.872,2.36,3,data/crops/organized/organized_POLLINIS4981_S3_42c085ba2e5a01ab.jpg,2026-08-18T13:16:20+00:00
4b99639863b7580c,POLLINIS4981,organized,OK,,1207,2022,532,1248,0.0,0.836,0.89,2.35,6,data/crops/organized/organized_POLLINIS4981_S2_4b99639863b7580c.jpg,2026-08-18T13:16:21+00:00
29d8f1baf65dbd0b,CD388391,organized,OK,,1179,2018,508,1130,0.0,0.897,0.902,2.22,5,data/crops/organized/organized_CD388391_S2_29d8f1baf65dbd0b.jpg,2026-08-18T13:16:21+00:00
3374aedb47bbabd9,FR73ABOM140722015,organized,OK,,1394,2073,406,937,0.0,0.887,0.912,2.31,3,data/crops/organized/organized_FR73ABOM140722015_S2_3374aedb47bbabd9.jpg,2026-08-18T13:16:22+00:00
83aa4fce54344bff,FR73ABOM130722017,organized,OK,,1577,1963,390,933,0.0,0.931,0.932,2.39,2,data/crops/organized/organized_FR73ABOM130722017_S3_83aa4fce54344bff.jpg,2026-08-18T13:16:23+00:00
443d40565edfb17d,CD388230c,organized,OK,,1230,2024,331,870,0.0,0.959,0.87,2.63,4,data/crops/organized/organized_CD388230c_S3_443d40565edfb17d.jpg,2026-08-18T13:16:24+00:00
13ff16f18c43faf5,FR73ABOM140722031,organized,OK,,1417,1746,374,858,0.0,0.952,0.931,2.29,3,data/crops/organized/organized_FR73ABOM140722031_S3_13ff16f18c43faf5.jpg,2026-08-18T13:16:24+00:00
bcbbecfab793bd8b,FR73ABOM140722031,organized,OK,,1419,1807,370,831,0.0,0.833,0.919,2.24,3,data/crops/organized/organized_FR73ABOM140722031_S2_bcbbecfab793bd8b.jpg,2026-08-18T13:16:25+00:00
a00ce73e3342ded0,CD387770b,organized,OK,,2418,1838,124,314,0.0,0.651,0.9,2.54,5,data/crops/organized/organized_CD387770b_P2_a00ce73e3342ded0.jpg,2026-08-18T13:16:26+00:00
d20e669b00058046,CD388230c,organized,OK,,878,2002,343,945,0.0,0.953,0.92,2.76,2,data/crops/organized/organized_CD388230c_S2_d20e669b00058046.jpg,2026-08-18T13:16:26+00:00
e479d88d040cdde7,FR73ABOM130722017,organized,OK,,1636,2018,382,917,0.0,0.923,0.928,2.4,2,data/crops/organized/organized_FR73ABOM130722017_S2_e479d88d040cdde7.jpg,2026-08-18T13:16:27+00:00
af51baca5fd9310d,FR73ABOM140722015,organized,OK,,1510,2075,417,957,0.0,0.881,0.915,2.29,2,data/crops/organized/organized_FR73ABOM140722015_S3_af51baca5fd9310d.jpg,2026-08-18T13:16:29+00:00
cce98b8dd2e79601,FR73ABOM140722015,organized,OK,,1370,1983,413,937,0.0,0.922,0.895,2.27,3,data/crops/organized/organized_FR73ABOM140722015_S1_cce98b8dd2e79601.jpg,2026-08-18T13:16:30+00:00
81c96cf7994a9eb5,FR73ABOM140722031,organized,OK,,1465,1809,374,850,0.0,0.876,0.895,2.27,2,data/crops/organized/organized_FR73ABOM140722031_S1_81c96cf7994a9eb5.jpg,2026-08-18T13:16:32+00:00
59a122fe39201ce8,CD387770b,organized,OK,,2442,1819,124,304,0.0,0.688,0.913,2.46,5,data/crops/organized/organized_CD387770b_P1_59a122fe39201ce8.jpg,2026-08-18T13:16:32+00:00
49253ccf92e1e1d7,CD388230c,organized,OK,,1232,2309,350,921,0.0,0.844,0.855,2.63,1,data/crops/organized/organized_CD388230c_S1_49253ccf92e1e1d7.jpg,2026-08-18T13:16:33+00:00
40483da7ccbc31f9,FR73ABOM130722017,organized,OK,,1673,1994,421,984,0.0,0.851,0.946,2.34,2,data/crops/organized/organized_FR73ABOM130722017_S1_40483da7ccbc31f9.jpg,2026-08-18T13:16:34+00:00
4485677008617b04,FR73ABOM140722033,organized,OK,,1443,2148,382,941,0.0,0.954,0.895,2.46,2,data/crops/organized/organized_FR73ABOM140722033_S1_4485677008617b04.jpg,2026-08-18T13:16:35+00:00
49e0d08d36528c60,FR73ABOM140722033,organized,OK,,1187,2030,350,862,0.0,0.992,0.896,2.46,2,data/crops/organized/organized_FR73ABOM140722033_S3_49e0d08d36528c60.jpg,2026-08-18T13:16:36+00:00
a4f2fbd04873999d,FR73ABOM140722033,organized,OK,,1406,1971,366,898,0.0,0.986,0.898,2.45,2,data/crops/organized/organized_FR73ABOM140722033_S2_a4f2fbd04873999d.jpg,2026-08-18T13:16:36+00:00
ecedc76531f497c1,FR73ABOM150722001,organized,OK,,2475,1784,489,1140,0.0,0.816,0.943,2.33,1,data/crops/organized/organized_FR73ABOM150722001_P2_ecedc76531f497c1.jpg,2026-08-18T13:16:37+00:00
344c1a9b3c17b655,FR73ABOM120722118,organized,OK,,1475,2022,358,847,0.0,0.957,0.903,2.36,2,data/crops/organized/organized_FR73ABOM120722118_S3_344c1a9b3c17b655.jpg,2026-08-18T13:16:39+00:00
f8117419f1d5034b,FR73ABOM140722032,organized,OK,,2475,1755,489,1150,0.0,0.851,0.939,2.35,1,data/crops/organized/organized_FR73ABOM140722032_P1_f8117419f1d5034b.jpg,2026-08-18T13:16:41+00:00
5e61d14c783921bf,FR73ABOM120722027,organized,OK,,2442,1765,432,1054,0.0,0.786,0.946,2.44,1,data/crops/organized/organized_FR73ABOM120722027_P2_5e61d14c783921bf.jpg,2026-08-18T13:16:43+00:00
e6ce4e73b6c8ddf5,FR73ABOM120722118,organized,OK,,1510,2112,374,886,0.0,0.919,0.889,2.37,2,data/crops/organized/organized_FR73ABOM120722118_S2_e6ce4e73b6c8ddf5.jpg,2026-08-18T13:16:45+00:00
8af0584e14653529,FR73ABOM130722039,organized,OK,,1250,1943,374,941,0.0,0.925,0.902,2.52,5,data/crops/organized/organized_FR73ABOM130722039_S1_8af0584e14653529.jpg,2026-08-18T13:16:47+00:00
3d90bc3a61eb886b,FR73ABOM140722001,organized,OK,,1136,1803,425,1020,0.0,0.903,0.916,2.4,4,data/crops/organized/organized_FR73ABOM140722001_S1_3d90bc3a61eb886b.jpg,2026-08-18T13:16:48+00:00
aa086746f74bf285,FR73ABOM140722001,organized,OK,,1181,1677,441,1024,0.0,0.812,0.892,2.32,2,data/crops/organized/organized_FR73ABOM140722001_S3_aa086746f74bf285.jpg,2026-08-18T13:16:49+00:00
393628d7e190f37d,FR73ABOM150722001,organized,OK,,2487,1781,484,1135,0.0,0.785,0.945,2.34,2,data/crops/organized/organized_FR73ABOM150722001_P1_393628d7e190f37d.jpg,2026-08-18T13:16:50+00:00
36326f7fe63e79b0,FR73ABOM130722039,organized,OK,,1380,1772,354,902,0.0,0.966,0.881,2.54,4,data/crops/organized/organized_FR73ABOM130722039_S3_36326f7fe63e79b0.jpg,2026-08-18T13:16:51+00:00
8c73ed32b934e0e9,FR73ABOM140722032,organized,OK,,2465,1734,484,1150,0.0,0.803,0.951,2.37,1,data/crops/organized/organized_FR73ABOM140722032_P2_8c73ed32b934e0e9.jpg,2026-08-18T13:16:52+00:00
8d95f8a69d3f4190,FR73ABOM120722027,organized,OK,,2456,1786,428,1054,0.0,0.655,0.923,2.47,1,data/crops/organized/organized_FR73ABOM120722027_P1_8d95f8a69d3f4190.jpg,2026-08-18T13:16:52+00:00
337c438186747838,FR73ABOM130722039,organized,OK,,1429,1782,366,913,0.0,0.956,0.902,2.49,3,data/crops/organized/organized_FR73ABOM130722039_S2_337c438186747838.jpg,2026-08-18T13:16:53+00:00
4e675fbe5fcf77c8,FR73ABOM120722118,organized,OK,,1601,1967,374,862,0.0,0.952,0.906,2.31,2,data/crops/organized/organized_FR73ABOM120722118_S1_4e675fbe5fcf77c8.jpg,2026-08-18T13:16:54+00:00
27fe72491bac5003,FR73ABOM140722001,organized,OK,,1563,1874,433,1000,0.0,0.87,0.849,2.31,3,data/crops/organized/organized_FR73ABOM140722001_S2_27fe72491bac5003.jpg,2026-08-18T13:16:54+00:00
d957e068d0a64a78,CD387804,organized,FAILED,aucune_detection,,,,,,,,,0,,2026-08-18T13:16:55+00:00
2572d3bfae1267ba,FR73ABOM150722006,organized,OK,,1568,1799,902,432,-12.804,0.844,0.919,2.09,4,data/crops/organized/organized_FR73ABOM150722006_S1_2572d3bfae1267ba.jpg,2026-08-18T13:16:56+00:00
eb33be02fc607a5a,FR73ABOM140722011,organized,OK,,1256,1784,378,913,0.0,0.972,0.897,2.42,4,data/crops/organized/organized_FR73ABOM140722011_S3_eb33be02fc607a5a.jpg,2026-08-18T13:16:57+00:00
7fa6762d0826fadb,FR73ABOM130722037,organized,OK,,1169,2012,354,858,0.0,0.955,0.916,2.42,3,data/crops/organized/organized_FR73ABOM130722037_S3_7fa6762d0826fadb.jpg,2026-08-18T13:16:57+00:00
b4f815422fc6b120,FR04ABOM220722060,organized,OK,,1644,2065,421,980,0.0,0.941,0.92,2.33,2,data/crops/organized/organized_FR04ABOM220722060_S2_b4f815422fc6b120.jpg,2026-08-18T13:16:58+00:00
67fc044697f733f7,CD388230b,organized,OK,,2449,1826,109,290,0.0,0.097,0.826,2.65,1,data/crops/organized/organized_CD388230b_P2_67fc044697f733f7.jpg,2026-08-18T13:16:59+00:00
62f764793f95134f,CD388623,organized,OK,,1235,2119,383,937,4.72,0.767,0.891,2.45,3,data/crops/organized/organized_CD388623_S3_62f764793f95134f.jpg,2026-08-18T13:16:59+00:00
0ca3794acd2e957e,CD388623,organized,OK,,1219,1943,391,923,8.13,0.886,0.926,2.36,3,data/crops/organized/organized_CD388623_S2_0ca3794acd2e957e.jpg,2026-08-18T13:17:00+00:00
42d3d5e01ef85982,FR04ABOM220722060,organized,OK,,1683,2010,382,910,0.0,0.967,0.922,2.38,2,data/crops/organized/organized_FR04ABOM220722060_S3_42d3d5e01ef85982.jpg,2026-08-18T13:17:01+00:00
c9e722cb8c4ce84a,CD388821,organized,FAILED,aucune_detection,,,,,,,,,0,,2026-08-18T13:17:01+00:00
f06147c6b60f86b4,FR73ABOM130722037,organized,OK,,1219,2278,343,815,0.0,0.905,0.916,2.38,1,data/crops/organized/organized_FR73ABOM130722037_S2_f06147c6b60f86b4.jpg,2026-08-18T13:17:02+00:00
5d8cf023534ac3e7,FR73ABOM140722011,organized,OK,,1313,1977,378,910,0.0,0.98,0.91,2.41,1,data/crops/organized/organized_FR73ABOM140722011_S2_5d8cf023534ac3e7.jpg,2026-08-18T13:17:03+00:00
c76d46e4f0642cb8,FR73ABOM120722070,organized,OK,,2527,1824,484,1130,0.0,0.41,0.955,2.33,1,data/crops/organized/organized_FR73ABOM120722070_P1_c76d46e4f0642cb8.jpg,2026-08-18T13:17:03+00:00
1ad4ee377c8d268a,CD387804,organized,OK,,2434,1819,114,271,0.0,0.054,0.894,2.38,2,data/crops/organized/organized_CD387804_P1_1ad4ee377c8d268a.jpg,2026-08-18T13:17:04+00:00
c3b56818f9744f37,FR73ABOM150722006,organized,OK,,1583,1895,850,421,-11.056,0.92,0.875,2.02,7,data/crops/organized/organized_FR73ABOM150722006_S2_c3b56818f9744f37.jpg,2026-08-18T13:17:05+00:00
f406e04ce3b29b23,FR04ABOM220722060,organized,OK,,1571,1945,425,992,0.0,0.943,0.907,2.33,2,data/crops/organized/organized_FR04ABOM220722060_S1_f406e04ce3b29b23.jpg,2026-08-18T13:17:06+00:00
04cf882bb7bd4990,CD388230b,organized,OK,,2437,1817,119,294,0.0,0.42,0.883,2.48,1,data/crops/organized/organized_CD388230b_P1_04cf882bb7bd4990.jpg,2026-08-18T13:17:06+00:00
7b19bb1589f04948,CD388623,organized,OK,,1383,2032,420,1011,2.386,0.654,0.923,2.41,4,data/crops/organized/organized_CD388623_S1_7b19bb1589f04948.jpg,2026-08-18T13:17:07+00:00
8db2202063f0c42a,FR73ABOM130722037,organized,OK,,1162,2097,358,843,0.0,0.924,0.922,2.35,4,data/crops/organized/organized_FR73ABOM130722037_S1_8db2202063f0c42a.jpg,2026-08-18T13:17:08+00:00
db7106406a2a4c02,CD388821,organized,OK,,1974,2345,121,253,13.57,0.061,0.54,2.09,1,data/crops/organized/organized_CD388821_P1_db7106406a2a4c02.jpg,2026-08-18T13:17:09+00:00
e87deb68f373f951,FR73ABOM140722011,organized,OK,,1225,2038,374,913,0.0,0.971,0.89,2.44,2,data/crops/organized/organized_FR73ABOM140722011_S1_e87deb68f373f951.jpg,2026-08-18T13:17:09+00:00
e6fc86f8bcdf32e3,FR73ABOM150722006,organized,OK,,1381,1676,880,425,-12.395,0.945,0.929,2.07,2,data/crops/organized/organized_FR73ABOM150722006_S3_e6fc86f8bcdf32e3.jpg,2026-08-18T13:17:11+00:00
744505348b28339c,FR73ABOM120722070,organized,OK,,2491,1807,480,1126,0.0,0.478,0.949,2.35,1,data/crops/organized/organized_FR73ABOM120722070_P2_744505348b28339c.jpg,2026-08-18T13:17:13+00:00
28b43d54e7612dab,CD387804,organized,OK,,992,2047,362,858,0.0,0.733,0.895,2.37,3,data/crops/organized/organized_CD387804_S1_28b43d54e7612dab.jpg,2026-08-18T13:17:13+00:00
3fd6390ca4b55c4c,FR73ABOM150722006,organized,OK,,2458,1766,1076,512,-11.416,0.452,0.911,2.1,1,data/crops/organized/organized_FR73ABOM150722006_P2_3fd6390ca4b55c4c.jpg,2026-08-18T13:17:15+00:00
f8bb98df79635b5e,FR73ABOM120722070,organized,OK,,1447,1904,382,910,0.0,0.977,0.905,2.38,2,data/crops/organized/organized_FR73ABOM120722070_S3_f8bb98df79635b5e.jpg,2026-08-18T13:17:15+00:00
8020177f956dfa97,FR04ABOM220722060,organized,OK,,2434,1848,456,1088,0.0,0.771,0.939,2.39,4,data/crops/organized/organized_FR04ABOM220722060_P1_8020177f956dfa97.jpg,2026-08-18T13:17:16+00:00
b348c135fedcce35,CD388230b,organized,OK,,1047,1858,417,1039,0.0,0.868,0.919,2.49,2,data/crops/organized/organized_CD388230b_S1_b348c135fedcce35.jpg,2026-08-18T13:17:17+00:00
9c273f938a31dcf3,CD388623,organized,OK,,2422,1829,133,314,0.0,0.586,0.913,2.36,2,data/crops/organized/organized_CD388623_P1_9c273f938a31dcf3.jpg,2026-08-18T13:17:18+00:00
ba2eeababaa04c4d,CD388821,organized,OK,,1004,2069,335,850,0.0,0.226,0.897,2.54,2,data/crops/organized/organized_CD388821_S1_ba2eeababaa04c4d.jpg,2026-08-18T13:17:19+00:00
70d16cbe4bd33a81,FR73ABOM130722037,organized,OK,,2446,1796,427,1026,0.0,0.587,0.931,2.4,2,data/crops/organized/organized_FR73ABOM130722037_P1_70d16cbe4bd33a81.jpg,2026-08-18T13:17:20+00:00
42b94d27d52e5fe1,FR73ABOM140722011,organized,OK,,2520,1720,456,1097,0.0,0.848,0.939,2.41,1,data/crops/organized/organized_FR73ABOM140722011_P1_42b94d27d52e5fe1.jpg,2026-08-18T13:17:21+00:00
05e9b91dbea732d6,FR73ABOM120722070,organized,OK,,1427,2014,374,878,0.0,0.958,0.913,2.35,2,data/crops/organized/organized_FR73ABOM120722070_S2_05e9b91dbea732d6.jpg,2026-08-18T13:17:22+00:00
f232c64f59dcab0f,CD387804,organized,OK,,1104,2008,331,768,0.0,0.846,0.911,2.32,5,data/crops/organized/organized_CD387804_S2_f232c64f59dcab0f.jpg,2026-08-18T13:17:23+00:00
8ac56297575d3c1e,FR73ABOM150722006,organized,OK,,2436,1780,1083,515,-9.941,0.621,0.915,2.1,1,data/crops/organized/organized_FR73ABOM150722006_P1_8ac56297575d3c1e.jpg,2026-08-18T13:17:24+00:00
1407d922d000acdd,CD388821,organized,OK,,1059,2187,295,748,0.0,0.724,0.91,2.53,3,data/crops/organized/organized_CD388821_S3_1407d922d000acdd.jpg,2026-08-18T13:17:25+00:00
d5d2c6a8bfdce52a,FR04ABOM220722060,organized,OK,,2444,1826,451,1078,0.0,0.677,0.939,2.39,4,data/crops/organized/organized_FR04ABOM220722060_P2_d5d2c6a8bfdce52a.jpg,2026-08-18T13:17:26+00:00
0fe77d716ff04209,CD388230b,organized,OK,,1254,1923,406,1028,0.0,0.843,0.916,2.53,4,data/crops/organized/organized_CD388230b_S2_0fe77d716ff04209.jpg,2026-08-18T13:17:28+00:00
9880965b57e0a850,CD388230b,organized,OK,,1209,1925,394,1016,0.0,0.912,0.923,2.58,5,data/crops/organized/organized_CD388230b_S3_9880965b57e0a850.jpg,2026-08-18T13:17:28+00:00
07eaf677e35a051e,CD388623,organized,OK,,2411,1831,128,309,0.0,0.426,0.92,2.41,2,data/crops/organized/organized_CD388623_P2_07eaf677e35a051e.jpg,2026-08-18T13:17:29+00:00
009d5a5d4b435a37,FR73ABOM130722037,organized,OK,,2453,1788,432,1031,0.0,0.531,0.946,2.38,3,data/crops/organized/organized_FR73ABOM130722037_P2_009d5a5d4b435a37.jpg,2026-08-18T13:17:30+00:00
8684a46e62359044,CD388821,organized,OK,,1049,2305,311,736,0.0,0.383,0.908,2.37,2,data/crops/organized/organized_CD388821_S2_8684a46e62359044.jpg,2026-08-18T13:17:31+00:00
22f2bd6f54b9f3d5,FR73ABOM140722011,organized,OK,,2487,1774,461,1107,0.0,0.816,0.943,2.4,1,data/crops/organized/organized_FR73ABOM140722011_P2_22f2bd6f54b9f3d5.jpg,2026-08-18T13:17:32+00:00
8a99fd2502017bba,FR73ABOM120722070,organized,OK,,1195,1975,406,965,0.0,0.884,0.898,2.38,2,data/crops/organized/organized_FR73ABOM120722070_S1_8a99fd2502017bba.jpg,2026-08-18T13:17:33+00:00
6e5b5d5301a87460,CD387804,organized,OK,,1124,1973,346,776,0.0,0.757,0.939,2.24,3,data/crops/organized/organized_CD387804_S3_6e5b5d5301a87460.jpg,2026-08-18T13:17:34+00:00
870cea2f15ace640,FR73ABOM150722001,organized,OK,,1398,2109,413,969,0.0,0.828,0.906,2.34,2,data/crops/organized/organized_FR73ABOM150722001_S1_870cea2f15ace640.jpg,2026-08-18T13:17:34+00:00
fd71a4b0daaf24de,FR73ABOM140722032,organized,OK,,1496,1943,429,984,0.0,0.804,0.9,2.29,2,data/crops/organized/organized_FR73ABOM140722032_S2_fd71a4b0daaf24de.jpg,2026-08-18T13:17:35+00:00
c5c9c6055bca1b47,FR73ABOM120722027,organized,OK,,1512,1943,390,953,0.0,0.758,0.892,2.44,3,data/crops/organized/organized_FR73ABOM120722027_S1_c5c9c6055bca1b47.jpg,2026-08-18T13:17:36+00:00
8830f9ba5b2bf61d,FR73ABOM140722032,organized,OK,,1374,2109,437,1008,0.0,0.872,0.912,2.31,3,data/crops/organized/organized_FR73ABOM140722032_S3_8830f9ba5b2bf61d.jpg,2026-08-18T13:17:37+00:00
81342b66b7267600,FR73ABOM130722039,organized,OK,,2415,1807,413,1069,0.0,0.835,0.936,2.59,2,data/crops/organized/organized_FR73ABOM130722039_P2_81342b66b7267600.jpg,2026-08-18T13:17:38+00:00
b710721f6a29fdfc,FR73ABOM120722118,organized,OK,,2503,1772,428,1026,0.0,0.928,0.947,2.4,1,data/crops/organized/organized_FR73ABOM120722118_P1_b710721f6a29fdfc.jpg,2026-08-18T13:17:39+00:00
1647038fb57af8fb,FR73ABOM140722001,organized,OK,,2465,1822,489,1130,0.0,0.728,0.95,2.31,1,data/crops/organized/organized_FR73ABOM140722001_P2_1647038fb57af8fb.jpg,2026-08-18T13:17:39+00:00
2cd186fe86556e3c,FR73ABOM150722001,organized,OK,,1482,2049,413,980,0.0,0.869,0.897,2.37,2,data/crops/organized/organized_FR73ABOM150722001_S2_2cd186fe86556e3c.jpg,2026-08-18T13:17:40+00:00
e973c97c031b822a,FR73ABOM140722032,organized,OK,,1329,1882,441,1020,0.0,0.956,0.891,2.31,2,data/crops/organized/organized_FR73ABOM140722032_S1_e973c97c031b822a.jpg,2026-08-18T13:17:41+00:00
c042be0ae93d490f,FR73ABOM120722027,organized,OK,,1522,2006,382,941,0.0,0.945,0.909,2.46,3,data/crops/organized/organized_FR73ABOM120722027_S2_c042be0ae93d490f.jpg,2026-08-18T13:17:42+00:00
74750c34be6e26a1,FR73ABOM120722027,organized,OK,,1638,2028,370,914,0.0,0.97,0.911,2.47,3,data/crops/organized/organized_FR73ABOM120722027_S3_74750c34be6e26a1.jpg,2026-08-18T13:17:43+00:00
ff0a7b5355720112,FR73ABOM120722118,organized,OK,,2491,1798,423,1012,0.0,0.868,0.949,2.39,1,data/crops/organized/organized_FR73ABOM120722118_P2_ff0a7b5355720112.jpg,2026-08-18T13:17:44+00:00
87bd63f43e4b42fb,FR73ABOM130722039,organized,OK,,2465,1755,413,1054,0.0,0.757,0.939,2.55,1,data/crops/organized/organized_FR73ABOM130722039_P1_87bd63f43e4b42fb.jpg,2026-08-18T13:17:45+00:00
19444645a6327e1c,FR73ABOM150722001,organized,OK,,1362,2046,413,976,0.0,0.888,0.901,2.36,2,data/crops/organized/organized_FR73ABOM150722001_S3_19444645a6327e1c.jpg,2026-08-18T13:17:46+00:00
b99150fc19c8ee25,FR73ABOM140722001,organized,OK,,2451,1755,489,1140,0.0,0.733,0.954,2.33,1,data/crops/organized/organized_FR73ABOM140722001_P1_b99150fc19c8ee25.jpg,2026-08-18T13:17:47+00:00
e33808ab15a46b33,FR73ABOM140722033,organized,OK,,2489,1769,442,1092,0.0,0.846,0.946,2.47,1,data/crops/organized/organized_FR73ABOM140722033_P2_e33808ab15a46b33.jpg,2026-08-18T13:17:47+00:00
f79b9dc0adf9526c,FR73ABOM140722033,organized,OK,,2470,1812,442,1092,0.0,0.824,0.936,2.47,1,data/crops/organized/organized_FR73ABOM140722033_P1_f79b9dc0adf9526c.jpg,2026-08-18T13:17:48+00:00
bcaf28b64cda40ca,FR73ABOM140722015,organized,OK,,2418,1800,475,1083,0.0,0.724,0.944,2.28,1,data/crops/organized/organized_FR73ABOM140722015_P1_bcaf28b64cda40ca.jpg,2026-08-18T13:17:49+00:00
e0569afa30972419,FR73ABOM140722031,organized,OK,,2439,1753,446,1031,0.0,0.853,0.955,2.31,1,data/crops/organized/organized_FR73ABOM140722031_P1_e0569afa30972419.jpg,2026-08-18T13:17:51+00:00
01c6f03b52bee877,CD387770b,organized,OK,,1227,2071,354,823,0.0,0.808,0.92,2.32,2,data/crops/organized/organized_CD387770b_S1_01c6f03b52bee877.jpg,2026-08-18T13:17:52+00:00
94e17d8b6647350d,CD388230c,organized,FAILED,aucune_detection,,,,,,,,,0,,2026-08-18T13:17:53+00:00
bcdaaea3b42e5313,FR73ABOM130722017,organized,OK,,2484,1819,484,1140,0.0,0.733,0.93,2.35,1,data/crops/organized/organized_FR73ABOM130722017_P1_bcdaaea3b42e5313.jpg,2026-08-18T13:17:54+00:00
5de96928e8ed91f8,FR73ABOM140722015,organized,OK,,2463,1786,475,1107,0.0,0.769,0.947,2.33,1,data/crops/organized/organized_FR73ABOM140722015_P2_5de96928e8ed91f8.jpg,2026-08-18T13:17:55+00:00
9f8d21026c9b95e8,CD387770b,organized,OK,,1215,1921,394,925,0.0,0.771,0.91,2.35,3,data/crops/organized/organized_CD387770b_S3_9f8d21026c9b95e8.jpg,2026-08-18T13:17:56+00:00
98f6295bc3c95721,FR73ABOM140722031,organized,OK,,2463,1741,451,1059,0.0,0.686,0.96,2.35,1,data/crops/organized/organized_FR73ABOM140722031_P2_98f6295bc3c95721.jpg,2026-08-18T13:17:57+00:00
3878ef593c93bb55,CD387770b,organized,OK,,1032,1910,394,953,0.0,0.895,0.911,2.42,4,data/crops/organized/organized_CD387770b_S2_3878ef593c93bb55.jpg,2026-08-18T13:17:58+00:00
9476d14318287876,CD388230c,organized,OK,,2420,1867,104,290,0.0,0.197,0.899,2.77,1,data/crops/organized/organized_CD388230c_P2_9476d14318287876.jpg,2026-08-18T13:17:58+00:00
673559e87151caa2,FR73ABOM130722017,organized,OK,,2491,1803,480,1135,0.0,0.789,0.932,2.37,1,data/crops/organized/organized_FR73ABOM130722017_P2_673559e87151caa2.jpg,2026-08-18T13:17:59+00:00
e4aeabc3df05d056,FR73ABOM200722032,organized,OK,,2456,1776,456,1112,0.0,0.674,0.94,2.44,2,data/crops/organized/organized_FR73ABOM200722032_P1_e4aeabc3df05d056.jpg,2026-08-18T13:18:00+00:00
6683b64a1f286602,Polset_1,organized,OK,,2425,1843,114,271,0.0,0.499,0.871,2.38,1,data/crops/organized/organized_Polset_1_P2_6683b64a1f286602.jpg,2026-08-18T13:18:01+00:00
21fcd7366c5317fb,FR73ABOM120722090,organized,OK,,1124,1971,374,870,0.0,0.956,0.93,2.33,3,data/crops/organized/organized_FR73ABOM120722090_S2_21fcd7366c5317fb.jpg,2026-08-18T13:18:02+00:00
7c400a9e2ad1a3da,FR73ABOM120722090,organized,OK,,1053,1986,366,823,0.0,0.986,0.886,2.25,2,data/crops/organized/organized_FR73ABOM120722090_S3_7c400a9e2ad1a3da.jpg,2026-08-18T13:18:03+00:00
e22d281c556948b2,CD388623c,organized,OK,,2446,1814,133,285,0.0,0.089,0.901,2.14,1,data/crops/organized/organized_CD388623c_P2_e22d281c556948b2.jpg,2026-08-18T13:18:04+00:00
393285403c116954,CollecYvan15,organized,OK,,2401,1736,489,1126,0.0,0.465,0.925,2.3,2,data/crops/organized/organized_CollecYvan15_P2_393285403c116954.jpg,2026-08-18T13:18:05+00:00
b482aa691b4451d8,FR74ABOM160722015,organized,OK,,2432,1750,385,998,0.0,0.95,0.925,2.59,1,data/crops/organized/organized_FR74ABOM160722015_P1_b482aa691b4451d8.jpg,2026-08-18T13:18:06+00:00
067982f7eddc86bc,FR73ABOM200722032,organized,OK,,2496,1746,451,1107,0.0,0.562,0.94,2.45,2,data/crops/organized/organized_FR73ABOM200722032_P2_067982f7eddc86bc.jpg,2026-08-18T13:18:07+00:00
69ae4f428ff53ce3,Polset_1,organized,OK,,2406,1852,114,271,0.0,0.436,0.846,2.38,1,data/crops/organized/organized_Polset_1_P1_69ae4f428ff53ce3.jpg,2026-08-18T13:18:07+00:00
bd20f63a4f5ad9ac,FR73ABOM120722090,organized,OK,,1272,1860,374,890,0.0,0.98,0.89,2.38,4,data/crops/organized/organized_FR73ABOM120722090_S1_bd20f63a4f5ad9ac.jpg,2026-08-18T13:18:08+00:00
293ee473e3a80f34,CD388623c,organized,OK,,2458,1810,114,271,0.0,0.103,0.882,2.37,1,data/crops/organized/organized_CD388623c_P1_293ee473e3a80f34.jpg,2026-08-18T13:18:09+00:00
b82e5243b358907f,CollecYvan15,organized,OK,,2494,1746,470,1130,0.0,0.157,0.936,2.4,1,data/crops/organized/organized_CollecYvan15_P1_b82e5243b358907f.jpg,2026-08-18T13:18:10+00:00
d9da96bac849c80d,FR74ABOM160722015,organized,OK,,2411,1786,380,993,0.0,0.908,0.922,2.61,1,data/crops/organized/organized_FR74ABOM160722015_P2_d9da96bac849c80d.jpg,2026-08-18T13:18:11+00:00
b6e4e2744bf9569d,FR04ABOM220722087,organized,OK,,1213,1876,398,866,0.0,0.843,0.908,2.18,3,data/crops/organized/organized_FR04ABOM220722087_S3_b6e4e2744bf9569d.jpg,2026-08-18T13:18:12+00:00
28ec66e47c4138f7,FR73ABOM140722009,organized,OK,,1449,1776,402,929,0.0,0.826,0.923,2.31,2,data/crops/organized/organized_FR73ABOM140722009_S1_28ec66e47c4138f7.jpg,2026-08-18T13:18:12+00:00
bb316ab9d0030c2e,CD388623d,organized,OK,,1339,1996,362,843,0.0,0.939,0.905,2.33,5,data/crops/organized/organized_CD388623d_S1_bb316ab9d0030c2e.jpg,2026-08-18T13:18:13+00:00
73f2852198ce4133,FR73ABOM130722002,organized,OK,,2487,1662,418,964,0.0,0.239,0.908,2.31,1,data/crops/organized/organized_FR73ABOM130722002_P1_73f2852198ce4133.jpg,2026-08-18T13:18:14+00:00
0a90c4c53a2db8d1,CollecYvan17,organized,OK,,2437,1776,1119,473,-7.431,0.54,0.893,2.36,1,data/crops/organized/organized_CollecYvan17_P1_0a90c4c53a2db8d1.jpg,2026-08-18T13:18:14+00:00
29f0e33da3a4ad7a,FR04ABOM220722087,organized,OK,,1508,1819,433,969,0.0,0.804,0.919,2.24,3,data/crops/organized/organized_FR04ABOM220722087_S2_29f0e33da3a4ad7a.jpg,2026-08-18T13:18:15+00:00
8bd556b4c3594a12,FR73ABOM140722009,organized,OK,,1242,1764,378,878,0.0,0.801,0.923,2.32,1,data/crops/organized/organized_FR73ABOM140722009_S2_8bd556b4c3594a12.jpg,2026-08-18T13:18:16+00:00
88b544b1a4744832,CD388623d,organized,OK,,1095,2002,335,795,0.0,0.976,0.936,2.38,3,data/crops/organized/organized_CD388623d_S3_88b544b1a4744832.jpg,2026-08-18T13:18:17+00:00
745d48d30f9266d6,CD388623d,organized,OK,,1112,2006,350,839,0.0,0.979,0.924,2.39,3,data/crops/organized/organized_CD388623d_S2_745d48d30f9266d6.jpg,2026-08-18T13:18:17+00:00
ad0a70f515725c1c,FR73ABOM130722002,organized,OK,,2451,1736,432,998,0.0,0.581,0.915,2.31,1,data/crops/organized/organized_FR73ABOM130722002_P2_ad0a70f515725c1c.jpg,2026-08-18T13:18:18+00:00
625070df31bea092,CollecYvan17,organized,OK,,2477,1762,1088,471,-8.202,0.37,0.901,2.31,1,data/crops/organized/organized_CollecYvan17_P2_625070df31bea092.jpg,2026-08-18T13:18:19+00:00
a5fc5955ee5779e7,FR73ABOM140722009,organized,OK,,1183,1786,390,902,0.0,0.912,0.929,2.31,2,data/crops/organized/organized_FR73ABOM140722009_S3_a5fc5955ee5779e7.jpg,2026-08-18T13:18:20+00:00
ed096121e696ee8e,FR04ABOM220722087,organized,OK,,1480,1860,437,953,0.0,0.683,0.898,2.18,2,data/crops/organized/organized_FR04ABOM220722087_S1_ed096121e696ee8e.jpg,2026-08-18T13:18:20+00:00
4dc56328273efa2c,CollecYvan16,organized,OK,,1384,1888,327,697,0.0,0.977,0.877,2.13,5,data/crops/organized/organized_CollecYvan16_S1_4dc56328273efa2c.jpg,2026-08-18T13:18:21+00:00
6fb9c6c9740eddcd,FR74ABOM160722001,organized,OK,,2463,1738,456,1078,0.0,0.616,0.92,2.36,2,data/crops/organized/organized_FR74ABOM160722001_P2_6fb9c6c9740eddcd.jpg,2026-08-18T13:18:22+00:00
ac5a63fcf531ca80,ABAURA5667,organized,OK,,2439,1841,508,1192,0.0,0.567,0.912,2.35,1,data/crops/organized/organized_ABAURA5667_P2_ac5a63fcf531ca80.jpg,2026-08-18T13:18:23+00:00
57908d6ff72ccb9a,CollecYvan16,organized,OK,,1272,1823,323,669,0.0,0.942,0.863,2.07,2,data/crops/organized/organized_CollecYvan16_S2_57908d6ff72ccb9a.jpg,2026-08-18T13:18:23+00:00
00572780db9e4dc8,FR74ABOM160722001,organized,OK,,2491,1755,451,1078,0.0,0.713,0.933,2.39,1,data/crops/organized/organized_FR74ABOM160722001_P1_00572780db9e4dc8.jpg,2026-08-18T13:18:24+00:00
fa787b59ecfe7afa,CollecYvan16,organized,OK,,1266,1732,331,673,0.0,0.976,0.878,2.04,2,data/crops/organized/organized_CollecYvan16_S3_fa787b59ecfe7afa.jpg,2026-08-18T13:18:25+00:00
b65c91f3f7307c39,ABAURA5667,organized,OK,,2475,1852,513,1197,0.0,0.617,0.912,2.33,1,data/crops/organized/organized_ABAURA5667_P1_b65c91f3f7307c39.jpg,2026-08-18T13:18:25+00:00
f67f9b43f9658763,CollecYvan18,organized,OK,,1223,2004,331,847,0.0,0.983,0.922,2.56,2,data/crops/organized/organized_CollecYvan18_S2_f67f9b43f9658763.jpg,2026-08-18T13:18:26+00:00
4db50ccdb8005c62,CD388623b,organized,OK,,945,1860,335,850,0.0,0.981,0.893,2.54,2,data/crops/organized/organized_CD388623b_S2_4db50ccdb8005c62.jpg,2026-08-18T13:18:27+00:00
d0700f200f2c5bc5,FR73ABOM130722001,organized,OK,,1136,1801,421,933,0.0,0.686,0.927,2.21,3,data/crops/organized/organized_FR73ABOM130722001_S2_d0700f200f2c5bc5.jpg,2026-08-18T13:18:27+00:00
e24544d3d5888157,CollecYvan14,organized,OK,,1506,2036,394,886,0.0,0.812,0.894,2.25,3,data/crops/organized/organized_CollecYvan14_S2_e24544d3d5888157.jpg,2026-08-18T13:18:28+00:00
83e7323d015f803a,CollecYvan14,organized,OK,,1469,2069,390,898,0.0,0.89,0.901,2.3,1,data/crops/organized/organized_CollecYvan14_S3_83e7323d015f803a.jpg,2026-08-18T13:18:29+00:00
9dc1eda0612e8d85,FR74ABOM170722014,organized,OK,,2453,1753,446,1126,0.0,0.901,0.927,2.52,1,data/crops/organized/organized_FR74ABOM170722014_P2_9dc1eda0612e8d85.jpg,2026-08-18T13:18:29+00:00
9e1ff8f2de96a9b5,FR73ABOM130722001,organized,OK,,1101,1874,410,933,0.0,0.891,0.939,2.28,2,data/crops/organized/organized_FR73ABOM130722001_S3_9e1ff8f2de96a9b5.jpg,2026-08-18T13:18:30+00:00
9054a63cba6ba1cc,CD388408,organized,OK,,1144,1427,327,776,0.0,0.939,0.924,2.37,3,data/crops/organized/organized_CD388408_S1_9054a63cba6ba1cc.jpg,2026-08-18T13:18:31+00:00
aa8564381c70d229,CD388623b,organized,OK,,1262,1876,350,894,0.0,0.976,0.878,2.55,3,data/crops/organized/organized_CD388623b_S3_aa8564381c70d229.jpg,2026-08-18T13:18:32+00:00
27168bd2dee30ff2,CollecYvan18,organized,OK,,1225,1967,327,811,0.0,0.975,0.905,2.48,2,data/crops/organized/organized_CollecYvan18_S3_27168bd2dee30ff2.jpg,2026-08-18T13:18:32+00:00
4f1ea543572279ac,CollecYvan18,organized,OK,,1341,2024,346,870,0.0,0.948,0.92,2.51,3,data/crops/organized/organized_CollecYvan18_S1_4f1ea543572279ac.jpg,2026-08-18T13:18:33+00:00
7c9b14365ea62f7e,CD388623b,organized,OK,,1118,2007,900,351,-0.377,0.958,0.903,2.56,2,data/crops/organized/organized_CD388623b_S1_7c9b14365ea62f7e.jpg,2026-08-18T13:18:33+00:00
2d2ad34274b004a2,CD388408,organized,OK,,1207,1878,276,650,0.0,0.959,0.92,2.36,4,data/crops/organized/organized_CD388408_S3_2d2ad34274b004a2.jpg,2026-08-18T13:18:34+00:00
89b47102a01c3f57,FR73ABOM130722001,organized,OK,,1223,1839,394,886,0.0,0.932,0.922,2.25,2,data/crops/organized/organized_FR73ABOM130722001_S1_89b47102a01c3f57.jpg,2026-08-18T13:18:35+00:00
43cf0de6d812759e,CollecYvan14,organized,OK,,1382,2006,398,937,0.0,0.711,0.88,2.36,3,data/crops/organized/organized_CollecYvan14_S1_43cf0de6d812759e.jpg,2026-08-18T13:18:36+00:00
7cb5e0d9b0ebe3e8,FR74ABOM170722014,organized,OK,,2465,1741,451,1102,0.0,0.8,0.933,2.44,1,data/crops/organized/organized_FR74ABOM170722014_P1_7cb5e0d9b0ebe3e8.jpg,2026-08-18T13:18:36+00:00
4cb5b113b48d5bba,CD388408,organized,OK,,1451,1805,295,705,0.0,0.87,0.894,2.39,5,data/crops/organized/organized_CD388408_S2_4cb5b113b48d5bba.jpg,2026-08-18T13:18:37+00:00
668983b69ae7a068,CollecYvan18,organized,OK,,2420,1760,442,1088,0.0,0.879,0.915,2.46,1,data/crops/organized/organized_CollecYvan18_P1_668983b69ae7a068.jpg,2026-08-18T13:18:38+00:00
7a9c3f3831c37cfe,CD388623b,organized,OK,,2408,1845,109,294,0.0,0.38,0.856,2.7,2,data/crops/organized/organized_CD388623b_P1_7a9c3f3831c37cfe.jpg,2026-08-18T13:18:38+00:00
b048841b3bd41b97,CollecYvan14,organized,OK,,2392,1836,480,1097,0.0,0.443,0.936,2.29,1,data/crops/organized/organized_CollecYvan14_P1_b048841b3bd41b97.jpg,2026-08-18T13:18:39+00:00
a2245dee4fde772d,FR73ABOM130722001,organized,OK,,2456,1755,470,1054,0.0,0.765,0.943,2.24,1,data/crops/organized/organized_FR73ABOM130722001_P1_a2245dee4fde772d.jpg,2026-08-18T13:18:40+00:00
57906dd018b512de,FR74ABOM170722014,organized,OK,,1116,1931,390,941,0.0,0.864,0.928,2.41,3,data/crops/organized/organized_FR74ABOM170722014_S1_57906dd018b512de.jpg,2026-08-18T13:18:40+00:00
939af5217b3adbf5,CD388408,organized,OK,,2477,1872,95,261,0.0,0.23,0.765,2.75,1,data/crops/organized/organized_CD388408_P2_939af5217b3adbf5.jpg,2026-08-18T13:18:41+00:00
8c97c3219c52cc56,CollecYvan18,organized,OK,,2396,1767,437,1107,0.0,0.761,0.906,2.53,1,data/crops/organized/organized_CollecYvan18_P2_8c97c3219c52cc56.jpg,2026-08-18T13:18:42+00:00
4864dc95934356e6,CD388623b,organized,OK,,2387,1845,109,290,0.0,0.117,0.832,2.65,4,data/crops/organized/organized_CD388623b_P2_4864dc95934356e6.jpg,2026-08-18T13:18:43+00:00
eefcef496c1fbf62,CollecYvan14,organized,OK,,2389,1800,484,1092,0.0,0.314,0.939,2.25,1,data/crops/organized/organized_CollecYvan14_P2_eefcef496c1fbf62.jpg,2026-08-18T13:18:43+00:00
4c6f90a485538c28,FR74ABOM170722014,organized,OK,,1258,1717,386,910,0.0,0.864,0.926,2.36,4,data/crops/organized/organized_FR74ABOM170722014_S3_4c6f90a485538c28.jpg,2026-08-18T13:18:44+00:00
ef24eeb981df354d,FR73ABOM130722001,organized,OK,,2456,1746,470,1045,0.0,0.756,0.942,2.22,1,data/crops/organized/organized_FR73ABOM130722001_P2_ef24eeb981df354d.jpg,2026-08-18T13:18:44+00:00
00996352b4991156,FR74ABOM170722014,organized,OK,,1197,1904,390,945,0.0,0.777,0.938,2.42,2,data/crops/organized/organized_FR74ABOM170722014_S2_00996352b4991156.jpg,2026-08-18T13:18:45+00:00
39241296af08b894,CD388408,organized,OK,,2434,1855,100,242,0.0,0.102,0.803,2.43,1,data/crops/organized/organized_CD388408_P1_39241296af08b894.jpg,2026-08-18T13:18:46+00:00
bf12a9b67e2785e0,CollecYvan16,organized,OK,,2382,1746,423,898,0.0,0.863,0.902,2.12,1,data/crops/organized/organized_CollecYvan16_P2_bf12a9b67e2785e0.jpg,2026-08-18T13:18:47+00:00
cbc47a7e9add6c49,FR74ABOM160722001,organized,OK,,1118,1831,394,921,0.0,0.73,0.93,2.34,3,data/crops/organized/organized_FR74ABOM160722001_S1_cbc47a7e9add6c49.jpg,2026-08-18T13:18:47+00:00
10a9ebbc0b0b8c4d,ABAURA5667,organized,OK,,1242,1910,409,933,0.0,0.835,0.875,2.28,2,data/crops/organized/organized_ABAURA5667_S1_10a9ebbc0b0b8c4d.jpg,2026-08-18T13:18:48+00:00
6f88a7a1d0e539c3,ABAURA5667,organized,OK,,1402,1734,382,874,0.0,0.958,0.894,2.29,2,data/crops/organized/organized_ABAURA5667_S3_6f88a7a1d0e539c3.jpg,2026-08-18T13:18:49+00:00
4cbe479796b954c7,CollecYvan16,organized,OK,,2358,1769,423,907,0.0,0.899,0.925,2.15,1,data/crops/organized/organized_CollecYvan16_P1_4cbe479796b954c7.jpg,2026-08-18T13:18:49+00:00
5a3df458615fe613,FR74ABOM160722001,organized,OK,,1282,1977,394,925,0.0,0.843,0.921,2.35,2,data/crops/organized/organized_FR74ABOM160722001_S2_5a3df458615fe613.jpg,2026-08-18T13:18:50+00:00
8b5bab757f7ff7cc,FR74ABOM160722001,organized,OK,,1132,1858,394,941,0.0,0.863,0.927,2.39,2,data/crops/organized/organized_FR74ABOM160722001_S3_8b5bab757f7ff7cc.jpg,2026-08-18T13:18:51+00:00
75bb96e4b9daabfb,ABAURA5667,organized,OK,,1305,1782,382,949,0.0,0.958,0.886,2.48,2,data/crops/organized/organized_ABAURA5667_S2_75bb96e4b9daabfb.jpg,2026-08-18T13:18:52+00:00
523de63a3c1c65d1,FR73ABOM140722009,organized,OK,,2480,1724,466,1092,0.0,0.533,0.931,2.35,2,data/crops/organized/organized_FR73ABOM140722009_P2_523de63a3c1c65d1.jpg,2026-08-18T13:18:53+00:00
7df7eb1391189bca,FR73ABOM130722002,organized,OK,,1165,1707,319,748,0.0,0.975,0.913,2.35,2,data/crops/organized/organized_FR73ABOM130722002_S3_7df7eb1391189bca.jpg,2026-08-18T13:18:53+00:00
ee9e7e3f7d787fdd,CollecYvan17,organized,OK,,1490,1794,850,369,-8.664,0.977,0.893,2.3,3,data/crops/organized/organized_CollecYvan17_S3_ee9e7e3f7d787fdd.jpg,2026-08-18T13:18:54+00:00
cade8e63aba3c605,CD388623d,organized,OK,,2451,1793,100,247,0.0,0.373,0.83,2.48,1,data/crops/organized/organized_CD388623d_P2_cade8e63aba3c605.jpg,2026-08-18T13:18:55+00:00
2ac45efeca6d05a9,CollecYvan17,organized,OK,,1394,1891,857,374,-9.111,0.982,0.884,2.29,2,data/crops/organized/organized_CollecYvan17_S2_2ac45efeca6d05a9.jpg,2026-08-18T13:18:56+00:00
f5b8a1951a1242ed,FR73ABOM130722002,organized,OK,,1309,2020,339,784,0.0,0.98,0.921,2.31,2,data/crops/organized/organized_FR73ABOM130722002_S2_f5b8a1951a1242ed.jpg,2026-08-18T13:18:56+00:00
e2713617e753ff1c,FR04ABOM220722087,organized,OK,,2468,1700,494,1050,0.0,0.358,0.909,2.12,2,data/crops/organized/organized_FR04ABOM220722087_P1_e2713617e753ff1c.jpg,2026-08-18T13:18:57+00:00
6a9a972528903ec7,FR73ABOM140722009,organized,OK,,2494,1724,465,1083,0.0,0.581,0.932,2.33,2,data/crops/organized/organized_FR73ABOM140722009_P1_6a9a972528903ec7.jpg,2026-08-18T13:18:58+00:00
dbf8b670371ae2a4,CD388623d,organized,OK,,2446,1788,100,247,0.0,0.351,0.852,2.48,1,data/crops/organized/organized_CD388623d_P1_dbf8b670371ae2a4.jpg,2026-08-18T13:18:58+00:00
c7159f3fdab919ff,CollecYvan17,organized,OK,,1359,1946,882,387,-9.372,0.971,0.891,2.28,2,data/crops/organized/organized_CollecYvan17_S1_c7159f3fdab919ff.jpg,2026-08-18T13:18:59+00:00
0d7acfb8d65eebf2,FR73ABOM130722002,organized,OK,,1083,1758,350,819,0.0,0.869,0.921,2.34,2,data/crops/organized/organized_FR73ABOM130722002_S1_0d7acfb8d65eebf2.jpg,2026-08-18T13:18:59+00:00
04370f8a6cbf75d9,FR04ABOM220722087,organized,OK,,2487,1717,489,1107,0.0,0.722,0.936,2.26,1,data/crops/organized/organized_FR04ABOM220722087_P2_04370f8a6cbf75d9.jpg,2026-08-18T13:19:00+00:00
9ff58c3e71990a1e,FR74ABOM160722015,organized,OK,,1075,2022,311,787,0.0,0.968,0.903,2.53,2,data/crops/organized/organized_FR74ABOM160722015_S3_9ff58c3e71990a1e.jpg,2026-08-18T13:19:01+00:00
441b3cdaa69ed412,FR73ABOM200722032,organized,OK,,1327,1817,366,843,0.0,0.864,0.907,2.3,2,data/crops/organized/organized_FR73ABOM200722032_S2_441b3cdaa69ed412.jpg,2026-08-18T13:19:02+00:00
3f8be6548c4dc338,FR73ABOM120722090,organized,OK,,2480,1731,432,998,0.0,0.619,0.924,2.31,1,data/crops/organized/organized_FR73ABOM120722090_P1_3f8be6548c4dc338.jpg,2026-08-18T13:19:02+00:00
6ba6af94c2bdc151,Polset_1,organized,OK,,1225,2073,382,858,0.0,0.956,0.887,2.25,3,data/crops/organized/organized_Polset_1_S1_6ba6af94c2bdc151.jpg,2026-08-18T13:19:03+00:00
47076ee2b2d15c35,CD388623c,organized,OK,,1339,2140,343,827,0.0,0.923,0.901,2.41,4,data/crops/organized/organized_CD388623c_S1_47076ee2b2d15c35.jpg,2026-08-18T13:19:04+00:00
798c128ae6a40876,CollecYvan15,organized,OK,,1386,1894,402,921,0.0,0.944,0.91,2.29,2,data/crops/organized/organized_CollecYvan15_S1_798c128ae6a40876.jpg,2026-08-18T13:19:04+00:00
c80642feba041457,FR73ABOM200722032,organized,OK,,1209,1896,335,787,0.0,0.956,0.92,2.35,3,data/crops/organized/organized_FR73ABOM200722032_S3_c80642feba041457.jpg,2026-08-18T13:19:05+00:00
c78082f8629115b9,FR74ABOM160722015,organized,OK,,1329,1975,295,768,0.0,0.978,0.886,2.6,2,data/crops/organized/organized_FR74ABOM160722015_S2_c78082f8629115b9.jpg,2026-08-18T13:19:06+00:00
87fc421c0d3942ac,FR73ABOM200722032,organized,OK,,1130,1748,378,898,0.0,0.754,0.916,2.37,2,data/crops/organized/organized_FR73ABOM200722032_S1_87fc421c0d3942ac.jpg,2026-08-18T13:19:07+00:00
80560ebf7e89bef9,CollecYvan15,organized,OK,,1356,1817,406,902,0.0,0.885,0.895,2.22,3,data/crops/organized/organized_CollecYvan15_S3_80560ebf7e89bef9.jpg,2026-08-18T13:19:07+00:00
63b501fa72e7e7ae,FR73ABOM120722090,organized,OK,,2456,1774,432,1007,0.0,0.843,0.914,2.33,1,data/crops/organized/organized_FR73ABOM120722090_P2_63b501fa72e7e7ae.jpg,2026-08-18T13:19:08+00:00
a6585c61cce6467c,Polset_1,organized,OK,,1146,2010,358,811,0.0,0.981,0.897,2.26,3,data/crops/organized/organized_Polset_1_S2_a6585c61cce6467c.jpg,2026-08-18T13:19:09+00:00
85b05a9e3cc50779,CD388623c,organized,OK,,1260,2067,323,827,0.0,0.945,0.915,2.56,5,data/crops/organized/organized_CD388623c_S3_85b05a9e3cc50779.jpg,2026-08-18T13:19:09+00:00
7865ec362c9a247c,Polset_1,organized,OK,,1091,2053,343,772,0.0,0.965,0.884,2.25,3,data/crops/organized/organized_Polset_1_S3_7865ec362c9a247c.jpg,2026-08-18T13:19:10+00:00
82434bb284084e47,CD388623c,organized,OK,,1193,2077,335,850,0.0,0.954,0.909,2.54,4,data/crops/organized/organized_CD388623c_S2_82434bb284084e47.jpg,2026-08-18T13:19:11+00:00
43259bc7f9922f53,CollecYvan15,organized,OK,,1354,2051,394,866,0.0,0.917,0.883,2.2,3,data/crops/organized/organized_CollecYvan15_S2_43259bc7f9922f53.jpg,2026-08-18T13:19:12+00:00
be38d5906cb4ab9b,FR74ABOM160722015,organized,OK,,1049,1736,283,721,0.0,0.981,0.9,2.54,2,data/crops/organized/organized_FR74ABOM160722015_S1_be38d5906cb4ab9b.jpg,2026-08-18T13:19:13+00:00
c82b93199fb9ccc6,FR73ABOM140722026,organized,OK,,2392,1807,708,1601,0.0,0.577,0.919,2.26,1,data/crops/organized/organized_FR73ABOM140722026_P2_c82b93199fb9ccc6.jpg,2026-08-18T13:19:14+00:00
d616aaa6180fb8c8,FR73ABOM140722026,organized,OK,,2366,1819,703,1596,0.0,0.451,0.913,2.27,1,data/crops/organized/organized_FR73ABOM140722026_P1_d616aaa6180fb8c8.jpg,2026-08-18T13:19:15+00:00
7c72863822f83d26,FR73ABOM140722026,organized,OK,,1451,1500,551,1248,0.0,0.771,0.913,2.26,1,data/crops/organized/organized_FR73ABOM140722026_S1_7c72863822f83d26.jpg,2026-08-18T13:19:16+00:00
ded239e3f1ef0f61,FR73ABOM140722026,organized,OK,,1402,1542,547,1236,0.0,0.887,0.898,2.26,1,data/crops/organized/organized_FR73ABOM140722026_S3_ded239e3f1ef0f61.jpg,2026-08-18T13:19:17+00:00
83b782c61bfb19c7,FR73ABOM140722026,organized,OK,,1323,1644,547,1236,0.0,0.84,0.896,2.26,1,data/crops/organized/organized_FR73ABOM140722026_S2_83b782c61bfb19c7.jpg,2026-08-18T13:19:18+00:00
d6fa5ee78afd7ec8,NoName10,organized,OK,,1236,2105,350,835,0.0,0.967,0.893,2.38,2,data/crops/organized/organized_NoName10_S1_d6fa5ee78afd7ec8.jpg,2026-08-18T13:19:19+00:00
488370b449b0b93f,FR15_ABOM30072020042,organized,OK,,2477,1784,461,1069,0.0,0.907,0.927,2.32,1,data/crops/organized/organized_FR15_ABOM30072020042_P1_488370b449b0b93f.jpg,2026-08-18T13:19:19+00:00
5701ed9773484541,FR15_ABOM30072020036,organized,OK,,1341,1920,398,996,0.0,0.951,0.895,2.5,2,data/crops/organized/organized_FR15_ABOM30072020036_S1_5701ed9773484541.jpg,2026-08-18T13:19:20+00:00
71dc6d0d508e82b0,NoName9,organized,OK,,2430,1791,408,1059,0.0,0.92,0.929,2.59,1,data/crops/organized/organized_NoName9_P1_71dc6d0d508e82b0.jpg,2026-08-18T13:19:21+00:00
d2c741e3d7fcba10,FR15_ABOM25082020010,organized,OK,,1197,1986,366,921,0.0,0.765,0.894,2.52,2,data/crops/organized/organized_FR15_ABOM25082020010_S3_d2c741e3d7fcba10.jpg,2026-08-18T13:19:22+00:00
0a09f0b3870a1cab,15L2021-1585,organized,OK,,2470,1677,446,1016,0.0,0.868,0.911,2.28,1,data/crops/organized/organized_15L2021-1585_P2_0a09f0b3870a1cab.jpg,2026-08-18T13:19:23+00:00
0f705e15905e11c7,FR15_ABOM09082020078,organized,OK,,2482,1786,465,1126,0.0,0.891,0.928,2.42,1,data/crops/organized/organized_FR15_ABOM09082020078_P1_0f705e15905e11c7.jpg,2026-08-18T13:19:24+00:00
a39ea3f3d5bd44bd,FR15_ABOM17082020015,organized,OK,,2468,1760,451,1097,0.0,0.819,0.931,2.43,1,data/crops/organized/organized_FR15_ABOM17082020015_P1_a39ea3f3d5bd44bd.jpg,2026-08-18T13:19:25+00:00
45be788699fd0b26,FR15_ABOM25082020007,organized,OK,,2499,1758,1099,513,-2.463,0.598,0.92,2.14,1,data/crops/organized/organized_FR15_ABOM25082020007_P2_45be788699fd0b26.jpg,2026-08-18T13:19:26+00:00
6d3995e1b8c8e548,FR15_ABOM25082020010,organized,OK,,1244,1849,358,913,0.0,0.764,0.913,2.55,2,data/crops/organized/organized_FR15_ABOM25082020010_S2_6d3995e1b8c8e548.jpg,2026-08-18T13:19:26+00:00
fd5e578d0f228a0f,NoName10,organized,OK,,1482,2093,343,815,0.0,0.968,0.88,2.38,3,data/crops/organized/organized_NoName10_S2_fd5e578d0f228a0f.jpg,2026-08-18T13:19:27+00:00
96cd4e36adab647f,FR15_ABOM30072020042,organized,OK,,2484,1757,456,1064,0.0,0.846,0.931,2.33,1,data/crops/organized/organized_FR15_ABOM30072020042_P2_96cd4e36adab647f.jpg,2026-08-18T13:19:28+00:00
6eae9e275cc5423f,FR15_ABOM30072020036,organized,OK,,1264,2004,386,929,0.0,0.927,0.915,2.41,2,data/crops/organized/organized_FR15_ABOM30072020036_S2_6eae9e275cc5423f.jpg,2026-08-18T13:19:29+00:00
203f900cf742810f,NoName9,organized,OK,,2420,1781,418,1078,0.0,0.896,0.91,2.58,1,data/crops/organized/organized_NoName9_P2_203f900cf742810f.jpg,2026-08-18T13:19:29+00:00
ebe7d1fc0754204f,15L2021-1585,organized,OK,,2325,1765,442,1021,0.0,0.975,0.921,2.31,1,data/crops/organized/organized_15L2021-1585_P1_ebe7d1fc0754204f.jpg,2026-08-18T13:19:30+00:00
d78ec10fc972c200,FR15_ABOM09082020078,organized,OK,,2456,1781,466,1140,0.0,0.94,0.932,2.45,1,data/crops/organized/organized_FR15_ABOM09082020078_P2_d78ec10fc972c200.jpg,2026-08-18T13:19:32+00:00
70451f2b575c4a05,FR15_ABOM17082020015,organized,OK,,2498,1719,437,1092,0.0,0.822,0.94,2.5,1,data/crops/organized/organized_FR15_ABOM17082020015_P2_70451f2b575c4a05.jpg,2026-08-18T13:19:33+00:00
d9b67d5517603d76,FR15_ABOM25082020007,organized,OK,,2482,1750,508,1116,0.0,0.565,0.921,2.2,1,data/crops/organized/organized_FR15_ABOM25082020007_P1_d9b67d5517603d76.jpg,2026-08-18T13:19:34+00:00
4ae68924d19005a5,FR15_ABOM25082020010,organized,OK,,1173,1900,350,913,0.0,0.951,0.902,2.61,2,data/crops/organized/organized_FR15_ABOM25082020010_S1_4ae68924d19005a5.jpg,2026-08-18T13:19:34+00:00
7badd54882c457c3,FR15_ABOM30072020036,organized,OK,,1280,2055,394,961,0.0,0.948,0.89,2.44,2,data/crops/organized/organized_FR15_ABOM30072020036_S3_7badd54882c457c3.jpg,2026-08-18T13:19:36+00:00
5b8d704833742823,NoName10,organized,OK,,1205,1984,331,795,0.0,0.971,0.903,2.4,2,data/crops/organized/organized_NoName10_S3_5b8d704833742823.jpg,2026-08-18T13:19:37+00:00
c1d7138c7deb2096,FR15ABOM210821174,organized,OK,,2406,1822,442,1097,0.0,0.927,0.922,2.48,1,data/crops/organized/organized_FR15ABOM210821174_P1_c1d7138c7deb2096.jpg,2026-08-18T13:19:38+00:00
8ba5b501cfcfd92e,NoName12,organized,OK,,1536,1872,382,929,0.0,0.845,0.912,2.43,3,data/crops/organized/organized_NoName12_S2_8ba5b501cfcfd92e.jpg,2026-08-18T13:19:38+00:00
15886667a0c67ff2,NoName12,organized,OK,,1333,1939,382,957,0.0,0.915,0.891,2.51,3,data/crops/organized/organized_NoName12_S3_15886667a0c67ff2.jpg,2026-08-18T13:19:39+00:00
88125f100cd03622,FR15ABOM210821128,organized,OK,,1482,1801,343,839,0.0,0.989,0.875,2.45,3,data/crops/organized/organized_FR15ABOM210821128_S1_88125f100cd03622.jpg,2026-08-18T13:19:40+00:00
ae0a4faedcfbfb4b,15G2021-1200,organized,OK,,2437,1788,461,1045,0.0,0.917,0.936,2.27,1,data/crops/organized/organized_15G2021-1200_P1_ae0a4faedcfbfb4b.jpg,2026-08-18T13:19:41+00:00
ccb572e950f85b4c,FR15ABOM210821128,organized,OK,,1396,1922,339,831,0.0,0.984,0.886,2.45,4,data/crops/organized/organized_FR15ABOM210821128_S3_ccb572e950f85b4c.jpg,2026-08-18T13:19:42+00:00
5377d021f2a4f5b2,FR15ABOM210821174,organized,OK,,2475,1731,442,1083,0.0,0.842,0.931,2.45,1,data/crops/organized/organized_FR15ABOM210821174_P2_5377d021f2a4f5b2.jpg,2026-08-18T13:19:43+00:00
0246a48fc2462d96,NoName12,organized,OK,,1520,1805,382,929,0.0,0.945,0.877,2.43,4,data/crops/organized/organized_NoName12_S1_0246a48fc2462d96.jpg,2026-08-18T13:19:43+00:00
28e29f6241fd7ba7,15G2021-1200,organized,OK,,2432,1817,461,1045,0.0,0.799,0.934,2.27,1,data/crops/organized/organized_15G2021-1200_P2_28e29f6241fd7ba7.jpg,2026-08-18T13:19:44+00:00
dd35c71ecc32ada4,FR15ABOM210821128,organized,OK,,1410,1882,339,827,0.0,0.986,0.897,2.44,2,data/crops/organized/organized_FR15ABOM210821128_S2_dd35c71ecc32ada4.jpg,2026-08-18T13:19:45+00:00
d883fe7419088695,FR15_STPONCY300921024,organized,OK,,2401,1677,361,1021,0.0,0.817,0.924,2.83,1,data/crops/organized/organized_FR15_STPONCY300921024_P1_d883fe7419088695.jpg,2026-08-18T13:19:46+00:00
ac3bafe628e5dfbc,FR15_ABOM25082020008,organized,OK,,1351,1983,343,819,0.0,0.976,0.902,2.39,3,data/crops/organized/organized_FR15_ABOM25082020008_S1_ac3bafe628e5dfbc.jpg,2026-08-18T13:19:47+00:00
e2ac999afc46163f,FR15ABOM210821143,organized,OK,,1356,1977,896,429,-7.334,0.902,0.881,2.09,3,data/crops/organized/organized_FR15ABOM210821143_S1_e2ac999afc46163f.jpg,2026-08-18T13:19:48+00:00
40fdfeb3f2fa3cd8,FR15ABOM170821009,organized,OK,,1362,1809,358,898,0.0,0.957,0.888,2.51,2,data/crops/organized/organized_FR15ABOM170821009_S1_40fdfeb3f2fa3cd8.jpg,2026-08-18T13:19:48+00:00
2549fa952b4b3cfc,NoName13,organized,OK,,2432,1788,480,1054,0.0,0.835,0.931,2.2,1,data/crops/organized/organized_NoName13_P2_2549fa952b4b3cfc.jpg,2026-08-18T13:19:49+00:00
2d2e0899c01119f9,FR15_STPONCY300921024,organized,OK,,2406,1767,370,993,0.0,0.775,0.917,2.68,1,data/crops/organized/organized_FR15_STPONCY300921024_P2_2d2e0899c01119f9.jpg,2026-08-18T13:19:50+00:00
1ce60033622bfb40,FR15_ABOM25082020008,organized,OK,,1435,2006,327,768,0.0,0.965,0.892,2.35,3,data/crops/organized/organized_FR15_ABOM25082020008_S2_1ce60033622bfb40.jpg,2026-08-18T13:19:51+00:00
35afced9974e5e23,FR15ABOM170821009,organized,OK,,1331,1872,358,906,0.0,0.972,0.891,2.53,2,data/crops/organized/organized_FR15ABOM170821009_S3_35afced9974e5e23.jpg,2026-08-18T13:19:52+00:00
c888c88c93a0dd03,FR15ABOM210821143,organized,OK,,1467,2131,914,434,-6.801,0.77,0.881,2.11,3,data/crops/organized/organized_FR15ABOM210821143_S2_c888c88c93a0dd03.jpg,2026-08-18T13:19:54+00:00
9e9a4a980488e02c,FR15ABOM210821143,organized,OK,,1384,1935,413,831,0.0,0.918,0.862,2.01,3,data/crops/organized/organized_FR15ABOM210821143_S3_9e9a4a980488e02c.jpg,2026-08-18T13:19:55+00:00
e3b765ca95b4be5f,FR15ABOM170821009,organized,OK,,1400,1809,343,870,0.0,0.959,0.9,2.54,3,data/crops/organized/organized_FR15ABOM170821009_S2_e3b765ca95b4be5f.jpg,2026-08-18T13:19:56+00:00
fec0e2ce9edaafe7,NoName13,organized,OK,,2404,1805,475,1054,0.0,0.901,0.937,2.22,1,data/crops/organized/organized_NoName13_P1_fec0e2ce9edaafe7.jpg,2026-08-18T13:19:58+00:00
ae416babefc8e513,FR15_ABOM25082020008,organized,OK,,1144,2055,339,815,0.0,0.975,0.909,2.41,2,data/crops/organized/organized_FR15_ABOM25082020008_S3_ae416babefc8e513.jpg,2026-08-18T13:19:58+00:00
c8a7abdde7d549ef,FR15ABOM210821177,organized,OK,,1579,2012,378,882,0.0,0.962,0.903,2.33,2,data/crops/organized/organized_FR15ABOM210821177_S3_c8a7abdde7d549ef.jpg,2026-08-18T13:19:59+00:00
429313c5ff624cee,2020.03930,organized,OK,,2442,1805,104,276,0.0,0.305,0.821,2.64,2,data/crops/organized/organized_2020.03930_P2_429313c5ff624cee.jpg,2026-08-18T13:20:01+00:00
79920c9864a4bd88,NoName11,organized,OK,,2418,1796,427,1035,0.0,0.787,0.938,2.42,1,data/crops/organized/organized_NoName11_P1_79920c9864a4bd88.jpg,2026-08-18T13:20:02+00:00
6574c063f914ccab,FR15ABOM210821177,organized,OK,,1589,2044,378,862,0.0,0.922,0.89,2.28,2,data/crops/organized/organized_FR15ABOM210821177_S2_6574c063f914ccab.jpg,2026-08-18T13:20:03+00:00
5414f4f40e4b6899,FR15_STPONCY300921002,organized,OK,,2434,1779,375,860,0.0,0.846,0.929,2.29,1,data/crops/organized/organized_FR15_STPONCY300921002_P2_5414f4f40e4b6899.jpg,2026-08-18T13:20:04+00:00
fd2aed1250090dd5,2020.06348,organized,OK,,2430,1824,142,337,0.0,0.801,0.919,2.37,4,data/crops/organized/organized_2020.06348_P2_fd2aed1250090dd5.jpg,2026-08-18T13:20:05+00:00
2532f620e9f121da,2020.03930,organized,OK,,2301,1793,109,404,0.0,0.42,0.86,3.7,2,data/crops/organized/organized_2020.03930_P1_2532f620e9f121da.jpg,2026-08-18T13:20:07+00:00
a852c24e755d52a3,NoName11,organized,OK,,2434,1796,427,1040,0.0,0.851,0.94,2.43,1,data/crops/organized/organized_NoName11_P2_a852c24e755d52a3.jpg,2026-08-18T13:20:08+00:00
aa24b2f4754a0e6c,FR15ABOM210821177,organized,OK,,1758,1894,386,886,0.0,0.968,0.88,2.3,2,data/crops/organized/organized_FR15ABOM210821177_S1_aa24b2f4754a0e6c.jpg,2026-08-18T13:20:09+00:00
b4b03aeb42a3a7ed,FR15_STPONCY300921002,organized,OK,,2480,1720,370,864,0.0,0.924,0.934,2.33,1,data/crops/organized/organized_FR15_STPONCY300921002_P1_b4b03aeb42a3a7ed.jpg,2026-08-18T13:20:10+00:00
eff4e914c9952eaf,2020.06348,organized,OK,,2434,1819,142,356,0.0,0.822,0.931,2.5,3,data/crops/organized/organized_2020.06348_P1_eff4e914c9952eaf.jpg,2026-08-18T13:20:11+00:00
78e55198012ad9ce,NoName11,organized,OK,,1303,2055,323,787,0.0,0.984,0.88,2.44,4,data/crops/organized/organized_NoName11_S3_78e55198012ad9ce.jpg,2026-08-18T13:20:12+00:00
0aaa4431b3634b1b,2020.03930,organized,OK,,1158,2116,319,740,0.0,0.925,0.915,2.32,4,data/crops/organized/organized_2020.03930_S1_0aaa4431b3634b1b.jpg,2026-08-18T13:20:14+00:00
ce70b9ab91b153c9,NoName11,organized,OK,,1307,1984,339,811,0.0,0.9,0.894,2.4,3,data/crops/organized/organized_NoName11_S2_ce70b9ab91b153c9.jpg,2026-08-18T13:20:15+00:00
25cc079babff097e,FR15ABOM210821177,organized,OK,,2541,1817,461,1074,0.0,0.871,0.94,2.33,1,data/crops/organized/organized_FR15ABOM210821177_P1_25cc079babff097e.jpg,2026-08-18T13:20:16+00:00
8d33bb4646f2f373,2020.06348,organized,OK,,996,1725,388,901,7.352,0.91,0.923,2.32,3,data/crops/organized/organized_2020.06348_S1_8d33bb4646f2f373.jpg,2026-08-18T13:20:16+00:00
0094b2ae1aa92fb8,FR15_STPONCY300921002,organized,OK,,1386,1821,327,732,0.0,0.986,0.9,2.24,3,data/crops/organized/organized_FR15_STPONCY300921002_S1_0094b2ae1aa92fb8.jpg,2026-08-18T13:20:17+00:00
cb1e6e1e894307f1,FR15_STPONCY300921002,organized,OK,,1339,2158,339,780,0.0,0.971,0.895,2.3,3,data/crops/organized/organized_FR15_STPONCY300921002_S3_cb1e6e1e894307f1.jpg,2026-08-18T13:20:18+00:00
31b1d2162364198e,2020.06348,organized,OK,,1309,1975,382,862,0.0,0.933,0.875,2.26,2,data/crops/organized/organized_2020.06348_S3_31b1d2162364198e.jpg,2026-08-18T13:20:19+00:00
5e83c39ae4c88686,2020.03930,organized,OK,,1160,2004,291,697,0.0,0.968,0.887,2.39,3,data/crops/organized/organized_2020.03930_S3_5e83c39ae4c88686.jpg,2026-08-18T13:20:19+00:00
f07535df92902af5,2020.03930,organized,OK,,1158,1916,295,701,0.0,0.986,0.917,2.37,4,data/crops/organized/organized_2020.03930_S2_f07535df92902af5.jpg,2026-08-18T13:20:20+00:00
c9be1e92c23e0426,NoName11,organized,OK,,1295,2067,331,819,0.0,0.988,0.912,2.48,4,data/crops/organized/organized_NoName11_S1_c9be1e92c23e0426.jpg,2026-08-18T13:20:21+00:00
949c0a30f29e5cae,FR15ABOM210821177,organized,OK,,2498,1803,461,1083,0.0,0.843,0.941,2.35,1,data/crops/organized/organized_FR15ABOM210821177_P2_949c0a30f29e5cae.jpg,2026-08-18T13:20:22+00:00
59ed2db13318152a,2020.06348,organized,OK,,1282,2012,378,870,0.0,0.957,0.876,2.3,2,data/crops/organized/organized_2020.06348_S2_59ed2db13318152a.jpg,2026-08-18T13:20:23+00:00
a11a8b2132a9796c,FR15_STPONCY300921002,organized,OK,,1126,2370,323,764,0.0,0.973,0.917,2.37,5,data/crops/organized/organized_FR15_STPONCY300921002_S2_a11a8b2132a9796c.jpg,2026-08-18T13:20:24+00:00
682fbeeb00dd7198,FR15_STPONCY300921024,organized,OK,,1126,1925,284,772,0.0,0.826,0.89,2.72,4,data/crops/organized/organized_FR15_STPONCY300921024_S2_682fbeeb00dd7198.jpg,2026-08-18T13:20:24+00:00
8a30ae6408f0941e,FR15_ABOM25082020008,organized,OK,,2513,1800,408,978,0.0,0.884,0.942,2.4,1,data/crops/organized/organized_FR15_ABOM25082020008_P2_8a30ae6408f0941e.jpg,2026-08-18T13:20:25+00:00
3006416d8c4e53a0,FR15ABOM210821143,organized,OK,,2472,1807,546,1088,0.0,0.744,0.883,1.99,1,data/crops/organized/organized_FR15ABOM210821143_P2_3006416d8c4e53a0.jpg,2026-08-18T13:20:26+00:00
7904039e38f7d151,FR15ABOM170821009,organized,OK,,2451,1691,446,1168,0.0,0.913,0.919,2.62,1,data/crops/organized/organized_FR15ABOM170821009_P2_7904039e38f7d151.jpg,2026-08-18T13:20:27+00:00
4f513acae98d3013,NoName13,organized,OK,,1244,1496,402,874,0.0,0.854,0.901,2.18,1,data/crops/organized/organized_NoName13_S1_4f513acae98d3013.jpg,2026-08-18T13:20:28+00:00
160208dc6a7caf4b,FR15_STPONCY300921024,organized,OK,,1036,1825,264,772,0.0,0.91,0.876,2.93,3,data/crops/organized/organized_FR15_STPONCY300921024_S3_160208dc6a7caf4b.jpg,2026-08-18T13:20:28+00:00
b115856f01ed597c,FR15_STPONCY300921024,organized,OK,,1118,1906,291,803,0.0,0.898,0.912,2.76,3,data/crops/organized/organized_FR15_STPONCY300921024_S1_b115856f01ed597c.jpg,2026-08-18T13:20:29+00:00
d30d1f1f420da1e5,FR15_ABOM25082020008,organized,OK,,2534,1746,404,983,0.0,0.929,0.942,2.44,1,data/crops/organized/organized_FR15_ABOM25082020008_P1_d30d1f1f420da1e5.jpg,2026-08-18T13:20:30+00:00
4fd8e6d3e876c20d,NoName13,organized,OK,,1136,1961,394,894,0.0,0.962,0.901,2.27,2,data/crops/organized/organized_NoName13_S3_4fd8e6d3e876c20d.jpg,2026-08-18T13:20:31+00:00
9319b4d2111deb2c,FR15ABOM210821143,organized,OK,,2465,1852,551,1092,0.0,0.756,0.88,1.98,1,data/crops/organized/organized_FR15ABOM210821143_P1_9319b4d2111deb2c.jpg,2026-08-18T13:20:32+00:00
eb5d1b4eec5c19c8,FR15ABOM170821009,organized,OK,,2472,1710,456,1154,0.0,0.928,0.937,2.53,1,data/crops/organized/organized_FR15ABOM170821009_P1_eb5d1b4eec5c19c8.jpg,2026-08-18T13:20:33+00:00
1b7880a934aef2ad,NoName13,organized,OK,,1268,1559,402,890,0.0,0.926,0.91,2.22,1,data/crops/organized/organized_NoName13_S2_1b7880a934aef2ad.jpg,2026-08-18T13:20:34+00:00
db3d23d9432b8128,FR15ABOM210821174,organized,OK,,1414,2087,339,811,0.0,0.927,0.879,2.4,2,data/crops/organized/organized_FR15ABOM210821174_S2_db3d23d9432b8128.jpg,2026-08-18T13:20:34+00:00
a47faff73efffa3b,15G2021-1200,organized,OK,,1382,2012,402,945,0.0,0.94,0.883,2.35,4,data/crops/organized/organized_15G2021-1200_S3_a47faff73efffa3b.jpg,2026-08-18T13:20:36+00:00
da8e14b89a3174a1,NoName12,organized,OK,,2463,1746,451,1116,0.0,0.869,0.926,2.47,1,data/crops/organized/organized_NoName12_P1_da8e14b89a3174a1.jpg,2026-08-18T13:20:37+00:00
9917ba9f8d6025e5,15G2021-1200,organized,OK,,1425,1921,370,850,0.0,0.96,0.883,2.3,2,data/crops/organized/organized_15G2021-1200_S2_9917ba9f8d6025e5.jpg,2026-08-18T13:20:38+00:00
d195e32cc636adfa,FR15ABOM210821128,organized,OK,,2494,1710,408,978,0.0,0.913,0.911,2.4,1,data/crops/organized/organized_FR15ABOM210821128_P2_d195e32cc636adfa.jpg,2026-08-18T13:20:38+00:00
19d273cd860ace43,FR15ABOM210821174,organized,OK,,1227,2077,350,854,0.0,0.967,0.87,2.44,2,data/crops/organized/organized_FR15ABOM210821174_S3_19d273cd860ace43.jpg,2026-08-18T13:20:39+00:00
313519ab1bcb59b3,FR15ABOM210821174,organized,OK,,1288,2110,346,850,0.0,0.984,0.871,2.45,2,data/crops/organized/organized_FR15ABOM210821174_S1_313519ab1bcb59b3.jpg,2026-08-18T13:20:40+00:00
3a00cdf49c9017d1,NoName12,organized,OK,,2453,1774,451,1107,0.0,0.922,0.939,2.45,1,data/crops/organized/organized_NoName12_P2_3a00cdf49c9017d1.jpg,2026-08-18T13:20:41+00:00
b9306a35663100ba,FR15ABOM210821128,organized,OK,,2480,1758,408,998,0.0,0.896,0.918,2.44,1,data/crops/organized/organized_FR15ABOM210821128_P1_b9306a35663100ba.jpg,2026-08-18T13:20:42+00:00
8205413b51c61f16,15G2021-1200,organized,OK,,1278,1776,386,902,0.0,0.966,0.894,2.34,2,data/crops/organized/organized_15G2021-1200_S1_8205413b51c61f16.jpg,2026-08-18T13:20:43+00:00
c085106879aafaf0,NoName10,organized,OK,,2451,1758,428,1016,0.0,0.955,0.941,2.38,1,data/crops/organized/organized_NoName10_P2_c085106879aafaf0.jpg,2026-08-18T13:20:43+00:00
ae3fa188fcbf9e72,FR15_ABOM30072020042,organized,OK,,1207,1768,354,847,0.0,0.911,0.914,2.39,2,data/crops/organized/organized_FR15_ABOM30072020042_S2_ae3fa188fcbf9e72.jpg,2026-08-18T13:20:44+00:00
f1098cd0008a3a0d,FR15_ABOM30072020036,organized,OK,,2465,1698,470,1121,0.0,0.749,0.933,2.38,1,data/crops/organized/organized_FR15_ABOM30072020036_P2_f1098cd0008a3a0d.jpg,2026-08-18T13:20:45+00:00
d2dc5fc67061b237,NoName9,organized,OK,,1356,2024,378,965,0.0,0.942,0.871,2.55,2,data/crops/organized/organized_NoName9_S2_d2dc5fc67061b237.jpg,2026-08-18T13:20:46+00:00
a9d61270a5b7b34f,FR15_ABOM09082020078,organized,OK,,1366,2103,362,858,0.0,0.97,0.895,2.37,2,data/crops/organized/organized_FR15_ABOM09082020078_S2_a9d61270a5b7b34f.jpg,2026-08-18T13:20:48+00:00
29b8ba1f32ef065c,15L2021-1585,organized,OK,,1339,2012,378,866,0.0,0.985,0.874,2.29,3,data/crops/organized/organized_15L2021-1585_S1_29b8ba1f32ef065c.jpg,2026-08-18T13:20:49+00:00
7d0722edb7e215c5,FR15_ABOM17082020015,organized,OK,,1329,2038,374,925,0.0,0.944,0.902,2.47,4,data/crops/organized/organized_FR15_ABOM17082020015_S2_7d0722edb7e215c5.jpg,2026-08-18T13:20:50+00:00
c4a15cf927a0c403,FR15_ABOM17082020015,organized,OK,,1248,2012,362,890,0.0,0.95,0.899,2.46,3,data/crops/organized/organized_FR15_ABOM17082020015_S3_c4a15cf927a0c403.jpg,2026-08-18T13:20:50+00:00
8b620e0382fc9181,FR15_ABOM25082020007,organized,OK,,1459,2099,441,910,0.0,0.653,0.903,2.06,3,data/crops/organized/organized_FR15_ABOM25082020007_S1_8b620e0382fc9181.jpg,2026-08-18T13:20:51+00:00
e65cb2020323ae8c,FR15_ABOM09082020078,organized,OK,,1382,2173,354,850,0.0,0.971,0.892,2.4,2,data/crops/organized/organized_FR15_ABOM09082020078_S3_e65cb2020323ae8c.jpg,2026-08-18T13:20:52+00:00
8ad23c0aa16dae18,FR15_ABOM25082020010,organized,OK,,2444,1769,442,1154,0.0,0.783,0.907,2.61,1,data/crops/organized/organized_FR15_ABOM25082020010_P1_8ad23c0aa16dae18.jpg,2026-08-18T13:20:53+00:00
a30330f21f0aeb47,NoName9,organized,OK,,1380,1984,378,941,0.0,0.95,0.893,2.49,2,data/crops/organized/organized_NoName9_S3_a30330f21f0aeb47.jpg,2026-08-18T13:20:54+00:00
d7c74d5252023db2,FR15_ABOM30072020042,organized,OK,,1089,1784,362,847,0.0,0.968,0.904,2.34,2,data/crops/organized/organized_FR15_ABOM30072020042_S3_d7c74d5252023db2.jpg,2026-08-18T13:20:55+00:00
204e502a2d01bad4,NoName10,organized,OK,,2456,1779,432,1026,0.0,0.967,0.94,2.37,1,data/crops/organized/organized_NoName10_P1_204e502a2d01bad4.jpg,2026-08-18T13:20:56+00:00
c8dbb97849e2df91,FR15_ABOM30072020042,organized,OK,,1164,1778,366,854,0.0,0.954,0.877,2.33,3,data/crops/organized/organized_FR15_ABOM30072020042_S1_c8dbb97849e2df91.jpg,2026-08-18T13:20:56+00:00
24ca132787999367,FR15_ABOM30072020036,organized,OK,,2463,1743,466,1126,0.0,0.797,0.912,2.42,1,data/crops/organized/organized_FR15_ABOM30072020036_P1_24ca132787999367.jpg,2026-08-18T13:20:57+00:00
30a3625be4ef722a,NoName9,organized,OK,,1337,2028,386,980,0.0,0.954,0.899,2.54,2,data/crops/organized/organized_NoName9_S1_30a3625be4ef722a.jpg,2026-08-18T13:20:58+00:00
e0c72175a6f9dbea,FR15_ABOM09082020078,organized,OK,,1378,2032,378,913,0.0,0.972,0.871,2.42,2,data/crops/organized/organized_FR15_ABOM09082020078_S1_e0c72175a6f9dbea.jpg,2026-08-18T13:20:58+00:00
61b0fdaa4a0bde1f,15L2021-1585,organized,OK,,1435,2093,390,870,0.0,0.991,0.874,2.23,3,data/crops/organized/organized_15L2021-1585_S2_61b0fdaa4a0bde1f.jpg,2026-08-18T13:20:59+00:00
6f2b80b886ab787e,FR15_ABOM25082020007,organized,OK,,1329,2079,417,870,0.0,0.809,0.923,2.08,4,data/crops/organized/organized_FR15_ABOM25082020007_S3_6f2b80b886ab787e.jpg,2026-08-18T13:21:00+00:00
75e6b78cc52fb222,FR15_ABOM17082020015,organized,OK,,1293,1994,374,925,0.0,0.966,0.894,2.47,2,data/crops/organized/organized_FR15_ABOM17082020015_S1_75e6b78cc52fb222.jpg,2026-08-18T13:21:00+00:00
3bd3f0b1a8b7f1a5,FR15_ABOM25082020007,organized,OK,,1461,2040,394,921,0.0,0.806,0.921,2.34,2,data/crops/organized/organized_FR15_ABOM25082020007_S2_3bd3f0b1a8b7f1a5.jpg,2026-08-18T13:21:01+00:00
c7682df69cc5d268,15L2021-1585,organized,OK,,1266,1902,370,839,0.0,0.973,0.847,2.27,2,data/crops/organized/organized_15L2021-1585_S3_c7682df69cc5d268.jpg,2026-08-18T13:21:02+00:00
d62a43996d9035bc,FR15_ABOM25082020010,organized,OK,,2413,1817,451,1130,0.0,0.777,0.941,2.51,1,data/crops/organized/organized_FR15_ABOM25082020010_P2_d62a43996d9035bc.jpg,2026-08-18T13:21:03+00:00
e4d8e07cbd0e8f50,2012.0034,organized,OK,,1230,2173,299,800,0.458,0.973,0.897,2.67,3,data/crops/organized/organized_2012.0034_S2_e4d8e07cbd0e8f50.jpg,2026-08-18T13:21:03+00:00
6e8a7b756eaeb67d,ABB-2020.00106,organized,OK,,1236,2207,343,803,0.0,0.968,0.897,2.34,3,data/crops/organized/organized_ABB-2020.00106_S1_6e8a7b756eaeb67d.jpg,2026-08-18T13:21:04+00:00
3142fe10e6789e11,1036L,organized,OK,,1341,2130,425,807,0.0,0.977,0.831,1.9,4,data/crops/organized/organized_1036L_S2_3142fe10e6789e11.jpg,2026-08-18T13:21:05+00:00
49a80767708659ca,CD387324,organized,OK,,2404,1791,95,266,0.0,0.262,0.851,2.8,2,data/crops/organized/organized_CD387324_P1_49a80767708659ca.jpg,2026-08-18T13:21:05+00:00
7e00108eca94eed8,NoName5,organized,OK,,2384,1812,461,1102,0.0,0.823,0.933,2.39,1,data/crops/organized/organized_NoName5_P1_7e00108eca94eed8.jpg,2026-08-18T13:21:06+00:00
45d5517f984e3a73,BAR.2018.00342,organized,OK,,2427,1869,100,247,0.0,0.636,0.858,2.48,3,data/crops/organized/organized_BAR.2018.00342_P2_45d5517f984e3a73.jpg,2026-08-18T13:21:07+00:00
0c6fced571579aa0,15G2021-1826,organized,OK,,2501,1703,404,945,0.0,0.874,0.931,2.34,2,data/crops/organized/organized_15G2021-1826_P1_0c6fced571579aa0.jpg,2026-08-18T13:21:08+00:00
a1fed7f1ab247494,1036L,organized,OK,,1327,2006,413,795,0.0,0.974,0.832,1.92,3,data/crops/organized/organized_1036L_S3_a1fed7f1ab247494.jpg,2026-08-18T13:21:09+00:00
1e5662e0adcabb91,2012.0034,organized,OK,,1264,1961,299,772,0.0,0.982,0.901,2.58,6,data/crops/organized/organized_2012.0034_S3_1e5662e0adcabb91.jpg,2026-08-18T13:21:10+00:00
4bd9de9e204c1147,ABB-2020.00106,organized,OK,,1112,2016,339,799,0.0,0.979,0.923,2.36,2,data/crops/organized/organized_ABB-2020.00106_S2_4bd9de9e204c1147.jpg,2026-08-18T13:21:11+00:00
7347ce5e37180ab9,2012.0034,organized,OK,,1164,1920,311,823,0.0,0.981,0.887,2.65,3,data/crops/organized/organized_2012.0034_S1_7347ce5e37180ab9.jpg,2026-08-18T13:21:12+00:00
331d119aa174ee81,1036L,organized,OK,,1368,2085,886,465,-4.548,0.879,0.834,1.9,2,data/crops/organized/organized_1036L_S1_331d119aa174ee81.jpg,2026-08-18T13:21:14+00:00
201558def46cc52b,CD387324,organized,OK,,2392,1826,100,261,0.0,0.322,0.821,2.62,1,data/crops/organized/organized_CD387324_P2_201558def46cc52b.jpg,2026-08-18T13:21:15+00:00
3b50178f9b92dacc,NoName5,organized,OK,,2456,1803,461,1102,0.0,0.761,0.938,2.39,1,data/crops/organized/organized_NoName5_P2_3b50178f9b92dacc.jpg,2026-08-18T13:21:16+00:00
89db2d384e5e424a,BAR.2018.00342,organized,OK,,2430,1862,104,280,0.0,0.626,0.853,2.68,2,data/crops/organized/organized_BAR.2018.00342_P1_89db2d384e5e424a.jpg,2026-08-18T13:21:17+00:00
ac7563a9647b7a4d,15G2021-1826,organized,OK,,2453,1727,404,926,0.0,0.908,0.928,2.29,1,data/crops/organized/organized_15G2021-1826_P2_ac7563a9647b7a4d.jpg,2026-08-18T13:21:18+00:00
6683d5fa5ddddf88,ABB-2020.00106,organized,OK,,1191,2042,311,728,0.0,0.964,0.902,2.34,5,data/crops/organized/organized_ABB-2020.00106_S3_6683d5fa5ddddf88.jpg,2026-08-18T13:21:19+00:00
63714e1076ff5af4,ABB-2020.00032,organized,OK,,1028,2044,283,717,0.0,0.968,0.875,2.53,3,data/crops/organized/organized_ABB-2020.00032_S3_63714e1076ff5af4.jpg,2026-08-18T13:21:19+00:00
f9b080911ae111d6,2020.04010,organized,OK,,1185,1986,295,748,0.0,0.98,0.913,2.53,2,data/crops/organized/organized_2020.04010_S1_f9b080911ae111d6.jpg,2026-08-18T13:21:20+00:00
dcbd01483c58fa9a,ABAURA5593,organized,OK,,2442,1765,432,1074,0.0,0.955,0.933,2.48,1,data/crops/organized/organized_ABAURA5593_P2_dcbd01483c58fa9a.jpg,2026-08-18T13:21:21+00:00
8dad7a5869b47fb5,BAR-2018.00871,organized,OK,,2482,1838,399,1021,0.0,0.94,0.932,2.56,1,data/crops/organized/organized_BAR-2018.00871_P1_8dad7a5869b47fb5.jpg,2026-08-18T13:21:22+00:00
b69e57f82c10c174,ABB-2020.00032,organized,OK,,1051,2347,299,748,0.0,0.969,0.878,2.5,2,data/crops/organized/organized_ABB-2020.00032_S2_b69e57f82c10c174.jpg,2026-08-18T13:21:23+00:00
65162c8cf29111e1,CD387766,organized,OK,,2468,1831,119,233,0.0,0.137,0.83,1.96,1,data/crops/organized/organized_CD387766_P1_65162c8cf29111e1.jpg,2026-08-18T13:21:24+00:00
1f8a9f989e6c3133,OPPO_5923,organized,OK,,2411,1712,347,917,0.0,0.96,0.918,2.64,1,data/crops/organized/organized_OPPO_5923_P2_1f8a9f989e6c3133.jpg,2026-08-18T13:21:25+00:00
e76cde6b17530e2a,2020.04010,organized,OK,,1282,1971,287,728,0.0,0.99,0.903,2.53,2,data/crops/organized/organized_2020.04010_S2_e76cde6b17530e2a.jpg,2026-08-18T13:21:26+00:00
a3fc52266fd9329f,ABAURA5593,organized,OK,,2468,1798,423,1059,0.0,0.904,0.939,2.51,1,data/crops/organized/organized_ABAURA5593_P1_a3fc52266fd9329f.jpg,2026-08-18T13:21:27+00:00
1c76a0170eeee783,BAR-2018.00871,organized,OK,,2401,1838,399,1021,0.0,0.94,0.931,2.56,1,data/crops/organized/organized_BAR-2018.00871_P2_1c76a0170eeee783.jpg,2026-08-18T13:21:28+00:00
3bd488379cb105f3,ABB-2020.00032,organized,OK,,1171,1896,303,760,0.0,0.963,0.871,2.51,4,data/crops/organized/organized_ABB-2020.00032_S1_3bd488379cb105f3.jpg,2026-08-18T13:21:29+00:00
1e11c7c15bce546c,2020.04010,organized,OK,,1102,1908,287,740,0.0,0.987,0.893,2.58,3,data/crops/organized/organized_2020.04010_S3_1e11c7c15bce546c.jpg,2026-08-18T13:21:30+00:00
8346b25d609fb9f3,OPPO_5923,organized,OK,,2442,1738,351,893,0.0,0.973,0.932,2.54,1,data/crops/organized/organized_OPPO_5923_P1_8346b25d609fb9f3.jpg,2026-08-18T13:21:30+00:00
db28a80826245804,CD387766,organized,OK,,2475,1834,114,237,0.0,0.268,0.873,2.08,1,data/crops/organized/organized_CD387766_P2_db28a80826245804.jpg,2026-08-18T13:21:31+00:00
12d459412b5c23de,2020.04044,organized,OK,,2394,1829,95,238,0.0,0.205,0.835,2.5,3,data/crops/organized/organized_2020.04044_P1_12d459412b5c23de.jpg,2026-08-18T13:21:32+00:00
1b2b01f8c3b4863e,2020.03886,organized,OK,,2420,1724,408,1107,0.0,0.82,0.918,2.71,1,data/crops/organized/organized_2020.03886_P2_1b2b01f8c3b4863e.jpg,2026-08-18T13:21:33+00:00
4dd7cd13f6d6e460,CD388146,organized,OK,,1217,1807,370,874,0.0,0.94,0.914,2.36,3,data/crops/organized/organized_CD388146_S1_4dd7cd13f6d6e460.jpg,2026-08-18T13:21:34+00:00
c807e15caa4276d9,CD387303,organized,OK,,1203,2073,311,634,0.0,0.961,0.858,2.04,2,data/crops/organized/organized_CD387303_S2_c807e15caa4276d9.jpg,2026-08-18T13:21:35+00:00
25b687382a0f5ab1,CD387303,organized,OK,,1479,2004,307,650,0.0,0.979,0.862,2.12,2,data/crops/organized/organized_CD387303_S3_25b687382a0f5ab1.jpg,2026-08-18T13:21:35+00:00
fa8a4d29c8b32547,BAR-2018.00332,organized,OK,,2387,1731,309,755,0.0,0.871,0.922,2.45,2,data/crops/organized/organized_BAR-2018.00332_P2_fa8a4d29c8b32547.jpg,2026-08-18T13:21:36+00:00
ecfe7bff281f0755,CD388862b,organized,OK,,1158,1923,303,732,0.0,0.987,0.887,2.42,2,data/crops/organized/organized_CD388862b_S1_ecfe7bff281f0755.jpg,2026-08-18T13:21:37+00:00
3c5ddef31724ccea,CD388862b,organized,OK,,1030,1971,295,728,0.0,0.971,0.883,2.47,2,data/crops/organized/organized_CD388862b_S3_3c5ddef31724ccea.jpg,2026-08-18T13:21:38+00:00
b0b84be5e5ff10f5,2020.04044,organized,OK,,2361,1807,100,238,0.0,0.496,0.879,2.38,2,data/crops/organized/organized_2020.04044_P2_b0b84be5e5ff10f5.jpg,2026-08-18T13:21:39+00:00
5882fc50e0e6fa65,2020.03886,organized,OK,,2449,1684,404,1107,0.0,0.801,0.917,2.74,2,data/crops/organized/organized_2020.03886_P1_5882fc50e0e6fa65.jpg,2026-08-18T13:21:40+00:00
d3282af5c0bb765d,CD388146,organized,OK,,1087,1695,366,850,0.0,0.973,0.892,2.32,4,data/crops/organized/organized_CD388146_S2_d3282af5c0bb765d.jpg,2026-08-18T13:21:41+00:00
619706c07edadab8,CD387303,organized,OK,,1565,1967,319,681,0.0,0.958,0.861,2.14,3,data/crops/organized/organized_CD387303_S1_619706c07edadab8.jpg,2026-08-18T13:21:42+00:00
03a19102bf6c070b,BAR-2018.00332,organized,OK,,2351,1705,304,940,0.0,0.875,0.916,3.09,2,data/crops/organized/organized_BAR-2018.00332_P1_03a19102bf6c070b.jpg,2026-08-18T13:21:44+00:00
abee8de6d5fa2ea9,CD388146,organized,OK,,1337,1977,354,854,0.0,0.978,0.898,2.41,2,data/crops/organized/organized_CD388146_S3_abee8de6d5fa2ea9.jpg,2026-08-18T13:21:45+00:00
3ad8eb3689988e30,CD388862b,organized,OK,,982,1994,287,681,0.0,0.976,0.893,2.37,2,data/crops/organized/organized_CD388862b_S2_3ad8eb3689988e30.jpg,2026-08-18T13:21:45+00:00
718758819d9901b2,CD388135,organized,OK,,1101,2057,264,642,0.0,0.981,0.89,2.43,2,data/crops/organized/organized_CD388135_S2_718758819d9901b2.jpg,2026-08-18T13:21:46+00:00
eae065922b148f62,2020.04013,organized,OK,,2406,1826,119,280,0.0,0.738,0.87,2.36,2,data/crops/organized/organized_2020.04013_P2_eae065922b148f62.jpg,2026-08-18T13:21:48+00:00
4a2d7110cb62973c,2017.06254,organized,OK,,2453,1793,157,280,0.0,0.564,0.868,1.79,2,data/crops/organized/organized_2017.06254_P2_4a2d7110cb62973c.jpg,2026-08-18T13:21:49+00:00
86232c3c125d9fd3,CD388135,organized,OK,,1179,1981,268,658,0.0,0.971,0.883,2.46,4,data/crops/organized/organized_CD388135_S3_86232c3c125d9fd3.jpg,2026-08-18T13:21:50+00:00
e9c4df33cae1d7a7,NoName4,organized,OK,,1272,1964,991,441,-16.966,0.67,0.893,2.25,3,data/crops/organized/organized_NoName4_S1_e9c4df33cae1d7a7.jpg,2026-08-18T13:21:50+00:00
cf6f0a6bcf33d7a9,NoName4,organized,OK,,1244,2069,516,921,0.0,0.64,0.862,1.79,2,data/crops/organized/organized_NoName4_S3_cf6f0a6bcf33d7a9.jpg,2026-08-18T13:21:51+00:00
cccfad799c7c8c7b,CD388135,organized,OK,,1280,2047,276,669,0.0,0.929,0.866,2.43,6,data/crops/organized/organized_CD388135_S1_cccfad799c7c8c7b.jpg,2026-08-18T13:21:52+00:00
8c430bcc0c5a1b59,2020.04013,organized,OK,,2442,1826,90,218,0.0,0.353,0.866,2.42,1,data/crops/organized/organized_2020.04013_P1_8c430bcc0c5a1b59.jpg,2026-08-18T13:21:54+00:00
ddd7b63ef5b5d8fb,2017.06254,organized,OK,,2456,1767,162,314,0.0,0.745,0.856,1.94,5,data/crops/organized/organized_2017.06254_P1_ddd7b63ef5b5d8fb.jpg,2026-08-18T13:21:55+00:00
26bf970f5cd934f2,NoName4,organized,OK,,1351,1921,982,434,-15.124,0.799,0.9,2.26,2,data/crops/organized/organized_NoName4_S2_26bf970f5cd934f2.jpg,2026-08-18T13:21:56+00:00
7428f73cd0a933f0,CD388135,organized,OK,,2434,1826,100,233,0.0,0.737,0.824,2.33,3,data/crops/organized/organized_CD388135_P1_7428f73cd0a933f0.jpg,2026-08-18T13:21:57+00:00
62dbcef7f7468928,2020.04013,organized,OK,,1207,1748,331,752,0.0,0.974,0.921,2.27,3,data/crops/organized/organized_2020.04013_S1_62dbcef7f7468928.jpg,2026-08-18T13:21:57+00:00
d1854b7116591ec0,2017.06254,organized,OK,,1217,1975,421,835,0.0,0.913,0.852,1.98,7,data/crops/organized/organized_2017.06254_S1_d1854b7116591ec0.jpg,2026-08-18T13:21:58+00:00
3a4fd69a39ac96f4,NoName4,organized,OK,,2478,1767,1210,523,-15.945,0.563,0.912,2.31,1,data/crops/organized/organized_NoName4_P2_3a4fd69a39ac96f4.jpg,2026-08-18T13:21:59+00:00
64b31be712848af7,CD388135,organized,OK,,2425,1807,100,233,0.0,0.725,0.849,2.33,4,data/crops/organized/organized_CD388135_P2_64b31be712848af7.jpg,2026-08-18T13:22:00+00:00
fde63f0b0eed4b60,2017.06254,organized,OK,,1264,2028,819,407,-8.276,0.864,0.89,2.01,7,data/crops/organized/organized_2017.06254_S3_fde63f0b0eed4b60.jpg,2026-08-18T13:22:01+00:00
d72aa353359530de,2020.04013,organized,OK,,1112,1914,323,744,0.0,0.962,0.913,2.3,4,data/crops/organized/organized_2020.04013_S3_d72aa353359530de.jpg,2026-08-18T13:22:02+00:00
08a512807ddd6919,2020.04013,organized,OK,,1057,1841,311,697,0.0,0.987,0.889,2.24,2,data/crops/organized/organized_2020.04013_S2_08a512807ddd6919.jpg,2026-08-18T13:22:03+00:00
84f5b88e8e623363,2017.06254,organized,OK,,1305,2008,441,847,0.0,0.869,0.875,1.92,6,data/crops/organized/organized_2017.06254_S2_84f5b88e8e623363.jpg,2026-08-18T13:22:04+00:00
b4153f68602097af,NoName4,organized,OK,,2497,1717,1224,527,-15.086,0.727,0.895,2.33,1,data/crops/organized/organized_NoName4_P1_b4153f68602097af.jpg,2026-08-18T13:22:05+00:00
595b1a9f93f9ea49,2020.04044,organized,OK,,1065,1866,299,626,0.0,0.915,0.919,2.09,7,data/crops/organized/organized_2020.04044_S2_595b1a9f93f9ea49.jpg,2026-08-18T13:22:05+00:00
89319ab3570b46c9,2020.03886,organized,OK,,1282,2079,315,862,0.0,0.932,0.879,2.74,2,data/crops/organized/organized_2020.03886_S1_89319ab3570b46c9.jpg,2026-08-18T13:22:06+00:00
7ed26111a1fae43d,CD388146,organized,OK,,2434,1814,114,290,0.0,0.627,0.838,2.54,2,data/crops/organized/organized_CD388146_P2_7ed26111a1fae43d.jpg,2026-08-18T13:22:07+00:00
cee57c2d99b94e99,CD387303,organized,OK,,2394,1831,109,256,0.0,0.677,0.86,2.35,1,data/crops/organized/organized_CD387303_P1_cee57c2d99b94e99.jpg,2026-08-18T13:22:08+00:00
0efe36a7ee210b8f,BAR-2018.00332,organized,OK,,1183,2038,232,563,0.0,0.981,0.861,2.42,3,data/crops/organized/organized_BAR-2018.00332_S1_0efe36a7ee210b8f.jpg,2026-08-18T13:22:09+00:00
1920f8bf14f60db4,2020.04044,organized,OK,,1043,1833,311,661,0.0,0.981,0.92,2.13,3,data/crops/organized/organized_2020.04044_S3_1920f8bf14f60db4.jpg,2026-08-18T13:22:10+00:00
a7dc59e085bde4a4,CD388862b,organized,OK,,2420,1786,114,299,0.0,0.617,0.87,2.62,3,data/crops/organized/organized_CD388862b_P2_a7dc59e085bde4a4.jpg,2026-08-18T13:22:11+00:00
7c2fcbff950fcf4a,2020.04044,organized,OK,,1154,1910,315,669,0.0,0.966,0.914,2.12,7,data/crops/organized/organized_2020.04044_S1_7c2fcbff950fcf4a.jpg,2026-08-18T13:22:12+00:00
d7d5ca9ae01a7dbe,2020.03886,organized,OK,,1502,2250,311,839,0.0,0.879,0.893,2.7,5,data/crops/organized/organized_2020.03886_S2_d7d5ca9ae01a7dbe.jpg,2026-08-18T13:22:13+00:00
cfb7473d192c358c,CD388146,organized,OK,,2434,1852,114,280,0.0,0.607,0.881,2.46,2,data/crops/organized/organized_CD388146_P1_cfb7473d192c358c.jpg,2026-08-18T13:22:14+00:00
d6789bd6e83b8935,CD387303,organized,OK,,2368,1834,104,261,0.0,0.778,0.842,2.5,2,data/crops/organized/organized_CD387303_P2_d6789bd6e83b8935.jpg,2026-08-18T13:22:14+00:00
672e87fc0bbd6796,BAR-2018.00332,organized,OK,,1148,2010,224,547,0.0,0.942,0.881,2.44,3,data/crops/organized/organized_BAR-2018.00332_S3_672e87fc0bbd6796.jpg,2026-08-18T13:22:15+00:00
5f99628ac39bc2fa,BAR-2018.00332,organized,OK,,1169,2077,224,543,0.0,0.98,0.884,2.42,2,data/crops/organized/organized_BAR-2018.00332_S2_5f99628ac39bc2fa.jpg,2026-08-18T13:22:16+00:00
2d24ee4e2b7e4bca,2020.03886,organized,OK,,1291,2164,311,843,0.0,0.826,0.865,2.71,2,data/crops/organized/organized_2020.03886_S3_2d24ee4e2b7e4bca.jpg,2026-08-18T13:22:17+00:00
1c5ff4ac84ad1881,CD388862b,organized,OK,,2404,1800,114,285,0.0,0.547,0.885,2.5,3,data/crops/organized/organized_CD388862b_P1_1c5ff4ac84ad1881.jpg,2026-08-18T13:22:18+00:00
c561dbf785e87b04,CD387766,organized,OK,,1183,1992,370,744,0.0,0.979,0.902,2.01,3,data/crops/organized/organized_CD387766_S3_c561dbf785e87b04.jpg,2026-08-18T13:22:19+00:00
6bd042cb4d9a4778,2020.04010,organized,OK,,2411,1807,356,917,0.0,0.836,0.925,2.57,1,data/crops/organized/organized_2020.04010_P2_6bd042cb4d9a4778.jpg,2026-08-18T13:22:20+00:00
5ab9d78236dd1b7e,BAR-2018.00871,organized,OK,,1232,2049,327,811,0.0,0.986,0.898,2.48,2,data/crops/organized/organized_BAR-2018.00871_S3_5ab9d78236dd1b7e.jpg,2026-08-18T13:22:21+00:00
5483d9aadf4967fd,ABAURA5593,organized,OK,,1097,2150,307,760,0.0,0.976,0.894,2.47,3,data/crops/organized/organized_ABAURA5593_S1_5483d9aadf4967fd.jpg,2026-08-18T13:22:21+00:00
7a5fc8ac563eb413,BAR-2018.00871,organized,OK,,1443,2118,339,839,0.0,0.987,0.891,2.48,2,data/crops/organized/organized_BAR-2018.00871_S2_7a5fc8ac563eb413.jpg,2026-08-18T13:22:22+00:00
4557bf7b27408187,ABB-2020.00032,organized,OK,,2458,1798,366,898,0.0,0.985,0.926,2.45,1,data/crops/organized/organized_ABB-2020.00032_P1_4557bf7b27408187.jpg,2026-08-18T13:22:23+00:00
cf5a6971368d211b,OPPO_5923,organized,OK,,1500,2158,276,724,0.0,0.953,0.883,2.63,2,data/crops/organized/organized_OPPO_5923_S1_cf5a6971368d211b.jpg,2026-08-18T13:22:24+00:00
e90979fd2c2f6a1f,OPPO_5923,organized,OK,,1343,2077,272,717,0.0,0.983,0.897,2.64,1,data/crops/organized/organized_OPPO_5923_S3_e90979fd2c2f6a1f.jpg,2026-08-18T13:22:24+00:00
5e96479a4080586d,2020.04010,organized,OK,,2411,1772,361,907,0.0,0.853,0.91,2.51,1,data/crops/organized/organized_2020.04010_P1_5e96479a4080586d.jpg,2026-08-18T13:22:25+00:00
b580a9de73826672,ABAURA5593,organized,OK,,1177,1943,311,764,0.0,0.988,0.894,2.46,4,data/crops/organized/organized_ABAURA5593_S3_b580a9de73826672.jpg,2026-08-18T13:22:26+00:00
2baaaf8909808a7e,ABAURA5593,organized,OK,,1085,2055,331,823,0.0,0.972,0.892,2.49,4,data/crops/organized/organized_ABAURA5593_S2_2baaaf8909808a7e.jpg,2026-08-18T13:22:26+00:00
b9a1609c406ec7ef,BAR-2018.00871,organized,OK,,1311,2038,327,811,0.0,0.985,0.898,2.48,2,data/crops/organized/organized_BAR-2018.00871_S1_b9a1609c406ec7ef.jpg,2026-08-18T13:22:27+00:00
18e00552f9647967,ABB-2020.00032,organized,OK,,2501,1776,370,917,0.0,0.974,0.913,2.47,1,data/crops/organized/organized_ABB-2020.00032_P2_18e00552f9647967.jpg,2026-08-18T13:22:28+00:00
073c31aa5f9525dd,OPPO_5923,organized,OK,,1400,2156,280,721,0.0,0.98,0.909,2.58,3,data/crops/organized/organized_OPPO_5923_S2_073c31aa5f9525dd.jpg,2026-08-18T13:22:29+00:00
25258c4de25b5edf,CD387766,organized,OK,,1148,1829,382,752,0.0,0.97,0.877,1.97,2,data/crops/organized/organized_CD387766_S1_25258c4de25b5edf.jpg,2026-08-18T13:22:29+00:00
d19ae1f7c8c137ae,ABB-2020.00106,organized,OK,,2507,1843,423,962,2.203,0.855,0.9,2.28,4,data/crops/organized/organized_ABB-2020.00106_P2_d19ae1f7c8c137ae.jpg,2026-08-18T13:22:30+00:00
e0b59f1b7eab60ea,2012.0034,organized,OK,,2404,1767,380,1036,0.0,0.96,0.913,2.73,1,data/crops/organized/organized_2012.0034_P1_e0b59f1b7eab60ea.jpg,2026-08-18T13:22:31+00:00
b14ceacedf04ca26,1036L,organized,OK,,2382,1826,166,366,0.0,0.581,0.879,2.2,4,data/crops/organized/organized_1036L_P1_b14ceacedf04ca26.jpg,2026-08-18T13:22:32+00:00
fceb25ff01c6bdaa,CD387324,organized,OK,,990,2002,303,744,0.0,0.947,0.924,2.45,2,data/crops/organized/organized_CD387324_S2_fceb25ff01c6bdaa.jpg,2026-08-18T13:22:32+00:00
06f55b2a38710ac0,NoName5,organized,OK,,1583,2044,409,992,0.0,0.905,0.911,2.42,2,data/crops/organized/organized_NoName5_S2_06f55b2a38710ac0.jpg,2026-08-18T13:22:33+00:00
f3f690252fb79b1a,15G2021-1826,organized,OK,,1374,1803,362,835,0.0,0.952,0.889,2.3,2,data/crops/organized/organized_15G2021-1826_S2_f3f690252fb79b1a.jpg,2026-08-18T13:22:34+00:00
c6da44f9711b51af,BAR.2018.00342,organized,OK,,1034,1585,374,831,0.0,0.979,0.899,2.22,3,data/crops/organized/organized_BAR.2018.00342_S1_c6da44f9711b51af.jpg,2026-08-18T13:22:35+00:00
4a1b77163f87f54e,15G2021-1826,organized,OK,,1223,1935,350,823,0.0,0.974,0.909,2.35,2,data/crops/organized/organized_15G2021-1826_S3_4a1b77163f87f54e.jpg,2026-08-18T13:22:35+00:00
0b165d17b1adfa40,NoName5,organized,OK,,1457,1935,406,984,0.0,0.911,0.904,2.43,2,data/crops/organized/organized_NoName5_S3_0b165d17b1adfa40.jpg,2026-08-18T13:22:36+00:00
33d07c0da8f0271a,CD387324,organized,OK,,1063,1892,295,748,0.0,0.966,0.922,2.53,2,data/crops/organized/organized_CD387324_S3_33d07c0da8f0271a.jpg,2026-08-18T13:22:36+00:00
690f11abd6a8f487,2012.0034,organized,OK,,2380,1741,385,1026,0.0,0.94,0.908,2.67,1,data/crops/organized/organized_2012.0034_P2_690f11abd6a8f487.jpg,2026-08-18T13:22:37+00:00
64d2d153ced66860,ABB-2020.00106,organized,OK,,2491,1843,424,956,1.848,0.732,0.92,2.26,3,data/crops/organized/organized_ABB-2020.00106_P1_64d2d153ced66860.jpg,2026-08-18T13:22:38+00:00
ff96a834008745dc,1036L,organized,OK,,2401,1862,161,347,0.0,0.744,0.848,2.15,3,data/crops/organized/organized_1036L_P2_ff96a834008745dc.jpg,2026-08-18T13:22:39+00:00
5c784671e6b6b7f7,CD387324,organized,OK,,1167,2164,303,744,0.0,0.87,0.881,2.45,3,data/crops/organized/organized_CD387324_S1_5c784671e6b6b7f7.jpg,2026-08-18T13:22:40+00:00
cd2dc77c5dd58795,NoName5,organized,OK,,1484,2172,406,969,0.0,0.824,0.909,2.39,2,data/crops/organized/organized_NoName5_S1_cd2dc77c5dd58795.jpg,2026-08-18T13:22:40+00:00
60d63cb2dc127918,15G2021-1826,organized,OK,,1223,1701,362,823,0.0,0.96,0.903,2.27,2,data/crops/organized/organized_15G2021-1826_S1_60d63cb2dc127918.jpg,2026-08-18T13:22:41+00:00
9fdf3c6e4ba612a6,BAR.2018.00342,organized,OK,,1175,1920,343,823,0.0,0.969,0.898,2.4,5,data/crops/organized/organized_BAR.2018.00342_S2_9fdf3c6e4ba612a6.jpg,2026-08-18T13:22:42+00:00
2789c587b4183301,BAR.2018.00342,organized,OK,,961,1890,331,756,0.0,0.972,0.895,2.29,2,data/crops/organized/organized_BAR.2018.00342_S3_2789c587b4183301.jpg,2026-08-18T13:22:42+00:00
22158b0df380f123,POLLINIS4984,organized,OK,,1106,2014,421,992,0.0,0.812,0.889,2.36,6,data/crops/organized/organized_POLLINIS4984_S3_22158b0df380f123.jpg,2026-08-18T13:22:43+00:00
7038f129606a1b12,POLLINIS4984,organized,OK,,1221,2097,421,1008,0.0,0.925,0.878,2.39,4,data/crops/organized/organized_POLLINIS4984_S2_7038f129606a1b12.jpg,2026-08-18T13:22:44+00:00
4207686da5b94bb2,POLLINIS4984,organized,OK,,1000,2152,421,1055,0.0,0.895,0.88,2.5,2,data/crops/organized/organized_POLLINIS4984_S1_4207686da5b94bb2.jpg,2026-08-18T13:22:45+00:00
284f8721c7b64abd,20A.07897,organized,OK,,1120,1776,449,996,0.0,0.778,0.901,2.22,2,data/crops/organized/organized_20A.07897_S2_284f8721c7b64abd.jpg,2026-08-18T13:22:46+00:00
991c10ab6078f821,NoName2,organized,OK,,1380,1510,437,957,0.0,0.915,0.877,2.19,5,data/crops/organized/organized_NoName2_S2_991c10ab6078f821.jpg,2026-08-18T13:22:47+00:00
77e33c5039596444,20A.07897,organized,OK,,1234,1823,425,957,0.0,0.835,0.88,2.25,3,data/crops/organized/organized_20A.07897_S3_77e33c5039596444.jpg,2026-08-18T13:22:48+00:00
6aa7f764000556a6,NoName2,organized,OK,,1232,1744,441,961,0.0,0.825,0.876,2.18,2,data/crops/organized/organized_NoName2_S3_6aa7f764000556a6.jpg,2026-08-18T13:22:49+00:00
2110b036b632fbff,POLLINIS4982b,organized,OK,,2451,1860,147,342,0.0,0.703,0.92,2.32,2,data/crops/organized/organized_POLLINIS4982b_P2_2110b036b632fbff.jpg,2026-08-18T13:22:50+00:00
0b082b79cc333c10,NoName2,organized,OK,,1138,1553,508,1142,0.0,0.748,0.877,2.25,2,data/crops/organized/organized_NoName2_S1_0b082b79cc333c10.jpg,2026-08-18T13:22:51+00:00
65876c76ce933619,20A.07897,organized,OK,,1319,1697,480,1055,0.0,0.838,0.9,2.2,2,data/crops/organized/organized_20A.07897_S1_65876c76ce933619.jpg,2026-08-18T13:22:51+00:00
1ce727241c3313f1,POLLINIS4982b,organized,OK,,2446,1841,138,332,0.0,0.835,0.921,2.41,2,data/crops/organized/organized_POLLINIS4982b_P1_1ce727241c3313f1.jpg,2026-08-18T13:22:52+00:00
ad90b5c1e999da28,ABAURA7151,organized,OK,,1161,1744,441,962,0.428,0.887,0.882,2.18,3,data/crops/organized/organized_ABAURA7151_S1_ad90b5c1e999da28.jpg,2026-08-18T13:22:53+00:00
9353872e905b5b4b,ABAURA7151,organized,OK,,1079,1803,472,1047,0.0,0.871,0.887,2.22,3,data/crops/organized/organized_ABAURA7151_S3_9353872e905b5b4b.jpg,2026-08-18T13:22:54+00:00
80326bfa3a2f49f6,ABAURA7151,organized,OK,,1110,1884,437,1008,0.0,0.954,0.897,2.31,3,data/crops/organized/organized_ABAURA7151_S2_80326bfa3a2f49f6.jpg,2026-08-18T13:22:54+00:00
b6a865f33d139e07,ABAURA7151,organized,OK,,2456,1857,142,314,0.0,0.806,0.899,2.2,1,data/crops/organized/organized_ABAURA7151_P2_b6a865f33d139e07.jpg,2026-08-18T13:22:55+00:00
1bd0dc835e496063,ABAURA7151,organized,OK,,2434,1883,138,318,0.0,0.844,0.911,2.31,2,data/crops/organized/organized_ABAURA7151_P1_1bd0dc835e496063.jpg,2026-08-18T13:22:56+00:00
9ad1d7ba63873922,NoName2,organized,OK,,2418,1838,190,418,0.0,0.87,0.841,2.2,4,data/crops/organized/organized_NoName2_P1_9ad1d7ba63873922.jpg,2026-08-18T13:22:57+00:00
c1049802cf54cdd2,20A.07897,organized,OK,,2325,1869,166,375,0.0,0.597,0.871,2.26,1,data/crops/organized/organized_20A.07897_P1_c1049802cf54cdd2.jpg,2026-08-18T13:22:57+00:00
908ea1eb851767ad,POLLINIS4982b,organized,OK,,996,1843,402,969,0.0,0.957,0.907,2.41,2,data/crops/organized/organized_POLLINIS4982b_S1_908ea1eb851767ad.jpg,2026-08-18T13:22:58+00:00
64e26be2162ee143,POLLINIS4982b,organized,OK,,925,1774,390,945,0.0,0.977,0.9,2.42,4,data/crops/organized/organized_POLLINIS4982b_S3_64e26be2162ee143.jpg,2026-08-18T13:22:59+00:00
5e6ac610c517bbdc,20A.07897,organized,OK,,2394,1867,162,370,0.0,0.841,0.842,2.29,1,data/crops/organized/organized_20A.07897_P2_5e6ac610c517bbdc.jpg,2026-08-18T13:23:00+00:00
812a9cd06bc8347f,NoName2,organized,OK,,2437,1862,190,418,0.0,0.954,0.841,2.2,3,data/crops/organized/organized_NoName2_P2_812a9cd06bc8347f.jpg,2026-08-18T13:23:00+00:00
c23ea51c7b7fdfe7,POLLINIS4982b,organized,OK,,1034,1792,410,949,0.0,0.913,0.884,2.32,3,data/crops/organized/organized_POLLINIS4982b_S2_c23ea51c7b7fdfe7.jpg,2026-08-18T13:23:01+00:00
a45e48d88d2d5f59,POLLINIS4984,organized,OK,,2411,1872,142,347,0.0,0.71,0.913,2.43,2,data/crops/organized/organized_POLLINIS4984_P1_a45e48d88d2d5f59.jpg,2026-08-18T13:23:02+00:00
d976bf7c9a5bfc13,POLLINIS4984,organized,OK,,2408,1843,142,352,0.0,0.383,0.917,2.47,2,data/crops/organized/organized_POLLINIS4984_P2_d976bf7c9a5bfc13.jpg,2026-08-18T13:23:04+00:00
946e8cc7e95e2bdd,CollecYvan23,organized,OK,,2465,1829,570,1396,0.0,0.513,0.92,2.45,1,data/crops/organized/organized_CollecYvan23_P2_946e8cc7e95e2bdd.jpg,2026-08-18T13:23:05+00:00
0df38620ecc02a44,FR15_ABOM180720047,organized,OK,,1447,2173,488,1083,0.0,0.814,0.868,2.22,2,data/crops/organized/organized_FR15_ABOM180720047_S3_0df38620ecc02a44.jpg,2026-08-18T13:23:06+00:00
0067cfb57aa7310d,FR15ABOM200722065,organized,OK,,1364,1746,437,1043,0.0,0.84,0.909,2.39,4,data/crops/organized/organized_FR15ABOM200722065_S1_0067cfb57aa7310d.jpg,2026-08-18T13:23:07+00:00
55fdcd7f03e011cb,ABAURA7781b,organized,OK,,1341,2059,465,1083,0.0,0.789,0.923,2.33,2,data/crops/organized/organized_ABAURA7781b_S3_55fdcd7f03e011cb.jpg,2026-08-18T13:23:07+00:00
482e03f07440f8d5,ABAURA7781,organized,OK,,2510,1824,570,1316,0.0,0.333,0.941,2.31,1,data/crops/organized/organized_ABAURA7781_P1_482e03f07440f8d5.jpg,2026-08-18T13:23:09+00:00
3d528397b9404958,FR15_AB210818002,organized,OK,,1356,2014,445,1036,0.0,0.944,0.916,2.33,3,data/crops/organized/organized_FR15_AB210818002_S3_3d528397b9404958.jpg,2026-08-18T13:23:10+00:00
4291e55693b0a70d,FR15_AB210818002,organized,OK,,1313,2107,441,1028,0.0,0.897,0.885,2.33,2,data/crops/organized/organized_FR15_AB210818002_S2_4291e55693b0a70d.jpg,2026-08-18T13:23:10+00:00
135081ec5f4d72ea,CollecYvan19,organized,OK,,2380,1779,480,1150,0.0,0.103,0.913,2.4,1,data/crops/organized/organized_CollecYvan19_P2_135081ec5f4d72ea.jpg,2026-08-18T13:23:12+00:00
3ba7147fc5ed50dd,ABAURA7781b,organized,OK,,1331,2114,472,1102,0.0,0.808,0.932,2.33,3,data/crops/organized/organized_ABAURA7781b_S2_3ba7147fc5ed50dd.jpg,2026-08-18T13:23:13+00:00
cd51dac21bf69714,FR15_ABOM180720047,organized,OK,,1443,1975,516,1146,0.0,0.877,0.881,2.22,2,data/crops/organized/organized_FR15_ABOM180720047_S2_cd51dac21bf69714.jpg,2026-08-18T13:23:14+00:00
f737514e1bef46eb,CollecYvan23,organized,OK,,2404,1848,570,1387,0.0,0.712,0.921,2.43,2,data/crops/organized/organized_CollecYvan23_P1_f737514e1bef46eb.jpg,2026-08-18T13:23:15+00:00
22805bf6d54cedf6,FR15ABOM200722065,organized,OK,,1571,1884,421,1024,0.0,0.897,0.902,2.43,2,data/crops/organized/organized_FR15ABOM200722065_S2_22805bf6d54cedf6.jpg,2026-08-18T13:23:16+00:00
fec79aaf480fc278,ABAURA7781,organized,OK,,2503,1814,570,1330,0.0,0.524,0.937,2.33,1,data/crops/organized/organized_ABAURA7781_P2_fec79aaf480fc278.jpg,2026-08-18T13:23:18+00:00
819d8f1f69b4676a,FR15_AB210818002,organized,OK,,1398,2020,449,1047,0.0,0.842,0.892,2.33,2,data/crops/organized/organized_FR15_AB210818002_S1_819d8f1f69b4676a.jpg,2026-08-18T13:23:19+00:00
d052ead34e1f1181,CollecYvan19,organized,OK,,2418,1798,489,1140,0.0,0.266,0.907,2.33,1,data/crops/organized/organized_CollecYvan19_P1_d052ead34e1f1181.jpg,2026-08-18T13:23:20+00:00
2e58c65a4070ac5a,ABAURA7781b,organized,OK,,1295,2069,484,1134,0.0,0.815,0.939,2.34,2,data/crops/organized/organized_ABAURA7781b_S1_2e58c65a4070ac5a.jpg,2026-08-18T13:23:22+00:00
b94d08ab39807b2f,FR15ABOM200722065,organized,OK,,1317,1908,421,1020,0.0,0.897,0.897,2.42,3,data/crops/organized/organized_FR15ABOM200722065_S3_b94d08ab39807b2f.jpg,2026-08-18T13:23:23+00:00
f9fd01b1f587af6b,FR15_ABOM180720047,organized,OK,,1382,2105,508,1134,0.0,0.854,0.885,2.23,2,data/crops/organized/organized_FR15_ABOM180720047_S1_f9fd01b1f587af6b.jpg,2026-08-18T13:23:24+00:00
9cb69ef8fa30d926,CollecYvan24,organized,OK,,1347,1831,496,1197,0.0,0.808,0.9,2.41,3,data/crops/organized/organized_CollecYvan24_S1_9cb69ef8fa30d926.jpg,2026-08-18T13:23:25+00:00
666e9b96daf866fc,FR15ABOM200722062,organized,OK,,2513,1812,622,1454,0.0,0.759,0.93,2.34,2,data/crops/organized/organized_FR15ABOM200722062_P2_666e9b96daf866fc.jpg,2026-08-18T13:23:25+00:00
5616bc2f4ea06c4c,CollecYvan21,organized,OK,,2491,1767,608,1430,0.0,0.311,0.92,2.35,2,data/crops/organized/organized_CollecYvan21_P1_5616bc2f4ea06c4c.jpg,2026-08-18T13:23:26+00:00
10c7d388fca4258e,FR15ABOM120722071,organized,OK,,2404,1831,584,1378,0.0,0.905,0.916,2.36,1,data/crops/organized/organized_FR15ABOM120722071_P2_10c7d388fca4258e.jpg,2026-08-18T13:23:27+00:00
92da6534ebb76e67,FR15ABOM130722047,organized,OK,,1374,2136,476,1016,0.0,0.833,0.868,2.13,4,data/crops/organized/organized_FR15ABOM130722047_S1_92da6534ebb76e67.jpg,2026-08-18T13:23:28+00:00
6000ef3fb217eb32,CollecYvan24,organized,OK,,1372,1825,492,1193,0.0,0.751,0.898,2.42,4,data/crops/organized/organized_CollecYvan24_S2_6000ef3fb217eb32.jpg,2026-08-18T13:23:30+00:00
fa6190233b18697b,FR15ABOM130722047,organized,OK,,1376,2223,461,965,0.0,0.906,0.875,2.09,2,data/crops/organized/organized_FR15ABOM130722047_S3_fa6190233b18697b.jpg,2026-08-18T13:23:31+00:00
e67b1d62ffe71de9,FR15ABOM200722062,organized,OK,,2475,1748,627,1463,0.0,0.72,0.924,2.33,2,data/crops/organized/organized_FR15ABOM200722062_P1_e67b1d62ffe71de9.jpg,2026-08-18T13:23:31+00:00
77fa6500134d7f0f,CollecYvan21,organized,OK,,2451,1779,613,1434,0.0,0.423,0.896,2.34,1,data/crops/organized/organized_CollecYvan21_P2_77fa6500134d7f0f.jpg,2026-08-18T13:23:32+00:00
1d1427019c8cca75,FR15ABOM120722071,organized,OK,,2449,1796,570,1373,0.0,0.796,0.92,2.41,1,data/crops/organized/organized_FR15ABOM120722071_P1_1d1427019c8cca75.jpg,2026-08-18T13:23:33+00:00
97529bb48e87af2c,FR15ABOM130722047,organized,OK,,1416,2168,453,965,0.0,0.824,0.885,2.13,2,data/crops/organized/organized_FR15ABOM130722047_S2_97529bb48e87af2c.jpg,2026-08-18T13:23:34+00:00
73eefe9302bcff46,CollecYvan24,organized,OK,,1425,1732,496,1197,0.0,0.841,0.907,2.41,2,data/crops/organized/organized_CollecYvan24_S3_73eefe9302bcff46.jpg,2026-08-18T13:23:35+00:00
765b0f00349f19fe,FR15_ABOM180720053,organized,OK,,1372,1746,421,957,0.0,0.966,0.896,2.27,3,data/crops/organized/organized_FR15_ABOM180720053_S1_765b0f00349f19fe.jpg,2026-08-18T13:23:35+00:00
ccced128bcb80bd0,FR15_ABOM180720048,organized,OK,,2472,1788,651,1515,0.0,0.658,0.929,2.33,1,data/crops/organized/organized_FR15_ABOM180720048_P1_ccced128bcb80bd0.jpg,2026-08-18T13:23:36+00:00
a0f1ac7b6377541c,FR15ABOM200722063,organized,OK,,1587,1965,417,1032,0.0,0.934,0.895,2.47,2,data/crops/organized/organized_FR15ABOM200722063_S3_a0f1ac7b6377541c.jpg,2026-08-18T13:23:37+00:00
c1287d16e425610c,FR15ABOM200722063,organized,OK,,1530,2132,445,1083,0.0,0.904,0.893,2.43,2,data/crops/organized/organized_FR15ABOM200722063_S2_c1287d16e425610c.jpg,2026-08-18T13:23:38+00:00
17d78a834ad2146a,CollecYvan20,organized,OK,,1368,1874,465,1114,0.0,0.733,0.925,2.4,2,data/crops/organized/organized_CollecYvan20_S1_17d78a834ad2146a.jpg,2026-08-18T13:23:39+00:00
b6d7d7413769fec2,FR15ABOM200722066,organized,OK,,2463,1769,660,1534,0.0,0.814,0.918,2.32,1,data/crops/organized/organized_FR15ABOM200722066_P2_b6d7d7413769fec2.jpg,2026-08-18T13:23:40+00:00
f9bb18b756f699c9,FR15_ABOM180720053,organized,OK,,1390,1760,433,976,0.0,0.884,0.896,2.25,2,data/crops/organized/organized_FR15_ABOM180720053_S2_f9bb18b756f699c9.jpg,2026-08-18T13:23:41+00:00
96498f75ed218f08,CollecYvan20,organized,OK,,1569,1965,465,1114,0.0,0.817,0.937,2.4,2,data/crops/organized/organized_CollecYvan20_S3_96498f75ed218f08.jpg,2026-08-18T13:23:42+00:00
7285b8921299b1c9,FR15_ABOM180720048,organized,OK,,2456,1817,651,1510,0.0,0.463,0.932,2.32,1,data/crops/organized/organized_FR15_ABOM180720048_P2_7285b8921299b1c9.jpg,2026-08-18T13:23:43+00:00
0e808145faddfc62,FR15ABOM200722063,organized,OK,,1488,2079,465,1158,0.0,0.704,0.896,2.49,2,data/crops/organized/organized_FR15ABOM200722063_S1_0e808145faddfc62.jpg,2026-08-18T13:23:44+00:00
9f34bd4596e2626e,FR15_ABOM180720053,organized,OK,,1356,1650,449,1020,0.0,0.852,0.909,2.27,2,data/crops/organized/organized_FR15_ABOM180720053_S3_9f34bd4596e2626e.jpg,2026-08-18T13:23:45+00:00
5d365db700abfe11,CollecYvan20,organized,OK,,1488,2004,457,1079,0.0,0.699,0.937,2.36,2,data/crops/organized/organized_CollecYvan20_S2_5d365db700abfe11.jpg,2026-08-18T13:23:46+00:00
030433f33c5cc327,FR15ABOM200722066,organized,OK,,2496,1776,665,1534,0.0,0.777,0.916,2.31,1,data/crops/organized/organized_FR15ABOM200722066_P1_030433f33c5cc327.jpg,2026-08-18T13:23:47+00:00
2bfed7f843c099de,FR15ABOM200722026,organized,OK,,1437,1921,449,1063,0.0,0.823,0.875,2.37,2,data/crops/organized/organized_FR15ABOM200722026_S1_2bfed7f843c099de.jpg,2026-08-18T13:23:47+00:00
41ec365359e4b1bc,CollecYvan22,organized,OK,,1569,1839,465,1067,0.0,0.852,0.909,2.3,2,data/crops/organized/organized_CollecYvan22_S3_41ec365359e4b1bc.jpg,2026-08-18T13:23:48+00:00
104325661fdbea19,FR15_ABOM180720046,organized,OK,,2518,1876,618,1501,0.0,0.879,0.931,2.43,1,data/crops/organized/organized_FR15_ABOM180720046_P2_104325661fdbea19.jpg,2026-08-18T13:23:50+00:00
cea051bcc567392f,FR15ABOM200722064,organized,OK,,2375,1765,603,1444,0.0,0.803,0.928,2.39,1,data/crops/organized/organized_FR15ABOM200722064_P1_cea051bcc567392f.jpg,2026-08-18T13:23:51+00:00
3d2590564fa5b05b,CollecYvan22,organized,OK,,1370,1780,472,1079,0.0,0.755,0.919,2.28,5,data/crops/organized/organized_CollecYvan22_S2_3d2590564fa5b05b.jpg,2026-08-18T13:23:52+00:00
9dedbc139367c8e0,FR15ABOM200722026,organized,OK,,1506,1994,445,1051,0.0,0.864,0.874,2.36,2,data/crops/organized/organized_FR15ABOM200722026_S2_9dedbc139367c8e0.jpg,2026-08-18T13:23:53+00:00
aa30a0e8394d9bca,FR15_ABOM180720046,organized,OK,,2415,1841,622,1506,0.0,0.823,0.935,2.42,1,data/crops/organized/organized_FR15_ABOM180720046_P1_aa30a0e8394d9bca.jpg,2026-08-18T13:23:55+00:00
51fca757187f1153,FR15ABOM200722064,organized,OK,,2380,1774,603,1472,0.0,0.689,0.927,2.44,1,data/crops/organized/organized_FR15ABOM200722064_P2_51fca757187f1153.jpg,2026-08-18T13:23:56+00:00
1f376767ddcf1288,CollecYvan22,organized,OK,,1396,1835,480,1106,0.0,0.819,0.915,2.3,3,data/crops/organized/organized_CollecYvan22_S1_1f376767ddcf1288.jpg,2026-08-18T13:23:57+00:00
15728eb968693b38,FR15ABOM200722026,organized,OK,,1347,1947,429,1032,0.0,0.884,0.879,2.4,2,data/crops/organized/organized_FR15ABOM200722026_S3_15728eb968693b38.jpg,2026-08-18T13:23:58+00:00
3427a5211741f6c0,FR15ABOM200722026,organized,OK,,2508,1834,589,1434,0.0,0.822,0.927,2.44,1,data/crops/organized/organized_FR15ABOM200722026_P2_3427a5211741f6c0.jpg,2026-08-18T13:23:59+00:00
4f4e6362948cd8de,FR15ABOM200722064,organized,OK,,1402,2049,445,1063,0.0,0.862,0.91,2.39,2,data/crops/organized/organized_FR15ABOM200722064_S3_4f4e6362948cd8de.jpg,2026-08-18T13:24:00+00:00
9928c02ce122baec,FR15_ABOM180720046,organized,OK,,1396,1687,500,1177,0.0,0.814,0.887,2.35,1,data/crops/organized/organized_FR15_ABOM180720046_S1_9928c02ce122baec.jpg,2026-08-18T13:24:01+00:00
4fac90e43cdcc2c3,FR15ABOM200722064,organized,OK,,1421,2099,425,1040,0.0,0.775,0.911,2.44,2,data/crops/organized/organized_FR15ABOM200722064_S2_4fac90e43cdcc2c3.jpg,2026-08-18T13:24:02+00:00
abd9704240eef228,CollecYvan22,organized,OK,,2449,1807,594,1373,0.0,0.202,0.923,2.31,1,data/crops/organized/organized_CollecYvan22_P1_abd9704240eef228.jpg,2026-08-18T13:24:03+00:00
8208923078920504,FR15ABOM200722026,organized,OK,,2470,1772,589,1416,0.0,0.675,0.928,2.4,1,data/crops/organized/organized_FR15ABOM200722026_P1_8208923078920504.jpg,2026-08-18T13:24:04+00:00
ba143f9bf62638c3,FR15_ABOM180720046,organized,OK,,1388,1719,484,1146,0.0,0.912,0.875,2.37,1,data/crops/organized/organized_FR15_ABOM180720046_S2_ba143f9bf62638c3.jpg,2026-08-18T13:24:05+00:00
4745d67b3392c82b,FR15_ABOM180720046,organized,OK,,1414,1770,484,1165,0.0,0.869,0.891,2.41,3,data/crops/organized/organized_FR15_ABOM180720046_S3_4745d67b3392c82b.jpg,2026-08-18T13:24:06+00:00
ada814e1afe744be,FR15ABOM200722064,organized,OK,,1473,2040,457,1142,0.0,0.798,0.906,2.5,3,data/crops/organized/organized_FR15ABOM200722064_S1_ada814e1afe744be.jpg,2026-08-18T13:24:07+00:00
7f6de0e50a43e163,CollecYvan22,organized,OK,,2418,1788,594,1368,0.0,0.378,0.929,2.3,2,data/crops/organized/organized_CollecYvan22_P2_7f6de0e50a43e163.jpg,2026-08-18T13:24:07+00:00
37a7ced7cb3dafa8,FR15_ABOM180720053,organized,OK,,2487,1841,641,1487,0.0,0.74,0.931,2.32,1,data/crops/organized/organized_FR15_ABOM180720053_P2_37a7ced7cb3dafa8.jpg,2026-08-18T13:24:08+00:00
0712be0fa89426e3,FR15_ABOM180720048,organized,OK,,1382,2124,484,1126,0.0,0.875,0.911,2.33,2,data/crops/organized/organized_FR15_ABOM180720048_S2_0712be0fa89426e3.jpg,2026-08-18T13:24:09+00:00
b5dc44bba161ab16,FR15_ABOM180720048,organized,OK,,1427,1971,492,1130,0.0,0.855,0.894,2.3,2,data/crops/organized/organized_FR15_ABOM180720048_S3_b5dc44bba161ab16.jpg,2026-08-18T13:24:10+00:00
8981482b05ffa5b9,FR15ABOM200722063,organized,OK,,2366,1760,584,1454,0.0,0.84,0.924,2.49,1,data/crops/organized/organized_FR15ABOM200722063_P1_8981482b05ffa5b9.jpg,2026-08-18T13:24:12+00:00
04098f5fdafdb66b,CollecYvan20,organized,OK,,2354,1795,579,1401,0.0,0.38,0.924,2.42,1,data/crops/organized/organized_CollecYvan20_P2_04098f5fdafdb66b.jpg,2026-08-18T13:24:13+00:00
b96e3f7e9484a967,FR15ABOM200722066,organized,OK,,1209,1845,532,1236,0.0,0.832,0.91,2.33,2,data/crops/organized/organized_FR15ABOM200722066_S1_b96e3f7e9484a967.jpg,2026-08-18T13:24:13+00:00
7ad43c420f243f66,FR15ABOM200722066,organized,OK,,1221,1961,520,1197,0.0,0.883,0.918,2.3,2,data/crops/organized/organized_FR15ABOM200722066_S3_7ad43c420f243f66.jpg,2026-08-18T13:24:14+00:00
7295280ddb0c56f0,FR15_ABOM180720053,organized,OK,,2472,1796,646,1515,0.0,0.415,0.93,2.35,1,data/crops/organized/organized_FR15_ABOM180720053_P1_7295280ddb0c56f0.jpg,2026-08-18T13:24:15+00:00
30dfab87654edb98,FR15_ABOM180720048,organized,OK,,1382,2067,480,1102,0.0,0.882,0.882,2.3,2,data/crops/organized/organized_FR15_ABOM180720048_S1_30dfab87654edb98.jpg,2026-08-18T13:24:15+00:00
48f882ba40d9af83,FR15ABOM200722063,organized,OK,,2382,1734,579,1439,0.0,0.868,0.925,2.48,1,data/crops/organized/organized_FR15ABOM200722063_P2_48f882ba40d9af83.jpg,2026-08-18T13:24:16+00:00
636796ad62c94a56,CollecYvan20,organized,OK,,2363,1788,584,1401,0.0,0.397,0.926,2.4,1,data/crops/organized/organized_CollecYvan20_P1_636796ad62c94a56.jpg,2026-08-18T13:24:17+00:00
9eebff8172f8ca00,FR15ABOM200722066,organized,OK,,1258,1973,512,1201,0.0,0.896,0.904,2.35,2,data/crops/organized/organized_FR15ABOM200722066_S2_9eebff8172f8ca00.jpg,2026-08-18T13:24:18+00:00
a42469bf5ff648a6,CollecYvan24,organized,OK,,2358,1860,613,1487,0.0,0.324,0.92,2.43,1,data/crops/organized/organized_CollecYvan24_P2_a42469bf5ff648a6.jpg,2026-08-18T13:24:19+00:00
40f382cf46cc2426,FR15ABOM200722062,organized,OK,,1356,1977,465,1083,0.0,0.748,0.904,2.33,3,data/crops/organized/organized_FR15ABOM200722062_S1_40f382cf46cc2426.jpg,2026-08-18T13:24:19+00:00
d5ad70ee5fe21c6d,CollecYvan21,organized,OK,,1656,1762,500,1185,0.0,0.807,0.917,2.37,1,data/crops/organized/organized_CollecYvan21_S2_d5ad70ee5fe21c6d.jpg,2026-08-18T13:24:20+00:00
5736baf83922f52c,CollecYvan21,organized,OK,,1648,1528,504,1177,0.0,0.829,0.925,2.34,1,data/crops/organized/organized_CollecYvan21_S3_5736baf83922f52c.jpg,2026-08-18T13:24:21+00:00
62311ee52fecc37d,FR15ABOM120722071,organized,OK,,1449,1829,469,1102,0.0,0.839,0.896,2.35,4,data/crops/organized/organized_FR15ABOM120722071_S1_62311ee52fecc37d.jpg,2026-08-18T13:24:21+00:00
9cff54e0bf4a968d,FR15ABOM130722047,organized,OK,,2475,1817,575,1254,0.0,0.851,0.924,2.18,1,data/crops/organized/organized_FR15ABOM130722047_P2_9cff54e0bf4a968d.jpg,2026-08-18T13:24:22+00:00
d8f452d167f3aff0,CollecYvan24,organized,OK,,2444,1796,608,1487,0.0,0.324,0.925,2.45,1,data/crops/organized/organized_CollecYvan24_P1_d8f452d167f3aff0.jpg,2026-08-18T13:24:23+00:00
e2ceccf5f79a28db,FR15ABOM200722062,organized,OK,,1392,1927,461,1075,0.0,0.768,0.909,2.33,2,data/crops/organized/organized_FR15ABOM200722062_S2_e2ceccf5f79a28db.jpg,2026-08-18T13:24:24+00:00
cb19bab0081eeef0,FR15ABOM120722071,organized,OK,,1408,1864,469,1091,0.0,0.852,0.886,2.33,2,data/crops/organized/organized_FR15ABOM120722071_S3_cb19bab0081eeef0.jpg,2026-08-18T13:24:24+00:00
563c4cdcce3c8100,CollecYvan21,organized,OK,,1803,1766,508,1213,0.0,0.827,0.909,2.39,2,data/crops/organized/organized_CollecYvan21_S1_563c4cdcce3c8100.jpg,2026-08-18T13:24:25+00:00
4457ce1175579e20,FR15ABOM120722071,organized,OK,,1327,1862,457,1071,0.0,0.896,0.898,2.34,2,data/crops/organized/organized_FR15ABOM120722071_S2_4457ce1175579e20.jpg,2026-08-18T13:24:26+00:00
4b2ebcac271781aa,FR15ABOM200722062,organized,OK,,1228,2075,472,1110,0.0,0.868,0.903,2.35,5,data/crops/organized/organized_FR15ABOM200722062_S3_4b2ebcac271781aa.jpg,2026-08-18T13:24:26+00:00
6c97b87e8a34eb40,FR15ABOM130722047,organized,OK,,2468,1786,560,1268,0.0,0.848,0.927,2.26,1,data/crops/organized/organized_FR15ABOM130722047_P1_6c97b87e8a34eb40.jpg,2026-08-18T13:24:27+00:00
e4e75a8d293f82fc,CollecYvan23,organized,OK,,1437,1845,469,1126,0.0,0.864,0.907,2.4,3,data/crops/organized/organized_CollecYvan23_S1_e4e75a8d293f82fc.jpg,2026-08-18T13:24:28+00:00
79c42c828aa83257,FR15ABOM200722065,organized,OK,,2484,1817,603,1444,0.0,0.905,0.936,2.39,2,data/crops/organized/organized_FR15ABOM200722065_P2_79c42c828aa83257.jpg,2026-08-18T13:24:29+00:00
2de83be32afdbc5e,ABAURA7781,organized,OK,,1441,2065,437,1016,0.0,0.901,0.936,2.32,3,data/crops/organized/organized_ABAURA7781_S2_2de83be32afdbc5e.jpg,2026-08-18T13:24:29+00:00
f8ae9ee34ca871ea,FR15_AB210818002,organized,OK,,2487,1772,627,1439,0.0,0.707,0.925,2.3,1,data/crops/organized/organized_FR15_AB210818002_P1_f8ae9ee34ca871ea.jpg,2026-08-18T13:24:30+00:00
231f15622442f73d,CollecYvan19,organized,OK,,1390,1782,374,929,0.0,0.952,0.889,2.48,2,data/crops/organized/organized_CollecYvan19_S1_231f15622442f73d.jpg,2026-08-18T13:24:31+00:00
42d5e80a859af79c,ABAURA7781,organized,OK,,1471,1925,433,1004,0.0,0.931,0.923,2.32,3,data/crops/organized/organized_ABAURA7781_S3_42d5e80a859af79c.jpg,2026-08-18T13:24:31+00:00
4b7935f8bf7ccc03,ABAURA7781b,organized,OK,,2413,1788,594,1387,0.0,0.563,0.926,2.34,1,data/crops/organized/organized_ABAURA7781b_P1_4b7935f8bf7ccc03.jpg,2026-08-18T13:24:32+00:00
42e4bde41548740a,FR15_ABOM180720047,organized,OK,,2498,1817,651,1482,0.0,0.806,0.922,2.28,3,data/crops/organized/organized_FR15_ABOM180720047_P1_42e4bde41548740a.jpg,2026-08-18T13:24:33+00:00
31f7dd919c69aa12,CollecYvan23,organized,OK,,1331,2042,461,1118,0.0,0.7,0.906,2.43,3,data/crops/organized/organized_CollecYvan23_S2_31f7dd919c69aa12.jpg,2026-08-18T13:24:34+00:00
8727b6c498dc4008,FR15ABOM200722065,organized,OK,,2544,1793,603,1439,0.0,0.868,0.93,2.39,1,data/crops/organized/organized_FR15ABOM200722065_P1_8727b6c498dc4008.jpg,2026-08-18T13:24:34+00:00
10bf88206d1a8750,ABAURA7781,organized,OK,,1333,2012,449,1043,0.0,0.866,0.922,2.32,2,data/crops/organized/organized_ABAURA7781_S1_10bf88206d1a8750.jpg,2026-08-18T13:24:35+00:00
1c890b5abcb11872,CollecYvan19,organized,OK,,1608,1732,386,902,0.0,0.973,0.925,2.34,3,data/crops/organized/organized_CollecYvan19_S3_1c890b5abcb11872.jpg,2026-08-18T13:24:36+00:00
864eba39c0899e80,FR15_AB210818002,organized,OK,,2518,1788,622,1434,0.0,0.641,0.928,2.31,1,data/crops/organized/organized_FR15_AB210818002_P2_864eba39c0899e80.jpg,2026-08-18T13:24:37+00:00
13f267f970927743,CollecYvan19,organized,OK,,1433,1803,394,921,0.0,0.788,0.918,2.34,3,data/crops/organized/organized_CollecYvan19_S2_13f267f970927743.jpg,2026-08-18T13:24:37+00:00
841fa6af597c3364,ABAURA7781b,organized,OK,,2431,1812,1392,595,-0.521,0.509,0.928,2.34,2,data/crops/organized/organized_ABAURA7781b_P2_841fa6af597c3364.jpg,2026-08-18T13:24:38+00:00
4f08a4c54c23cf45,FR15_ABOM180720047,organized,OK,,2501,1814,656,1496,0.0,0.588,0.922,2.28,2,data/crops/organized/organized_FR15_ABOM180720047_P2_4f08a4c54c23cf45.jpg,2026-08-18T13:24:39+00:00
355928ca1e2afdf1,CollecYvan23,organized,OK,,1455,2053,437,1067,0.0,0.815,0.892,2.44,2,data/crops/organized/organized_CollecYvan23_S3_355928ca1e2afdf1.jpg,2026-08-18T13:24:40+00:00
845eef852289965a,CD388820,organized,OK,,1480,2142,528,1221,0.0,0.796,0.905,2.31,3,data/crops/organized/organized_CD388820_S2_845eef852289965a.jpg,2026-08-18T13:24:41+00:00
4835bf7d8d4e44f8,CD388016b,organized,OK,,1101,1831,417,988,0.0,0.881,0.899,2.37,2,data/crops/organized/organized_CD388016b_S2_4835bf7d8d4e44f8.jpg,2026-08-18T13:24:41+00:00
119949be147f158c,ABAURA8207d,organized,OK,,2437,1689,451,1016,0.0,0.925,0.894,2.25,1,data/crops/organized/organized_ABAURA8207d_P1_119949be147f158c.jpg,2026-08-18T13:24:42+00:00
7dadffa2ecf3ec70,CD388391b,organized,OK,,2460,1736,594,1282,0.0,0.691,0.934,2.16,1,data/crops/organized/organized_CD388391b_P2_7dadffa2ecf3ec70.jpg,2026-08-18T13:24:44+00:00
bfbc0f85e98a931d,CD388003b,organized,OK,,2332,1824,532,1273,0.0,0.72,0.931,2.39,2,data/crops/organized/organized_CD388003b_P2_bfbc0f85e98a931d.jpg,2026-08-18T13:24:45+00:00
4a1342e0914d7f3a,CD388820b,organized,OK,,2541,1781,560,1264,0.0,0.575,0.93,2.25,2,data/crops/organized/organized_CD388820b_P1_4a1342e0914d7f3a.jpg,2026-08-18T13:24:46+00:00
c3923df1a9a387b0,Znieff_galibier,organized,OK,,2387,1729,589,1363,0.0,0.744,0.923,2.31,1,data/crops/organized/organized_Znieff_galibier_P2_c3923df1a9a387b0.jpg,2026-08-18T13:24:47+00:00
25995e75800c7e06,CD388016b,organized,OK,,1167,2053,437,1012,0.0,0.882,0.891,2.32,2,data/crops/organized/organized_CD388016b_S3_25995e75800c7e06.jpg,2026-08-18T13:24:48+00:00
2e1422462fadc298,CD388820,organized,OK,,1333,2006,484,1130,0.0,0.877,0.899,2.33,2,data/crops/organized/organized_CD388820_S3_2e1422462fadc298.jpg,2026-08-18T13:24:50+00:00
a7cdafbe8e601533,CD388820,organized,OK,,1500,2140,524,1197,0.0,0.885,0.905,2.29,3,data/crops/organized/organized_CD388820_S1_a7cdafbe8e601533.jpg,2026-08-18T13:24:51+00:00
6d31ecb292f0993c,CD388016b,organized,OK,,1169,1914,425,1000,0.0,0.871,0.901,2.35,3,data/crops/organized/organized_CD388016b_S1_6d31ecb292f0993c.jpg,2026-08-18T13:24:52+00:00
ebf740751ebbe04e,ABAURA8207d,organized,OK,,2415,1703,451,1040,0.0,0.938,0.903,2.31,1,data/crops/organized/organized_ABAURA8207d_P2_ebf740751ebbe04e.jpg,2026-08-18T13:24:53+00:00
faa55ce204dd805c,CD388391b,organized,OK,,2449,1779,594,1287,0.0,0.707,0.928,2.17,1,data/crops/organized/organized_CD388391b_P1_faa55ce204dd805c.jpg,2026-08-18T13:24:53+00:00
f4c1c6a5692e8814,CD388003b,organized,OK,,2337,1824,522,1292,0.0,0.577,0.932,2.47,2,data/crops/organized/organized_CD388003b_P1_f4c1c6a5692e8814.jpg,2026-08-18T13:24:54+00:00
a4f321a1a32c6915,CD388820b,organized,OK,,2477,1765,556,1259,0.0,0.611,0.932,2.26,2,data/crops/organized/organized_CD388820b_P2_a4f321a1a32c6915.jpg,2026-08-18T13:24:55+00:00
0680d6c33de35f6f,Znieff_galibier,organized,OK,,2453,1750,594,1354,0.0,0.674,0.926,2.28,2,data/crops/organized/organized_Znieff_galibier_P1_0680d6c33de35f6f.jpg,2026-08-18T13:24:55+00:00
f884fb925f48a00f,ABAURA8207f,organized,OK,,2525,1791,532,1164,0.0,0.77,0.912,2.19,1,data/crops/organized/organized_ABAURA8207f_P2_f884fb925f48a00f.jpg,2026-08-18T13:24:56+00:00
a6aa4b73a22affa9,CD388018d,organized,OK,,2330,1750,556,1325,0.0,0.74,0.921,2.38,1,data/crops/organized/organized_CD388018d_P2_a6aa4b73a22affa9.jpg,2026-08-18T13:24:57+00:00
9ff3f34f21fdd688,ABAURA8207c,organized,OK,,1313,2124,398,949,0.0,0.972,0.882,2.39,3,data/crops/organized/organized_ABAURA8207c_S2_9ff3f34f21fdd688.jpg,2026-08-18T13:24:58+00:00
98a898f449d7a26f,ABAURA8207c,organized,OK,,1130,2105,374,898,0.0,0.981,0.89,2.4,2,data/crops/organized/organized_ABAURA8207c_S3_98a898f449d7a26f.jpg,2026-08-18T13:24:58+00:00
ef245b03c92b2a96,ABAURA8239d,organized,OK,,2437,1748,504,1197,0.0,0.659,0.914,2.38,2,data/crops/organized/organized_ABAURA8239d_P2_ef245b03c92b2a96.jpg,2026-08-18T13:24:59+00:00
a5bd6e4389bc9794,ABAURA8207f,organized,OK,,2470,1727,527,1197,0.0,0.723,0.912,2.27,1,data/crops/organized/organized_ABAURA8207f_P1_a5bd6e4389bc9794.jpg,2026-08-18T13:25:00+00:00
cf10586bc3dfc643,CD388018d,organized,OK,,2356,1755,556,1330,0.0,0.709,0.916,2.39,1,data/crops/organized/organized_CD388018d_P1_cf10586bc3dfc643.jpg,2026-08-18T13:25:00+00:00
886185b1c3f31d81,ABAURA8207c,organized,OK,,1266,1979,406,941,0.0,0.887,0.881,2.32,2,data/crops/organized/organized_ABAURA8207c_S1_886185b1c3f31d81.jpg,2026-08-18T13:25:01+00:00
26dd38b04669facf,ABAURA8239d,organized,OK,,2415,1743,504,1211,0.0,0.691,0.925,2.41,1,data/crops/organized/organized_ABAURA8239d_P1_26dd38b04669facf.jpg,2026-08-18T13:25:02+00:00
acaeb11e1e5799f9,ABAURA8526b,organized,OK,,1240,2012,472,1102,0.0,0.579,0.887,2.33,2,data/crops/organized/organized_ABAURA8526b_S1_acaeb11e1e5799f9.jpg,2026-08-18T13:25:03+00:00
3b3377466a1c966b,CD388018e,organized,OK,,1041,2097,390,957,0.0,0.854,0.906,2.45,4,data/crops/organized/organized_CD388018e_S3_3b3377466a1c966b.jpg,2026-08-18T13:25:03+00:00
732dec64425c5854,CD388018e,organized,OK,,965,1990,382,953,0.0,0.821,0.903,2.49,3,data/crops/organized/organized_CD388018e_S2_732dec64425c5854.jpg,2026-08-18T13:25:04+00:00
40523f230187aeee,ABAURA8604,organized,OK,,2475,1812,594,1425,0.0,0.602,0.937,2.4,2,data/crops/organized/organized_ABAURA8604_P1_40523f230187aeee.jpg,2026-08-18T13:25:05+00:00
dd5e4e4917a4d6fd,CD388013,organized,OK,,1165,2061,437,1055,0.0,0.806,0.917,2.41,2,data/crops/organized/organized_CD388013_S1_dd5e4e4917a4d6fd.jpg,2026-08-18T13:25:05+00:00
915e6b5e51a7fb6e,ABAURA8207b,organized,OK,,2487,1708,461,1097,0.0,0.947,0.92,2.38,2,data/crops/organized/organized_ABAURA8207b_P2_915e6b5e51a7fb6e.jpg,2026-08-18T13:25:06+00:00
c9c2f3c449411fe2,ABAURA8526b,organized,OK,,1356,2144,476,1106,0.0,0.86,0.901,2.32,3,data/crops/organized/organized_ABAURA8526b_S2_c9c2f3c449411fe2.jpg,2026-08-18T13:25:07+00:00
6ad273b8414529a6,CD388013,organized,OK,,1266,1981,441,1083,0.0,0.799,0.891,2.46,2,data/crops/organized/organized_CD388013_S3_6ad273b8414529a6.jpg,2026-08-18T13:25:07+00:00
e39c201f260c860e,CD388018e,organized,OK,,1014,1983,390,949,0.0,0.821,0.916,2.43,2,data/crops/organized/organized_CD388018e_S1_e39c201f260c860e.jpg,2026-08-18T13:25:08+00:00
7e343a15e1ec0b9b,CD388013,organized,OK,,1179,1977,425,1051,0.0,0.78,0.913,2.47,2,data/crops/organized/organized_CD388013_S2_7e343a15e1ec0b9b.jpg,2026-08-18T13:25:09+00:00
54425cf97890ff26,ABAURA8604,organized,OK,,2422,1807,594,1434,0.0,0.485,0.931,2.42,2,data/crops/organized/organized_ABAURA8604_P2_54425cf97890ff26.jpg,2026-08-18T13:25:10+00:00
a3c4920591e8fba0,ABAURA8207b,organized,OK,,2494,1705,456,1130,0.0,0.868,0.92,2.48,1,data/crops/organized/organized_ABAURA8207b_P1_a3c4920591e8fba0.jpg,2026-08-18T13:25:10+00:00
2e62e9bd621a3942,ABAURA8526b,organized,OK,,1191,1906,457,1067,0.0,0.756,0.892,2.34,2,data/crops/organized/organized_ABAURA8526b_S3_2e62e9bd621a3942.jpg,2026-08-18T13:25:11+00:00
452e880f13b8ff18,CD388003,organized,OK,,1164,2012,449,1004,0.0,0.724,0.916,2.24,2,data/crops/organized/organized_CD388003_S3_452e880f13b8ff18.jpg,2026-08-18T13:25:12+00:00
844688e9038ff13c,ABAURA8205d,organized,OK,,2382,1765,565,1278,0.0,0.761,0.917,2.26,1,data/crops/organized/organized_ABAURA8205d_P1_844688e9038ff13c.jpg,2026-08-18T13:25:12+00:00
5c66119db609e78e,ABAURA8599,organized,OK,,2352,1806,554,1322,4.399,0.639,0.931,2.39,1,data/crops/organized/organized_ABAURA8599_P2_5c66119db609e78e.jpg,2026-08-18T13:25:13+00:00
d0faf9ce538b6ffa,ABAURA8150d,organized,SUSPECT,,819,2341,413,528,0.0,0.864,0.787,1.28,4,data/crops/organized/organized_ABAURA8150d_S2_d0faf9ce538b6ffa.jpg,2026-08-18T13:25:14+00:00
79b5b791b780104d,ABAURA8150d,organized,OK,,1189,2110,402,1063,0.0,0.92,0.87,2.65,5,data/crops/organized/organized_ABAURA8150d_S3_79b5b791b780104d.jpg,2026-08-18T13:25:14+00:00
bc6eec3a3d0769a6,ABAURA8207e,organized,OK,,1209,2069,413,1024,0.0,0.97,0.865,2.48,5,data/crops/organized/organized_ABAURA8207e_S1_bc6eec3a3d0769a6.jpg,2026-08-18T13:25:15+00:00
eb69d9cf01c39ba9,CD388003,organized,OK,,1122,1983,461,1024,0.0,0.774,0.904,2.22,2,data/crops/organized/organized_CD388003_S2_eb69d9cf01c39ba9.jpg,2026-08-18T13:25:16+00:00
dcaea6c21d9a4f3d,ABAURA8207e,organized,OK,,1099,2089,413,992,0.0,0.921,0.906,2.4,2,data/crops/organized/organized_ABAURA8207e_S3_dcaea6c21d9a4f3d.jpg,2026-08-18T13:25:16+00:00
6c806eb6d2d54546,ABAURA8205d,organized,OK,,2394,1803,565,1273,0.0,0.843,0.931,2.25,2,data/crops/organized/organized_ABAURA8205d_P2_6c806eb6d2d54546.jpg,2026-08-18T13:25:17+00:00
3f5d365ff8f649dc,ABAURA8150d,organized,OK,,1262,2006,406,1059,0.0,0.936,0.851,2.61,4,data/crops/organized/organized_ABAURA8150d_S1_3f5d365ff8f649dc.jpg,2026-08-18T13:25:18+00:00
a6659b7797b91746,ABAURA8599,organized,OK,,2320,1800,559,1290,2.272,0.678,0.903,2.31,1,data/crops/organized/organized_ABAURA8599_P1_a6659b7797b91746.jpg,2026-08-18T13:25:19+00:00
9385d6a09661c6f4,ABAURA8207e,organized,OK,,1185,1992,417,1024,0.0,0.97,0.888,2.45,3,data/crops/organized/organized_ABAURA8207e_S2_9385d6a09661c6f4.jpg,2026-08-18T13:25:20+00:00
03615507923c5b6c,CD388003,organized,OK,,1087,2053,429,976,0.0,0.625,0.923,2.28,3,data/crops/organized/organized_CD388003_S1_03615507923c5b6c.jpg,2026-08-18T13:25:20+00:00
e99b2271ed93462e,ABAURA8205d,organized,OK,,1148,1870,433,973,0.0,0.9,0.898,2.25,3,data/crops/organized/organized_ABAURA8205d_S2_e99b2271ed93462e.jpg,2026-08-18T13:25:21+00:00
4ccb8fc03ce5931a,ABAURA8150d,organized,OK,,2369,1766,1297,491,-0.507,0.793,0.901,2.64,3,data/crops/organized/organized_ABAURA8150d_P1_4ccb8fc03ce5931a.jpg,2026-08-18T13:25:22+00:00
23a89300eeb8723a,ABAURA8599,organized,OK,,1232,2116,469,1079,0.0,0.826,0.923,2.3,2,data/crops/organized/organized_ABAURA8599_S1_23a89300eeb8723a.jpg,2026-08-18T13:25:23+00:00
e3ac62778d33caad,ABAURA8205d,organized,OK,,1160,1862,457,1020,0.0,0.88,0.888,2.23,1,data/crops/organized/organized_ABAURA8205d_S3_e3ac62778d33caad.jpg,2026-08-18T13:25:24+00:00
6060c64f377962ea,ABAURA8207e,organized,OK,,2415,1746,518,1249,0.0,0.333,0.921,2.41,1,data/crops/organized/organized_ABAURA8207e_P2_6060c64f377962ea.jpg,2026-08-18T13:25:24+00:00
3d59b0c95e006cfa,CD388003,organized,OK,,2432,1774,1228,547,-0.379,0.398,0.941,2.24,2,data/crops/organized/organized_CD388003_P1_3d59b0c95e006cfa.jpg,2026-08-18T13:25:25+00:00
c4aa927a391861da,ABAURA8205d,organized,OK,,1169,1772,441,992,0.0,0.856,0.903,2.25,2,data/crops/organized/organized_ABAURA8205d_S1_c4aa927a391861da.jpg,2026-08-18T13:25:26+00:00
55071880353a83c1,ABAURA8599,organized,OK,,1315,2097,469,1063,0.0,0.867,0.895,2.27,3,data/crops/organized/organized_ABAURA8599_S2_55071880353a83c1.jpg,2026-08-18T13:25:26+00:00
42b15aa74d7d1df3,ABAURA8150d,organized,OK,,2424,1926,1277,807,-5.845,0.557,0.829,1.58,3,data/crops/organized/organized_ABAURA8150d_P2_42b15aa74d7d1df3.jpg,2026-08-18T13:25:27+00:00
3881256a26afaf2d,ABAURA8599,organized,OK,,1118,1977,433,1032,0.0,0.869,0.897,2.38,2,data/crops/organized/organized_ABAURA8599_S3_3881256a26afaf2d.jpg,2026-08-18T13:25:28+00:00
8010a700d6e3c12b,ABAURA8207e,organized,OK,,2427,1748,522,1235,0.0,0.665,0.91,2.36,1,data/crops/organized/organized_ABAURA8207e_P1_8010a700d6e3c12b.jpg,2026-08-18T13:25:29+00:00
7df5d0880b1619af,CD388003,organized,OK,,2401,1772,551,1230,0.0,0.236,0.939,2.23,1,data/crops/organized/organized_CD388003_P2_7df5d0880b1619af.jpg,2026-08-18T13:25:30+00:00
774c03a4aca3147f,ABAURA8526b,organized,OK,,2304,1748,589,1377,0.0,0.522,0.912,2.34,1,data/crops/organized/organized_ABAURA8526b_P2_774c03a4aca3147f.jpg,2026-08-18T13:25:31+00:00
9da6906e4b0a11d1,ABAURA8604,organized,OK,,1347,2475,500,1197,0.0,0.775,0.917,2.39,3,data/crops/organized/organized_ABAURA8604_S3_9da6906e4b0a11d1.jpg,2026-08-18T13:25:31+00:00
85b7f46b88d2c66a,CD388018e,organized,OK,,2451,1800,494,1206,0.0,0.573,0.927,2.44,2,data/crops/organized/organized_CD388018e_P1_85b7f46b88d2c66a.jpg,2026-08-18T13:25:32+00:00
d0beecd8f4913a59,CD388013,organized,OK,,2389,1786,532,1282,0.0,0.612,0.923,2.41,1,data/crops/organized/organized_CD388013_P2_d0beecd8f4913a59.jpg,2026-08-18T13:25:33+00:00
2e43065f55e21c85,ABAURA8604,organized,OK,,1563,2384,492,1181,0.0,0.934,0.902,2.4,3,data/crops/organized/organized_ABAURA8604_S2_2e43065f55e21c85.jpg,2026-08-18T13:25:34+00:00
bcce481121628481,ABAURA8207b,organized,OK,,1205,1894,417,984,0.0,0.926,0.908,2.36,4,data/crops/organized/organized_ABAURA8207b_S1_bcce481121628481.jpg,2026-08-18T13:25:34+00:00
a5a08141d8f8816f,ABAURA8526b,organized,OK,,2342,1758,589,1387,0.0,0.384,0.926,2.35,1,data/crops/organized/organized_ABAURA8526b_P1_a5a08141d8f8816f.jpg,2026-08-18T13:25:35+00:00
10dbfdb3d6f8180d,ABAURA8207b,organized,OK,,998,2085,406,980,0.0,0.942,0.897,2.42,2,data/crops/organized/organized_ABAURA8207b_S3_10dbfdb3d6f8180d.jpg,2026-08-18T13:25:36+00:00
74e6dd1048544702,CD388018e,organized,OK,,2373,1814,494,1202,0.0,0.703,0.929,2.43,2,data/crops/organized/organized_CD388018e_P2_74e6dd1048544702.jpg,2026-08-18T13:25:36+00:00
617bf89af2c6fcf0,ABAURA8604,organized,OK,,1480,2520,496,1181,0.0,0.856,0.917,2.38,3,data/crops/organized/organized_ABAURA8604_S1_617bf89af2c6fcf0.jpg,2026-08-18T13:25:37+00:00
0b1eb9f8750b45b5,CD388013,organized,OK,,2432,1765,527,1292,0.0,0.646,0.917,2.45,1,data/crops/organized/organized_CD388013_P1_0b1eb9f8750b45b5.jpg,2026-08-18T13:25:38+00:00
c7d765af4370bc01,ABAURA8207b,organized,OK,,1177,2067,409,937,0.0,0.905,0.902,2.29,4,data/crops/organized/organized_ABAURA8207b_S2_c7d765af4370bc01.jpg,2026-08-18T13:25:39+00:00
d5604fac58e50dfd,ABAURA8207f,organized,OK,,1301,1959,437,957,0.0,0.882,0.913,2.19,2,data/crops/organized/organized_ABAURA8207f_S1_d5604fac58e50dfd.jpg,2026-08-18T13:25:39+00:00
742924986f0efe3c,CD388018d,organized,OK,,1347,1902,417,1008,0.0,0.906,0.911,2.42,2,data/crops/organized/organized_CD388018d_S1_742924986f0efe3c.jpg,2026-08-18T13:25:40+00:00
194d46dbe92a5705,ABAURA8207c,organized,OK,,2460,1762,475,1121,0.0,0.938,0.93,2.36,2,data/crops/organized/organized_ABAURA8207c_P1_194d46dbe92a5705.jpg,2026-08-18T13:25:41+00:00
1be01165ce30cb4d,ABAURA8239d,organized,OK,,1116,1967,421,1012,0.0,0.898,0.905,2.4,2,data/crops/organized/organized_ABAURA8239d_S1_1be01165ce30cb4d.jpg,2026-08-18T13:25:42+00:00
c16f30ab8362770d,ABAURA8239d,organized,OK,,1095,2065,406,969,0.0,0.763,0.936,2.39,2,data/crops/organized/organized_ABAURA8239d_S3_c16f30ab8362770d.jpg,2026-08-18T13:25:43+00:00
412a974028993bbd,ABAURA8207f,organized,OK,,1177,2138,425,953,0.0,0.921,0.923,2.24,2,data/crops/organized/organized_ABAURA8207f_S2_412a974028993bbd.jpg,2026-08-18T13:25:44+00:00
57df3bc3813784ad,CD388018d,organized,OK,,1329,1965,425,1012,0.0,0.887,0.911,2.38,2,data/crops/organized/organized_CD388018d_S2_57df3bc3813784ad.jpg,2026-08-18T13:25:45+00:00
a64eadf5684b1cb5,ABAURA8207c,organized,OK,,2456,1738,466,1112,0.0,0.948,0.913,2.39,2,data/crops/organized/organized_ABAURA8207c_P2_a64eadf5684b1cb5.jpg,2026-08-18T13:25:46+00:00
bf202f4600efb1a5,CD388018d,organized,OK,,1396,1921,433,1036,0.0,0.791,0.888,2.39,2,data/crops/organized/organized_CD388018d_S3_bf202f4600efb1a5.jpg,2026-08-18T13:25:46+00:00
0744b57b084cbc9b,ABAURA8207f,organized,OK,,1266,2004,409,933,0.0,0.957,0.923,2.28,3,data/crops/organized/organized_ABAURA8207f_S3_0744b57b084cbc9b.jpg,2026-08-18T13:25:47+00:00
365c4433cf295197,ABAURA8239d,organized,OK,,1138,1971,413,1000,0.0,0.87,0.919,2.42,3,data/crops/organized/organized_ABAURA8239d_S2_365c4433cf295197.jpg,2026-08-18T13:25:48+00:00
9be325c13ee788b4,CD388016b,organized,OK,,2368,1738,542,1287,0.0,0.714,0.919,2.38,1,data/crops/organized/organized_CD388016b_P1_9be325c13ee788b4.jpg,2026-08-18T13:25:49+00:00
22abc57ca4a87fdc,CD388820,organized,OK,,2377,1784,651,1477,0.0,0.497,0.932,2.27,1,data/crops/organized/organized_CD388820_P1_22abc57ca4a87fdc.jpg,2026-08-18T13:25:49+00:00
c1c52c67d07e38bc,ABAURA8207d,organized,OK,,1252,2164,398,921,0.0,0.972,0.9,2.32,1,data/crops/organized/organized_ABAURA8207d_S2_c1c52c67d07e38bc.jpg,2026-08-18T13:25:50+00:00
4828f3ff04d164ea,CD388820b,organized,OK,,1293,1914,449,1020,0.0,0.854,0.882,2.27,3,data/crops/organized/organized_CD388820b_S3_4828f3ff04d164ea.jpg,2026-08-18T13:25:51+00:00
fe6cf3284301f3d4,CD388391b,organized,OK,,1345,2240,488,1075,0.0,0.678,0.898,2.2,2,data/crops/organized/organized_CD388391b_S1_fe6cf3284301f3d4.jpg,2026-08-18T13:25:51+00:00
aa6c1a4811c339da,CD388820b,organized,OK,,1256,1831,425,976,0.0,0.903,0.899,2.3,2,data/crops/organized/organized_CD388820b_S2_aa6c1a4811c339da.jpg,2026-08-18T13:25:52+00:00
9cd258496a9dd50a,CD388003b,organized,OK,,1248,2075,425,1039,0.0,0.753,0.912,2.44,2,data/crops/organized/organized_CD388003b_S1_9cd258496a9dd50a.jpg,2026-08-18T13:25:53+00:00
98b33c58459cb77a,ABAURA8207d,organized,OK,,1244,1979,437,1000,0.0,0.912,0.883,2.29,3,data/crops/organized/organized_ABAURA8207d_S3_98b33c58459cb77a.jpg,2026-08-18T13:25:53+00:00
af52c73be65231d0,Znieff_galibier,organized,OK,,1335,1882,488,1118,0.0,0.669,0.91,2.29,3,data/crops/organized/organized_Znieff_galibier_S1_af52c73be65231d0.jpg,2026-08-18T13:25:54+00:00
9110c87f3ed33295,CD388016b,organized,OK,,2387,1729,542,1268,0.0,0.72,0.902,2.34,1,data/crops/organized/organized_CD388016b_P2_9110c87f3ed33295.jpg,2026-08-18T13:25:55+00:00
7251bfbe9b2b0c29,CD388820,organized,OK,,2358,1791,646,1496,0.0,0.638,0.932,2.32,1,data/crops/organized/organized_CD388820_P2_7251bfbe9b2b0c29.jpg,2026-08-18T13:25:55+00:00
a2d17e07779aae0f,Znieff_galibier,organized,OK,,1266,1894,480,1106,0.0,0.872,0.922,2.3,3,data/crops/organized/organized_Znieff_galibier_S3_a2d17e07779aae0f.jpg,2026-08-18T13:25:56+00:00
990290f651f5ebb4,CD388003b,organized,OK,,1238,2022,406,1012,0.0,0.697,0.893,2.5,4,data/crops/organized/organized_CD388003b_S3_990290f651f5ebb4.jpg,2026-08-18T13:25:57+00:00
d2d1ad598f565a84,ABAURA8207d,organized,OK,,1063,2128,406,913,0.0,0.905,0.9,2.25,2,data/crops/organized/organized_ABAURA8207d_S1_d2d1ad598f565a84.jpg,2026-08-18T13:25:57+00:00
4bbdbc4bb5377ac1,CD388391b,organized,OK,,1329,2136,492,1075,0.0,0.911,0.912,2.18,2,data/crops/organized/organized_CD388391b_S2_4bbdbc4bb5377ac1.jpg,2026-08-18T13:25:58+00:00
0fa6c4ab4867c817,CD388391b,organized,OK,,1311,2364,469,1024,0.0,0.869,0.901,2.18,2,data/crops/organized/organized_CD388391b_S3_0fa6c4ab4867c817.jpg,2026-08-18T13:25:59+00:00
11df20af9fbe8ae2,CD388820b,organized,OK,,1305,1959,429,980,0.0,0.865,0.903,2.28,3,data/crops/organized/organized_CD388820b_S1_11df20af9fbe8ae2.jpg,2026-08-18T13:26:00+00:00
deb000623626881a,CD388003b,organized,OK,,1272,1981,425,1016,0.0,0.767,0.9,2.39,2,data/crops/organized/organized_CD388003b_S2_deb000623626881a.jpg,2026-08-18T13:26:00+00:00
5b3a038e81c8073a,Znieff_galibier,organized,OK,,1258,1961,472,1091,0.0,0.846,0.934,2.31,2,data/crops/organized/organized_Znieff_galibier_S2_5b3a038e81c8073a.jpg,2026-08-18T13:26:01+00:00
37629cdfbcb8d1c6,FR15AB100518002,organized,OK,,1335,1898,630,1417,0.0,0.795,0.926,2.25,3,data/crops/organized/organized_FR15AB100518002_S2_37629cdfbcb8d1c6.jpg,2026-08-18T13:26:01+00:00
e823784aa21a02e6,FR15AB100518002,organized,OK,,1581,1673,638,1453,0.0,0.874,0.916,2.28,3,data/crops/organized/organized_FR15AB100518002_S3_e823784aa21a02e6.jpg,2026-08-18T13:26:02+00:00
f1466277add230a3,FR15AB100518002,organized,OK,,1396,1636,650,1461,0.0,0.817,0.914,2.25,1,data/crops/organized/organized_FR15AB100518002_S1_f1466277add230a3.jpg,2026-08-18T13:26:03+00:00
546d6df38cbf9804,FR15AB100518002,organized,OK,,2434,1850,831,1876,0.0,0.407,0.93,2.26,1,data/crops/organized/organized_FR15AB100518002_P1_546d6df38cbf9804.jpg,2026-08-18T13:26:04+00:00
185615b9fc3a5a1d,FR15AB100518002,organized,OK,,2394,1838,836,1881,0.0,0.566,0.938,2.25,2,data/crops/organized/organized_FR15AB100518002_P2_185615b9fc3a5a1d.jpg,2026-08-18T13:26:04+00:00
7521a1522b71df02,VAN-2019.00781,organized,OK,,1202,872,66,180,0.0,0.124,0.75,2.71,2,data/crops/organized/organized_VAN-2019.00781_P3_7521a1522b71df02.jpg,2026-08-18T13:26:05+00:00
fb3f2bae0be94b46,VAN-2019.00788,organized,OK,,1375,2242,1064,448,-0.637,0.452,0.935,2.37,3,data/crops/organized/organized_VAN-2019.00788_S3_fb3f2bae0be94b46.jpg,2026-08-18T13:26:06+00:00
77b8841634d4a99b,15L2021-1758,organized,OK,,1246,1959,484,1225,0.0,0.868,0.917,2.53,2,data/crops/organized/organized_15L2021-1758_S2_77b8841634d4a99b.jpg,2026-08-18T13:26:06+00:00
fdbc0b7fb83cdb73,15L2021-1758,organized,OK,,1288,1868,492,1221,0.0,0.737,0.888,2.48,2,data/crops/organized/organized_15L2021-1758_S3_fdbc0b7fb83cdb73.jpg,2026-08-18T13:26:07+00:00
b72e529a2adbb0ed,VAN-2019.00788,organized,OK,,939,2018,429,1114,0.0,0.873,0.903,2.6,4,data/crops/organized/organized_VAN-2019.00788_S2_b72e529a2adbb0ed.jpg,2026-08-18T13:26:08+00:00
8c3307e7a526dde1,VAN-2019.00781,organized,OK,,1211,899,83,218,0.0,0.282,0.804,2.63,2,data/crops/organized/organized_VAN-2019.00781_P2_8c3307e7a526dde1.jpg,2026-08-18T13:26:08+00:00
0b8d57d8876590c8,2020.00470,organized,OK,,1209,908,97,242,0.0,0.731,0.822,2.49,1,data/crops/organized/organized_2020.00470_P1_0b8d57d8876590c8.jpg,2026-08-18T13:26:09+00:00
cccb122cef76d185,2020.00470,organized,OK,,1239,888,100,226,0.0,0.608,0.847,2.26,2,data/crops/organized/organized_2020.00470_P3_cccb122cef76d185.jpg,2026-08-18T13:26:10+00:00
34c435b81f6b6700,15L2021-1758,organized,OK,,1490,1908,508,1264,0.0,0.754,0.893,2.49,4,data/crops/organized/organized_15L2021-1758_S1_34c435b81f6b6700.jpg,2026-08-18T13:26:11+00:00
a3313086d2e9122d,VAN-2019.00781,organized,OK,,1191,884,66,164,0.0,0.427,0.756,2.46,3,data/crops/organized/organized_VAN-2019.00781_P1_a3313086d2e9122d.jpg,2026-08-18T13:26:11+00:00
272e65c581d83d9c,VAN-2019.00788,organized,OK,,1425,2272,291,693,0.0,0.965,0.85,2.38,6,data/crops/organized/organized_VAN-2019.00788_S1_272e65c581d83d9c.jpg,2026-08-18T13:26:12+00:00
0401963389a1bfe9,2020.00470,organized,OK,,1210,922,95,249,0.0,0.573,0.807,2.63,2,data/crops/organized/organized_2020.00470_P2_0401963389a1bfe9.jpg,2026-08-18T13:26:13+00:00
297fb63d9df94117,VAN-2019.00822,organized,OK,,1235,894,97,200,0.0,0.716,0.851,2.05,2,data/crops/organized/organized_VAN-2019.00822_P2_297fb63d9df94117.jpg,2026-08-18T13:26:14+00:00
242c17a0284eb273,15L2021-1499,organized,OK,,2361,1781,532,1292,0.0,0.825,0.922,2.43,1,data/crops/organized/organized_15L2021-1499_P1_242c17a0284eb273.jpg,2026-08-18T13:26:15+00:00
0f25cc5a7b3bd494,VAN-2019.00814,organized,OK,,1229,912,114,197,0.0,0.231,0.78,1.73,2,data/crops/organized/organized_VAN-2019.00814_P3_0f25cc5a7b3bd494.jpg,2026-08-18T13:26:16+00:00
30167346b354ca7b,VAN-2019.00783,organized,OK,,1217,894,217,85,-1.79,0.537,0.745,2.55,1,data/crops/organized/organized_VAN-2019.00783_P1_30167346b354ca7b.jpg,2026-08-18T13:26:16+00:00
8711e12f5a40473d,VAN-2019.00814,organized,OK,,1208,897,112,202,0.0,0.333,0.749,1.81,2,data/crops/organized/organized_VAN-2019.00814_P2_8711e12f5a40473d.jpg,2026-08-18T13:26:17+00:00
ecf2ae0aaae03e1a,VAN-2019.00822,organized,OK,,1235,884,98,206,7.125,0.889,0.857,2.11,1,data/crops/organized/organized_VAN-2019.00822_P3_ecf2ae0aaae03e1a.jpg,2026-08-18T13:26:18+00:00
a47ab3bb60790d65,VAN-2019.00822,organized,OK,,1231,898,95,207,0.0,0.659,0.826,2.17,2,data/crops/organized/organized_VAN-2019.00822_P1_a47ab3bb60790d65.jpg,2026-08-18T13:26:20+00:00
14b75379c8df8cee,15L2021-1499,organized,OK,,2373,1824,532,1297,0.0,0.714,0.911,2.44,2,data/crops/organized/organized_15L2021-1499_P2_14b75379c8df8cee.jpg,2026-08-18T13:26:21+00:00
205fc07bba4737c7,VAN-2019.00783,organized,OK,,1217,897,88,216,0.0,0.448,0.744,2.46,2,data/crops/organized/organized_VAN-2019.00783_P3_205fc07bba4737c7.jpg,2026-08-18T13:26:22+00:00
28bba06b72e3a9c0,VAN-2019.00783,organized,OK,,1218,904,88,214,0.0,0.527,0.791,2.43,1,data/crops/organized/organized_VAN-2019.00783_P2_28bba06b72e3a9c0.jpg,2026-08-18T13:26:22+00:00
5d2926069c20eb49,VAN-2019.00814,organized,OK,,1201,901,116,211,0.0,0.322,0.776,1.82,2,data/crops/organized/organized_VAN-2019.00814_P1_5d2926069c20eb49.jpg,2026-08-18T13:26:23+00:00
bb7b45c8e9ed67e2,15L2021-1420,organized,OK,,1372,1704,413,979,4.086,0.827,0.939,2.37,3,data/crops/organized/organized_15L2021-1420_S2_bb7b45c8e9ed67e2.jpg,2026-08-18T13:26:24+00:00
b0527ca4dcd08ca4,VAN-2019.00787,organized,OK,,1250,894,107,216,0.0,0.538,0.845,2.02,3,data/crops/organized/organized_VAN-2019.00787_P1_b0527ca4dcd08ca4.jpg,2026-08-18T13:26:25+00:00
8b0ff1bb2fac6df1,15L2021-1546,organized,OK,,2449,1750,480,1287,0.0,0.44,0.905,2.68,1,data/crops/organized/organized_15L2021-1546_P2_8b0ff1bb2fac6df1.jpg,2026-08-18T13:26:26+00:00
94e334876fa4d19e,VAN-2019.00849,organized,OK,,1243,905,100,221,0.0,0.723,0.816,2.21,2,data/crops/organized/organized_VAN-2019.00849_P3_94e334876fa4d19e.jpg,2026-08-18T13:26:27+00:00
ea6158e76fa06afc,15L2021-1731,organized,OK,,1258,1843,441,1028,0.0,0.863,0.898,2.33,4,data/crops/organized/organized_15L2021-1731_S1_ea6158e76fa06afc.jpg,2026-08-18T13:26:27+00:00
d2622efd07713af5,VAN-2019.00849,organized,OK,,1209,900,100,218,0.0,0.72,0.873,2.19,1,data/crops/organized/organized_VAN-2019.00849_P2_d2622efd07713af5.jpg,2026-08-18T13:26:28+00:00
5279667a13ada6bc,2020.06243,organized,OK,,1306,2421,458,1133,10.305,0.593,0.885,2.47,4,data/crops/organized/organized_2020.06243_S1_5279667a13ada6bc.jpg,2026-08-18T13:26:29+00:00
69e9a5795871d423,15L2021-1498,organized,OK,,1209,1890,449,1134,0.0,0.62,0.917,2.53,3,data/crops/organized/organized_15L2021-1498_S1_69e9a5795871d423.jpg,2026-08-18T13:26:30+00:00
9da0ec05f74e6870,15L2021-1757,organized,OK,,2460,1753,522,1292,0.0,0.629,0.933,2.47,2,data/crops/organized/organized_15L2021-1757_P1_9da0ec05f74e6870.jpg,2026-08-18T13:26:31+00:00
b568c7683d409561,15L2021-1420,organized,OK,,1063,1827,417,1024,0.0,0.724,0.945,2.45,5,data/crops/organized/organized_15L2021-1420_S3_b568c7683d409561.jpg,2026-08-18T13:26:32+00:00
7676b3c7b9614813,15L2021-1420,organized,OK,,1309,1870,429,1018,4.667,0.762,0.934,2.37,3,data/crops/organized/organized_15L2021-1420_S1_7676b3c7b9614813.jpg,2026-08-18T13:26:33+00:00
1f3da56864f198e7,VAN-2019.00787,organized,OK,,1227,895,104,230,0.0,0.364,0.863,2.2,2,data/crops/organized/organized_VAN-2019.00787_P2_1f3da56864f198e7.jpg,2026-08-18T13:26:34+00:00
9d4c317f09f9ebd5,15L2021-1498,organized,OK,,1108,1610,433,1099,0.0,0.699,0.917,2.54,2,data/crops/organized/organized_15L2021-1498_S3_9d4c317f09f9ebd5.jpg,2026-08-18T13:26:35+00:00
4e6d8960aef34ec0,15L2021-1546,organized,OK,,2425,1769,480,1297,0.0,0.657,0.914,2.7,2,data/crops/organized/organized_15L2021-1546_P1_4e6d8960aef34ec0.jpg,2026-08-18T13:26:35+00:00
9e41144ff6a25578,2020.06243,organized,OK,,1279,1799,455,1072,5.816,0.706,0.885,2.35,2,data/crops/organized/organized_2020.06243_S3_9e41144ff6a25578.jpg,2026-08-18T13:26:36+00:00
54c9e59455a0191b,15L2021-1731,organized,OK,,1228,2040,433,1055,0.0,0.833,0.896,2.44,3,data/crops/organized/organized_15L2021-1731_S3_54c9e59455a0191b.jpg,2026-08-18T13:26:37+00:00
8ace3c513e8b7bfb,VAN-2019.00849,organized,OK,,1229,876,100,226,0.0,0.774,0.86,2.26,2,data/crops/organized/organized_VAN-2019.00849_P1_8ace3c513e8b7bfb.jpg,2026-08-18T13:26:38+00:00
1619d5f9b4af3b5b,15L2021-1731,organized,OK,,1356,1874,433,1036,0.0,0.821,0.925,2.39,3,data/crops/organized/organized_15L2021-1731_S2_1619d5f9b4af3b5b.jpg,2026-08-18T13:26:39+00:00
8c0b7fbb31f0ae9e,2020.06243,organized,OK,,1319,2177,421,1008,8.427,0.787,0.89,2.4,4,data/crops/organized/organized_2020.06243_S2_8c0b7fbb31f0ae9e.jpg,2026-08-18T13:26:41+00:00
785df835f641a527,15L2021-1498,organized,OK,,1026,1673,449,1162,0.0,0.701,0.923,2.59,3,data/crops/organized/organized_15L2021-1498_S2_785df835f641a527.jpg,2026-08-18T13:26:41+00:00
bc4661000fa06c66,15L2021-1757,organized,OK,,2470,1762,522,1292,0.0,0.637,0.926,2.47,2,data/crops/organized/organized_15L2021-1757_P2_bc4661000fa06c66.jpg,2026-08-18T13:26:42+00:00
37ee446840885305,VAN-2019.00787,organized,OK,,1228,901,102,223,0.0,0.636,0.845,2.19,1,data/crops/organized/organized_VAN-2019.00787_P3_37ee446840885305.jpg,2026-08-18T13:26:43+00:00
e5d8107702adf129,2020.00471,organized,OK,,884,2154,449,1099,0.0,0.879,0.867,2.45,2,data/crops/organized/organized_2020.00471_S1_e5d8107702adf129.jpg,2026-08-18T13:26:44+00:00
f3ba1ff31c0776d3,2020.06244,organized,OK,,1237,891,95,195,0.0,0.81,0.811,2.05,4,data/crops/organized/organized_2020.06244_P3_f3ba1ff31c0776d3.jpg,2026-08-18T13:26:45+00:00
e9eb4b4b54843cc4,VAN-2019.00785,organized,OK,,1222,897,88,207,0.0,0.43,0.818,2.35,4,data/crops/organized/organized_VAN-2019.00785_P2_e9eb4b4b54843cc4.jpg,2026-08-18T13:26:45+00:00
80e93c027de786eb,VAN-2019.00785,organized,OK,,1176,1002,68,211,20.854,0.08,0.777,3.08,3,data/crops/organized/organized_VAN-2019.00785_P3_80e93c027de786eb.jpg,2026-08-18T13:26:46+00:00
9f41d929e1475399,2020.06244,organized,OK,,1258,900,86,202,0.0,0.819,0.799,2.36,3,data/crops/organized/organized_2020.06244_P2_9f41d929e1475399.jpg,2026-08-18T13:26:47+00:00
89469a40b49b59ea,VAN-2019.00850,organized,OK,,1280,2213,449,976,0.0,0.837,0.862,2.18,3,data/crops/organized/organized_VAN-2019.00850_S1_89469a40b49b59ea.jpg,2026-08-18T13:26:48+00:00
cf0faaadc3d15531,15L2021-1514,organized,OK,,1396,1857,445,1114,0.0,0.826,0.914,2.5,3,data/crops/organized/organized_15L2021-1514_S1_cf0faaadc3d15531.jpg,2026-08-18T13:26:49+00:00
5dfc2624bec59e27,VAN-2019.00824,organized,OK,,235,222,100,205,1.872,0.596,0.851,2.06,2,data/crops/organized/organized_VAN-2019.00824_P1_5dfc2624bec59e27.jpg,2026-08-18T13:26:50+00:00
0d315f752bb8552e,2020.00471,organized,OK,,1162,2242,445,1047,0.0,0.808,0.894,2.35,2,data/crops/organized/organized_2020.00471_S2_0d315f752bb8552e.jpg,2026-08-18T13:26:51+00:00
4d464764f870c0ed,VAN-2019.00824,organized,OK,,174,200,99,207,7.431,0.22,0.812,2.09,2,data/crops/organized/organized_VAN-2019.00824_P3_4d464764f870c0ed.jpg,2026-08-18T13:26:52+00:00
9c8296defd04eeb8,VAN-2019.00850,organized,OK,,1404,2276,362,721,0.0,0.977,0.86,1.99,5,data/crops/organized/organized_VAN-2019.00850_S3_9c8296defd04eeb8.jpg,2026-08-18T13:26:52+00:00
70f6391644d46fff,15L2021-1514,organized,OK,,1276,1908,453,1150,0.0,0.809,0.931,2.54,4,data/crops/organized/organized_15L2021-1514_S3_70f6391644d46fff.jpg,2026-08-18T13:26:53+00:00
3e34b1a5f8c44921,VAN-2019.00785,organized,OK,,1229,893,85,207,0.0,0.328,0.801,2.42,3,data/crops/organized/organized_VAN-2019.00785_P1_3e34b1a5f8c44921.jpg,2026-08-18T13:26:54+00:00
25023ee86708d4cb,2020.06244,organized,OK,,1237,905,86,204,0.0,0.622,0.759,2.39,3,data/crops/organized/organized_2020.06244_P1_25023ee86708d4cb.jpg,2026-08-18T13:26:54+00:00
c4ba9eabf7eee7da,15L2021-1514,organized,OK,,1382,1902,441,1126,0.0,0.84,0.939,2.55,4,data/crops/organized/organized_15L2021-1514_S2_c4ba9eabf7eee7da.jpg,2026-08-18T13:26:55+00:00
40cdd45017d73186,VAN-2019.00850,organized,OK,,1305,2262,445,933,0.0,0.616,0.875,2.1,4,data/crops/organized/organized_VAN-2019.00850_S2_40cdd45017d73186.jpg,2026-08-18T13:26:56+00:00
8dff6b78f0bfe533,VAN-2019.00824,organized,OK,,224,243,100,207,5.136,0.561,0.799,2.07,2,data/crops/organized/organized_VAN-2019.00824_P2_8dff6b78f0bfe533.jpg,2026-08-18T13:26:56+00:00
934e46155567f875,2020.00471,organized,OK,,1171,2353,453,1099,0.0,0.794,0.884,2.43,2,data/crops/organized/organized_2020.00471_S3_934e46155567f875.jpg,2026-08-18T13:26:57+00:00
40b43a18b67c6a26,2020.00471,organized,OK,,1227,900,90,221,0.0,0.669,0.811,2.45,3,data/crops/organized/organized_2020.00471_P2_40b43a18b67c6a26.jpg,2026-08-18T13:26:58+00:00
c443396d1d2ffd49,VAN-2019.00824,organized,OK,,697,795,635,949,0.0,0.332,0.887,1.49,1,data/crops/organized/organized_VAN-2019.00824_S3_c443396d1d2ffd49.jpg,2026-08-18T13:26:59+00:00
93c85c01a21c6796,VAN-2019.00850,organized,OK,,1231,893,95,211,0.0,0.573,0.826,2.23,3,data/crops/organized/organized_VAN-2019.00850_P3_93c85c01a21c6796.jpg,2026-08-18T13:26:59+00:00
3641c24e2b5aacc2,VAN-2019.00785,organized,OK,,1260,2095,512,961,0.0,0.753,0.869,1.88,5,data/crops/organized/organized_VAN-2019.00785_S1_3641c24e2b5aacc2.jpg,2026-08-18T13:27:00+00:00
7222993dda8812bb,2020.06244,organized,OK,,1314,1610,476,1046,4.72,0.837,0.9,2.2,5,data/crops/organized/organized_2020.06244_S1_7222993dda8812bb.jpg,2026-08-18T13:27:01+00:00
005a201d2963ebdb,VAN-2019.00850,organized,OK,,1233,918,97,214,0.0,0.224,0.852,2.2,3,data/crops/organized/organized_VAN-2019.00850_P2_005a201d2963ebdb.jpg,2026-08-18T13:27:01+00:00
c9536a5cc7d78e54,15L2021-1514,organized,OK,,2448,1787,511,1316,3.576,0.658,0.933,2.57,1,data/crops/organized/organized_15L2021-1514_P2_c9536a5cc7d78e54.jpg,2026-08-18T13:27:02+00:00
927a50dd4e456d1e,VAN-2019.00824,organized,OK,,554,658,611,875,0.0,0.12,0.891,1.43,1,data/crops/organized/organized_VAN-2019.00824_S2_927a50dd4e456d1e.jpg,2026-08-18T13:27:03+00:00
ceb496f734de14b8,2020.00471,organized,OK,,1240,886,90,218,0.0,0.774,0.846,2.42,1,data/crops/organized/organized_2020.00471_P3_ceb496f734de14b8.jpg,2026-08-18T13:27:03+00:00
78ad772409bd030a,2020.00471,organized,OK,,1246,872,90,216,0.0,0.719,0.858,2.39,1,data/crops/organized/organized_2020.00471_P1_78ad772409bd030a.jpg,2026-08-18T13:27:04+00:00
46a47a49818022a7,2020.06244,organized,OK,,1507,1702,438,958,4.97,0.868,0.889,2.19,2,data/crops/organized/organized_2020.06244_S3_46a47a49818022a7.jpg,2026-08-18T13:27:05+00:00
612365d32ab72a2d,VAN-2019.00785,organized,OK,,1185,2345,445,1063,0.0,0.883,0.912,2.39,6,data/crops/organized/organized_VAN-2019.00785_S2_612365d32ab72a2d.jpg,2026-08-18T13:27:06+00:00
0c2d2e114c286b47,VAN-2019.00785,organized,OK,,1238,2236,433,1028,0.0,0.836,0.909,2.37,5,data/crops/organized/organized_VAN-2019.00785_S3_0c2d2e114c286b47.jpg,2026-08-18T13:27:06+00:00
c616a404ab32255b,2020.06244,organized,OK,,1419,1829,465,1026,9.866,0.787,0.887,2.21,4,data/crops/organized/organized_2020.06244_S2_c616a404ab32255b.jpg,2026-08-18T13:27:07+00:00
45da948bccc509d3,15L2021-1514,organized,OK,,2458,1750,508,1306,0.0,0.644,0.932,2.57,1,data/crops/organized/organized_15L2021-1514_P1_45da948bccc509d3.jpg,2026-08-18T13:27:08+00:00
2d65a061e305b630,VAN-2019.00850,organized,OK,,1155,964,228,392,0.0,0.52,0.605,1.72,5,data/crops/organized/organized_VAN-2019.00850_P1_2d65a061e305b630.jpg,2026-08-18T13:27:09+00:00
497d753e254ce5b4,VAN-2019.00824,organized,OK,,680,721,604,921,0.0,0.232,0.87,1.53,1,data/crops/organized/organized_VAN-2019.00824_S1_497d753e254ce5b4.jpg,2026-08-18T13:27:09+00:00
eb5fe4d508c8ba56,15L2021-1420,organized,OK,,2447,1744,500,1211,2.726,0.578,0.947,2.42,1,data/crops/organized/organized_15L2021-1420_P1_eb5fe4d508c8ba56.jpg,2026-08-18T13:27:10+00:00
2e77f206a087a1ad,VAN-2019.00787,organized,OK,,1432,2285,490,1048,8.427,0.905,0.906,2.14,6,data/crops/organized/organized_VAN-2019.00787_S2_2e77f206a087a1ad.jpg,2026-08-18T13:27:11+00:00
ccd1dc15355d87f5,15L2021-1757,organized,OK,,886,1784,409,1008,0.0,0.7,0.908,2.46,2,data/crops/organized/organized_15L2021-1757_S3_ccd1dc15355d87f5.jpg,2026-08-18T13:27:11+00:00
a4c5305e4ad55d99,15L2021-1546,organized,OK,,1246,1961,433,1154,0.0,0.51,0.903,2.66,5,data/crops/organized/organized_15L2021-1546_S1_a4c5305e4ad55d99.jpg,2026-08-18T13:27:12+00:00
2c670ed469d32179,2020.06243,organized,OK,,1232,897,105,246,5.856,0.809,0.881,2.35,2,data/crops/organized/organized_2020.06243_P3_2c670ed469d32179.jpg,2026-08-18T13:27:13+00:00
8e06db0018ec1fe1,15L2021-1731,organized,OK,,2508,1864,508,1225,0.0,0.555,0.91,2.41,3,data/crops/organized/organized_15L2021-1731_P2_8e06db0018ec1fe1.jpg,2026-08-18T13:27:14+00:00
305382597f735089,VAN-2019.00849,organized,OK,,1414,2387,518,1135,14.931,0.871,0.832,2.19,3,data/crops/organized/organized_VAN-2019.00849_S1_305382597f735089.jpg,2026-08-18T13:27:15+00:00
336121bac610f9ae,2020.06243,organized,OK,,1256,873,103,244,8.531,0.857,0.896,2.36,2,data/crops/organized/organized_2020.06243_P2_336121bac610f9ae.jpg,2026-08-18T13:27:15+00:00
3365ce32654c2b56,15L2021-1498,organized,OK,,2425,1807,499,1306,0.0,0.654,0.925,2.62,2,data/crops/organized/organized_15L2021-1498_P2_3365ce32654c2b56.jpg,2026-08-18T13:27:16+00:00
5081558cf59eaa3d,15L2021-1757,organized,OK,,1293,1813,429,1051,0.0,0.667,0.918,2.45,3,data/crops/organized/organized_15L2021-1757_S2_5081558cf59eaa3d.jpg,2026-08-18T13:27:17+00:00
655b01aae2a28fd7,VAN-2019.00787,organized,OK,,1705,2243,552,1177,9.936,0.823,0.908,2.13,4,data/crops/organized/organized_VAN-2019.00787_S3_655b01aae2a28fd7.jpg,2026-08-18T13:27:18+00:00
9061b03660a46398,15L2021-1420,organized,OK,,2416,1763,494,1222,8.13,0.821,0.935,2.47,1,data/crops/organized/organized_15L2021-1420_P2_9061b03660a46398.jpg,2026-08-18T13:27:18+00:00
99722d95c6df81aa,VAN-2019.00787,organized,OK,,1122,2226,542,1154,6.532,0.759,0.896,2.13,4,data/crops/organized/organized_VAN-2019.00787_S1_99722d95c6df81aa.jpg,2026-08-18T13:27:19+00:00
d010d58137e645b8,15L2021-1546,organized,OK,,1323,2069,413,1126,0.0,0.782,0.909,2.72,2,data/crops/organized/organized_15L2021-1546_S2_d010d58137e645b8.jpg,2026-08-18T13:27:20+00:00
40d8174fd83570bb,VAN-2019.00849,organized,OK,,1180,1853,423,913,14.47,0.838,0.872,2.16,2,data/crops/organized/organized_VAN-2019.00849_S3_40d8174fd83570bb.jpg,2026-08-18T13:27:21+00:00
38be499e890a9dc2,VAN-2019.00849,organized,OK,,1172,2275,372,796,14.036,0.964,0.883,2.14,5,data/crops/organized/organized_VAN-2019.00849_S2_38be499e890a9dc2.jpg,2026-08-18T13:27:21+00:00
c65f9c21faf38527,15L2021-1731,organized,OK,,2518,1848,513,1235,0.0,0.525,0.906,2.41,1,data/crops/organized/organized_15L2021-1731_P1_c65f9c21faf38527.jpg,2026-08-18T13:27:22+00:00
d2b390ef817532c6,2020.06243,organized,OK,,1241,884,104,251,7.431,0.782,0.889,2.4,1,data/crops/organized/organized_2020.06243_P1_d2b390ef817532c6.jpg,2026-08-18T13:27:23+00:00
a4f478c94267c342,15L2021-1498,organized,OK,,2418,1845,508,1301,0.0,0.63,0.933,2.56,2,data/crops/organized/organized_15L2021-1498_P1_a4f478c94267c342.jpg,2026-08-18T13:27:24+00:00
ccee660140e38890,15L2021-1546,organized,OK,,1177,2018,429,1142,0.0,0.586,0.902,2.66,4,data/crops/organized/organized_15L2021-1546_S3_ccee660140e38890.jpg,2026-08-18T13:27:25+00:00
cd5a024bfef6c67b,15L2021-1757,organized,OK,,1203,1847,433,1051,0.0,0.727,0.923,2.43,4,data/crops/organized/organized_15L2021-1757_S1_cd5a024bfef6c67b.jpg,2026-08-18T13:27:26+00:00
1d6ae1a5b492fd13,VAN-2019.00822,organized,OK,,1350,2114,441,937,8.427,0.858,0.879,2.13,2,data/crops/organized/organized_VAN-2019.00822_S1_1d6ae1a5b492fd13.jpg,2026-08-18T13:27:27+00:00
188b2be1d0c73a80,15L2021-1499,organized,OK,,1400,1790,445,1067,0.0,0.871,0.92,2.4,3,data/crops/organized/organized_15L2021-1499_S2_188b2be1d0c73a80.jpg,2026-08-18T13:27:28+00:00
2e837c6b55dc3953,VAN-2019.00783,organized,OK,,1179,2185,472,1146,0.0,0.745,0.778,2.43,2,data/crops/organized/organized_VAN-2019.00783_S3_2e837c6b55dc3953.jpg,2026-08-18T13:27:29+00:00
2741bf21c6a0e3f6,VAN-2019.00814,organized,OK,,1344,2417,556,1055,4.467,0.752,0.855,1.9,2,data/crops/organized/organized_VAN-2019.00814_S1_2741bf21c6a0e3f6.jpg,2026-08-18T13:27:29+00:00
cd4e3b88e202b896,VAN-2019.00783,organized,OK,,1197,2392,469,1110,0.0,0.798,0.85,2.37,2,data/crops/organized/organized_VAN-2019.00783_S2_cd4e3b88e202b896.jpg,2026-08-18T13:27:30+00:00
6fb8b9da0f2d484c,15L2021-1499,organized,OK,,1191,1888,445,1059,0.0,0.915,0.928,2.38,3,data/crops/organized/organized_15L2021-1499_S3_6fb8b9da0f2d484c.jpg,2026-08-18T13:27:31+00:00
f112afb76adbcb4b,VAN-2019.00822,organized,OK,,1238,1987,408,868,9.462,0.852,0.888,2.13,2,data/crops/organized/organized_VAN-2019.00822_S2_f112afb76adbcb4b.jpg,2026-08-18T13:27:32+00:00
3daaa43787e7cc64,15L2021-1499,organized,OK,,1337,1894,433,1036,0.0,0.907,0.901,2.39,4,data/crops/organized/organized_15L2021-1499_S1_3daaa43787e7cc64.jpg,2026-08-18T13:27:33+00:00
050a7e05d56e0507,VAN-2019.00814,organized,OK,,1164,2197,496,1169,0.0,0.542,0.81,2.36,3,data/crops/organized/organized_VAN-2019.00814_S3_050a7e05d56e0507.jpg,2026-08-18T13:27:34+00:00
d4a786457878b11f,VAN-2019.00814,organized,OK,,1322,2347,588,1062,2.981,0.646,0.862,1.81,2,data/crops/organized/organized_VAN-2019.00814_S2_d4a786457878b11f.jpg,2026-08-18T13:27:34+00:00
6480ef42d5bd0f50,VAN-2019.00783,organized,OK,,1158,2201,480,1166,0.0,0.671,0.868,2.43,2,data/crops/organized/organized_VAN-2019.00783_S1_6480ef42d5bd0f50.jpg,2026-08-18T13:27:35+00:00
5801dd87af8c3a37,VAN-2019.00822,organized,OK,,1248,1950,478,1029,10.305,0.909,0.923,2.15,2,data/crops/organized/organized_VAN-2019.00822_S3_5801dd87af8c3a37.jpg,2026-08-18T13:27:36+00:00
4456621d8d9a54dc,2020.00470,organized,OK,,1276,1636,437,858,0.0,0.631,0.873,1.96,3,data/crops/organized/organized_2020.00470_S3_4456621d8d9a54dc.jpg,2026-08-18T13:27:37+00:00
48a9ea20113c09e3,15L2021-1758,organized,OK,,2460,1807,565,1444,0.0,0.683,0.926,2.55,2,data/crops/organized/organized_15L2021-1758_P1_48a9ea20113c09e3.jpg,2026-08-18T13:27:38+00:00
837dc7259ea9a922,VAN-2019.00788,organized,OK,,1237,895,90,214,0.0,0.487,0.779,2.37,4,data/crops/organized/organized_VAN-2019.00788_P1_837dc7259ea9a922.jpg,2026-08-18T13:27:38+00:00
72f66e3ef0ebe63b,VAN-2019.00781,organized,OK,,996,1918,323,890,0.0,0.432,0.896,2.76,4,data/crops/organized/organized_VAN-2019.00781_S1_72f66e3ef0ebe63b.jpg,2026-08-18T13:27:39+00:00
dae64bca9912a600,2020.00470,organized,OK,,1500,2213,480,921,0.0,0.856,0.866,1.92,2,data/crops/organized/organized_2020.00470_S2_dae64bca9912a600.jpg,2026-08-18T13:27:40+00:00
eb8f4bc5eca65c85,VAN-2019.00788,organized,OK,,1231,920,126,211,0.0,0.478,0.806,1.68,4,data/crops/organized/organized_VAN-2019.00788_P3_eb8f4bc5eca65c85.jpg,2026-08-18T13:27:41+00:00
e51ae99df20488e6,VAN-2019.00781,organized,OK,,961,1866,346,937,0.0,0.867,0.889,2.7,4,data/crops/organized/organized_VAN-2019.00781_S3_e51ae99df20488e6.jpg,2026-08-18T13:27:41+00:00
7781356f49c3b4bb,15L2021-1758,organized,OK,,2489,1791,560,1434,0.0,0.647,0.918,2.56,1,data/crops/organized/organized_15L2021-1758_P2_7781356f49c3b4bb.jpg,2026-08-18T13:27:42+00:00
1568867a55a38bd8,VAN-2019.00781,organized,OK,,1240,1923,390,1008,0.0,0.682,0.917,2.59,5,data/crops/organized/organized_VAN-2019.00781_S2_1568867a55a38bd8.jpg,2026-08-18T13:27:43+00:00
1f2e33fff0b9af8b,VAN-2019.00788,organized,OK,,1228,894,88,214,0.0,0.308,0.751,2.43,5,data/crops/organized/organized_VAN-2019.00788_P2_1f2e33fff0b9af8b.jpg,2026-08-18T13:27:44+00:00
4932f321a76bdb13,2020.00470,organized,OK,,1232,2051,575,1150,0.0,0.77,0.88,2.0,2,data/crops/organized/organized_2020.00470_S1_4932f321a76bdb13.jpg,2026-08-18T13:27:45+00:00
69a598c07ccab1b5,FR15ABOM100721031,organized,OK,,1524,1754,618,1386,0.0,0.154,0.789,2.24,2,data/crops/organized/organized_FR15ABOM100721031_S2_69a598c07ccab1b5.jpg,2026-08-18T13:27:46+00:00
b7fdcb4bc45d0a5c,ABAURA5676,organized,FAILED,crop_degenere,,,,,,,,,2,,2026-08-18T13:27:46+00:00
d40325a0a44a92c9,FR15ABOM130621006,organized,FAILED,crop_degenere,,,,,,,,,2,,2026-08-18T13:27:47+00:00
236f71bfd4f2f764,FR15ABOM100721031,organized,FAILED,crop_degenere,,,,,,,,,3,,2026-08-18T13:27:47+00:00
2a5fb9b57b2735b9,UBC-2011.0157,organized,OK,,1012,2272,606,1268,0.0,0.308,0.838,2.09,3,data/crops/organized/organized_UBC-2011.0157_S1_2a5fb9b57b2735b9.jpg,2026-08-18T13:27:48+00:00
45a9248ad2e66ee4,UBC-2011.0157,organized,FAILED,crop_degenere,,,,,,,,,2,,2026-08-18T13:27:49+00:00
e16b9556e57ffa0b,ABAURA5676,organized,SUSPECT,,451,1199,122,122,0.0,0.229,0.5,1.0,2,data/crops/organized/organized_ABAURA5676_S2_e16b9556e57ffa0b.jpg,2026-08-18T13:27:50+00:00
7c90b9a449a1182b,FR15ABOM100721031,organized,FAILED,crop_degenere,,,,,,,,,2,,2026-08-18T13:27:51+00:00
e3b4cc2428313673,FR15ABOM130621006,organized,OK,,1603,2142,669,1433,0.0,0.425,0.827,2.14,2,data/crops/organized/organized_FR15ABOM130621006_S3_e3b4cc2428313673.jpg,2026-08-18T13:27:51+00:00
5997127a98a33592,FR15ABOM130621006,organized,OK,,1559,2256,685,1465,0.0,0.341,0.82,2.14,3,data/crops/organized/organized_FR15ABOM130621006_S2_5997127a98a33592.jpg,2026-08-18T13:27:52+00:00
bcbd7139c124f569,ABAURA5676,organized,OK,,1494,2298,910,1642,0.0,0.232,0.798,1.81,2,data/crops/organized/organized_ABAURA5676_S3_bcbd7139c124f569.jpg,2026-08-18T13:27:53+00:00
4a472942a84e06cd,UBC-2011.0157,organized,OK,,1061,2370,622,1280,0.0,0.343,0.766,2.06,3,data/crops/organized/organized_UBC-2011.0157_S2_4a472942a84e06cd.jpg,2026-08-18T13:27:54+00:00
34cac6b7d35a2323,FR15ABOM310520005,organized,OK,,1488,2067,638,1386,0.0,0.343,0.806,2.17,2,data/crops/organized/organized_FR15ABOM310520005_S2_34cac6b7d35a2323.jpg,2026-08-18T13:27:55+00:00
14db97f340f8bdbb,FR15ABOM310520005,organized,OK,,1250,1916,634,1366,0.0,0.361,0.819,2.16,2,data/crops/organized/organized_FR15ABOM310520005_S3_14db97f340f8bdbb.jpg,2026-08-18T13:27:56+00:00
c31c3e292e98e6ff,UBC-2011.0157,organized,OK,,1063,2292,559,1142,0.0,0.21,0.812,2.04,2,data/crops/organized/organized_UBC-2011.0157_S5_c31c3e292e98e6ff.jpg,2026-08-18T13:27:56+00:00
ca7499731d5a792a,FR15ABOM310520005,organized,FAILED,crop_degenere,,,,,,,,,2,,2026-08-18T13:27:57+00:00
161dfd75320d99b7,ABAURA5676,organized,SUSPECT,,632,1010,114,98,-90.0,0.201,0.446,1.16,3,data/crops/organized/organized_ABAURA5676_S4_161dfd75320d99b7.jpg,2026-08-18T13:27:58+00:00
ed5ac5a3dedbd556,ABAURA5676,organized,OK,,809,707,122,83,-90.0,0.119,0.505,1.48,3,data/crops/organized/organized_ABAURA5676_S5_ed5ac5a3dedbd556.jpg,2026-08-18T13:27:59+00:00
fa6fd304ca6eea45,UBC-2011.0157,organized,OK,,919,2355,551,1162,0.0,0.406,0.806,2.11,2,data/crops/organized/organized_UBC-2011.0157_S4_fa6fd304ca6eea45.jpg,2026-08-18T13:27:59+00:00
ae0a9c84fdb42793,2007.0712,organized,FAILED,crop_degenere,,,,,,,,,3,,2026-08-18T13:28:00+00:00
b5e4c149fa617986,POLLINIS4982,organized,OK,,1358,2221,717,1504,0.0,0.372,0.797,2.1,2,data/crops/organized/organized_POLLINIS4982_S1_b5e4c149fa617986.jpg,2026-08-18T13:28:01+00:00
4439456551cca66c,FR15ABOO0712002,organized,OK,,1376,2097,650,1382,0.0,0.429,0.836,2.13,2,data/crops/organized/organized_FR15ABOO0712002_S1_4439456551cca66c.jpg,2026-08-18T13:28:01+00:00
5d8126a1725eb8da,FR15ABOM110721013,organized,OK,,2275,1755,964,1995,0.0,0.081,0.777,2.07,1,data/crops/organized/organized_FR15ABOM110721013_P2_5d8126a1725eb8da.jpg,2026-08-18T13:28:02+00:00
c19909680249d624,FR15ABOM100721032,organized,FAILED,aucune_detection,,,,,,,,,0,,2026-08-18T13:28:03+00:00
0016bd8ec772b47d,POLLINIS5133,organized,OK,,1404,1918,890,1666,0.0,0.241,0.747,1.87,1,data/crops/organized/organized_POLLINIS5133_S1_0016bd8ec772b47d.jpg,2026-08-18T13:28:04+00:00
4e55a04b3f9dfa1a,2007.0712,organized,OK,,1443,2195,1867,941,-10.739,0.247,0.787,1.99,3,data/crops/organized/organized_2007.0712_S3_4e55a04b3f9dfa1a.jpg,2026-08-18T13:28:05+00:00
93d31068f45a318f,ABAURA7910,organized,OK,,1241,950,166,330,0.0,0.91,0.816,1.99,3,data/crops/organized/organized_ABAURA7910_P1_93d31068f45a318f.jpg,2026-08-18T13:28:05+00:00
e4ffae686169eda6,ABAURA7910,organized,OK,,1262,941,168,322,1.169,0.9,0.78,1.92,2,data/crops/organized/organized_ABAURA7910_P3_e4ffae686169eda6.jpg,2026-08-18T13:28:06+00:00
2ad968ff94872998,2007.0712,organized,FAILED,crop_degenere,,,,,,,,,1,,2026-08-18T13:28:07+00:00
682babaa4bdc9f05,POLLINIS5133,organized,OK,,1252,2010,784,1543,0.0,0.352,0.732,1.97,3,data/crops/organized/organized_POLLINIS5133_S3_682babaa4bdc9f05.jpg,2026-08-18T13:28:09+00:00
b2c6f6d09fcc571d,UBC-2014.0001,organized,OK,,1201,963,145,397,0.0,0.716,0.773,2.74,1,data/crops/organized/organized_UBC-2014.0001_P5_b2c6f6d09fcc571d.jpg,2026-08-18T13:28:10+00:00
a818532739bff608,FR15ABOO0712002,organized,OK,,1260,2236,1346,627,-9.09,0.51,0.861,2.15,2,data/crops/organized/organized_FR15ABOO0712002_S3_a818532739bff608.jpg,2026-08-18T13:28:11+00:00
ceafb566f959c213,POLLINIS4982,organized,OK,,1195,2294,752,1532,0.0,0.184,0.837,2.04,2,data/crops/organized/organized_POLLINIS4982_S2_ceafb566f959c213.jpg,2026-08-18T13:28:12+00:00
d53bd4cafdf0fcb5,POLLINIS4982,organized,OK,,1353,2028,598,1240,0.0,0.211,0.795,2.07,2,data/crops/organized/organized_POLLINIS4982_S3_d53bd4cafdf0fcb5.jpg,2026-08-18T13:28:13+00:00
e974c194de038d7b,FR15ABOO0712002,organized,OK,,1553,2120,626,1351,0.0,0.639,0.841,2.16,2,data/crops/organized/organized_FR15ABOO0712002_S2_e974c194de038d7b.jpg,2026-08-18T13:28:14+00:00
c46e7fbdfb5c0a5e,FR15ABOM100721032,organized,OK,,2323,1888,888,1890,0.0,0.056,0.812,2.13,1,data/crops/organized/organized_FR15ABOM100721032_P2_c46e7fbdfb5c0a5e.jpg,2026-08-18T13:28:15+00:00
7c47133be5617baa,FR15ABOM110721013,organized,OK,,2366,1898,964,1995,0.0,0.08,0.768,2.07,1,data/crops/organized/organized_FR15ABOM110721013_P1_7c47133be5617baa.jpg,2026-08-18T13:28:16+00:00
d8865a7d3b9b1e8f,UBC-2014.0001,organized,OK,,1196,977,145,382,0.0,0.327,0.77,2.64,2,data/crops/organized/organized_UBC-2014.0001_P4_d8865a7d3b9b1e8f.jpg,2026-08-18T13:28:16+00:00
909482deb487e443,POLLINIS5133,organized,OK,,1372,2026,854,1650,0.0,0.329,0.729,1.93,2,data/crops/organized/organized_POLLINIS5133_S2_909482deb487e443.jpg,2026-08-18T13:28:17+00:00
9239e2e7719df0d1,ABAURA7910,organized,OK,,1244,970,164,328,0.0,0.855,0.817,2.0,1,data/crops/organized/organized_ABAURA7910_P2_9239e2e7719df0d1.jpg,2026-08-18T13:28:18+00:00
b90694c1d861d97b,POLLINIS5133,organized,OK,,1681,2193,724,1402,0.0,0.22,0.763,1.93,3,data/crops/organized/organized_POLLINIS5133_S6_b90694c1d861d97b.jpg,2026-08-18T13:28:19+00:00
925d2cf2dbec0858,2007.0712,organized,OK,,1231,2780,325,867,12.961,0.178,0.691,2.67,2,data/crops/organized/organized_2007.0712_S4_925d2cf2dbec0858.jpg,2026-08-18T13:28:20+00:00
ffbc98362acb9201,FR15ABOM210821077,organized,OK,,1490,2000,717,1547,0.0,0.351,0.838,2.16,2,data/crops/organized/organized_FR15ABOM210821077_S3_ffbc98362acb9201.jpg,2026-08-18T13:28:21+00:00
394cf31f7d4008dd,FR15ABOM120621015,organized,FAILED,crop_degenere,,,,,,,,,4,,2026-08-18T13:28:21+00:00
16212779fa9ec091,D26-5618,organized,OK,,1245,2088,768,1399,4.677,0.134,0.76,1.82,2,data/crops/organized/organized_D26-5618_S1_16212779fa9ec091.jpg,2026-08-18T13:28:22+00:00
1788e9f843b46f5d,FR15ABOM120621015,organized,FAILED,crop_degenere,,,,,,,,,2,,2026-08-18T13:28:23+00:00
208bfe6b0f7e07af,FR15ABOM100721030,organized,OK,,2453,1829,817,1791,0.0,0.141,0.805,2.19,1,data/crops/organized/organized_FR15ABOM100721030_P2_208bfe6b0f7e07af.jpg,2026-08-18T13:28:24+00:00
b31baa711c2715fa,UBC-2014.0001,organized,OK,,1201,941,378,144,-1.061,0.819,0.761,2.62,2,data/crops/organized/organized_UBC-2014.0001_P1_b31baa711c2715fa.jpg,2026-08-18T13:28:24+00:00
148777cdc90cc530,FR15ABOM200821156,organized,FAILED,crop_degenere,,,,,,,,,3,,2026-08-18T13:28:25+00:00
4bc460caa0511ce7,FR15ABOM210821077,organized,FAILED,crop_degenere,,,,,,,,,3,,2026-08-18T13:28:26+00:00
c2df0da4fbc1bb17,RuppSupp1,organized,OK,,2458,1862,808,1791,0.0,0.24,0.858,2.22,1,data/crops/organized/organized_RuppSupp1_P1_c2df0da4fbc1bb17.jpg,2026-08-18T13:28:27+00:00
217dd625251a951a,2007.0712,organized,OK,,1049,2559,496,957,0.0,0.183,0.741,1.93,3,data/crops/organized/organized_2007.0712_S5_217dd625251a951a.jpg,2026-08-18T13:28:27+00:00
e656c4746ce7922e,POLLINIS5133,organized,OK,,1717,1772,756,1512,0.0,0.183,0.8,2.0,1,data/crops/organized/organized_POLLINIS5133_S5_e656c4746ce7922e.jpg,2026-08-18T13:28:28+00:00
f72753719bfc26d7,ABAURA7910,organized,OK,,1250,938,166,321,0.0,0.95,0.823,1.93,1,data/crops/organized/organized_ABAURA7910_P5_f72753719bfc26d7.jpg,2026-08-18T13:28:29+00:00
921a4ce809e81d33,FR15ABOM200821156,organized,OK,,1380,1886,598,1374,0.0,0.213,0.835,2.3,2,data/crops/organized/organized_FR15ABOM200821156_S3_921a4ce809e81d33.jpg,2026-08-18T13:28:30+00:00
66fa71d4ec28964b,UBC-2014.0001,organized,OK,,1202,951,145,366,0.0,0.508,0.768,2.52,1,data/crops/organized/organized_UBC-2014.0001_P3_66fa71d4ec28964b.jpg,2026-08-18T13:28:31+00:00
c07bacd3f5648dec,POLLINIS4982,organized,FAILED,crop_degenere,,,,,,,,,2,,2026-08-18T13:28:31+00:00
519b3bd66ed90e40,D26-5618,organized,FAILED,crop_degenere,,,,,,,,,2,,2026-08-18T13:28:32+00:00
c6881ae0d3da9141,POLLINIS4982,organized,OK,,1510,1756,559,1169,0.0,0.254,0.773,2.09,3,data/crops/organized/organized_POLLINIS4982_S5_c6881ae0d3da9141.jpg,2026-08-18T13:28:33+00:00
8fc829bcc2b372ed,D26-5618,organized,FAILED,crop_degenere,,,,,,,,,2,,2026-08-18T13:28:33+00:00
573c94effa63ba45,FR15ABOM120621015,organized,OK,,1384,1965,709,1469,0.0,0.196,0.798,2.07,1,data/crops/organized/organized_FR15ABOM120621015_S1_573c94effa63ba45.jpg,2026-08-18T13:28:34+00:00
1f5319e159d67c92,FR15ABOM100721030,organized,OK,,2358,1869,831,1800,0.0,0.281,0.804,2.17,1,data/crops/organized/organized_FR15ABOM100721030_P1_1f5319e159d67c92.jpg,2026-08-18T13:28:35+00:00
93e661cf4d65a246,UBC-2014.0001,organized,OK,,1208,948,147,373,0.0,0.684,0.764,2.53,3,data/crops/organized/organized_UBC-2014.0001_P2_93e661cf4d65a246.jpg,2026-08-18T13:28:36+00:00
036b5d0f8a6efa35,FR15ABOM210821077,organized,OK,,1606,2049,736,1599,0.0,0.225,0.828,2.17,2,data/crops/organized/organized_FR15ABOM210821077_S1_036b5d0f8a6efa35.jpg,2026-08-18T13:28:37+00:00
888adf5a6af12186,FR15ABOM200821156,organized,FAILED,crop_degenere,,,,,,,,,2,,2026-08-18T13:28:37+00:00
fcc10b8412645eb5,RuppSupp1,organized,OK,,2430,1860,803,1791,0.0,0.16,0.857,2.23,1,data/crops/organized/organized_RuppSupp1_P2_fcc10b8412645eb5.jpg,2026-08-18T13:28:38+00:00
b7c3f53905a07ba9,ABAURA7910,organized,OK,,1253,947,170,320,4.332,0.79,0.777,1.88,3,data/crops/organized/organized_ABAURA7910_P4_b7c3f53905a07ba9.jpg,2026-08-18T13:28:39+00:00
41d15c11b42f0f79,POLLINIS5133,organized,OK,,1829,1516,843,1618,0.0,0.105,0.799,1.92,1,data/crops/organized/organized_POLLINIS5133_S4_41d15c11b42f0f79.jpg,2026-08-18T13:28:40+00:00
f919796042f91652,POLLINIS5133,organized,OK,,1236,944,173,340,0.0,0.134,0.778,1.96,1,data/crops/organized/organized_POLLINIS5133_P5_f919796042f91652.jpg,2026-08-18T13:28:41+00:00
43fd667badcc340e,RuppSupp1,organized,OK,,1459,1823,622,1398,0.0,0.451,0.858,2.25,4,data/crops/organized/organized_RuppSupp1_S3_43fd667badcc340e.jpg,2026-08-18T13:28:41+00:00
3e80b5d9958bf956,UBC-2014.0001,organized,OK,,1181,2077,681,1543,0.0,0.608,0.869,2.27,2,data/crops/organized/organized_UBC-2014.0001_S3_3e80b5d9958bf956.jpg,2026-08-18T13:28:42+00:00
82aadea916a5f91b,POLLINIS4982,organized,OK,,1253,946,150,321,0.0,0.525,0.8,2.14,1,data/crops/organized/organized_POLLINIS4982_P4_82aadea916a5f91b.jpg,2026-08-18T13:28:43+00:00
db820ed3b1b0ee43,D26-5618,organized,OK,,1240,912,161,271,0.0,0.327,0.776,1.68,1,data/crops/organized/organized_D26-5618_P2_db820ed3b1b0ee43.jpg,2026-08-18T13:28:44+00:00
46cc982a142342e2,POLLINIS4982,organized,OK,,1230,951,150,366,0.0,0.451,0.78,2.44,1,data/crops/organized/organized_POLLINIS4982_P5_46cc982a142342e2.jpg,2026-08-18T13:28:45+00:00
c8b67fcc7def4830,D26-5618,organized,OK,,1239,904,159,268,0.0,0.375,0.764,1.69,2,data/crops/organized/organized_D26-5618_P3_c8b67fcc7def4830.jpg,2026-08-18T13:28:46+00:00
c428998b2d66e0a9,FR15ABOM120621015,organized,OK,,2313,1867,855,1758,0.0,0.116,0.81,2.06,1,data/crops/organized/organized_FR15ABOM120621015_P1_c428998b2d66e0a9.jpg,2026-08-18T13:28:47+00:00
a953922f3309fcd6,FR15ABOM210821077,organized,OK,,2273,1881,950,2028,0.0,0.172,0.846,2.13,1,data/crops/organized/organized_FR15ABOM210821077_P1_a953922f3309fcd6.jpg,2026-08-18T13:28:48+00:00
90061eac207dd7c3,FR15ABOM200821156,organized,FAILED,aucune_detection,,,,,,,,,0,,2026-08-18T13:28:48+00:00
bf4901cbae869048,FR15ABOM100721030,organized,OK,,1051,1979,713,1536,0.0,0.241,0.78,2.15,2,data/crops/organized/organized_FR15ABOM100721030_S1_bf4901cbae869048.jpg,2026-08-18T13:28:49+00:00
a45c2a8ec8cd9e20,UBC-2014.0001,organized,OK,,1299,2127,673,1521,0.318,0.365,0.828,2.26,2,data/crops/organized/organized_UBC-2014.0001_S2_a45c2a8ec8cd9e20.jpg,2026-08-18T13:28:50+00:00
38b30ef0e89a3769,RuppSupp1,organized,OK,,1494,1876,618,1390,0.0,0.456,0.859,2.25,4,data/crops/organized/organized_RuppSupp1_S2_38b30ef0e89a3769.jpg,2026-08-18T13:28:51+00:00
5e3712b1f01eca09,POLLINIS5133,organized,OK,,1235,930,159,361,0.0,0.051,0.782,2.27,1,data/crops/organized/organized_POLLINIS5133_P4_5e3712b1f01eca09.jpg,2026-08-18T13:28:52+00:00
ab35ad30818e2520,2007.0712,organized,OK,,1244,953,377,192,-11.449,0.872,0.794,1.97,3,data/crops/organized/organized_2007.0712_P4_ab35ad30818e2520.jpg,2026-08-18T13:28:52+00:00
9dcb199cb3e9b10d,FR15ABOM100721030,organized,OK,,1258,1855,559,1209,0.0,0.698,0.784,2.16,2,data/crops/organized/organized_FR15ABOM100721030_S3_9dcb199cb3e9b10d.jpg,2026-08-18T13:28:53+00:00
c23a711643db019e,D26-5618,organized,OK,,1222,917,152,283,0.0,0.392,0.755,1.86,2,data/crops/organized/organized_D26-5618_P1_c23a711643db019e.jpg,2026-08-18T13:28:54+00:00
6ac103876ac5c867,FR15ABOM120621015,organized,FAILED,aucune_detection,,,,,,,,,0,,2026-08-18T13:28:56+00:00
624241c2adff69a6,FR15ABOM200821156,organized,OK,,2332,1895,978,2232,0.0,0.095,0.841,2.28,1,data/crops/organized/organized_FR15ABOM200821156_P1_624241c2adff69a6.jpg,2026-08-18T13:28:58+00:00
7176532a7cd72580,FR15ABOM210821077,organized,OK,,2335,1876,950,2028,0.0,0.107,0.848,2.14,1,data/crops/organized/organized_FR15ABOM210821077_P2_7176532a7cd72580.jpg,2026-08-18T13:28:59+00:00
b80cb69c009c3ace,FR15ABOM100721030,organized,OK,,1266,1884,555,1209,0.0,0.496,0.791,2.18,2,data/crops/organized/organized_FR15ABOM100721030_S2_b80cb69c009c3ace.jpg,2026-08-18T13:29:00+00:00
1603f3d19fa71610,UBC-2014.0001,organized,OK,,1122,1870,528,1181,0.0,0.421,0.822,2.24,2,data/crops/organized/organized_UBC-2014.0001_S1_1603f3d19fa71610.jpg,2026-08-18T13:29:01+00:00
b07e08d96fa6f0d6,RuppSupp1,organized,FAILED,crop_degenere,,,,,,,,,4,,2026-08-18T13:29:01+00:00
60d675c52f1cdd26,2007.0712,organized,OK,,1225,943,382,195,-11.174,0.846,0.762,1.96,2,data/crops/organized/organized_2007.0712_P5_60d675c52f1cdd26.jpg,2026-08-18T13:29:02+00:00
d5b3b5e86ac37888,POLLINIS5133,organized,OK,,1235,946,169,351,0.0,0.056,0.779,2.08,1,data/crops/organized/organized_POLLINIS5133_P3_d5b3b5e86ac37888.jpg,2026-08-18T13:29:03+00:00
1ebf04dff620b410,2007.0712,organized,OK,,1234,943,378,193,-9.462,0.784,0.789,1.96,1,data/crops/organized/organized_2007.0712_P1_1ebf04dff620b410.jpg,2026-08-18T13:29:05+00:00
788866adafafd4dd,UBC-2014.0001,organized,OK,,1106,2003,1475,652,-0.406,0.288,0.805,2.26,2,data/crops/organized/organized_UBC-2014.0001_S5_788866adafafd4dd.jpg,2026-08-18T13:29:06+00:00
0db7bdf6f686324e,FR15ABOM100721032,organized,OK,,1465,1918,622,1299,0.0,0.541,0.793,2.09,3,data/crops/organized/organized_FR15ABOM100721032_S3_0db7bdf6f686324e.jpg,2026-08-18T13:29:07+00:00
cedc8644b3a540b7,POLLINIS4982,organized,OK,,1221,938,152,323,0.0,0.507,0.773,2.13,2,data/crops/organized/organized_POLLINIS4982_P2_cedc8644b3a540b7.jpg,2026-08-18T13:29:07+00:00
5d1b5f4c6f158172,POLLINIS4982,organized,OK,,1261,939,150,328,0.0,0.56,0.76,2.19,1,data/crops/organized/organized_POLLINIS4982_P3_5d1b5f4c6f158172.jpg,2026-08-18T13:29:08+00:00
9682a6fd8beea54e,FR15ABOO0712002,organized,FAILED,aucune_detection,,,,,,,,,0,,2026-08-18T13:29:09+00:00
a5820fe6b328c33d,FR15ABOM110721013,organized,FAILED,crop_degenere,,,,,,,,,2,,2026-08-18T13:29:10+00:00
26c27b17cb34e108,FR15ABOM100721032,organized,FAILED,crop_degenere,,,,,,,,,2,,2026-08-18T13:29:11+00:00
a58eb71a7b44faa7,UBC-2014.0001,organized,OK,,1273,2285,1512,659,-0.707,0.684,0.816,2.3,2,data/crops/organized/organized_UBC-2014.0001_S4_a58eb71a7b44faa7.jpg,2026-08-18T13:29:12+00:00
27d80d6041b59ae6,POLLINIS5133,organized,FAILED,aucune_detection,,,,,,,,,0,,2026-08-18T13:29:13+00:00
66ffa83235160dd1,2007.0712,organized,OK,,1248,937,372,190,-10.366,0.891,0.793,1.96,1,data/crops/organized/organized_2007.0712_P2_66ffa83235160dd1.jpg,2026-08-18T13:29:14+00:00
78258fecdddaf7ea,FR15ABOM110721013,organized,FAILED,crop_degenere,,,,,,,,,2,,2026-08-18T13:29:15+00:00
8878e8ee58778983,POLLINIS4982,organized,OK,,1229,904,150,321,0.0,0.316,0.789,2.14,1,data/crops/organized/organized_POLLINIS4982_P1_8878e8ee58778983.jpg,2026-08-18T13:29:15+00:00
784f0fdad9e36fd4,FR15ABOO0712002,organized,OK,,2401,1893,926,1990,0.0,0.062,0.858,2.15,1,data/crops/organized/organized_FR15ABOO0712002_P1_784f0fdad9e36fd4.jpg,2026-08-18T13:29:16+00:00
228cb3949b4c4c20,FR15ABOM100721032,organized,FAILED,crop_degenere,,,,,,,,,3,,2026-08-18T13:29:17+00:00
5b8728c71d9fe4ee,FR15ABOM110721013,organized,FAILED,crop_degenere,,,,,,,,,3,,2026-08-18T13:29:18+00:00
292b6223e12c8b67,2007.0712,organized,OK,,1240,948,380,191,-9.834,0.875,0.804,1.99,1,data/crops/organized/organized_2007.0712_P3_292b6223e12c8b67.jpg,2026-08-18T13:29:18+00:00
8279509235800afb,POLLINIS5133,organized,OK,,1223,936,157,337,0.0,0.151,0.782,2.15,1,data/crops/organized/organized_POLLINIS5133_P1_8279509235800afb.jpg,2026-08-18T13:29:19+00:00
6e0c5ad4669ced2c,FR15ABOM310520005,organized,OK,,2368,1895,912,1990,0.0,0.074,0.823,2.18,1,data/crops/organized/organized_FR15ABOM310520005_P1_6e0c5ad4669ced2c.jpg,2026-08-18T13:29:20+00:00
6c01b005b3858ba1,UBC-2011.0157,organized,OK,,1240,965,126,266,0.0,0.535,0.815,2.11,2,data/crops/organized/organized_UBC-2011.0157_P5_6c01b005b3858ba1.jpg,2026-08-18T13:29:21+00:00
7209f30f5a787536,ABAURA5676,organized,OK,,1208,943,180,340,0.0,0.35,0.774,1.88,2,data/crops/organized/organized_ABAURA5676_P4_7209f30f5a787536.jpg,2026-08-18T13:29:21+00:00
76f0a8f31af08f59,ABAURA5676,organized,OK,,1233,939,188,342,0.0,0.333,0.772,1.82,1,data/crops/organized/organized_ABAURA5676_P5_76f0a8f31af08f59.jpg,2026-08-18T13:29:22+00:00
5ac788b83c6a7402,UBC-2011.0157,organized,OK,,1215,970,126,268,0.0,0.55,0.799,2.13,1,data/crops/organized/organized_UBC-2011.0157_P4_5ac788b83c6a7402.jpg,2026-08-18T13:29:23+00:00
3d87b2c95195b08b,FR15ABOM310520005,organized,OK,,2335,1881,912,1990,0.0,0.084,0.816,2.18,1,data/crops/organized/organized_FR15ABOM310520005_P2_3d87b2c95195b08b.jpg,2026-08-18T13:29:24+00:00
27e0a1a8cee56a67,UBC-2011.0157,organized,OK,,1209,956,126,266,0.0,0.741,0.774,2.11,3,data/crops/organized/organized_UBC-2011.0157_P3_27e0a1a8cee56a67.jpg,2026-08-18T13:29:25+00:00
945ee73ffa62db9a,FR15ABOM100721031,organized,FAILED,aucune_detection,,,,,,,,,0,,2026-08-18T13:29:25+00:00
bc3d35bc2ee1433f,ABAURA5676,organized,OK,,1218,938,180,337,0.0,0.422,0.769,1.87,1,data/crops/organized/organized_ABAURA5676_P2_bc3d35bc2ee1433f.jpg,2026-08-18T13:29:26+00:00
9840289f64bca0d1,ABAURA5676,organized,OK,,1195,939,178,337,0.0,0.253,0.771,1.89,1,data/crops/organized/organized_ABAURA5676_P3_9840289f64bca0d1.jpg,2026-08-18T13:29:27+00:00
7057b7719d2fd72c,FR15ABOM130621006,organized,OK,,2392,1833,959,2066,0.0,0.069,0.821,2.15,1,data/crops/organized/organized_FR15ABOM130621006_P2_7057b7719d2fd72c.jpg,2026-08-18T13:29:28+00:00
cc442522e1d6733a,UBC-2011.0157,organized,OK,,1206,962,128,261,0.0,0.831,0.741,2.04,1,data/crops/organized/organized_UBC-2011.0157_P2_cc442522e1d6733a.jpg,2026-08-18T13:29:29+00:00
0cde8febd1025985,ABAURA5676,organized,OK,,1228,935,178,337,0.0,0.444,0.746,1.89,2,data/crops/organized/organized_ABAURA5676_P1_0cde8febd1025985.jpg,2026-08-18T13:29:29+00:00
d2416e82e6d65f01,FR15ABOM100721031,organized,FAILED,aucune_detection,,,,,,,,,0,,2026-08-18T13:29:30+00:00
e3690c45eea2b65f,FR15ABOM130621006,organized,OK,,2330,1898,964,2066,0.0,0.162,0.816,2.14,2,data/crops/organized/organized_FR15ABOM130621006_P1_e3690c45eea2b65f.jpg,2026-08-18T13:29:31+00:00
eccdaab53b80f6af,UBC-2011.0157,organized,OK,,1248,943,128,264,0.0,0.798,0.733,2.06,1,data/crops/organized/organized_UBC-2011.0157_P1_eccdaab53b80f6af.jpg,2026-08-18T13:29:32+00:00
3f09a8f1720746dc,ABAURA8607,organized,OK,,1067,2046,390,1032,0.0,0.898,0.882,2.65,2,data/crops/organized/organized_ABAURA8607_S2_3f09a8f1720746dc.jpg,2026-08-18T13:29:32+00:00
709feaddd33b2349,2020.03926,organized,OK,,1904,1865,343,106,-20.225,0.487,0.868,3.23,3,data/crops/organized/organized_2020.03926_P2_709feaddd33b2349.jpg,2026-08-18T13:29:33+00:00
40988479bbe56cd8,ABAURA8764,organized,OK,,943,1717,457,1036,0.0,0.836,0.895,2.27,4,data/crops/organized/organized_ABAURA8764_S2_40988479bbe56cd8.jpg,2026-08-18T13:29:34+00:00
ea31c2f62cbca9b8,N384,organized,OK,,1211,924,76,195,0.0,0.928,0.77,2.56,4,data/crops/organized/organized_N384_P5_ea31c2f62cbca9b8.jpg,2026-08-18T13:29:34+00:00
e6a91485d1c14e4d,CD388229,organized,OK,,2425,1836,119,309,0.0,0.296,0.877,2.6,1,data/crops/organized/organized_CD388229_P1_e6a91485d1c14e4d.jpg,2026-08-18T13:29:35+00:00
a69b635b11615b73,ABAURA8233,organized,OK,,2437,1888,119,285,0.0,0.433,0.898,2.4,3,data/crops/organized/organized_ABAURA8233_P1_a69b635b11615b73.jpg,2026-08-18T13:29:36+00:00
65ca1554f59e48c4,N384,organized,OK,,1205,908,74,197,0.0,0.902,0.792,2.68,3,data/crops/organized/organized_N384_P4_65ca1554f59e48c4.jpg,2026-08-18T13:29:36+00:00
61227381834fed1b,ABAURA8764,organized,OK,,953,1762,445,984,0.0,0.858,0.885,2.21,7,data/crops/organized/organized_ABAURA8764_S3_61227381834fed1b.jpg,2026-08-18T13:29:37+00:00
c6b1a50183838b34,ABAURA8607,organized,OK,,971,2055,386,988,0.0,0.952,0.906,2.56,2,data/crops/organized/organized_ABAURA8607_S3_c6b1a50183838b34.jpg,2026-08-18T13:29:38+00:00
cee85e9538e7dd43,N126,organized,OK,,1207,2494,374,910,0.0,0.936,0.867,2.43,2,data/crops/organized/organized_N126_S1_cee85e9538e7dd43.jpg,2026-08-18T13:29:38+00:00
175883e8407fa8ee,N126,organized,OK,,1002,2398,354,862,0.0,0.956,0.893,2.43,4,data/crops/organized/organized_N126_S3_175883e8407fa8ee.jpg,2026-08-18T13:29:39+00:00
2b750bd62c8f6f4d,2020.03926,organized,OK,,2427,1841,166,304,0.0,0.605,0.856,1.83,6,data/crops/organized/organized_2020.03926_P1_2b750bd62c8f6f4d.jpg,2026-08-18T13:29:40+00:00
564dccf296e8f4e5,ABAURA8607,organized,OK,,1195,1973,394,996,0.0,0.798,0.893,2.53,2,data/crops/organized/organized_ABAURA8607_S1_564dccf296e8f4e5.jpg,2026-08-18T13:29:41+00:00
06c76fb941770168,ABAURA8764,organized,OK,,1207,1738,461,1028,0.0,0.7,0.866,2.23,5,data/crops/organized/organized_ABAURA8764_S1_06c76fb941770168.jpg,2026-08-18T13:29:41+00:00
ea1beeb17e8d37d0,CD388229,organized,OK,,2430,1826,119,309,0.0,0.331,0.887,2.6,2,data/crops/organized/organized_CD388229_P2_ea1beeb17e8d37d0.jpg,2026-08-18T13:29:42+00:00
73cafeea8d9818da,ABAURA8233,organized,OK,,2425,1876,114,280,0.0,0.564,0.86,2.46,3,data/crops/organized/organized_ABAURA8233_P2_73cafeea8d9818da.jpg,2026-08-18T13:29:43+00:00
a002109b317df53c,N126,organized,OK,,1291,2465,362,874,0.0,0.969,0.883,2.41,5,data/crops/organized/organized_N126_S2_a002109b317df53c.jpg,2026-08-18T13:29:43+00:00
6424af4c78450a46,ABAURA8238,organized,OK,,1209,2095,323,882,0.0,0.942,0.881,2.73,4,data/crops/organized/organized_ABAURA8238_S3_6424af4c78450a46.jpg,2026-08-18T13:29:44+00:00
bfecd0ec8c09446a,POLLINIS4351,organized,OK,,1293,2055,339,736,0.0,0.982,0.88,2.17,4,data/crops/organized/organized_POLLINIS4351_S1_bfecd0ec8c09446a.jpg,2026-08-18T13:29:45+00:00
ba294fef165fb616,2019.02175,organized,OK,,2453,1834,133,318,0.0,0.584,0.845,2.39,4,data/crops/organized/organized_2019.02175_P1_ba294fef165fb616.jpg,2026-08-18T13:29:45+00:00
33954f876ec491d1,N384,organized,OK,,1214,905,76,190,0.0,0.892,0.723,2.5,3,data/crops/organized/organized_N384_P3_33954f876ec491d1.jpg,2026-08-18T13:29:46+00:00
1bc63ac1f09f46ae,CD388230,organized,OK,,1124,1882,425,988,0.0,0.684,0.887,2.32,4,data/crops/organized/organized_CD388230_S2_1bc63ac1f09f46ae.jpg,2026-08-18T13:29:47+00:00
7113a4c15177bd3b,CD388230,organized,OK,,1282,2164,390,925,0.0,0.834,0.87,2.37,4,data/crops/organized/organized_CD388230_S3_7113a4c15177bd3b.jpg,2026-08-18T13:29:47+00:00
b2bf19ff2c5c304f,ABAURA8747,organized,OK,,2437,1810,123,313,0.0,0.42,0.882,2.54,1,data/crops/organized/organized_ABAURA8747_P1_b2bf19ff2c5c304f.jpg,2026-08-18T13:29:48+00:00
48f782cf192f6816,N384,organized,OK,,1239,910,76,207,0.0,0.84,0.778,2.72,5,data/crops/organized/organized_N384_P2_48f782cf192f6816.jpg,2026-08-18T13:29:49+00:00
d000587b89de9bb6,ABAURA8238,organized,OK,,963,1981,331,949,0.0,0.903,0.916,2.87,3,data/crops/organized/organized_ABAURA8238_S2_d000587b89de9bb6.jpg,2026-08-18T13:29:49+00:00
e4582e4012d5b47e,N126,organized,OK,,1038,2400,366,894,0.0,0.949,0.894,2.44,2,data/crops/organized/organized_N126_S5_e4582e4012d5b47e.jpg,2026-08-18T13:29:50+00:00
f4ca140aad24aa5b,POLLINIS4351,organized,OK,,1234,2071,307,673,0.0,0.971,0.857,2.19,3,data/crops/organized/organized_POLLINIS4351_S2_f4ca140aad24aa5b.jpg,2026-08-18T13:29:51+00:00
8b7a4b7728e524de,2019.02175,organized,OK,,2449,1843,133,328,0.0,0.731,0.81,2.46,4,data/crops/organized/organized_2019.02175_P2_8b7a4b7728e524de.jpg,2026-08-18T13:29:51+00:00
4c35a5941492dc30,CD388230,organized,OK,,1469,1864,429,1008,0.0,0.867,0.908,2.35,4,data/crops/organized/organized_CD388230_S1_4c35a5941492dc30.jpg,2026-08-18T13:29:52+00:00
68998ab062f632f4,ABAURA8747,organized,OK,,2451,1845,128,304,0.0,0.514,0.91,2.37,2,data/crops/organized/organized_ABAURA8747_P2_68998ab062f632f4.jpg,2026-08-18T13:29:53+00:00
0f5a168d0adcc5a4,N384,organized,OK,,1204,900,76,204,0.0,0.85,0.781,2.69,3,data/crops/organized/organized_N384_P1_0f5a168d0adcc5a4.jpg,2026-08-18T13:29:53+00:00
f16a57217d3dc695,POLLINIS4351,organized,OK,,1089,2000,331,744,0.0,0.966,0.87,2.25,3,data/crops/organized/organized_POLLINIS4351_S3_f16a57217d3dc695.jpg,2026-08-18T13:29:54+00:00
29a3fa46d0e111b4,ABAURA8238,organized,FAILED,crop_degenere,,,,,,,,,3,,2026-08-18T13:29:55+00:00
a73799bfe601db1a,N126,organized,OK,,1057,2465,370,910,0.0,0.913,0.907,2.46,4,data/crops/organized/organized_N126_S4_a73799bfe601db1a.jpg,2026-08-18T13:29:55+00:00
a3a06c2feee3045b,CD388861,organized,OK,,1142,1762,366,890,0.0,0.98,0.905,2.43,3,data/crops/organized/organized_CD388861_S1_a3a06c2feee3045b.jpg,2026-08-18T13:29:56+00:00
e41c904d6f691d56,2019.02059,organized,OK,,2437,1845,128,285,0.0,0.689,0.902,2.22,2,data/crops/organized/organized_2019.02059_P1_e41c904d6f691d56.jpg,2026-08-18T13:29:57+00:00
5ad7ac0d6798b73a,N385,organized,OK,,1228,2089,406,984,0.0,0.823,0.918,2.43,3,data/crops/organized/organized_N385_S2_5ad7ac0d6798b73a.jpg,2026-08-18T13:29:57+00:00
ee4478363febce24,2007.0008,organized,OK,,973,1925,354,827,0.0,0.976,0.897,2.33,5,data/crops/organized/organized_2007.0008_S3_ee4478363febce24.jpg,2026-08-18T13:29:58+00:00
25e49cffd2557981,N628,organized,OK,,1246,2276,346,602,0.0,0.898,0.826,1.74,2,data/crops/organized/organized_N628_S3_25e49cffd2557981.jpg,2026-08-18T13:29:59+00:00
717085c257025839,N815,organized,OK,,1217,1702,530,1006,0.699,0.772,0.793,1.9,2,data/crops/organized/organized_N815_S2_717085c257025839.jpg,2026-08-18T13:29:59+00:00
12f2aaa6a996d1ca,N815,organized,OK,,1132,1707,406,1067,0.0,0.781,0.899,2.63,4,data/crops/organized/organized_N815_S3_12f2aaa6a996d1ca.jpg,2026-08-18T13:30:00+00:00
5ce4482f717b6834,N628,organized,OK,,1144,2000,386,697,0.0,0.885,0.835,1.81,3,data/crops/organized/organized_N628_S2_5ce4482f717b6834.jpg,2026-08-18T13:30:01+00:00
05602ad0bf4afa33,2007.0008,organized,OK,,975,1860,335,784,0.0,0.981,0.892,2.34,3,data/crops/organized/organized_2007.0008_S2_05602ad0bf4afa33.jpg,2026-08-18T13:30:01+00:00
cc1181553d841722,N385,organized,OK,,1197,2201,472,937,0.0,0.896,0.847,1.98,2,data/crops/organized/organized_N385_S3_cc1181553d841722.jpg,2026-08-18T13:30:02+00:00
79533503737b339a,N385,organized,OK,,1292,2042,406,937,0.0,0.882,0.896,2.31,4,data/crops/organized/organized_N385_S1_79533503737b339a.jpg,2026-08-18T13:30:03+00:00
668bd27119a90da3,2019.02059,organized,OK,,2446,1834,123,285,0.0,0.746,0.899,2.31,5,data/crops/organized/organized_2019.02059_P2_668bd27119a90da3.jpg,2026-08-18T13:30:04+00:00
ebd9897260f4e5aa,CD388861,organized,OK,,1254,1807,370,886,0.0,0.981,0.897,2.39,2,data/crops/organized/organized_CD388861_S2_ebd9897260f4e5aa.jpg,2026-08-18T13:30:04+00:00
d8786d61fbbce24a,N815,organized,OK,,1402,2020,402,1016,0.0,0.86,0.862,2.53,3,data/crops/organized/organized_N815_S1_d8786d61fbbce24a.jpg,2026-08-18T13:30:05+00:00
b3a872612ca6be22,N628,organized,OK,,1366,2337,453,803,0.0,0.946,0.84,1.77,2,data/crops/organized/organized_N628_S1_b3a872612ca6be22.jpg,2026-08-18T13:30:06+00:00
9688167734e0eea8,2007.0008,organized,OK,,1193,1801,382,913,0.0,0.944,0.904,2.39,3,data/crops/organized/organized_2007.0008_S1_9688167734e0eea8.jpg,2026-08-18T13:30:06+00:00
2e55e7292122d53c,CD388861,organized,OK,,1034,1898,362,870,0.0,0.974,0.884,2.4,2,data/crops/organized/organized_CD388861_S3_2e55e7292122d53c.jpg,2026-08-18T13:30:07+00:00
e52ec2c5ce32a5dd,N385,organized,OK,,1419,2044,409,965,0.0,0.817,0.901,2.36,5,data/crops/organized/organized_N385_S4_e52ec2c5ce32a5dd.jpg,2026-08-18T13:30:08+00:00
b09e1cc58aabbe31,AGR.2016.1415,organized,OK,,1293,2215,595,902,0.0,0.62,0.833,1.52,6,data/crops/organized/organized_AGR.2016.1415_S1_b09e1cc58aabbe31.jpg,2026-08-18T13:30:08+00:00
0bea304d6bfba412,N628,organized,OK,,1433,2258,319,575,0.0,0.828,0.836,1.8,5,data/crops/organized/organized_N628_S5_0bea304d6bfba412.jpg,2026-08-18T13:30:09+00:00
dc0d92a6c64c9f5d,N815,organized,OK,,1319,1910,402,1040,0.0,0.754,0.88,2.59,3,data/crops/organized/organized_N815_S4_dc0d92a6c64c9f5d.jpg,2026-08-18T13:30:10+00:00
b36e85dffb324b72,CD388230b,organized,OK,,2449,1841,109,299,0.0,0.476,0.893,2.74,2,data/crops/organized/organized_CD388230b_P2_b36e85dffb324b72.jpg,2026-08-18T13:30:10+00:00
f4e09d60b2a4c359,2013.0265,organized,OK,,949,1669,386,740,0.0,0.868,0.814,1.92,4,data/crops/organized/organized_2013.0265_S3_f4e09d60b2a4c359.jpg,2026-08-18T13:30:11+00:00
4e2d2da5795ef6f0,2019.02073,organized,OK,,2411,1826,109,290,0.0,0.515,0.822,2.65,3,data/crops/organized/organized_2019.02073_P2_4e2d2da5795ef6f0.jpg,2026-08-18T13:30:12+00:00
8876609ab94e7e89,2013.0265,organized,OK,,1232,1744,394,740,0.0,0.886,0.822,1.88,5,data/crops/organized/organized_2013.0265_S2_8876609ab94e7e89.jpg,2026-08-18T13:30:12+00:00
208e8195222e1d84,N815,organized,OK,,1406,1894,354,843,0.0,0.576,0.892,2.38,2,data/crops/organized/organized_N815_S5_208e8195222e1d84.jpg,2026-08-18T13:30:13+00:00
5bc7e31cf433a0ed,N628,organized,OK,,1449,1939,303,535,0.0,0.918,0.8,1.77,5,data/crops/organized/organized_N628_S4_5bc7e31cf433a0ed.jpg,2026-08-18T13:30:14+00:00
3c228409f68a5305,2020.00301,organized,OK,,2434,1817,119,280,0.0,0.661,0.889,2.36,3,data/crops/organized/organized_2020.00301_P1_3c228409f68a5305.jpg,2026-08-18T13:30:14+00:00
a57447fc28e276e7,2019.02080,organized,OK,,2439,1890,114,280,0.0,0.695,0.903,2.46,4,data/crops/organized/organized_2019.02080_P1_a57447fc28e276e7.jpg,2026-08-18T13:30:15+00:00
980cfc9c27d5aa00,N385,organized,OK,,1392,1957,386,988,0.0,0.947,0.904,2.56,5,data/crops/organized/organized_N385_S5_980cfc9c27d5aa00.jpg,2026-08-18T13:30:16+00:00
7d255c9623a4c2fa,AGR.2016.1415,organized,OK,,1167,2242,421,925,0.0,0.739,0.9,2.2,4,data/crops/organized/organized_AGR.2016.1415_S2_7d255c9623a4c2fa.jpg,2026-08-18T13:30:16+00:00
9626aa00a948debe,CD388230b,organized,OK,,2446,1829,104,304,0.0,0.397,0.883,2.91,1,data/crops/organized/organized_CD388230b_P1_9626aa00a948debe.jpg,2026-08-18T13:30:17+00:00
ba94408b1b9a130c,2019.02073,organized,OK,,2394,1817,109,314,0.0,0.41,0.88,2.87,3,data/crops/organized/organized_2019.02073_P1_ba94408b1b9a130c.jpg,2026-08-18T13:30:18+00:00
a77518aa13a1f31e,2013.0265,organized,OK,,1315,1750,398,764,0.0,0.9,0.813,1.92,7,data/crops/organized/organized_2013.0265_S1_a77518aa13a1f31e.jpg,2026-08-18T13:30:19+00:00
9a366a62410b2230,2020.00301,organized,OK,,2437,1874,109,294,0.0,0.664,0.861,2.7,4,data/crops/organized/organized_2020.00301_P2_9a366a62410b2230.jpg,2026-08-18T13:30:19+00:00
67a8db8252fc1a16,AGR.2016.1415,organized,OK,,1185,2128,382,803,0.0,0.967,0.883,2.1,7,data/crops/organized/organized_AGR.2016.1415_S3_67a8db8252fc1a16.jpg,2026-08-18T13:30:20+00:00
174be68a986e6577,2019.02080,organized,OK,,2444,1900,114,271,0.0,0.72,0.881,2.38,2,data/crops/organized/organized_2019.02080_P2_174be68a986e6577.jpg,2026-08-18T13:30:21+00:00
a9fbc1c39b185f5a,AGR.2016.1415,organized,OK,,2444,1864,176,271,0.0,0.707,0.856,1.54,2,data/crops/organized/organized_AGR.2016.1415_P2_a9fbc1c39b185f5a.jpg,2026-08-18T13:30:22+00:00
0f0368e690050b19,2019.02080,organized,OK,,1085,2242,390,941,0.0,0.902,0.881,2.41,2,data/crops/organized/organized_2019.02080_S3_0f0368e690050b19.jpg,2026-08-18T13:30:22+00:00
1169f31692ea55e4,2020.00301,organized,OK,,1010,1971,382,1028,0.0,0.949,0.921,2.69,2,data/crops/organized/organized_2020.00301_S3_1169f31692ea55e4.jpg,2026-08-18T13:30:23+00:00
44cf9c340b54a6cf,CD388230b,organized,OK,,1351,2014,343,945,0.0,0.81,0.903,2.76,6,data/crops/organized/organized_CD388230b_S1_44cf9c340b54a6cf.jpg,2026-08-18T13:30:23+00:00
1329b46bd4a4ef20,2013.0265,organized,OK,,2510,1914,133,280,0.0,0.369,0.877,2.11,3,data/crops/organized/organized_2013.0265_P1_1329b46bd4a4ef20.jpg,2026-08-18T13:30:24+00:00
5a83588474bbeec1,2019.02073,organized,OK,,1335,2065,358,882,0.0,0.88,0.91,2.46,3,data/crops/organized/organized_2019.02073_S1_5a83588474bbeec1.jpg,2026-08-18T13:30:25+00:00
a2345f10185bc92a,2020.00301,organized,OK,,1008,1835,370,913,0.0,0.977,0.907,2.47,4,data/crops/organized/organized_2020.00301_S2_a2345f10185bc92a.jpg,2026-08-18T13:30:25+00:00
89a49365784950fc,2019.02080,organized,OK,,1079,2134,386,913,0.0,0.926,0.904,2.37,2,data/crops/organized/organized_2019.02080_S2_89a49365784950fc.jpg,2026-08-18T13:30:26+00:00
215537ff3eaa9238,AGR.2016.1415,organized,OK,,2465,1822,176,285,0.0,0.61,0.861,1.62,6,data/crops/organized/organized_AGR.2016.1415_P1_215537ff3eaa9238.jpg,2026-08-18T13:30:27+00:00
41692c4511f84e99,N385,organized,OK,,1208,925,88,188,0.0,0.813,0.799,2.14,4,data/crops/organized/organized_N385_P4_41692c4511f84e99.jpg,2026-08-18T13:30:27+00:00
775e385c2f4a3a60,N628,organized,OK,,1189,908,74,175,26.565,0.901,0.831,2.36,5,data/crops/organized/organized_N628_P5_775e385c2f4a3a60.jpg,2026-08-18T13:30:28+00:00
e2ab08520fbb861d,N815,organized,OK,,1195,918,78,200,0.0,0.796,0.747,2.55,5,data/crops/organized/organized_N815_P4_e2ab08520fbb861d.jpg,2026-08-18T13:30:29+00:00
3791c40a932d2828,CD388230b,organized,OK,,1372,1947,343,941,0.0,0.88,0.929,2.75,3,data/crops/organized/organized_CD388230b_S2_3791c40a932d2828.jpg,2026-08-18T13:30:29+00:00
ffd78146c1d92119,2019.02073,organized,OK,,1384,1896,398,973,0.0,0.891,0.894,2.45,3,data/crops/organized/organized_2019.02073_S3_ffd78146c1d92119.jpg,2026-08-18T13:30:30+00:00
d0eaf69f96d1eda9,2013.0265,organized,OK,,2446,1986,142,294,0.0,0.782,0.866,2.07,3,data/crops/organized/organized_2013.0265_P2_d0eaf69f96d1eda9.jpg,2026-08-18T13:30:31+00:00
7f757fd48eb39c34,2019.02073,organized,OK,,1278,1951,358,917,0.0,0.919,0.896,2.56,2,data/crops/organized/organized_2019.02073_S2_7f757fd48eb39c34.jpg,2026-08-18T13:30:31+00:00
2b9b07e79737ea74,CD388230b,organized,OK,,978,1809,335,894,0.0,0.937,0.897,2.67,4,data/crops/organized/organized_CD388230b_S3_2b9b07e79737ea74.jpg,2026-08-18T13:30:32+00:00
0d1faa1ffd9bb04f,N815,organized,OK,,1202,885,78,199,0.0,0.699,0.772,2.55,4,data/crops/organized/organized_N815_P5_0d1faa1ffd9bb04f.jpg,2026-08-18T13:30:33+00:00
679e7f829aa5adc8,N628,organized,OK,,1220,921,76,159,2.862,0.931,0.808,2.1,5,data/crops/organized/organized_N628_P4_679e7f829aa5adc8.jpg,2026-08-18T13:30:33+00:00
a5b32e20306579e3,2020.00301,organized,OK,,906,1799,386,1000,0.0,0.922,0.919,2.59,2,data/crops/organized/organized_2020.00301_S1_a5b32e20306579e3.jpg,2026-08-18T13:30:34+00:00
b0010d584c842e07,2019.02080,organized,OK,,1156,2154,402,965,0.0,0.61,0.881,2.4,2,data/crops/organized/organized_2019.02080_S1_b0010d584c842e07.jpg,2026-08-18T13:30:34+00:00
299c1642a827cd22,N385,organized,OK,,1205,920,88,197,0.0,0.756,0.818,2.24,4,data/crops/organized/organized_N385_P5_299c1642a827cd22.jpg,2026-08-18T13:30:35+00:00
ce9a8921c45d6e60,2019.02059,organized,OK,,1108,2173,409,925,0.0,0.935,0.893,2.26,3,data/crops/organized/organized_2019.02059_S2_ce9a8921c45d6e60.jpg,2026-08-18T13:30:36+00:00
bfb47c8fb3a7dd49,CD388861,organized,OK,,2418,1886,133,323,0.0,0.609,0.897,2.43,4,data/crops/organized/organized_CD388861_P2_bfb47c8fb3a7dd49.jpg,2026-08-18T13:30:36+00:00
35d1f8a264cf0bc6,N385,organized,OK,,1209,889,83,195,0.0,0.814,0.847,2.34,3,data/crops/organized/organized_N385_P1_35d1f8a264cf0bc6.jpg,2026-08-18T13:30:37+00:00
0ee4acaf085b59a9,N815,organized,OK,,1197,889,78,223,0.0,0.694,0.852,2.85,5,data/crops/organized/organized_N815_P1_0ee4acaf085b59a9.jpg,2026-08-18T13:30:37+00:00
6d8558679717d90a,2007.0008,organized,OK,,2425,1826,100,242,0.0,0.725,0.859,2.43,2,data/crops/organized/organized_2007.0008_P1_6d8558679717d90a.jpg,2026-08-18T13:30:38+00:00
3b46c375663c4500,N628,organized,OK,,1211,912,73,174,16.699,0.936,0.79,2.37,4,data/crops/organized/organized_N628_P1_3b46c375663c4500.jpg,2026-08-18T13:30:39+00:00
5484f1f3bf3d6a79,2019.02059,organized,OK,,202,329,73,177,0.0,0.834,0.754,2.43,3,data/crops/organized/organized_2019.02059_S3_5484f1f3bf3d6a79.jpg,2026-08-18T13:30:39+00:00
60645095a0a8f67f,N385,organized,OK,,1205,927,88,188,0.0,0.878,0.778,2.14,5,data/crops/organized/organized_N385_P2_60645095a0a8f67f.jpg,2026-08-18T13:30:40+00:00
c32cd7e7a5303d50,CD388861,organized,OK,,2425,1855,128,309,0.0,0.651,0.907,2.41,3,data/crops/organized/organized_CD388861_P1_c32cd7e7a5303d50.jpg,2026-08-18T13:30:41+00:00
af9a99193d291b68,2019.02059,organized,OK,,1262,2120,406,925,0.0,0.958,0.901,2.28,6,data/crops/organized/organized_2019.02059_S1_af9a99193d291b68.jpg,2026-08-18T13:30:41+00:00
df038e0fcd29a87b,N628,organized,OK,,1211,914,74,174,26.565,0.875,0.81,2.34,4,data/crops/organized/organized_N628_P3_df038e0fcd29a87b.jpg,2026-08-18T13:30:42+00:00
90035928c9eb3007,N815,organized,OK,,1202,885,78,214,0.0,0.782,0.807,2.73,2,data/crops/organized/organized_N815_P2_90035928c9eb3007.jpg,2026-08-18T13:30:42+00:00
786d20d71bfa89fe,N815,organized,OK,,1204,888,86,209,0.0,0.633,0.813,2.44,2,data/crops/organized/organized_N815_P3_786d20d71bfa89fe.jpg,2026-08-18T13:30:43+00:00
a17f840e7c7269ad,2007.0008,organized,OK,,2456,1822,109,247,0.0,0.391,0.854,2.26,2,data/crops/organized/organized_2007.0008_P2_a17f840e7c7269ad.jpg,2026-08-18T13:30:44+00:00
06b530b1982ec1c0,N628,organized,OK,,1209,924,76,161,0.0,0.929,0.828,2.13,4,data/crops/organized/organized_N628_P2_06b530b1982ec1c0.jpg,2026-08-18T13:30:44+00:00
6705acfdca4d355e,N385,organized,OK,,1209,907,86,200,0.0,0.791,0.825,2.33,3,data/crops/organized/organized_N385_P3_6705acfdca4d355e.jpg,2026-08-18T13:30:45+00:00
4aef5b80fc790f9f,N126,organized,OK,,1223,931,71,180,0.0,0.887,0.836,2.53,5,data/crops/organized/organized_N126_P5_4aef5b80fc790f9f.jpg,2026-08-18T13:30:45+00:00
80ec542a20fc4973,POLLINIS4351,organized,OK,,2427,1848,133,276,0.0,0.511,0.899,2.07,1,data/crops/organized/organized_POLLINIS4351_P2_80ec542a20fc4973.jpg,2026-08-18T13:30:46+00:00
5548ee00ab850be6,2019.02175,organized,OK,,1230,2233,370,910,0.0,0.979,0.835,2.46,4,data/crops/organized/organized_2019.02175_S2_5548ee00ab850be6.jpg,2026-08-18T13:30:47+00:00
a7c2a22a87ea501c,CD388230,organized,OK,,2382,1883,138,337,0.0,0.55,0.816,2.45,2,data/crops/organized/organized_CD388230_P1_a7c2a22a87ea501c.jpg,2026-08-18T13:30:47+00:00
bf73e73087761bb4,ABAURA8747,organized,OK,,941,2164,390,969,0.0,0.905,0.896,2.48,3,data/crops/organized/organized_ABAURA8747_S3_bf73e73087761bb4.jpg,2026-08-18T13:30:48+00:00
8c1fd394d8219e9d,ABAURA8747,organized,OK,,1063,2209,409,1016,0.0,0.922,0.88,2.48,2,data/crops/organized/organized_ABAURA8747_S2_8c1fd394d8219e9d.jpg,2026-08-18T13:30:48+00:00
179dfb740aac3e25,N384,organized,OK,,1179,2384,413,988,0.0,0.939,0.897,2.39,2,data/crops/organized/organized_N384_S1_179dfb740aac3e25.jpg,2026-08-18T13:30:49+00:00
4fddf7c7670ac560,2019.02175,organized,OK,,1368,2225,409,996,0.0,0.95,0.878,2.43,5,data/crops/organized/organized_2019.02175_S3_4fddf7c7670ac560.jpg,2026-08-18T13:30:50+00:00
a641a660bcaa2d46,ABAURA8238,organized,OK,,2275,1734,238,665,0.0,0.206,0.549,2.8,3,data/crops/organized/organized_ABAURA8238_P1_a641a660bcaa2d46.jpg,2026-08-18T13:30:50+00:00
96c0a37ffb893282,N126,organized,OK,,1191,929,71,183,0.0,0.882,0.801,2.57,3,data/crops/organized/organized_N126_P4_96c0a37ffb893282.jpg,2026-08-18T13:30:51+00:00
81446af8cbe96371,POLLINIS4351,organized,OK,,2370,1895,123,332,0.0,0.373,0.884,2.69,1,data/crops/organized/organized_POLLINIS4351_P1_81446af8cbe96371.jpg,2026-08-18T13:30:52+00:00
628e0ca3d2acca76,2019.02175,organized,OK,,1073,2112,413,996,0.0,0.91,0.902,2.41,4,data/crops/organized/organized_2019.02175_S1_628e0ca3d2acca76.jpg,2026-08-18T13:30:52+00:00
a0dc8a55d4a0a8af,N384,organized,OK,,1175,2372,406,996,0.0,0.81,0.891,2.46,3,data/crops/organized/organized_N384_S3_a0dc8a55d4a0a8af.jpg,2026-08-18T13:30:53+00:00
49e5c41dd4c0e6a2,CD388230,organized,OK,,2415,1898,138,328,0.0,0.855,0.846,2.38,3,data/crops/organized/organized_CD388230_P2_49e5c41dd4c0e6a2.jpg,2026-08-18T13:30:54+00:00
e652de08ea04299d,ABAURA8747,organized,OK,,1177,2191,421,1047,0.0,0.883,0.883,2.49,3,data/crops/organized/organized_ABAURA8747_S1_e652de08ea04299d.jpg,2026-08-18T13:30:54+00:00
4bab37ffaf704a7c,N384,organized,OK,,1305,2355,394,980,0.0,0.925,0.902,2.49,2,data/crops/organized/organized_N384_S2_4bab37ffaf704a7c.jpg,2026-08-18T13:30:55+00:00
6c8a46530ac6db9a,ABAURA8238,organized,OK,,2417,1796,108,392,6.34,0.092,0.868,3.64,1,data/crops/organized/organized_ABAURA8238_P2_6c8a46530ac6db9a.jpg,2026-08-18T13:30:56+00:00
6a23175f45a2952f,N126,organized,OK,,1196,912,76,178,0.0,0.861,0.817,2.34,5,data/crops/organized/organized_N126_P3_6a23175f45a2952f.jpg,2026-08-18T13:30:56+00:00
c36c93b203e601d1,ABAURA8607,organized,OK,,2430,1898,128,328,0.0,0.584,0.883,2.56,2,data/crops/organized/organized_ABAURA8607_P1_c36c93b203e601d1.jpg,2026-08-18T13:30:57+00:00
2481a9c16301694a,2020.03926,organized,OK,,1047,1794,382,882,0.0,0.924,0.912,2.31,3,data/crops/organized/organized_2020.03926_S1_2481a9c16301694a.jpg,2026-08-18T13:30:58+00:00
37e29b5a8c659b7a,ABAURA8764,organized,OK,,2439,1834,142,299,0.0,0.668,0.864,2.1,10,data/crops/organized/organized_ABAURA8764_P1_37e29b5a8c659b7a.jpg,2026-08-18T13:30:58+00:00
6d66c260c91a1872,ABAURA8233,organized,OK,,1209,1929,402,976,0.0,0.891,0.889,2.43,2,data/crops/organized/organized_ABAURA8233_S3_6d66c260c91a1872.jpg,2026-08-18T13:30:59+00:00
53c33e0ee273e19e,CD388229,organized,OK,,1182,2216,377,999,6.843,0.908,0.887,2.65,2,data/crops/organized/organized_CD388229_S2_53c33e0ee273e19e.jpg,2026-08-18T13:31:00+00:00
92e225d1c1669a98,CD388229,organized,OK,,1214,2204,373,1005,9.09,0.879,0.891,2.69,5,data/crops/organized/organized_CD388229_S3_92e225d1c1669a98.jpg,2026-08-18T13:31:00+00:00
9e0924c3aa5e78a0,ABAURA8233,organized,OK,,1006,2020,402,996,0.0,0.917,0.884,2.48,2,data/crops/organized/organized_ABAURA8233_S2_9e0924c3aa5e78a0.jpg,2026-08-18T13:31:01+00:00
8fa6709188d43559,N126,organized,OK,,1216,930,78,185,0.0,0.902,0.845,2.36,3,data/crops/organized/organized_N126_P2_8fa6709188d43559.jpg,2026-08-18T13:31:01+00:00
d71b19564f08473b,2020.03926,organized,OK,,967,2229,457,784,0.0,0.974,0.841,1.72,2,data/crops/organized/organized_2020.03926_S2_d71b19564f08473b.jpg,2026-08-18T13:31:02+00:00
5b012d29a66a84d3,ABAURA8607,organized,OK,,2453,1886,133,328,0.0,0.585,0.916,2.46,1,data/crops/organized/organized_ABAURA8607_P2_5b012d29a66a84d3.jpg,2026-08-18T13:31:03+00:00
2e5179b9db370aae,ABAURA8764,organized,OK,,2412,1816,157,336,7.125,0.744,0.873,2.15,4,data/crops/organized/organized_ABAURA8764_P2_2e5179b9db370aae.jpg,2026-08-18T13:31:04+00:00
8c3e058dcc5ce544,N384,organized,OK,,1156,2146,370,941,0.0,0.725,0.864,2.54,5,data/crops/organized/organized_N384_S5_8c3e058dcc5ce544.jpg,2026-08-18T13:31:04+00:00
f0d57b7a3654b35b,CD388229,organized,OK,,1355,2142,400,1054,6.116,0.801,0.92,2.63,4,data/crops/organized/organized_CD388229_S1_f0d57b7a3654b35b.jpg,2026-08-18T13:31:05+00:00
6dd5c14cbe3e5d8a,ABAURA8233,organized,OK,,1315,1829,398,976,0.0,0.735,0.86,2.46,3,data/crops/organized/organized_ABAURA8233_S1_6dd5c14cbe3e5d8a.jpg,2026-08-18T13:31:05+00:00
14aefe2a7781bb3f,N384,organized,OK,,994,1660,390,1012,0.0,0.913,0.885,2.6,2,data/crops/organized/organized_N384_S4_14aefe2a7781bb3f.jpg,2026-08-18T13:31:06+00:00
310e23d757814869,2020.03926,organized,OK,,168,340,80,139,0.0,0.96,0.688,1.74,4,data/crops/organized/organized_2020.03926_S3_310e23d757814869.jpg,2026-08-18T13:31:07+00:00
3fde63b1f4c60d0d,N126,organized,OK,,1204,917,81,185,0.0,0.905,0.844,2.29,5,data/crops/organized/organized_N126_P1_3fde63b1f4c60d0d.jpg,2026-08-18T13:31:07+00:00
fbf366e66a6687f9,ABAURA8240b,organized,OK,,2506,1895,124,299,0.0,0.575,0.835,2.42,2,data/crops/organized/organized_ABAURA8240b_P2_fbf366e66a6687f9.jpg,2026-08-18T13:31:08+00:00
d4aa02e22ae03923,2019.02188,organized,OK,,2396,1867,142,328,0.0,0.777,0.922,2.3,4,data/crops/organized/organized_2019.02188_P1_d4aa02e22ae03923.jpg,2026-08-18T13:31:08+00:00
b9970dc9fda55d50,OPPO.2021.03276,organized,OK,,2460,1848,142,294,0.0,0.76,0.883,2.07,2,data/crops/organized/organized_OPPO.2021.03276_P2_b9970dc9fda55d50.jpg,2026-08-18T13:31:09+00:00
9217c44ec9e524b4,2019.00316,organized,OK,,2422,1850,138,342,0.0,0.806,0.865,2.48,4,data/crops/organized/organized_2019.00316_P2_9217c44ec9e524b4.jpg,2026-08-18T13:31:10+00:00
cf183efdb01d5a06,POLLINIS4393,organized,OK,,2439,1841,109,252,0.0,0.54,0.892,2.3,5,data/crops/organized/organized_POLLINIS4393_P1_cf183efdb01d5a06.jpg,2026-08-18T13:31:11+00:00
1ad78f513e05fc15,ABAURA8228,organized,OK,,1282,2010,366,831,0.0,0.961,0.884,2.27,3,data/crops/organized/organized_ABAURA8228_S1_1ad78f513e05fc15.jpg,2026-08-18T13:31:11+00:00
dc6d0931fbbb016f,ABB.2017.20260,organized,OK,,2370,1855,128,314,0.0,0.68,0.913,2.44,2,data/crops/organized/organized_ABB.2017.20260_P2_dc6d0931fbbb016f.jpg,2026-08-18T13:31:12+00:00
e76cdb97080fdd39,CD388769,organized,OK,,2487,1817,147,290,0.0,0.667,0.808,1.97,2,data/crops/organized/organized_CD388769_P2_e76cdb97080fdd39.jpg,2026-08-18T13:31:13+00:00
196764ef36225a6b,ABAURA8240b,organized,OK,,2503,1912,119,304,0.0,0.77,0.833,2.56,2,data/crops/organized/organized_ABAURA8240b_P1_196764ef36225a6b.jpg,2026-08-18T13:31:13+00:00
f80b87203397c541,ABAURA8228,organized,OK,,1309,2225,331,736,0.0,0.95,0.885,2.23,5,data/crops/organized/organized_ABAURA8228_S3_f80b87203397c541.jpg,2026-08-18T13:31:14+00:00
671465faa272c00b,2019.02188,organized,OK,,2397,1855,145,328,3.18,0.768,0.901,2.26,4,data/crops/organized/organized_2019.02188_P2_671465faa272c00b.jpg,2026-08-18T13:31:15+00:00
a66ea33d6b900690,OPPO.2021.03276,organized,OK,,2439,1862,142,299,0.0,0.693,0.879,2.1,3,data/crops/organized/organized_OPPO.2021.03276_P1_a66ea33d6b900690.jpg,2026-08-18T13:31:15+00:00
78ccc671128751a5,2019.00316,organized,OK,,2439,1843,142,337,0.0,0.655,0.897,2.37,2,data/crops/organized/organized_2019.00316_P1_78ccc671128751a5.jpg,2026-08-18T13:31:16+00:00
bd286e0430f10076,POLLINIS4393,organized,OK,,2439,1864,100,271,0.0,0.316,0.839,2.71,4,data/crops/organized/organized_POLLINIS4393_P2_bd286e0430f10076.jpg,2026-08-18T13:31:17+00:00
25e1a85bf75c87be,ABAURA8228,organized,OK,,1179,2130,346,799,0.0,0.984,0.889,2.31,4,data/crops/organized/organized_ABAURA8228_S2_25e1a85bf75c87be.jpg,2026-08-18T13:31:17+00:00
f115101284509434,ABB.2017.20260,organized,OK,,2373,1872,124,318,0.0,0.61,0.861,2.58,2,data/crops/organized/organized_ABB.2017.20260_P1_f115101284509434.jpg,2026-08-18T13:31:18+00:00
a23a00833dca0013,CD388769,organized,OK,,2413,1848,152,294,0.0,0.515,0.83,1.94,2,data/crops/organized/organized_CD388769_P1_a23a00833dca0013.jpg,2026-08-18T13:31:19+00:00
6ffae246c606dc8d,ABAURA4898,organized,OK,,1069,2112,343,784,0.0,0.975,0.881,2.29,3,data/crops/organized/organized_ABAURA4898_S3_6ffae246c606dc8d.jpg,2026-08-18T13:31:19+00:00
3f92fcf1c5ac5d52,N407,organized,OK,,1274,2189,378,910,0.0,0.935,0.891,2.41,4,data/crops/organized/organized_N407_S1_3f92fcf1c5ac5d52.jpg,2026-08-18T13:31:20+00:00
b29262d2a56bb7b3,CEN187839,organized,OK,,978,2333,335,697,0.0,0.93,0.916,2.08,2,data/crops/organized/organized_CEN187839_S2_b29262d2a56bb7b3.jpg,2026-08-18T13:31:21+00:00
634acd93a6b35271,2019.02167,organized,OK,,2388,1850,130,370,19.654,0.876,0.878,2.84,1,data/crops/organized/organized_2019.02167_P1_634acd93a6b35271.jpg,2026-08-18T13:31:21+00:00
39bc4835552ed1b7,ABAURA8240,organized,OK,,2411,1841,128,337,0.0,0.692,0.859,2.63,1,data/crops/organized/organized_ABAURA8240_P2_39bc4835552ed1b7.jpg,2026-08-18T13:31:22+00:00
b733c003154a6c7e,CEN187839,organized,OK,,1108,1809,319,673,0.0,0.952,0.861,2.11,3,data/crops/organized/organized_CEN187839_S3_b733c003154a6c7e.jpg,2026-08-18T13:31:23+00:00
53471a3803d75081,ABAURA4898,organized,OK,,1217,2140,335,811,0.0,0.975,0.885,2.42,6,data/crops/organized/organized_ABAURA4898_S2_53471a3803d75081.jpg,2026-08-18T13:31:23+00:00
570bde1b0a8975e4,N407,organized,OK,,1140,2197,370,870,0.0,0.959,0.888,2.35,4,data/crops/organized/organized_N407_S2_570bde1b0a8975e4.jpg,2026-08-18T13:31:24+00:00
f0a36292e37ee4a0,CEN187839,organized,OK,,1282,1992,331,728,0.0,0.96,0.878,2.2,5,data/crops/organized/organized_CEN187839_S1_f0a36292e37ee4a0.jpg,2026-08-18T13:31:25+00:00
e48fc49df5822942,2019.02167,organized,OK,,2399,1867,133,361,0.0,0.799,0.898,2.71,1,data/crops/organized/organized_2019.02167_P2_e48fc49df5822942.jpg,2026-08-18T13:31:25+00:00
97bea21e19ad8f1d,ABAURA8240,organized,OK,,2437,1831,128,332,0.0,0.799,0.841,2.59,2,data/crops/organized/organized_ABAURA8240_P1_97bea21e19ad8f1d.jpg,2026-08-18T13:31:26+00:00
20b104e164b9569d,N407,organized,OK,,975,2258,350,831,0.0,0.985,0.89,2.37,6,data/crops/organized/organized_N407_S3_20b104e164b9569d.jpg,2026-08-18T13:31:27+00:00
6add96502ab58d91,ABAURA4898,organized,OK,,1270,2016,339,807,0.0,0.92,0.877,2.38,3,data/crops/organized/organized_ABAURA4898_S1_6add96502ab58d91.jpg,2026-08-18T13:31:27+00:00
793a2ed131299f4c,ABAURA8239,organized,OK,,2399,1831,128,323,0.0,0.562,0.884,2.52,2,data/crops/organized/organized_ABAURA8239_P2_793a2ed131299f4c.jpg,2026-08-18T13:31:28+00:00
b92388d585663405,CD387770,organized,OK,,2439,1836,119,299,0.0,0.715,0.908,2.52,2,data/crops/organized/organized_CD387770_P1_b92388d585663405.jpg,2026-08-18T13:31:29+00:00
c9007f72f4afb67f,ABAURA7548,organized,OK,,1152,1912,374,902,0.0,0.96,0.878,2.41,4,data/crops/organized/organized_ABAURA7548_S3_c9007f72f4afb67f.jpg,2026-08-18T13:31:29+00:00
9266846b0e132e21,ABAURA7548,organized,OK,,1126,1973,370,890,0.0,0.955,0.91,2.4,5,data/crops/organized/organized_ABAURA7548_S2_9266846b0e132e21.jpg,2026-08-18T13:31:30+00:00
deef0a4a7a78dc44,CD387770,organized,OK,,2446,1850,119,304,0.0,0.81,0.871,2.56,2,data/crops/organized/organized_CD387770_P2_deef0a4a7a78dc44.jpg,2026-08-18T13:31:31+00:00
d955755a4a672fef,ABAURA8239,organized,OK,,2411,1850,128,309,0.0,0.687,0.887,2.41,1,data/crops/organized/organized_ABAURA8239_P1_d955755a4a672fef.jpg,2026-08-18T13:31:32+00:00
d47282723e5468be,ABAURA7548,organized,OK,,1079,2081,390,969,0.0,0.931,0.893,2.48,3,data/crops/organized/organized_ABAURA7548_S1_d47282723e5468be.jpg,2026-08-18T13:31:32+00:00
5abd227b51ccb266,ABAURA7153,organized,OK,,1258,2030,319,784,0.0,0.978,0.907,2.46,4,data/crops/organized/organized_ABAURA7153_S3_5abd227b51ccb266.jpg,2026-08-18T13:31:33+00:00
2d35884990e7899e,ABAURA4926,organized,OK,,1236,1835,346,858,0.0,0.864,0.889,2.48,5,data/crops/organized/organized_ABAURA4926_S3_2d35884990e7899e.jpg,2026-08-18T13:31:34+00:00
b7d19797b1cf383f,ABAURA8239b,organized,OK,,2422,1876,114,276,0.0,0.777,0.874,2.42,2,data/crops/organized/organized_ABAURA8239b_P1_b7d19797b1cf383f.jpg,2026-08-18T13:31:34+00:00
e188458f893f0e3a,N205,organized,OK,,1195,2132,413,823,0.0,0.83,0.871,1.99,4,data/crops/organized/organized_N205_S2_e188458f893f0e3a.jpg,2026-08-18T13:31:35+00:00
ab7a7429409f984a,ABAURA8240c,organized,OK,,1195,2212,367,831,9.162,0.881,0.872,2.26,3,data/crops/organized/organized_ABAURA8240c_S3_ab7a7429409f984a.jpg,2026-08-18T13:31:36+00:00
9d1af4fcaed0801f,ABAURA8240c,organized,OK,,1325,2309,406,831,0.0,0.448,0.821,2.05,6,data/crops/organized/organized_ABAURA8240c_S2_9d1af4fcaed0801f.jpg,2026-08-18T13:31:36+00:00
98790990464e2c5f,N205,organized,OK,,1095,2008,425,843,0.0,0.754,0.85,1.98,5,data/crops/organized/organized_N205_S3_98790990464e2c5f.jpg,2026-08-18T13:31:37+00:00
72429f28d5209952,ABAURA4926,organized,OK,,1087,2051,496,866,0.0,0.838,0.848,1.75,4,data/crops/organized/organized_ABAURA4926_S2_72429f28d5209952.jpg,2026-08-18T13:31:37+00:00
dcdeae67d7e12586,ABAURA7153,organized,OK,,1290,1957,323,784,0.0,0.982,0.919,2.43,3,data/crops/organized/organized_ABAURA7153_S2_dcdeae67d7e12586.jpg,2026-08-18T13:31:38+00:00
1c2d22792b5a68a7,ABAURA8239b,organized,OK,,2446,1864,109,275,0.0,0.658,0.815,2.52,2,data/crops/organized/organized_ABAURA8239b_P2_1c2d22792b5a68a7.jpg,2026-08-18T13:31:39+00:00
50e00ec4dd1367f0,N205,organized,OK,,1043,2091,394,835,0.0,0.843,0.854,2.12,2,data/crops/organized/organized_N205_S1_50e00ec4dd1367f0.jpg,2026-08-18T13:31:39+00:00
e76b28907d59013d,ABAURA8240c,organized,OK,,1166,1951,415,875,3.912,0.92,0.866,2.11,10,data/crops/organized/organized_ABAURA8240c_S1_e76b28907d59013d.jpg,2026-08-18T13:31:40+00:00
68b2e7d79b8ff2b1,ABAURA4926,organized,OK,,1282,1925,504,862,0.0,0.765,0.828,1.71,5,data/crops/organized/organized_ABAURA4926_S1_68b2e7d79b8ff2b1.jpg,2026-08-18T13:31:41+00:00
2baac6cdb3ff076e,ABAURA7153,organized,OK,,1110,2014,335,827,0.0,0.985,0.898,2.47,3,data/crops/organized/organized_ABAURA7153_S1_2baac6cdb3ff076e.jpg,2026-08-18T13:31:41+00:00
13b86150186cccf6,ABAURA8239b,organized,OK,,795,1792,362,874,0.0,0.963,0.889,2.41,2,data/crops/organized/organized_ABAURA8239b_S2_13b86150186cccf6.jpg,2026-08-18T13:31:42+00:00
57d7c5838e2069bb,N205,organized,OK,,1205,899,78,169,0.0,0.897,0.805,2.15,7,data/crops/organized/organized_N205_P1_57d7c5838e2069bb.jpg,2026-08-18T13:31:43+00:00
2063627090d3100e,ABAURA8240c,organized,OK,,2441,1879,138,266,0.0,0.564,0.861,1.93,5,data/crops/organized/organized_ABAURA8240c_P1_2063627090d3100e.jpg,2026-08-18T13:31:43+00:00
abb23dfba901c3b3,ABAURA8239b,organized,OK,,980,1868,350,850,0.0,0.988,0.882,2.43,2,data/crops/organized/organized_ABAURA8239b_S3_abb23dfba901c3b3.jpg,2026-08-18T13:31:44+00:00
abf0eb1da221fd6a,ABAURA4926,organized,OK,,2463,1874,157,271,0.0,0.761,0.843,1.73,1,data/crops/organized/organized_ABAURA4926_P1_abf0eb1da221fd6a.jpg,2026-08-18T13:31:45+00:00
25c4f06607004b27,ABAURA7153,organized,OK,,2451,1862,104,266,0.0,0.64,0.84,2.55,2,data/crops/organized/organized_ABAURA7153_P1_25c4f06607004b27.jpg,2026-08-18T13:31:45+00:00
9d968e6fdc6f2d4c,ABAURA8239b,organized,OK,,953,1664,382,921,0.0,0.969,0.874,2.41,1,data/crops/organized/organized_ABAURA8239b_S1_9d968e6fdc6f2d4c.jpg,2026-08-18T13:31:46+00:00
03b748c2054f1522,N205,organized,OK,,1211,932,83,166,0.0,0.931,0.755,2.0,6,data/crops/organized/organized_N205_P2_03b748c2054f1522.jpg,2026-08-18T13:31:47+00:00
f668f99496e26827,N205,organized,OK,,1201,922,86,164,0.0,0.887,0.754,1.92,5,data/crops/organized/organized_N205_P3_f668f99496e26827.jpg,2026-08-18T13:31:47+00:00
8bc0cff7f56ffe7c,ABAURA8240c,organized,OK,,2417,1886,132,275,18.435,0.714,0.856,2.08,4,data/crops/organized/organized_ABAURA8240c_P2_8bc0cff7f56ffe7c.jpg,2026-08-18T13:31:48+00:00
9c84f1e3700e2ea6,ABAURA4926,organized,OK,,2465,1874,157,266,0.0,0.667,0.847,1.7,1,data/crops/organized/organized_ABAURA4926_P2_9c84f1e3700e2ea6.jpg,2026-08-18T13:31:49+00:00
d6d83816f289ac3d,ABAURA7153,organized,OK,,2413,1876,104,276,0.0,0.515,0.84,2.64,3,data/crops/organized/organized_ABAURA7153_P2_d6d83816f289ac3d.jpg,2026-08-18T13:31:49+00:00
7f210cef02389b73,ABAURA8239,organized,OK,,1254,2189,378,902,0.0,0.979,0.878,2.39,6,data/crops/organized/organized_ABAURA8239_S1_7f210cef02389b73.jpg,2026-08-18T13:31:50+00:00
a1eb04559f03d2da,CD387770,organized,OK,,1189,2049,374,890,0.0,0.973,0.878,2.38,4,data/crops/organized/organized_CD387770_S2_a1eb04559f03d2da.jpg,2026-08-18T13:31:51+00:00
5cca6f5fdd2b3ce2,ABAURA7548,organized,OK,,2437,1879,128,314,0.0,0.737,0.888,2.44,5,data/crops/organized/organized_ABAURA7548_P1_5cca6f5fdd2b3ce2.jpg,2026-08-18T13:31:51+00:00
1704e4f0a69f44b8,CD387770,organized,OK,,1193,1967,382,921,0.0,0.982,0.881,2.41,5,data/crops/organized/organized_CD387770_S3_1704e4f0a69f44b8.jpg,2026-08-18T13:31:52+00:00
219189174cede28a,CD387770,organized,OK,,1225,1912,382,898,0.0,0.946,0.914,2.35,5,data/crops/organized/organized_CD387770_S1_219189174cede28a.jpg,2026-08-18T13:31:53+00:00
9af4ddd3a23d9195,ABAURA8239,organized,OK,,1053,1983,366,870,0.0,0.985,0.9,2.38,4,data/crops/organized/organized_ABAURA8239_S2_9af4ddd3a23d9195.jpg,2026-08-18T13:31:53+00:00
efd0dbab075cfee4,ABAURA7548,organized,OK,,2439,1862,133,318,0.0,0.752,0.909,2.39,5,data/crops/organized/organized_ABAURA7548_P2_efd0dbab075cfee4.jpg,2026-08-18T13:31:54+00:00
6d9a5bd79f20322c,ABAURA8239,organized,OK,,1083,2047,339,819,0.0,0.983,0.879,2.42,6,data/crops/organized/organized_ABAURA8239_S3_6d9a5bd79f20322c.jpg,2026-08-18T13:31:55+00:00
d2b158d3df871eda,N407,organized,OK,,1191,924,71,183,0.0,0.764,0.728,2.57,4,data/crops/organized/organized_N407_P2_d2b158d3df871eda.jpg,2026-08-18T13:31:55+00:00
763dde1a2630f859,CEN187839,organized,OK,,2399,1845,100,200,0.0,0.356,0.836,2.0,1,data/crops/organized/organized_CEN187839_P1_763dde1a2630f859.jpg,2026-08-18T13:31:56+00:00
4c18ca7f6bbac87a,2019.02167,organized,OK,,744,2128,382,1047,0.0,0.79,0.878,2.74,6,data/crops/organized/organized_2019.02167_S2_4c18ca7f6bbac87a.jpg,2026-08-18T13:31:57+00:00
d72163e90045ecc8,2019.02167,organized,OK,,978,2167,354,1065,7.125,0.647,0.835,3.01,3,data/crops/organized/organized_2019.02167_S3_d72163e90045ecc8.jpg,2026-08-18T13:31:57+00:00
81de441efd78b490,ABAURA8240,organized,OK,,1049,1736,394,1004,0.0,0.953,0.869,2.55,2,data/crops/organized/organized_ABAURA8240_S1_81de441efd78b490.jpg,2026-08-18T13:31:58+00:00
394c17e21b07b53b,N407,organized,OK,,1190,926,71,176,0.0,0.712,0.791,2.47,4,data/crops/organized/organized_N407_P3_394c17e21b07b53b.jpg,2026-08-18T13:31:58+00:00
94583fcd6b85301f,ABAURA4898,organized,OK,,2449,1848,104,242,0.0,0.734,0.882,2.32,1,data/crops/organized/organized_ABAURA4898_P1_94583fcd6b85301f.jpg,2026-08-18T13:31:59+00:00
3f0fa80729192124,N407,organized,OK,,1185,912,71,171,0.0,0.697,0.783,2.4,4,data/crops/organized/organized_N407_P1_3f0fa80729192124.jpg,2026-08-18T13:32:00+00:00
c60f336ddc159cb3,CEN187839,organized,OK,,2442,1831,100,218,0.0,0.28,0.872,2.19,3,data/crops/organized/organized_CEN187839_P2_c60f336ddc159cb3.jpg,2026-08-18T13:32:00+00:00
6b54e90f46b36c65,ABAURA8240,organized,OK,,843,1949,370,992,0.0,0.937,0.905,2.68,2,data/crops/organized/organized_ABAURA8240_S3_6b54e90f46b36c65.jpg,2026-08-18T13:32:01+00:00
151ce013d2466420,2019.02167,organized,OK,,953,1959,421,1110,0.0,0.675,0.872,2.64,4,data/crops/organized/organized_2019.02167_S1_151ce013d2466420.jpg,2026-08-18T13:32:02+00:00
d8cb99b8bdb3ae85,ABAURA8240,organized,OK,,866,1705,386,1032,0.0,0.897,0.888,2.67,2,data/crops/organized/organized_ABAURA8240_S2_d8cb99b8bdb3ae85.jpg,2026-08-18T13:32:03+00:00
59db94cb69c7f57d,ABAURA4898,organized,OK,,2456,1857,104,247,0.0,0.748,0.875,2.36,1,data/crops/organized/organized_ABAURA4898_P2_59db94cb69c7f57d.jpg,2026-08-18T13:32:03+00:00
398a11481ac74ce6,ABAURA8240b,organized,OK,,1144,2010,376,871,6.71,0.946,0.883,2.31,2,data/crops/organized/organized_ABAURA8240b_S1_398a11481ac74ce6.jpg,2026-08-18T13:32:04+00:00
939e3f7c6b17c339,2019.02188,organized,OK,,937,2036,402,949,5.44,0.88,0.907,2.36,2,data/crops/organized/organized_2019.02188_S2_939e3f7c6b17c339.jpg,2026-08-18T13:32:05+00:00
5190f4c9e8b71d1e,OPPO.2021.03276,organized,OK,,1067,1575,457,989,5.528,0.911,0.882,2.17,5,data/crops/organized/organized_OPPO.2021.03276_S1_5190f4c9e8b71d1e.jpg,2026-08-18T13:32:05+00:00
5687df8f24c6cbcc,POLLINIS4393,organized,OK,,1232,2097,358,811,0.0,0.978,0.897,2.26,4,data/crops/organized/organized_POLLINIS4393_S3_5687df8f24c6cbcc.jpg,2026-08-18T13:32:06+00:00
08b6f5bd3af5112c,2019.00316,organized,OK,,1122,2270,413,1000,0.0,0.756,0.893,2.42,8,data/crops/organized/organized_2019.00316_S1_08b6f5bd3af5112c.jpg,2026-08-18T13:32:07+00:00
76415f57765c7246,POLLINIS4393,organized,OK,,1181,1965,346,780,0.0,0.973,0.891,2.25,3,data/crops/organized/organized_POLLINIS4393_S2_76415f57765c7246.jpg,2026-08-18T13:32:08+00:00
1d7d136a107c736c,2019.02188,organized,OK,,1171,2285,397,997,5.194,0.952,0.888,2.51,2,data/crops/organized/organized_2019.02188_S3_1d7d136a107c736c.jpg,2026-08-18T13:32:08+00:00
dd2cad734f608905,ABAURA8228,organized,OK,,2465,1860,119,285,0.0,0.784,0.819,2.4,1,data/crops/organized/organized_ABAURA8228_P2_dd2cad734f608905.jpg,2026-08-18T13:32:09+00:00
53471c4e279d1a08,ABB.2017.20260,organized,OK,,1130,1971,358,882,0.0,0.98,0.892,2.46,2,data/crops/organized/organized_ABB.2017.20260_S1_53471c4e279d1a08.jpg,2026-08-18T13:32:10+00:00
25c081e0d16349b2,CD388769,organized,OK,,1506,2175,453,854,0.0,0.959,0.827,1.89,4,data/crops/organized/organized_CD388769_S1_25c081e0d16349b2.jpg,2026-08-18T13:32:10+00:00
f3834a1a5a1354b9,CD388769,organized,OK,,1160,1996,425,799,0.0,0.966,0.822,1.88,2,data/crops/organized/organized_CD388769_S3_f3834a1a5a1354b9.jpg,2026-08-18T13:32:11+00:00
dc133ae60c936310,ABB.2017.20260,organized,OK,,982,2008,331,823,0.0,0.982,0.882,2.49,2,data/crops/organized/organized_ABB.2017.20260_S3_dc133ae60c936310.jpg,2026-08-18T13:32:12+00:00
315daf10f2f39811,ABAURA8240b,organized,OK,,1091,1886,410,921,0.0,0.482,0.91,2.25,3,data/crops/organized/organized_ABAURA8240b_S2_315daf10f2f39811.jpg,2026-08-18T13:32:12+00:00
73a4a3ee42e4c4c0,2019.02188,organized,OK,,1216,1855,427,1010,7.125,0.863,0.919,2.36,6,data/crops/organized/organized_2019.02188_S1_73a4a3ee42e4c4c0.jpg,2026-08-18T13:32:13+00:00
26b42d75c23a000a,OPPO.2021.03276,organized,OK,,1353,1805,429,933,0.0,0.796,0.857,2.17,6,data/crops/organized/organized_OPPO.2021.03276_S2_26b42d75c23a000a.jpg,2026-08-18T13:32:14+00:00
dc1e2ee57d934d89,2019.00316,organized,OK,,1073,2298,358,784,0.0,0.967,0.884,2.19,5,data/crops/organized/organized_2019.00316_S3_dc1e2ee57d934d89.jpg,2026-08-18T13:32:14+00:00
e83a9bd3fea1ed9d,2019.00316,organized,OK,,675,2378,386,894,0.0,0.941,0.884,2.32,7,data/crops/organized/organized_2019.00316_S2_e83a9bd3fea1ed9d.jpg,2026-08-18T13:32:15+00:00
92816d0ca619ba89,POLLINIS4393,organized,OK,,1343,1963,366,827,0.0,0.963,0.863,2.26,5,data/crops/organized/organized_POLLINIS4393_S1_92816d0ca619ba89.jpg,2026-08-18T13:32:16+00:00
cb9ca097d9e73218,OPPO.2021.03276,organized,OK,,998,2063,364,780,8.13,0.948,0.859,2.15,4,data/crops/organized/organized_OPPO.2021.03276_S3_cb9ca097d9e73218.jpg,2026-08-18T13:32:16+00:00
2f65b78d59772a54,ABAURA8228,organized,OK,,2470,1810,114,313,0.0,0.747,0.814,2.75,2,data/crops/organized/organized_ABAURA8228_P1_2f65b78d59772a54.jpg,2026-08-18T13:32:17+00:00
9e89ee8a84df911a,ABAURA8240b,organized,OK,,1022,2020,378,847,0.0,0.9,0.885,2.24,3,data/crops/organized/organized_ABAURA8240b_S3_9e89ee8a84df911a.jpg,2026-08-18T13:32:17+00:00
d4297888b341bf78,ABB.2017.20260,organized,OK,,994,1975,335,839,0.0,0.99,0.888,2.51,2,data/crops/organized/organized_ABB.2017.20260_S2_d4297888b341bf78.jpg,2026-08-18T13:32:18+00:00
0c1d4105bb091ca9,CD388769,organized,OK,,1171,1941,425,784,0.0,0.841,0.831,1.84,5,data/crops/organized/organized_CD388769_S2_0c1d4105bb091ca9.jpg,2026-08-18T13:32:19+00:00
890a73a11e4d7270,2019.02118,organized,OK,,1632,1277,130,289,0.0,0.963,0.829,2.22,3,data/crops/organized/organized_2019.02118_P2_890a73a11e4d7270.jpg,2026-08-18T13:32:19+00:00
54c9b09d1872646e,2019.02184,organized,OK,,1621,1264,143,343,0.0,0.723,0.876,2.4,4,data/crops/organized/organized_2019.02184_P1_54c9b09d1872646e.jpg,2026-08-18T13:32:20+00:00
3b44a189b6b27437,ABAURA5103,organized,OK,,1231,1796,523,1060,8.13,0.872,0.891,2.03,1,data/crops/organized/organized_ABAURA5103_S1_3b44a189b6b27437.jpg,2026-08-18T13:32:21+00:00
ee48575111b209bb,2019.02118,organized,OK,,1637,1280,130,292,0.0,0.967,0.882,2.24,4,data/crops/organized/organized_2019.02118_P1_ee48575111b209bb.jpg,2026-08-18T13:32:21+00:00
12fb463124ee8972,ABAURA5103,organized,OK,,1187,1961,481,1044,19.179,0.871,0.895,2.17,4,data/crops/organized/organized_ABAURA5103_S3_12fb463124ee8972.jpg,2026-08-18T13:32:22+00:00
5c4ece861f433072,2019.02184,organized,OK,,1630,1261,143,330,0.0,0.855,0.873,2.31,3,data/crops/organized/organized_2019.02184_P2_5c4ece861f433072.jpg,2026-08-18T13:32:23+00:00
5335ac3e4902c20c,ABAURA5103,organized,OK,,1123,1978,487,1014,17.103,0.902,0.898,2.08,3,data/crops/organized/organized_ABAURA5103_S2_5335ac3e4902c20c.jpg,2026-08-18T13:32:23+00:00
b43998a1a69b6a88,ABAURA7155,organized,OK,,990,2305,484,1028,0.0,0.751,0.856,2.12,4,data/crops/organized/organized_ABAURA7155_S1_b43998a1a69b6a88.jpg,2026-08-18T13:32:24+00:00
bf7c1f752da8a15f,D264520,organized,OK,,1611,1242,130,285,0.0,0.854,0.886,2.2,2,data/crops/organized/organized_D264520_P2_bf7c1f752da8a15f.jpg,2026-08-18T13:32:25+00:00
810e26fd8ea32a3f,ABAURA7155,organized,OK,,880,2744,488,815,0.0,0.834,0.823,1.67,6,data/crops/organized/organized_ABAURA7155_S2_810e26fd8ea32a3f.jpg,2026-08-18T13:32:25+00:00
efa6e0c1b3e3d432,D264520,organized,OK,,1629,1215,127,282,0.0,0.864,0.874,2.23,2,data/crops/organized/organized_D264520_P1_efa6e0c1b3e3d432.jpg,2026-08-18T13:32:26+00:00
4673bdfe459d3c19,ABAURA7155,organized,OK,,1010,2315,480,1020,0.0,0.798,0.876,2.12,4,data/crops/organized/organized_ABAURA7155_S3_4673bdfe459d3c19.jpg,2026-08-18T13:32:27+00:00
8b56f58bf931ea82,2019.01788,organized,OK,,1138,2158,449,1000,0.0,0.744,0.873,2.23,5,data/crops/organized/organized_2019.01788_S3_8b56f58bf931ea82.jpg,2026-08-18T13:32:27+00:00
17c05a1f73fd8f37,ABAURA57210,organized,OK,,1436,2044,529,1199,4.086,0.834,0.884,2.27,6,data/crops/organized/organized_ABAURA57210_S3_17c05a1f73fd8f37.jpg,2026-08-18T13:32:28+00:00
05e9f384102ded05,ABAURA57210,organized,OK,,1317,2015,533,1177,1.637,0.865,0.905,2.21,5,data/crops/organized/organized_ABAURA57210_S2_05e9f384102ded05.jpg,2026-08-18T13:32:29+00:00
3c35efdc7d4ccce8,2019.01788,organized,OK,,1380,2002,516,1122,0.0,0.848,0.889,2.18,4,data/crops/organized/organized_2019.01788_S2_3c35efdc7d4ccce8.jpg,2026-08-18T13:32:29+00:00
1e240efb2129afee,ABAURA57210,organized,OK,,1319,2166,547,1244,0.836,0.799,0.873,2.27,5,data/crops/organized/organized_ABAURA57210_S1_1e240efb2129afee.jpg,2026-08-18T13:32:30+00:00
a2a6a87de9fef7da,2019.01788,organized,OK,,1414,1955,555,1213,0.0,0.76,0.884,2.18,2,data/crops/organized/organized_2019.01788_S1_a2a6a87de9fef7da.jpg,2026-08-18T13:32:31+00:00
02f4b620e0055337,NoName1,organized,OK,,1614,1234,146,317,0.0,0.875,0.88,2.17,4,data/crops/organized/organized_NoName1_P1_02f4b620e0055337.jpg,2026-08-18T13:32:31+00:00
42bf3a8bcdba75dc,ABAURA8201,organized,OK,,1645,1245,143,352,0.0,0.827,0.889,2.47,3,data/crops/organized/organized_ABAURA8201_P1_42bf3a8bcdba75dc.jpg,2026-08-18T13:32:32+00:00
56677fa3efcb35f8,NoName1,organized,OK,,1610,1238,145,330,14.036,0.889,0.874,2.28,2,data/crops/organized/organized_NoName1_P2_56677fa3efcb35f8.jpg,2026-08-18T13:32:32+00:00
73d2cbfa7290daf2,ABAURA8201,organized,OK,,1621,1261,143,355,0.0,0.932,0.869,2.49,5,data/crops/organized/organized_ABAURA8201_P2_73d2cbfa7290daf2.jpg,2026-08-18T13:32:33+00:00
e0dcddedb0e3c15f,ABAURA8201,organized,OK,,1242,1805,555,1311,0.0,0.719,0.896,2.36,3,data/crops/organized/organized_ABAURA8201_S3_e0dcddedb0e3c15f.jpg,2026-08-18T13:32:34+00:00
c9ab37ffb868924c,NoName1,organized,OK,,1252,2124,516,1016,0.0,0.866,0.881,1.97,2,data/crops/organized/organized_NoName1_S3_c9ab37ffb868924c.jpg,2026-08-18T13:32:35+00:00
95e75d5d06c28e8e,NoName1,organized,OK,,1186,2124,499,1079,4.086,0.777,0.898,2.16,2,data/crops/organized/organized_NoName1_S2_95e75d5d06c28e8e.jpg,2026-08-18T13:32:35+00:00
1395fbfccc2d98d1,ABAURA8201,organized,OK,,1351,2077,516,1228,0.0,0.822,0.9,2.38,3,data/crops/organized/organized_ABAURA8201_S2_1395fbfccc2d98d1.jpg,2026-08-18T13:32:36+00:00
4f8bcaba34d3b98a,NoName1,organized,OK,,1293,2327,488,1049,3.366,0.636,0.88,2.15,2,data/crops/organized/organized_NoName1_S1_4f8bcaba34d3b98a.jpg,2026-08-18T13:32:37+00:00
cf11d20b2de6aaee,ABAURA8201,organized,OK,,1408,1981,520,1217,0.0,0.897,0.908,2.34,4,data/crops/organized/organized_ABAURA8201_S1_cf11d20b2de6aaee.jpg,2026-08-18T13:32:37+00:00
74fd3bdda28e9f50,ABAURA57210,organized,OK,,1611,1213,143,336,0.0,0.848,0.812,2.36,3,data/crops/organized/organized_ABAURA57210_P1_74fd3bdda28e9f50.jpg,2026-08-18T13:32:38+00:00
c779f73a0c9a877f,2019.01788,organized,OK,,1624,1258,143,324,0.0,0.919,0.912,2.27,3,data/crops/organized/organized_2019.01788_P1_c779f73a0c9a877f.jpg,2026-08-18T13:32:38+00:00
7d3ad11c3c2cdc18,ABAURA57210,organized,OK,,1629,1240,146,333,0.0,0.941,0.811,2.28,1,data/crops/organized/organized_ABAURA57210_P2_7d3ad11c3c2cdc18.jpg,2026-08-18T13:32:39+00:00
0930cdf37bc8feca,2019.01788,organized,OK,,1619,1229,143,327,0.0,0.959,0.902,2.29,3,data/crops/organized/organized_2019.01788_P2_0930cdf37bc8feca.jpg,2026-08-18T13:32:40+00:00
260cf76eb63b9984,ABAURA7155,organized,OK,,1653,1283,130,304,0.0,0.506,0.855,2.34,1,data/crops/organized/organized_ABAURA7155_P2_260cf76eb63b9984.jpg,2026-08-18T13:32:40+00:00
2f09f9e4a020229c,D264520,organized,OK,,1331,2120,524,1095,0.0,0.692,0.899,2.09,2,data/crops/organized/organized_D264520_S1_2f09f9e4a020229c.jpg,2026-08-18T13:32:41+00:00
f70e86c1fd31489e,ABAURA7155,organized,OK,,1619,1289,130,301,0.0,0.559,0.844,2.32,1,data/crops/organized/organized_ABAURA7155_P1_f70e86c1fd31489e.jpg,2026-08-18T13:32:42+00:00
573e16f544a4b31e,D264520,organized,OK,,1169,2459,406,835,0.0,0.858,0.896,2.06,3,data/crops/organized/organized_D264520_S3_573e16f544a4b31e.jpg,2026-08-18T13:32:42+00:00
a122c92593ca4f1f,D264520,organized,OK,,1162,2683,461,961,0.0,0.636,0.927,2.09,2,data/crops/organized/organized_D264520_S2_a122c92593ca4f1f.jpg,2026-08-18T13:32:43+00:00
d13ede557e71f9fb,2019.02118,organized,OK,,1215,2203,500,1059,0.0,0.629,0.906,2.12,3,data/crops/organized/organized_2019.02118_S1_d13ede557e71f9fb.jpg,2026-08-18T13:32:44+00:00
356b569547f8a116,2019.02184,organized,OK,,1200,2049,480,1158,10.539,0.706,0.882,2.41,6,data/crops/organized/organized_2019.02184_S2_356b569547f8a116.jpg,2026-08-18T13:32:45+00:00
7417882fce3a01a9,2019.02184,organized,OK,,1421,2278,516,1039,0.0,0.713,0.871,2.02,4,data/crops/organized/organized_2019.02184_S3_7417882fce3a01a9.jpg,2026-08-18T13:32:45+00:00
23773153172c06ba,ABAURA5103,organized,OK,,1702,1180,146,289,0.0,0.758,0.861,1.98,2,data/crops/organized/organized_ABAURA5103_P2_23773153172c06ba.jpg,2026-08-18T13:32:46+00:00
1837785a98d93255,2019.02118,organized,OK,,1526,2238,484,1012,0.0,0.841,0.882,2.09,5,data/crops/organized/organized_2019.02118_S2_1837785a98d93255.jpg,2026-08-18T13:32:47+00:00
bac955ea325378a4,2019.02184,organized,OK,,1391,1738,460,1053,6.17,0.78,0.83,2.29,4,data/crops/organized/organized_2019.02184_S1_bac955ea325378a4.jpg,2026-08-18T13:32:48+00:00
dbf72b33a02f17fb,2019.02118,organized,OK,,1230,2160,469,1028,0.0,0.849,0.887,2.19,2,data/crops/organized/organized_2019.02118_S3_dbf72b33a02f17fb.jpg,2026-08-18T13:32:48+00:00
3234bd26eb184160,ABAURA5103,organized,OK,,1654,1220,143,289,0.0,0.614,0.893,2.02,3,data/crops/organized/organized_ABAURA5103_P1_3234bd26eb184160.jpg,2026-08-18T13:32:49+00:00
