image_id,specimen_id,tps_id,image_path,status,registration_cost,error_reason
0016bd8ec772b47d,POLLINIS5133,6400870416823421,data/crops/organized/organized_POLLINIS5133_S1_0016bd8ec772b47d.jpg,FAILED,inf,"7 landmarks, 18 attendus"
00191ea77da5b6f6,CD388016,7070579134150390,data/crops/organized/organized_CD388016_S2_00191ea77da5b6f6.jpg,SUSPECT,0.004651382021506145,"orientation ambiguë : 2e meilleur départ à 0.00465, proche du meilleur (0.00465, ratio 1.00)"
00572780db9e4dc8,FR74ABOM160722001,24531757367709128,data/crops/organized/organized_FR74ABOM160722001_P1_00572780db9e4dc8.jpg,SUSPECT,0.004443771795033126,"orientation ambiguë : 2e meilleur départ à 0.00444, proche du meilleur (0.00444, ratio 1.00)"
005a201d2963ebdb,VAN-2019.00850,25368057524513755,data/crops/organized/organized_VAN-2019.00850_P2_005a201d2963ebdb.jpg,SUSPECT,0.004375099247850269,"orientation ambiguë : 2e meilleur départ à 0.00438, proche du meilleur (0.00438, ratio 1.00)"
00656a1f9d5104e4,FR73ABOM200722028,28545656663639268,data/crops/organized/organized_FR73ABOM200722028_S1_00656a1f9d5104e4.jpg,SUSPECT,0.004705963557567135,"orientation ambiguë : 2e meilleur départ à 0.00471, proche du meilleur (0.00471, ratio 1.00)"
0067cfb57aa7310d,FR15ABOM200722065,29220300955005197,data/crops/organized/organized_FR15ABOM200722065_S1_0067cfb57aa7310d.jpg,SUSPECT,0.004289646957064418,"orientation ambiguë : 2e meilleur départ à 0.00429, proche du meilleur (0.00429, ratio 1.00)"
0094b2ae1aa92fb8,FR15_STPONCY300921002,41854757394526136,data/crops/organized/organized_FR15_STPONCY300921002_S1_0094b2ae1aa92fb8.jpg,SUSPECT,0.004705988815431804,"orientation ambiguë : 2e meilleur départ à 0.00471, proche du meilleur (0.00471, ratio 1.00)"
00996352b4991156,FR74ABOM170722014,43174878305128790,data/crops/organized/organized_FR74ABOM170722014_S2_00996352b4991156.jpg,SUSPECT,0.004727112383701421,"orientation ambiguë : 2e meilleur départ à 0.00473, proche du meilleur (0.00473, ratio 1.00)"
009d5a5d4b435a37,FR73ABOM130722037,44290928084736567,data/crops/organized/organized_FR73ABOM130722037_P2_009d5a5d4b435a37.jpg,SUSPECT,0.00431358279054851,"orientation ambiguë : 2e meilleur départ à 0.00431, proche du meilleur (0.00431, ratio 1.00)"
00ae9cef05a13880,FR15ABOM200821010,49149196353222784,data/crops/organized/organized_FR15ABOM200821010_S2_00ae9cef05a13880.jpg,SUSPECT,0.004338609790328792,"orientation ambiguë : 2e meilleur départ à 0.00434, proche du meilleur (0.00434, ratio 1.00)"
00ce89624d1637d4,POLLINIS5983,58134900495497172,data/crops/organized/organized_POLLINIS5983_S2_00ce89624d1637d4.jpg,SUSPECT,0.004501416752535906,"orientation ambiguë : 2e meilleur départ à 0.00450, proche du meilleur (0.00450, ratio 1.00)"
0126944d890a6876,ABAURA8852b,82916703885486198,data/crops/organized/organized_ABAURA8852b_S2_0126944d890a6876.jpg,FAILED,inf,"15 landmarks, 18 attendus"
0144694e115fff97,FR15ABOM210821115,91313676474122135,data/crops/organized/organized_FR15ABOM210821115_P2_0144694e115fff97.jpg,SUSPECT,0.00447806174441076,"orientation ambiguë : 2e meilleur départ à 0.00448, proche du meilleur (0.00448, ratio 1.00)"
015c71d8b11daf5a,OPIE_Lapi_200720,98078467393695578,data/crops/organized/organized_OPIE_Lapi_200720_S3_015c71d8b11daf5a.jpg,SUSPECT,0.004578138956527356,"orientation ambiguë : 2e meilleur départ à 0.00458, proche du meilleur (0.00458, ratio 1.00)"
015f297ab0dd4102,CD388860b,98843323755479298,data/crops/organized/organized_CD388860b_P1_015f297ab0dd4102.jpg,SUSPECT,0.004752544662201575,"orientation ambiguë : 2e meilleur départ à 0.00475, proche du meilleur (0.00475, ratio 1.00)"
0160c6005b0ea7ae,FR04ABOM220722051,99296896632137646,data/crops/organized/organized_FR04ABOM220722051_P1_0160c6005b0ea7ae.jpg,SUSPECT,0.004330482905157049,"orientation ambiguë : 2e meilleur départ à 0.00433, proche du meilleur (0.00433, ratio 1.00)"
01779d3be0a1d825,CD387313,105725996763830309,data/crops/organized/organized_CD387313_S1_01779d3be0a1d825.jpg,SUSPECT,0.004330569328766399,"orientation ambiguë : 2e meilleur départ à 0.00433, proche du meilleur (0.00433, ratio 1.00)"
0180a4100172fd06,ABAURA7163,108266779707636998,data/crops/organized/organized_ABAURA7163_P2_0180a4100172fd06.jpg,SUSPECT,0.004787756410745757,"orientation ambiguë : 2e meilleur départ à 0.00479, proche du meilleur (0.00479, ratio 1.00)"
01a88c14283fe83d,FR15_ABOM080820039,119499408327829565,data/crops/organized/organized_FR15_ABOM080820039_S2_01a88c14283fe83d.jpg,SUSPECT,0.004701103446194567,"orientation ambiguë : 2e meilleur départ à 0.00470, proche du meilleur (0.00470, ratio 1.00)"
01c6f03b52bee877,CD387770b,128053777008617591,data/crops/organized/organized_CD387770b_S1_01c6f03b52bee877.jpg,SUSPECT,0.004559163870418495,"orientation ambiguë : 2e meilleur départ à 0.00456, proche du meilleur (0.00456, ratio 1.00)"
01e6295858c15b14,ABAURA8606,136842298104306452,data/crops/organized/organized_ABAURA8606_P1_01e6295858c15b14.jpg,SUSPECT,0.004257867275188957,"orientation ambiguë : 2e meilleur départ à 0.00426, proche du meilleur (0.00426, ratio 1.00)"
01ed70b576f9f7db,ABAURA4923b,138891088205838299,data/crops/organized/organized_ABAURA4923b_S3_01ed70b576f9f7db.jpg,SUSPECT,0.004776697048546835,"orientation ambiguë : 2e meilleur départ à 0.00478, proche du meilleur (0.00478, ratio 1.00)"
01edd97ee6ca8f3c,CD388872,139006302579494716,data/crops/organized/organized_CD388872_S1_01edd97ee6ca8f3c.jpg,SUSPECT,0.004613867719648644,"orientation ambiguë : 2e meilleur départ à 0.00461, proche du meilleur (0.00461, ratio 1.00)"
01f0dd9dc03775eb,FR15ABOM060621003,139855258052949483,data/crops/organized/organized_FR15ABOM060621003_P2_01f0dd9dc03775eb.jpg,SUSPECT,0.004917079930550882,"orientation ambiguë : 2e meilleur départ à 0.00492, proche du meilleur (0.00492, ratio 1.00)"
01f5bcc58d9e9a97,ABAURA8206,141226520002599575,data/crops/organized/organized_ABAURA8206_S2_01f5bcc58d9e9a97.jpg,SUSPECT,0.0045938812217669114,"orientation ambiguë : 2e meilleur départ à 0.00459, proche du meilleur (0.00459, ratio 1.00)"
0214972d7977bd14,FR73ABOM120722021,149910909177281812,data/crops/organized/organized_FR73ABOM120722021_S3_0214972d7977bd14.jpg,SUSPECT,0.004583061777873843,"orientation ambiguë : 2e meilleur départ à 0.00458, proche du meilleur (0.00458, ratio 1.00)"
022309ba82e731bc,OPIE_Lapi_220620d,153977508925485500,data/crops/organized/organized_OPIE_Lapi_220620d_S2_022309ba82e731bc.jpg,SUSPECT,0.0044807724072827675,"orientation ambiguë : 2e meilleur départ à 0.00448, proche du meilleur (0.00448, ratio 1.00)"
022d3eead7391818,FR15ABOM200821202,156850740381947928,data/crops/organized/organized_FR15ABOM200821202_S1_022d3eead7391818.jpg,SUSPECT,0.004313629911186975,"orientation ambiguë : 2e meilleur départ à 0.00431, proche du meilleur (0.00431, ratio 1.00)"
0246a48fc2462d96,NoName12,163999373792259478,data/crops/organized/organized_NoName12_S1_0246a48fc2462d96.jpg,SUSPECT,0.004503949448742591,"orientation ambiguë : 2e meilleur départ à 0.00450, proche du meilleur (0.00450, ratio 1.00)"
02ab5c5868010632,NoName15,192348943865153074,data/crops/organized/organized_NoName15_P2_02ab5c5868010632.jpg,SUSPECT,0.004374774786794694,"orientation ambiguë : 2e meilleur départ à 0.00437, proche du meilleur (0.00437, ratio 1.00)"
02d85c5b92edaeb4,CD388860,205015331422187188,data/crops/organized/organized_CD388860_S1_02d85c5b92edaeb4.jpg,SUSPECT,0.004454410878368809,"orientation ambiguë : 2e meilleur départ à 0.00445, proche du meilleur (0.00445, ratio 1.00)"
02ef4c24d1acb493,ATBI_GR5b,211471428529992851,data/crops/organized/organized_ATBI_GR5b_S3_02ef4c24d1acb493.jpg,SUSPECT,0.004381937784017364,"orientation ambiguë : 2e meilleur départ à 0.00438, proche du meilleur (0.00438, ratio 1.00)"
02f4b620e0055337,NoName1,212995334706910007,data/crops/organized/organized_NoName1_P1_02f4b620e0055337.jpg,SUSPECT,0.004609952941516775,"orientation ambiguë : 2e meilleur départ à 0.00461, proche du meilleur (0.00461, ratio 1.00)"
030433f33c5cc327,FR15ABOM200722066,217355801803408167,data/crops/organized/organized_FR15ABOM200722066_P1_030433f33c5cc327.jpg,SUSPECT,0.004116546589896676,"orientation ambiguë : 2e meilleur départ à 0.00412, proche du meilleur (0.00412, ratio 1.00)"
034d788d9bc940d8,CD388865d,237978904919883992,data/crops/organized/organized_CD388865d_P1_034d788d9bc940d8.jpg,SUSPECT,0.004495428336367665,"orientation ambiguë : 2e meilleur départ à 0.00450, proche du meilleur (0.00450, ratio 1.00)"
03608edc038587a0,FR73ABOM200722030,243351455481038752,data/crops/organized/organized_FR73ABOM200722030_S3_03608edc038587a0.jpg,SUSPECT,0.004321186205656708,"orientation ambiguë : 2e meilleur départ à 0.00432, proche du meilleur (0.00432, ratio 1.00)"
03615507923c5b6c,CD388003,243569345861278572,data/crops/organized/organized_CD388003_S1_03615507923c5b6c.jpg,SUSPECT,0.004351494742571052,"orientation ambiguë : 2e meilleur départ à 0.00435, proche du meilleur (0.00435, ratio 1.00)"
0364e7151bf10036,POLLINIS4455,244574357633957942,data/crops/organized/organized_POLLINIS4455_S3_0364e7151bf10036.jpg,SUSPECT,0.004766856629610499,"orientation ambiguë : 2e meilleur départ à 0.00477, proche du meilleur (0.00477, ratio 1.00)"
036b5d0f8a6efa35,FR15ABOM210821077,246392925950245429,data/crops/organized/organized_FR15ABOM210821077_S1_036b5d0f8a6efa35.jpg,SUSPECT,0.006735929063578967,"orientation ambiguë : 2e meilleur départ à 0.00674, proche du meilleur (0.00674, ratio 1.00)"
03721dcaab9dea2c,CollecYvan8,248293685758650924,data/crops/organized/organized_CollecYvan8_S1_03721dcaab9dea2c.jpg,SUSPECT,0.004417112805877676,"orientation ambiguë : 2e meilleur départ à 0.00442, proche du meilleur (0.00442, ratio 1.00)"
03a19102bf6c070b,BAR-2018.00332,261649694351689483,data/crops/organized/organized_BAR-2018.00332_P1_03a19102bf6c070b.jpg,SUSPECT,0.004599778529768934,"orientation ambiguë : 2e meilleur départ à 0.00460, proche du meilleur (0.00460, ratio 1.00)"
03aa57d90555f07d,FR15ABOM210821147,264120117763633277,data/crops/organized/organized_FR15ABOM210821147_S2_03aa57d90555f07d.jpg,SUSPECT,0.00455548684933816,"orientation ambiguë : 2e meilleur départ à 0.00456, proche du meilleur (0.00456, ratio 1.00)"
03b748c2054f1522,N205,267762701001757986,data/crops/organized/organized_N205_P2_03b748c2054f1522.jpg,SUSPECT,0.004726231033091735,"orientation ambiguë : 2e meilleur départ à 0.00473, proche du meilleur (0.00473, ratio 1.00)"
03f42e2e488b310e,FR73ABOM130722040,284903452751638798,data/crops/organized/organized_FR73ABOM130722040_S2_03f42e2e488b310e.jpg,SUSPECT,0.004371502751717556,"orientation ambiguë : 2e meilleur départ à 0.00437, proche du meilleur (0.00437, ratio 1.00)"
03f571709571e202,OPIE_Lapi_220620,285258879765438978,data/crops/organized/organized_OPIE_Lapi_220620_S3_03f571709571e202.jpg,SUSPECT,0.004608786611255272,"orientation ambiguë : 2e meilleur départ à 0.00461, proche du meilleur (0.00461, ratio 1.00)"
0401963389a1bfe9,2020.00470,288676999224999913,data/crops/organized/organized_2020.00470_P2_0401963389a1bfe9.jpg,SUSPECT,0.004504282637990391,"orientation ambiguë : 2e meilleur départ à 0.00450, proche du meilleur (0.00450, ratio 1.00)"
04098f5fdafdb66b,CollecYvan20,290921292800833131,data/crops/organized/organized_CollecYvan20_P2_04098f5fdafdb66b.jpg,SUSPECT,0.0043204212142174125,"orientation ambiguë : 2e meilleur départ à 0.00432, proche du meilleur (0.00432, ratio 1.00)"
0430a31d4448b63a,CD388862,301920521128818234,data/crops/organized/organized_CD388862_P1_0430a31d4448b63a.jpg,SUSPECT,0.004408209506097777,"orientation ambiguë : 2e meilleur départ à 0.00441, proche du meilleur (0.00441, ratio 1.00)"
04370f8a6cbf75d9,FR04ABOM220722087,303728587075188185,data/crops/organized/organized_FR04ABOM220722087_P2_04370f8a6cbf75d9.jpg,SUSPECT,0.004762876774186541,"orientation ambiguë : 2e meilleur départ à 0.00476, proche du meilleur (0.00476, ratio 1.00)"
0445a42568f18137,ABAURA8203,307832630126149943,data/crops/organized/organized_ABAURA8203_S1_0445a42568f18137.jpg,SUSPECT,0.004383659777442943,"orientation ambiguë : 2e meilleur départ à 0.00438, proche du meilleur (0.00438, ratio 1.00)"
04adc8a5e1866677,CD388229c,337146161901495927,data/crops/organized/organized_CD388229c_S1_04adc8a5e1866677.jpg,SUSPECT,0.004312680093630699,"orientation ambiguë : 2e meilleur départ à 0.00431, proche du meilleur (0.00431, ratio 1.00)"
04c0e23b1e18b69a,FR15_ABOM09082020094,342522315216041626,data/crops/organized/organized_FR15_ABOM09082020094_S1_04c0e23b1e18b69a.jpg,SUSPECT,0.00589679789307578,"orientation ambiguë : 2e meilleur départ à 0.00590, proche du meilleur (0.00590, ratio 1.00)"
04cf882bb7bd4990,CD388230b,346645417678424464,data/crops/organized/organized_CD388230b_P1_04cf882bb7bd4990.jpg,SUSPECT,0.004516844184572756,"orientation ambiguë : 2e meilleur départ à 0.00452, proche du meilleur (0.00452, ratio 1.00)"
050a7e05d56e0507,VAN-2019.00814,363241283477439751,data/crops/organized/organized_VAN-2019.00814_S3_050a7e05d56e0507.jpg,SUSPECT,0.004649810145733927,"orientation ambiguë : 2e meilleur départ à 0.00465, proche du meilleur (0.00465, ratio 1.00)"
052422f84cccb5d4,OPIE_Lapi_D1,370459519186941396,data/crops/organized/organized_OPIE_Lapi_D1_S2_052422f84cccb5d4.jpg,SUSPECT,0.004466906030017868,"orientation ambiguë : 2e meilleur départ à 0.00447, proche du meilleur (0.00447, ratio 1.00)"
05263db1385c8455,FR15ABOM060621003,371051850668737621,data/crops/organized/organized_FR15ABOM060621003_S3_05263db1385c8455.jpg,SUSPECT,0.004836901907923027,"orientation ambiguë : 2e meilleur départ à 0.00484, proche du meilleur (0.00484, ratio 1.00)"
052a7921b0d52f41,CD388872b,372243104819130177,data/crops/organized/organized_CD388872b_S2_052a7921b0d52f41.jpg,SUSPECT,0.004420117600205752,"orientation ambiguë : 2e meilleur départ à 0.00442, proche du meilleur (0.00442, ratio 1.00)"
0534849fc5404d60,OPIE_Lapi_220620b,375070490722585952,data/crops/organized/organized_OPIE_Lapi_220620b_S3_0534849fc5404d60.jpg,SUSPECT,0.004294827789549827,"orientation ambiguë : 2e meilleur départ à 0.00429, proche du meilleur (0.00429, ratio 1.00)"
053c3d193126cddb,NoName7,377243647200382427,data/crops/organized/organized_NoName7_P2_053c3d193126cddb.jpg,SUSPECT,0.004510476438649155,"orientation ambiguë : 2e meilleur départ à 0.00451, proche du meilleur (0.00451, ratio 1.00)"
0555cdd96215fb79,CD387577,384439676747250553,data/crops/organized/organized_CD387577_S2_0555cdd96215fb79.jpg,SUSPECT,0.00468931025100901,"orientation ambiguë : 2e meilleur départ à 0.00469, proche du meilleur (0.00469, ratio 1.00)"
05602ad0bf4afa33,2007.0008,387356644004788787,data/crops/organized/organized_2007.0008_S2_05602ad0bf4afa33.jpg,SUSPECT,0.0047527263728492815,"orientation ambiguë : 2e meilleur départ à 0.00475, proche du meilleur (0.00475, ratio 1.00)"
058dd31c9125a23e,POLLINIS4455,400208061553549886,data/crops/organized/organized_POLLINIS4455_S2_058dd31c9125a23e.jpg,SUSPECT,0.004752309629574858,"orientation ambiguë : 2e meilleur départ à 0.00475, proche du meilleur (0.00475, ratio 1.00)"
05a2613b9eee4a24,OPIE_Lapi_240620b,405993825114147364,data/crops/organized/organized_OPIE_Lapi_240620b_P1_05a2613b9eee4a24.jpg,SUSPECT,0.004499688374506572,"orientation ambiguë : 2e meilleur départ à 0.00450, proche du meilleur (0.00450, ratio 1.00)"
05e59927a43a35d5,CD388145,424914135394432469,data/crops/organized/organized_CD388145_S3_05e59927a43a35d5.jpg,SUSPECT,0.004419112103356816,"orientation ambiguë : 2e meilleur départ à 0.00442, proche du meilleur (0.00442, ratio 1.00)"
05e9b91dbea732d6,FR73ABOM120722070,426075177167041238,data/crops/organized/organized_FR73ABOM120722070_S2_05e9b91dbea732d6.jpg,SUSPECT,0.004605755989641092,"orientation ambiguë : 2e meilleur départ à 0.00461, proche du meilleur (0.00461, ratio 1.00)"
05e9f384102ded05,ABAURA57210,426139388295900421,data/crops/organized/organized_ABAURA57210_S2_05e9f384102ded05.jpg,SUSPECT,0.004472800855458082,"orientation ambiguë : 2e meilleur départ à 0.00447, proche du meilleur (0.00447, ratio 1.00)"
05f1d03b5a041860,OPPO.7362,428352392908773472,data/crops/organized/organized_OPPO.7362_S1_05f1d03b5a041860.jpg,SUSPECT,0.004416509093300092,"orientation ambiguë : 2e meilleur départ à 0.00442, proche du meilleur (0.00442, ratio 1.00)"
05ffd89182ab8e9a,OPIE_Lapi_130720b,432302208724995738,data/crops/organized/organized_OPIE_Lapi_130720b_S1_05ffd89182ab8e9a.jpg,SUSPECT,0.004333416074532567,"orientation ambiguë : 2e meilleur départ à 0.00433, proche du meilleur (0.00433, ratio 1.00)"
063854e0961efca8,FR15ABOM220821043,448201486491385000,data/crops/organized/organized_FR15ABOM220821043_P1_063854e0961efca8.jpg,SUSPECT,0.004760724488089925,"orientation ambiguë : 2e meilleur départ à 0.00476, proche du meilleur (0.00476, ratio 1.00)"
0655ff948404d829,ABAURA4915,456551950583126057,data/crops/organized/organized_ABAURA4915_S3_0655ff948404d829.jpg,SUSPECT,0.004675618549831919,"orientation ambiguë : 2e meilleur départ à 0.00468, proche du meilleur (0.00468, ratio 1.00)"
06614410ba381adf,POLLINIS4343,459723475602905823,data/crops/organized/organized_POLLINIS4343_S1_06614410ba381adf.jpg,SUSPECT,0.004624431592475751,"orientation ambiguë : 2e meilleur départ à 0.00462, proche du meilleur (0.00462, ratio 1.00)"
067982f7eddc86bc,FR73ABOM200722032,466548037768742588,data/crops/organized/organized_FR73ABOM200722032_P2_067982f7eddc86bc.jpg,SUSPECT,0.004613514797079792,"orientation ambiguë : 2e meilleur départ à 0.00461, proche du meilleur (0.00461, ratio 1.00)"
0680d6c33de35f6f,Znieff_galibier,468610495291809647,data/crops/organized/organized_Znieff_galibier_P1_0680d6c33de35f6f.jpg,SUSPECT,0.004534764688552057,"orientation ambiguë : 2e meilleur départ à 0.00453, proche du meilleur (0.00453, ratio 1.00)"
0691659401b8dd99,ABAURA8606,473271122209070489,data/crops/organized/organized_ABAURA8606_S2_0691659401b8dd99.jpg,SUSPECT,0.0042271361596421565,"orientation ambiguë : 2e meilleur départ à 0.00423, proche du meilleur (0.00423, ratio 1.00)"
0691fb80f4e5ec9b,ABAURA8151,473435967133707419,data/crops/organized/organized_ABAURA8151_P2_0691fb80f4e5ec9b.jpg,SUSPECT,0.004722402500183958,"orientation ambiguë : 2e meilleur départ à 0.00472, proche du meilleur (0.00472, ratio 1.00)"
06b530b1982ec1c0,N628,483346074332742080,data/crops/organized/organized_N628_P2_06b530b1982ec1c0.jpg,SUSPECT,0.004548556771686595,"orientation ambiguë : 2e meilleur départ à 0.00455, proche du meilleur (0.00455, ratio 1.00)"
06c76fb941770168,ABAURA8764,488481926050939240,data/crops/organized/organized_ABAURA8764_S1_06c76fb941770168.jpg,SUSPECT,0.00449521267202212,"orientation ambiguë : 2e meilleur départ à 0.00450, proche du meilleur (0.00450, ratio 1.00)"
06eb53b4d05372b1,OPIE_Lapi_220620d,498584219808920241,data/crops/organized/organized_OPIE_Lapi_220620d_S3_06eb53b4d05372b1.jpg,SUSPECT,0.004573253343414577,"orientation ambiguë : 2e meilleur départ à 0.00457, proche du meilleur (0.00457, ratio 1.00)"
06f082c26925eb5d,15L2021-1732,500043330137484125,data/crops/organized/organized_15L2021-1732_S1_06f082c26925eb5d.jpg,SUSPECT,0.004427797237706274,"orientation ambiguë : 2e meilleur départ à 0.00443, proche du meilleur (0.00443, ratio 1.00)"
06f55b2a38710ac0,NoName5,501407170415364800,data/crops/organized/organized_NoName5_S2_06f55b2a38710ac0.jpg,SUSPECT,0.004422896819206222,"orientation ambiguë : 2e meilleur départ à 0.00442, proche du meilleur (0.00442, ratio 1.00)"
070b9e3da80aa8db,FR15_ABOM180720054,507673370658777307,data/crops/organized/organized_FR15_ABOM180720054_P2_070b9e3da80aa8db.jpg,SUSPECT,0.004391738608866869,"orientation ambiguë : 2e meilleur départ à 0.00439, proche du meilleur (0.00439, ratio 1.00)"
0712be0fa89426e3,FR15_ABOM180720048,509678682308355811,data/crops/organized/organized_FR15_ABOM180720048_S2_0712be0fa89426e3.jpg,SUSPECT,0.0043293217228990545,"orientation ambiguë : 2e meilleur départ à 0.00433, proche du meilleur (0.00433, ratio 1.00)"
072b4bb9214cb344,ABAURA8238d,516589840763761476,data/crops/organized/organized_ABAURA8238d_S1_072b4bb9214cb344.jpg,SUSPECT,0.004442358717757998,"orientation ambiguë : 2e meilleur départ à 0.00444, proche du meilleur (0.00444, ratio 1.00)"
0735214df99a29b6,FR15ABOM210821212,519357950814988726,data/crops/organized/organized_FR15ABOM210821212_P2_0735214df99a29b6.jpg,SUSPECT,0.0046270203052063055,"orientation ambiguë : 2e meilleur départ à 0.00463, proche du meilleur (0.00463, ratio 1.00)"
073c31aa5f9525dd,OPPO_5923,521346264685946333,data/crops/organized/organized_OPPO_5923_S2_073c31aa5f9525dd.jpg,SUSPECT,0.0046944271502495916,"orientation ambiguë : 2e meilleur départ à 0.00469, proche du meilleur (0.00469, ratio 1.00)"
0744b57b084cbc9b,ABAURA8207f,523742996706671771,data/crops/organized/organized_ABAURA8207f_S3_0744b57b084cbc9b.jpg,SUSPECT,0.004682482273401369,"orientation ambiguë : 2e meilleur départ à 0.00468, proche du meilleur (0.00468, ratio 1.00)"
074e4723d4b01121,FR73ABOM200722019,526436425666662689,data/crops/organized/organized_FR73ABOM200722019_P2_074e4723d4b01121.jpg,SUSPECT,0.004734115739826302,"orientation ambiguë : 2e meilleur départ à 0.00473, proche du meilleur (0.00473, ratio 1.00)"
0781324999d4c2fd,FR04ABOM220722055,540768721956029181,data/crops/organized/organized_FR04ABOM220722055_S2_0781324999d4c2fd.jpg,SUSPECT,0.004574645505948254,"orientation ambiguë : 2e meilleur départ à 0.00457, proche du meilleur (0.00457, ratio 1.00)"
07871956483cd1dd,CollecYvan3,542430138491261405,data/crops/organized/organized_CollecYvan3_S3_07871956483cd1dd.jpg,SUSPECT,0.00457998496604872,"orientation ambiguë : 2e meilleur départ à 0.00458, proche du meilleur (0.00458, ratio 1.00)"
079538b0afa86b37,CD388860b,546405261307833143,data/crops/organized/organized_CD388860b_S2_079538b0afa86b37.jpg,SUSPECT,0.004690513190923703,"orientation ambiguë : 2e meilleur départ à 0.00469, proche du meilleur (0.00469, ratio 1.00)"
07ae35c8ecfa5592,FR15ABOM210822013,553438941298709906,data/crops/organized/organized_FR15ABOM210822013_P1_07ae35c8ecfa5592.jpg,SUSPECT,0.004283390661718168,"orientation ambiguë : 2e meilleur départ à 0.00428, proche du meilleur (0.00428, ratio 1.00)"
07eaf677e35a051e,CD388623,570539297591657758,data/crops/organized/organized_CD388623_P2_07eaf677e35a051e.jpg,SUSPECT,0.00477028801527478,"orientation ambiguë : 2e meilleur départ à 0.00477, proche du meilleur (0.00477, ratio 1.00)"
082c32ce83a01520,ABAURA4936,588901513831650592,data/crops/organized/organized_ABAURA4936_P1_082c32ce83a01520.jpg,SUSPECT,0.004340560035592355,"orientation ambiguë : 2e meilleur départ à 0.00434, proche du meilleur (0.00434, ratio 1.00)"
08a512807ddd6919,2020.04013,622924466537457945,data/crops/organized/organized_2020.04013_S2_08a512807ddd6919.jpg,SUSPECT,0.004676053005572475,"orientation ambiguë : 2e meilleur départ à 0.00468, proche du meilleur (0.00468, ratio 1.00)"
08b6f5bd3af5112c,2019.00316,627959391151526188,data/crops/organized/organized_2019.00316_S1_08b6f5bd3af5112c.jpg,SUSPECT,0.004623144023856396,"orientation ambiguë : 2e meilleur départ à 0.00462, proche du meilleur (0.00462, ratio 1.00)"
08deab012b91aedc,CD388865d,639136218647473884,data/crops/organized/organized_CD388865d_S1_08deab012b91aedc.jpg,SUSPECT,0.004556213511142361,"orientation ambiguë : 2e meilleur départ à 0.00456, proche du meilleur (0.00456, ratio 1.00)"
08e69025d57a7468,OPIE_Lapi_95C,641358489116636264,data/crops/organized/organized_OPIE_Lapi_95C_P2_08e69025d57a7468.jpg,SUSPECT,0.004357310294443679,"orientation ambiguë : 2e meilleur départ à 0.00436, proche du meilleur (0.00436, ratio 1.00)"
08f5d943c17ee097,FR15_ABOM30072020045,645661006629888151,data/crops/organized/organized_FR15_ABOM30072020045_P2_08f5d943c17ee097.jpg,SUSPECT,0.004210709957332223,"orientation ambiguë : 2e meilleur départ à 0.00421, proche du meilleur (0.00421, ratio 1.00)"
0927aa83bc437238,CollecYvan12,659683353209041464,data/crops/organized/organized_CollecYvan12_P2_0927aa83bc437238.jpg,SUSPECT,0.004570160571568598,"orientation ambiguë : 2e meilleur départ à 0.00457, proche du meilleur (0.00457, ratio 1.00)"
0930cdf37bc8feca,2019.01788,662255590860979914,data/crops/organized/organized_2019.01788_P2_0930cdf37bc8feca.jpg,SUSPECT,0.0045371161076070065,"orientation ambiguë : 2e meilleur départ à 0.00454, proche du meilleur (0.00454, ratio 1.00)"
0937ca943b601875,FR73ABOM130722006,664222208060561525,data/crops/organized/organized_FR73ABOM130722006_P2_0937ca943b601875.jpg,SUSPECT,0.004606021524863302,"orientation ambiguë : 2e meilleur départ à 0.00461, proche du meilleur (0.00461, ratio 1.00)"
0942fc10a03589b8,CollecYvan10,667372843141794232,data/crops/organized/organized_CollecYvan10_S3_0942fc10a03589b8.jpg,SUSPECT,0.004537501606614037,"orientation ambiguë : 2e meilleur départ à 0.00454, proche du meilleur (0.00454, ratio 1.00)"
0945f49f10d7da3a,ABAURA8150,668209083753945658,data/crops/organized/organized_ABAURA8150_P2_0945f49f10d7da3a.jpg,SUSPECT,0.004680513693276651,"orientation ambiguë : 2e meilleur départ à 0.00468, proche du meilleur (0.00468, ratio 1.00)"
0969bed438d35ace,FR73ABOM130722003,678283037591689934,data/crops/organized/organized_FR73ABOM130722003_S2_0969bed438d35ace.jpg,SUSPECT,0.004621798093074652,"orientation ambiguë : 2e meilleur départ à 0.00462, proche du meilleur (0.00462, ratio 1.00)"
099bc019af55f816,FR73ABOM130722046,692358184279865366,data/crops/organized/organized_FR73ABOM130722046_P2_099bc019af55f816.jpg,SUSPECT,0.00440652752203297,"orientation ambiguë : 2e meilleur départ à 0.00441, proche du meilleur (0.00441, ratio 1.00)"
09a0ba84119c668e,FR15ABOM210821165,693759419008968334,data/crops/organized/organized_FR15ABOM210821165_P2_09a0ba84119c668e.jpg,SUSPECT,0.004645596160037688,"orientation ambiguë : 2e meilleur départ à 0.00465, proche du meilleur (0.00465, ratio 1.00)"
09ce294326def09d,2020.06207,706547559935439005,data/crops/organized/organized_2020.06207_P1_09ce294326def09d.jpg,SUSPECT,0.004491989583547012,"orientation ambiguë : 2e meilleur départ à 0.00449, proche du meilleur (0.00449, ratio 1.00)"
0a09f0b3870a1cab,15L2021-1585,723373869025074347,data/crops/organized/organized_15L2021-1585_P2_0a09f0b3870a1cab.jpg,FAILED,inf,"16 landmarks, 18 attendus"
0a376ff8115736fc,CD388018b,736180175331866364,data/crops/organized/organized_CD388018b_P2_0a376ff8115736fc.jpg,SUSPECT,0.004574366160149062,"orientation ambiguë : 2e meilleur départ à 0.00457, proche du meilleur (0.00457, ratio 1.00)"
0a5289eba245360b,ABAURA8606,743808533602317835,data/crops/organized/organized_ABAURA8606_S3_0a5289eba245360b.jpg,SUSPECT,0.00431094735190517,"orientation ambiguë : 2e meilleur départ à 0.00431, proche du meilleur (0.00431, ratio 1.00)"
0a90c4c53a2db8d1,CollecYvan17,761324688389290193,data/crops/organized/organized_CollecYvan17_P1_0a90c4c53a2db8d1.jpg,SUSPECT,0.004456050812379753,"orientation ambiguë : 2e meilleur départ à 0.00446, proche du meilleur (0.00446, ratio 1.00)"
0aaa4431b3634b1b,2020.03930,768501666673806107,data/crops/organized/organized_2020.03930_S1_0aaa4431b3634b1b.jpg,SUSPECT,0.004406893539734447,"orientation ambiguë : 2e meilleur départ à 0.00441, proche du meilleur (0.00441, ratio 1.00)"
0ab7aace9a08d7f1,FR73ABOM130722065,772273665441585137,data/crops/organized/organized_FR73ABOM130722065_P1_0ab7aace9a08d7f1.jpg,SUSPECT,0.004470832224159501,"orientation ambiguë : 2e meilleur départ à 0.00447, proche du meilleur (0.00447, ratio 1.00)"
0ac4f78e8557f42f,ABAURA8151,776017227309118511,data/crops/organized/organized_ABAURA8151_S3_0ac4f78e8557f42f.jpg,SUSPECT,0.004695474279715773,"orientation ambiguë : 2e meilleur départ à 0.00470, proche du meilleur (0.00470, ratio 1.00)"
0acc07fb19c21f93,VAN-2019.00795,778005610678591379,data/crops/organized/organized_VAN-2019.00795_S3_0acc07fb19c21f93.jpg,SUSPECT,0.004627818035231723,"orientation ambiguë : 2e meilleur départ à 0.00463, proche du meilleur (0.00463, ratio 1.00)"
0ad99683346a5974,FR15ABOM170821120,781821500589758836,data/crops/organized/organized_FR15ABOM170821120_P2_0ad99683346a5974.jpg,SUSPECT,0.004551519838239505,"orientation ambiguë : 2e meilleur départ à 0.00455, proche du meilleur (0.00455, ratio 1.00)"
0b082b79cc333c10,NoName2,794933136347839504,data/crops/organized/organized_NoName2_S1_0b082b79cc333c10.jpg,SUSPECT,0.004487860092615314,"orientation ambiguë : 2e meilleur départ à 0.00449, proche du meilleur (0.00449, ratio 1.00)"
0b165d17b1adfa40,NoName5,798928340251441728,data/crops/organized/organized_NoName5_S3_0b165d17b1adfa40.jpg,SUSPECT,0.004362108765083538,"orientation ambiguë : 2e meilleur départ à 0.00436, proche du meilleur (0.00436, ratio 1.00)"
0b1b39dcbfedffa0,FR15ABOM170821074,800296979064029088,data/crops/organized/organized_FR15ABOM170821074_P2_0b1b39dcbfedffa0.jpg,SUSPECT,0.0044690807048152455,"orientation ambiguë : 2e meilleur départ à 0.00447, proche du meilleur (0.00447, ratio 1.00)"
0b1eb9f8750b45b5,CD388013,801282260485227957,data/crops/organized/organized_CD388013_P1_0b1eb9f8750b45b5.jpg,SUSPECT,0.004502793964492935,"orientation ambiguë : 2e meilleur départ à 0.00450, proche du meilleur (0.00450, ratio 1.00)"
0b7e64e3a84570c8,OPIE_Lapi_230620,828210310426226888,data/crops/organized/organized_OPIE_Lapi_230620_P2_0b7e64e3a84570c8.jpg,SUSPECT,0.004369890992186043,"orientation ambiguë : 2e meilleur départ à 0.00437, proche du meilleur (0.00437, ratio 1.00)"
0b8d57d8876590c8,2020.00470,832418093629542600,data/crops/organized/organized_2020.00470_P1_0b8d57d8876590c8.jpg,SUSPECT,0.004450568608474567,"orientation ambiguë : 2e meilleur départ à 0.00445, proche du meilleur (0.00445, ratio 1.00)"
0b8f958917cc6b46,OPIE_Lapi_230620b,833048872129162054,data/crops/organized/organized_OPIE_Lapi_230620b_S1_0b8f958917cc6b46.jpg,SUSPECT,0.004643823397212458,"orientation ambiguë : 2e meilleur départ à 0.00464, proche du meilleur (0.00464, ratio 1.00)"
0bce3c9aa6074265,CD388860,850684014527726181,data/crops/organized/organized_CD388860_S3_0bce3c9aa6074265.jpg,SUSPECT,0.004475599210036055,"orientation ambiguë : 2e meilleur départ à 0.00448, proche du meilleur (0.00448, ratio 1.00)"
0bd407c3342b1795,FR05ABOM220722027,852314764455122837,data/crops/organized/organized_FR05ABOM220722027_P1_0bd407c3342b1795.jpg,SUSPECT,0.004945800201531959,"orientation ambiguë : 2e meilleur départ à 0.00495, proche du meilleur (0.00495, ratio 1.00)"
0bea304d6bfba412,N628,858551788049769490,data/crops/organized/organized_N628_S5_0bea304d6bfba412.jpg,SUSPECT,0.005061167188220676,"orientation ambiguë : 2e meilleur départ à 0.00506, proche du meilleur (0.00506, ratio 1.00)"
0bed3fec2ab98441,FR73ABOM130722063,859413387459265601,data/crops/organized/organized_FR73ABOM130722063_S1_0bed3fec2ab98441.jpg,SUSPECT,0.004608745770976575,"orientation ambiguë : 2e meilleur départ à 0.00461, proche du meilleur (0.00461, ratio 1.00)"
0bfbc5dd17e44510,CD388623e,863501306950862096,data/crops/organized/organized_CD388623e_P1_0bfbc5dd17e44510.jpg,SUSPECT,0.004418608451450355,"orientation ambiguë : 2e meilleur départ à 0.00442, proche du meilleur (0.00442, ratio 1.00)"
0c1aa712dbb9b9f0,ABAURA8885d,872193177287244272,data/crops/organized/organized_ABAURA8885d_P1_0c1aa712dbb9b9f0.jpg,SUSPECT,0.004507058332096233,"orientation ambiguë : 2e meilleur départ à 0.00451, proche du meilleur (0.00451, ratio 1.00)"
0c1d4105bb091ca9,CD388769,872925395648322729,data/crops/organized/organized_CD388769_S2_0c1d4105bb091ca9.jpg,SUSPECT,0.004483509467013255,"orientation ambiguë : 2e meilleur départ à 0.00448, proche du meilleur (0.00448, ratio 1.00)"
0c2577f70ba53549,OPIE_Lapi_7B,875237605529433417,data/crops/organized/organized_OPIE_Lapi_7B_P2_0c2577f70ba53549.jpg,SUSPECT,0.0045369608718547495,"orientation ambiguë : 2e meilleur départ à 0.00454, proche du meilleur (0.00454, ratio 1.00)"
0c2d2e114c286b47,VAN-2019.00785,877408154234153799,data/crops/organized/organized_VAN-2019.00785_S3_0c2d2e114c286b47.jpg,SUSPECT,0.004537561435426923,"orientation ambiguë : 2e meilleur départ à 0.00454, proche du meilleur (0.00454, ratio 1.00)"
0c330873043b95bd,ABAURA8205b,879055642352653757,data/crops/organized/organized_ABAURA8205b_S2_0c330873043b95bd.jpg,SUSPECT,0.0046743949581373725,"orientation ambiguë : 2e meilleur départ à 0.00467, proche du meilleur (0.00467, ratio 1.00)"
0c39763ef89a5635,CollecYvan1,880865214958556725,data/crops/organized/organized_CollecYvan1_S1_0c39763ef89a5635.jpg,SUSPECT,0.0045189982306388906,"orientation ambiguë : 2e meilleur départ à 0.00452, proche du meilleur (0.00452, ratio 1.00)"
0c6fced571579aa0,15G2021-1826,896162266994940576,data/crops/organized/organized_15G2021-1826_P1_0c6fced571579aa0.jpg,SUSPECT,0.004869807093564574,"orientation ambiguë : 2e meilleur départ à 0.00487, proche du meilleur (0.00487, ratio 1.00)"
0c77337d5b096d45,CD388821e,898243264174976325,data/crops/organized/organized_CD388821e_S1_0c77337d5b096d45.jpg,SUSPECT,0.004683023835276485,"orientation ambiguë : 2e meilleur départ à 0.00468, proche du meilleur (0.00468, ratio 1.00)"
0ca3794acd2e957e,CD388623,910704911835895166,data/crops/organized/organized_CD388623_S2_0ca3794acd2e957e.jpg,SUSPECT,0.004745353698816956,"orientation ambiguë : 2e meilleur départ à 0.00475, proche du meilleur (0.00475, ratio 1.00)"
0cadc8437cae5055,OPIE_Lapi_180702,913606491606241365,data/crops/organized/organized_OPIE_Lapi_180702_S3_0cadc8437cae5055.jpg,FAILED,inf,"17 landmarks, 18 attendus"
0cde8febd1025985,ABAURA5676,927336816271579525,data/crops/organized/organized_ABAURA5676_P1_0cde8febd1025985.jpg,FAILED,inf,"11 landmarks, 18 attendus"
0d15ffd3e00b86ac,CD387577,942940982466021036,data/crops/organized/organized_CD387577_S3_0d15ffd3e00b86ac.jpg,SUSPECT,0.004648760929364317,"orientation ambiguë : 2e meilleur départ à 0.00465, proche du meilleur (0.00465, ratio 1.00)"
0d1faa1ffd9bb04f,N815,945661501146640463,data/crops/organized/organized_N815_P5_0d1faa1ffd9bb04f.jpg,SUSPECT,0.0046662555558192355,"orientation ambiguë : 2e meilleur départ à 0.00467, proche du meilleur (0.00467, ratio 1.00)"
0d315f752bb8552e,2020.00471,950645953201198382,data/crops/organized/organized_2020.00471_S2_0d315f752bb8552e.jpg,SUSPECT,0.004644103684596204,"orientation ambiguë : 2e meilleur départ à 0.00464, proche du meilleur (0.00464, ratio 1.00)"
0d43d3afed072623,FR15ABOM210821212,955840298482083363,data/crops/organized/organized_FR15ABOM210821212_S1_0d43d3afed072623.jpg,SUSPECT,0.004650390199296969,"orientation ambiguë : 2e meilleur départ à 0.00465, proche du meilleur (0.00465, ratio 1.00)"
0d501cee9ea30aa4,FR04ABOM220722001,959298531819195044,data/crops/organized/organized_FR04ABOM220722001_S1_0d501cee9ea30aa4.jpg,SUSPECT,0.004677774577816634,"orientation ambiguë : 2e meilleur départ à 0.00468, proche du meilleur (0.00468, ratio 1.00)"
0d6da1cbb2cf88d9,ABAURA8885b,967607391204903129,data/crops/organized/organized_ABAURA8885b_S2_0d6da1cbb2cf88d9.jpg,SUSPECT,0.004653114360255257,"orientation ambiguë : 2e meilleur départ à 0.00465, proche du meilleur (0.00465, ratio 1.00)"
0d7acfb8d65eebf2,FR73ABOM130722002,971317062429240306,data/crops/organized/organized_FR73ABOM130722002_S1_0d7acfb8d65eebf2.jpg,SUSPECT,0.004835819987969088,"orientation ambiguë : 2e meilleur départ à 0.00484, proche du meilleur (0.00484, ratio 1.00)"
0db7bdf6f686324e,FR15ABOM100721032,988467511626707534,data/crops/organized/organized_FR15ABOM100721032_S3_0db7bdf6f686324e.jpg,SUSPECT,0.004614001147272437,"orientation ambiguë : 2e meilleur départ à 0.00461, proche du meilleur (0.00461, ratio 1.00)"
0deed21cb1d14852,FR73ABOM200722030,1003970787634399314,data/crops/organized/organized_FR73ABOM200722030_S1_0deed21cb1d14852.jpg,SUSPECT,0.004361862461141445,"orientation ambiguë : 2e meilleur départ à 0.00436, proche du meilleur (0.00436, ratio 1.00)"
0df38620ecc02a44,FR15_ABOM180720047,1005294617802844740,data/crops/organized/organized_FR15_ABOM180720047_S3_0df38620ecc02a44.jpg,SUSPECT,0.0044830855767241645,"orientation ambiguë : 2e meilleur départ à 0.00448, proche du meilleur (0.00448, ratio 1.00)"
0e11dbcf10ab6857,CD388865e,1013833073519454295,data/crops/organized/organized_CD388865e_S1_0e11dbcf10ab6857.jpg,SUSPECT,0.004711231012738814,"orientation ambiguë : 2e meilleur départ à 0.00471, proche du meilleur (0.00471, ratio 1.00)"
0e2d50de6c4cc9fd,ABAURA8238b,1021561606712904189,data/crops/organized/organized_ABAURA8238b_S2_0e2d50de6c4cc9fd.jpg,SUSPECT,0.004462376318728999,"orientation ambiguë : 2e meilleur départ à 0.00446, proche du meilleur (0.00446, ratio 1.00)"
0e50eb611cdc3d9e,FR73ABOM200722037,1031583116996394398,data/crops/organized/organized_FR73ABOM200722037_P2_0e50eb611cdc3d9e.jpg,SUSPECT,0.004236554840088219,"orientation ambiguë : 2e meilleur départ à 0.00424, proche du meilleur (0.00424, ratio 1.00)"
0e77ce1fe588025a,CD387577,1042528475149763162,data/crops/organized/organized_CD387577_P2_0e77ce1fe588025a.jpg,SUSPECT,0.004681418616031356,"orientation ambiguë : 2e meilleur départ à 0.00468, proche du meilleur (0.00468, ratio 1.00)"
0e808145faddfc62,FR15ABOM200722063,1044977251111533666,data/crops/organized/organized_FR15ABOM200722063_S1_0e808145faddfc62.jpg,SUSPECT,0.004312104018791343,"orientation ambiguë : 2e meilleur départ à 0.00431, proche du meilleur (0.00431, ratio 1.00)"
0e82cfa85f0879bb,OPIE_Lapi_7B,1045626385559222715,data/crops/organized/organized_OPIE_Lapi_7B_S3_0e82cfa85f0879bb.jpg,SUSPECT,0.00449611017098479,"orientation ambiguë : 2e meilleur départ à 0.00450, proche du meilleur (0.00450, ratio 1.00)"
0ea7427c54923eb6,FR04ABOM220722089,1055885739403919030,data/crops/organized/organized_FR04ABOM220722089_S2_0ea7427c54923eb6.jpg,SUSPECT,0.0043842852301829134,"orientation ambiguë : 2e meilleur départ à 0.00438, proche du meilleur (0.00438, ratio 1.00)"
0edaff8d95981cbc,ABAURA4928,1070448845019159740,data/crops/organized/organized_ABAURA4928_S2_0edaff8d95981cbc.jpg,SUSPECT,0.004536592048687191,"orientation ambiguë : 2e meilleur départ à 0.00454, proche du meilleur (0.00454, ratio 1.00)"
0ee4acaf085b59a9,N815,1073172478980479401,data/crops/organized/organized_N815_P1_0ee4acaf085b59a9.jpg,SUSPECT,0.0047374269112546484,"orientation ambiguë : 2e meilleur départ à 0.00474, proche du meilleur (0.00474, ratio 1.00)"
0efe36a7ee210b8f,BAR-2018.00332,1080361055498079119,data/crops/organized/organized_BAR-2018.00332_S1_0efe36a7ee210b8f.jpg,SUSPECT,0.004731095789848117,"orientation ambiguë : 2e meilleur départ à 0.00473, proche du meilleur (0.00473, ratio 1.00)"
0f0368e690050b19,2019.02080,1081823674967067417,data/crops/organized/organized_2019.02080_S3_0f0368e690050b19.jpg,SUSPECT,0.0043946027465550765,"orientation ambiguë : 2e meilleur départ à 0.00439, proche du meilleur (0.00439, ratio 1.00)"
0f25cc5a7b3bd494,VAN-2019.00814,1091503173693854868,data/crops/organized/organized_VAN-2019.00814_P3_0f25cc5a7b3bd494.jpg,SUSPECT,0.004513221597275593,"orientation ambiguë : 2e meilleur départ à 0.00451, proche du meilleur (0.00451, ratio 1.00)"
0f5a168d0adcc5a4,N384,1106221453501318564,data/crops/organized/organized_N384_P1_0f5a168d0adcc5a4.jpg,SUSPECT,0.004583636948557787,"orientation ambiguë : 2e meilleur départ à 0.00458, proche du meilleur (0.00458, ratio 1.00)"
0f67fb4eeb16ab7d,FR15ABOM220821084,1110132149540268925,data/crops/organized/organized_FR15ABOM220821084_S2_0f67fb4eeb16ab7d.jpg,SUSPECT,0.00467102170581522,"orientation ambiguë : 2e meilleur départ à 0.00467, proche du meilleur (0.00467, ratio 1.00)"
0f705e15905e11c7,FR15_ABOM09082020078,1112492554669920711,data/crops/organized/organized_FR15_ABOM09082020078_P1_0f705e15905e11c7.jpg,SUSPECT,0.004359235506076559,"orientation ambiguë : 2e meilleur départ à 0.00436, proche du meilleur (0.00436, ratio 1.00)"
0fa6c4ab4867c817,CD388391b,1127804996636100631,data/crops/organized/organized_CD388391b_S3_0fa6c4ab4867c817.jpg,SUSPECT,0.004500824873895747,"orientation ambiguë : 2e meilleur départ à 0.00450, proche du meilleur (0.00450, ratio 1.00)"
0fe77d716ff04209,CD388230b,1146022556351873545,data/crops/organized/organized_CD388230b_S2_0fe77d716ff04209.jpg,SUSPECT,0.004587975452641954,"orientation ambiguë : 2e meilleur départ à 0.00459, proche du meilleur (0.00459, ratio 1.00)"
0ff169e3fc47a284,OPIE_Lapi_200703b,1148815807867232900,data/crops/organized/organized_OPIE_Lapi_200703b_P1_0ff169e3fc47a284.jpg,SUSPECT,0.0046335216381764525,"orientation ambiguë : 2e meilleur départ à 0.00463, proche du meilleur (0.00463, ratio 1.00)"
0ffb277d072a3db4,FR15ABOM210821119,1151557547667897780,data/crops/organized/organized_FR15ABOM210821119_P1_0ffb277d072a3db4.jpg,SUSPECT,0.004136119911237567,"orientation ambiguë : 2e meilleur départ à 0.00414, proche du meilleur (0.00414, ratio 1.00)"
104325661fdbea19,FR15_ABOM180720046,1171821448597858841,data/crops/organized/organized_FR15_ABOM180720046_P2_104325661fdbea19.jpg,SUSPECT,0.004363305477904417,"orientation ambiguë : 2e meilleur départ à 0.00436, proche du meilleur (0.00436, ratio 1.00)"
106734c918bfb1f6,FR73ABOM130722066,1181971465516331510,data/crops/organized/organized_FR73ABOM130722066_S3_106734c918bfb1f6.jpg,SUSPECT,0.0047188770410091,"orientation ambiguë : 2e meilleur départ à 0.00472, proche du meilleur (0.00472, ratio 1.00)"
10816ff4f0a39c15,2020.00377,1189354874402479125,data/crops/organized/organized_2020.00377_P1_10816ff4f0a39c15.jpg,SUSPECT,0.00459158936342435,"orientation ambiguë : 2e meilleur départ à 0.00459, proche du meilleur (0.00459, ratio 1.00)"
10824eb3b82aacdf,CD387804c,1189599785375149279,data/crops/organized/organized_CD387804c_S2_10824eb3b82aacdf.jpg,SUSPECT,0.0046439744444642835,"orientation ambiguë : 2e meilleur départ à 0.00464, proche du meilleur (0.00464, ratio 1.00)"
1086e6c580326114,FR15ABOM220821068,1190892887419805972,data/crops/organized/organized_FR15ABOM220821068_P2_1086e6c580326114.jpg,SUSPECT,0.00477424893319134,"orientation ambiguë : 2e meilleur départ à 0.00477, proche du meilleur (0.00477, ratio 1.00)"
10a9ebbc0b0b8c4d,ABAURA5667,1200749968542633037,data/crops/organized/organized_ABAURA5667_S1_10a9ebbc0b0b8c4d.jpg,SUSPECT,0.0045120740907290706,"orientation ambiguë : 2e meilleur départ à 0.00451, proche du meilleur (0.00451, ratio 1.00)"
10b8318c5e3cb9e3,FR15ABOM210821048,1204767379267828195,data/crops/organized/organized_FR15ABOM210821048_S1_10b8318c5e3cb9e3.jpg,SUSPECT,0.004285904500315454,"orientation ambiguë : 2e meilleur départ à 0.00429, proche du meilleur (0.00429, ratio 1.00)"
10bf88206d1a8750,ABAURA7781,1206832898009368400,data/crops/organized/organized_ABAURA7781_S1_10bf88206d1a8750.jpg,SUSPECT,0.004337144752944184,"orientation ambiguë : 2e meilleur départ à 0.00434, proche du meilleur (0.00434, ratio 1.00)"
10c65d4a4ec40130,FR73ABOM130722046,1208756123725988144,data/crops/organized/organized_FR73ABOM130722046_S3_10c65d4a4ec40130.jpg,SUSPECT,0.0043409212888776425,"orientation ambiguë : 2e meilleur départ à 0.00434, proche du meilleur (0.00434, ratio 1.00)"
10c7d388fca4258e,FR15ABOM120722071,1209167610279896462,data/crops/organized/organized_FR15ABOM120722071_P2_10c7d388fca4258e.jpg,SUSPECT,0.00412473767912909,"orientation ambiguë : 2e meilleur départ à 0.00412, proche du meilleur (0.00412, ratio 1.00)"
10dbfdb3d6f8180d,ABAURA8207b,1214843473354037261,data/crops/organized/organized_ABAURA8207b_S3_10dbfdb3d6f8180d.jpg,SUSPECT,0.004485865939290233,"orientation ambiguë : 2e meilleur départ à 0.00449, proche du meilleur (0.00449, ratio 1.00)"
1100e11efa41b93a,CollecYvan2,1225226621808654650,data/crops/organized/organized_CollecYvan2_S1_1100e11efa41b93a.jpg,SUSPECT,0.0044380455975102685,"orientation ambiguë : 2e meilleur départ à 0.00444, proche du meilleur (0.00444, ratio 1.00)"
110c3237e71a189b,OPIE_Lapi_180703,1228412014047139995,data/crops/organized/organized_OPIE_Lapi_180703_S2_110c3237e71a189b.jpg,SUSPECT,0.004271254712619944,"orientation ambiguë : 2e meilleur départ à 0.00427, proche du meilleur (0.00427, ratio 1.00)"
113e41143fde5653,FR73ABOM140722039,1242502102427522643,data/crops/organized/organized_FR73ABOM140722039_S3_113e41143fde5653.jpg,SUSPECT,0.004453928053598923,"orientation ambiguë : 2e meilleur départ à 0.00445, proche du meilleur (0.00445, ratio 1.00)"
1147f2d42154e1bd,CD388018c,1245230814897430973,data/crops/organized/organized_CD388018c_S3_1147f2d42154e1bd.jpg,SUSPECT,0.004766385134413558,"orientation ambiguë : 2e meilleur départ à 0.00477, proche du meilleur (0.00477, ratio 1.00)"
115047625396a232,ABAURA8238d,1247575584416375346,data/crops/organized/organized_ABAURA8238d_S3_115047625396a232.jpg,SUSPECT,0.004437792689139573,"orientation ambiguë : 2e meilleur départ à 0.00444, proche du meilleur (0.00444, ratio 1.00)"
1169f31692ea55e4,2020.00301,1254801249479054820,data/crops/organized/organized_2020.00301_S3_1169f31692ea55e4.jpg,SUSPECT,0.004453881273958607,"orientation ambiguë : 2e meilleur départ à 0.00445, proche du meilleur (0.00445, ratio 1.00)"
119949be147f158c,ABAURA8207d,1268125850817992076,data/crops/organized/organized_ABAURA8207d_P1_119949be147f158c.jpg,SUSPECT,0.004571208484131462,"orientation ambiguë : 2e meilleur départ à 0.00457, proche du meilleur (0.00457, ratio 1.00)"
11d6519e475f2560,ABAURA8852b,1285304483904955744,data/crops/organized/organized_ABAURA8852b_P2_11d6519e475f2560.jpg,FAILED,inf,"16 landmarks, 18 attendus"
11df20af9fbe8ae2,CD388820b,1287783957122681570,data/crops/organized/organized_CD388820b_S1_11df20af9fbe8ae2.jpg,SUSPECT,0.0043263450479512945,"orientation ambiguë : 2e meilleur départ à 0.00433, proche du meilleur (0.00433, ratio 1.00)"
11f9f9e12a6ea6ef,FR15ABOM200821209,1295341113320580847,data/crops/organized/organized_FR15ABOM200821209_P1_11f9f9e12a6ea6ef.jpg,SUSPECT,0.004569794517226953,"orientation ambiguë : 2e meilleur départ à 0.00457, proche du meilleur (0.00457, ratio 1.00)"
11fdc81eb7fe0067,ABAURA8150b,1296412302014021735,data/crops/organized/organized_ABAURA8150b_S1_11fdc81eb7fe0067.jpg,SUSPECT,0.0048047386462629115,"orientation ambiguë : 2e meilleur départ à 0.00480, proche du meilleur (0.00480, ratio 1.00)"
1219fa3bdb3b1bbc,FR15ABOM210821210,1304348702088567740,data/crops/organized/organized_FR15ABOM210821210_P2_1219fa3bdb3b1bbc.jpg,SUSPECT,0.004420473542757676,"orientation ambiguë : 2e meilleur départ à 0.00442, proche du meilleur (0.00442, ratio 1.00)"
1289d07e7695aa10,OPIE_Lapi_100803,1335828006066039312,data/crops/organized/organized_OPIE_Lapi_100803_P2_1289d07e7695aa10.jpg,SUSPECT,0.0044060519512799014,"orientation ambiguë : 2e meilleur départ à 0.00441, proche du meilleur (0.00441, ratio 1.00)"
128e8c1ab3d32225,FR15ABOM210821014,1337160185689612837,data/crops/organized/organized_FR15ABOM210821014_P1_128e8c1ab3d32225.jpg,SUSPECT,0.004072505932295544,"orientation ambiguë : 2e meilleur départ à 0.00407, proche du meilleur (0.00407, ratio 1.00)"
12923b750ef99a17,FR15ABOM200821209,1338197413230909975,data/crops/organized/organized_FR15ABOM200821209_S3_12923b750ef99a17.jpg,SUSPECT,0.00450197292407151,"orientation ambiguë : 2e meilleur départ à 0.00450, proche du meilleur (0.00450, ratio 1.00)"
12a4079143d8982f,FR15ABOM210822013,1343206909353170991,data/crops/organized/organized_FR15ABOM210822013_S1_12a4079143d8982f.jpg,SUSPECT,0.004350725877892241,"orientation ambiguë : 2e meilleur départ à 0.00435, proche du meilleur (0.00435, ratio 1.00)"
12aed0790f7e23c7,FR15ABOM210821210,1346242556999902151,data/crops/organized/organized_FR15ABOM210821210_S1_12aed0790f7e23c7.jpg,SUSPECT,0.004399476127038459,"orientation ambiguë : 2e meilleur départ à 0.00440, proche du meilleur (0.00440, ratio 1.00)"
12b4fefb036b7751,OPIE_Lapi_7B,1347982542538241873,data/crops/organized/organized_OPIE_Lapi_7B_S2_12b4fefb036b7751.jpg,SUSPECT,0.0046042479818436954,"orientation ambiguë : 2e meilleur départ à 0.00460, proche du meilleur (0.00460, ratio 1.00)"
12d459412b5c23de,2020.04044,1356807524180567006,data/crops/organized/organized_2020.04044_P1_12d459412b5c23de.jpg,SUSPECT,0.004514653744654666,"orientation ambiguë : 2e meilleur départ à 0.00451, proche du meilleur (0.00451, ratio 1.00)"
12d87bac8a0febb1,FR73ABOM130722021,1357971268633095089,data/crops/organized/organized_FR73ABOM130722021_P2_12d87bac8a0febb1.jpg,SUSPECT,0.004481163568213557,"orientation ambiguë : 2e meilleur départ à 0.00448, proche du meilleur (0.00448, ratio 1.00)"
12ea2699e28dbb1f,FR73ABOM130722041,1362944279605787423,data/crops/organized/organized_FR73ABOM130722041_S2_12ea2699e28dbb1f.jpg,SUSPECT,0.006297960135962858,"orientation ambiguë : 2e meilleur départ à 0.00630, proche du meilleur (0.00630, ratio 1.00)"
12ebd0f215d6f567,FR05ABOM220722027,1363413050376779111,data/crops/organized/organized_FR05ABOM220722027_S3_12ebd0f215d6f567.jpg,SUSPECT,0.004843138553283536,"orientation ambiguë : 2e meilleur départ à 0.00484, proche du meilleur (0.00484, ratio 1.00)"
12f2aaa6a996d1ca,N815,1365341269833208266,data/crops/organized/organized_N815_S3_12f2aaa6a996d1ca.jpg,SUSPECT,0.004730725006099167,"orientation ambiguë : 2e meilleur départ à 0.00473, proche du meilleur (0.00473, ratio 1.00)"
12fb463124ee8972,ABAURA5103,1367764088724031858,data/crops/organized/organized_ABAURA5103_S3_12fb463124ee8972.jpg,SUSPECT,0.0047028184248490874,"orientation ambiguë : 2e meilleur départ à 0.00470, proche du meilleur (0.00470, ratio 1.00)"
1329b46bd4a4ef20,2013.0265,1380833135987846944,data/crops/organized/organized_2013.0265_P1_1329b46bd4a4ef20.jpg,SUSPECT,0.004395470842799123,"orientation ambiguë : 2e meilleur départ à 0.00440, proche du meilleur (0.00440, ratio 1.00)"
1339b18bf7f70010,OPIE_Lapi_95C,1385333575111868432,data/crops/organized/organized_OPIE_Lapi_95C_S3_1339b18bf7f70010.jpg,SUSPECT,0.004380878563403228,"orientation ambiguë : 2e meilleur départ à 0.00438, proche du meilleur (0.00438, ratio 1.00)"
135081ec5f4d72ea,CollecYvan19,1391755137068659434,data/crops/organized/organized_CollecYvan19_P2_135081ec5f4d72ea.jpg,SUSPECT,0.004513045073755767,"orientation ambiguë : 2e meilleur départ à 0.00451, proche du meilleur (0.00451, ratio 1.00)"
1350e0ce2d383841,D264520b,1391859460984027201,data/crops/organized/organized_D264520b_P2_1350e0ce2d383841.jpg,SUSPECT,0.004828154428527802,"orientation ambiguë : 2e meilleur départ à 0.00483, proche du meilleur (0.00483, ratio 1.00)"
1395fbfccc2d98d1,ABAURA8201,1411311121426389201,data/crops/organized/organized_ABAURA8201_S2_1395fbfccc2d98d1.jpg,SUSPECT,0.004588465719395869,"orientation ambiguë : 2e meilleur départ à 0.00459, proche du meilleur (0.00459, ratio 1.00)"
1399c374e4ca0ce1,POLLINIS4384,1412374864979430625,data/crops/organized/organized_POLLINIS4384_P2_1399c374e4ca0ce1.jpg,SUSPECT,0.004471972085165505,"orientation ambiguë : 2e meilleur départ à 0.00447, proche du meilleur (0.00447, ratio 1.00)"
13b86150186cccf6,ABAURA8239b,1420992679070452982,data/crops/organized/organized_ABAURA8239b_S2_13b86150186cccf6.jpg,SUSPECT,0.004632775082313462,"orientation ambiguë : 2e meilleur départ à 0.00463, proche du meilleur (0.00463, ratio 1.00)"
13bf6c64419803b3,CD388235b,1422975185125376947,data/crops/organized/organized_CD388235b_S1_13bf6c64419803b3.jpg,SUSPECT,0.004585337709659767,"orientation ambiguë : 2e meilleur départ à 0.00459, proche du meilleur (0.00459, ratio 1.00)"
13ccc34ed1953fae,FR15ABOM170821030,1426729925260689326,data/crops/organized/organized_FR15ABOM170821030_P1_13ccc34ed1953fae.jpg,SUSPECT,0.004356976288036243,"orientation ambiguë : 2e meilleur départ à 0.00436, proche du meilleur (0.00436, ratio 1.00)"
13f267f970927743,CollecYvan19,1437325552117774147,data/crops/organized/organized_CollecYvan19_S2_13f267f970927743.jpg,SUSPECT,0.004391094464680398,"orientation ambiguë : 2e meilleur départ à 0.00439, proche du meilleur (0.00439, ratio 1.00)"
13ff16f18c43faf5,FR73ABOM140722031,1440895632478042869,data/crops/organized/organized_FR73ABOM140722031_S3_13ff16f18c43faf5.jpg,SUSPECT,0.004721160100063316,"orientation ambiguë : 2e meilleur départ à 0.00472, proche du meilleur (0.00472, ratio 1.00)"
1407d922d000acdd,CD388821,1443360949137353949,data/crops/organized/organized_CD388821_S3_1407d922d000acdd.jpg,SUSPECT,0.004437158240256857,"orientation ambiguë : 2e meilleur départ à 0.00444, proche du meilleur (0.00444, ratio 1.00)"
144e907a6235ffb8,POLLINIS5983,1463265784250105784,data/crops/organized/organized_POLLINIS5983_P2_144e907a6235ffb8.jpg,SUSPECT,0.004567300840200183,"orientation ambiguë : 2e meilleur départ à 0.00457, proche du meilleur (0.00457, ratio 1.00)"
146443ffe944d99e,CD388821f,1469374144838949278,data/crops/organized/organized_CD388821f_P2_146443ffe944d99e.jpg,SUSPECT,0.004652783219420063,"orientation ambiguë : 2e meilleur départ à 0.00465, proche du meilleur (0.00465, ratio 1.00)"
14753e9639562eb0,ABAURA8238b,1474153267961671344,data/crops/organized/organized_ABAURA8238b_P1_14753e9639562eb0.jpg,SUSPECT,0.0044774746247651645,"orientation ambiguë : 2e meilleur départ à 0.00448, proche du meilleur (0.00448, ratio 1.00)"
148056139569a516,2020.00449,1477275319888618774,data/crops/organized/organized_2020.00449_S3_148056139569a516.jpg,SUSPECT,0.004698241705004744,"orientation ambiguë : 2e meilleur départ à 0.00470, proche du meilleur (0.00470, ratio 1.00)"
14a593f59a1a820c,ABAURA8852,1487757934977516044,data/crops/organized/organized_ABAURA8852_S3_14a593f59a1a820c.jpg,SUSPECT,0.004397445939248626,"orientation ambiguë : 2e meilleur départ à 0.00440, proche du meilleur (0.00440, ratio 1.00)"
14a6bb9797446733,OPIE_Lapi_160720b,1488082986644825907,data/crops/organized/organized_OPIE_Lapi_160720b_S2_14a6bb9797446733.jpg,SUSPECT,0.004596065255686523,"orientation ambiguë : 2e meilleur départ à 0.00460, proche du meilleur (0.00460, ratio 1.00)"
14aefe2a7781bb3f,N384,1490407985053285183,data/crops/organized/organized_N384_S4_14aefe2a7781bb3f.jpg,SUSPECT,0.004621334570726979,"orientation ambiguë : 2e meilleur départ à 0.00462, proche du meilleur (0.00462, ratio 1.00)"
14b75379c8df8cee,15L2021-1499,1492753584022850798,data/crops/organized/organized_15L2021-1499_P2_14b75379c8df8cee.jpg,SUSPECT,0.0046028111101399875,"orientation ambiguë : 2e meilleur départ à 0.00460, proche du meilleur (0.00460, ratio 1.00)"
14db97f340f8bdbb,FR15ABOM310520005,1502961971681082811,data/crops/organized/organized_FR15ABOM310520005_S3_14db97f340f8bdbb.jpg,SUSPECT,0.008799647333212157,"orientation ambiguë : 2e meilleur départ à 0.00880, proche du meilleur (0.00880, ratio 1.00)"
14e29e37d1c5e76e,15L2021-1748,1504939188074964846,data/crops/organized/organized_15L2021-1748_S3_14e29e37d1c5e76e.jpg,SUSPECT,0.004242282685965931,"orientation ambiguë : 2e meilleur départ à 0.00424, proche du meilleur (0.00424, ratio 1.00)"
14e8257475f3d276,FR73ABOM130722007,1506495257480778358,data/crops/organized/organized_FR73ABOM130722007_P1_14e8257475f3d276.jpg,SUSPECT,0.004847575377386206,"orientation ambiguë : 2e meilleur départ à 0.00485, proche du meilleur (0.00485, ratio 1.00)"
151ce013d2466420,2019.02167,1521337149881213984,data/crops/organized/organized_2019.02167_S1_151ce013d2466420.jpg,SUSPECT,0.0044764470576208575,"orientation ambiguë : 2e meilleur départ à 0.00448, proche du meilleur (0.00448, ratio 1.00)"
154912bdcd0922d1,CD387770d,1533777754494411473,data/crops/organized/organized_CD387770d_S2_154912bdcd0922d1.jpg,SUSPECT,0.004488451558032989,"orientation ambiguë : 2e meilleur départ à 0.00449, proche du meilleur (0.00449, ratio 1.00)"
155c20f8bcd567e4,15L2021-1739,1539141425345947620,data/crops/organized/organized_15L2021-1739_S2_155c20f8bcd567e4.jpg,SUSPECT,0.004380028358005484,"orientation ambiguë : 2e meilleur départ à 0.00438, proche du meilleur (0.00438, ratio 1.00)"
1568867a55a38bd8,VAN-2019.00781,1542630732355308504,data/crops/organized/organized_VAN-2019.00781_S2_1568867a55a38bd8.jpg,SUSPECT,0.004523878712690502,"orientation ambiguë : 2e meilleur départ à 0.00452, proche du meilleur (0.00452, ratio 1.00)"
15728eb968693b38,FR15ABOM200722026,1545454549113322296,data/crops/organized/organized_FR15ABOM200722026_S3_15728eb968693b38.jpg,SUSPECT,0.004082213567370378,"orientation ambiguë : 2e meilleur départ à 0.00408, proche du meilleur (0.00408, ratio 1.00)"
15886667a0c67ff2,NoName12,1551602666894163954,data/crops/organized/organized_NoName12_S3_15886667a0c67ff2.jpg,SUSPECT,0.0045385708666639876,"orientation ambiguë : 2e meilleur départ à 0.00454, proche du meilleur (0.00454, ratio 1.00)"
158946463f9231ff,FR15ABOM170821030b,1551848814134047231,data/crops/organized/organized_FR15ABOM170821030b_S3_158946463f9231ff.jpg,SUSPECT,0.004346007223025206,"orientation ambiguë : 2e meilleur départ à 0.00435, proche du meilleur (0.00435, ratio 1.00)"
15daed95349addc8,OPIE_Lapi_160720,1574832244807884232,data/crops/organized/organized_OPIE_Lapi_160720_P2_15daed95349addc8.jpg,SUSPECT,0.004668902613004509,"orientation ambiguë : 2e meilleur départ à 0.00467, proche du meilleur (0.00467, ratio 1.00)"
160208dc6a7caf4b,FR15_STPONCY300921024,1585839761560219467,data/crops/organized/organized_FR15_STPONCY300921024_S3_160208dc6a7caf4b.jpg,SUSPECT,0.004421872659728194,"orientation ambiguë : 2e meilleur départ à 0.00442, proche du meilleur (0.00442, ratio 1.00)"
1603f3d19fa71610,UBC-2014.0001,1586379575416788496,data/crops/organized/organized_UBC-2014.0001_S1_1603f3d19fa71610.jpg,FAILED,inf,"17 landmarks, 18 attendus"
16068daa5813ab66,15L2021-1739,1587111681456319334,data/crops/organized/organized_15L2021-1739_S1_16068daa5813ab66.jpg,SUSPECT,0.004406152737823906,"orientation ambiguë : 2e meilleur départ à 0.00441, proche du meilleur (0.00441, ratio 1.00)"
1619d5f9b4af3b5b,15L2021-1731,1592539211707136859,data/crops/organized/organized_15L2021-1731_S2_1619d5f9b4af3b5b.jpg,SUSPECT,0.0048528259518738496,"orientation ambiguë : 2e meilleur départ à 0.00485, proche du meilleur (0.00485, ratio 1.00)"
16212779fa9ec091,D26-5618,1594599147915100305,data/crops/organized/organized_D26-5618_S1_16212779fa9ec091.jpg,FAILED,inf,"15 landmarks, 18 attendus"
1625d333fc11d8e3,FR15ABOM220821070,1595913863198529763,data/crops/organized/organized_FR15ABOM220821070_P1_1625d333fc11d8e3.jpg,SUSPECT,0.004512727835772187,"orientation ambiguë : 2e meilleur départ à 0.00451, proche du meilleur (0.00451, ratio 1.00)"
1647038fb57af8fb,FR73ABOM140722001,1605255707940813051,data/crops/organized/organized_FR73ABOM140722001_P2_1647038fb57af8fb.jpg,SUSPECT,0.004499608520628009,"orientation ambiguë : 2e meilleur départ à 0.00450, proche du meilleur (0.00450, ratio 1.00)"
1679e00d440b7aeb,FR73ABOM200722030,1619571888597203691,data/crops/organized/organized_FR73ABOM200722030_S2_1679e00d440b7aeb.jpg,SUSPECT,0.004292299308896954,"orientation ambiguë : 2e meilleur départ à 0.00429, proche du meilleur (0.00429, ratio 1.00)"
16a5e607bbb091de,FR15ABOM210821165,1631963360879743454,data/crops/organized/organized_FR15ABOM210821165_S1_16a5e607bbb091de.jpg,SUSPECT,0.006099878647902643,"orientation ambiguë : 2e meilleur départ à 0.00610, proche du meilleur (0.00610, ratio 1.00)"
16c821751567f2cc,FR73ABOM130722018,1641598850930569932,data/crops/organized/organized_FR73ABOM130722018_S2_16c821751567f2cc.jpg,SUSPECT,0.004678113541922742,"orientation ambiguë : 2e meilleur départ à 0.00468, proche du meilleur (0.00468, ratio 1.00)"
16d4b51e70ff4149,FR05ABOM220722028,1645138906246496585,data/crops/organized/organized_FR05ABOM220722028_S1_16d4b51e70ff4149.jpg,SUSPECT,0.00469566227109922,"orientation ambiguë : 2e meilleur départ à 0.00470, proche du meilleur (0.00470, ratio 1.00)"
16defcb06fe379d8,FR15ABOM200821004,1648032348385802712,data/crops/organized/organized_FR15ABOM200821004_P2_16defcb06fe379d8.jpg,SUSPECT,0.004393438697420507,"orientation ambiguë : 2e meilleur départ à 0.00439, proche du meilleur (0.00439, ratio 1.00)"
16e78faf9ae98f2e,FR15_ABOM30072020071,1650445772835622702,data/crops/organized/organized_FR15_ABOM30072020071_S3_16e78faf9ae98f2e.jpg,SUSPECT,0.004578883476303772,"orientation ambiguë : 2e meilleur départ à 0.00458, proche du meilleur (0.00458, ratio 1.00)"
16fb7e185797c594,FR73ABOM120722103,1656055931002668436,data/crops/organized/organized_FR73ABOM120722103_S2_16fb7e185797c594.jpg,SUSPECT,0.004463110670029152,"orientation ambiguë : 2e meilleur départ à 0.00446, proche du meilleur (0.00446, ratio 1.00)"
1704e4f0a69f44b8,CD387770,1658702285017924792,data/crops/organized/organized_CD387770_S3_1704e4f0a69f44b8.jpg,SUSPECT,0.004792308714158686,"orientation ambiguë : 2e meilleur départ à 0.00479, proche du meilleur (0.00479, ratio 1.00)"
1706cfb2574593a9,FR15ABOM200821005,1659241877607912361,data/crops/organized/organized_FR15ABOM200821005_P1_1706cfb2574593a9.jpg,SUSPECT,0.0043805409828988305,"orientation ambiguë : 2e meilleur départ à 0.00438, proche du meilleur (0.00438, ratio 1.00)"
174be68a986e6577,2019.02080,1678688769062888823,data/crops/organized/organized_2019.02080_P2_174be68a986e6577.jpg,SUSPECT,0.004436368720020462,"orientation ambiguë : 2e meilleur départ à 0.00444, proche du meilleur (0.00444, ratio 1.00)"
175883e8407fa8ee,N126,1682239494360639726,data/crops/organized/organized_N126_S3_175883e8407fa8ee.jpg,SUSPECT,0.00433225455465403,"orientation ambiguë : 2e meilleur départ à 0.00433, proche du meilleur (0.00433, ratio 1.00)"
177be62f8307ef97,CD388016,1692199176743939991,data/crops/organized/organized_CD388016_S1_177be62f8307ef97.jpg,SUSPECT,0.004655131302183384,"orientation ambiguë : 2e meilleur départ à 0.00466, proche du meilleur (0.00466, ratio 1.00)"
177c245d7cf437c9,CD388809,1692267543931402185,data/crops/organized/organized_CD388809_P2_177c245d7cf437c9.jpg,SUSPECT,0.004603873147849171,"orientation ambiguë : 2e meilleur départ à 0.00460, proche du meilleur (0.00460, ratio 1.00)"
177e2adee5b83943,2020.00377,1692837646763047235,data/crops/organized/organized_2020.00377_P2_177e2adee5b83943.jpg,SUSPECT,0.004561386865611989,"orientation ambiguë : 2e meilleur départ à 0.00456, proche du meilleur (0.00456, ratio 1.00)"
179dfb740aac3e25,N384,1701792710029753893,data/crops/organized/organized_N384_S1_179dfb740aac3e25.jpg,SUSPECT,0.004550143506963958,"orientation ambiguë : 2e meilleur départ à 0.00455, proche du meilleur (0.00455, ratio 1.00)"
17a67b9083e9c7ea,CD388872c,1704185369624954858,data/crops/organized/organized_CD388872c_S2_17a67b9083e9c7ea.jpg,SUSPECT,0.004477037176273904,"orientation ambiguë : 2e meilleur départ à 0.00448, proche du meilleur (0.00448, ratio 1.00)"
17ac47f8ed35a550,15L2021-1748,1705817493323752784,data/crops/organized/organized_15L2021-1748_P2_17ac47f8ed35a550.jpg,SUSPECT,0.004370721799967918,"orientation ambiguë : 2e meilleur départ à 0.00437, proche du meilleur (0.00437, ratio 1.00)"
17c05a1f73fd8f37,ABAURA57210,1711466949537271607,data/crops/organized/organized_ABAURA57210_S3_17c05a1f73fd8f37.jpg,SUSPECT,0.0044569909392014224,"orientation ambiguë : 2e meilleur départ à 0.00446, proche du meilleur (0.00446, ratio 1.00)"
17c57d079e8f52de,ABAURA8238b,1712912704962777822,data/crops/organized/organized_ABAURA8238b_P2_17c57d079e8f52de.jpg,SUSPECT,0.0044493222372057155,"orientation ambiguë : 2e meilleur départ à 0.00445, proche du meilleur (0.00445, ratio 1.00)"
17d33c1ef2a7be67,2020.00294,1716781986576055911,data/crops/organized/organized_2020.00294_P2_17d33c1ef2a7be67.jpg,SUSPECT,0.004856910638771418,"orientation ambiguë : 2e meilleur départ à 0.00486, proche du meilleur (0.00486, ratio 1.00)"
17d78a834ad2146a,CollecYvan20,1717994079365764202,data/crops/organized/organized_CollecYvan20_S1_17d78a834ad2146a.jpg,SUSPECT,0.004331937001073879,"orientation ambiguë : 2e meilleur départ à 0.00433, proche du meilleur (0.00433, ratio 1.00)"
17f42b56378117b4,OPIE_Lapi_H1,1726052206488131508,data/crops/organized/organized_OPIE_Lapi_H1_S2_17f42b56378117b4.jpg,SUSPECT,0.004175030782419601,"orientation ambiguë : 2e meilleur départ à 0.00418, proche du meilleur (0.00418, ratio 1.00)"
1833bc09f46bb11c,FR15_ABOM080820039,1743944231663939868,data/crops/organized/organized_FR15_ABOM080820039_P2_1833bc09f46bb11c.jpg,SUSPECT,0.004768708178747295,"orientation ambiguë : 2e meilleur départ à 0.00477, proche du meilleur (0.00477, ratio 1.00)"
1837785a98d93255,2019.02118,1744995711136117333,data/crops/organized/organized_2019.02118_S2_1837785a98d93255.jpg,SUSPECT,0.004568445943654438,"orientation ambiguë : 2e meilleur départ à 0.00457, proche du meilleur (0.00457, ratio 1.00)"
185615b9fc3a5a1d,FR15AB100518002,1753612993452202525,data/crops/organized/organized_FR15AB100518002_P2_185615b9fc3a5a1d.jpg,SUSPECT,0.0044577698658358166,"orientation ambiguë : 2e meilleur départ à 0.00446, proche du meilleur (0.00446, ratio 1.00)"
1863f5ebac82e12f,FR15ABOM150821068,1757518672165003567,data/crops/organized/organized_FR15ABOM150821068_P2_1863f5ebac82e12f.jpg,SUSPECT,0.004505497523906159,"orientation ambiguë : 2e meilleur départ à 0.00451, proche du meilleur (0.00451, ratio 1.00)"
188b2be1d0c73a80,15L2021-1499,1768555527543405184,data/crops/organized/organized_15L2021-1499_S2_188b2be1d0c73a80.jpg,SUSPECT,0.004717949994664709,"orientation ambiguë : 2e meilleur départ à 0.00472, proche du meilleur (0.00472, ratio 1.00)"
18e00552f9647967,ABB-2020.00032,1792438505623026023,data/crops/organized/organized_ABB-2020.00032_P2_18e00552f9647967.jpg,SUSPECT,0.004283851521941415,"orientation ambiguë : 2e meilleur départ à 0.00428, proche du meilleur (0.00428, ratio 1.00)"
18eeb893c1dc5bdc,FR15ABOM210822016,1796576246119554012,data/crops/organized/organized_FR15ABOM210822016_P1_18eeb893c1dc5bdc.jpg,SUSPECT,0.004634599389407678,"orientation ambiguë : 2e meilleur départ à 0.00463, proche du meilleur (0.00463, ratio 1.00)"
1920f8bf14f60db4,2020.04044,1810720549777051060,data/crops/organized/organized_2020.04044_S3_1920f8bf14f60db4.jpg,SUSPECT,0.00454734550520544,"orientation ambiguë : 2e meilleur départ à 0.00455, proche du meilleur (0.00455, ratio 1.00)"
1925980b051b8434,FR15ABOM210821048,1812021598184244276,data/crops/organized/organized_FR15ABOM210821048_S2_1925980b051b8434.jpg,SUSPECT,0.004424415819645005,"orientation ambiguë : 2e meilleur départ à 0.00442, proche du meilleur (0.00442, ratio 1.00)"
19444645a6327e1c,FR73ABOM150722001,1820657414319537692,data/crops/organized/organized_FR73ABOM150722001_S3_19444645a6327e1c.jpg,SUSPECT,0.004370823230686352,"orientation ambiguë : 2e meilleur départ à 0.00437, proche du meilleur (0.00437, ratio 1.00)"
194be9c53c0ec1a2,OPPO.7362,1822807507526926754,data/crops/organized/organized_OPPO.7362_S2_194be9c53c0ec1a2.jpg,SUSPECT,0.004419271159903929,"orientation ambiguë : 2e meilleur départ à 0.00442, proche du meilleur (0.00442, ratio 1.00)"
194d46dbe92a5705,ABAURA8207c,1823191334478567173,data/crops/organized/organized_ABAURA8207c_P1_194d46dbe92a5705.jpg,SUSPECT,0.004514219324303225,"orientation ambiguë : 2e meilleur départ à 0.00451, proche du meilleur (0.00451, ratio 1.00)"
196764ef36225a6b,ABAURA8240b,1830542752117578347,data/crops/organized/organized_ABAURA8240b_P1_196764ef36225a6b.jpg,SUSPECT,0.0046545408886642615,"orientation ambiguë : 2e meilleur départ à 0.00465, proche du meilleur (0.00465, ratio 1.00)"
197ee7981ac262db,FR73ABOM130722029,1837160338483733211,data/crops/organized/organized_FR73ABOM130722029_P2_197ee7981ac262db.jpg,SUSPECT,0.0045826319531741735,"orientation ambiguë : 2e meilleur départ à 0.00458, proche du meilleur (0.00458, ratio 1.00)"
19d273cd860ace43,FR15ABOM210821174,1860676922611781187,data/crops/organized/organized_FR15ABOM210821174_S3_19d273cd860ace43.jpg,SUSPECT,0.004495938884092958,"orientation ambiguë : 2e meilleur départ à 0.00450, proche du meilleur (0.00450, ratio 1.00)"
19ea8ad13907f244,15L2021-1732,1867457626708111940,data/crops/organized/organized_15L2021-1732_S3_19ea8ad13907f244.jpg,SUSPECT,0.00436762036463156,"orientation ambiguë : 2e meilleur départ à 0.00437, proche du meilleur (0.00437, ratio 1.00)"
1a08091024d8bf04,OPIE_Lapi_130720,1875759209742122756,data/crops/organized/organized_OPIE_Lapi_130720_P2_1a08091024d8bf04.jpg,SUSPECT,0.004504892792506768,"orientation ambiguë : 2e meilleur départ à 0.00450, proche du meilleur (0.00450, ratio 1.00)"
1a935472ffed59a5,OPIE_Lapi_230620,1914967119459342757,data/crops/organized/organized_OPIE_Lapi_230620_P1_1a935472ffed59a5.jpg,SUSPECT,0.004377399483974333,"orientation ambiguë : 2e meilleur départ à 0.00438, proche du meilleur (0.00438, ratio 1.00)"
1ace444327cd6e92,ABAURA4923b,1931556345409793682,data/crops/organized/organized_ABAURA4923b_S1_1ace444327cd6e92.jpg,SUSPECT,0.004755538439899852,"orientation ambiguë : 2e meilleur départ à 0.00476, proche du meilleur (0.00476, ratio 1.00)"
1ad4ee377c8d268a,CD387804,1933432062129022602,data/crops/organized/organized_CD387804_P1_1ad4ee377c8d268a.jpg,SUSPECT,0.0046694248022207336,"orientation ambiguë : 2e meilleur départ à 0.00467, proche du meilleur (0.00467, ratio 1.00)"
1ad78f513e05fc15,ABAURA8228,1934172144074619925,data/crops/organized/organized_ABAURA8228_S1_1ad78f513e05fc15.jpg,SUSPECT,0.004643900121349011,"orientation ambiguë : 2e meilleur départ à 0.00464, proche du meilleur (0.00464, ratio 1.00)"
1aed8c5844c910a7,ABAURA8595,1940361325205590183,data/crops/organized/organized_ABAURA8595_S2_1aed8c5844c910a7.jpg,SUSPECT,0.004448644777773243,"orientation ambiguë : 2e meilleur départ à 0.00445, proche du meilleur (0.00445, ratio 1.00)"
1afa7f2cfe01c0ba,FR15_ABOM07082020062,1944006020380606650,data/crops/organized/organized_FR15_ABOM07082020062_P2_1afa7f2cfe01c0ba.jpg,SUSPECT,0.006509973295406222,"orientation ambiguë : 2e meilleur départ à 0.00651, proche du meilleur (0.00651, ratio 1.00)"
1b01d7ca7d6246b5,FR15_ABOM090820071,1946073778687723189,data/crops/organized/organized_FR15_ABOM090820071_S2_1b01d7ca7d6246b5.jpg,SUSPECT,0.0044803331000988315,"orientation ambiguë : 2e meilleur départ à 0.00448, proche du meilleur (0.00448, ratio 1.00)"
1b0831643c0cc20d,ABAURA8228b,1947861145411699213,data/crops/organized/organized_ABAURA8228b_P1_1b0831643c0cc20d.jpg,SUSPECT,0.004394165957138362,"orientation ambiguë : 2e meilleur départ à 0.00439, proche du meilleur (0.00439, ratio 1.00)"
1b2b01f8c3b4863e,2020.03886,1957660630969517630,data/crops/organized/organized_2020.03886_P2_1b2b01f8c3b4863e.jpg,SUSPECT,0.0043571305096260825,"orientation ambiguë : 2e meilleur départ à 0.00436, proche du meilleur (0.00436, ratio 1.00)"
1b68ba6e636918e9,CollecYvan5,1975033419878963433,data/crops/organized/organized_CollecYvan5_S3_1b68ba6e636918e9.jpg,SUSPECT,0.004430413396220891,"orientation ambiguë : 2e meilleur départ à 0.00443, proche du meilleur (0.00443, ratio 1.00)"
1b7880a934aef2ad,NoName13,1979473500451041965,data/crops/organized/organized_NoName13_S2_1b7880a934aef2ad.jpg,SUSPECT,0.004552122835566659,"orientation ambiguë : 2e meilleur départ à 0.00455, proche du meilleur (0.00455, ratio 1.00)"
1bc63ac1f09f46ae,CD388230,2001351689052833454,data/crops/organized/organized_CD388230_S2_1bc63ac1f09f46ae.jpg,SUSPECT,0.004377433146040428,"orientation ambiguë : 2e meilleur départ à 0.00438, proche du meilleur (0.00438, ratio 1.00)"
1bcde75b7e4f501d,CD387770c,2003511789396906013,data/crops/organized/organized_CD387770c_P2_1bcde75b7e4f501d.jpg,SUSPECT,0.00460129997670818,"orientation ambiguë : 2e meilleur départ à 0.00460, proche du meilleur (0.00460, ratio 1.00)"
1bd0dc835e496063,ABAURA7151,2004344290960564323,data/crops/organized/organized_ABAURA7151_P1_1bd0dc835e496063.jpg,SUSPECT,0.004610362148342591,"orientation ambiguë : 2e meilleur départ à 0.00461, proche du meilleur (0.00461, ratio 1.00)"
1be01165ce30cb4d,ABAURA8239d,2008624562755914573,data/crops/organized/organized_ABAURA8239d_S1_1be01165ce30cb4d.jpg,SUSPECT,0.004410802769341886,"orientation ambiguë : 2e meilleur départ à 0.00441, proche du meilleur (0.00441, ratio 1.00)"
1bf36b1f9a96a3ed,CD388865b,2014071241846465517,data/crops/organized/organized_CD388865b_P2_1bf36b1f9a96a3ed.jpg,SUSPECT,0.004500541118020242,"orientation ambiguë : 2e meilleur départ à 0.00450, proche du meilleur (0.00450, ratio 1.00)"
1c2d22792b5a68a7,ABAURA8239b,2030316910827694247,data/crops/organized/organized_ABAURA8239b_P2_1c2d22792b5a68a7.jpg,SUSPECT,0.004542836818363773,"orientation ambiguë : 2e meilleur départ à 0.00454, proche du meilleur (0.00454, ratio 1.00)"
1c5ff4ac84ad1881,CD388862b,2044621777646983297,data/crops/organized/organized_CD388862b_P1_1c5ff4ac84ad1881.jpg,SUSPECT,0.004357869561862785,"orientation ambiguë : 2e meilleur départ à 0.00436, proche du meilleur (0.00436, ratio 1.00)"
1c76a0170eeee783,BAR-2018.00871,2051002701209069443,data/crops/organized/organized_BAR-2018.00871_P2_1c76a0170eeee783.jpg,SUSPECT,0.004527935580639888,"orientation ambiguë : 2e meilleur départ à 0.00453, proche du meilleur (0.00453, ratio 1.00)"
1c890b5abcb11872,CollecYvan19,2056187189212026994,data/crops/organized/organized_CollecYvan19_S3_1c890b5abcb11872.jpg,SUSPECT,0.004443356727241893,"orientation ambiguë : 2e meilleur départ à 0.00444, proche du meilleur (0.00444, ratio 1.00)"
1cb5681c35b4f497,FR15ABOM200821005,2068674074216035479,data/crops/organized/organized_FR15ABOM200821005_S1_1cb5681c35b4f497.jpg,SUSPECT,0.004372259526459183,"orientation ambiguë : 2e meilleur départ à 0.00437, proche du meilleur (0.00437, ratio 1.00)"
1cb652aef8388dee,OPIE_Lapi_220620b,2068931990265564654,data/crops/organized/organized_OPIE_Lapi_220620b_S1_1cb652aef8388dee.jpg,SUSPECT,0.00431508011745661,"orientation ambiguë : 2e meilleur départ à 0.00432, proche du meilleur (0.00432, ratio 1.00)"
1cc2e2584fce4d47,FR15ABOM210822013,2072467647467769159,data/crops/organized/organized_FR15ABOM210822013_S3_1cc2e2584fce4d47.jpg,SUSPECT,0.0043068930818901665,"orientation ambiguë : 2e meilleur départ à 0.00431, proche du meilleur (0.00431, ratio 1.00)"
1ce60033622bfb40,FR15_ABOM25082020008,2082352098395814720,data/crops/organized/organized_FR15_ABOM25082020008_S2_1ce60033622bfb40.jpg,SUSPECT,0.004551995287492092,"orientation ambiguë : 2e meilleur départ à 0.00455, proche du meilleur (0.00455, ratio 1.00)"
1ce727241c3313f1,POLLINIS4982b,2082676388727559153,data/crops/organized/organized_POLLINIS4982b_P1_1ce727241c3313f1.jpg,SUSPECT,0.00440410317072129,"orientation ambiguë : 2e meilleur départ à 0.00440, proche du meilleur (0.00440, ratio 1.00)"
1d09ea426eb85dc2,FR04ABOM220722061,2092461072936623554,data/crops/organized/organized_FR04ABOM220722061_S1_1d09ea426eb85dc2.jpg,SUSPECT,0.004374441779895755,"orientation ambiguë : 2e meilleur départ à 0.00437, proche du meilleur (0.00437, ratio 1.00)"
1d1427019c8cca75,FR15ABOM120722071,2095342614509046389,data/crops/organized/organized_FR15ABOM120722071_P1_1d1427019c8cca75.jpg,SUSPECT,0.004155790085809961,"orientation ambiguë : 2e meilleur départ à 0.00416, proche du meilleur (0.00416, ratio 1.00)"
1d64356a97005b04,FR73ABOM200722029,2117876456687164164,data/crops/organized/organized_FR73ABOM200722029_S1_1d64356a97005b04.jpg,SUSPECT,0.0044708261403248965,"orientation ambiguë : 2e meilleur départ à 0.00447, proche du meilleur (0.00447, ratio 1.00)"
1d6ae1a5b492fd13,VAN-2019.00822,2119754676446625043,data/crops/organized/organized_VAN-2019.00822_S1_1d6ae1a5b492fd13.jpg,SUSPECT,0.004667795607970566,"orientation ambiguë : 2e meilleur départ à 0.00467, proche du meilleur (0.00467, ratio 1.00)"
1d7d136a107c736c,2019.02188,2124875945452794732,data/crops/organized/organized_2019.02188_S3_1d7d136a107c736c.jpg,SUSPECT,0.0045975492197309386,"orientation ambiguë : 2e meilleur départ à 0.00460, proche du meilleur (0.00460, ratio 1.00)"
1df7f76c5678406f,FR05ABOM220722028,2159466591026692207,data/crops/organized/organized_FR05ABOM220722028_S2_1df7f76c5678406f.jpg,SUSPECT,0.004600603194206884,"orientation ambiguë : 2e meilleur départ à 0.00460, proche du meilleur (0.00460, ratio 1.00)"
1e11c7c15bce546c,2020.04010,2166732529024783468,data/crops/organized/organized_2020.04010_S3_1e11c7c15bce546c.jpg,SUSPECT,0.004602859895835106,"orientation ambiguë : 2e meilleur départ à 0.00460, proche du meilleur (0.00460, ratio 1.00)"
1e1392fdfaa961b9,2020.00254,2167237465225126329,data/crops/organized/organized_2020.00254_S2_1e1392fdfaa961b9.jpg,SUSPECT,0.004346678583623727,"orientation ambiguë : 2e meilleur départ à 0.00435, proche du meilleur (0.00435, ratio 1.00)"
1e240efb2129afee,ABAURA57210,2171877392055381998,data/crops/organized/organized_ABAURA57210_S1_1e240efb2129afee.jpg,SUSPECT,0.004453269996897426,"orientation ambiguë : 2e meilleur départ à 0.00445, proche du meilleur (0.00445, ratio 1.00)"
1e5662e0adcabb91,2012.0034,2186043386262895505,data/crops/organized/organized_2012.0034_S3_1e5662e0adcabb91.jpg,SUSPECT,0.004793145438010283,"orientation ambiguë : 2e meilleur départ à 0.00479, proche du meilleur (0.00479, ratio 1.00)"
1e68b0cd0327483c,FR15ABOM100721047,2191195613283436604,data/crops/organized/organized_FR15ABOM100721047_P2_1e68b0cd0327483c.jpg,SUSPECT,0.004629275783349162,"orientation ambiguë : 2e meilleur départ à 0.00463, proche du meilleur (0.00463, ratio 1.00)"
1e87d6911d0c2d86,ABAURA7163,2199962861739715974,data/crops/organized/organized_ABAURA7163_S3_1e87d6911d0c2d86.jpg,SUSPECT,0.004756869639850759,"orientation ambiguë : 2e meilleur départ à 0.00476, proche du meilleur (0.00476, ratio 1.00)"
1ebf04dff620b410,2007.0712,2215494901643129872,data/crops/organized/organized_2007.0712_P1_1ebf04dff620b410.jpg,FAILED,inf,"11 landmarks, 18 attendus"
1ef20c5058846cc9,ABAURA8885,2229858304723807433,data/crops/organized/organized_ABAURA8885_S1_1ef20c5058846cc9.jpg,SUSPECT,0.004475811549447054,"orientation ambiguë : 2e meilleur départ à 0.00448, proche du meilleur (0.00448, ratio 1.00)"
1f2e33fff0b9af8b,VAN-2019.00788,2246790438452834187,data/crops/organized/organized_VAN-2019.00788_P2_1f2e33fff0b9af8b.jpg,SUSPECT,0.00442145224663866,"orientation ambiguë : 2e meilleur départ à 0.00442, proche du meilleur (0.00442, ratio 1.00)"
1f376767ddcf1288,CollecYvan22,2249380234695479944,data/crops/organized/organized_CollecYvan22_S1_1f376767ddcf1288.jpg,SUSPECT,0.004402627925547495,"orientation ambiguë : 2e meilleur départ à 0.00440, proche du meilleur (0.00440, ratio 1.00)"
1f3da56864f198e7,VAN-2019.00787,2251137256543852775,data/crops/organized/organized_VAN-2019.00787_P2_1f3da56864f198e7.jpg,SUSPECT,0.0048415761968603165,"orientation ambiguë : 2e meilleur départ à 0.00484, proche du meilleur (0.00484, ratio 1.00)"
1f5319e159d67c92,FR15ABOM100721030,2257176293908315282,data/crops/organized/organized_FR15ABOM100721030_P1_1f5319e159d67c92.jpg,FAILED,inf,"12 landmarks, 18 attendus"
1f8a9f989e6c3133,OPPO_5923,2272804439803572531,data/crops/organized/organized_OPPO_5923_P2_1f8a9f989e6c3133.jpg,SUSPECT,0.0046685364348416835,"orientation ambiguë : 2e meilleur départ à 0.00467, proche du meilleur (0.00467, ratio 1.00)"
1f903bf2d0ed95dd,15L2021-1743,2274383725895456221,data/crops/organized/organized_15L2021-1743_P1_1f903bf2d0ed95dd.jpg,SUSPECT,0.004371134461748631,"orientation ambiguë : 2e meilleur départ à 0.00437, proche du meilleur (0.00437, ratio 1.00)"
1fa84800df04dad0,15L2021-1740,2281152379841993424,data/crops/organized/organized_15L2021-1740_P1_1fa84800df04dad0.jpg,SUSPECT,0.0043776034747921655,"orientation ambiguë : 2e meilleur départ à 0.00438, proche du meilleur (0.00438, ratio 1.00)"
201558def46cc52b,CD387324,2311851698331370795,data/crops/organized/organized_CD387324_P2_201558def46cc52b.jpg,SUSPECT,0.004553300456280411,"orientation ambiguë : 2e meilleur départ à 0.00455, proche du meilleur (0.00455, ratio 1.00)"
203f900cf742810f,NoName9,2323734318108803343,data/crops/organized/organized_NoName9_P2_203f900cf742810f.jpg,SUSPECT,0.00442437723637515,"orientation ambiguë : 2e meilleur départ à 0.00442, proche du meilleur (0.00442, ratio 1.00)"
204d400420ea80bf,OPIE_Lapi_030803,2327586968896700607,data/crops/organized/organized_OPIE_Lapi_030803_P1_204d400420ea80bf.jpg,SUSPECT,0.004409930809254619,"orientation ambiguë : 2e meilleur départ à 0.00441, proche du meilleur (0.00441, ratio 1.00)"
204e502a2d01bad4,NoName10,2327886199471061716,data/crops/organized/organized_NoName10_P1_204e502a2d01bad4.jpg,SUSPECT,0.004422446804775427,"orientation ambiguë : 2e meilleur départ à 0.00442, proche du meilleur (0.00442, ratio 1.00)"
205fc07bba4737c7,VAN-2019.00783,2332794769639946183,data/crops/organized/organized_VAN-2019.00783_P3_205fc07bba4737c7.jpg,SUSPECT,0.004562825133410044,"orientation ambiguë : 2e meilleur départ à 0.00456, proche du meilleur (0.00456, ratio 1.00)"
2063627090d3100e,ABAURA8240c,2333817267513659406,data/crops/organized/organized_ABAURA8240c_P1_2063627090d3100e.jpg,FAILED,inf,"17 landmarks, 18 attendus"
208bfe6b0f7e07af,FR15ABOM100721030,2345247766751348655,data/crops/organized/organized_FR15ABOM100721030_P2_208bfe6b0f7e07af.jpg,FAILED,inf,"12 landmarks, 18 attendus"
208c787ce97a2e8e,FR73ABOM200722039,2345381983841562254,data/crops/organized/organized_FR73ABOM200722039_P1_208c787ce97a2e8e.jpg,SUSPECT,0.004467411627255715,"orientation ambiguë : 2e meilleur départ à 0.00447, proche du meilleur (0.00447, ratio 1.00)"
208e8195222e1d84,N815,2345954933430164868,data/crops/organized/organized_N815_S5_208e8195222e1d84.jpg,SUSPECT,0.00479744154890771,"orientation ambiguë : 2e meilleur départ à 0.00480, proche du meilleur (0.00480, ratio 1.00)"
20a43857dcf01051,OPIE_Lapi_110702,2352066855414272081,data/crops/organized/organized_OPIE_Lapi_110702_S1_20a43857dcf01051.jpg,SUSPECT,0.004731525662143323,"orientation ambiguë : 2e meilleur départ à 0.00473, proche du meilleur (0.00473, ratio 1.00)"
20a67ee4bcb60719,OPIE_Lapi_230620,2352707376231352089,data/crops/organized/organized_OPIE_Lapi_230620_S2_20a67ee4bcb60719.jpg,SUSPECT,0.004460199109891342,"orientation ambiguë : 2e meilleur départ à 0.00446, proche du meilleur (0.00446, ratio 1.00)"
20b104e164b9569d,N407,2355669446195500701,data/crops/organized/organized_N407_S3_20b104e164b9569d.jpg,SUSPECT,0.004496895949861545,"orientation ambiguë : 2e meilleur départ à 0.00450, proche du meilleur (0.00450, ratio 1.00)"
20b36b4c425e3217,ABAURA4923,2356345005320057367,data/crops/organized/organized_ABAURA4923_S1_20b36b4c425e3217.jpg,SUSPECT,0.004600891166410679,"orientation ambiguë : 2e meilleur départ à 0.00460, proche du meilleur (0.00460, ratio 1.00)"
20e93f9e781ac5fe,NoName14,2371496628639679998,data/crops/organized/organized_NoName14_S1_20e93f9e781ac5fe.jpg,SUSPECT,0.004483697136680523,"orientation ambiguë : 2e meilleur départ à 0.00448, proche du meilleur (0.00448, ratio 1.00)"
20ec9e1ea071b33b,FR15ABOM210821147,2372444958095422267,data/crops/organized/organized_FR15ABOM210821147_P1_20ec9e1ea071b33b.jpg,SUSPECT,0.004481300984335098,"orientation ambiguë : 2e meilleur départ à 0.00448, proche du meilleur (0.00448, ratio 1.00)"
20f7f9979554c153,ABAURA8238c,2375641757901963603,data/crops/organized/organized_ABAURA8238c_P2_20f7f9979554c153.jpg,SUSPECT,0.004422425690304755,"orientation ambiguë : 2e meilleur départ à 0.00442, proche du meilleur (0.00442, ratio 1.00)"
2110b036b632fbff,POLLINIS4982b,2382597951910509567,data/crops/organized/organized_POLLINIS4982b_P2_2110b036b632fbff.jpg,SUSPECT,0.004409599157826495,"orientation ambiguë : 2e meilleur départ à 0.00441, proche du meilleur (0.00441, ratio 1.00)"
2110c5f205f07832,VAN-2019.00795,2382621846151395378,data/crops/organized/organized_VAN-2019.00795_S2_2110c5f205f07832.jpg,SUSPECT,0.004625948284989301,"orientation ambiguë : 2e meilleur départ à 0.00463, proche du meilleur (0.00463, ratio 1.00)"
214f38ca694e5213,FR73ABOM130722021,2400199568413053459,data/crops/organized/organized_FR73ABOM130722021_S2_214f38ca694e5213.jpg,SUSPECT,0.004493255367782657,"orientation ambiguë : 2e meilleur départ à 0.00449, proche du meilleur (0.00449, ratio 1.00)"
215537ff3eaa9238,AGR.2016.1415,2401887545679581752,data/crops/organized/organized_AGR.2016.1415_P1_215537ff3eaa9238.jpg,SUSPECT,0.004918095477478537,"orientation ambiguë : 2e meilleur départ à 0.00492, proche du meilleur (0.00492, ratio 1.00)"
2160123c866540a1,NoName3,2404942252177965217,data/crops/organized/organized_NoName3_P2_2160123c866540a1.jpg,SUSPECT,0.0043913837107208455,"orientation ambiguë : 2e meilleur départ à 0.00439, proche du meilleur (0.00439, ratio 1.00)"
217dd625251a951a,2007.0712,2413320430365087002,data/crops/organized/organized_2007.0712_S5_217dd625251a951a.jpg,FAILED,inf,"2 landmarks, 18 attendus"
217ff32056791da2,2020.00294,2413915245509156258,data/crops/organized/organized_2020.00294_S2_217ff32056791da2.jpg,SUSPECT,0.004631410311359803,"orientation ambiguë : 2e meilleur départ à 0.00463, proche du meilleur (0.00463, ratio 1.00)"
218826b8e4453852,OPIE_Lapi_270702,2416223775629850706,data/crops/organized/organized_OPIE_Lapi_270702_S3_218826b8e4453852.jpg,SUSPECT,0.004594130061867307,"orientation ambiguë : 2e meilleur départ à 0.00459, proche du meilleur (0.00459, ratio 1.00)"
219189174cede28a,CD387770,2418865208042578570,data/crops/organized/organized_CD387770_S1_219189174cede28a.jpg,SUSPECT,0.004804472742595892,"orientation ambiguë : 2e meilleur départ à 0.00480, proche du meilleur (0.00480, ratio 1.00)"
219fc02c572db1c2,OPIE_Lapi_220620c,2422866421222322626,data/crops/organized/organized_OPIE_Lapi_220620c_S2_219fc02c572db1c2.jpg,SUSPECT,0.004508427087019867,"orientation ambiguë : 2e meilleur départ à 0.00451, proche du meilleur (0.00451, ratio 1.00)"
21a4804456aaa18a,FR04ABOM220722050,2424203530432323978,data/crops/organized/organized_FR04ABOM220722050_P1_21a4804456aaa18a.jpg,SUSPECT,0.0046276443612042785,"orientation ambiguë : 2e meilleur départ à 0.00463, proche du meilleur (0.00463, ratio 1.00)"
21d94f60f0f1f62c,FR15ABOM150720008,2439067950975677996,data/crops/organized/organized_FR15ABOM150720008_S2_21d94f60f0f1f62c.jpg,SUSPECT,0.0044833906143836345,"orientation ambiguë : 2e meilleur départ à 0.00448, proche du meilleur (0.00448, ratio 1.00)"
21f2007f1be819a7,FR73ABOM130722063,2446018093544642983,data/crops/organized/organized_FR73ABOM130722063_S2_21f2007f1be819a7.jpg,SUSPECT,0.004744708602224669,"orientation ambiguë : 2e meilleur départ à 0.00474, proche du meilleur (0.00474, ratio 1.00)"
21f88e566860b63d,ABAURA8240d,2447862899245364797,data/crops/organized/organized_ABAURA8240d_P1_21f88e566860b63d.jpg,SUSPECT,0.004619707663689541,"orientation ambiguë : 2e meilleur départ à 0.00462, proche du meilleur (0.00462, ratio 1.00)"
21fcd7366c5317fb,FR73ABOM120722090,2449068926128297979,data/crops/organized/organized_FR73ABOM120722090_S2_21fcd7366c5317fb.jpg,SUSPECT,0.00454959497139395,"orientation ambiguë : 2e meilleur départ à 0.00455, proche du meilleur (0.00455, ratio 1.00)"
22158b0df380f123,POLLINIS4984,2456022063836623139,data/crops/organized/organized_POLLINIS4984_S3_22158b0df380f123.jpg,SUSPECT,0.004486592587341609,"orientation ambiguë : 2e meilleur départ à 0.00449, proche du meilleur (0.00449, ratio 1.00)"
221c491db00448f5,FR15ABOM210821171,2457919888493398261,data/crops/organized/organized_FR15ABOM210821171_P2_221c491db00448f5.jpg,SUSPECT,0.00473437418185198,"orientation ambiguë : 2e meilleur départ à 0.00473, proche du meilleur (0.00473, ratio 1.00)"
222b095f097637e1,POLLINIS4384,2462071925073393633,data/crops/organized/organized_POLLINIS4384_S3_222b095f097637e1.jpg,SUSPECT,0.004296832188766996,"orientation ambiguë : 2e meilleur départ à 0.00430, proche du meilleur (0.00430, ratio 1.00)"
226be8349849b809,FR15ABOM200821126,2480331332388501513,data/crops/organized/organized_FR15ABOM200821126_S1_226be8349849b809.jpg,SUSPECT,0.004426181383268304,"orientation ambiguë : 2e meilleur départ à 0.00443, proche du meilleur (0.00443, ratio 1.00)"
2275e1dc3333b053,OPIE_Lapi_100820,2483139105432776787,data/crops/organized/organized_OPIE_Lapi_100820_P2_2275e1dc3333b053.jpg,SUSPECT,0.004226235346191413,"orientation ambiguë : 2e meilleur départ à 0.00423, proche du meilleur (0.00423, ratio 1.00)"
22805bf6d54cedf6,FR15ABOM200722065,2486088110007184886,data/crops/organized/organized_FR15ABOM200722065_S2_22805bf6d54cedf6.jpg,SUSPECT,0.004301479088514023,"orientation ambiguë : 2e meilleur départ à 0.00430, proche du meilleur (0.00430, ratio 1.00)"
229d1b34f8401ea7,FR73ABOM120722028,2494179682950323879,data/crops/organized/organized_FR73ABOM120722028_S1_229d1b34f8401ea7.jpg,SUSPECT,0.004407824031703069,"orientation ambiguë : 2e meilleur départ à 0.00441, proche du meilleur (0.00441, ratio 1.00)"
22a02008da9075fd,FR15_ABOM07082020082,2495029415961982461,data/crops/organized/organized_FR15_ABOM07082020082_P2_22a02008da9075fd.jpg,SUSPECT,0.004555756891940078,"orientation ambiguë : 2e meilleur départ à 0.00456, proche du meilleur (0.00456, ratio 1.00)"
22abc57ca4a87fdc,CD388820,2498307557436194780,data/crops/organized/organized_CD388820_P1_22abc57ca4a87fdc.jpg,SUSPECT,0.004756175894806105,"orientation ambiguë : 2e meilleur départ à 0.00476, proche du meilleur (0.00476, ratio 1.00)"
22f2bd6f54b9f3d5,FR73ABOM140722011,2518283427514020821,data/crops/organized/organized_FR73ABOM140722011_P2_22f2bd6f54b9f3d5.jpg,SUSPECT,0.004299096021030032,"orientation ambiguë : 2e meilleur départ à 0.00430, proche du meilleur (0.00430, ratio 1.00)"
231a29ec85b5caff,OPIE_Lapi_78V,2529380236554259199,data/crops/organized/organized_OPIE_Lapi_78V_S3_231a29ec85b5caff.jpg,SUSPECT,0.004487133892149133,"orientation ambiguë : 2e meilleur départ à 0.00449, proche du meilleur (0.00449, ratio 1.00)"
231f15622442f73d,CollecYvan19,2530765026864854845,data/crops/organized/organized_CollecYvan19_S1_231f15622442f73d.jpg,SUSPECT,0.004453268756956845,"orientation ambiguë : 2e meilleur départ à 0.00445, proche du meilleur (0.00445, ratio 1.00)"
23349606bea957a3,FR73ABOM130722041,2536817445829171107,data/crops/organized/organized_FR73ABOM130722041_P2_23349606bea957a3.jpg,SUSPECT,0.004837965205219155,"orientation ambiguë : 2e meilleur départ à 0.00484, proche du meilleur (0.00484, ratio 1.00)"
234b1c3ccf914541,OPIE_Lapi_200720,2543157462086796609,data/crops/organized/organized_OPIE_Lapi_200720_P2_234b1c3ccf914541.jpg,SUSPECT,0.0045272269389239235,"orientation ambiguë : 2e meilleur départ à 0.00453, proche du meilleur (0.00453, ratio 1.00)"
23773153172c06ba,ABAURA5103,2555565546496853690,data/crops/organized/organized_ABAURA5103_P2_23773153172c06ba.jpg,SUSPECT,0.004801717084552855,"orientation ambiguë : 2e meilleur départ à 0.00480, proche du meilleur (0.00480, ratio 1.00)"
2377319cffcd687e,ABAURA8208,2555565863932356734,data/crops/organized/organized_ABAURA8208_P1_2377319cffcd687e.jpg,SUSPECT,0.004459224427244421,"orientation ambiguë : 2e meilleur départ à 0.00446, proche du meilleur (0.00446, ratio 1.00)"
23847567d6cc4c3f,FR15ABOM150820018,2559299577099078719,data/crops/organized/organized_FR15ABOM150820018_S1_23847567d6cc4c3f.jpg,SUSPECT,0.0046487885182189305,"orientation ambiguë : 2e meilleur départ à 0.00465, proche du meilleur (0.00465, ratio 1.00)"
238b1a71d72039dd,ABAURA4902,2561169889333098973,data/crops/organized/organized_ABAURA4902_P2_238b1a71d72039dd.jpg,FAILED,inf,"16 landmarks, 18 attendus"
23a89300eeb8723a,ABAURA8599,2569465219629216314,data/crops/organized/organized_ABAURA8599_S1_23a89300eeb8723a.jpg,SUSPECT,0.004295475066307985,"orientation ambiguë : 2e meilleur départ à 0.00430, proche du meilleur (0.00430, ratio 1.00)"
240359b916675d03,15L2021-1740,2595016461775232259,data/crops/organized/organized_15L2021-1740_S3_240359b916675d03.jpg,SUSPECT,0.0044503395390190935,"orientation ambiguë : 2e meilleur départ à 0.00445, proche du meilleur (0.00445, ratio 1.00)"
242c17a0284eb273,15L2021-1499,2606484260979126899,data/crops/organized/organized_15L2021-1499_P1_242c17a0284eb273.jpg,SUSPECT,0.004590100496495346,"orientation ambiguë : 2e meilleur départ à 0.00459, proche du meilleur (0.00459, ratio 1.00)"
2445eb6d7d84a7fb,ABAURA7150,2613754014248249339,data/crops/organized/organized_ABAURA7150_S1_2445eb6d7d84a7fb.jpg,SUSPECT,0.004497823984301682,"orientation ambiguë : 2e meilleur départ à 0.00450, proche du meilleur (0.00450, ratio 1.00)"
244e1e2377e64d76,FR15_ABOM07082020038,2616061571233107318,data/crops/organized/organized_FR15_ABOM07082020038_S1_244e1e2377e64d76.jpg,SUSPECT,0.0044982731445097944,"orientation ambiguë : 2e meilleur départ à 0.00450, proche du meilleur (0.00450, ratio 1.00)"
24763be022beaa15,FR15ABOM210821115,2627353266458896917,data/crops/organized/organized_FR15ABOM210821115_S2_24763be022beaa15.jpg,SUSPECT,0.004419777446358924,"orientation ambiguë : 2e meilleur départ à 0.00442, proche du meilleur (0.00442, ratio 1.00)"
2481a9c16301694a,2020.03926,2630570305415899466,data/crops/organized/organized_2020.03926_S1_2481a9c16301694a.jpg,SUSPECT,0.004675062626991588,"orientation ambiguë : 2e meilleur départ à 0.00468, proche du meilleur (0.00468, ratio 1.00)"
24ca132787999367,FR15_ABOM30072020036,2650952391160599399,data/crops/organized/organized_FR15_ABOM30072020036_P1_24ca132787999367.jpg,SUSPECT,0.004116550435640476,"orientation ambiguë : 2e meilleur départ à 0.00412, proche du meilleur (0.00412, ratio 1.00)"
24d2db6cb4ceff7b,CD388018b,2653424390411059067,data/crops/organized/organized_CD388018b_P1_24d2db6cb4ceff7b.jpg,SUSPECT,0.004501121293331705,"orientation ambiguë : 2e meilleur départ à 0.00450, proche du meilleur (0.00450, ratio 1.00)"
24d653f6febfb954,FR15_ABOM30072020045,2654401350682523988,data/crops/organized/organized_FR15_ABOM30072020045_S1_24d653f6febfb954.jpg,SUSPECT,0.004173767759630977,"orientation ambiguë : 2e meilleur départ à 0.00417, proche du meilleur (0.00417, ratio 1.00)"
24e0143e9de22c9b,FR05ABOM220722027,2657146039317965979,data/crops/organized/organized_FR05ABOM220722027_S2_24e0143e9de22c9b.jpg,SUSPECT,0.004856255904332225,"orientation ambiguë : 2e meilleur départ à 0.00486, proche du meilleur (0.00486, ratio 1.00)"
24f9632b743d95c1,ABB-2020.00038,2664269692851295681,data/crops/organized/organized_ABB-2020.00038_P1_24f9632b743d95c1.jpg,SUSPECT,0.004480651031279379,"orientation ambiguë : 2e meilleur départ à 0.00448, proche du meilleur (0.00448, ratio 1.00)"
25023ee86708d4cb,2020.06244,2666763097238721739,data/crops/organized/organized_2020.06244_P1_25023ee86708d4cb.jpg,SUSPECT,0.004616388480778509,"orientation ambiguë : 2e meilleur départ à 0.00462, proche du meilleur (0.00462, ratio 1.00)"
2516584dc1ba3def,FR73ABOM200722031,2672420519876902383,data/crops/organized/organized_FR73ABOM200722031_S2_2516584dc1ba3def.jpg,SUSPECT,0.004362718708320488,"orientation ambiguë : 2e meilleur départ à 0.00436, proche du meilleur (0.00436, ratio 1.00)"
25258c4de25b5edf,CD387766,2676699819679637215,data/crops/organized/organized_CD387766_S1_25258c4de25b5edf.jpg,SUSPECT,0.004703547270080744,"orientation ambiguë : 2e meilleur départ à 0.00470, proche du meilleur (0.00470, ratio 1.00)"
2532f620e9f121da,2020.03930,2680475349463146970,data/crops/organized/organized_2020.03930_P1_2532f620e9f121da.jpg,SUSPECT,0.004483818160686052,"orientation ambiguë : 2e meilleur départ à 0.00448, proche du meilleur (0.00448, ratio 1.00)"
25389d1b18f70ef6,2020.00410,2682066317807652598,data/crops/organized/organized_2020.00410_S2_25389d1b18f70ef6.jpg,SUSPECT,0.004472845681632784,"orientation ambiguë : 2e meilleur départ à 0.00447, proche du meilleur (0.00447, ratio 1.00)"
253aef2dd27fda1c,CD388865,2682719508136712732,data/crops/organized/organized_CD388865_S1_253aef2dd27fda1c.jpg,SUSPECT,0.0045205679762038604,"orientation ambiguë : 2e meilleur départ à 0.00452, proche du meilleur (0.00452, ratio 1.00)"
2549fa952b4b3cfc,NoName13,2686954171286633724,data/crops/organized/organized_NoName13_P2_2549fa952b4b3cfc.jpg,SUSPECT,0.004527032727041544,"orientation ambiguë : 2e meilleur départ à 0.00453, proche du meilleur (0.00453, ratio 1.00)"
254f1cce585dea00,FR05ABOM220722024,2688399175134865920,data/crops/organized/organized_FR05ABOM220722024_S2_254f1cce585dea00.jpg,SUSPECT,0.004715796581767023,"orientation ambiguë : 2e meilleur départ à 0.00472, proche du meilleur (0.00472, ratio 1.00)"
255ff8f2bed6d351,ABAURA8885b,2693144823658369873,data/crops/organized/organized_ABAURA8885b_S3_255ff8f2bed6d351.jpg,SUSPECT,0.004583416919829269,"orientation ambiguë : 2e meilleur départ à 0.00458, proche du meilleur (0.00458, ratio 1.00)"
2561bebde65208bd,ABAURA8238c,2693643774966499517,data/crops/organized/organized_ABAURA8238c_S3_2561bebde65208bd.jpg,SUSPECT,0.004393153199917416,"orientation ambiguë : 2e meilleur départ à 0.00439, proche du meilleur (0.00439, ratio 1.00)"
256238cf0f180169,FR15_ABOM180720054,2693777989083595113,data/crops/organized/organized_FR15_ABOM180720054_S3_256238cf0f180169.jpg,SUSPECT,0.004370877959845063,"orientation ambiguë : 2e meilleur départ à 0.00437, proche du meilleur (0.00437, ratio 1.00)"
2569a182fe1914ba,CollecYvan2,2695863435938829498,data/crops/organized/organized_CollecYvan2_P2_2569a182fe1914ba.jpg,SUSPECT,0.004449875949726484,"orientation ambiguë : 2e meilleur départ à 0.00445, proche du meilleur (0.00445, ratio 1.00)"
2572d3bfae1267ba,FR73ABOM150722006,2698451946961004474,data/crops/organized/organized_FR73ABOM150722006_S1_2572d3bfae1267ba.jpg,SUSPECT,0.0045569679814422125,"orientation ambiguë : 2e meilleur départ à 0.00456, proche du meilleur (0.00456, ratio 1.00)"
25995e75800c7e06,CD388016b,2709300509592550918,data/crops/organized/organized_CD388016b_S3_25995e75800c7e06.jpg,SUSPECT,0.004383414311570024,"orientation ambiguë : 2e meilleur départ à 0.00438, proche du meilleur (0.00438, ratio 1.00)"
259ccbb41a1f9769,OPIE_Lapi_290602,2710265050163025769,data/crops/organized/organized_OPIE_Lapi_290602_P1_259ccbb41a1f9769.jpg,SUSPECT,0.004642650112235508,"orientation ambiguë : 2e meilleur départ à 0.00464, proche du meilleur (0.00464, ratio 1.00)"
25b687382a0f5ab1,CD387303,2717508100458240689,data/crops/organized/organized_CD387303_S3_25b687382a0f5ab1.jpg,SUSPECT,0.004575838841329292,"orientation ambiguë : 2e meilleur départ à 0.00458, proche du meilleur (0.00458, ratio 1.00)"
25be93b1f412c1eb,2020.00410,2719773617491722731,data/crops/organized/organized_2020.00410_P2_25be93b1f412c1eb.jpg,SUSPECT,0.004560950418549041,"orientation ambiguë : 2e meilleur départ à 0.00456, proche du meilleur (0.00456, ratio 1.00)"
25c081e0d16349b2,CD388769,2720316977517382066,data/crops/organized/organized_CD388769_S1_25c081e0d16349b2.jpg,SUSPECT,0.0045523716592173035,"orientation ambiguë : 2e meilleur départ à 0.00455, proche du meilleur (0.00455, ratio 1.00)"
25c4f06607004b27,ABAURA7153,2721564395833412391,data/crops/organized/organized_ABAURA7153_P1_25c4f06607004b27.jpg,SUSPECT,0.004192593770191945,"orientation ambiguë : 2e meilleur départ à 0.00419, proche du meilleur (0.00419, ratio 1.00)"
25cc079babff097e,FR15ABOM210821177,2723560239839250814,data/crops/organized/organized_FR15ABOM210821177_P1_25cc079babff097e.jpg,SUSPECT,0.004501483514998051,"orientation ambiguë : 2e meilleur départ à 0.00450, proche du meilleur (0.00450, ratio 1.00)"
25d35a8b3dcdc26b,FR73ABOM130722067,2725621753573130859,data/crops/organized/organized_FR73ABOM130722067_S1_25d35a8b3dcdc26b.jpg,SUSPECT,0.0043079359465536884,"orientation ambiguë : 2e meilleur départ à 0.00431, proche du meilleur (0.00431, ratio 1.00)"
25e1a85bf75c87be,ABAURA8228,2729647962108757950,data/crops/organized/organized_ABAURA8228_S2_25e1a85bf75c87be.jpg,SUSPECT,0.004597754562094303,"orientation ambiguë : 2e meilleur départ à 0.00460, proche du meilleur (0.00460, ratio 1.00)"
25e49cffd2557981,N628,2730479896652773761,data/crops/organized/organized_N628_S3_25e49cffd2557981.jpg,SUSPECT,0.004533759868729957,"orientation ambiguë : 2e meilleur départ à 0.00453, proche du meilleur (0.00453, ratio 1.00)"
25f6b996f9013c67,OPIE_Lapi_130720,2735577881747995751,data/crops/organized/organized_OPIE_Lapi_130720_S3_25f6b996f9013c67.jpg,SUSPECT,0.004441667973283213,"orientation ambiguë : 2e meilleur départ à 0.00444, proche du meilleur (0.00444, ratio 1.00)"
25fd1aefb3e34881,CD388612,2737373765328652417,data/crops/organized/organized_CD388612_S1_25fd1aefb3e34881.jpg,SUSPECT,0.00465836808916557,"orientation ambiguë : 2e meilleur départ à 0.00466, proche du meilleur (0.00466, ratio 1.00)"
260b50d94ad1fcc3,ABAURA4915,2741373692378479811,data/crops/organized/organized_ABAURA4915_P2_260b50d94ad1fcc3.jpg,SUSPECT,0.004554300067796103,"orientation ambiguë : 2e meilleur départ à 0.00455, proche du meilleur (0.00455, ratio 1.00)"
260cf76eb63b9984,ABAURA7155,2741838328037611908,data/crops/organized/organized_ABAURA7155_P2_260cf76eb63b9984.jpg,SUSPECT,0.004540050340318076,"orientation ambiguë : 2e meilleur départ à 0.00454, proche du meilleur (0.00454, ratio 1.00)"
264c8d686c379422,OPIE_Lapi_160720,2759736151302968354,data/crops/organized/organized_OPIE_Lapi_160720_S1_264c8d686c379422.jpg,SUSPECT,0.004681711132234857,"orientation ambiguë : 2e meilleur départ à 0.00468, proche du meilleur (0.00468, ratio 1.00)"
26b3f384f65e6568,OPIE_Lapi_030803b,2788840346667083112,data/crops/organized/organized_OPIE_Lapi_030803b_S1_26b3f384f65e6568.jpg,SUSPECT,0.00444836583934733,"orientation ambiguë : 2e meilleur départ à 0.00445, proche du meilleur (0.00445, ratio 1.00)"
26b42d75c23a000a,OPPO.2021.03276,2788904053042184202,data/crops/organized/organized_OPPO.2021.03276_S2_26b42d75c23a000a.jpg,SUSPECT,0.004523144665283103,"orientation ambiguë : 2e meilleur départ à 0.00452, proche du meilleur (0.00452, ratio 1.00)"
26bf970f5cd934f2,NoName4,2792116386231039218,data/crops/organized/organized_NoName4_S2_26bf970f5cd934f2.jpg,SUSPECT,0.00450990294263116,"orientation ambiguë : 2e meilleur départ à 0.00451, proche du meilleur (0.00451, ratio 1.00)"
26dc9d8736a5e21c,OPIE_Lapi_200703,2800286272380592668,data/crops/organized/organized_OPIE_Lapi_200703_P2_26dc9d8736a5e21c.jpg,SUSPECT,0.0044664130700405235,"orientation ambiguë : 2e meilleur départ à 0.00447, proche du meilleur (0.00447, ratio 1.00)"
26dd38b04669facf,ABAURA8239d,2800456873041066703,data/crops/organized/organized_ABAURA8239d_P1_26dd38b04669facf.jpg,SUSPECT,0.004402415045752357,"orientation ambiguë : 2e meilleur départ à 0.00440, proche du meilleur (0.00440, ratio 1.00)"
26f7d262ed354249,FR15ABOM210821110,2807944215017112137,data/crops/organized/organized_FR15ABOM210821110_P2_26f7d262ed354249.jpg,SUSPECT,0.00438036245950856,"orientation ambiguë : 2e meilleur départ à 0.00438, proche du meilleur (0.00438, ratio 1.00)"
270cbd9f235c5a63,CD388821f,2813832358390422115,data/crops/organized/organized_CD388821f_S1_270cbd9f235c5a63.jpg,SUSPECT,0.00461600445422407,"orientation ambiguë : 2e meilleur départ à 0.00462, proche du meilleur (0.00462, ratio 1.00)"
27168bd2dee30ff2,CollecYvan18,2816592354765639666,data/crops/organized/organized_CollecYvan18_S3_27168bd2dee30ff2.jpg,SUSPECT,0.004447396892368864,"orientation ambiguë : 2e meilleur départ à 0.00445, proche du meilleur (0.00445, ratio 1.00)"
272e65c581d83d9c,VAN-2019.00788,2823305915369274780,data/crops/organized/organized_VAN-2019.00788_S1_272e65c581d83d9c.jpg,SUSPECT,0.004426864509316212,"orientation ambiguë : 2e meilleur départ à 0.00443, proche du meilleur (0.00443, ratio 1.00)"
2741bf21c6a0e3f6,VAN-2019.00814,2828752192752641014,data/crops/organized/organized_VAN-2019.00814_S1_2741bf21c6a0e3f6.jpg,SUSPECT,0.004659748235738428,"orientation ambiguë : 2e meilleur départ à 0.00466, proche du meilleur (0.00466, ratio 1.00)"
276e83d7d067f0ce,FR73ABOM200722038,2841353377855041742,data/crops/organized/organized_FR73ABOM200722038_P1_276e83d7d067f0ce.jpg,SUSPECT,0.004550082326645897,"orientation ambiguë : 2e meilleur départ à 0.00455, proche du meilleur (0.00455, ratio 1.00)"
2789c587b4183301,BAR.2018.00342,2849025425921291009,data/crops/organized/organized_BAR.2018.00342_S3_2789c587b4183301.jpg,SUSPECT,0.0044547318023768975,"orientation ambiguë : 2e meilleur départ à 0.00445, proche du meilleur (0.00445, ratio 1.00)"
278c7f974d83a8b4,CD387759,2849792952035944628,data/crops/organized/organized_CD387759_S2_278c7f974d83a8b4.jpg,SUSPECT,0.004536500547867573,"orientation ambiguë : 2e meilleur départ à 0.00454, proche du meilleur (0.00454, ratio 1.00)"
27c7621990f78114,ABAURA8208,2866367549790454036,data/crops/organized/organized_ABAURA8208_P2_27c7621990f78114.jpg,SUSPECT,0.004535901829981459,"orientation ambiguë : 2e meilleur départ à 0.00454, proche du meilleur (0.00454, ratio 1.00)"
27e0a1a8cee56a67,UBC-2011.0157,2873474308660095591,data/crops/organized/organized_UBC-2011.0157_P3_27e0a1a8cee56a67.jpg,SUSPECT,0.009565265465382332,"orientation ambiguë : 2e meilleur départ à 0.00957, proche du meilleur (0.00957, ratio 1.00)"
27fe72491bac5003,FR73ABOM140722001,2881866469886152707,data/crops/organized/organized_FR73ABOM140722001_S2_27fe72491bac5003.jpg,SUSPECT,0.004459026511292572,"orientation ambiguë : 2e meilleur départ à 0.00446, proche du meilleur (0.00446, ratio 1.00)"
2840b7b5df4d1b3f,CD388872b,2900520151789935423,data/crops/organized/organized_CD388872b_P1_2840b7b5df4d1b3f.jpg,SUSPECT,0.0044232534552369595,"orientation ambiguë : 2e meilleur départ à 0.00442, proche du meilleur (0.00442, ratio 1.00)"
28464253135fcfe5,2020.00449,2902079934461628389,data/crops/organized/organized_2020.00449_S1_28464253135fcfe5.jpg,SUSPECT,0.0046998840525003535,"orientation ambiguë : 2e meilleur départ à 0.00470, proche du meilleur (0.00470, ratio 1.00)"
28485070e745c08f,15L2021-1739,2902658405686952079,data/crops/organized/organized_15L2021-1739_P2_28485070e745c08f.jpg,SUSPECT,0.004434359533661616,"orientation ambiguë : 2e meilleur départ à 0.00443, proche du meilleur (0.00443, ratio 1.00)"
284f8721c7b64abd,20A.07897,2904688863831542461,data/crops/organized/organized_20A.07897_S2_284f8721c7b64abd.jpg,SUSPECT,0.004542442079623295,"orientation ambiguë : 2e meilleur départ à 0.00454, proche du meilleur (0.00454, ratio 1.00)"
286d71e8b3a0d318,D264515,2913109778238591768,data/crops/organized/organized_D264515_S3_286d71e8b3a0d318.jpg,SUSPECT,0.004424899916244388,"orientation ambiguë : 2e meilleur départ à 0.00442, proche du meilleur (0.00442, ratio 1.00)"
287fab6e4ee687c6,FR73ABOM120722002,2918239573817853894,data/crops/organized/organized_FR73ABOM120722002_S1_287fab6e4ee687c6.jpg,SUSPECT,0.004887253206950017,"orientation ambiguë : 2e meilleur départ à 0.00489, proche du meilleur (0.00489, ratio 1.00)"
289157370af3ca65,FR73ABOM200722039,2923213527058729573,data/crops/organized/organized_FR73ABOM200722039_S2_289157370af3ca65.jpg,SUSPECT,0.004505789255174513,"orientation ambiguë : 2e meilleur départ à 0.00451, proche du meilleur (0.00451, ratio 1.00)"
2891c9596cdb423a,FR73ABOM130722029,2923339019055743546,data/crops/organized/organized_FR73ABOM130722029_S3_2891c9596cdb423a.jpg,SUSPECT,0.004547463903719564,"orientation ambiguë : 2e meilleur départ à 0.00455, proche du meilleur (0.00455, ratio 1.00)"
28b43d54e7612dab,CD387804,2933036692193488299,data/crops/organized/organized_CD387804_S1_28b43d54e7612dab.jpg,SUSPECT,0.004669693457262995,"orientation ambiguë : 2e meilleur départ à 0.00467, proche du meilleur (0.00467, ratio 1.00)"
28bba06b72e3a9c0,VAN-2019.00783,2935115965511477696,data/crops/organized/organized_VAN-2019.00783_P2_28bba06b72e3a9c0.jpg,SUSPECT,0.00469831882926083,"orientation ambiguë : 2e meilleur départ à 0.00470, proche du meilleur (0.00470, ratio 1.00)"
28e29f6241fd7ba7,15G2021-1200,2946092350616468391,data/crops/organized/organized_15G2021-1200_P2_28e29f6241fd7ba7.jpg,SUSPECT,0.004308662225446896,"orientation ambiguë : 2e meilleur départ à 0.00431, proche du meilleur (0.00431, ratio 1.00)"
28ec66e47c4138f7,FR73ABOM140722009,2948844987544058103,data/crops/organized/organized_FR73ABOM140722009_S1_28ec66e47c4138f7.jpg,SUSPECT,0.004721834539281603,"orientation ambiguë : 2e meilleur départ à 0.00472, proche du meilleur (0.00472, ratio 1.00)"
28f3e07cd22f5c8d,FR15_ABOM30072020071,2950949007564692621,data/crops/organized/organized_FR15_ABOM30072020071_S1_28f3e07cd22f5c8d.jpg,SUSPECT,0.004576831387228432,"orientation ambiguë : 2e meilleur départ à 0.00458, proche du meilleur (0.00458, ratio 1.00)"
28fdf9f62edaa192,ABAURA8203,2953791766368264594,data/crops/organized/organized_ABAURA8203_P1_28fdf9f62edaa192.jpg,SUSPECT,0.004391277287996823,"orientation ambiguë : 2e meilleur départ à 0.00439, proche du meilleur (0.00439, ratio 1.00)"
291d9d53f22e6ca5,POLLINIS4455,2962697113750629541,data/crops/organized/organized_POLLINIS4455_P2_291d9d53f22e6ca5.jpg,SUSPECT,0.004695541101410882,"orientation ambiguë : 2e meilleur départ à 0.00470, proche du meilleur (0.00470, ratio 1.00)"
292b6223e12c8b67,2007.0712,2966572685794773863,data/crops/organized/organized_2007.0712_P3_292b6223e12c8b67.jpg,FAILED,inf,"14 landmarks, 18 attendus"
292d86fc65320704,ABAURA8208,2967176148094682884,data/crops/organized/organized_ABAURA8208_S2_292d86fc65320704.jpg,SUSPECT,0.004359506702314715,"orientation ambiguë : 2e meilleur départ à 0.00436, proche du meilleur (0.00436, ratio 1.00)"
293be9ee84bcd96f,CollecYvan1,2971225589819431279,data/crops/organized/organized_CollecYvan1_S3_293be9ee84bcd96f.jpg,SUSPECT,0.004518775881933776,"orientation ambiguë : 2e meilleur départ à 0.00452, proche du meilleur (0.00452, ratio 1.00)"
293ee473e3a80f34,CD388623c,2972063990502919988,data/crops/organized/organized_CD388623c_P1_293ee473e3a80f34.jpg,SUSPECT,0.004838971457460841,"orientation ambiguë : 2e meilleur départ à 0.00484, proche du meilleur (0.00484, ratio 1.00)"
295fe26213d53f23,FR15_ABOM090820071,2981350389209972515,data/crops/organized/organized_FR15_ABOM090820071_P1_295fe26213d53f23.jpg,SUSPECT,0.0044193835544657206,"orientation ambiguë : 2e meilleur départ à 0.00442, proche du meilleur (0.00442, ratio 1.00)"
297834ab39fe7bd7,OPIE_Lapi_H1,2988196262777355223,data/crops/organized/organized_OPIE_Lapi_H1_S3_297834ab39fe7bd7.jpg,SUSPECT,0.004074286744460517,"orientation ambiguë : 2e meilleur départ à 0.00407, proche du meilleur (0.00407, ratio 1.00)"
297fb63d9df94117,VAN-2019.00822,2990309053356917015,data/crops/organized/organized_VAN-2019.00822_P2_297fb63d9df94117.jpg,SUSPECT,0.004648913021591721,"orientation ambiguë : 2e meilleur départ à 0.00465, proche du meilleur (0.00465, ratio 1.00)"
299c1642a827cd22,N385,2998295927466741026,data/crops/organized/organized_N385_P5_299c1642a827cd22.jpg,SUSPECT,0.004414920156631716,"orientation ambiguë : 2e meilleur départ à 0.00441, proche du meilleur (0.00441, ratio 1.00)"
29b8ba1f32ef065c,15L2021-1585,3006357394431084124,data/crops/organized/organized_15L2021-1585_S1_29b8ba1f32ef065c.jpg,FAILED,inf,"17 landmarks, 18 attendus"
29d09f818018d5cb,CD388018,3013083529259570635,data/crops/organized/organized_CD388018_P2_29d09f818018d5cb.jpg,SUSPECT,0.004568440612417675,"orientation ambiguë : 2e meilleur départ à 0.00457, proche du meilleur (0.00457, ratio 1.00)"
29d8f1baf65dbd0b,CD388391,3015425735824096523,data/crops/organized/organized_CD388391_S2_29d8f1baf65dbd0b.jpg,SUSPECT,0.004573122814651314,"orientation ambiguë : 2e meilleur départ à 0.00457, proche du meilleur (0.00457, ratio 1.00)"
29e04eb2491bc5a5,ABAURA8602,3017498277975934373,data/crops/organized/organized_ABAURA8602_S3_29e04eb2491bc5a5.jpg,SUSPECT,0.004481430176654731,"orientation ambiguë : 2e meilleur départ à 0.00448, proche du meilleur (0.00448, ratio 1.00)"
29f0e33da3a4ad7a,FR04ABOM220722087,3022165203843591546,data/crops/organized/organized_FR04ABOM220722087_S2_29f0e33da3a4ad7a.jpg,SUSPECT,0.004854283081363209,"orientation ambiguë : 2e meilleur départ à 0.00485, proche du meilleur (0.00485, ratio 1.00)"
29fac68fef095711,ABAURA8240d,3024948421225699089,data/crops/organized/organized_ABAURA8240d_S2_29fac68fef095711.jpg,SUSPECT,0.004563434785238862,"orientation ambiguë : 2e meilleur départ à 0.00456, proche du meilleur (0.00456, ratio 1.00)"
2a07286a826efd89,2020.00339,3028433712349904265,data/crops/organized/organized_2020.00339_S1_2a07286a826efd89.jpg,SUSPECT,0.004635659036576025,"orientation ambiguë : 2e meilleur départ à 0.00464, proche du meilleur (0.00464, ratio 1.00)"
2a0e691a5a537bbc,ABAURA8205b,3030475161172409276,data/crops/organized/organized_ABAURA8205b_S1_2a0e691a5a537bbc.jpg,SUSPECT,0.004625127032109499,"orientation ambiguë : 2e meilleur départ à 0.00463, proche du meilleur (0.00463, ratio 1.00)"
2a20cb512bae01e7,CollecYvan3,3035649698333327847,data/crops/organized/organized_CollecYvan3_P1_2a20cb512bae01e7.jpg,SUSPECT,0.004562311713847997,"orientation ambiguë : 2e meilleur départ à 0.00456, proche du meilleur (0.00456, ratio 1.00)"
2a539128ae33d2a5,FR15ABOM150821068,3049940976567308965,data/crops/organized/organized_FR15ABOM150821068_S2_2a539128ae33d2a5.jpg,SUSPECT,0.00441956181722809,"orientation ambiguë : 2e meilleur départ à 0.00442, proche du meilleur (0.00442, ratio 1.00)"
2a5fb9b57b2735b9,UBC-2011.0157,3053363261486871993,data/crops/organized/organized_UBC-2011.0157_S1_2a5fb9b57b2735b9.jpg,FAILED,inf,"17 landmarks, 18 attendus"
2a626ee4bfe6f8cf,ABAURA8602,3054125426061801679,data/crops/organized/organized_ABAURA8602_S2_2a626ee4bfe6f8cf.jpg,SUSPECT,0.0045350762203796545,"orientation ambiguë : 2e meilleur départ à 0.00454, proche du meilleur (0.00454, ratio 1.00)"
2a6fd42740afc3e5,FR15ABOM220821068,3057895937061929957,data/crops/organized/organized_FR15ABOM220821068_S1_2a6fd42740afc3e5.jpg,FAILED,inf,"17 landmarks, 18 attendus"
2a7856876e077752,CollecYvan8,3060291086464808786,data/crops/organized/organized_CollecYvan8_P1_2a7856876e077752.jpg,SUSPECT,0.004442305573434631,"orientation ambiguë : 2e meilleur départ à 0.00444, proche du meilleur (0.00444, ratio 1.00)"
2aa0edf2f211988d,FR73ABOM200722037,3071716573565786253,data/crops/organized/organized_FR73ABOM200722037_P1_2aa0edf2f211988d.jpg,SUSPECT,0.004233600472239164,"orientation ambiguë : 2e meilleur départ à 0.00423, proche du meilleur (0.00423, ratio 1.00)"
2aa2c32c9af2c8fc,FR73ABOM130722064,3072232492165679356,data/crops/organized/organized_FR73ABOM130722064_S3_2aa2c32c9af2c8fc.jpg,SUSPECT,0.00457764868633972,"orientation ambiguë : 2e meilleur départ à 0.00458, proche du meilleur (0.00458, ratio 1.00)"
2ac45efeca6d05a9,CollecYvan17,3081692493439108521,data/crops/organized/organized_CollecYvan17_S2_2ac45efeca6d05a9.jpg,SUSPECT,0.0044854055937601466,"orientation ambiguë : 2e meilleur départ à 0.00449, proche du meilleur (0.00449, ratio 1.00)"
2acd3819d3d38772,FR73ABOM130722007,3084183003397850994,data/crops/organized/organized_FR73ABOM130722007_P2_2acd3819d3d38772.jpg,SUSPECT,0.004828576302781978,"orientation ambiguë : 2e meilleur départ à 0.00483, proche du meilleur (0.00483, ratio 1.00)"
2ae8e84151225977,CollecYvan11,3091976511421569399,data/crops/organized/organized_CollecYvan11_P1_2ae8e84151225977.jpg,SUSPECT,0.004783508602802737,"orientation ambiguë : 2e meilleur départ à 0.00478, proche du meilleur (0.00478, ratio 1.00)"
2b0232a9737e8943,FR73ABOM200722034,3099095196952856899,data/crops/organized/organized_FR73ABOM200722034_S2_2b0232a9737e8943.jpg,SUSPECT,0.0044097993461890556,"orientation ambiguë : 2e meilleur départ à 0.00441, proche du meilleur (0.00441, ratio 1.00)"
2b0d866c424f9c1a,FR15ABOM150821068,3102283517855243290,data/crops/organized/organized_FR15ABOM150821068_S1_2b0d866c424f9c1a.jpg,SUSPECT,0.0044650171799519404,"orientation ambiguë : 2e meilleur départ à 0.00447, proche du meilleur (0.00447, ratio 1.00)"
2b36705a6ece5b6a,FR04ABOM220722047,3113799726081661802,data/crops/organized/organized_FR04ABOM220722047_P2_2b36705a6ece5b6a.jpg,SUSPECT,0.0044136827719780765,"orientation ambiguë : 2e meilleur départ à 0.00441, proche du meilleur (0.00441, ratio 1.00)"
2b3b4f62c27d55c2,FR04ABOM220722047,3115170852845213122,data/crops/organized/organized_FR04ABOM220722047_P1_2b3b4f62c27d55c2.jpg,SUSPECT,0.004461826586828419,"orientation ambiguë : 2e meilleur départ à 0.00446, proche du meilleur (0.00446, ratio 1.00)"
2b4fbf543a34fca9,FR73ABOM130722064,3120923435265752233,data/crops/organized/organized_FR73ABOM130722064_S2_2b4fbf543a34fca9.jpg,SUSPECT,0.004642175393378356,"orientation ambiguë : 2e meilleur départ à 0.00464, proche du meilleur (0.00464, ratio 1.00)"
2b5e0d866cf7c51f,OPIE_Lapi_B2,3124950062446658847,data/crops/organized/organized_OPIE_Lapi_B2_P1_2b5e0d866cf7c51f.jpg,SUSPECT,0.0046271387068526765,"orientation ambiguë : 2e meilleur départ à 0.00463, proche du meilleur (0.00463, ratio 1.00)"
2b750bd62c8f6f4d,2020.03926,3131422130404552525,data/crops/organized/organized_2020.03926_P1_2b750bd62c8f6f4d.jpg,SUSPECT,0.004807271627305874,"orientation ambiguë : 2e meilleur départ à 0.00481, proche du meilleur (0.00481, ratio 1.00)"
2b9453d824aa8777,CollecYvan9,3140227027977275255,data/crops/organized/organized_CollecYvan9_S3_2b9453d824aa8777.jpg,SUSPECT,0.0046690021981114155,"orientation ambiguë : 2e meilleur départ à 0.00467, proche du meilleur (0.00467, ratio 1.00)"
2b9a4e3eff70d5b2,CollecYvan1,3141909722524865970,data/crops/organized/organized_CollecYvan1_P1_2b9a4e3eff70d5b2.jpg,SUSPECT,0.004546655367553975,"orientation ambiguë : 2e meilleur départ à 0.00455, proche du meilleur (0.00455, ratio 1.00)"
2b9b07e79737ea74,CD388230b,3142113856276916852,data/crops/organized/organized_CD388230b_S3_2b9b07e79737ea74.jpg,SUSPECT,0.00463527193124476,"orientation ambiguë : 2e meilleur départ à 0.00464, proche du meilleur (0.00464, ratio 1.00)"
2baaaf8909808a7e,ABAURA5593,3146520292776512126,data/crops/organized/organized_ABAURA5593_S2_2baaaf8909808a7e.jpg,SUSPECT,0.004687173334372084,"orientation ambiguë : 2e meilleur départ à 0.00469, proche du meilleur (0.00469, ratio 1.00)"
2baac6cdb3ff076e,ABAURA7153,3146545876462143342,data/crops/organized/organized_ABAURA7153_S1_2baac6cdb3ff076e.jpg,SUSPECT,0.004247472423639385,"orientation ambiguë : 2e meilleur départ à 0.00425, proche du meilleur (0.00425, ratio 1.00)"
2bfed7f843c099de,FR15ABOM200722026,3170208649003964894,data/crops/organized/organized_FR15ABOM200722026_S1_2bfed7f843c099de.jpg,SUSPECT,0.004080992097428402,"orientation ambiguë : 2e meilleur départ à 0.00408, proche du meilleur (0.00408, ratio 1.00)"
2c10775f4f36edc0,FR15ABOM200821233,3175168988530798016,data/crops/organized/organized_FR15ABOM200821233_S1_2c10775f4f36edc0.jpg,SUSPECT,0.004383543873844097,"orientation ambiguë : 2e meilleur départ à 0.00438, proche du meilleur (0.00438, ratio 1.00)"
2c206c96cce95625,OPIE_Lapi_220620d,3179660731862308389,data/crops/organized/organized_OPIE_Lapi_220620d_P2_2c206c96cce95625.jpg,SUSPECT,0.00454636569851791,"orientation ambiguë : 2e meilleur départ à 0.00455, proche du meilleur (0.00455, ratio 1.00)"
2c64eafbaa505ec4,FR15_ABOM07082020049,3198940001954979524,data/crops/organized/organized_FR15_ABOM07082020049_S2_2c64eafbaa505ec4.jpg,SUSPECT,0.004534748268087853,"orientation ambiguë : 2e meilleur départ à 0.00453, proche du meilleur (0.00453, ratio 1.00)"
2c670ed469d32179,2020.06243,3199542365741326713,data/crops/organized/organized_2020.06243_P3_2c670ed469d32179.jpg,SUSPECT,0.00439528847714979,"orientation ambiguë : 2e meilleur départ à 0.00440, proche du meilleur (0.00440, ratio 1.00)"
2c70ecb1d33a1761,FR73ABOM200722041,3202319583557588833,data/crops/organized/organized_FR73ABOM200722041_P2_2c70ecb1d33a1761.jpg,SUSPECT,0.004532057162774057,"orientation ambiguë : 2e meilleur départ à 0.00453, proche du meilleur (0.00453, ratio 1.00)"
2c7251e638da7d81,OPIE_Lapi_070820,3202712334252014977,data/crops/organized/organized_OPIE_Lapi_070820_S2_2c7251e638da7d81.jpg,SUSPECT,0.004351637583096368,"orientation ambiguë : 2e meilleur départ à 0.00435, proche du meilleur (0.00435, ratio 1.00)"
2c728e64575ee400,ABAURA8885b,3202778846627554304,data/crops/organized/organized_ABAURA8885b_P1_2c728e64575ee400.jpg,SUSPECT,0.004466362075097029,"orientation ambiguë : 2e meilleur départ à 0.00447, proche du meilleur (0.00447, ratio 1.00)"
2c8ee1fdd37b8d00,CollecYvan4,3210752064652807424,data/crops/organized/organized_CollecYvan4_P2_2c8ee1fdd37b8d00.jpg,SUSPECT,0.004665665774813411,"orientation ambiguë : 2e meilleur départ à 0.00467, proche du meilleur (0.00467, ratio 1.00)"
2cd186fe86556e3c,FR73ABOM150722001,3229510835534917180,data/crops/organized/organized_FR73ABOM150722001_S2_2cd186fe86556e3c.jpg,SUSPECT,0.0044018971308405945,"orientation ambiguë : 2e meilleur départ à 0.00440, proche du meilleur (0.00440, ratio 1.00)"
2cead9b79ae9b4be,FR15ABOM220821084,3236638664820372670,data/crops/organized/organized_FR15ABOM220821084_P1_2cead9b79ae9b4be.jpg,SUSPECT,0.004740723039904564,"orientation ambiguë : 2e meilleur départ à 0.00474, proche du meilleur (0.00474, ratio 1.00)"
2d24ee4e2b7e4bca,2020.03886,3252986850372897738,data/crops/organized/organized_2020.03886_S3_2d24ee4e2b7e4bca.jpg,SUSPECT,0.004353854127631107,"orientation ambiguë : 2e meilleur départ à 0.00435, proche du meilleur (0.00435, ratio 1.00)"
2d2ad34274b004a2,CD388408,3254645963107599522,data/crops/organized/organized_CD388408_S3_2d2ad34274b004a2.jpg,SUSPECT,0.004551587190224112,"orientation ambiguë : 2e meilleur départ à 0.00455, proche du meilleur (0.00455, ratio 1.00)"
2d2e0899c01119f9,FR15_STPONCY300921024,3255549037080812025,data/crops/organized/organized_FR15_STPONCY300921024_P2_2d2e0899c01119f9.jpg,SUSPECT,0.004440435752803343,"orientation ambiguë : 2e meilleur départ à 0.00444, proche du meilleur (0.00444, ratio 1.00)"
2d35884990e7899e,ABAURA4926,3257659755017505182,data/crops/organized/organized_ABAURA4926_S3_2d35884990e7899e.jpg,SUSPECT,0.004557817724914079,"orientation ambiguë : 2e meilleur départ à 0.00456, proche du meilleur (0.00456, ratio 1.00)"
2d65a061e305b630,VAN-2019.00850,3271197046635607600,data/crops/organized/organized_VAN-2019.00850_P1_2d65a061e305b630.jpg,FAILED,inf,"11 landmarks, 18 attendus"
2da1d3e8406911da,CD388018c,3288142197423673818,data/crops/organized/organized_CD388018c_S1_2da1d3e8406911da.jpg,SUSPECT,0.004770723027810261,"orientation ambiguë : 2e meilleur départ à 0.00477, proche du meilleur (0.00477, ratio 1.00)"
2dad18940dfdde9a,CD388865,3291313926846668442,data/crops/organized/organized_CD388865_P1_2dad18940dfdde9a.jpg,SUSPECT,0.004614882217338469,"orientation ambiguë : 2e meilleur départ à 0.00461, proche du meilleur (0.00461, ratio 1.00)"
2dbbcaea550e5452,FR15_ABOM080820039,3295450660149810258,data/crops/organized/organized_FR15_ABOM080820039_P1_2dbbcaea550e5452.jpg,SUSPECT,0.0047310339676380365,"orientation ambiguë : 2e meilleur départ à 0.00473, proche du meilleur (0.00473, ratio 1.00)"
2de44dfcfbfa9720,OPIE_Lapi_030803,3306853775351387936,data/crops/organized/organized_OPIE_Lapi_030803_S1_2de44dfcfbfa9720.jpg,SUSPECT,0.0044016768273629015,"orientation ambiguë : 2e meilleur départ à 0.00440, proche du meilleur (0.00440, ratio 1.00)"
2de83be32afdbc5e,ABAURA7781,3307959773168516190,data/crops/organized/organized_ABAURA7781_S2_2de83be32afdbc5e.jpg,SUSPECT,0.004323288002251524,"orientation ambiguë : 2e meilleur départ à 0.00432, proche du meilleur (0.00432, ratio 1.00)"
2dec40d47793d97b,CD388809,3309091107493894523,data/crops/organized/organized_CD388809_S2_2dec40d47793d97b.jpg,SUSPECT,0.0045915753444842455,"orientation ambiguë : 2e meilleur départ à 0.00459, proche du meilleur (0.00459, ratio 1.00)"
2def4e39c052f8f4,POLLINIS4402,3309950261087369460,data/crops/organized/organized_POLLINIS4402_P1_2def4e39c052f8f4.jpg,SUSPECT,0.004458316156553411,"orientation ambiguë : 2e meilleur départ à 0.00446, proche du meilleur (0.00446, ratio 1.00)"
2df15e40bb197573,FR15_ABOM30072020045,3310530833203950963,data/crops/organized/organized_FR15_ABOM30072020045_P1_2df15e40bb197573.jpg,SUSPECT,0.004230031001544962,"orientation ambiguë : 2e meilleur départ à 0.00423, proche du meilleur (0.00423, ratio 1.00)"
2e1422462fadc298,CD388820,3320316510121869976,data/crops/organized/organized_CD388820_S3_2e1422462fadc298.jpg,SUSPECT,0.004577838347159085,"orientation ambiguë : 2e meilleur départ à 0.00458, proche du meilleur (0.00458, ratio 1.00)"
2e43065f55e21c85,ABAURA8604,3333515155716840581,data/crops/organized/organized_ABAURA8604_S2_2e43065f55e21c85.jpg,SUSPECT,0.004305574779013175,"orientation ambiguë : 2e meilleur départ à 0.00431, proche du meilleur (0.00431, ratio 1.00)"
2e5179b9db370aae,ABAURA8764,3337582638011976366,data/crops/organized/organized_ABAURA8764_P2_2e5179b9db370aae.jpg,SUSPECT,0.004465129474007794,"orientation ambiguë : 2e meilleur départ à 0.00447, proche du meilleur (0.00447, ratio 1.00)"
2e55e7292122d53c,CD388861,3338828862600697148,data/crops/organized/organized_CD388861_S3_2e55e7292122d53c.jpg,SUSPECT,0.004663418177854333,"orientation ambiguë : 2e meilleur départ à 0.00466, proche du meilleur (0.00466, ratio 1.00)"
2e5878d7050efbbd,ABAURA5633,3339551988593392573,data/crops/organized/organized_ABAURA5633_P1_2e5878d7050efbbd.jpg,SUSPECT,0.004615946168566264,"orientation ambiguë : 2e meilleur départ à 0.00462, proche du meilleur (0.00462, ratio 1.00)"
2e58c65a4070ac5a,ABAURA7781b,3339637214625705050,data/crops/organized/organized_ABAURA7781b_S1_2e58c65a4070ac5a.jpg,SUSPECT,0.00460471246610292,"orientation ambiguë : 2e meilleur départ à 0.00460, proche du meilleur (0.00460, ratio 1.00)"
2e62e9bd621a3942,ABAURA8526b,3342490873066305858,data/crops/organized/organized_ABAURA8526b_S3_2e62e9bd621a3942.jpg,SUSPECT,0.004432846968535246,"orientation ambiguë : 2e meilleur départ à 0.00443, proche du meilleur (0.00443, ratio 1.00)"
2e6bceb75755aabf,FR15ABOM210821014,3344994435092294335,data/crops/organized/organized_FR15ABOM210821014_S1_2e6bceb75755aabf.jpg,SUSPECT,0.00417841916253894,"orientation ambiguë : 2e meilleur départ à 0.00418, proche du meilleur (0.00418, ratio 1.00)"
2e77f206a087a1ad,VAN-2019.00787,3348410958250221997,data/crops/organized/organized_VAN-2019.00787_S2_2e77f206a087a1ad.jpg,SUSPECT,0.004959044320577848,"orientation ambiguë : 2e meilleur départ à 0.00496, proche du meilleur (0.00496, ratio 1.00)"
2e837c6b55dc3953,VAN-2019.00783,3351659348137621843,data/crops/organized/organized_VAN-2019.00783_S3_2e837c6b55dc3953.jpg,SUSPECT,0.004577551599547872,"orientation ambiguë : 2e meilleur départ à 0.00458, proche du meilleur (0.00458, ratio 1.00)"
2ec396695e1116fd,ABAURA8203,3369702325497173757,data/crops/organized/organized_ABAURA8203_S2_2ec396695e1116fd.jpg,SUSPECT,0.004376824864802956,"orientation ambiguë : 2e meilleur départ à 0.00438, proche du meilleur (0.00438, ratio 1.00)"
2eee1463ae3278d5,ATBI_GR5b,3381662788558682325,data/crops/organized/organized_ATBI_GR5b_S2_2eee1463ae3278d5.jpg,SUSPECT,0.004476928412630314,"orientation ambiguë : 2e meilleur départ à 0.00448, proche du meilleur (0.00448, ratio 1.00)"
2f02eb569420af0d,ABAURA8238a,3387528626820919053,data/crops/organized/organized_ABAURA8238a_P1_2f02eb569420af0d.jpg,SUSPECT,0.004543658748678604,"orientation ambiguë : 2e meilleur départ à 0.00454, proche du meilleur (0.00454, ratio 1.00)"
2f09f9e4a020229c,D264520,3389514954907329180,data/crops/organized/organized_D264520_S1_2f09f9e4a020229c.jpg,SUSPECT,0.0045802143015819885,"orientation ambiguë : 2e meilleur départ à 0.00458, proche du meilleur (0.00458, ratio 1.00)"
2f4daafe64a9df95,ABAURA8885e,3408568502576603029,data/crops/organized/organized_ABAURA8885e_P2_2f4daafe64a9df95.jpg,SUSPECT,0.004543671974153199,"orientation ambiguë : 2e meilleur départ à 0.00454, proche du meilleur (0.00454, ratio 1.00)"
2f61c5990c4e0a2d,FR73ABOM130722064,3414227253650655789,data/crops/organized/organized_FR73ABOM130722064_S1_2f61c5990c4e0a2d.jpg,SUSPECT,0.004617707607614917,"orientation ambiguë : 2e meilleur départ à 0.00462, proche du meilleur (0.00462, ratio 1.00)"
2f65b78d59772a54,ABAURA8228,3415337710149642836,data/crops/organized/organized_ABAURA8228_P1_2f65b78d59772a54.jpg,SUSPECT,0.004624718493954045,"orientation ambiguë : 2e meilleur départ à 0.00462, proche du meilleur (0.00462, ratio 1.00)"
2f7129d3260e1d47,POLLINIS4384,3418559579004214599,data/crops/organized/organized_POLLINIS4384_S1_2f7129d3260e1d47.jpg,SUSPECT,0.0043618821799537326,"orientation ambiguë : 2e meilleur départ à 0.00436, proche du meilleur (0.00436, ratio 1.00)"
2f8f698c0a6ca92d,D264520b,3427073891643468077,data/crops/organized/organized_D264520b_S2_2f8f698c0a6ca92d.jpg,SUSPECT,0.0046880475709673445,"orientation ambiguë : 2e meilleur départ à 0.00469, proche du meilleur (0.00469, ratio 1.00)"
2f9a5cc010a5bc70,OPIE_Lapi_240620,3430156046178827376,data/crops/organized/organized_OPIE_Lapi_240620_P1_2f9a5cc010a5bc70.jpg,SUSPECT,0.004500586178449315,"orientation ambiguë : 2e meilleur départ à 0.00450, proche du meilleur (0.00450, ratio 1.00)"
2fc25e968d0cc2c9,15L2021-1743,3441417065969009353,data/crops/organized/organized_15L2021-1743_S2_2fc25e968d0cc2c9.jpg,SUSPECT,0.0043651115354332755,"orientation ambiguë : 2e meilleur départ à 0.00437, proche du meilleur (0.00437, ratio 1.00)"
2fd7fca1bb3848be,FR73ABOM130722067,3447501811336366270,data/crops/organized/organized_FR73ABOM130722067_S3_2fd7fca1bb3848be.jpg,SUSPECT,0.004387325705532049,"orientation ambiguë : 2e meilleur départ à 0.00439, proche du meilleur (0.00439, ratio 1.00)"
3006416d8c4e53a0,FR15ABOM210821143,3460525302441989024,data/crops/organized/organized_FR15ABOM210821143_P2_3006416d8c4e53a0.jpg,SUSPECT,0.004571820540666748,"orientation ambiguë : 2e meilleur départ à 0.00457, proche du meilleur (0.00457, ratio 1.00)"
30167346b354ca7b,VAN-2019.00783,3465083710801758843,data/crops/organized/organized_VAN-2019.00783_P1_30167346b354ca7b.jpg,SUSPECT,0.004629188153055582,"orientation ambiguë : 2e meilleur départ à 0.00463, proche du meilleur (0.00463, ratio 1.00)"
3019083862a86ee4,ABAURA8204,3465810426504703716,data/crops/organized/organized_ABAURA8204_S3_3019083862a86ee4.jpg,SUSPECT,0.004739229585095883,"orientation ambiguë : 2e meilleur départ à 0.00474, proche du meilleur (0.00474, ratio 1.00)"
303af0e2f7cbcfe6,FR15ABOM210821137,3475354920080363494,data/crops/organized/organized_FR15ABOM210821137_P1_303af0e2f7cbcfe6.jpg,SUSPECT,0.004691320429289446,"orientation ambiguë : 2e meilleur départ à 0.00469, proche du meilleur (0.00469, ratio 1.00)"
30527f43c2221f74,FR15ABOM210821147,3481985390907367284,data/crops/organized/organized_FR15ABOM210821147_S3_30527f43c2221f74.jpg,SUSPECT,0.004566247736184972,"orientation ambiguë : 2e meilleur départ à 0.00457, proche du meilleur (0.00457, ratio 1.00)"
305382597f735089,VAN-2019.00849,3482270257789489289,data/crops/organized/organized_VAN-2019.00849_S1_305382597f735089.jpg,SUSPECT,0.004454755884180474,"orientation ambiguë : 2e meilleur départ à 0.00445, proche du meilleur (0.00445, ratio 1.00)"
306786aa16836afd,CD387313,3487904501502012157,data/crops/organized/organized_CD387313_P1_306786aa16836afd.jpg,SUSPECT,0.004386948788957919,"orientation ambiguë : 2e meilleur départ à 0.00439, proche du meilleur (0.00439, ratio 1.00)"
307a106694369966,FR15ABOM150821068,3493122493738555750,data/crops/organized/organized_FR15ABOM150821068_P1_307a106694369966.jpg,SUSPECT,0.004518842805068451,"orientation ambiguë : 2e meilleur départ à 0.00452, proche du meilleur (0.00452, ratio 1.00)"
30a3625be4ef722a,NoName9,3504753081846821418,data/crops/organized/organized_NoName9_S1_30a3625be4ef722a.jpg,SUSPECT,0.004437792490804406,"orientation ambiguë : 2e meilleur départ à 0.00444, proche du meilleur (0.00444, ratio 1.00)"
30b19cdaa995b583,NoName6,3508758047660291459,data/crops/organized/organized_NoName6_P1_30b19cdaa995b583.jpg,SUSPECT,0.004644316473258342,"orientation ambiguë : 2e meilleur départ à 0.00464, proche du meilleur (0.00464, ratio 1.00)"
30c7f1b8a62a4a86,FR15ABOM210821048,3515043809550027398,data/crops/organized/organized_FR15ABOM210821048_P1_30c7f1b8a62a4a86.jpg,SUSPECT,0.004410896361736969,"orientation ambiguë : 2e meilleur départ à 0.00441, proche du meilleur (0.00441, ratio 1.00)"
30dfab87654edb98,FR15_ABOM180720048,3521722031635618712,data/crops/organized/organized_FR15_ABOM180720048_S1_30dfab87654edb98.jpg,SUSPECT,0.0043360516535547065,"orientation ambiguë : 2e meilleur départ à 0.00434, proche du meilleur (0.00434, ratio 1.00)"
30e010761b27f1a7,ABAURA8151,3521833008051515815,data/crops/organized/organized_ABAURA8151_P1_30e010761b27f1a7.jpg,SUSPECT,0.004727759654792213,"orientation ambiguë : 2e meilleur départ à 0.00473, proche du meilleur (0.00473, ratio 1.00)"
310e23d757814869,2020.03926,3534802165325449321,data/crops/organized/organized_2020.03926_S3_310e23d757814869.jpg,SUSPECT,0.00452274600306705,"orientation ambiguë : 2e meilleur départ à 0.00452, proche du meilleur (0.00452, ratio 1.00)"
313519ab1bcb59b3,FR15ABOM210821174,3545768504320547251,data/crops/organized/organized_FR15ABOM210821174_S1_313519ab1bcb59b3.jpg,SUSPECT,0.004475556061456681,"orientation ambiguë : 2e meilleur départ à 0.00448, proche du meilleur (0.00448, ratio 1.00)"
313bbf85bfd136d5,FR15ABOM220821070,3547639712654112469,data/crops/organized/organized_FR15ABOM220821070_S1_313bbf85bfd136d5.jpg,SUSPECT,0.004569012780529213,"orientation ambiguë : 2e meilleur départ à 0.00457, proche du meilleur (0.00457, ratio 1.00)"
3142fe10e6789e11,1036L,3549678804860968465,data/crops/organized/organized_1036L_S2_3142fe10e6789e11.jpg,SUSPECT,0.0058220002447484575,"orientation ambiguë : 2e meilleur départ à 0.00582, proche du meilleur (0.00582, ratio 1.00)"
315daf10f2f39811,ABAURA8240b,3557191768022947857,data/crops/organized/organized_ABAURA8240b_S2_315daf10f2f39811.jpg,SUSPECT,0.004590419480188278,"orientation ambiguë : 2e meilleur départ à 0.00459, proche du meilleur (0.00459, ratio 1.00)"
318197fb93316e4e,ABAURA8205c,3567299486616219214,data/crops/organized/organized_ABAURA8205c_S2_318197fb93316e4e.jpg,SUSPECT,0.004525101797721087,"orientation ambiguë : 2e meilleur départ à 0.00453, proche du meilleur (0.00453, ratio 1.00)"
31838c3575e2ce0e,FR15ABOM210821115,3567849491046518286,data/crops/organized/organized_FR15ABOM210821115_S1_31838c3575e2ce0e.jpg,SUSPECT,0.004391528351552999,"orientation ambiguë : 2e meilleur départ à 0.00439, proche du meilleur (0.00439, ratio 1.00)"
319aee4875c771e8,FR15ABOM170821030,3574431249252970984,data/crops/organized/organized_FR15ABOM170821030_S1_319aee4875c771e8.jpg,SUSPECT,0.004381326921947095,"orientation ambiguë : 2e meilleur départ à 0.00438, proche du meilleur (0.00438, ratio 1.00)"
31b1d2162364198e,2020.06348,3580874171261131150,data/crops/organized/organized_2020.06348_S3_31b1d2162364198e.jpg,SUSPECT,0.004391311975479566,"orientation ambiguë : 2e meilleur départ à 0.00439, proche du meilleur (0.00439, ratio 1.00)"
31c44cea4e5c0df1,15L2021-1748,3586075772514471409,data/crops/organized/organized_15L2021-1748_P1_31c44cea4e5c0df1.jpg,SUSPECT,0.00428089586733039,"orientation ambiguë : 2e meilleur départ à 0.00428, proche du meilleur (0.00428, ratio 1.00)"
31ce6ca328ac7e99,NoName15,3588925401078726297,data/crops/organized/organized_NoName15_S3_31ce6ca328ac7e99.jpg,SUSPECT,0.004358395011829507,"orientation ambiguë : 2e meilleur départ à 0.00436, proche du meilleur (0.00436, ratio 1.00)"
31dcd1d766bc1aad,ABAURA8205b,3592977325806590637,data/crops/organized/organized_ABAURA8205b_S3_31dcd1d766bc1aad.jpg,SUSPECT,0.004678040899344319,"orientation ambiguë : 2e meilleur départ à 0.00468, proche du meilleur (0.00468, ratio 1.00)"
31e54dffa524b66b,FR15ABOM220821070,3595365637907854955,data/crops/organized/organized_FR15ABOM220821070_S2_31e54dffa524b66b.jpg,SUSPECT,0.004545608313208939,"orientation ambiguë : 2e meilleur départ à 0.00455, proche du meilleur (0.00455, ratio 1.00)"
31f7dd919c69aa12,CollecYvan23,3600590044570167826,data/crops/organized/organized_CollecYvan23_S2_31f7dd919c69aa12.jpg,SUSPECT,0.004209337190723204,"orientation ambiguë : 2e meilleur départ à 0.00421, proche du meilleur (0.00421, ratio 1.00)"
31f9ebf86b75aa54,FR73ABOM200722034,3601168829246712404,data/crops/organized/organized_FR73ABOM200722034_P2_31f9ebf86b75aa54.jpg,SUSPECT,0.004430742546033424,"orientation ambiguë : 2e meilleur départ à 0.00443, proche du meilleur (0.00443, ratio 1.00)"
3234bd26eb184160,ABAURA5103,3617724375535993184,data/crops/organized/organized_ABAURA5103_P1_3234bd26eb184160.jpg,FAILED,inf,"17 landmarks, 18 attendus"
3235afe75b833893,FR15ABOM170821120,3617991283869694099,data/crops/organized/organized_FR15ABOM170821120_S1_3235afe75b833893.jpg,SUSPECT,0.00458240597781399,"orientation ambiguë : 2e meilleur départ à 0.00458, proche du meilleur (0.00458, ratio 1.00)"
3286d0230a008e77,OPIE_Lapi_110702,3640826197685866103,data/crops/organized/organized_OPIE_Lapi_110702_P2_3286d0230a008e77.jpg,SUSPECT,0.004763448312591121,"orientation ambiguë : 2e meilleur départ à 0.00476, proche du meilleur (0.00476, ratio 1.00)"
32bf361eda3810f5,ABAURA8228b,3656700928586158325,data/crops/organized/organized_ABAURA8228b_S2_32bf361eda3810f5.jpg,SUSPECT,0.0044436388028385974,"orientation ambiguë : 2e meilleur départ à 0.00444, proche du meilleur (0.00444, ratio 1.00)"
32cc8539249f39f8,ABAURA4902,3660447077619415544,data/crops/organized/organized_ABAURA4902_S1_32cc8539249f39f8.jpg,SUSPECT,0.004500616382129084,"orientation ambiguë : 2e meilleur départ à 0.00450, proche du meilleur (0.00450, ratio 1.00)"
331d119aa174ee81,1036L,3683119426090364545,data/crops/organized/organized_1036L_S1_331d119aa174ee81.jpg,SUSPECT,0.00573520561809507,"orientation ambiguë : 2e meilleur départ à 0.00574, proche du meilleur (0.00574, ratio 1.00)"
336121bac610f9ae,2020.06243,3702277454745893294,data/crops/organized/organized_2020.06243_P2_336121bac610f9ae.jpg,SUSPECT,0.004423231416600577,"orientation ambiguë : 2e meilleur départ à 0.00442, proche du meilleur (0.00442, ratio 1.00)"
3365ce32654c2b56,15L2021-1498,3703592984425278294,data/crops/organized/organized_15L2021-1498_P2_3365ce32654c2b56.jpg,SUSPECT,0.004343539608870241,"orientation ambiguë : 2e meilleur départ à 0.00434, proche du meilleur (0.00434, ratio 1.00)"
3374aedb47bbabd9,FR73ABOM140722015,3707780650057313241,data/crops/organized/organized_FR73ABOM140722015_S2_3374aedb47bbabd9.jpg,SUSPECT,0.004743721918972533,"orientation ambiguë : 2e meilleur départ à 0.00474, proche du meilleur (0.00474, ratio 1.00)"
337c0cbfdf9fd481,OPIE_Lapi_070820,3709854211276526721,data/crops/organized/organized_OPIE_Lapi_070820_P2_337c0cbfdf9fd481.jpg,SUSPECT,0.004310575083404207,"orientation ambiguë : 2e meilleur départ à 0.00431, proche du meilleur (0.00431, ratio 1.00)"
337c438186747838,FR73ABOM130722039,3709914416632068152,data/crops/organized/organized_FR73ABOM130722039_S2_337c438186747838.jpg,SUSPECT,0.00451452457154338,"orientation ambiguë : 2e meilleur départ à 0.00451, proche du meilleur (0.00451, ratio 1.00)"
338567b2272eaeb9,CollecYvan12,3712487482696052409,data/crops/organized/organized_CollecYvan12_S2_338567b2272eaeb9.jpg,SUSPECT,0.0047117182851883245,"orientation ambiguë : 2e meilleur départ à 0.00471, proche du meilleur (0.00471, ratio 1.00)"
33954f876ec491d1,N384,3716964510561767889,data/crops/organized/organized_N384_P3_33954f876ec491d1.jpg,SUSPECT,0.004508560051239125,"orientation ambiguë : 2e meilleur départ à 0.00451, proche du meilleur (0.00451, ratio 1.00)"
339a8bca4b05b9e6,ABAURA8885c,3718438143306086886,data/crops/organized/organized_ABAURA8885c_P2_339a8bca4b05b9e6.jpg,SUSPECT,0.004404882910082327,"orientation ambiguë : 2e meilleur départ à 0.00440, proche du meilleur (0.00440, ratio 1.00)"
33b27f0f17208f12,CD387770c,3725179544578068242,data/crops/organized/organized_CD387770c_S2_33b27f0f17208f12.jpg,SUSPECT,0.004605187305102893,"orientation ambiguë : 2e meilleur départ à 0.00461, proche du meilleur (0.00461, ratio 1.00)"
33d07c0da8f0271a,CD387324,3733620489200871194,data/crops/organized/organized_CD387324_S3_33d07c0da8f0271a.jpg,SUSPECT,0.004634996999977082,"orientation ambiguë : 2e meilleur départ à 0.00463, proche du meilleur (0.00463, ratio 1.00)"
33fafd899b1bd569,FR73ABOM200722028,3745584807566628201,data/crops/organized/organized_FR73ABOM200722028_S3_33fafd899b1bd569.jpg,SUSPECT,0.004657920964692381,"orientation ambiguë : 2e meilleur départ à 0.00466, proche du meilleur (0.00466, ratio 1.00)"
340691452a737acb,ABAURA8885,3748843466083498699,data/crops/organized/organized_ABAURA8885_S2_340691452a737acb.jpg,SUSPECT,0.004554285089600615,"orientation ambiguë : 2e meilleur départ à 0.00455, proche du meilleur (0.00455, ratio 1.00)"
3427a5211741f6c0,FR15ABOM200722026,3758153975606671040,data/crops/organized/organized_FR15ABOM200722026_P2_3427a5211741f6c0.jpg,SUSPECT,0.0041089841229308,"orientation ambiguë : 2e meilleur départ à 0.00411, proche du meilleur (0.00411, ratio 1.00)"
342f96386bc15f20,FR15_ABOM30072020040,3760389382947823392,data/crops/organized/organized_FR15_ABOM30072020040_P1_342f96386bc15f20.jpg,SUSPECT,0.004521084459977036,"orientation ambiguë : 2e meilleur départ à 0.00452, proche du meilleur (0.00452, ratio 1.00)"
3432b16f1147082f,FR73ABOM140722039,3761263729397139503,data/crops/organized/organized_FR73ABOM140722039_S1_3432b16f1147082f.jpg,SUSPECT,0.004496049475068312,"orientation ambiguë : 2e meilleur départ à 0.00450, proche du meilleur (0.00450, ratio 1.00)"
3436bf37f48bc9fa,POLLINIS4415,3762404785761536506,data/crops/organized/organized_POLLINIS4415_P1_3436bf37f48bc9fa.jpg,SUSPECT,0.0044019561120258385,"orientation ambiguë : 2e meilleur départ à 0.00440, proche du meilleur (0.00440, ratio 1.00)"
34485cea024cef70,FR05ABOM220722024,3767363248426119024,data/crops/organized/organized_FR05ABOM220722024_S1_34485cea024cef70.jpg,SUSPECT,0.004745526851185274,"orientation ambiguë : 2e meilleur départ à 0.00475, proche du meilleur (0.00475, ratio 1.00)"
3448a62b6ee92d53,ABAURA4923,3767443793769999699,data/crops/organized/organized_ABAURA4923_P2_3448a62b6ee92d53.jpg,SUSPECT,0.004557507039667809,"orientation ambiguë : 2e meilleur départ à 0.00456, proche du meilleur (0.00456, ratio 1.00)"
344c1a9b3c17b655,FR73ABOM120722118,3768416242232702549,data/crops/organized/organized_FR73ABOM120722118_S3_344c1a9b3c17b655.jpg,SUSPECT,0.004799275430895789,"orientation ambiguë : 2e meilleur départ à 0.00480, proche du meilleur (0.00480, ratio 1.00)"
34735cc6e8a0b9b6,FR15ABOM200821010,3779466521670105526,data/crops/organized/organized_FR15ABOM200821010_S1_34735cc6e8a0b9b6.jpg,SUSPECT,0.004418024937004447,"orientation ambiguë : 2e meilleur départ à 0.00442, proche du meilleur (0.00442, ratio 1.00)"
3481b40c0c48b893,2020.00449,3783503125806626963,data/crops/organized/organized_2020.00449_P2_3481b40c0c48b893.jpg,SUSPECT,0.004705511084481987,"orientation ambiguë : 2e meilleur départ à 0.00471, proche du meilleur (0.00471, ratio 1.00)"
34c435b81f6b6700,15L2021-1758,3802223050324928256,data/crops/organized/organized_15L2021-1758_S1_34c435b81f6b6700.jpg,SUSPECT,0.004630514339301998,"orientation ambiguë : 2e meilleur départ à 0.00463, proche du meilleur (0.00463, ratio 1.00)"
34c6c05404d124e2,2020.00377,3802938402451563746,data/crops/organized/organized_2020.00377_S2_34c6c05404d124e2.jpg,SUSPECT,0.004613097987729736,"orientation ambiguë : 2e meilleur départ à 0.00461, proche du meilleur (0.00461, ratio 1.00)"
34cac6b7d35a2323,FR15ABOM310520005,3804071328095019811,data/crops/organized/organized_FR15ABOM310520005_S2_34cac6b7d35a2323.jpg,SUSPECT,0.005733548246071246,"orientation ambiguë : 2e meilleur départ à 0.00573, proche du meilleur (0.00573, ratio 1.00)"
34ee6811d8016b73,FR73ABOM200722039,3814100360277093235,data/crops/organized/organized_FR73ABOM200722039_P2_34ee6811d8016b73.jpg,SUSPECT,0.00448799916875449,"orientation ambiguë : 2e meilleur départ à 0.00449, proche du meilleur (0.00449, ratio 1.00)"
35093e8796ab2e52,ABAURA8885e,3821654510869884498,data/crops/organized/organized_ABAURA8885e_S2_35093e8796ab2e52.jpg,SUSPECT,0.004670837584621569,"orientation ambiguë : 2e meilleur départ à 0.00467, proche du meilleur (0.00467, ratio 1.00)"
350f2659fefefc4b,FR15_ABOM170820009,3823316776632908875,data/crops/organized/organized_FR15_ABOM170820009_S2_350f2659fefefc4b.jpg,SUSPECT,0.004688872770552499,"orientation ambiguë : 2e meilleur départ à 0.00469, proche du meilleur (0.00469, ratio 1.00)"
355928ca1e2afdf1,CollecYvan23,3844148605492067825,data/crops/organized/organized_CollecYvan23_S3_355928ca1e2afdf1.jpg,SUSPECT,0.004246863588916657,"orientation ambiguë : 2e meilleur départ à 0.00425, proche du meilleur (0.00425, ratio 1.00)"
355f0ee43959de87,CD388865d,3845808980175216263,data/crops/organized/organized_CD388865d_P2_355f0ee43959de87.jpg,SUSPECT,0.004570526618520141,"orientation ambiguë : 2e meilleur départ à 0.00457, proche du meilleur (0.00457, ratio 1.00)"
356b569547f8a116,2019.02184,3849265505675813142,data/crops/organized/organized_2019.02184_S2_356b569547f8a116.jpg,SUSPECT,0.004575497018057507,"orientation ambiguë : 2e meilleur départ à 0.00458, proche du meilleur (0.00458, ratio 1.00)"
35afced9974e5e23,FR15ABOM170821009,3868538038876266019,data/crops/organized/organized_FR15ABOM170821009_S3_35afced9974e5e23.jpg,SUSPECT,0.004352759092273792,"orientation ambiguë : 2e meilleur départ à 0.00435, proche du meilleur (0.00435, ratio 1.00)"
35c7bb2d9ce5889d,FR04ABOM220722092,3875271808955811997,data/crops/organized/organized_FR04ABOM220722092_P2_35c7bb2d9ce5889d.jpg,SUSPECT,0.004620402198110284,"orientation ambiguë : 2e meilleur départ à 0.00462, proche du meilleur (0.00462, ratio 1.00)"
35d1f8a264cf0bc6,N385,3878154130502388678,data/crops/organized/organized_N385_P1_35d1f8a264cf0bc6.jpg,SUSPECT,0.004353172242702204,"orientation ambiguë : 2e meilleur départ à 0.00435, proche du meilleur (0.00435, ratio 1.00)"
35d67d5edbe5e7f7,CD388821d,3879425975395936247,data/crops/organized/organized_CD388821d_S1_35d67d5edbe5e7f7.jpg,SUSPECT,0.00463233102803948,"orientation ambiguë : 2e meilleur départ à 0.00463, proche du meilleur (0.00463, ratio 1.00)"
361f2cbe31591399,FR04ABOM220722047,3899884997709468569,data/crops/organized/organized_FR04ABOM220722047_S3_361f2cbe31591399.jpg,SUSPECT,0.004446562309336288,"orientation ambiguë : 2e meilleur départ à 0.00445, proche du meilleur (0.00445, ratio 1.00)"
36326f7fe63e79b0,FR73ABOM130722039,3905306421998025136,data/crops/organized/organized_FR73ABOM130722039_S3_36326f7fe63e79b0.jpg,SUSPECT,0.004462225931124547,"orientation ambiguë : 2e meilleur départ à 0.00446, proche du meilleur (0.00446, ratio 1.00)"
3641c24e2b5aacc2,VAN-2019.00785,3909619592524901570,data/crops/organized/organized_VAN-2019.00785_S1_3641c24e2b5aacc2.jpg,SUSPECT,0.005959519118531601,"orientation ambiguë : 2e meilleur départ à 0.00596, proche du meilleur (0.00596, ratio 1.00)"
364aa8658311ec46,2020.00294,3912124380268850246,data/crops/organized/organized_2020.00294_P1_364aa8658311ec46.jpg,SUSPECT,0.004806617570817257,"orientation ambiguë : 2e meilleur départ à 0.00481, proche du meilleur (0.00481, ratio 1.00)"
365c4433cf295197,ABAURA8239d,3917080765215101335,data/crops/organized/organized_ABAURA8239d_S2_365c4433cf295197.jpg,SUSPECT,0.004483815655124378,"orientation ambiguë : 2e meilleur départ à 0.00448, proche du meilleur (0.00448, ratio 1.00)"
367baa0dd7fc371c,OPIE_Lapi_230620b,3925918476618446620,data/crops/organized/organized_OPIE_Lapi_230620b_P2_367baa0dd7fc371c.jpg,SUSPECT,0.004583084079023801,"orientation ambiguë : 2e meilleur départ à 0.00458, proche du meilleur (0.00458, ratio 1.00)"
367dabadcbf0548c,CollecYvan6,3926483213076157580,data/crops/organized/organized_CollecYvan6_P1_367dabadcbf0548c.jpg,SUSPECT,0.004640827149405678,"orientation ambiguë : 2e meilleur départ à 0.00464, proche du meilleur (0.00464, ratio 1.00)"
368a21c0ec25d60e,ABAURA8606,3929990737313519118,data/crops/organized/organized_ABAURA8606_P2_368a21c0ec25d60e.jpg,SUSPECT,0.004297996822908313,"orientation ambiguë : 2e meilleur départ à 0.00430, proche du meilleur (0.00430, ratio 1.00)"
372587f456cdf826,CD387577b,3973731729722439718,data/crops/organized/organized_CD387577b_S3_372587f456cdf826.jpg,SUSPECT,0.004572269484086438,"orientation ambiguë : 2e meilleur départ à 0.00457, proche du meilleur (0.00457, ratio 1.00)"
373971fe46fb3cdd,FR15_ABOM180720054,3979337082685045981,data/crops/organized/organized_FR15_ABOM180720054_P1_373971fe46fb3cdd.jpg,SUSPECT,0.004400088550231181,"orientation ambiguë : 2e meilleur départ à 0.00440, proche du meilleur (0.00440, ratio 1.00)"
37629cdfbcb8d1c6,FR15AB100518002,3990924704561549766,data/crops/organized/organized_FR15AB100518002_S2_37629cdfbcb8d1c6.jpg,SUSPECT,0.004526318809647155,"orientation ambiguë : 2e meilleur départ à 0.00453, proche du meilleur (0.00453, ratio 1.00)"
376d74c2ab1a0a98,ABAURA8150c,3993976823990586008,data/crops/organized/organized_ABAURA8150c_P1_376d74c2ab1a0a98.jpg,SUSPECT,0.004692965308458859,"orientation ambiguë : 2e meilleur départ à 0.00469, proche du meilleur (0.00469, ratio 1.00)"
377068d4fcea0820,OPIE_Lapi_A1b,3994808133463181344,data/crops/organized/organized_OPIE_Lapi_A1b_S3_377068d4fcea0820.jpg,SUSPECT,0.004402884911047437,"orientation ambiguë : 2e meilleur départ à 0.00440, proche du meilleur (0.00440, ratio 1.00)"
37870bd94f422cd0,FR15ABOM170821030b,4001179821907520720,data/crops/organized/organized_FR15ABOM170821030b_P2_37870bd94f422cd0.jpg,SUSPECT,0.0043390556720128955,"orientation ambiguë : 2e meilleur départ à 0.00434, proche du meilleur (0.00434, ratio 1.00)"
3791c40a932d2828,CD388230b,4004197093407008808,data/crops/organized/organized_CD388230b_S2_3791c40a932d2828.jpg,SUSPECT,0.004596481256378108,"orientation ambiguë : 2e meilleur départ à 0.00460, proche du meilleur (0.00460, ratio 1.00)"
37a7207027a8adec,FR73ABOM130722040,4010209659270508012,data/crops/organized/organized_FR73ABOM130722040_P1_37a7207027a8adec.jpg,SUSPECT,0.004356098469397274,"orientation ambiguë : 2e meilleur départ à 0.00436, proche du meilleur (0.00436, ratio 1.00)"
37a7ced7cb3dafa8,FR15_ABOM180720053,4010401419419824040,data/crops/organized/organized_FR15_ABOM180720053_P2_37a7ced7cb3dafa8.jpg,SUSPECT,0.004420708576338548,"orientation ambiguë : 2e meilleur départ à 0.00442, proche du meilleur (0.00442, ratio 1.00)"
37b8f42fba027f8d,CD388821d,4015227553622163341,data/crops/organized/organized_CD388821d_P2_37b8f42fba027f8d.jpg,SUSPECT,0.004597179250341907,"orientation ambiguë : 2e meilleur départ à 0.00460, proche du meilleur (0.00460, ratio 1.00)"
37e29b5a8c659b7a,ABAURA8764,4026951830027475834,data/crops/organized/organized_ABAURA8764_P1_37e29b5a8c659b7a.jpg,SUSPECT,0.004595506728678024,"orientation ambiguë : 2e meilleur départ à 0.00460, proche du meilleur (0.00460, ratio 1.00)"
37ee446840885305,VAN-2019.00787,4030233931093136133,data/crops/organized/organized_VAN-2019.00787_P3_37ee446840885305.jpg,SUSPECT,0.004847854552878813,"orientation ambiguë : 2e meilleur départ à 0.00485, proche du meilleur (0.00485, ratio 1.00)"
37f25782d92f7582,ABAURA8208b,4031380835951146370,data/crops/organized/organized_ABAURA8208b_S2_37f25782d92f7582.jpg,SUSPECT,0.004715941525886118,"orientation ambiguë : 2e meilleur départ à 0.00472, proche du meilleur (0.00472, ratio 1.00)"
37fdff919efe40a6,FR15ABOM220821055,4034661842096636070,data/crops/organized/organized_FR15ABOM220821055_S1_37fdff919efe40a6.jpg,SUSPECT,0.004388485520157149,"orientation ambiguë : 2e meilleur départ à 0.00439, proche du meilleur (0.00439, ratio 1.00)"
37ff9e26700cb395,FR73ABOM200722031,4035117679073080213,data/crops/organized/organized_FR73ABOM200722031_P1_37ff9e26700cb395.jpg,SUSPECT,0.00438960868716489,"orientation ambiguë : 2e meilleur départ à 0.00439, proche du meilleur (0.00439, ratio 1.00)"
381eee30d99c794f,FR15ABOM220821084,4043931409002035535,data/crops/organized/organized_FR15ABOM220821084_P2_381eee30d99c794f.jpg,SUSPECT,0.004719629772982178,"orientation ambiguë : 2e meilleur départ à 0.00472, proche du meilleur (0.00472, ratio 1.00)"
383d659d9be84013,FR15ABOM200821014,4052506967303274515,data/crops/organized/organized_FR15ABOM200821014_S1_383d659d9be84013.jpg,SUSPECT,0.004359663198934847,"orientation ambiguë : 2e meilleur départ à 0.00436, proche du meilleur (0.00436, ratio 1.00)"
3850b3983bf0a0bb,FR73ABOM120722072,4057940730682843323,data/crops/organized/organized_FR73ABOM120722072_S1_3850b3983bf0a0bb.jpg,SUSPECT,0.004544941706866203,"orientation ambiguë : 2e meilleur départ à 0.00454, proche du meilleur (0.00454, ratio 1.00)"
3852bf65dcb25c4c,OPIE_Lapi_130720c,4058516658429516876,data/crops/organized/organized_OPIE_Lapi_130720c_P2_3852bf65dcb25c4c.jpg,SUSPECT,0.004673038627185465,"orientation ambiguë : 2e meilleur départ à 0.00467, proche du meilleur (0.00467, ratio 1.00)"
3878ef593c93bb55,CD387770b,4069265429876685653,data/crops/organized/organized_CD387770b_S2_3878ef593c93bb55.jpg,SUSPECT,0.004553706806173793,"orientation ambiguë : 2e meilleur départ à 0.00455, proche du meilleur (0.00455, ratio 1.00)"
3881256a26afaf2d,ABAURA8599,4071576675965447981,data/crops/organized/organized_ABAURA8599_S3_3881256a26afaf2d.jpg,SUSPECT,0.004250985584458264,"orientation ambiguë : 2e meilleur départ à 0.00425, proche du meilleur (0.00425, ratio 1.00)"
389604ce08463a97,OPIE_Lapi_D1,4077451795579157143,data/crops/organized/organized_OPIE_Lapi_D1_P1_389604ce08463a97.jpg,SUSPECT,0.00450669789929469,"orientation ambiguë : 2e meilleur départ à 0.00451, proche du meilleur (0.00451, ratio 1.00)"
38b30ef0e89a3769,RuppSupp1,4085625714812532585,data/crops/organized/organized_RuppSupp1_S2_38b30ef0e89a3769.jpg,SUSPECT,0.004730591060002785,"orientation ambiguë : 2e meilleur départ à 0.00473, proche du meilleur (0.00473, ratio 1.00)"
38be499e890a9dc2,VAN-2019.00849,4088786456951823810,data/crops/organized/organized_VAN-2019.00849_S2_38be499e890a9dc2.jpg,SUSPECT,0.004492945952769373,"orientation ambiguë : 2e meilleur départ à 0.00449, proche du meilleur (0.00449, ratio 1.00)"
38bf4623827243f6,FR15_ABOM090820071,4089064105002025974,data/crops/organized/organized_FR15_ABOM090820071_S3_38bf4623827243f6.jpg,SUSPECT,0.004491060164448546,"orientation ambiguë : 2e meilleur départ à 0.00449, proche du meilleur (0.00449, ratio 1.00)"
38dc06c6e5183ecf,FR73ABOM130722030,4097157212317171407,data/crops/organized/organized_FR73ABOM130722030_S1_38dc06c6e5183ecf.jpg,SUSPECT,0.004350650479643747,"orientation ambiguë : 2e meilleur départ à 0.00435, proche du meilleur (0.00435, ratio 1.00)"
39134143cf21dd58,POLLINIS4402,4112702644213112152,data/crops/organized/organized_POLLINIS4402_S2_39134143cf21dd58.jpg,SUSPECT,0.004435470525049666,"orientation ambiguë : 2e meilleur départ à 0.00444, proche du meilleur (0.00444, ratio 1.00)"
39241296af08b894,CD388408,4117436397714454676,data/crops/organized/organized_CD388408_P1_39241296af08b894.jpg,SUSPECT,0.004581681593139298,"orientation ambiguë : 2e meilleur départ à 0.00458, proche du meilleur (0.00458, ratio 1.00)"
393285403c116954,CollecYvan15,4121503119929600340,data/crops/organized/organized_CollecYvan15_P2_393285403c116954.jpg,SUSPECT,0.004533131828078788,"orientation ambiguë : 2e meilleur départ à 0.00453, proche du meilleur (0.00453, ratio 1.00)"
393628d7e190f37d,FR73ABOM150722001,4122527416571720573,data/crops/organized/organized_FR73ABOM150722001_P1_393628d7e190f37d.jpg,SUSPECT,0.004374035720462975,"orientation ambiguë : 2e meilleur départ à 0.00437, proche du meilleur (0.00437, ratio 1.00)"
3938b4b459330388,FR15ABOM210821100,4123244145541317512,data/crops/organized/organized_FR15ABOM210821100_S1_3938b4b459330388.jpg,SUSPECT,0.004346720150040759,"orientation ambiguë : 2e meilleur départ à 0.00435, proche du meilleur (0.00435, ratio 1.00)"
393bad81e376640a,ABAURA8240d,4124080657166394378,data/crops/organized/organized_ABAURA8240d_S1_393bad81e376640a.jpg,SUSPECT,0.004591519903392958,"orientation ambiguë : 2e meilleur départ à 0.00459, proche du meilleur (0.00459, ratio 1.00)"
394c17e21b07b53b,N407,4128701218275439931,data/crops/organized/organized_N407_P3_394c17e21b07b53b.jpg,SUSPECT,0.004420326586273046,"orientation ambiguë : 2e meilleur départ à 0.00442, proche du meilleur (0.00442, ratio 1.00)"
39646cd3599004f2,FR73ABOM120722002,4135550012829467890,data/crops/organized/organized_FR73ABOM120722002_S2_39646cd3599004f2.jpg,SUSPECT,0.004799037763987399,"orientation ambiguë : 2e meilleur départ à 0.00480, proche du meilleur (0.00480, ratio 1.00)"
398a11481ac74ce6,ABAURA8240b,4146145408332549350,data/crops/organized/organized_ABAURA8240b_S1_398a11481ac74ce6.jpg,SUSPECT,0.004616214437211276,"orientation ambiguë : 2e meilleur départ à 0.00462, proche du meilleur (0.00462, ratio 1.00)"
398b45df2cc9ca09,FR15ABOM220821068,4146484706756119049,data/crops/organized/organized_FR15ABOM220821068_S3_398b45df2cc9ca09.jpg,SUSPECT,0.0048027314633155415,"orientation ambiguë : 2e meilleur départ à 0.00480, proche du meilleur (0.00480, ratio 1.00)"
398c3f8d79ae7e27,ABAURA8150c,4146759233765801511,data/crops/organized/organized_ABAURA8150c_P2_398c3f8d79ae7e27.jpg,SUSPECT,0.004740827754354879,"orientation ambiguë : 2e meilleur départ à 0.00474, proche du meilleur (0.00474, ratio 1.00)"
39a59621c80ecb95,CD388865c,4153891303153650581,data/crops/organized/organized_CD388865c_S3_39a59621c80ecb95.jpg,SUSPECT,0.004467013043199176,"orientation ambiguë : 2e meilleur départ à 0.00447, proche du meilleur (0.00447, ratio 1.00)"
39b918043d502132,FR04ABOM220722050,4159382137340961074,data/crops/organized/organized_FR04ABOM220722050_S3_39b918043d502132.jpg,SUSPECT,0.0047011935480528394,"orientation ambiguë : 2e meilleur départ à 0.00470, proche du meilleur (0.00470, ratio 1.00)"
39bc4835552ed1b7,ABAURA8240,4160279549683093943,data/crops/organized/organized_ABAURA8240_P2_39bc4835552ed1b7.jpg,SUSPECT,0.004756451072197265,"orientation ambiguë : 2e meilleur départ à 0.00476, proche du meilleur (0.00476, ratio 1.00)"
39dfce720c76e6b6,OPIE_Lapi_100803,4170278769199081142,data/crops/organized/organized_OPIE_Lapi_100803_S1_39dfce720c76e6b6.jpg,SUSPECT,0.004411976032818175,"orientation ambiguë : 2e meilleur départ à 0.00441, proche du meilleur (0.00441, ratio 1.00)"
39fd5a9f0a69f73d,FR73ABOM200722018,4178595668390704957,data/crops/organized/organized_FR73ABOM200722018_S2_39fd5a9f0a69f73d.jpg,SUSPECT,0.004612406289376492,"orientation ambiguë : 2e meilleur départ à 0.00461, proche du meilleur (0.00461, ratio 1.00)"
3a00cdf49c9017d1,NoName12,4179566904682223569,data/crops/organized/organized_NoName12_P2_3a00cdf49c9017d1.jpg,SUSPECT,0.0045220198171601715,"orientation ambiguë : 2e meilleur départ à 0.00452, proche du meilleur (0.00452, ratio 1.00)"
3a0f63486c7c973d,FR73ABOM200722018,4183671741559379773,data/crops/organized/organized_FR73ABOM200722018_P2_3a0f63486c7c973d.jpg,SUSPECT,0.004579116541422749,"orientation ambiguë : 2e meilleur départ à 0.00458, proche du meilleur (0.00458, ratio 1.00)"
3a47900412ad5584,OPIE_Lapi_100803,4199483524713895300,data/crops/organized/organized_OPIE_Lapi_100803_S2_3a47900412ad5584.jpg,SUSPECT,0.004441159902028677,"orientation ambiguë : 2e meilleur départ à 0.00444, proche du meilleur (0.00444, ratio 1.00)"
3a4eaabfc44ec3ca,OPIE_Lapi_H1,4201483242992223178,data/crops/organized/organized_OPIE_Lapi_H1_P2_3a4eaabfc44ec3ca.jpg,SUSPECT,0.0041282072174878125,"orientation ambiguë : 2e meilleur départ à 0.00413, proche du meilleur (0.00413, ratio 1.00)"
3a4fd69a39ac96f4,NoName4,4201812935240881908,data/crops/organized/organized_NoName4_P2_3a4fd69a39ac96f4.jpg,SUSPECT,0.0045020316320897175,"orientation ambiguë : 2e meilleur départ à 0.00450, proche du meilleur (0.00450, ratio 1.00)"
3a5c5f472c91272a,FR73ABOM130722020,4205340911352227626,data/crops/organized/organized_FR73ABOM130722020_S2_3a5c5f472c91272a.jpg,SUSPECT,0.004608757661803055,"orientation ambiguë : 2e meilleur départ à 0.00461, proche du meilleur (0.00461, ratio 1.00)"
3aa975baf97fec26,FR15ABOM200821215,4227039171174198310,data/crops/organized/organized_FR15ABOM200821215_S1_3aa975baf97fec26.jpg,SUSPECT,0.004270396825904171,"orientation ambiguë : 2e meilleur départ à 0.00427, proche du meilleur (0.00427, ratio 1.00)"
3ac35088356e4976,FR73ABOM130722027,4234316620600592758,data/crops/organized/organized_FR73ABOM130722027_P2_3ac35088356e4976.jpg,SUSPECT,0.004548689964207539,"orientation ambiguë : 2e meilleur départ à 0.00455, proche du meilleur (0.00455, ratio 1.00)"
3ad8eb3689988e30,CD388862b,4240397668638559792,data/crops/organized/organized_CD388862b_S2_3ad8eb3689988e30.jpg,SUSPECT,0.004582984441976198,"orientation ambiguë : 2e meilleur départ à 0.00458, proche du meilleur (0.00458, ratio 1.00)"
3b20b16844dcba6f,FR15ABOM170821115,4260600308882520687,data/crops/organized/organized_FR15ABOM170821115_S3_3b20b16844dcba6f.jpg,SUSPECT,0.004558193881634114,"orientation ambiguë : 2e meilleur départ à 0.00456, proche du meilleur (0.00456, ratio 1.00)"
3b3377466a1c966b,CD388018e,4265884416361666155,data/crops/organized/organized_CD388018e_S3_3b3377466a1c966b.jpg,SUSPECT,0.004556755915573772,"orientation ambiguë : 2e meilleur départ à 0.00456, proche du meilleur (0.00456, ratio 1.00)"
3b44a189b6b27437,ABAURA5103,4270715959501812791,data/crops/organized/organized_ABAURA5103_S1_3b44a189b6b27437.jpg,SUSPECT,0.0047265628432708396,"orientation ambiguë : 2e meilleur départ à 0.00473, proche du meilleur (0.00473, ratio 1.00)"
3b46c375663c4500,N628,4271316205601309952,data/crops/organized/organized_N628_P1_3b46c375663c4500.jpg,SUSPECT,0.004458716297012253,"orientation ambiguë : 2e meilleur départ à 0.00446, proche du meilleur (0.00446, ratio 1.00)"
3b50178f9b92dacc,NoName5,4273941951932455628,data/crops/organized/organized_NoName5_P2_3b50178f9b92dacc.jpg,SUSPECT,0.004371675027117849,"orientation ambiguë : 2e meilleur départ à 0.00437, proche du meilleur (0.00437, ratio 1.00)"
3b620699e7403430,15L2021-1732,4278989854034900016,data/crops/organized/organized_15L2021-1732_S2_3b620699e7403430.jpg,SUSPECT,0.0043899817274773096,"orientation ambiguë : 2e meilleur départ à 0.00439, proche du meilleur (0.00439, ratio 1.00)"
3b9b4b55a1fad9b1,FR15ABOM210821139,4295109500789774769,data/crops/organized/organized_FR15ABOM210821139_S2_3b9b4b55a1fad9b1.jpg,SUSPECT,0.0046771656472001915,"orientation ambiguë : 2e meilleur départ à 0.00468, proche du meilleur (0.00468, ratio 1.00)"
3ba7147fc5ed50dd,ABAURA7781b,4298426908362494173,data/crops/organized/organized_ABAURA7781b_S2_3ba7147fc5ed50dd.jpg,SUSPECT,0.004739593304064239,"orientation ambiguë : 2e meilleur départ à 0.00474, proche du meilleur (0.00474, ratio 1.00)"
3bafe5bf0d302bcd,CD388018,4300908777884888013,data/crops/organized/organized_CD388018_S3_3bafe5bf0d302bcd.jpg,SUSPECT,0.004503200205705184,"orientation ambiguë : 2e meilleur départ à 0.00450, proche du meilleur (0.00450, ratio 1.00)"
3bd3f0b1a8b7f1a5,FR15_ABOM25082020007,4311053914154201509,data/crops/organized/organized_FR15_ABOM25082020007_S2_3bd3f0b1a8b7f1a5.jpg,SUSPECT,0.0045334338589822845,"orientation ambiguë : 2e meilleur départ à 0.00453, proche du meilleur (0.00453, ratio 1.00)"
3bd488379cb105f3,ABB-2020.00032,4311220515733833203,data/crops/organized/organized_ABB-2020.00032_S1_3bd488379cb105f3.jpg,SUSPECT,0.004260113359209129,"orientation ambiguë : 2e meilleur départ à 0.00426, proche du meilleur (0.00426, ratio 1.00)"
3c228409f68a5305,2020.00301,4333170969809670917,data/crops/organized/organized_2020.00301_P1_3c228409f68a5305.jpg,SUSPECT,0.004530992385367395,"orientation ambiguë : 2e meilleur départ à 0.00453, proche du meilleur (0.00453, ratio 1.00)"
3c35efdc7d4ccce8,2019.01788,4338637546315369704,data/crops/organized/organized_2019.01788_S2_3c35efdc7d4ccce8.jpg,SUSPECT,0.004545632580749567,"orientation ambiguë : 2e meilleur départ à 0.00455, proche du meilleur (0.00455, ratio 1.00)"
3c3c238bb93a67ed,FR15ABOM100721047,4340383223893354477,data/crops/organized/organized_FR15ABOM100721047_S2_3c3c238bb93a67ed.jpg,SUSPECT,0.004573106678823523,"orientation ambiguë : 2e meilleur départ à 0.00457, proche du meilleur (0.00457, ratio 1.00)"
3c45f777c4dbdfc3,ABAURA8207,4343149509444624323,data/crops/organized/organized_ABAURA8207_S2_3c45f777c4dbdfc3.jpg,SUSPECT,0.004564010122644948,"orientation ambiguë : 2e meilleur départ à 0.00456, proche du meilleur (0.00456, ratio 1.00)"
3c5ddef31724ccea,CD388862b,4349877950756474090,data/crops/organized/organized_CD388862b_S3_3c5ddef31724ccea.jpg,SUSPECT,0.00452878710757398,"orientation ambiguë : 2e meilleur départ à 0.00453, proche du meilleur (0.00453, ratio 1.00)"
3c703df441da0d51,FR15ABOM210821125,4355048958953393489,data/crops/organized/organized_FR15ABOM210821125_P2_3c703df441da0d51.jpg,SUSPECT,0.0046483577585623844,"orientation ambiguë : 2e meilleur départ à 0.00465, proche du meilleur (0.00465, ratio 1.00)"
3d01adc04410b1f4,FR15_ABOM170820009,4395985752577585652,data/crops/organized/organized_FR15_ABOM170820009_S1_3d01adc04410b1f4.jpg,SUSPECT,0.004687234035094975,"orientation ambiguë : 2e meilleur départ à 0.00469, proche du meilleur (0.00469, ratio 1.00)"
3d0f7499e948c0a1,CollecYvan9,4399863565356941473,data/crops/organized/organized_CollecYvan9_P2_3d0f7499e948c0a1.jpg,SUSPECT,0.004699420336045775,"orientation ambiguë : 2e meilleur départ à 0.00470, proche du meilleur (0.00470, ratio 1.00)"
3d168d4300207055,ABAURA5591,4401861004705689685,data/crops/organized/organized_ABAURA5591_S3_3d168d4300207055.jpg,SUSPECT,0.004467225781790603,"orientation ambiguë : 2e meilleur départ à 0.00447, proche du meilleur (0.00447, ratio 1.00)"
3d1dc6a9224ba360,FR15ABOM210821137,4403894440365368160,data/crops/organized/organized_FR15ABOM210821137_S3_3d1dc6a9224ba360.jpg,SUSPECT,0.00466094972509971,"orientation ambiguë : 2e meilleur départ à 0.00466, proche du meilleur (0.00466, ratio 1.00)"
3d2590564fa5b05b,CollecYvan22,4406086510829744219,data/crops/organized/organized_CollecYvan22_S2_3d2590564fa5b05b.jpg,SUSPECT,0.0044490547032055485,"orientation ambiguë : 2e meilleur départ à 0.00445, proche du meilleur (0.00445, ratio 1.00)"
3d528397b9404958,FR15_AB210818002,4418738872075176280,data/crops/organized/organized_FR15_AB210818002_S3_3d528397b9404958.jpg,SUSPECT,0.004351329411256619,"orientation ambiguë : 2e meilleur départ à 0.00435, proche du meilleur (0.00435, ratio 1.00)"
3d59b0c95e006cfa,CD388003,4420758888152853754,data/crops/organized/organized_CD388003_P1_3d59b0c95e006cfa.jpg,SUSPECT,0.004311285669452113,"orientation ambiguë : 2e meilleur départ à 0.00431, proche du meilleur (0.00431, ratio 1.00)"
3d87b2c95195b08b,FR15ABOM310520005,4433708935896477835,data/crops/organized/organized_FR15ABOM310520005_P2_3d87b2c95195b08b.jpg,FAILED,inf,"9 landmarks, 18 attendus"
3d90bc3a61eb886b,FR73ABOM140722001,4436252591896889451,data/crops/organized/organized_FR73ABOM140722001_S1_3d90bc3a61eb886b.jpg,SUSPECT,0.004405342822701804,"orientation ambiguë : 2e meilleur départ à 0.00441, proche du meilleur (0.00441, ratio 1.00)"
3d9db6d74889a4bf,CollecYvan4,4439905843408381119,data/crops/organized/organized_CollecYvan4_P1_3d9db6d74889a4bf.jpg,SUSPECT,0.0046491664393490985,"orientation ambiguë : 2e meilleur départ à 0.00465, proche du meilleur (0.00465, ratio 1.00)"
3daaa43787e7cc64,15L2021-1499,4443544540764687460,data/crops/organized/organized_15L2021-1499_S1_3daaa43787e7cc64.jpg,SUSPECT,0.004665850097574514,"orientation ambiguë : 2e meilleur départ à 0.00467, proche du meilleur (0.00467, ratio 1.00)"
3dbe292c8219d455,FR15ABOM060621003,4449038753026659413,data/crops/organized/organized_FR15ABOM060621003_S2_3dbe292c8219d455.jpg,SUSPECT,0.0048953964199879765,"orientation ambiguë : 2e meilleur départ à 0.00490, proche du meilleur (0.00490, ratio 1.00)"
3de239da37fbc588,POLLINIS4402,4459190190455113096,data/crops/organized/organized_POLLINIS4402_S3_3de239da37fbc588.jpg,SUSPECT,0.0045009841310330945,"orientation ambiguë : 2e meilleur départ à 0.00450, proche du meilleur (0.00450, ratio 1.00)"
3dee7dcf0bf5b89f,OPIE_Lapi_260620,4462642608983095455,data/crops/organized/organized_OPIE_Lapi_260620_P1_3dee7dcf0bf5b89f.jpg,SUSPECT,0.004520200683560733,"orientation ambiguë : 2e meilleur départ à 0.00452, proche du meilleur (0.00452, ratio 1.00)"
3dfdef470851b40f,FR73ABOM120722025,4466989493782688783,data/crops/organized/organized_FR73ABOM120722025_P1_3dfdef470851b40f.jpg,SUSPECT,0.004565904789566653,"orientation ambiguë : 2e meilleur départ à 0.00457, proche du meilleur (0.00457, ratio 1.00)"
3e34b1a5f8c44921,VAN-2019.00785,4482402855541819681,data/crops/organized/organized_VAN-2019.00785_P1_3e34b1a5f8c44921.jpg,SUSPECT,0.004423388993033825,"orientation ambiguë : 2e meilleur départ à 0.00442, proche du meilleur (0.00442, ratio 1.00)"
3e80b5d9958bf956,UBC-2014.0001,4503799573492005206,data/crops/organized/organized_UBC-2014.0001_S3_3e80b5d9958bf956.jpg,SUSPECT,0.004442529763998764,"orientation ambiguë : 2e meilleur départ à 0.00444, proche du meilleur (0.00444, ratio 1.00)"
3ecd30556216abc6,OPIE_Lapi_200703,4525326343853222854,data/crops/organized/organized_OPIE_Lapi_200703_S1_3ecd30556216abc6.jpg,SUSPECT,0.0043641398671591235,"orientation ambiguë : 2e meilleur départ à 0.00436, proche du meilleur (0.00436, ratio 1.00)"
3f09a8f1720746dc,ABAURA8607,4542347454133520092,data/crops/organized/organized_ABAURA8607_S2_3f09a8f1720746dc.jpg,SUSPECT,0.004533818753190875,"orientation ambiguë : 2e meilleur départ à 0.00453, proche du meilleur (0.00453, ratio 1.00)"
3f0fa80729192124,N407,4544035297747869988,data/crops/organized/organized_N407_P1_3f0fa80729192124.jpg,SUSPECT,0.004534036465195647,"orientation ambiguë : 2e meilleur départ à 0.00453, proche du meilleur (0.00453, ratio 1.00)"
3f45e2e3443f5208,ATBI_GR5b,4559299663512949256,data/crops/organized/organized_ATBI_GR5b_P2_3f45e2e3443f5208.jpg,SUSPECT,0.00449361515509235,"orientation ambiguë : 2e meilleur départ à 0.00449, proche du meilleur (0.00449, ratio 1.00)"
3f5d365ff8f649dc,ABAURA8150d,4565865383050234332,data/crops/organized/organized_ABAURA8150d_S1_3f5d365ff8f649dc.jpg,SUSPECT,0.004375277717877548,"orientation ambiguë : 2e meilleur départ à 0.00438, proche du meilleur (0.00438, ratio 1.00)"
3f61dc6a4133784f,FR15ABOM210821125,4567173846048929871,data/crops/organized/organized_FR15ABOM210821125_S1_3f61dc6a4133784f.jpg,SUSPECT,0.004586653179748854,"orientation ambiguë : 2e meilleur départ à 0.00459, proche du meilleur (0.00459, ratio 1.00)"
3f8be6548c4dc338,FR73ABOM120722090,4579006696957788984,data/crops/organized/organized_FR73ABOM120722090_P1_3f8be6548c4dc338.jpg,SUSPECT,0.004615494762484678,"orientation ambiguë : 2e meilleur départ à 0.00462, proche du meilleur (0.00462, ratio 1.00)"
3f92fcf1c5ac5d52,N407,4581001886322941266,data/crops/organized/organized_N407_S1_3f92fcf1c5ac5d52.jpg,SUSPECT,0.004490431593184179,"orientation ambiguë : 2e meilleur départ à 0.00449, proche du meilleur (0.00449, ratio 1.00)"
3fb41d7480a0ed6a,OPIE_Lapi_260620b,4590326306408820074,data/crops/organized/organized_OPIE_Lapi_260620b_P1_3fb41d7480a0ed6a.jpg,SUSPECT,0.004337953751455506,"orientation ambiguë : 2e meilleur départ à 0.00434, proche du meilleur (0.00434, ratio 1.00)"
3fc0e06fb0673f18,ABAURA8885c,4593918390223453976,data/crops/organized/organized_ABAURA8885c_S1_3fc0e06fb0673f18.jpg,SUSPECT,0.004306127326581515,"orientation ambiguë : 2e meilleur départ à 0.00431, proche du meilleur (0.00431, ratio 1.00)"
3fd6390ca4b55c4c,FR73ABOM150722006,4599926795871280204,data/crops/organized/organized_FR73ABOM150722006_P2_3fd6390ca4b55c4c.jpg,SUSPECT,0.004578878748838596,"orientation ambiguë : 2e meilleur départ à 0.00458, proche du meilleur (0.00458, ratio 1.00)"
3fde63b1f4c60d0d,N126,4602225485186206989,data/crops/organized/organized_N126_P1_3fde63b1f4c60d0d.jpg,SUSPECT,0.004336758425818115,"orientation ambiguë : 2e meilleur départ à 0.00434, proche du meilleur (0.00434, ratio 1.00)"
4014cc78a0f79127,ABAURA8203,4617540336430321959,data/crops/organized/organized_ABAURA8203_P2_4014cc78a0f79127.jpg,SUSPECT,0.004371372853033012,"orientation ambiguë : 2e meilleur départ à 0.00437, proche du meilleur (0.00437, ratio 1.00)"
4024e063cf196e52,FR05ABOM220722027,4622065836869906002,data/crops/organized/organized_FR05ABOM220722027_S1_4024e063cf196e52.jpg,SUSPECT,0.004725936927051061,"orientation ambiguë : 2e meilleur départ à 0.00473, proche du meilleur (0.00473, ratio 1.00)"
402c9176aa7d3db3,OPIE_Lapi_H1,4624230856255159731,data/crops/organized/organized_OPIE_Lapi_H1_P1_402c9176aa7d3db3.jpg,SUSPECT,0.004157922716256117,"orientation ambiguë : 2e meilleur départ à 0.00416, proche du meilleur (0.00416, ratio 1.00)"
40483da7ccbc31f9,FR73ABOM130722017,4632020007654273529,data/crops/organized/organized_FR73ABOM130722017_S1_40483da7ccbc31f9.jpg,SUSPECT,0.004292016007377746,"orientation ambiguë : 2e meilleur départ à 0.00429, proche du meilleur (0.00429, ratio 1.00)"
40523f230187aeee,ABAURA8604,4634836386099736302,data/crops/organized/organized_ABAURA8604_P1_40523f230187aeee.jpg,SUSPECT,0.004243159464967678,"orientation ambiguë : 2e meilleur départ à 0.00424, proche du meilleur (0.00424, ratio 1.00)"
40988479bbe56cd8,ABAURA8764,4654615873265691864,data/crops/organized/organized_ABAURA8764_S2_40988479bbe56cd8.jpg,SUSPECT,0.004491487688998096,"orientation ambiguë : 2e meilleur départ à 0.00449, proche du meilleur (0.00449, ratio 1.00)"
40b43a18b67c6a26,2020.00471,4662415392050539046,data/crops/organized/organized_2020.00471_P2_40b43a18b67c6a26.jpg,SUSPECT,0.004677990235809606,"orientation ambiguë : 2e meilleur départ à 0.00468, proche du meilleur (0.00468, ratio 1.00)"
40cdd45017d73186,VAN-2019.00850,4669621829115523462,data/crops/organized/organized_VAN-2019.00850_S2_40cdd45017d73186.jpg,SUSPECT,0.004499357245707943,"orientation ambiguë : 2e meilleur départ à 0.00450, proche du meilleur (0.00450, ratio 1.00)"
40d8174fd83570bb,VAN-2019.00849,4672510245094125755,data/crops/organized/organized_VAN-2019.00849_S3_40d8174fd83570bb.jpg,SUSPECT,0.0044347589965144,"orientation ambiguë : 2e meilleur départ à 0.00443, proche du meilleur (0.00443, ratio 1.00)"
40da3e1cacb8c316,ABAURA8885d,4673115856228107030,data/crops/organized/organized_ABAURA8885d_P2_40da3e1cacb8c316.jpg,SUSPECT,0.004538081733991871,"orientation ambiguë : 2e meilleur départ à 0.00454, proche du meilleur (0.00454, ratio 1.00)"
40f382cf46cc2426,FR15ABOM200722062,4680228264525702182,data/crops/organized/organized_FR15ABOM200722062_S1_40f382cf46cc2426.jpg,SUSPECT,0.004319201783536063,"orientation ambiguë : 2e meilleur départ à 0.00432, proche du meilleur (0.00432, ratio 1.00)"
40f7ce067f28aa1c,FR15ABOM210822013,4681436864973416988,data/crops/organized/organized_FR15ABOM210822013_P2_40f7ce067f28aa1c.jpg,SUSPECT,0.004319108363916807,"orientation ambiguë : 2e meilleur départ à 0.00432, proche du meilleur (0.00432, ratio 1.00)"
40f978553a4f7c6f,FR15ABOM210821119,4681905595074182255,data/crops/organized/organized_FR15ABOM210821119_S3_40f978553a4f7c6f.jpg,SUSPECT,0.00416615410232069,"orientation ambiguë : 2e meilleur départ à 0.00417, proche du meilleur (0.00417, ratio 1.00)"
40fdfeb3f2fa3cd8,FR15ABOM170821009,4683179236364270808,data/crops/organized/organized_FR15ABOM170821009_S1_40fdfeb3f2fa3cd8.jpg,SUSPECT,0.004344824381515611,"orientation ambiguë : 2e meilleur départ à 0.00434, proche du meilleur (0.00434, ratio 1.00)"
41089688b0b1d3fe,FR15ABOM210822012,4686160926103163902,data/crops/organized/organized_FR15ABOM210822012_S3_41089688b0b1d3fe.jpg,SUSPECT,0.004632599572889237,"orientation ambiguë : 2e meilleur départ à 0.00463, proche du meilleur (0.00463, ratio 1.00)"
4108f0e1de856566,15L2021-1741,4686260265170593126,data/crops/organized/organized_15L2021-1741_P2_4108f0e1de856566.jpg,SUSPECT,0.004379235846867251,"orientation ambiguë : 2e meilleur départ à 0.00438, proche du meilleur (0.00438, ratio 1.00)"
412a974028993bbd,ABAURA8207f,4695731863301995453,data/crops/organized/organized_ABAURA8207f_S2_412a974028993bbd.jpg,SUSPECT,0.004690408723368708,"orientation ambiguë : 2e meilleur départ à 0.00469, proche du meilleur (0.00469, ratio 1.00)"
413edfd0a68aac76,OPIE_Lapi_230620,4701441148261674102,data/crops/organized/organized_OPIE_Lapi_230620_S3_413edfd0a68aac76.jpg,SUSPECT,0.004450701094098669,"orientation ambiguë : 2e meilleur départ à 0.00445, proche du meilleur (0.00445, ratio 1.00)"
41507892cb56aa05,FR73ABOM130722020,4706394182474181125,data/crops/organized/organized_FR73ABOM130722020_S3_41507892cb56aa05.jpg,SUSPECT,0.004685116484750296,"orientation ambiguë : 2e meilleur départ à 0.00469, proche du meilleur (0.00469, ratio 1.00)"
415f3ba1a049b9e1,FR15ABOM150820018,4710549300617787873,data/crops/organized/organized_FR15ABOM150820018_S2_415f3ba1a049b9e1.jpg,SUSPECT,0.004604113745609588,"orientation ambiguë : 2e meilleur départ à 0.00460, proche du meilleur (0.00460, ratio 1.00)"
41692c4511f84e99,N385,4713347160185786009,data/crops/organized/organized_N385_P4_41692c4511f84e99.jpg,SUSPECT,0.004247765593379917,"orientation ambiguë : 2e meilleur départ à 0.00425, proche du meilleur (0.00425, ratio 1.00)"
41780ee46ae5a824,OPPO.7362,4717536983879362596,data/crops/organized/organized_OPPO.7362_P1_41780ee46ae5a824.jpg,SUSPECT,0.0045235869343687755,"orientation ambiguë : 2e meilleur départ à 0.00452, proche du meilleur (0.00452, ratio 1.00)"
4190feb238db37fa,ABAURA8151,4724556050523174906,data/crops/organized/organized_ABAURA8151_S1_4190feb238db37fa.jpg,SUSPECT,0.004729528065951589,"orientation ambiguë : 2e meilleur départ à 0.00473, proche du meilleur (0.00473, ratio 1.00)"
419a6e6aaebcc3f7,CD387804c,4727212163355952119,data/crops/organized/organized_CD387804c_S3_419a6e6aaebcc3f7.jpg,SUSPECT,0.004684391508788601,"orientation ambiguë : 2e meilleur départ à 0.00468, proche du meilleur (0.00468, ratio 1.00)"
41d15c11b42f0f79,POLLINIS5133,4742673113705025401,data/crops/organized/organized_POLLINIS5133_S4_41d15c11b42f0f79.jpg,FAILED,inf,"10 landmarks, 18 attendus"
41d61edfa502f3ad,OPIE_Lapi_E7,4744013203376370605,data/crops/organized/organized_OPIE_Lapi_E7_P2_41d61edfa502f3ad.jpg,SUSPECT,0.00436918808704009,"orientation ambiguë : 2e meilleur départ à 0.00437, proche du meilleur (0.00437, ratio 1.00)"
41ec365359e4b1bc,CollecYvan22,4750231438587376060,data/crops/organized/organized_CollecYvan22_S3_41ec365359e4b1bc.jpg,SUSPECT,0.004450263475565567,"orientation ambiguë : 2e meilleur départ à 0.00445, proche du meilleur (0.00445, ratio 1.00)"
41ff66fc78754afc,FR73ABOM120722028,4755632966065277692,data/crops/organized/organized_FR73ABOM120722028_P1_41ff66fc78754afc.jpg,SUSPECT,0.004466220235296545,"orientation ambiguë : 2e meilleur départ à 0.00447, proche du meilleur (0.00447, ratio 1.00)"
4207686da5b94bb2,POLLINIS4984,4757886351481326514,data/crops/organized/organized_POLLINIS4984_S1_4207686da5b94bb2.jpg,SUSPECT,0.004460019405232361,"orientation ambiguë : 2e meilleur départ à 0.00446, proche du meilleur (0.00446, ratio 1.00)"
4234230c23183e06,CD388612,4770476440327568902,data/crops/organized/organized_CD388612_S3_4234230c23183e06.jpg,SUSPECT,0.004618204070724449,"orientation ambiguë : 2e meilleur départ à 0.00462, proche du meilleur (0.00462, ratio 1.00)"
42400cc6f31568de,FR15ABOM210822016,4773829653634050270,data/crops/organized/organized_FR15ABOM210822016_S2_42400cc6f31568de.jpg,SUSPECT,0.0045858847765616485,"orientation ambiguë : 2e meilleur départ à 0.00459, proche du meilleur (0.00459, ratio 1.00)"
4273e666ca3bf267,OPIE_Lapi_130720,4788424157978948199,data/crops/organized/organized_OPIE_Lapi_130720_P1_4273e666ca3bf267.jpg,SUSPECT,0.004445625783606377,"orientation ambiguë : 2e meilleur départ à 0.00445, proche du meilleur (0.00445, ratio 1.00)"
4291e55693b0a70d,FR15_AB210818002,4796867238134064909,data/crops/organized/organized_FR15_AB210818002_S2_4291e55693b0a70d.jpg,SUSPECT,0.004339848136392769,"orientation ambiguë : 2e meilleur départ à 0.00434, proche du meilleur (0.00434, ratio 1.00)"
429313c5ff624cee,2020.03930,4797199769193827566,data/crops/organized/organized_2020.03930_P2_429313c5ff624cee.jpg,SUSPECT,0.004419509133330304,"orientation ambiguë : 2e meilleur départ à 0.00442, proche du meilleur (0.00442, ratio 1.00)"
42a544ebd0549803,ABAURA8852,4802320357263710211,data/crops/organized/organized_ABAURA8852_S1_42a544ebd0549803.jpg,SUSPECT,0.0044449657065755805,"orientation ambiguë : 2e meilleur départ à 0.00444, proche du meilleur (0.00444, ratio 1.00)"
42b15aa74d7d1df3,ABAURA8150d,4805721951987113459,data/crops/organized/organized_ABAURA8150d_P2_42b15aa74d7d1df3.jpg,SUSPECT,0.004391930765313691,"orientation ambiguë : 2e meilleur départ à 0.00439, proche du meilleur (0.00439, ratio 1.00)"
42b94d27d52e5fe1,FR73ABOM140722011,4807958910670364641,data/crops/organized/organized_FR73ABOM140722011_P1_42b94d27d52e5fe1.jpg,SUSPECT,0.004239334495534773,"orientation ambiguë : 2e meilleur départ à 0.00424, proche du meilleur (0.00424, ratio 1.00)"
42bf3a8bcdba75dc,ABAURA8201,4809627299181393372,data/crops/organized/organized_ABAURA8201_P1_42bf3a8bcdba75dc.jpg,SUSPECT,0.004689076957528419,"orientation ambiguë : 2e meilleur départ à 0.00469, proche du meilleur (0.00469, ratio 1.00)"
42c085ba2e5a01ab,POLLINIS4981,4809991436719751595,data/crops/organized/organized_POLLINIS4981_S3_42c085ba2e5a01ab.jpg,SUSPECT,0.004679265085759102,"orientation ambiguë : 2e meilleur départ à 0.00468, proche du meilleur (0.00468, ratio 1.00)"
42d2003ab3c0cca0,FR15_ABOM170820030,4814911203736341664,data/crops/organized/organized_FR15_ABOM170820030_P2_42d2003ab3c0cca0.jpg,SUSPECT,0.004610140321557843,"orientation ambiguë : 2e meilleur départ à 0.00461, proche du meilleur (0.00461, ratio 1.00)"
42d3d5e01ef85982,FR04ABOM220722060,4815427585158175106,data/crops/organized/organized_FR04ABOM220722060_S3_42d3d5e01ef85982.jpg,SUSPECT,0.004261490586186582,"orientation ambiguë : 2e meilleur départ à 0.00426, proche du meilleur (0.00426, ratio 1.00)"
42d5e80a859af79c,ABAURA7781,4816010508431456156,data/crops/organized/organized_ABAURA7781_S3_42d5e80a859af79c.jpg,SUSPECT,0.004322567353668708,"orientation ambiguë : 2e meilleur départ à 0.00432, proche du meilleur (0.00432, ratio 1.00)"
42e4bde41548740a,FR15_ABOM180720047,4820186288500536330,data/crops/organized/organized_FR15_ABOM180720047_P1_42e4bde41548740a.jpg,SUSPECT,0.004528987969499211,"orientation ambiguë : 2e meilleur départ à 0.00453, proche du meilleur (0.00453, ratio 1.00)"
42e6887394334232,FR73ABOM120722026,4820690481135698482,data/crops/organized/organized_FR73ABOM120722026_S3_42e6887394334232.jpg,SUSPECT,0.004554453846597078,"orientation ambiguë : 2e meilleur départ à 0.00455, proche du meilleur (0.00455, ratio 1.00)"
42f7f643833e4847,CD388872,4825596295575914567,data/crops/organized/organized_CD388872_P1_42f7f643833e4847.jpg,SUSPECT,0.004639113783255629,"orientation ambiguë : 2e meilleur départ à 0.00464, proche du meilleur (0.00464, ratio 1.00)"
43259bc7f9922f53,CollecYvan15,4838444657867370323,data/crops/organized/organized_CollecYvan15_S2_43259bc7f9922f53.jpg,SUSPECT,0.004483257733439926,"orientation ambiguë : 2e meilleur départ à 0.00448, proche du meilleur (0.00448, ratio 1.00)"
434c71ddbe260ded,15L2021-1732,4849376095963057645,data/crops/organized/organized_15L2021-1732_P2_434c71ddbe260ded.jpg,SUSPECT,0.004374424000498149,"orientation ambiguë : 2e meilleur départ à 0.00437, proche du meilleur (0.00437, ratio 1.00)"
43536c3fc7f7f400,ABAURA7163,4851340244801811456,data/crops/organized/organized_ABAURA7163_S2_43536c3fc7f7f400.jpg,SUSPECT,0.0047692602420500545,"orientation ambiguë : 2e meilleur départ à 0.00477, proche du meilleur (0.00477, ratio 1.00)"
43b37ad2e3532509,ABAURA4923b,4878377867547976969,data/crops/organized/organized_ABAURA4923b_P1_43b37ad2e3532509.jpg,SUSPECT,0.004802600500439182,"orientation ambiguë : 2e meilleur départ à 0.00480, proche du meilleur (0.00480, ratio 1.00)"
43cf0de6d812759e,CollecYvan14,4886139405839005086,data/crops/organized/organized_CollecYvan14_S1_43cf0de6d812759e.jpg,SUSPECT,0.004597679329350375,"orientation ambiguë : 2e meilleur départ à 0.00460, proche du meilleur (0.00460, ratio 1.00)"
43d4345450d3d3fc,POLLINIS4384,4887589032341787644,data/crops/organized/organized_POLLINIS4384_S2_43d4345450d3d3fc.jpg,SUSPECT,0.004421716260170707,"orientation ambiguë : 2e meilleur départ à 0.00442, proche du meilleur (0.00442, ratio 1.00)"
43fd667badcc340e,RuppSupp1,4899184651031819278,data/crops/organized/organized_RuppSupp1_S3_43fd667badcc340e.jpg,SUSPECT,0.004629974451225665,"orientation ambiguë : 2e meilleur départ à 0.00463, proche du meilleur (0.00463, ratio 1.00)"
441b3cdaa69ed412,FR73ABOM200722032,4907583128746251282,data/crops/organized/organized_FR73ABOM200722032_S2_441b3cdaa69ed412.jpg,SUSPECT,0.004682226477187367,"orientation ambiguë : 2e meilleur départ à 0.00468, proche du meilleur (0.00468, ratio 1.00)"
4439456551cca66c,FR15ABOO0712002,4916036769717986924,data/crops/organized/organized_FR15ABOO0712002_S1_4439456551cca66c.jpg,SUSPECT,0.004777858122851252,"orientation ambiguë : 2e meilleur départ à 0.00478, proche du meilleur (0.00478, ratio 1.00)"
443d40565edfb17d,CD388230c,4917157107861533053,data/crops/organized/organized_CD388230c_S3_443d40565edfb17d.jpg,SUSPECT,0.00447216279377978,"orientation ambiguë : 2e meilleur départ à 0.00447, proche du meilleur (0.00447, ratio 1.00)"
4451eac0203f97a6,FR73ABOM130722040,4922973978588321702,data/crops/organized/organized_FR73ABOM130722040_S3_4451eac0203f97a6.jpg,SUSPECT,0.004390371491134867,"orientation ambiguë : 2e meilleur départ à 0.00439, proche du meilleur (0.00439, ratio 1.00)"
4456621d8d9a54dc,2020.00470,4924231121645491420,data/crops/organized/organized_2020.00470_S3_4456621d8d9a54dc.jpg,SUSPECT,0.004661184555194655,"orientation ambiguë : 2e meilleur départ à 0.00466, proche du meilleur (0.00466, ratio 1.00)"
4457ce1175579e20,FR15ABOM120722071,4924631291931368992,data/crops/organized/organized_FR15ABOM120722071_S2_4457ce1175579e20.jpg,SUSPECT,0.00417101770727061,"orientation ambiguë : 2e meilleur départ à 0.00417, proche du meilleur (0.00417, ratio 1.00)"
4485677008617b04,FR73ABOM140722033,4937466297356221188,data/crops/organized/organized_FR73ABOM140722033_S1_4485677008617b04.jpg,SUSPECT,0.004533775357870902,"orientation ambiguë : 2e meilleur départ à 0.00453, proche du meilleur (0.00453, ratio 1.00)"
44cf9c340b54a6cf,CD388230b,4958353462100534991,data/crops/organized/organized_CD388230b_S1_44cf9c340b54a6cf.jpg,SUSPECT,0.004582890798103855,"orientation ambiguë : 2e meilleur départ à 0.00458, proche du meilleur (0.00458, ratio 1.00)"
45093ce3d06382d7,NoName3,4974574212558848727,data/crops/organized/organized_NoName3_S1_45093ce3d06382d7.jpg,SUSPECT,0.004381757492549948,"orientation ambiguë : 2e meilleur départ à 0.00438, proche du meilleur (0.00438, ratio 1.00)"
452e880f13b8ff18,CD388003,4985071435882495768,data/crops/organized/organized_CD388003_S3_452e880f13b8ff18.jpg,SUSPECT,0.004291967624860479,"orientation ambiguë : 2e meilleur départ à 0.00429, proche du meilleur (0.00429, ratio 1.00)"
4557bf7b27408187,ABB-2020.00032,4996672847251276167,data/crops/organized/organized_ABB-2020.00032_P1_4557bf7b27408187.jpg,SUSPECT,0.00426338491648398,"orientation ambiguë : 2e meilleur départ à 0.00426, proche du meilleur (0.00426, ratio 1.00)"
45591a256e3cb031,CD388865e,4997054009609859121,data/crops/organized/organized_CD388865e_P2_45591a256e3cb031.jpg,SUSPECT,0.004769011736986145,"orientation ambiguë : 2e meilleur départ à 0.00477, proche du meilleur (0.00477, ratio 1.00)"
45b0f3bbf9b15284,FR15_ABOM30072020040,5021781573191684740,data/crops/organized/organized_FR15_ABOM30072020040_S1_45b0f3bbf9b15284.jpg,SUSPECT,0.004538128064594309,"orientation ambiguë : 2e meilleur départ à 0.00454, proche du meilleur (0.00454, ratio 1.00)"
45be788699fd0b26,FR15_ABOM25082020007,5025586753696500518,data/crops/organized/organized_FR15_ABOM25082020007_P2_45be788699fd0b26.jpg,SUSPECT,0.004391043985795592,"orientation ambiguë : 2e meilleur départ à 0.00439, proche du meilleur (0.00439, ratio 1.00)"
45d5517f984e3a73,BAR.2018.00342,5032017767114357363,data/crops/organized/organized_BAR.2018.00342_P2_45d5517f984e3a73.jpg,SUSPECT,0.004423084559468142,"orientation ambiguë : 2e meilleur départ à 0.00442, proche du meilleur (0.00442, ratio 1.00)"
45da948bccc509d3,15L2021-1514,5033498861696780755,data/crops/organized/organized_15L2021-1514_P1_45da948bccc509d3.jpg,SUSPECT,0.00448886257573454,"orientation ambiguë : 2e meilleur départ à 0.00449, proche du meilleur (0.00449, ratio 1.00)"
45f2cc5a3546f39d,OPIE_Lapi_100803,5040315620793971613,data/crops/organized/organized_OPIE_Lapi_100803_P1_45f2cc5a3546f39d.jpg,SUSPECT,0.004446867157193463,"orientation ambiguë : 2e meilleur départ à 0.00445, proche du meilleur (0.00445, ratio 1.00)"
46208fd35f0663bd,FR73ABOM130722004,5053196919904822205,data/crops/organized/organized_FR73ABOM130722004_S1_46208fd35f0663bd.jpg,SUSPECT,0.004668954796920029,"orientation ambiguë : 2e meilleur départ à 0.00467, proche du meilleur (0.00467, ratio 1.00)"
46380afb581975f1,OPIE_Lapi_78V,5059806255981884913,data/crops/organized/organized_OPIE_Lapi_78V_S1_46380afb581975f1.jpg,SUSPECT,0.0044819474742334615,"orientation ambiguë : 2e meilleur départ à 0.00448, proche du meilleur (0.00448, ratio 1.00)"
4645f8d0b53ec890,FR15ABOM170821030b,5063726931325667472,data/crops/organized/organized_FR15ABOM170821030b_S1_4645f8d0b53ec890.jpg,SUSPECT,0.0043772271738995415,"orientation ambiguë : 2e meilleur départ à 0.00438, proche du meilleur (0.00438, ratio 1.00)"
4673bdfe459d3c19,ABAURA7155,5076610104763956249,data/crops/organized/organized_ABAURA7155_S3_4673bdfe459d3c19.jpg,SUSPECT,0.0045733747346813364,"orientation ambiguë : 2e meilleur départ à 0.00457, proche du meilleur (0.00457, ratio 1.00)"
467757b850c6f8e2,CD388862,5077623554024339682,data/crops/organized/organized_CD388862_S1_467757b850c6f8e2.jpg,SUSPECT,0.004323559881315549,"orientation ambiguë : 2e meilleur départ à 0.00432, proche du meilleur (0.00432, ratio 1.00)"
467c3e8bf8c1d266,CD388391,5079003250661904998,data/crops/organized/organized_CD388391_P2_467c3e8bf8c1d266.jpg,SUSPECT,0.004512539081601207,"orientation ambiguë : 2e meilleur départ à 0.00451, proche du meilleur (0.00451, ratio 1.00)"
46a47a49818022a7,2020.06244,5090327934959362727,data/crops/organized/organized_2020.06244_S3_46a47a49818022a7.jpg,SUSPECT,0.004578998426397059,"orientation ambiguë : 2e meilleur départ à 0.00458, proche du meilleur (0.00458, ratio 1.00)"
46aed223d7e4b927,FR04ABOM220722089,5093239279990389031,data/crops/organized/organized_FR04ABOM220722089_P2_46aed223d7e4b927.jpg,SUSPECT,0.004448358075091527,"orientation ambiguë : 2e meilleur départ à 0.00445, proche du meilleur (0.00445, ratio 1.00)"
46cc982a142342e2,POLLINIS4982,5101619784397832930,data/crops/organized/organized_POLLINIS4982_P5_46cc982a142342e2.jpg,SUSPECT,0.008159281965907407,"orientation ambiguë : 2e meilleur départ à 0.00816, proche du meilleur (0.00816, ratio 1.00)"
47076ee2b2d15c35,CD388623c,5118181421471587381,data/crops/organized/organized_CD388623c_S1_47076ee2b2d15c35.jpg,SUSPECT,0.004732593353679987,"orientation ambiguë : 2e meilleur départ à 0.00473, proche du meilleur (0.00473, ratio 1.00)"
470d7336599841ee,FR05ABOM220722023,5119875028658700782,data/crops/organized/organized_FR05ABOM220722023_P2_470d7336599841ee.jpg,SUSPECT,0.004592352100875217,"orientation ambiguë : 2e meilleur départ à 0.00459, proche du meilleur (0.00459, ratio 1.00)"
47347f72ad94109a,CD388865c,5130866005996998810,data/crops/organized/organized_CD388865c_S1_47347f72ad94109a.jpg,SUSPECT,0.0045312716068734386,"orientation ambiguë : 2e meilleur départ à 0.00453, proche du meilleur (0.00453, ratio 1.00)"
4745d67b3392c82b,FR15_ABOM180720046,5135746774720497707,data/crops/organized/organized_FR15_ABOM180720046_S3_4745d67b3392c82b.jpg,SUSPECT,0.004378715461494621,"orientation ambiguë : 2e meilleur départ à 0.00438, proche du meilleur (0.00438, ratio 1.00)"
47a83d441036f2aa,CollecYvan10,5163444335319380650,data/crops/organized/organized_CollecYvan10_P1_47a83d441036f2aa.jpg,SUSPECT,0.004594401307762746,"orientation ambiguë : 2e meilleur départ à 0.00459, proche du meilleur (0.00459, ratio 1.00)"
47b86baf651bbfd9,FR15ABOM220821043,5167998973467410393,data/crops/organized/organized_FR15ABOM220821043_S1_47b86baf651bbfd9.jpg,SUSPECT,0.004654915299621366,"orientation ambiguë : 2e meilleur départ à 0.00465, proche du meilleur (0.00465, ratio 1.00)"
47d1631219b46a3a,CD387759,5175026376217225786,data/crops/organized/organized_CD387759_S1_47d1631219b46a3a.jpg,SUSPECT,0.0044676144125656665,"orientation ambiguë : 2e meilleur départ à 0.00447, proche du meilleur (0.00447, ratio 1.00)"
47f5037dc97c4dbf,OPIE_Lapi_240620,5185054384773156287,data/crops/organized/organized_OPIE_Lapi_240620_S1_47f5037dc97c4dbf.jpg,SUSPECT,0.0044574536325883785,"orientation ambiguë : 2e meilleur départ à 0.00446, proche du meilleur (0.00446, ratio 1.00)"
4824e5cee5d00661,OPIE_Lapi_180703,5198532546674034273,data/crops/organized/organized_OPIE_Lapi_180703_P2_4824e5cee5d00661.jpg,SUSPECT,0.004282556686083195,"orientation ambiguë : 2e meilleur départ à 0.00428, proche du meilleur (0.00428, ratio 1.00)"
4828f3ff04d164ea,CD388820b,5199674046422279402,data/crops/organized/organized_CD388820b_S3_4828f3ff04d164ea.jpg,SUSPECT,0.004347569814570213,"orientation ambiguë : 2e meilleur départ à 0.00435, proche du meilleur (0.00435, ratio 1.00)"
482e03f07440f8d5,ABAURA7781,5201098950936950997,data/crops/organized/organized_ABAURA7781_P1_482e03f07440f8d5.jpg,SUSPECT,0.0044031534584132205,"orientation ambiguë : 2e meilleur départ à 0.00440, proche du meilleur (0.00440, ratio 1.00)"
482e9c1fe1ac7338,FR05ABOM220722026,5201266280403596088,data/crops/organized/organized_FR05ABOM220722026_S1_482e9c1fe1ac7338.jpg,SUSPECT,0.004407677470352817,"orientation ambiguë : 2e meilleur départ à 0.00441, proche du meilleur (0.00441, ratio 1.00)"
4835bf7d8d4e44f8,CD388016b,5203275490459010296,data/crops/organized/organized_CD388016b_S2_4835bf7d8d4e44f8.jpg,SUSPECT,0.0043898469252912214,"orientation ambiguë : 2e meilleur départ à 0.00439, proche du meilleur (0.00439, ratio 1.00)"
484698c95160c6cf,FR15_ABOM07082020049,5208018009521702607,data/crops/organized/organized_FR15_ABOM07082020049_P2_484698c95160c6cf.jpg,FAILED,inf,"17 landmarks, 18 attendus"
48494db019d06034,FR73ABOM120722021,5208779862773358644,data/crops/organized/organized_FR73ABOM120722021_P2_48494db019d06034.jpg,SUSPECT,0.004572399678711491,"orientation ambiguë : 2e meilleur départ à 0.00457, proche du meilleur (0.00457, ratio 1.00)"
4864dc95934356e6,CD388623b,5216536803380778726,data/crops/organized/organized_CD388623b_P2_4864dc95934356e6.jpg,SUSPECT,0.0046401975856485015,"orientation ambiguë : 2e meilleur départ à 0.00464, proche du meilleur (0.00464, ratio 1.00)"
488370b449b0b93f,FR15_ABOM30072020042,5225143912312650047,data/crops/organized/organized_FR15_ABOM30072020042_P1_488370b449b0b93f.jpg,SUSPECT,0.004491704453533496,"orientation ambiguë : 2e meilleur départ à 0.00449, proche du meilleur (0.00449, ratio 1.00)"
488c2320a7592846,OPIE_Lapi_130720d,5227591890623866950,data/crops/organized/organized_OPIE_Lapi_130720d_S1_488c2320a7592846.jpg,SUSPECT,0.004617839719251062,"orientation ambiguë : 2e meilleur départ à 0.00462, proche du meilleur (0.00462, ratio 1.00)"
48a2426e63ed3186,FR15ABOM200821005,5233818758848262534,data/crops/organized/organized_FR15ABOM200821005_P2_48a2426e63ed3186.jpg,SUSPECT,0.004389542418319553,"orientation ambiguë : 2e meilleur départ à 0.00439, proche du meilleur (0.00439, ratio 1.00)"
48a9ea20113c09e3,15L2021-1758,5235973465243912675,data/crops/organized/organized_15L2021-1758_P1_48a9ea20113c09e3.jpg,SUSPECT,0.004585299775515788,"orientation ambiguë : 2e meilleur départ à 0.00459, proche du meilleur (0.00459, ratio 1.00)"
48b05d78d14dacb6,ABAURA8228b,5237789140120874166,data/crops/organized/organized_ABAURA8228b_P2_48b05d78d14dacb6.jpg,SUSPECT,0.004426709918361187,"orientation ambiguë : 2e meilleur départ à 0.00443, proche du meilleur (0.00443, ratio 1.00)"
48e20bc8b80e0810,FR15ABOM220821055,5251773072176711696,data/crops/organized/organized_FR15ABOM220821055_P1_48e20bc8b80e0810.jpg,SUSPECT,0.004410903075205019,"orientation ambiguë : 2e meilleur départ à 0.00441, proche du meilleur (0.00441, ratio 1.00)"
48f6007a6ff744c6,ABAURA8208b,5257390140866118854,data/crops/organized/organized_ABAURA8208b_P2_48f6007a6ff744c6.jpg,SUSPECT,0.004793250421139535,"orientation ambiguë : 2e meilleur départ à 0.00479, proche du meilleur (0.00479, ratio 1.00)"
48f782cf192f6816,N384,5257814915970721814,data/crops/organized/organized_N384_P2_48f782cf192f6816.jpg,SUSPECT,0.004646274996844929,"orientation ambiguë : 2e meilleur départ à 0.00465, proche du meilleur (0.00465, ratio 1.00)"
48f882ba40d9af83,FR15ABOM200722063,5258096301418590083,data/crops/organized/organized_FR15ABOM200722063_P2_48f882ba40d9af83.jpg,SUSPECT,0.0042761910741929325,"orientation ambiguë : 2e meilleur départ à 0.00428, proche du meilleur (0.00428, ratio 1.00)"
49117fd4138ec6dc,FR04ABOM220722046,5265129988210738908,data/crops/organized/organized_FR04ABOM220722046_S1_49117fd4138ec6dc.jpg,SUSPECT,0.0045700546239170175,"orientation ambiguë : 2e meilleur départ à 0.00457, proche du meilleur (0.00457, ratio 1.00)"
49253ccf92e1e1d7,CD388230c,5270685801127207383,data/crops/organized/organized_CD388230c_S1_49253ccf92e1e1d7.jpg,SUSPECT,0.004528077541290703,"orientation ambiguë : 2e meilleur départ à 0.00453, proche du meilleur (0.00453, ratio 1.00)"
4932f321a76bdb13,2020.00470,5274545439472605971,data/crops/organized/organized_2020.00470_S1_4932f321a76bdb13.jpg,SUSPECT,0.004577281999425171,"orientation ambiguë : 2e meilleur départ à 0.00458, proche du meilleur (0.00458, ratio 1.00)"
49584a00a3a612e2,D264515,5285055529325302498,data/crops/organized/organized_D264515_P1_49584a00a3a612e2.jpg,SUSPECT,0.0043863678694944655,"orientation ambiguë : 2e meilleur départ à 0.00439, proche du meilleur (0.00439, ratio 1.00)"
497d753e254ce5b4,VAN-2019.00824,5295517646631790004,data/crops/organized/organized_VAN-2019.00824_S1_497d753e254ce5b4.jpg,SUSPECT,0.004840858695767121,"orientation ambiguë : 2e meilleur départ à 0.00484, proche du meilleur (0.00484, ratio 1.00)"
49912e4a5be2e2b1,OPIE_Lapi_240620,5301069133295837873,data/crops/organized/organized_OPIE_Lapi_240620_S2_49912e4a5be2e2b1.jpg,SUSPECT,0.004507819497646878,"orientation ambiguë : 2e meilleur départ à 0.00451, proche du meilleur (0.00451, ratio 1.00)"
49a80767708659ca,CD387324,5307500301707008458,data/crops/organized/organized_CD387324_P1_49a80767708659ca.jpg,SUSPECT,0.004578430840396243,"orientation ambiguë : 2e meilleur départ à 0.00458, proche du meilleur (0.00458, ratio 1.00)"
49ba566c13610ff1,FR05ABOM220722027,5312653732618506225,data/crops/organized/organized_FR05ABOM220722027_P2_49ba566c13610ff1.jpg,SUSPECT,0.004950028109384947,"orientation ambiguë : 2e meilleur départ à 0.00495, proche du meilleur (0.00495, ratio 1.00)"
49e0d08d36528c60,FR73ABOM140722033,5323484064472271968,data/crops/organized/organized_FR73ABOM140722033_S3_49e0d08d36528c60.jpg,SUSPECT,0.004569617917637131,"orientation ambiguë : 2e meilleur départ à 0.00457, proche du meilleur (0.00457, ratio 1.00)"
49e5c41dd4c0e6a2,CD388230,5324877766837986978,data/crops/organized/organized_CD388230_P2_49e5c41dd4c0e6a2.jpg,SUSPECT,0.004409502954642983,"orientation ambiguë : 2e meilleur départ à 0.00441, proche du meilleur (0.00441, ratio 1.00)"
49fde66284a224e3,FR15ABOM170821018,5331670844682937571,data/crops/organized/organized_FR15ABOM170821018_P1_49fde66284a224e3.jpg,SUSPECT,0.0045442066379842196,"orientation ambiguë : 2e meilleur départ à 0.00454, proche du meilleur (0.00454, ratio 1.00)"
4a1342e0914d7f3a,CD388820b,5337683515642052410,data/crops/organized/organized_CD388820b_P1_4a1342e0914d7f3a.jpg,SUSPECT,0.004334085114883604,"orientation ambiguë : 2e meilleur départ à 0.00433, proche du meilleur (0.00433, ratio 1.00)"
4a1b77163f87f54e,15G2021-1826,5339992720616715598,data/crops/organized/organized_15G2021-1826_S3_4a1b77163f87f54e.jpg,SUSPECT,0.0048542728317441525,"orientation ambiguë : 2e meilleur départ à 0.00485, proche du meilleur (0.00485, ratio 1.00)"
4a2010ba82bf8592,FR15ABOM210821107,5341287551304959378,data/crops/organized/organized_FR15ABOM210821107_P1_4a2010ba82bf8592.jpg,SUSPECT,0.0043683523734021484,"orientation ambiguë : 2e meilleur départ à 0.00437, proche du meilleur (0.00437, ratio 1.00)"
4a2d7110cb62973c,2017.06254,5345052649704298300,data/crops/organized/organized_2017.06254_P2_4a2d7110cb62973c.jpg,SUSPECT,0.004494373167139041,"orientation ambiguë : 2e meilleur départ à 0.00449, proche du meilleur (0.00449, ratio 1.00)"
4a472942a84e06cd,UBC-2011.0157,5352292048421390029,data/crops/organized/organized_UBC-2011.0157_S2_4a472942a84e06cd.jpg,SUSPECT,0.00451441525919066,"orientation ambiguë : 2e meilleur départ à 0.00451, proche du meilleur (0.00451, ratio 1.00)"
4a694ec8493c5e16,2020.00449,5361903453490404886,data/crops/organized/organized_2020.00449_S2_4a694ec8493c5e16.jpg,SUSPECT,0.004660277314775449,"orientation ambiguë : 2e meilleur départ à 0.00466, proche du meilleur (0.00466, ratio 1.00)"
4a83ba3464b2c498,FR15ABOM220821043,5369339914946266264,data/crops/organized/organized_FR15ABOM220821043_P2_4a83ba3464b2c498.jpg,SUSPECT,0.0047735049693098846,"orientation ambiguë : 2e meilleur départ à 0.00477, proche du meilleur (0.00477, ratio 1.00)"
4ab8b4d63b5c5707,OPIE_Lapi_240620b,5384252186733336327,data/crops/organized/organized_OPIE_Lapi_240620b_P2_4ab8b4d63b5c5707.jpg,SUSPECT,0.004502646741585059,"orientation ambiguë : 2e meilleur départ à 0.00450, proche du meilleur (0.00450, ratio 1.00)"
4abae4b732019c6e,FR04ABOM220722057,5384867779943963758,data/crops/organized/organized_FR04ABOM220722057_P2_4abae4b732019c6e.jpg,SUSPECT,0.0043180983353620535,"orientation ambiguë : 2e meilleur départ à 0.00432, proche du meilleur (0.00432, ratio 1.00)"
4ad44dfef045b121,FR15ABOM200821004,5392020411217457441,data/crops/organized/organized_FR15ABOM200821004_P1_4ad44dfef045b121.jpg,SUSPECT,0.004448991578715595,"orientation ambiguë : 2e meilleur départ à 0.00445, proche du meilleur (0.00445, ratio 1.00)"
4ae68924d19005a5,FR15_ABOM25082020010,5397151994677822885,data/crops/organized/organized_FR15_ABOM25082020010_S1_4ae68924d19005a5.jpg,SUSPECT,0.00457851136054917,"orientation ambiguë : 2e meilleur départ à 0.00458, proche du meilleur (0.00458, ratio 1.00)"
4aef5b80fc790f9f,N126,5399635087790247839,data/crops/organized/organized_N126_P5_4aef5b80fc790f9f.jpg,SUSPECT,0.004374910226503845,"orientation ambiguë : 2e meilleur départ à 0.00437, proche du meilleur (0.00437, ratio 1.00)"
4af029c7fba40d73,FR15ABOM170821123,5399861892114287987,data/crops/organized/organized_FR15ABOM170821123_P1_4af029c7fba40d73.jpg,SUSPECT,0.004436020798079679,"orientation ambiguë : 2e meilleur départ à 0.00444, proche du meilleur (0.00444, ratio 1.00)"
4b148cf1697eae41,FR04ABOM220722050,5410104020863725121,data/crops/organized/organized_FR04ABOM220722050_S2_4b148cf1697eae41.jpg,SUSPECT,0.004725759723317338,"orientation ambiguë : 2e meilleur départ à 0.00473, proche du meilleur (0.00473, ratio 1.00)"
4b294051991e3460,ABAURA8627,5415930746095154272,data/crops/organized/organized_ABAURA8627_P1_4b294051991e3460.jpg,SUSPECT,0.004528576384492871,"orientation ambiguë : 2e meilleur départ à 0.00453, proche du meilleur (0.00453, ratio 1.00)"
4b2ebcac271781aa,FR15ABOM200722062,5417474849349534122,data/crops/organized/organized_FR15ABOM200722062_S3_4b2ebcac271781aa.jpg,SUSPECT,0.004339376500689539,"orientation ambiguë : 2e meilleur départ à 0.00434, proche du meilleur (0.00434, ratio 1.00)"
4b7935f8bf7ccc03,ABAURA7781b,5438437367507373059,data/crops/organized/organized_ABAURA7781b_P1_4b7935f8bf7ccc03.jpg,SUSPECT,0.004664213471038932,"orientation ambiguë : 2e meilleur départ à 0.00466, proche du meilleur (0.00466, ratio 1.00)"
4b99639863b7580c,POLLINIS4981,5447494730440464396,data/crops/organized/organized_POLLINIS4981_S2_4b99639863b7580c.jpg,SUSPECT,0.004676081018602559,"orientation ambiguë : 2e meilleur départ à 0.00468, proche du meilleur (0.00468, ratio 1.00)"
4ba3547040e4a42e,CD387313,5450292815150228526,data/crops/organized/organized_CD387313_P2_4ba3547040e4a42e.jpg,SUSPECT,0.004366782101441755,"orientation ambiguë : 2e meilleur départ à 0.00437, proche du meilleur (0.00437, ratio 1.00)"
4bab37ffaf704a7c,N384,5452513345161677436,data/crops/organized/organized_N384_S2_4bab37ffaf704a7c.jpg,SUSPECT,0.004481894672302367,"orientation ambiguë : 2e meilleur départ à 0.00448, proche du meilleur (0.00448, ratio 1.00)"
4bae07ba32112669,ABAURA5633,5453304695077545577,data/crops/organized/organized_ABAURA5633_S2_4bae07ba32112669.jpg,SUSPECT,0.004590406751595626,"orientation ambiguë : 2e meilleur départ à 0.00459, proche du meilleur (0.00459, ratio 1.00)"
4bbdbc4bb5377ac1,CD388391b,5457725356791790273,data/crops/organized/organized_CD388391b_S2_4bbdbc4bb5377ac1.jpg,SUSPECT,0.00450285642826681,"orientation ambiguë : 2e meilleur départ à 0.00450, proche du meilleur (0.00450, ratio 1.00)"
4bbfa58f6277d90f,FR15_ABOM090820071,5458263308647258383,data/crops/organized/organized_FR15_ABOM090820071_P2_4bbfa58f6277d90f.jpg,SUSPECT,0.004432649100015642,"orientation ambiguë : 2e meilleur départ à 0.00443, proche du meilleur (0.00443, ratio 1.00)"
4bc5816d1356d0e1,FR15ABOM210821043,5459912428732469473,data/crops/organized/organized_FR15ABOM210821043_S3_4bc5816d1356d0e1.jpg,SUSPECT,0.004470240958916174,"orientation ambiguë : 2e meilleur départ à 0.00447, proche du meilleur (0.00447, ratio 1.00)"
4bd9de9e204c1147,ABB-2020.00106,5465644393518862663,data/crops/organized/organized_ABB-2020.00106_S2_4bd9de9e204c1147.jpg,SUSPECT,0.004514485024205785,"orientation ambiguë : 2e meilleur départ à 0.00451, proche du meilleur (0.00451, ratio 1.00)"
4bec4ad8d52490c0,FR04ABOM220722031,5470829942497644736,data/crops/organized/organized_FR04ABOM220722031_P2_4bec4ad8d52490c0.jpg,SUSPECT,0.004278526009281843,"orientation ambiguë : 2e meilleur départ à 0.00428, proche du meilleur (0.00428, ratio 1.00)"
4c18ca7f6bbac87a,2019.02167,5483355194940639354,data/crops/organized/organized_2019.02167_S2_4c18ca7f6bbac87a.jpg,SUSPECT,0.004505497850692522,"orientation ambiguë : 2e meilleur départ à 0.00451, proche du meilleur (0.00451, ratio 1.00)"
4c35a5941492dc30,CD388230,5491477376067099696,data/crops/organized/organized_CD388230_S1_4c35a5941492dc30.jpg,SUSPECT,0.004413355306638038,"orientation ambiguë : 2e meilleur départ à 0.00441, proche du meilleur (0.00441, ratio 1.00)"
4c6f90a485538c28,FR74ABOM170722014,5507779905583287336,data/crops/organized/organized_FR74ABOM170722014_S3_4c6f90a485538c28.jpg,SUSPECT,0.004760934927401548,"orientation ambiguë : 2e meilleur départ à 0.00476, proche du meilleur (0.00476, ratio 1.00)"
4c911a51d61f9801,POLLINIS4415,5517219957292636161,data/crops/organized/organized_POLLINIS4415_S3_4c911a51d61f9801.jpg,SUSPECT,0.004393738628035205,"orientation ambiguë : 2e meilleur départ à 0.00439, proche du meilleur (0.00439, ratio 1.00)"
4cadf5fec0ed84b3,FR73ABOM130722065,5525342792360756403,data/crops/organized/organized_FR73ABOM130722065_S3_4cadf5fec0ed84b3.jpg,SUSPECT,0.004599820072069076,"orientation ambiguë : 2e meilleur départ à 0.00460, proche du meilleur (0.00460, ratio 1.00)"
4cb5b113b48d5bba,CD388408,5527518815858809786,data/crops/organized/organized_CD388408_S2_4cb5b113b48d5bba.jpg,SUSPECT,0.00458408258882862,"orientation ambiguë : 2e meilleur départ à 0.00458, proche du meilleur (0.00458, ratio 1.00)"
4cb9f3860e14b05f,FR15_ABOM090820071,5528717774661398623,data/crops/organized/organized_FR15_ABOM090820071_S1_4cb9f3860e14b05f.jpg,SUSPECT,0.004463472202924721,"orientation ambiguë : 2e meilleur départ à 0.00446, proche du meilleur (0.00446, ratio 1.00)"
4cbe479796b954c7,CollecYvan16,5529936108851909831,data/crops/organized/organized_CollecYvan16_P1_4cbe479796b954c7.jpg,SUSPECT,0.004361678430283107,"orientation ambiguë : 2e meilleur départ à 0.00436, proche du meilleur (0.00436, ratio 1.00)"
4ccb8fc03ce5931a,ABAURA8150d,5533674622972957466,data/crops/organized/organized_ABAURA8150d_P1_4ccb8fc03ce5931a.jpg,SUSPECT,0.004338876637155292,"orientation ambiguë : 2e meilleur départ à 0.00434, proche du meilleur (0.00434, ratio 1.00)"
4ce1cc94d5df8def,OPIE_Lapi_130720d,5539933956257844719,data/crops/organized/organized_OPIE_Lapi_130720d_P1_4ce1cc94d5df8def.jpg,SUSPECT,0.004555322683104799,"orientation ambiguë : 2e meilleur départ à 0.00456, proche du meilleur (0.00456, ratio 1.00)"
4d07856e3ffa169e,NoName14,5550551774323676830,data/crops/organized/organized_NoName14_S3_4d07856e3ffa169e.jpg,SUSPECT,0.004430292114200527,"orientation ambiguë : 2e meilleur départ à 0.00443, proche du meilleur (0.00443, ratio 1.00)"
4d223b1ffe7bb1ee,FR15ABOM170821074,5558069898728157678,data/crops/organized/organized_FR15ABOM170821074_S3_4d223b1ffe7bb1ee.jpg,SUSPECT,0.00446867760552133,"orientation ambiguë : 2e meilleur départ à 0.00447, proche du meilleur (0.00447, ratio 1.00)"
4d2acb8e2cd9172a,FR15ABOM170821030,5560480501440517930,data/crops/organized/organized_FR15ABOM170821030_S2_4d2acb8e2cd9172a.jpg,SUSPECT,0.004342977230960162,"orientation ambiguë : 2e meilleur départ à 0.00434, proche du meilleur (0.00434, ratio 1.00)"
4d464764f870c0ed,VAN-2019.00824,5568216488280637677,data/crops/organized/organized_VAN-2019.00824_P3_4d464764f870c0ed.jpg,SUSPECT,0.004810566139961996,"orientation ambiguë : 2e meilleur départ à 0.00481, proche du meilleur (0.00481, ratio 1.00)"
4d492aa58e733a49,OPIE_Lapi_B2b,5569029304768215625,data/crops/organized/organized_OPIE_Lapi_B2b_S3_4d492aa58e733a49.jpg,SUSPECT,0.004865942960208067,"orientation ambiguë : 2e meilleur départ à 0.00487, proche du meilleur (0.00487, ratio 1.00)"
4d7991f365831534,ABAURA8238a,5582653687668610356,data/crops/organized/organized_ABAURA8238a_S3_4d7991f365831534.jpg,SUSPECT,0.004518695484303209,"orientation ambiguë : 2e meilleur départ à 0.00452, proche du meilleur (0.00452, ratio 1.00)"
4d8889627865d95f,ABAURA8150,5586866393772841311,data/crops/organized/organized_ABAURA8150_P1_4d8889627865d95f.jpg,SUSPECT,0.00459434404655586,"orientation ambiguë : 2e meilleur départ à 0.00459, proche du meilleur (0.00459, ratio 1.00)"
4db50ccdb8005c62,CD388623b,5599395789399940194,data/crops/organized/organized_CD388623b_S2_4db50ccdb8005c62.jpg,SUSPECT,0.004520106049807612,"orientation ambiguë : 2e meilleur départ à 0.00452, proche du meilleur (0.00452, ratio 1.00)"
4dc56328273efa2c,CollecYvan16,5603994335440730668,data/crops/organized/organized_CollecYvan16_S1_4dc56328273efa2c.jpg,SUSPECT,0.004411197537392116,"orientation ambiguë : 2e meilleur départ à 0.00441, proche du meilleur (0.00441, ratio 1.00)"
4dca7e8b0e1d3936,FR73ABOM200722028,5605431821918353718,data/crops/organized/organized_FR73ABOM200722028_P1_4dca7e8b0e1d3936.jpg,SUSPECT,0.004657711855153644,"orientation ambiguë : 2e meilleur départ à 0.00466, proche du meilleur (0.00466, ratio 1.00)"
4dcdc96dd3f401f5,CD388235,5606358584690737653,data/crops/organized/organized_CD388235_S3_4dcdc96dd3f401f5.jpg,SUSPECT,0.004536477669751483,"orientation ambiguë : 2e meilleur départ à 0.00454, proche du meilleur (0.00454, ratio 1.00)"
4dd7cd13f6d6e460,CD388146,5609177346542593120,data/crops/organized/organized_CD388146_S1_4dd7cd13f6d6e460.jpg,SUSPECT,0.004504441945412923,"orientation ambiguë : 2e meilleur départ à 0.00450, proche du meilleur (0.00450, ratio 1.00)"
4e2d2da5795ef6f0,2019.02073,5633208897639479024,data/crops/organized/organized_2019.02073_P2_4e2d2da5795ef6f0.jpg,SUSPECT,0.004603075775878903,"orientation ambiguë : 2e meilleur départ à 0.00460, proche du meilleur (0.00460, ratio 1.00)"
4e55a04b3f9dfa1a,2007.0712,5644593953029093914,data/crops/organized/organized_2007.0712_S3_4e55a04b3f9dfa1a.jpg,SUSPECT,0.007662058989577396,"orientation ambiguë : 2e meilleur départ à 0.00766, proche du meilleur (0.00766, ratio 1.00)"
4e675fbe5fcf77c8,FR73ABOM120722118,5649589528815433672,data/crops/organized/organized_FR73ABOM120722118_S1_4e675fbe5fcf77c8.jpg,SUSPECT,0.004800913484383337,"orientation ambiguë : 2e meilleur départ à 0.00480, proche du meilleur (0.00480, ratio 1.00)"
4e699793fe35d096,FR15ABOM210821165,5650213869393924246,data/crops/organized/organized_FR15ABOM210821165_S2_4e699793fe35d096.jpg,FAILED,inf,"17 landmarks, 18 attendus"
4e6d8960aef34ec0,15L2021-1546,5651324155764887232,data/crops/organized/organized_15L2021-1546_P1_4e6d8960aef34ec0.jpg,SUSPECT,0.004472292314983113,"orientation ambiguë : 2e meilleur départ à 0.00447, proche du meilleur (0.00447, ratio 1.00)"
4e74f31ab61f6767,ABAURA8238a,5653410728307025767,data/crops/organized/organized_ABAURA8238a_S1_4e74f31ab61f6767.jpg,SUSPECT,0.004475817381456342,"orientation ambiguë : 2e meilleur départ à 0.00448, proche du meilleur (0.00448, ratio 1.00)"
4eb6186c40a47f22,FR04ABOM220722057,5671747633939775266,data/crops/organized/organized_FR04ABOM220722057_P1_4eb6186c40a47f22.jpg,SUSPECT,0.004335959119814159,"orientation ambiguë : 2e meilleur départ à 0.00434, proche du meilleur (0.00434, ratio 1.00)"
4edb948c69026aff,ABB-2020.00038,5682298685636111103,data/crops/organized/organized_ABB-2020.00038_S2_4edb948c69026aff.jpg,SUSPECT,0.004386608383418666,"orientation ambiguë : 2e meilleur départ à 0.00439, proche du meilleur (0.00439, ratio 1.00)"
4f016d14c452f48c,ABAURA8238c,5692951339933561996,data/crops/organized/organized_ABAURA8238c_S1_4f016d14c452f48c.jpg,SUSPECT,0.004391234547803664,"orientation ambiguë : 2e meilleur départ à 0.00439, proche du meilleur (0.00439, ratio 1.00)"
4f08a4c54c23cf45,FR15_ABOM180720047,5694982896102920005,data/crops/organized/organized_FR15_ABOM180720047_P2_4f08a4c54c23cf45.jpg,SUSPECT,0.004506015881525674,"orientation ambiguë : 2e meilleur départ à 0.00451, proche du meilleur (0.00451, ratio 1.00)"
4f1ea543572279ac,CollecYvan18,5701175886940895660,data/crops/organized/organized_CollecYvan18_S1_4f1ea543572279ac.jpg,SUSPECT,0.004384928825647217,"orientation ambiguë : 2e meilleur départ à 0.00438, proche du meilleur (0.00438, ratio 1.00)"
4f25474c0707295f,FR15ABOM170821030,5703042894995597663,data/crops/organized/organized_FR15ABOM170821030_P2_4f25474c0707295f.jpg,SUSPECT,0.0043712879249457074,"orientation ambiguë : 2e meilleur départ à 0.00437, proche du meilleur (0.00437, ratio 1.00)"
4f385a07e9407caf,ABAURA8885,5708411517716692143,data/crops/organized/organized_ABAURA8885_P1_4f385a07e9407caf.jpg,SUSPECT,0.004506453817395911,"orientation ambiguë : 2e meilleur départ à 0.00451, proche du meilleur (0.00451, ratio 1.00)"
4f4cf167c74b2eef,2020.00294,5714207455253835503,data/crops/organized/organized_2020.00294_S1_4f4cf167c74b2eef.jpg,SUSPECT,0.0045854375395241705,"orientation ambiguë : 2e meilleur départ à 0.00459, proche du meilleur (0.00459, ratio 1.00)"
4f4e6362948cd8de,FR15ABOM200722064,5714614252229941470,data/crops/organized/organized_FR15ABOM200722064_S3_4f4e6362948cd8de.jpg,SUSPECT,0.0042380806232519795,"orientation ambiguë : 2e meilleur départ à 0.00424, proche du meilleur (0.00424, ratio 1.00)"
4f513acae98d3013,NoName13,5715414045286019091,data/crops/organized/organized_NoName13_S1_4f513acae98d3013.jpg,SUSPECT,0.004568208545550232,"orientation ambiguë : 2e meilleur départ à 0.00457, proche du meilleur (0.00457, ratio 1.00)"
4f6052629b3e1df4,FR73ABOM120722021,5719662110225341940,data/crops/organized/organized_FR73ABOM120722021_S2_4f6052629b3e1df4.jpg,SUSPECT,0.004525071758089906,"orientation ambiguë : 2e meilleur départ à 0.00453, proche du meilleur (0.00453, ratio 1.00)"
4f687cf705a07be6,ABAURA4902,5721960726967385062,data/crops/organized/organized_ABAURA4902_S2_4f687cf705a07be6.jpg,SUSPECT,0.0045839130449886675,"orientation ambiguë : 2e meilleur départ à 0.00458, proche du meilleur (0.00458, ratio 1.00)"
4f6c9474bbe1d13d,FR73ABOM200722041,5723112455570313533,data/crops/organized/organized_FR73ABOM200722041_S1_4f6c9474bbe1d13d.jpg,SUSPECT,0.004498027352993698,"orientation ambiguë : 2e meilleur départ à 0.00450, proche du meilleur (0.00450, ratio 1.00)"
4f8bcaba34d3b98a,NoName1,5731897851858106762,data/crops/organized/organized_NoName1_S1_4f8bcaba34d3b98a.jpg,SUSPECT,0.0046873284470493465,"orientation ambiguë : 2e meilleur départ à 0.00469, proche du meilleur (0.00469, ratio 1.00)"
4f90fb857e60b33a,FR15ABOM210821043,5733358876412130106,data/crops/organized/organized_FR15ABOM210821043_P1_4f90fb857e60b33a.jpg,SUSPECT,0.004572101361436091,"orientation ambiguë : 2e meilleur départ à 0.00457, proche du meilleur (0.00457, ratio 1.00)"
4f9dc6e5a5f6faf8,FR04ABOM220722046,5736960189974117112,data/crops/organized/organized_FR04ABOM220722046_P1_4f9dc6e5a5f6faf8.jpg,SUSPECT,0.004580042878447339,"orientation ambiguë : 2e meilleur départ à 0.00458, proche du meilleur (0.00458, ratio 1.00)"
4fac90e43cdcc2c3,FR15ABOM200722064,5741122934938583747,data/crops/organized/organized_FR15ABOM200722064_S2_4fac90e43cdcc2c3.jpg,SUSPECT,0.0042739590626464695,"orientation ambiguë : 2e meilleur départ à 0.00427, proche du meilleur (0.00427, ratio 1.00)"
4fbd751b459927d9,15L2021-1483,5745877459586852825,data/crops/organized/organized_15L2021-1483_P1_4fbd751b459927d9.jpg,SUSPECT,0.004534132877986338,"orientation ambiguë : 2e meilleur départ à 0.00453, proche du meilleur (0.00453, ratio 1.00)"
4fd8e6d3e876c20d,NoName13,5753602321778393613,data/crops/organized/organized_NoName13_S3_4fd8e6d3e876c20d.jpg,SUSPECT,0.004550729235357358,"orientation ambiguë : 2e meilleur départ à 0.00455, proche du meilleur (0.00455, ratio 1.00)"
4fddf7c7670ac560,2019.02175,5755028334648673632,data/crops/organized/organized_2019.02175_S3_4fddf7c7670ac560.jpg,SUSPECT,0.004671472999696997,"orientation ambiguë : 2e meilleur départ à 0.00467, proche du meilleur (0.00467, ratio 1.00)"
4fe9f9d0c2cb8a53,FR15_ABOM023082020028,5758408273586522707,data/crops/organized/organized_FR15_ABOM023082020028_S3_4fe9f9d0c2cb8a53.jpg,SUSPECT,0.004623437163901959,"orientation ambiguë : 2e meilleur départ à 0.00462, proche du meilleur (0.00462, ratio 1.00)"
5081558cf59eaa3d,15L2021-1757,5801011858934508093,data/crops/organized/organized_15L2021-1757_S2_5081558cf59eaa3d.jpg,SUSPECT,0.004713462044652605,"orientation ambiguë : 2e meilleur départ à 0.00471, proche du meilleur (0.00471, ratio 1.00)"
50884eb62aa45030,OPIE_Lapi_030803,5802974664173310000,data/crops/organized/organized_OPIE_Lapi_030803_S2_50884eb62aa45030.jpg,SUSPECT,0.004421149865295614,"orientation ambiguë : 2e meilleur départ à 0.00442, proche du meilleur (0.00442, ratio 1.00)"
50ca09299fc38dd6,FR73ABOM200722030,5821475542708489686,data/crops/organized/organized_FR73ABOM200722030_P1_50ca09299fc38dd6.jpg,SUSPECT,0.004317930051066467,"orientation ambiguë : 2e meilleur départ à 0.00432, proche du meilleur (0.00432, ratio 1.00)"
50ccbfbdcf775ea3,OPIE_Lapi_130720b,5822239240233639587,data/crops/organized/organized_OPIE_Lapi_130720b_P2_50ccbfbdcf775ea3.jpg,SUSPECT,0.0043784595693380736,"orientation ambiguë : 2e meilleur départ à 0.00438, proche du meilleur (0.00438, ratio 1.00)"
50e00ec4dd1367f0,N205,5827674156502837232,data/crops/organized/organized_N205_S1_50e00ec4dd1367f0.jpg,SUSPECT,0.004647370077500737,"orientation ambiguë : 2e meilleur départ à 0.00465, proche du meilleur (0.00465, ratio 1.00)"
50f28dbe07ae19eb,FR15ABOM210821115,5832880314710366699,data/crops/organized/organized_FR15ABOM210821115_P1_50f28dbe07ae19eb.jpg,SUSPECT,0.004419434147654599,"orientation ambiguë : 2e meilleur départ à 0.00442, proche du meilleur (0.00442, ratio 1.00)"
5131f0a9a654a9bb,2020.03936,5850722002361690555,data/crops/organized/organized_2020.03936_S2_5131f0a9a654a9bb.jpg,SUSPECT,0.004682189428579929,"orientation ambiguë : 2e meilleur départ à 0.00468, proche du meilleur (0.00468, ratio 1.00)"
51648e2b0da57f93,FR15ABOM220821043,5864968930306916243,data/crops/organized/organized_FR15ABOM220821043_S2_51648e2b0da57f93.jpg,SUSPECT,0.0047972845331630725,"orientation ambiguë : 2e meilleur départ à 0.00480, proche du meilleur (0.00480, ratio 1.00)"
51726361a5652e2d,FR15ABOM210821125,5868862535455026733,data/crops/organized/organized_FR15ABOM210821125_S3_51726361a5652e2d.jpg,SUSPECT,0.004618161853732904,"orientation ambiguë : 2e meilleur départ à 0.00462, proche du meilleur (0.00462, ratio 1.00)"
5190f4c9e8b71d1e,OPPO.2021.03276,5877466661748415774,data/crops/organized/organized_OPPO.2021.03276_S1_5190f4c9e8b71d1e.jpg,SUSPECT,0.004534972865384321,"orientation ambiguë : 2e meilleur départ à 0.00453, proche du meilleur (0.00453, ratio 1.00)"
51b42246c235ec52,FR15ABOM210822013,5887368300181449810,data/crops/organized/organized_FR15ABOM210822013_S2_51b42246c235ec52.jpg,SUSPECT,0.004337131902138414,"orientation ambiguë : 2e meilleur départ à 0.00434, proche du meilleur (0.00434, ratio 1.00)"
51fca757187f1153,FR15ABOM200722064,5907780803718222163,data/crops/organized/organized_FR15ABOM200722064_P2_51fca757187f1153.jpg,SUSPECT,0.004185441488053914,"orientation ambiguë : 2e meilleur départ à 0.00419, proche du meilleur (0.00419, ratio 1.00)"
520f8860f9487e39,FR15ABOM200821005,5913094785841266233,data/crops/organized/organized_FR15ABOM200821005_S3_520f8860f9487e39.jpg,SUSPECT,0.004401017585819732,"orientation ambiguë : 2e meilleur départ à 0.00440, proche du meilleur (0.00440, ratio 1.00)"
521c96bd64cbedf4,ABAURA5633,5916769750642060788,data/crops/organized/organized_ABAURA5633_S1_521c96bd64cbedf4.jpg,SUSPECT,0.004515903594889961,"orientation ambiguë : 2e meilleur départ à 0.00452, proche du meilleur (0.00452, ratio 1.00)"
523de63a3c1c65d1,FR73ABOM140722009,5926145822480426449,data/crops/organized/organized_FR73ABOM140722009_P2_523de63a3c1c65d1.jpg,SUSPECT,0.004746081518682639,"orientation ambiguë : 2e meilleur départ à 0.00475, proche du meilleur (0.00475, ratio 1.00)"
5246006b21152322,FR15ABOM210821212,5928426419596370722,data/crops/organized/organized_FR15ABOM210821212_S2_5246006b21152322.jpg,SUSPECT,0.0046100263338743576,"orientation ambiguë : 2e meilleur départ à 0.00461, proche du meilleur (0.00461, ratio 1.00)"
525578c3ec4edcff,OPIE_Lapi_220620c,5932780867009043711,data/crops/organized/organized_OPIE_Lapi_220620c_S1_525578c3ec4edcff.jpg,SUSPECT,0.004524565031228517,"orientation ambiguë : 2e meilleur départ à 0.00452, proche du meilleur (0.00452, ratio 1.00)"
5279667a13ada6bc,2020.06243,5942893857794270908,data/crops/organized/organized_2020.06243_S1_5279667a13ada6bc.jpg,SUSPECT,0.0044113605691635475,"orientation ambiguë : 2e meilleur départ à 0.00441, proche du meilleur (0.00441, ratio 1.00)"
52c1931fbedb2108,FR15_ABOM170820030,5963209146170548488,data/crops/organized/organized_FR15_ABOM170820030_S3_52c1931fbedb2108.jpg,SUSPECT,0.004571587590687628,"orientation ambiguë : 2e meilleur départ à 0.00457, proche du meilleur (0.00457, ratio 1.00)"
52c1f70c20b31941,FR15ABOM210821125,5963319013075523905,data/crops/organized/organized_FR15ABOM210821125_S2_52c1f70c20b31941.jpg,SUSPECT,0.00466486254631017,"orientation ambiguë : 2e meilleur départ à 0.00466, proche du meilleur (0.00466, ratio 1.00)"
52e4828c8f8da2bb,FR73ABOM200722031,5973042546015576763,data/crops/organized/organized_FR73ABOM200722031_P2_52e4828c8f8da2bb.jpg,SUSPECT,0.0043677540884985815,"orientation ambiguë : 2e meilleur départ à 0.00437, proche du meilleur (0.00437, ratio 1.00)"
52fe160dfe26c6f6,ABAURA8239c,5980241604548937462,data/crops/organized/organized_ABAURA8239c_S2_52fe160dfe26c6f6.jpg,SUSPECT,0.004523054356755201,"orientation ambiguë : 2e meilleur départ à 0.00452, proche du meilleur (0.00452, ratio 1.00)"
53006a783ac4f6fd,FR73ABOM200722041,5980897369762625277,data/crops/organized/organized_FR73ABOM200722041_S2_53006a783ac4f6fd.jpg,SUSPECT,0.004537576589140833,"orientation ambiguë : 2e meilleur départ à 0.00454, proche du meilleur (0.00454, ratio 1.00)"
530507d35d3f9a6e,CD388809,5982196284415515246,data/crops/organized/organized_CD388809_S3_530507d35d3f9a6e.jpg,SUSPECT,0.004636528448342118,"orientation ambiguë : 2e meilleur départ à 0.00464, proche du meilleur (0.00464, ratio 1.00)"
53139fb02ad3c23f,FR73ABOM130722066,5986303908687102527,data/crops/organized/organized_FR73ABOM130722066_P2_53139fb02ad3c23f.jpg,SUSPECT,0.0047772277484519855,"orientation ambiguë : 2e meilleur départ à 0.00478, proche du meilleur (0.00478, ratio 1.00)"
5335ac3e4902c20c,ABAURA5103,5995887862426550796,data/crops/organized/organized_ABAURA5103_S2_5335ac3e4902c20c.jpg,SUSPECT,0.00475413927599959,"orientation ambiguë : 2e meilleur départ à 0.00475, proche du meilleur (0.00475, ratio 1.00)"
53471a3803d75081,ABAURA4898,6000793856379408513,data/crops/organized/organized_ABAURA4898_S2_53471a3803d75081.jpg,SUSPECT,0.0049086031025158796,"orientation ambiguë : 2e meilleur départ à 0.00491, proche du meilleur (0.00491, ratio 1.00)"
53471c4e279d1a08,ABB.2017.20260,6000796150492109320,data/crops/organized/organized_ABB.2017.20260_S1_53471c4e279d1a08.jpg,SUSPECT,0.004551874582293519,"orientation ambiguë : 2e meilleur départ à 0.00455, proche du meilleur (0.00455, ratio 1.00)"
535f83cd9e3a051f,FR73ABOM200722029,6007665347081667871,data/crops/organized/organized_FR73ABOM200722029_S2_535f83cd9e3a051f.jpg,SUSPECT,0.0044190352461857905,"orientation ambiguë : 2e meilleur départ à 0.00442, proche du meilleur (0.00442, ratio 1.00)"
5364621e7e784cfa,15L2021-1483,6009035685929438458,data/crops/organized/organized_15L2021-1483_S2_5364621e7e784cfa.jpg,SUSPECT,0.004565332953569259,"orientation ambiguë : 2e meilleur départ à 0.00457, proche du meilleur (0.00457, ratio 1.00)"
5377d021f2a4f5b2,FR15ABOM210821174,6014504671599982002,data/crops/organized/organized_FR15ABOM210821174_P2_5377d021f2a4f5b2.jpg,SUSPECT,0.004506194706661271,"orientation ambiguë : 2e meilleur départ à 0.00451, proche du meilleur (0.00451, ratio 1.00)"
53c33e0ee273e19e,CD388229,6035736159256306078,data/crops/organized/organized_CD388229_S2_53c33e0ee273e19e.jpg,SUSPECT,0.004575236400279698,"orientation ambiguë : 2e meilleur départ à 0.00458, proche du meilleur (0.00458, ratio 1.00)"
5414f4f40e4b6899,FR15_STPONCY300921002,6058736727769180313,data/crops/organized/organized_FR15_STPONCY300921002_P2_5414f4f40e4b6899.jpg,SUSPECT,0.004591720777058341,"orientation ambiguë : 2e meilleur départ à 0.00459, proche du meilleur (0.00459, ratio 1.00)"
541a93fa9f9ea3bf,FR15ABOM200821010,6060318953209504703,data/crops/organized/organized_FR15ABOM200821010_P1_541a93fa9f9ea3bf.jpg,SUSPECT,0.0044084583829039434,"orientation ambiguë : 2e meilleur départ à 0.00441, proche du meilleur (0.00441, ratio 1.00)"
54425cf97890ff26,ABAURA8604,6071517474188230438,data/crops/organized/organized_ABAURA8604_P2_54425cf97890ff26.jpg,SUSPECT,0.004248596145874005,"orientation ambiguë : 2e meilleur départ à 0.00425, proche du meilleur (0.00425, ratio 1.00)"
546d6df38cbf9804,FR15AB100518002,6083639564453255172,data/crops/organized/organized_FR15AB100518002_P1_546d6df38cbf9804.jpg,SUSPECT,0.004504591181521707,"orientation ambiguë : 2e meilleur départ à 0.00450, proche du meilleur (0.00450, ratio 1.00)"
54838c3f42c9cd04,FR15ABOM150820018,6089865324466392324,data/crops/organized/organized_FR15ABOM150820018_P2_54838c3f42c9cd04.jpg,SUSPECT,0.004605636782887838,"orientation ambiguë : 2e meilleur départ à 0.00461, proche du meilleur (0.00461, ratio 1.00)"
5483d9aadf4967fd,ABAURA5593,6089950449048840189,data/crops/organized/organized_ABAURA5593_S1_5483d9aadf4967fd.jpg,SUSPECT,0.004639720530290933,"orientation ambiguë : 2e meilleur départ à 0.00464, proche du meilleur (0.00464, ratio 1.00)"
5484f1f3bf3d6a79,2019.02059,6090258625299573369,data/crops/organized/organized_2019.02059_S3_5484f1f3bf3d6a79.jpg,SUSPECT,0.004515581065840002,"orientation ambiguë : 2e meilleur départ à 0.00452, proche du meilleur (0.00452, ratio 1.00)"
548a5dbb6283e544,FR15ABOM210821110,6091784505365095748,data/crops/organized/organized_FR15ABOM210821110_P1_548a5dbb6283e544.jpg,SUSPECT,0.004393078097056587,"orientation ambiguë : 2e meilleur départ à 0.00439, proche du meilleur (0.00439, ratio 1.00)"
54c9b09d1872646e,2019.02184,6109608558271292526,data/crops/organized/organized_2019.02184_P1_54c9b09d1872646e.jpg,SUSPECT,0.00464489908891608,"orientation ambiguë : 2e meilleur départ à 0.00464, proche du meilleur (0.00464, ratio 1.00)"
54c9e59455a0191b,15L2021-1731,6109666794759264539,data/crops/organized/organized_15L2021-1731_S3_54c9e59455a0191b.jpg,SUSPECT,0.004877836033313093,"orientation ambiguë : 2e meilleur départ à 0.00488, proche du meilleur (0.00488, ratio 1.00)"
54e13330eef889f7,CD388862,6116226054206556663,data/crops/organized/organized_CD388862_S2_54e13330eef889f7.jpg,SUSPECT,0.004330518444546509,"orientation ambiguë : 2e meilleur départ à 0.00433, proche du meilleur (0.00433, ratio 1.00)"
55071880353a83c1,ABAURA8599,6126892756988756929,data/crops/organized/organized_ABAURA8599_S2_55071880353a83c1.jpg,SUSPECT,0.004340619351147271,"orientation ambiguë : 2e meilleur départ à 0.00434, proche du meilleur (0.00434, ratio 1.00)"
55155adffc578880,OPIE_Lapi_220620,6130906385792600192,data/crops/organized/organized_OPIE_Lapi_220620_S2_55155adffc578880.jpg,SUSPECT,0.004543393308012705,"orientation ambiguë : 2e meilleur départ à 0.00454, proche du meilleur (0.00454, ratio 1.00)"
5548ee00ab850be6,2019.02175,6145423378192075750,data/crops/organized/organized_2019.02175_S2_5548ee00ab850be6.jpg,SUSPECT,0.004594232340169196,"orientation ambiguë : 2e meilleur départ à 0.00459, proche du meilleur (0.00459, ratio 1.00)"
558ee31b272a3e7b,FR73ABOM130722004,6165114645677489787,data/crops/organized/organized_FR73ABOM130722004_P1_558ee31b272a3e7b.jpg,SUSPECT,0.004646376057749408,"orientation ambiguë : 2e meilleur départ à 0.00465, proche du meilleur (0.00465, ratio 1.00)"
55e344c20b118f53,FR15ABOM210821211,6188865913137237843,data/crops/organized/organized_FR15ABOM210821211_S2_55e344c20b118f53.jpg,SUSPECT,0.0046238185191193005,"orientation ambiguë : 2e meilleur départ à 0.00462, proche du meilleur (0.00462, ratio 1.00)"
55e8f3344323344c,CD388018b,6190465093610976332,data/crops/organized/organized_CD388018b_S3_55e8f3344323344c.jpg,SUSPECT,0.004558536257510071,"orientation ambiguë : 2e meilleur départ à 0.00456, proche du meilleur (0.00456, ratio 1.00)"
55f1ff3b4e515dc6,CD388235,6193011592793251270,data/crops/organized/organized_CD388235_S1_55f1ff3b4e515dc6.jpg,SUSPECT,0.004521021581524221,"orientation ambiguë : 2e meilleur départ à 0.00452, proche du meilleur (0.00452, ratio 1.00)"
55fdcd7f03e011cb,ABAURA7781b,6196334607741227467,data/crops/organized/organized_ABAURA7781b_S3_55fdcd7f03e011cb.jpg,SUSPECT,0.004594179581060679,"orientation ambiguë : 2e meilleur départ à 0.00459, proche du meilleur (0.00459, ratio 1.00)"
5616bc2f4ea06c4c,CollecYvan21,6203352448118058060,data/crops/organized/organized_CollecYvan21_P1_5616bc2f4ea06c4c.jpg,SUSPECT,0.0044471322352202065,"orientation ambiguë : 2e meilleur départ à 0.00445, proche du meilleur (0.00445, ratio 1.00)"
561a8db7246b4d99,CD388872c,6204427254385823129,data/crops/organized/organized_CD388872c_S1_561a8db7246b4d99.jpg,SUSPECT,0.004459246816457218,"orientation ambiguë : 2e meilleur départ à 0.00446, proche du meilleur (0.00446, ratio 1.00)"
563c4cdcce3c8100,CollecYvan21,6213926097101029632,data/crops/organized/organized_CollecYvan21_S1_563c4cdcce3c8100.jpg,SUSPECT,0.004410323762288729,"orientation ambiguë : 2e meilleur départ à 0.00441, proche du meilleur (0.00441, ratio 1.00)"
564dccf296e8f4e5,ABAURA8607,6218852002754524389,data/crops/organized/organized_ABAURA8607_S1_564dccf296e8f4e5.jpg,SUSPECT,0.00459621542937093,"orientation ambiguë : 2e meilleur départ à 0.00460, proche du meilleur (0.00460, ratio 1.00)"
56677fa3efcb35f8,NoName1,6226085351942469112,data/crops/organized/organized_NoName1_P2_56677fa3efcb35f8.jpg,SUSPECT,0.004584781901990668,"orientation ambiguë : 2e meilleur départ à 0.00458, proche du meilleur (0.00458, ratio 1.00)"
5687df8f24c6cbcc,POLLINIS4393,6235198015008066508,data/crops/organized/organized_POLLINIS4393_S3_5687df8f24c6cbcc.jpg,SUSPECT,0.004641115033035534,"orientation ambiguë : 2e meilleur départ à 0.00464, proche du meilleur (0.00464, ratio 1.00)"
568dd869160c4c36,FR73ABOM130722063,6236879004831075382,data/crops/organized/organized_FR73ABOM130722063_P1_568dd869160c4c36.jpg,SUSPECT,0.004600179434612661,"orientation ambiguë : 2e meilleur départ à 0.00460, proche du meilleur (0.00460, ratio 1.00)"
569cf8bcd8365667,FR15_ABOM09082020094,6241136673593644647,data/crops/organized/organized_FR15_ABOM09082020094_S2_569cf8bcd8365667.jpg,SUSPECT,0.004590258837924608,"orientation ambiguë : 2e meilleur départ à 0.00459, proche du meilleur (0.00459, ratio 1.00)"
56bc8a66bf253cf5,OPIE_Lapi_240620,6250022556781591797,data/crops/organized/organized_OPIE_Lapi_240620_S3_56bc8a66bf253cf5.jpg,SUSPECT,0.0044245945787321685,"orientation ambiguë : 2e meilleur départ à 0.00442, proche du meilleur (0.00442, ratio 1.00)"
56fe30ba637e15f6,ABAURA8885f,6268501308437566966,data/crops/organized/organized_ABAURA8885f_S2_56fe30ba637e15f6.jpg,SUSPECT,0.004533735703517287,"orientation ambiguë : 2e meilleur départ à 0.00453, proche du meilleur (0.00453, ratio 1.00)"
5701ed9773484541,FR15_ABOM30072020036,6269553391006401857,data/crops/organized/organized_FR15_ABOM30072020036_S1_5701ed9773484541.jpg,SUSPECT,0.004134225018083285,"orientation ambiguë : 2e meilleur départ à 0.00413, proche du meilleur (0.00413, ratio 1.00)"
570bde1b0a8975e4,N407,6272351113765811684,data/crops/organized/organized_N407_S2_570bde1b0a8975e4.jpg,SUSPECT,0.0044993996596038414,"orientation ambiguë : 2e meilleur départ à 0.00450, proche du meilleur (0.00450, ratio 1.00)"
5716c052993058f5,FR73ABOM130722029,6275414591777298677,data/crops/organized/organized_FR73ABOM130722029_S2_5716c052993058f5.jpg,SUSPECT,0.004508553943225308,"orientation ambiguë : 2e meilleur départ à 0.00451, proche du meilleur (0.00451, ratio 1.00)"
57327a48f30619c5,POLLINIS4455,6283218883868760517,data/crops/organized/organized_POLLINIS4455_S1_57327a48f30619c5.jpg,SUSPECT,0.004670067701401128,"orientation ambiguë : 2e meilleur départ à 0.00467, proche du meilleur (0.00467, ratio 1.00)"
5736baf83922f52c,CollecYvan21,6284415905315353900,data/crops/organized/organized_CollecYvan21_S3_5736baf83922f52c.jpg,SUSPECT,0.00440007274573768,"orientation ambiguë : 2e meilleur départ à 0.00440, proche du meilleur (0.00440, ratio 1.00)"
573c94effa63ba45,FR15ABOM120621015,6286062938321304133,data/crops/organized/organized_FR15ABOM120621015_S1_573c94effa63ba45.jpg,FAILED,inf,"11 landmarks, 18 attendus"
573e16f544a4b31e,D264520,6286487372530234142,data/crops/organized/organized_D264520_S3_573e16f544a4b31e.jpg,SUSPECT,0.004636221054309351,"orientation ambiguë : 2e meilleur départ à 0.00464, proche du meilleur (0.00464, ratio 1.00)"
57594cb4054693b0,ABAURA8205b,6294146290293314480,data/crops/organized/organized_ABAURA8205b_P1_57594cb4054693b0.jpg,SUSPECT,0.004611822951297743,"orientation ambiguë : 2e meilleur départ à 0.00461, proche du meilleur (0.00461, ratio 1.00)"
57906dd018b512de,FR74ABOM170722014,6309663818481210078,data/crops/organized/organized_FR74ABOM170722014_S1_57906dd018b512de.jpg,SUSPECT,0.0047088954875367,"orientation ambiguë : 2e meilleur départ à 0.00471, proche du meilleur (0.00471, ratio 1.00)"
57908d6ff72ccb9a,CollecYvan16,6309698589973859226,data/crops/organized/organized_CollecYvan16_S2_57908d6ff72ccb9a.jpg,SUSPECT,0.004357188856632835,"orientation ambiguë : 2e meilleur départ à 0.00436, proche du meilleur (0.00436, ratio 1.00)"
57d7c5838e2069bb,N205,6329744970108398011,data/crops/organized/organized_N205_P1_57d7c5838e2069bb.jpg,SUSPECT,0.0046511214527668494,"orientation ambiguë : 2e meilleur départ à 0.00465, proche du meilleur (0.00465, ratio 1.00)"
57df3bc3813784ad,CD388018d,6331845311978767533,data/crops/organized/organized_CD388018d_S2_57df3bc3813784ad.jpg,SUSPECT,0.004454772433836564,"orientation ambiguë : 2e meilleur départ à 0.00445, proche du meilleur (0.00445, ratio 1.00)"
57e94c820ad94aee,FR15ABOM210821112,6334678472284785390,data/crops/organized/organized_FR15ABOM210821112_S2_57e94c820ad94aee.jpg,SUSPECT,0.004619220856057721,"orientation ambiguë : 2e meilleur départ à 0.00462, proche du meilleur (0.00462, ratio 1.00)"
57f04c69d5263995,FR15ABOM170821018,6336648693141617045,data/crops/organized/organized_FR15ABOM170821018_P2_57f04c69d5263995.jpg,SUSPECT,0.004534402573874587,"orientation ambiguë : 2e meilleur départ à 0.00453, proche du meilleur (0.00453, ratio 1.00)"
57f330cc01d6d1ac,OPIE_Lapi_030803b,6337462753402737068,data/crops/organized/organized_OPIE_Lapi_030803b_S3_57f330cc01d6d1ac.jpg,SUSPECT,0.004485909608707188,"orientation ambiguë : 2e meilleur départ à 0.00449, proche du meilleur (0.00449, ratio 1.00)"
5801dd87af8c3a37,VAN-2019.00822,6341593325149895223,data/crops/organized/organized_VAN-2019.00822_S3_5801dd87af8c3a37.jpg,SUSPECT,0.00469440242535773,"orientation ambiguë : 2e meilleur départ à 0.00469, proche du meilleur (0.00469, ratio 1.00)"
5882fc50e0e6fa65,2020.03886,6377937446610860645,data/crops/organized/organized_2020.03886_P1_5882fc50e0e6fa65.jpg,SUSPECT,0.004308442795090749,"orientation ambiguë : 2e meilleur départ à 0.00431, proche du meilleur (0.00431, ratio 1.00)"
589285d4ac60bfc3,FR04ABOM220722047,6382310770408996803,data/crops/organized/organized_FR04ABOM220722047_S2_589285d4ac60bfc3.jpg,SUSPECT,0.004376096219166953,"orientation ambiguë : 2e meilleur départ à 0.00438, proche du meilleur (0.00438, ratio 1.00)"
58ddbc07eebeee00,FR73ABOM120722103,6403480987446996480,data/crops/organized/organized_FR73ABOM120722103_S3_58ddbc07eebeee00.jpg,SUSPECT,0.004444195199387745,"orientation ambiguë : 2e meilleur départ à 0.00444, proche du meilleur (0.00444, ratio 1.00)"
592d2e539602424b,FR15ABOM200821215,6425843179861459531,data/crops/organized/organized_FR15ABOM200821215_P2_592d2e539602424b.jpg,SUSPECT,0.004312271800884029,"orientation ambiguë : 2e meilleur départ à 0.00431, proche du meilleur (0.00431, ratio 1.00)"
593085f19561e539,CD388623e,6426783940897531193,data/crops/organized/organized_CD388623e_S1_593085f19561e539.jpg,SUSPECT,0.004445591419090902,"orientation ambiguë : 2e meilleur départ à 0.00445, proche du meilleur (0.00445, ratio 1.00)"
595a266320f1827c,ABAURA8885,6438500824475861628,data/crops/organized/organized_ABAURA8885_S3_595a266320f1827c.jpg,SUSPECT,0.004597491839097198,"orientation ambiguë : 2e meilleur départ à 0.00460, proche du meilleur (0.00460, ratio 1.00)"
595b1a9f93f9ea49,2020.04044,6438769364941007433,data/crops/organized/organized_2020.04044_S2_595b1a9f93f9ea49.jpg,SUSPECT,0.004618787730723415,"orientation ambiguë : 2e meilleur départ à 0.00462, proche du meilleur (0.00462, ratio 1.00)"
59916f1089a5fa65,FR15ABOM170821074,6454061857818147429,data/crops/organized/organized_FR15ABOM170821074_P1_59916f1089a5fa65.jpg,SUSPECT,0.004500051531987373,"orientation ambiguë : 2e meilleur départ à 0.00450, proche du meilleur (0.00450, ratio 1.00)"
5997127a98a33592,FR15ABOM130621006,6455648908615038354,data/crops/organized/organized_FR15ABOM130621006_S2_5997127a98a33592.jpg,FAILED,inf,"16 landmarks, 18 attendus"
59a122fe39201ce8,CD387770b,6458481815901445352,data/crops/organized/organized_CD387770b_P1_59a122fe39201ce8.jpg,SUSPECT,0.004538923076598031,"orientation ambiguë : 2e meilleur départ à 0.00454, proche du meilleur (0.00454, ratio 1.00)"
59db94cb69c7f57d,ABAURA4898,6474932490649204093,data/crops/organized/organized_ABAURA4898_P2_59db94cb69c7f57d.jpg,SUSPECT,0.00494246457786537,"orientation ambiguë : 2e meilleur départ à 0.00494, proche du meilleur (0.00494, ratio 1.00)"
59ed2db13318152a,2020.06348,6479885677945689386,data/crops/organized/organized_2020.06348_S2_59ed2db13318152a.jpg,SUSPECT,0.0044766040528913895,"orientation ambiguë : 2e meilleur départ à 0.00448, proche du meilleur (0.00448, ratio 1.00)"
5a0fa5551c32ae70,FR15ABOM210822014,6489587373028060784,data/crops/organized/organized_FR15ABOM210822014_S1_5a0fa5551c32ae70.jpg,SUSPECT,0.004315251602533854,"orientation ambiguë : 2e meilleur départ à 0.00432, proche du meilleur (0.00432, ratio 1.00)"
5a3df458615fe613,FR74ABOM160722001,6502622097420838419,data/crops/organized/organized_FR74ABOM160722001_S2_5a3df458615fe613.jpg,SUSPECT,0.004465799304999282,"orientation ambiguë : 2e meilleur départ à 0.00447, proche du meilleur (0.00447, ratio 1.00)"
5a4830454d4ed574,FR15ABOM220821055,6505502735944570228,data/crops/organized/organized_FR15ABOM220821055_P2_5a4830454d4ed574.jpg,SUSPECT,0.004498582066008014,"orientation ambiguë : 2e meilleur départ à 0.00450, proche du meilleur (0.00450, ratio 1.00)"
5a4abbbc9583eb78,FR15ABOM100721047,6506219030326799224,data/crops/organized/organized_FR15ABOM100721047_P1_5a4abbbc9583eb78.jpg,SUSPECT,0.004621377347027554,"orientation ambiguë : 2e meilleur départ à 0.00462, proche du meilleur (0.00462, ratio 1.00)"
5a5efd17a2622447,FR73ABOM130722027,6511920389174731847,data/crops/organized/organized_FR73ABOM130722027_P1_5a5efd17a2622447.jpg,SUSPECT,0.004571808023008049,"orientation ambiguë : 2e meilleur départ à 0.00457, proche du meilleur (0.00457, ratio 1.00)"
5a83588474bbeec1,2019.02073,6522154011280010945,data/crops/organized/organized_2019.02073_S1_5a83588474bbeec1.jpg,SUSPECT,0.0046562765966618805,"orientation ambiguë : 2e meilleur départ à 0.00466, proche du meilleur (0.00466, ratio 1.00)"
5ab9d78236dd1b7e,BAR-2018.00871,6537493288371166078,data/crops/organized/organized_BAR-2018.00871_S3_5ab9d78236dd1b7e.jpg,SUSPECT,0.0045357374131583346,"orientation ambiguë : 2e meilleur départ à 0.00454, proche du meilleur (0.00454, ratio 1.00)"
5abd227b51ccb266,ABAURA7153,6538420147060519526,data/crops/organized/organized_ABAURA7153_S3_5abd227b51ccb266.jpg,SUSPECT,0.004264034042548583,"orientation ambiguë : 2e meilleur départ à 0.00426, proche du meilleur (0.00426, ratio 1.00)"
5ac788b83c6a7402,UBC-2011.0157,6541347308647904258,data/crops/organized/organized_UBC-2011.0157_P4_5ac788b83c6a7402.jpg,FAILED,inf,"15 landmarks, 18 attendus"
5ad7ac0d6798b73a,N385,6545889756978919226,data/crops/organized/organized_N385_S2_5ad7ac0d6798b73a.jpg,SUSPECT,0.004271499631258192,"orientation ambiguë : 2e meilleur départ à 0.00427, proche du meilleur (0.00427, ratio 1.00)"
5af723cda2ef6cbf,NoName15,6554747148769914047,data/crops/organized/organized_NoName15_S2_5af723cda2ef6cbf.jpg,SUSPECT,0.00441005772791286,"orientation ambiguë : 2e meilleur départ à 0.00441, proche du meilleur (0.00441, ratio 1.00)"
5af72a1bf257eafa,OPIE_Lapi_100820,6554754082179377914,data/crops/organized/organized_OPIE_Lapi_100820_S3_5af72a1bf257eafa.jpg,SUSPECT,0.004278048236264054,"orientation ambiguë : 2e meilleur départ à 0.00428, proche du meilleur (0.00428, ratio 1.00)"
5afa0a3552ad7a5d,ABAURA8885d,6555563431727823453,data/crops/organized/organized_ABAURA8885d_S2_5afa0a3552ad7a5d.jpg,SUSPECT,0.0045265572678729014,"orientation ambiguë : 2e meilleur départ à 0.00453, proche du meilleur (0.00453, ratio 1.00)"
5b012d29a66a84d3,ABAURA8607,6557572189337060563,data/crops/organized/organized_ABAURA8607_P2_5b012d29a66a84d3.jpg,SUSPECT,0.004604020527642025,"orientation ambiguë : 2e meilleur départ à 0.00460, proche du meilleur (0.00460, ratio 1.00)"
5b278bec55d86a3d,FR15ABOM170821074,6568372428711946813,data/crops/organized/organized_FR15ABOM170821074_S2_5b278bec55d86a3d.jpg,SUSPECT,0.004477907596782578,"orientation ambiguë : 2e meilleur départ à 0.00448, proche du meilleur (0.00448, ratio 1.00)"
5b3a038e81c8073a,Znieff_galibier,6573570516698269498,data/crops/organized/organized_Znieff_galibier_S2_5b3a038e81c8073a.jpg,SUSPECT,0.004479889536947911,"orientation ambiguë : 2e meilleur départ à 0.00448, proche du meilleur (0.00448, ratio 1.00)"
5b4c8da259870228,FR15_ABOM30072020071,6578788884107690536,data/crops/organized/organized_FR15_ABOM30072020071_P1_5b4c8da259870228.jpg,SUSPECT,0.004526737091060971,"orientation ambiguë : 2e meilleur départ à 0.00453, proche du meilleur (0.00453, ratio 1.00)"
5b64e2616ca4cd6c,D264515,6585637463184952684,data/crops/organized/organized_D264515_S2_5b64e2616ca4cd6c.jpg,SUSPECT,0.004329754750383009,"orientation ambiguë : 2e meilleur départ à 0.00433, proche du meilleur (0.00433, ratio 1.00)"
5b8d704833742823,NoName10,6597052484570851363,data/crops/organized/organized_NoName10_S3_5b8d704833742823.jpg,SUSPECT,0.00443488414353903,"orientation ambiguë : 2e meilleur départ à 0.00443, proche du meilleur (0.00443, ratio 1.00)"
5ba134690b62e705,CD388612,6602616154469099269,data/crops/organized/organized_CD388612_S2_5ba134690b62e705.jpg,SUSPECT,0.0046221844796379245,"orientation ambiguë : 2e meilleur départ à 0.00462, proche du meilleur (0.00462, ratio 1.00)"
5bc2c43597576075,ABAURA8526,6612062937384706165,data/crops/organized/organized_ABAURA8526_S1_5bc2c43597576075.jpg,SUSPECT,0.00455147589235948,"orientation ambiguë : 2e meilleur départ à 0.00455, proche du meilleur (0.00455, ratio 1.00)"
5bc7e31cf433a0ed,N628,6613504291312476397,data/crops/organized/organized_N628_S4_5bc7e31cf433a0ed.jpg,FAILED,inf,"10 landmarks, 18 attendus"
5c0861336b75d1e5,FR73ABOM130722005,6631657324777165285,data/crops/organized/organized_FR73ABOM130722005_S1_5c0861336b75d1e5.jpg,SUSPECT,0.004468853835018136,"orientation ambiguë : 2e meilleur départ à 0.00447, proche du meilleur (0.00447, ratio 1.00)"
5c1ea5d6c9b3137a,CollecYvan6,6637925242716230522,data/crops/organized/organized_CollecYvan6_S2_5c1ea5d6c9b3137a.jpg,SUSPECT,0.004570715576209385,"orientation ambiguë : 2e meilleur départ à 0.00457, proche du meilleur (0.00457, ratio 1.00)"
5c4ece861f433072,2019.02184,6651480775118237810,data/crops/organized/organized_2019.02184_P2_5c4ece861f433072.jpg,SUSPECT,0.004640378706795313,"orientation ambiguë : 2e meilleur départ à 0.00464, proche du meilleur (0.00464, ratio 1.00)"
5c5a9ef0323e67e9,CD388865b,6654806153865619433,data/crops/organized/organized_CD388865b_S1_5c5a9ef0323e67e9.jpg,SUSPECT,0.004519501802369623,"orientation ambiguë : 2e meilleur départ à 0.00452, proche du meilleur (0.00452, ratio 1.00)"
5c5abeea8a0d722a,OPIE_Lapi_070820,6654841313941090858,data/crops/organized/organized_OPIE_Lapi_070820_S1_5c5abeea8a0d722a.jpg,SUSPECT,0.00436445958389462,"orientation ambiguë : 2e meilleur départ à 0.00436, proche du meilleur (0.00436, ratio 1.00)"
5c66119db609e78e,ABAURA8599,6658028468175497102,data/crops/organized/organized_ABAURA8599_P2_5c66119db609e78e.jpg,SUSPECT,0.0042723030039118395,"orientation ambiguë : 2e meilleur départ à 0.00427, proche du meilleur (0.00427, ratio 1.00)"
5c784671e6b6b7f7,CD387324,6663153103710631927,data/crops/organized/organized_CD387324_S1_5c784671e6b6b7f7.jpg,SUSPECT,0.004556964290340415,"orientation ambiguë : 2e meilleur départ à 0.00456, proche du meilleur (0.00456, ratio 1.00)"
5ca656cf83f36450,ABAURA8885f,6676118946895324240,data/crops/organized/organized_ABAURA8885f_S1_5ca656cf83f36450.jpg,SUSPECT,0.004619171915801246,"orientation ambiguë : 2e meilleur départ à 0.00462, proche du meilleur (0.00462, ratio 1.00)"
5ca7e3194bf98145,CD387770d,6676554670388379973,data/crops/organized/organized_CD387770d_P2_5ca7e3194bf98145.jpg,SUSPECT,0.00451749946879725,"orientation ambiguë : 2e meilleur départ à 0.00452, proche du meilleur (0.00452, ratio 1.00)"
5cca6f5fdd2b3ce2,ABAURA7548,6686279054308097250,data/crops/organized/organized_ABAURA7548_P1_5cca6f5fdd2b3ce2.jpg,SUSPECT,0.004489108666015786,"orientation ambiguë : 2e meilleur départ à 0.00449, proche du meilleur (0.00449, ratio 1.00)"
5ce4482f717b6834,N628,6693554314783975476,data/crops/organized/organized_N628_S2_5ce4482f717b6834.jpg,SUSPECT,0.006165531547343168,"orientation ambiguë : 2e meilleur départ à 0.00617, proche du meilleur (0.00617, ratio 1.00)"
5cec96929b57f874,ABAURA8885d,6695892302408710260,data/crops/organized/organized_ABAURA8885d_S1_5cec96929b57f874.jpg,SUSPECT,0.00457946495488225,"orientation ambiguë : 2e meilleur départ à 0.00458, proche du meilleur (0.00458, ratio 1.00)"
5cefb93b28982737,ABAURA8204,6696774834658486071,data/crops/organized/organized_ABAURA8204_S2_5cefb93b28982737.jpg,SUSPECT,0.004674578719930383,"orientation ambiguë : 2e meilleur départ à 0.00467, proche du meilleur (0.00467, ratio 1.00)"
5d1b5f4c6f158172,POLLINIS4982,6709060851784319346,data/crops/organized/organized_POLLINIS4982_P3_5d1b5f4c6f158172.jpg,FAILED,inf,"17 landmarks, 18 attendus"
5d2926069c20eb49,VAN-2019.00814,6712938529403497289,data/crops/organized/organized_VAN-2019.00814_P1_5d2926069c20eb49.jpg,SUSPECT,0.004626942962194982,"orientation ambiguë : 2e meilleur départ à 0.00463, proche du meilleur (0.00463, ratio 1.00)"
5d365db700abfe11,CollecYvan20,6716658934841343505,data/crops/organized/organized_CollecYvan20_S2_5d365db700abfe11.jpg,SUSPECT,0.004299049841450186,"orientation ambiguë : 2e meilleur départ à 0.00430, proche du meilleur (0.00430, ratio 1.00)"
5d3a27cdef6e64c0,FR15ABOM210821014,6717725559615284416,data/crops/organized/organized_FR15ABOM210821014_P2_5d3a27cdef6e64c0.jpg,SUSPECT,0.004088873858315652,"orientation ambiguë : 2e meilleur départ à 0.00409, proche du meilleur (0.00409, ratio 1.00)"
5d5bd2289246fe62,FR15ABOM210821107,6727201540102618722,data/crops/organized/organized_FR15ABOM210821107_P2_5d5bd2289246fe62.jpg,SUSPECT,0.004261598120912419,"orientation ambiguë : 2e meilleur départ à 0.00426, proche du meilleur (0.00426, ratio 1.00)"
5d8126a1725eb8da,FR15ABOM110721013,6737708992373373146,data/crops/organized/organized_FR15ABOM110721013_P2_5d8126a1725eb8da.jpg,FAILED,inf,"7 landmarks, 18 attendus"
5d8cf023534ac3e7,FR73ABOM140722011,6741026776778720231,data/crops/organized/organized_FR73ABOM140722011_S2_5d8cf023534ac3e7.jpg,SUSPECT,0.004296132854716611,"orientation ambiguë : 2e meilleur départ à 0.00430, proche du meilleur (0.00430, ratio 1.00)"
5dc86933ba17fc50,CD387770d,6757766911755811920,data/crops/organized/organized_CD387770d_S1_5dc86933ba17fc50.jpg,SUSPECT,0.004480163014556613,"orientation ambiguë : 2e meilleur départ à 0.00448, proche du meilleur (0.00448, ratio 1.00)"
5de96928e8ed91f8,FR73ABOM140722015,6767055539528372728,data/crops/organized/organized_FR73ABOM140722015_P2_5de96928e8ed91f8.jpg,SUSPECT,0.004674925542820868,"orientation ambiguë : 2e meilleur départ à 0.00467, proche du meilleur (0.00467, ratio 1.00)"
5df577761e62874a,CD388623e,6770448964021028682,data/crops/organized/organized_CD388623e_S2_5df577761e62874a.jpg,FAILED,inf,"17 landmarks, 18 attendus"
5dfc2624bec59e27,VAN-2019.00824,6772329878919683623,data/crops/organized/organized_VAN-2019.00824_P1_5dfc2624bec59e27.jpg,SUSPECT,0.004880385867121156,"orientation ambiguë : 2e meilleur départ à 0.00488, proche du meilleur (0.00488, ratio 1.00)"
5e1141044aeb56f6,ABAURA7150,6778270400861918966,data/crops/organized/organized_ABAURA7150_P2_5e1141044aeb56f6.jpg,SUSPECT,0.004511201306246047,"orientation ambiguë : 2e meilleur départ à 0.00451, proche du meilleur (0.00451, ratio 1.00)"
5e25c668307fbfd0,FR15ABOM200821202,6784046564496097232,data/crops/organized/organized_FR15ABOM200821202_P2_5e25c668307fbfd0.jpg,SUSPECT,0.004237487585515324,"orientation ambiguë : 2e meilleur départ à 0.00424, proche du meilleur (0.00424, ratio 1.00)"
5e3712b1f01eca09,POLLINIS5133,6788915518731373065,data/crops/organized/organized_POLLINIS5133_P4_5e3712b1f01eca09.jpg,FAILED,inf,"1 landmarks, 18 attendus"
5e50cf31b817e4f1,ABAURA5633,6796159650150999281,data/crops/organized/organized_ABAURA5633_S3_5e50cf31b817e4f1.jpg,SUSPECT,0.004580399664558504,"orientation ambiguë : 2e meilleur départ à 0.00458, proche du meilleur (0.00458, ratio 1.00)"
5e61d14c783921bf,FR73ABOM120722027,6800947038670889407,data/crops/organized/organized_FR73ABOM120722027_P2_5e61d14c783921bf.jpg,SUSPECT,0.00464348009660372,"orientation ambiguë : 2e meilleur départ à 0.00464, proche du meilleur (0.00464, ratio 1.00)"
5e6ac610c517bbdc,20A.07897,6803467962424998876,data/crops/organized/organized_20A.07897_P2_5e6ac610c517bbdc.jpg,SUSPECT,0.004676196163780667,"orientation ambiguë : 2e meilleur départ à 0.00468, proche du meilleur (0.00468, ratio 1.00)"
5e7a2a09b39d306c,FR15ABOM170821030b,6807800007880421484,data/crops/organized/organized_FR15ABOM170821030b_P1_5e7a2a09b39d306c.jpg,SUSPECT,0.004357131694986402,"orientation ambiguë : 2e meilleur départ à 0.00436, proche du meilleur (0.00436, ratio 1.00)"
5e83c39ae4c88686,2020.03930,6810502131545048710,data/crops/organized/organized_2020.03930_S3_5e83c39ae4c88686.jpg,SUSPECT,0.004459835948961111,"orientation ambiguë : 2e meilleur départ à 0.00446, proche du meilleur (0.00446, ratio 1.00)"
5e96479a4080586d,2020.04010,6815713813904513133,data/crops/organized/organized_2020.04010_P1_5e96479a4080586d.jpg,SUSPECT,0.004571349733541792,"orientation ambiguë : 2e meilleur départ à 0.00457, proche du meilleur (0.00457, ratio 1.00)"
5eb89b4e719a4a3d,POLLINIS4415,6825375996495678013,data/crops/organized/organized_POLLINIS4415_S1_5eb89b4e719a4a3d.jpg,SUSPECT,0.004404133182519196,"orientation ambiguë : 2e meilleur départ à 0.00440, proche du meilleur (0.00440, ratio 1.00)"
5eee9c89afd6975a,ABAURA8238c,6840576999196890970,data/crops/organized/organized_ABAURA8238c_S2_5eee9c89afd6975a.jpg,SUSPECT,0.0043947724873141004,"orientation ambiguë : 2e meilleur départ à 0.00439, proche du meilleur (0.00439, ratio 1.00)"
5f275ce47bf1aa6e,FR15ABOM170821029,6856551094096603758,data/crops/organized/organized_FR15ABOM170821029_P2_5f275ce47bf1aa6e.jpg,SUSPECT,0.004620910150294565,"orientation ambiguë : 2e meilleur départ à 0.00462, proche du meilleur (0.00462, ratio 1.00)"
5f2e57ef28529a10,FR04ABOM220722054,6858515967217146384,data/crops/organized/organized_FR04ABOM220722054_S2_5f2e57ef28529a10.jpg,SUSPECT,0.004641786986961303,"orientation ambiguë : 2e meilleur départ à 0.00464, proche du meilleur (0.00464, ratio 1.00)"
5f3e2e7cff854e73,FR04ABOM220722055,6862973996556963443,data/crops/organized/organized_FR04ABOM220722055_S1_5f3e2e7cff854e73.jpg,SUSPECT,0.004515951185065824,"orientation ambiguë : 2e meilleur départ à 0.00452, proche du meilleur (0.00452, ratio 1.00)"
5f50d05e59e4f5e1,ABAURA8239c,6868218535393687009,data/crops/organized/organized_ABAURA8239c_S3_5f50d05e59e4f5e1.jpg,SUSPECT,0.004501005073583182,"orientation ambiguë : 2e meilleur départ à 0.00450, proche du meilleur (0.00450, ratio 1.00)"
5f56dc959b71ef98,FR15_ABOM170820009,6869920816716443544,data/crops/organized/organized_FR15_ABOM170820009_P1_5f56dc959b71ef98.jpg,SUSPECT,0.004705050925643853,"orientation ambiguë : 2e meilleur départ à 0.00471, proche du meilleur (0.00471, ratio 1.00)"
5f99628ac39bc2fa,BAR-2018.00332,6888645453166658298,data/crops/organized/organized_BAR-2018.00332_S2_5f99628ac39bc2fa.jpg,SUSPECT,0.004650395666793629,"orientation ambiguë : 2e meilleur départ à 0.00465, proche du meilleur (0.00465, ratio 1.00)"
5f9e2b506bd559e6,ABAURA8206,6889992104329959910,data/crops/organized/organized_ABAURA8206_S1_5f9e2b506bd559e6.jpg,SUSPECT,0.0046184019648121515,"orientation ambiguë : 2e meilleur départ à 0.00462, proche du meilleur (0.00462, ratio 1.00)"
5fdb58143aae372b,FR73ABOM130722003,6907211297409873707,data/crops/organized/organized_FR73ABOM130722003_S3_5fdb58143aae372b.jpg,SUSPECT,0.004600754100174839,"orientation ambiguë : 2e meilleur départ à 0.00460, proche du meilleur (0.00460, ratio 1.00)"
5fee0d0f0b51942e,FR15ABOM210821137,6912476836325856302,data/crops/organized/organized_FR15ABOM210821137_P2_5fee0d0f0b51942e.jpg,SUSPECT,0.004704298353516397,"orientation ambiguë : 2e meilleur départ à 0.00470, proche du meilleur (0.00470, ratio 1.00)"
5ff5ccd0b1c042d7,CD388821b,6914657999604695767,data/crops/organized/organized_CD388821b_S3_5ff5ccd0b1c042d7.jpg,SUSPECT,0.004799873964099626,"orientation ambiguë : 2e meilleur départ à 0.00480, proche du meilleur (0.00480, ratio 1.00)"
6000b19fab95633e,POLLINIS4981,6917724326977692478,data/crops/organized/organized_POLLINIS4981_S1_6000b19fab95633e.jpg,SUSPECT,0.0047838331556563805,"orientation ambiguë : 2e meilleur départ à 0.00478, proche du meilleur (0.00478, ratio 1.00)"
6000ef3fb217eb32,CollecYvan24,6917792084490971954,data/crops/organized/organized_CollecYvan24_S2_6000ef3fb217eb32.jpg,SUSPECT,0.0044146180011935205,"orientation ambiguë : 2e meilleur départ à 0.00441, proche du meilleur (0.00441, ratio 1.00)"
605c81794b4fd340,D264520b,6943567083453010752,data/crops/organized/organized_D264520b_S3_605c81794b4fd340.jpg,SUSPECT,0.004635556860916898,"orientation ambiguë : 2e meilleur départ à 0.00464, proche du meilleur (0.00464, ratio 1.00)"
6060c64f377962ea,ABAURA8207e,6944768668940722922,data/crops/organized/organized_ABAURA8207e_P2_6060c64f377962ea.jpg,SUSPECT,0.004437831704449763,"orientation ambiguë : 2e meilleur départ à 0.00444, proche du meilleur (0.00444, ratio 1.00)"
60645095a0a8f67f,N385,6945765128887924351,data/crops/organized/organized_N385_P2_60645095a0a8f67f.jpg,SUSPECT,0.004249322379666064,"orientation ambiguë : 2e meilleur départ à 0.00425, proche du meilleur (0.00425, ratio 1.00)"
6084bcdd2cfca00c,OPIE_Lapi_290602,6954891382695436300,data/crops/organized/organized_OPIE_Lapi_290602_S3_6084bcdd2cfca00c.jpg,SUSPECT,0.004618882020461317,"orientation ambiguë : 2e meilleur départ à 0.00462, proche du meilleur (0.00462, ratio 1.00)"
608ce8d9b35413ba,CD387577b,6957191546094752698,data/crops/organized/organized_CD387577b_P1_608ce8d9b35413ba.jpg,SUSPECT,0.004667879049858254,"orientation ambiguë : 2e meilleur départ à 0.00467, proche du meilleur (0.00467, ratio 1.00)"
60c0780e8ead0697,FR73ABOM120722103,6971704227088107159,data/crops/organized/organized_FR73ABOM120722103_P1_60c0780e8ead0697.jpg,SUSPECT,0.004368395295132858,"orientation ambiguë : 2e meilleur départ à 0.00437, proche du meilleur (0.00437, ratio 1.00)"
60cde60b34950a6b,NoName8,6975484333667977835,data/crops/organized/organized_NoName8_S2_60cde60b34950a6b.jpg,SUSPECT,0.004520035453748019,"orientation ambiguë : 2e meilleur départ à 0.00452, proche du meilleur (0.00452, ratio 1.00)"
60d63cb2dc127918,15G2021-1826,6977831411551205656,data/crops/organized/organized_15G2021-1826_S1_60d63cb2dc127918.jpg,SUSPECT,0.004921572387978413,"orientation ambiguë : 2e meilleur départ à 0.00492, proche du meilleur (0.00492, ratio 1.00)"
60d675c52f1cdd26,2007.0712,6977894162416590118,data/crops/organized/organized_2007.0712_P5_60d675c52f1cdd26.jpg,FAILED,inf,"14 landmarks, 18 attendus"
611189327260f20b,OPIE_Lapi_180703,6994522546043417099,data/crops/organized/organized_OPIE_Lapi_180703_S1_611189327260f20b.jpg,SUSPECT,0.004294815119262401,"orientation ambiguë : 2e meilleur départ à 0.00429, proche du meilleur (0.00429, ratio 1.00)"
61227381834fed1b,ABAURA8764,6999283770978200859,data/crops/organized/organized_ABAURA8764_S3_61227381834fed1b.jpg,SUSPECT,0.004436366495158212,"orientation ambiguë : 2e meilleur départ à 0.00444, proche du meilleur (0.00444, ratio 1.00)"
612365d32ab72a2d,VAN-2019.00785,6999550203493034541,data/crops/organized/organized_VAN-2019.00785_S2_612365d32ab72a2d.jpg,SUSPECT,0.00453997169145638,"orientation ambiguë : 2e meilleur départ à 0.00454, proche du meilleur (0.00454, ratio 1.00)"
612ec3b063fba36d,FR15_ABOM30072020044,7002749632966796141,data/crops/organized/organized_FR15_ABOM30072020044_S1_612ec3b063fba36d.jpg,SUSPECT,0.004461384861766541,"orientation ambiguë : 2e meilleur départ à 0.00446, proche du meilleur (0.00446, ratio 1.00)"
615da022f2c8d3ae,FR73ABOM120722042,7015939866475680686,data/crops/organized/organized_FR73ABOM120722042_S1_615da022f2c8d3ae.jpg,SUSPECT,0.004570595369615833,"orientation ambiguë : 2e meilleur départ à 0.00457, proche du meilleur (0.00457, ratio 1.00)"
6167027e9859231f,OPIE_Lapi_230620,7018581287025320735,data/crops/organized/organized_OPIE_Lapi_230620_S1_6167027e9859231f.jpg,SUSPECT,0.004345714994005491,"orientation ambiguë : 2e meilleur départ à 0.00435, proche du meilleur (0.00435, ratio 1.00)"
617bf89af2c6fcf0,ABAURA8604,7024481388196199664,data/crops/organized/organized_ABAURA8604_S1_617bf89af2c6fcf0.jpg,SUSPECT,0.0042929695460570474,"orientation ambiguë : 2e meilleur départ à 0.00429, proche du meilleur (0.00429, ratio 1.00)"
619706c07edadab8,CD387303,7032096766994078392,data/crops/organized/organized_CD387303_S1_619706c07edadab8.jpg,SUSPECT,0.004526282711748663,"orientation ambiguë : 2e meilleur départ à 0.00453, proche du meilleur (0.00453, ratio 1.00)"
61b0fdaa4a0bde1f,15L2021-1585,7039405125408644639,data/crops/organized/organized_15L2021-1585_S2_61b0fdaa4a0bde1f.jpg,FAILED,inf,"15 landmarks, 18 attendus"
61c1297b6e929a90,CD388145,7043956902296984208,data/crops/organized/organized_CD388145_S2_61c1297b6e929a90.jpg,SUSPECT,0.004382045721157066,"orientation ambiguë : 2e meilleur départ à 0.00438, proche du meilleur (0.00438, ratio 1.00)"
61c574825e1e6b21,FR15_ABOM30072020071,7045165295364631329,data/crops/organized/organized_FR15_ABOM30072020071_P2_61c574825e1e6b21.jpg,SUSPECT,0.004593527175410782,"orientation ambiguë : 2e meilleur départ à 0.00459, proche du meilleur (0.00459, ratio 1.00)"
61d96f037a7349be,FR15ABOM210821107,7050788752355183038,data/crops/organized/organized_FR15ABOM210821107_S2_61d96f037a7349be.jpg,SUSPECT,0.0042908622943657925,"orientation ambiguë : 2e meilleur départ à 0.00429, proche du meilleur (0.00429, ratio 1.00)"
61f3257bb8fd7025,CD388861b,7058026254334521381,data/crops/organized/organized_CD388861b_P2_61f3257bb8fd7025.jpg,SUSPECT,0.0046961392393862255,"orientation ambiguë : 2e meilleur départ à 0.00470, proche du meilleur (0.00470, ratio 1.00)"
622585186dc3ba4a,OPIE_Lapi_070820b,7072205129822485066,data/crops/organized/organized_OPIE_Lapi_070820b_S3_622585186dc3ba4a.jpg,SUSPECT,0.004692258583894825,"orientation ambiguë : 2e meilleur départ à 0.00469, proche du meilleur (0.00469, ratio 1.00)"
622cf37f9463bd75,FR15ABOM150820018,7074296843968167285,data/crops/organized/organized_FR15ABOM150820018_P1_622cf37f9463bd75.jpg,SUSPECT,0.00460911961959856,"orientation ambiguë : 2e meilleur départ à 0.00461, proche du meilleur (0.00461, ratio 1.00)"
62311ee52fecc37d,FR15ABOM120722071,7075470459276149629,data/crops/organized/organized_FR15ABOM120722071_S1_62311ee52fecc37d.jpg,SUSPECT,0.004153747212856689,"orientation ambiguë : 2e meilleur départ à 0.00415, proche du meilleur (0.00415, ratio 1.00)"
624241c2adff69a6,FR15ABOM200821156,7080293868578498982,data/crops/organized/organized_FR15ABOM200821156_P1_624241c2adff69a6.jpg,FAILED,inf,"17 landmarks, 18 attendus"
625070df31bea092,CollecYvan17,7084286317768384658,data/crops/organized/organized_CollecYvan17_P2_625070df31bea092.jpg,SUSPECT,0.004580874268273922,"orientation ambiguë : 2e meilleur départ à 0.00458, proche du meilleur (0.00458, ratio 1.00)"
625eb25bfb60b45d,FR15_ABOM07082020062,7088298971656926301,data/crops/organized/organized_FR15_ABOM07082020062_S3_625eb25bfb60b45d.jpg,SUSPECT,0.006577396252238028,"orientation ambiguë : 2e meilleur départ à 0.00658, proche du meilleur (0.00658, ratio 1.00)"
6286edfc230a8632,2020.00339,7099623529771599410,data/crops/organized/organized_2020.00339_S2_6286edfc230a8632.jpg,SUSPECT,0.004710200990413792,"orientation ambiguë : 2e meilleur départ à 0.00471, proche du meilleur (0.00471, ratio 1.00)"
628d03dc288f2634,FR04ABOM220722001,7101336431541298740,data/crops/organized/organized_FR04ABOM220722001_S3_628d03dc288f2634.jpg,SUSPECT,0.004837649671706124,"orientation ambiguë : 2e meilleur départ à 0.00484, proche du meilleur (0.00484, ratio 1.00)"
628e0ca3d2acca76,2019.02175,7101627560163592822,data/crops/organized/organized_2019.02175_S1_628e0ca3d2acca76.jpg,SUSPECT,0.004574737919691733,"orientation ambiguë : 2e meilleur départ à 0.00457, proche du meilleur (0.00457, ratio 1.00)"
62dbcef7f7468928,2020.04013,7123514800017410344,data/crops/organized/organized_2020.04013_S1_62dbcef7f7468928.jpg,SUSPECT,0.004631762679301993,"orientation ambiguë : 2e meilleur départ à 0.00463, proche du meilleur (0.00463, ratio 1.00)"
62eeee600e5d97b8,FR15ABOM170821030b,7128897356499359672,data/crops/organized/organized_FR15ABOM170821030b_S2_62eeee600e5d97b8.jpg,SUSPECT,0.0043985184487411195,"orientation ambiguë : 2e meilleur départ à 0.00440, proche du meilleur (0.00440, ratio 1.00)"
62f764793f95134f,CD388623,7131279006885024591,data/crops/organized/organized_CD388623_S3_62f764793f95134f.jpg,SUSPECT,0.00469669937561943,"orientation ambiguë : 2e meilleur départ à 0.00470, proche du meilleur (0.00470, ratio 1.00)"
634acd93a6b35271,2019.02167,7154756992072110705,data/crops/organized/organized_2019.02167_P1_634acd93a6b35271.jpg,SUSPECT,0.004456030233082627,"orientation ambiguë : 2e meilleur départ à 0.00446, proche du meilleur (0.00446, ratio 1.00)"
63678a52fde73929,FR73ABOM130722009,7162845821407803689,data/crops/organized/organized_FR73ABOM130722009_P1_63678a52fde73929.jpg,SUSPECT,0.004566341613090917,"orientation ambiguë : 2e meilleur départ à 0.00457, proche du meilleur (0.00457, ratio 1.00)"
636796ad62c94a56,CollecYvan20,7162859403786930774,data/crops/organized/organized_CollecYvan20_P1_636796ad62c94a56.jpg,SUSPECT,0.0043599555129496,"orientation ambiguë : 2e meilleur départ à 0.00436, proche du meilleur (0.00436, ratio 1.00)"
63714e1076ff5af4,ABB-2020.00032,7165594314746059508,data/crops/organized/organized_ABB-2020.00032_S3_63714e1076ff5af4.jpg,SUSPECT,0.004273041496710997,"orientation ambiguë : 2e meilleur départ à 0.00427, proche du meilleur (0.00427, ratio 1.00)"
63797934e696c115,CD388018,7167893550050754837,data/crops/organized/organized_CD388018_P1_63797934e696c115.jpg,SUSPECT,0.004484478784854658,"orientation ambiguë : 2e meilleur départ à 0.00448, proche du meilleur (0.00448, ratio 1.00)"
63a2028a495167de,CD388235b,7179303548940806110,data/crops/organized/organized_CD388235b_P1_63a2028a495167de.jpg,SUSPECT,0.004694316587680504,"orientation ambiguë : 2e meilleur départ à 0.00469, proche du meilleur (0.00469, ratio 1.00)"
63b501fa72e7e7ae,FR73ABOM120722090,7184650955720746926,data/crops/organized/organized_FR73ABOM120722090_P2_63b501fa72e7e7ae.jpg,SUSPECT,0.004562983461320085,"orientation ambiguë : 2e meilleur départ à 0.00456, proche du meilleur (0.00456, ratio 1.00)"
63b62392223dee89,ABAURA8885e,7184969366062886537,data/crops/organized/organized_ABAURA8885e_P1_63b62392223dee89.jpg,SUSPECT,0.004438895168603805,"orientation ambiguë : 2e meilleur départ à 0.00444, proche du meilleur (0.00444, ratio 1.00)"
63d31c901745379e,ABAURA8885e,7193124435032094622,data/crops/organized/organized_ABAURA8885e_S1_63d31c901745379e.jpg,SUSPECT,0.004554336494709528,"orientation ambiguë : 2e meilleur départ à 0.00455, proche du meilleur (0.00455, ratio 1.00)"
63d5b0769e5cd2ee,ABAURA5591,7193850003303748334,data/crops/organized/organized_ABAURA5591_P2_63d5b0769e5cd2ee.jpg,SUSPECT,0.004577167511767114,"orientation ambiguë : 2e meilleur départ à 0.00458, proche du meilleur (0.00458, ratio 1.00)"
63dfd0da53c9e4c5,FR15ABOM220821068,7196700365688530117,data/crops/organized/organized_FR15ABOM220821068_S2_63dfd0da53c9e4c5.jpg,SUSPECT,0.004813240377620449,"orientation ambiguë : 2e meilleur départ à 0.00481, proche du meilleur (0.00481, ratio 1.00)"
640793c0155740c4,OPIE_Lapi_130720c,7207892181830811844,data/crops/organized/organized_OPIE_Lapi_130720c_S1_640793c0155740c4.jpg,SUSPECT,0.004593815868402982,"orientation ambiguë : 2e meilleur départ à 0.00459, proche du meilleur (0.00459, ratio 1.00)"
6424af4c78450a46,ABAURA8238,7216085245924543046,data/crops/organized/organized_ABAURA8238_S3_6424af4c78450a46.jpg,SUSPECT,0.004627060642748235,"orientation ambiguë : 2e meilleur départ à 0.00463, proche du meilleur (0.00463, ratio 1.00)"
642603830047286b,OPIE_Lapi_7B,7216459314088061035,data/crops/organized/organized_OPIE_Lapi_7B_S1_642603830047286b.jpg,SUSPECT,0.0045002496316502985,"orientation ambiguë : 2e meilleur départ à 0.00450, proche du meilleur (0.00450, ratio 1.00)"
642bc4dd8da8a63f,OPIE_Lapi_180702,7218079283634808383,data/crops/organized/organized_OPIE_Lapi_180702_S2_642bc4dd8da8a63f.jpg,SUSPECT,0.004499945008690114,"orientation ambiguë : 2e meilleur départ à 0.00450, proche du meilleur (0.00450, ratio 1.00)"
6439f9806376196e,CollecYvan8,7222077807285115246,data/crops/organized/organized_CollecYvan8_S3_6439f9806376196e.jpg,SUSPECT,0.004334055448180625,"orientation ambiguë : 2e meilleur départ à 0.00433, proche du meilleur (0.00433, ratio 1.00)"
648062abd24b3af3,FR04ABOM220722055,7241896690918832883,data/crops/organized/organized_FR04ABOM220722055_S3_648062abd24b3af3.jpg,SUSPECT,0.004570132353401558,"orientation ambiguë : 2e meilleur départ à 0.00457, proche du meilleur (0.00457, ratio 1.00)"
6480ef42d5bd0f50,VAN-2019.00783,7242051271144574800,data/crops/organized/organized_VAN-2019.00783_S1_6480ef42d5bd0f50.jpg,SUSPECT,0.0046262356645020665,"orientation ambiguë : 2e meilleur départ à 0.00463, proche du meilleur (0.00463, ratio 1.00)"
64b31be712848af7,CD388135,7256174103886072567,data/crops/organized/organized_CD388135_P2_64b31be712848af7.jpg,SUSPECT,0.004525404177886088,"orientation ambiguë : 2e meilleur départ à 0.00453, proche du meilleur (0.00453, ratio 1.00)"
64d2d153ced66860,ABB-2020.00106,7265099306784680032,data/crops/organized/organized_ABB-2020.00106_P1_64d2d153ced66860.jpg,SUSPECT,0.0044603120812149845,"orientation ambiguë : 2e meilleur départ à 0.00446, proche du meilleur (0.00446, ratio 1.00)"
64e26be2162ee143,POLLINIS4982b,7269491367308353859,data/crops/organized/organized_POLLINIS4982b_S3_64e26be2162ee143.jpg,SUSPECT,0.004477584158178397,"orientation ambiguë : 2e meilleur départ à 0.00448, proche du meilleur (0.00448, ratio 1.00)"
65086bab3fa4586e,FR05ABOM220722023,7280187180895721582,data/crops/organized/organized_FR05ABOM220722023_S2_65086bab3fa4586e.jpg,SUSPECT,0.004596147664911173,"orientation ambiguë : 2e meilleur départ à 0.00460, proche du meilleur (0.00460, ratio 1.00)"
65162c8cf29111e1,CD387766,7284058431194993121,data/crops/organized/organized_CD387766_P1_65162c8cf29111e1.jpg,SUSPECT,0.004690923795616582,"orientation ambiguë : 2e meilleur départ à 0.00469, proche du meilleur (0.00469, ratio 1.00)"
652a41519fcae245,CD388391,7289710765681599045,data/crops/organized/organized_CD388391_S3_652a41519fcae245.jpg,SUSPECT,0.00446576123530183,"orientation ambiguë : 2e meilleur départ à 0.00447, proche du meilleur (0.00447, ratio 1.00)"
653a0a74567e1671,ABAURA8205,7294154041263527537,data/crops/organized/organized_ABAURA8205_S1_653a0a74567e1671.jpg,SUSPECT,0.004315643607907448,"orientation ambiguë : 2e meilleur départ à 0.00432, proche du meilleur (0.00432, ratio 1.00)"
6543b95836347824,15L2021-1483,7296879609788004388,data/crops/organized/organized_15L2021-1483_S3_6543b95836347824.jpg,SUSPECT,0.004544798308701369,"orientation ambiguë : 2e meilleur départ à 0.00454, proche du meilleur (0.00454, ratio 1.00)"
655b01aae2a28fd7,VAN-2019.00787,7303433054169763799,data/crops/organized/organized_VAN-2019.00787_S3_655b01aae2a28fd7.jpg,SUSPECT,0.004875517394303397,"orientation ambiguë : 2e meilleur départ à 0.00488, proche du meilleur (0.00488, ratio 1.00)"
656e33ce118e466a,ABAURA8526,7308836205419710058,data/crops/organized/organized_ABAURA8526_P2_656e33ce118e466a.jpg,SUSPECT,0.005321344714814513,"orientation ambiguë : 2e meilleur départ à 0.00532, proche du meilleur (0.00532, ratio 1.00)"
6574c063f914ccab,FR15ABOM210821177,7310679630742342827,data/crops/organized/organized_FR15ABOM210821177_S2_6574c063f914ccab.jpg,SUSPECT,0.004490851930584247,"orientation ambiguë : 2e meilleur départ à 0.00449, proche du meilleur (0.00449, ratio 1.00)"
657a90b7ba18b665,CD388229c,7312316063765018213,data/crops/organized/organized_CD388229c_P2_657a90b7ba18b665.jpg,SUSPECT,0.004468619494478655,"orientation ambiguë : 2e meilleur départ à 0.00447, proche du meilleur (0.00447, ratio 1.00)"
65876c76ce933619,20A.07897,7315935377214354969,data/crops/organized/organized_20A.07897_S1_65876c76ce933619.jpg,SUSPECT,0.004561035661641415,"orientation ambiguë : 2e meilleur départ à 0.00456, proche du meilleur (0.00456, ratio 1.00)"
658c941ebcc9d48b,ABAURA8205,7317386354307486859,data/crops/organized/organized_ABAURA8205_P1_658c941ebcc9d48b.jpg,SUSPECT,0.0044210993657618994,"orientation ambiguë : 2e meilleur départ à 0.00442, proche du meilleur (0.00442, ratio 1.00)"
65ca1554f59e48c4,N384,7334698397768501444,data/crops/organized/organized_N384_P4_65ca1554f59e48c4.jpg,SUSPECT,0.004538209568932233,"orientation ambiguë : 2e meilleur départ à 0.00454, proche du meilleur (0.00454, ratio 1.00)"
65ca76e6267c6d17,CD387759,7334805673986518295,data/crops/organized/organized_CD387759_S3_65ca76e6267c6d17.jpg,SUSPECT,0.004519611581746688,"orientation ambiguë : 2e meilleur départ à 0.00452, proche du meilleur (0.00452, ratio 1.00)"
65f9275666734301,OPIE_Lapi_A1b,7347947519071175425,data/crops/organized/organized_OPIE_Lapi_A1b_S2_65f9275666734301.jpg,SUSPECT,0.004411055241235728,"orientation ambiguë : 2e meilleur départ à 0.00441, proche du meilleur (0.00441, ratio 1.00)"
66043f2ba4462098,ABAURA8625,7351069948447695000,data/crops/organized/organized_ABAURA8625_P1_66043f2ba4462098.jpg,SUSPECT,0.004487568820901721,"orientation ambiguë : 2e meilleur départ à 0.00449, proche du meilleur (0.00449, ratio 1.00)"
6636234c53a32f3c,CD388391,7365113051338714940,data/crops/organized/organized_CD388391_P1_6636234c53a32f3c.jpg,SUSPECT,0.004457924472461923,"orientation ambiguë : 2e meilleur départ à 0.00446, proche du meilleur (0.00446, ratio 1.00)"
66366aefe546c600,CollecYvan4,7365191819187373568,data/crops/organized/organized_CollecYvan4_S2_66366aefe546c600.jpg,SUSPECT,0.004667160952482367,"orientation ambiguë : 2e meilleur départ à 0.00467, proche du meilleur (0.00467, ratio 1.00)"
6645078be7db1e2c,FR15_ABOM30072020044,7369304662733430316,data/crops/organized/organized_FR15_ABOM30072020044_S3_6645078be7db1e2c.jpg,SUSPECT,0.004465955227181091,"orientation ambiguë : 2e meilleur départ à 0.00447, proche du meilleur (0.00447, ratio 1.00)"
666e9b96daf866fc,FR15ABOM200722062,7381007911527933692,data/crops/organized/organized_FR15ABOM200722062_P2_666e9b96daf866fc.jpg,SUSPECT,0.004371556604958433,"orientation ambiguë : 2e meilleur départ à 0.00437, proche du meilleur (0.00437, ratio 1.00)"
6683b64a1f286602,Polset_1,7386948243284321794,data/crops/organized/organized_Polset_1_P2_6683b64a1f286602.jpg,SUSPECT,0.004553818999158609,"orientation ambiguë : 2e meilleur départ à 0.00455, proche du meilleur (0.00455, ratio 1.00)"
6683d5fa5ddddf88,ABB-2020.00106,7386983085111107464,data/crops/organized/organized_ABB-2020.00106_S3_6683d5fa5ddddf88.jpg,SUSPECT,0.004550427459625539,"orientation ambiguë : 2e meilleur départ à 0.00455, proche du meilleur (0.00455, ratio 1.00)"
668754a1082bb1bf,ABAURA8207,7387966764328137151,data/crops/organized/organized_ABAURA8207_P1_668754a1082bb1bf.jpg,SUSPECT,0.0047006886640008905,"orientation ambiguë : 2e meilleur départ à 0.00470, proche du meilleur (0.00470, ratio 1.00)"
668983b69ae7a068,CollecYvan18,7388581483984167016,data/crops/organized/organized_CollecYvan18_P1_668983b69ae7a068.jpg,SUSPECT,0.00440504506405252,"orientation ambiguë : 2e meilleur départ à 0.00441, proche du meilleur (0.00441, ratio 1.00)"
668bd27119a90da3,2019.02059,7389230996835077539,data/crops/organized/organized_2019.02059_P2_668bd27119a90da3.jpg,SUSPECT,0.004544829277604538,"orientation ambiguë : 2e meilleur départ à 0.00454, proche du meilleur (0.00454, ratio 1.00)"
66c784086b3198af,FR15ABOM170821115,7406033283927087279,data/crops/organized/organized_FR15ABOM170821115_P2_66c784086b3198af.jpg,SUSPECT,0.004510329822982294,"orientation ambiguë : 2e meilleur départ à 0.00451, proche du meilleur (0.00451, ratio 1.00)"
66fa71d4ec28964b,UBC-2014.0001,7420368495355401803,data/crops/organized/organized_UBC-2014.0001_P3_66fa71d4ec28964b.jpg,FAILED,inf,"8 landmarks, 18 attendus"
66ffa83235160dd1,2007.0712,7421835644522335697,data/crops/organized/organized_2007.0712_P2_66ffa83235160dd1.jpg,FAILED,inf,"16 landmarks, 18 attendus"
6705acfdca4d355e,N385,7423529766810891614,data/crops/organized/organized_N385_P3_6705acfdca4d355e.jpg,SUSPECT,0.004349538288668185,"orientation ambiguë : 2e meilleur départ à 0.00435, proche du meilleur (0.00435, ratio 1.00)"
671465faa272c00b,2019.02188,7427673812582449163,data/crops/organized/organized_2019.02188_P2_671465faa272c00b.jpg,SUSPECT,0.00464417661840933,"orientation ambiguë : 2e meilleur départ à 0.00464, proche du meilleur (0.00464, ratio 1.00)"
672e87fc0bbd6796,BAR-2018.00332,7435029551433738134,data/crops/organized/organized_BAR-2018.00332_S3_672e87fc0bbd6796.jpg,SUSPECT,0.004548744213446883,"orientation ambiguë : 2e meilleur départ à 0.00455, proche du meilleur (0.00455, ratio 1.00)"
673559e87151caa2,FR73ABOM130722017,7436949214540712610,data/crops/organized/organized_FR73ABOM130722017_P2_673559e87151caa2.jpg,SUSPECT,0.004238191469908337,"orientation ambiguë : 2e meilleur départ à 0.00424, proche du meilleur (0.00424, ratio 1.00)"
674897b94f549ae1,FR04ABOM220722001,7442365206385433313,data/crops/organized/organized_FR04ABOM220722001_P1_674897b94f549ae1.jpg,SUSPECT,0.004741960645052145,"orientation ambiguë : 2e meilleur départ à 0.00474, proche du meilleur (0.00474, ratio 1.00)"
679e7f829aa5adc8,N628,7466545431143886280,data/crops/organized/organized_N628_P4_679e7f829aa5adc8.jpg,SUSPECT,0.004434873927081279,"orientation ambiguë : 2e meilleur départ à 0.00443, proche du meilleur (0.00443, ratio 1.00)"
67a5cbf757ee48db,ABAURA4902,7468599820256430299,data/crops/organized/organized_ABAURA4902_S3_67a5cbf757ee48db.jpg,SUSPECT,0.0045874660815519285,"orientation ambiguë : 2e meilleur départ à 0.00459, proche du meilleur (0.00459, ratio 1.00)"
67a8db8252fc1a16,AGR.2016.1415,7469461334778452502,data/crops/organized/organized_AGR.2016.1415_S3_67a8db8252fc1a16.jpg,SUSPECT,0.004659021096808574,"orientation ambiguë : 2e meilleur départ à 0.00466, proche du meilleur (0.00466, ratio 1.00)"
67ae504a79cf34a7,OPIE_Lapi_160720,7470997112655656103,data/crops/organized/organized_OPIE_Lapi_160720_S3_67ae504a79cf34a7.jpg,SUSPECT,0.00469203379092317,"orientation ambiguë : 2e meilleur départ à 0.00469, proche du meilleur (0.00469, ratio 1.00)"
67d3b3f24b45a666,CD388809,7481521259218839142,data/crops/organized/organized_CD388809_P1_67d3b3f24b45a666.jpg,SUSPECT,0.004599781230002723,"orientation ambiguë : 2e meilleur départ à 0.00460, proche du meilleur (0.00460, ratio 1.00)"
67f27e609ac17227,CD388861b,7490188083648885287,data/crops/organized/organized_CD388861b_S3_67f27e609ac17227.jpg,SUSPECT,0.004501100862591026,"orientation ambiguë : 2e meilleur départ à 0.00450, proche du meilleur (0.00450, ratio 1.00)"
67fc044697f733f7,CD388230b,7492868581281444855,data/crops/organized/organized_CD388230b_P2_67fc044697f733f7.jpg,SUSPECT,0.00467546332822236,"orientation ambiguë : 2e meilleur départ à 0.00468, proche du meilleur (0.00468, ratio 1.00)"
68146c2cf60e5164,FR15ABOM200821014,7499738219841212772,data/crops/organized/organized_FR15ABOM200821014_P1_68146c2cf60e5164.jpg,SUSPECT,0.004451366191628511,"orientation ambiguë : 2e meilleur départ à 0.00445, proche du meilleur (0.00445, ratio 1.00)"
682babaa4bdc9f05,POLLINIS5133,7506281951848603397,data/crops/organized/organized_POLLINIS5133_S3_682babaa4bdc9f05.jpg,FAILED,inf,"13 landmarks, 18 attendus"
682f31768119e642,15L2021-1743,7507273488891766338,data/crops/organized/organized_15L2021-1743_P2_682f31768119e642.jpg,SUSPECT,0.004410225046785327,"orientation ambiguë : 2e meilleur départ à 0.00441, proche du meilleur (0.00441, ratio 1.00)"
682fbeeb00dd7198,FR15_STPONCY300921024,7507429020391010712,data/crops/organized/organized_FR15_STPONCY300921024_S2_682fbeeb00dd7198.jpg,SUSPECT,0.004339832163439012,"orientation ambiguë : 2e meilleur départ à 0.00434, proche du meilleur (0.00434, ratio 1.00)"
68998ab062f632f4,ABAURA8747,7537207941560414964,data/crops/organized/organized_ABAURA8747_P2_68998ab062f632f4.jpg,SUSPECT,0.0046301606806759986,"orientation ambiguë : 2e meilleur départ à 0.00463, proche du meilleur (0.00463, ratio 1.00)"
68b2e7d79b8ff2b1,ABAURA4926,7544347239012889265,data/crops/organized/organized_ABAURA4926_S1_68b2e7d79b8ff2b1.jpg,SUSPECT,0.004612948116698734,"orientation ambiguë : 2e meilleur départ à 0.00461, proche du meilleur (0.00461, ratio 1.00)"
690f11abd6a8f487,2012.0034,7570288928371569799,data/crops/organized/organized_2012.0034_P2_690f11abd6a8f487.jpg,SUSPECT,0.004777557578184917,"orientation ambiguë : 2e meilleur départ à 0.00478, proche du meilleur (0.00478, ratio 1.00)"
6931309169fab242,FR15ABOM220821084,7579893048947683906,data/crops/organized/organized_FR15ABOM220821084_S1_6931309169fab242.jpg,SUSPECT,0.0046377514054234915,"orientation ambiguë : 2e meilleur départ à 0.00464, proche du meilleur (0.00464, ratio 1.00)"
6931a2a74f5f5d20,FR15_ABOM080820007,7580018487316143392,data/crops/organized/organized_FR15_ABOM080820007_S2_6931a2a74f5f5d20.jpg,SUSPECT,0.004861389782166766,"orientation ambiguë : 2e meilleur départ à 0.00486, proche du meilleur (0.00486, ratio 1.00)"
6946b5a8796618e6,POLLINIS4415,7585950357548046566,data/crops/organized/organized_POLLINIS4415_P2_6946b5a8796618e6.jpg,SUSPECT,0.004391246172208736,"orientation ambiguë : 2e meilleur départ à 0.00439, proche du meilleur (0.00439, ratio 1.00)"
695d066315278ac3,FR15ABOM170821018,7592231569442966211,data/crops/organized/organized_FR15ABOM170821018_S1_695d066315278ac3.jpg,SUSPECT,0.004534825253521145,"orientation ambiguë : 2e meilleur départ à 0.00453, proche du meilleur (0.00453, ratio 1.00)"
69712891ac8e38c0,FR15ABOM210821112,7597898652481108160,data/crops/organized/organized_FR15ABOM210821112_S3_69712891ac8e38c0.jpg,SUSPECT,0.004579887797342971,"orientation ambiguë : 2e meilleur départ à 0.00458, proche du meilleur (0.00458, ratio 1.00)"
69a598c07ccab1b5,FR15ABOM100721031,7612658697634492853,data/crops/organized/organized_FR15ABOM100721031_S2_69a598c07ccab1b5.jpg,SUSPECT,0.004565096638500618,"orientation ambiguë : 2e meilleur départ à 0.00457, proche du meilleur (0.00457, ratio 1.00)"
69ae4f428ff53ce3,Polset_1,7615111167231737059,data/crops/organized/organized_Polset_1_P1_69ae4f428ff53ce3.jpg,SUSPECT,0.004519407333310506,"orientation ambiguë : 2e meilleur départ à 0.00452, proche du meilleur (0.00452, ratio 1.00)"
69bd9ea0b6f40796,OPIE_Lapi_130720c,7619420557682149270,data/crops/organized/organized_OPIE_Lapi_130720c_S2_69bd9ea0b6f40796.jpg,SUSPECT,0.004640610358970741,"orientation ambiguë : 2e meilleur départ à 0.00464, proche du meilleur (0.00464, ratio 1.00)"
69c9f51fbf6c7b8f,NoName14,7622893361005624207,data/crops/organized/organized_NoName14_P1_69c9f51fbf6c7b8f.jpg,SUSPECT,0.004426048085480073,"orientation ambiguë : 2e meilleur départ à 0.00443, proche du meilleur (0.00443, ratio 1.00)"
69e2c17e8316d51f,FR15ABOM210821110,7629873467828393247,data/crops/organized/organized_FR15ABOM210821110_S2_69e2c17e8316d51f.jpg,SUSPECT,0.0044458954325017125,"orientation ambiguë : 2e meilleur départ à 0.00445, proche du meilleur (0.00445, ratio 1.00)"
69e9a5795871d423,15L2021-1498,7631812984149496867,data/crops/organized/organized_15L2021-1498_S1_69e9a5795871d423.jpg,SUSPECT,0.004355190491687339,"orientation ambiguë : 2e meilleur départ à 0.00436, proche du meilleur (0.00436, ratio 1.00)"
6a05960669a156f7,FR15ABOM200821010,7639677297190065911,data/crops/organized/organized_FR15ABOM200821010_P2_6a05960669a156f7.jpg,SUSPECT,0.004474822940192705,"orientation ambiguë : 2e meilleur départ à 0.00447, proche du meilleur (0.00447, ratio 1.00)"
6a23175f45a2952f,N126,7647982290162849071,data/crops/organized/organized_N126_P3_6a23175f45a2952f.jpg,SUSPECT,0.0043777835656865,"orientation ambiguë : 2e meilleur départ à 0.00438, proche du meilleur (0.00438, ratio 1.00)"
6a5e1e5dacf8cc1a,FR04ABOM220722061,7664597003513941018,data/crops/organized/organized_FR04ABOM220722061_P2_6a5e1e5dacf8cc1a.jpg,SUSPECT,0.0043468269431757335,"orientation ambiguë : 2e meilleur départ à 0.00435, proche du meilleur (0.00435, ratio 1.00)"
6a7a4cc4410fb98a,FR04ABOM220722031,7672529320967911818,data/crops/organized/organized_FR04ABOM220722031_S2_6a7a4cc4410fb98a.jpg,SUSPECT,0.004284937603939166,"orientation ambiguë : 2e meilleur départ à 0.00428, proche du meilleur (0.00428, ratio 1.00)"
6a84d69f0b5c6e50,CD388821f,7675495643524918864,data/crops/organized/organized_CD388821f_S3_6a84d69f0b5c6e50.jpg,SUSPECT,0.004606773133456001,"orientation ambiguë : 2e meilleur départ à 0.00461, proche du meilleur (0.00461, ratio 1.00)"
6a9a972528903ec7,FR73ABOM140722009,7681618300283928263,data/crops/organized/organized_FR73ABOM140722009_P1_6a9a972528903ec7.jpg,SUSPECT,0.004730178383849631,"orientation ambiguë : 2e meilleur départ à 0.00473, proche du meilleur (0.00473, ratio 1.00)"
6a9dcfa48a0b10af,ABAURA8205,7682524844961501359,data/crops/organized/organized_ABAURA8205_S2_6a9dcfa48a0b10af.jpg,SUSPECT,0.004369799072828501,"orientation ambiguë : 2e meilleur départ à 0.00437, proche du meilleur (0.00437, ratio 1.00)"
6aa7f764000556a6,NoName2,7685383298000180902,data/crops/organized/organized_NoName2_S3_6aa7f764000556a6.jpg,SUSPECT,0.00455857972193534,"orientation ambiguë : 2e meilleur départ à 0.00456, proche du meilleur (0.00456, ratio 1.00)"
6ab1330ba20e66b4,FR73ABOM130722018,7687982163954656948,data/crops/organized/organized_FR73ABOM130722018_P1_6ab1330ba20e66b4.jpg,SUSPECT,0.004628471307559292,"orientation ambiguë : 2e meilleur départ à 0.00463, proche du meilleur (0.00463, ratio 1.00)"
6ad273b8414529a6,CD388013,7697341948335827366,data/crops/organized/organized_CD388013_S3_6ad273b8414529a6.jpg,SUSPECT,0.004573941263304804,"orientation ambiguë : 2e meilleur départ à 0.00457, proche du meilleur (0.00457, ratio 1.00)"
6add96502ab58d91,ABAURA4898,7700476208931507601,data/crops/organized/organized_ABAURA4898_S1_6add96502ab58d91.jpg,SUSPECT,0.005043789240163414,"orientation ambiguë : 2e meilleur départ à 0.00504, proche du meilleur (0.00504, ratio 1.00)"
6afc78c3908e6cb7,OPIE_Lapi_200703b,7709169443490655415,data/crops/organized/organized_OPIE_Lapi_200703b_S3_6afc78c3908e6cb7.jpg,SUSPECT,0.004689376490997882,"orientation ambiguë : 2e meilleur départ à 0.00469, proche du meilleur (0.00469, ratio 1.00)"
6b145a707d3bfe93,FR73ABOM130722046,7715891500776423059,data/crops/organized/organized_FR73ABOM130722046_P1_6b145a707d3bfe93.jpg,SUSPECT,0.004391438948175936,"orientation ambiguë : 2e meilleur départ à 0.00439, proche du meilleur (0.00439, ratio 1.00)"
6b474db68d323542,CD388865e,7730232731853010242,data/crops/organized/organized_CD388865e_S2_6b474db68d323542.jpg,SUSPECT,0.004780443333811454,"orientation ambiguë : 2e meilleur départ à 0.00478, proche du meilleur (0.00478, ratio 1.00)"
6b54e90f46b36c65,ABAURA8240,7734062711921929317,data/crops/organized/organized_ABAURA8240_S3_6b54e90f46b36c65.jpg,SUSPECT,0.004857571263536201,"orientation ambiguë : 2e meilleur départ à 0.00486, proche du meilleur (0.00486, ratio 1.00)"
6b63cd1b766986e2,NoName8,7738254102587082466,data/crops/organized/organized_NoName8_S3_6b63cd1b766986e2.jpg,SUSPECT,0.004577297124704277,"orientation ambiguë : 2e meilleur départ à 0.00458, proche du meilleur (0.00458, ratio 1.00)"
6b6da1bbd5b532ce,ABAURA8205c,7741021162636128974,data/crops/organized/organized_ABAURA8205c_P1_6b6da1bbd5b532ce.jpg,SUSPECT,0.004518458524661342,"orientation ambiguë : 2e meilleur départ à 0.00452, proche du meilleur (0.00452, ratio 1.00)"
6ba6af94c2bdc151,Polset_1,7757080461649494353,data/crops/organized/organized_Polset_1_S1_6ba6af94c2bdc151.jpg,SUSPECT,0.004529113272427529,"orientation ambiguë : 2e meilleur départ à 0.00453, proche du meilleur (0.00453, ratio 1.00)"
6bd042cb4d9a4778,2020.04010,7768782798161856376,data/crops/organized/organized_2020.04010_P2_6bd042cb4d9a4778.jpg,SUSPECT,0.004527099038719627,"orientation ambiguë : 2e meilleur départ à 0.00453, proche du meilleur (0.00453, ratio 1.00)"
6c01b005b3858ba1,UBC-2011.0157,7782695169606126497,data/crops/organized/organized_UBC-2011.0157_P5_6c01b005b3858ba1.jpg,FAILED,inf,"16 landmarks, 18 attendus"
6c45ea953b2ed20f,FR15_ABOM023082020028,7801899856153203215,data/crops/organized/organized_FR15_ABOM023082020028_P2_6c45ea953b2ed20f.jpg,SUSPECT,0.004662464628322444,"orientation ambiguë : 2e meilleur départ à 0.00466, proche du meilleur (0.00466, ratio 1.00)"
6c793a316c45df8e,FR15ABOM210821212,7816342612222533518,data/crops/organized/organized_FR15ABOM210821212_S3_6c793a316c45df8e.jpg,SUSPECT,0.004605827143503493,"orientation ambiguë : 2e meilleur départ à 0.00461, proche du meilleur (0.00461, ratio 1.00)"
6c7d65822944679a,FR04ABOM220722051,7817516137897551770,data/crops/organized/organized_FR04ABOM220722051_S1_6c7d65822944679a.jpg,SUSPECT,0.0043749992078687015,"orientation ambiguë : 2e meilleur départ à 0.00437, proche du meilleur (0.00437, ratio 1.00)"
6c806eb6d2d54546,ABAURA8205d,7818370684615476550,data/crops/organized/organized_ABAURA8205d_P2_6c806eb6d2d54546.jpg,SUSPECT,0.004554336939267152,"orientation ambiguë : 2e meilleur départ à 0.00455, proche du meilleur (0.00455, ratio 1.00)"
6c8a46530ac6db9a,ABAURA8238,7821141025359322010,data/crops/organized/organized_ABAURA8238_P2_6c8a46530ac6db9a.jpg,SUSPECT,0.004756909913415905,"orientation ambiguë : 2e meilleur départ à 0.00476, proche du meilleur (0.00476, ratio 1.00)"
6c97b87e8a34eb40,FR15ABOM130722047,7824925731203640128,data/crops/organized/organized_FR15ABOM130722047_P1_6c97b87e8a34eb40.jpg,SUSPECT,0.004024264712505525,"orientation ambiguë : 2e meilleur départ à 0.00402, proche du meilleur (0.00402, ratio 1.00)"
6c9ea8f3acba2dd3,FR15ABOM210822014,7826878966944902611,data/crops/organized/organized_FR15ABOM210822014_S2_6c9ea8f3acba2dd3.jpg,SUSPECT,0.004289903159349517,"orientation ambiguë : 2e meilleur départ à 0.00429, proche du meilleur (0.00429, ratio 1.00)"
6cb3edb1ed382922,FR15ABOM200821014,7832865525372299554,data/crops/organized/organized_FR15ABOM200821014_P2_6cb3edb1ed382922.jpg,SUSPECT,0.004432551126204875,"orientation ambiguë : 2e meilleur départ à 0.00443, proche du meilleur (0.00443, ratio 1.00)"
6cb9207e841f5b18,FR73ABOM200722040,7834328754542304024,data/crops/organized/organized_FR73ABOM200722040_P1_6cb9207e841f5b18.jpg,SUSPECT,0.004457694281127376,"orientation ambiguë : 2e meilleur départ à 0.00446, proche du meilleur (0.00446, ratio 1.00)"
6cf27f4cb1b62248,ABAURA8207,7850477067835941448,data/crops/organized/organized_ABAURA8207_P2_6cf27f4cb1b62248.jpg,SUSPECT,0.004574158188456259,"orientation ambiguë : 2e meilleur départ à 0.00457, proche du meilleur (0.00457, ratio 1.00)"
6d0c5157e7d73707,OPIE_Lapi_160720b,7857744887848318727,data/crops/organized/organized_OPIE_Lapi_160720b_S3_6d0c5157e7d73707.jpg,SUSPECT,0.004551832616246251,"orientation ambiguë : 2e meilleur départ à 0.00455, proche du meilleur (0.00455, ratio 1.00)"
6d1d509592eea58a,CD388229c,7862529127804216714,data/crops/organized/organized_CD388229c_S3_6d1d509592eea58a.jpg,SUSPECT,0.004421531310676866,"orientation ambiguë : 2e meilleur départ à 0.00442, proche du meilleur (0.00442, ratio 1.00)"
6d31ecb292f0993c,CD388016b,7868330275706542396,data/crops/organized/organized_CD388016b_S1_6d31ecb292f0993c.jpg,SUSPECT,0.00446155333891223,"orientation ambiguë : 2e meilleur départ à 0.00446, proche du meilleur (0.00446, ratio 1.00)"
6d3995e1b8c8e548,FR15_ABOM25082020010,7870486620507006280,data/crops/organized/organized_FR15_ABOM25082020010_S2_6d3995e1b8c8e548.jpg,SUSPECT,0.004503515360692787,"orientation ambiguë : 2e meilleur départ à 0.00450, proche du meilleur (0.00450, ratio 1.00)"
6d66c260c91a1872,ABAURA8233,7883201918705211506,data/crops/organized/organized_ABAURA8233_S3_6d66c260c91a1872.jpg,SUSPECT,0.004714616641883568,"orientation ambiguë : 2e meilleur départ à 0.00471, proche du meilleur (0.00471, ratio 1.00)"
6d81868ecf1c7049,ABAURA8606,7890735970048045129,data/crops/organized/organized_ABAURA8606_S1_6d81868ecf1c7049.jpg,SUSPECT,0.004290722081895176,"orientation ambiguë : 2e meilleur départ à 0.00429, proche du meilleur (0.00429, ratio 1.00)"
6d8558679717d90a,2007.0008,7891811123976460554,data/crops/organized/organized_2007.0008_P1_6d8558679717d90a.jpg,SUSPECT,0.00484365056564671,"orientation ambiguë : 2e meilleur départ à 0.00484, proche du meilleur (0.00484, ratio 1.00)"
6d9a5bd79f20322c,ABAURA8239,7897725878193369644,data/crops/organized/organized_ABAURA8239_S3_6d9a5bd79f20322c.jpg,SUSPECT,0.0045505534023235405,"orientation ambiguë : 2e meilleur départ à 0.00455, proche du meilleur (0.00455, ratio 1.00)"
6dd5c14cbe3e5d8a,ABAURA8233,7914444455526948234,data/crops/organized/organized_ABAURA8233_S1_6dd5c14cbe3e5d8a.jpg,SUSPECT,0.004771952185544341,"orientation ambiguë : 2e meilleur départ à 0.00477, proche du meilleur (0.00477, ratio 1.00)"
6e0c5ad4669ced2c,FR15ABOM310520005,7929812912193727788,data/crops/organized/organized_FR15ABOM310520005_P1_6e0c5ad4669ced2c.jpg,FAILED,inf,"10 landmarks, 18 attendus"
6e4e5e8fc31f4e89,ABAURA8208b,7948394363902447241,data/crops/organized/organized_ABAURA8208b_P1_6e4e5e8fc31f4e89.jpg,SUSPECT,0.004700533322553673,"orientation ambiguë : 2e meilleur départ à 0.00470, proche du meilleur (0.00470, ratio 1.00)"
6e55743c704a8703,FR15ABOM200821215,7950388520123270915,data/crops/organized/organized_FR15ABOM200821215_S2_6e55743c704a8703.jpg,SUSPECT,0.004293442622638591,"orientation ambiguë : 2e meilleur départ à 0.00429, proche du meilleur (0.00429, ratio 1.00)"
6e5b5d5301a87460,CD387804,7952052178144228448,data/crops/organized/organized_CD387804_S3_6e5b5d5301a87460.jpg,SUSPECT,0.00466405922723122,"orientation ambiguë : 2e meilleur départ à 0.00466, proche du meilleur (0.00466, ratio 1.00)"
6e70625756fb05b9,CollecYvan12,7957968668824634809,data/crops/organized/organized_CollecYvan12_S3_6e70625756fb05b9.jpg,SUSPECT,0.004595267193820859,"orientation ambiguë : 2e meilleur départ à 0.00460, proche du meilleur (0.00460, ratio 1.00)"
6e8a7b756eaeb67d,ABB-2020.00106,7965314635256477309,data/crops/organized/organized_ABB-2020.00106_S1_6e8a7b756eaeb67d.jpg,SUSPECT,0.00440562537082338,"orientation ambiguë : 2e meilleur départ à 0.00441, proche du meilleur (0.00441, ratio 1.00)"
6e9d9770ef0d2444,CD388821b,7970693426818393156,data/crops/organized/organized_CD388821b_P2_6e9d9770ef0d2444.jpg,SUSPECT,0.004731902746993645,"orientation ambiguë : 2e meilleur départ à 0.00473, proche du meilleur (0.00473, ratio 1.00)"
6eae9e275cc5423f,FR15_ABOM30072020036,7975485882017071679,data/crops/organized/organized_FR15_ABOM30072020036_S2_6eae9e275cc5423f.jpg,SUSPECT,0.0041205721911620075,"orientation ambiguë : 2e meilleur départ à 0.00412, proche du meilleur (0.00412, ratio 1.00)"
6eb8eee10fb95f40,CD388821f,7978389390285692736,data/crops/organized/organized_CD388821f_P1_6eb8eee10fb95f40.jpg,SUSPECT,0.004605342119519972,"orientation ambiguë : 2e meilleur départ à 0.00461, proche du meilleur (0.00461, ratio 1.00)"
6ebe8c76b07c0d92,15L2021-1742,7979970031142047122,data/crops/organized/organized_15L2021-1742_S1_6ebe8c76b07c0d92.jpg,SUSPECT,0.004760054687289548,"orientation ambiguë : 2e meilleur départ à 0.00476, proche du meilleur (0.00476, ratio 1.00)"
6ed883c199116c26,FR73ABOM120722021,7987278806661557286,data/crops/organized/organized_FR73ABOM120722021_P1_6ed883c199116c26.jpg,SUSPECT,0.004508790180243975,"orientation ambiguë : 2e meilleur départ à 0.00451, proche du meilleur (0.00451, ratio 1.00)"
6f0d016069ce9289,FR73ABOM200722037,8002053626510873225,data/crops/organized/organized_FR73ABOM200722037_S3_6f0d016069ce9289.jpg,SUSPECT,0.0043205670443721075,"orientation ambiguë : 2e meilleur départ à 0.00432, proche du meilleur (0.00432, ratio 1.00)"
6f21213fbe52e75d,ABAURA4915,8007718170101213021,data/crops/organized/organized_ABAURA4915_S1_6f21213fbe52e75d.jpg,SUSPECT,0.004617004656855257,"orientation ambiguë : 2e meilleur départ à 0.00462, proche du meilleur (0.00462, ratio 1.00)"
6f2b80b886ab787e,FR15_ABOM25082020007,8010637892230281342,data/crops/organized/organized_FR15_ABOM25082020007_S3_6f2b80b886ab787e.jpg,SUSPECT,0.004525411173080569,"orientation ambiguë : 2e meilleur départ à 0.00453, proche du meilleur (0.00453, ratio 1.00)"
6f513af4f63c93ad,FR73ABOM120722028,8021257235101160365,data/crops/organized/organized_FR73ABOM120722028_S3_6f513af4f63c93ad.jpg,SUSPECT,0.004464971502622678,"orientation ambiguë : 2e meilleur départ à 0.00446, proche du meilleur (0.00446, ratio 1.00)"
6f88a7a1d0e539c3,ABAURA5667,8036857848478906819,data/crops/organized/organized_ABAURA5667_S3_6f88a7a1d0e539c3.jpg,SUSPECT,0.004600845029976774,"orientation ambiguë : 2e meilleur départ à 0.00460, proche du meilleur (0.00460, ratio 1.00)"
6faefdb545885539,15L2021-1742,8047648539155125561,data/crops/organized/organized_15L2021-1742_S3_6faefdb545885539.jpg,SUSPECT,0.004683823643446082,"orientation ambiguë : 2e meilleur départ à 0.00468, proche du meilleur (0.00468, ratio 1.00)"
6fb8b9da0f2d484c,15L2021-1499,8050388680133396556,data/crops/organized/organized_15L2021-1499_S3_6fb8b9da0f2d484c.jpg,SUSPECT,0.004668868757956982,"orientation ambiguë : 2e meilleur départ à 0.00467, proche du meilleur (0.00467, ratio 1.00)"
6fb9c6c9740eddcd,FR74ABOM160722001,8050684377439329741,data/crops/organized/organized_FR74ABOM160722001_P2_6fb9c6c9740eddcd.jpg,SUSPECT,0.0044596809110997076,"orientation ambiguë : 2e meilleur départ à 0.00446, proche du meilleur (0.00446, ratio 1.00)"
6fc80bee145208b0,NoName6,8054701050723174576,data/crops/organized/organized_NoName6_S1_6fc80bee145208b0.jpg,SUSPECT,0.004661953563728437,"orientation ambiguë : 2e meilleur départ à 0.00466, proche du meilleur (0.00466, ratio 1.00)"
6ffae246c606dc8d,ABAURA4898,8069010475985591437,data/crops/organized/organized_ABAURA4898_S3_6ffae246c606dc8d.jpg,SUSPECT,0.00495541033484925,"orientation ambiguë : 2e meilleur départ à 0.00496, proche du meilleur (0.00496, ratio 1.00)"
6ffb2e964b00589d,2020.00294,8069094380402661533,data/crops/organized/organized_2020.00294_S3_6ffb2e964b00589d.jpg,SUSPECT,0.00464154314311736,"orientation ambiguë : 2e meilleur départ à 0.00464, proche du meilleur (0.00464, ratio 1.00)"
701dfee11ac1c9eb,FR15ABOM170821120,8078893549342542315,data/crops/organized/organized_FR15ABOM170821120_P1_701dfee11ac1c9eb.jpg,SUSPECT,0.004609134368156662,"orientation ambiguë : 2e meilleur départ à 0.00461, proche du meilleur (0.00461, ratio 1.00)"
70272debb3852af1,FR73ABOM200722029,8081478546692057841,data/crops/organized/organized_FR73ABOM200722029_S3_70272debb3852af1.jpg,SUSPECT,0.004441685111003962,"orientation ambiguë : 2e meilleur départ à 0.00444, proche du meilleur (0.00444, ratio 1.00)"
7038f129606a1b12,POLLINIS4984,8086478290957245202,data/crops/organized/organized_POLLINIS4984_S2_7038f129606a1b12.jpg,SUSPECT,0.004478742759291709,"orientation ambiguë : 2e meilleur départ à 0.00448, proche du meilleur (0.00448, ratio 1.00)"
70451f2b575c4a05,FR15_ABOM17082020015,8089906576650684933,data/crops/organized/organized_FR15_ABOM17082020015_P2_70451f2b575c4a05.jpg,SUSPECT,0.004512025024906825,"orientation ambiguë : 2e meilleur départ à 0.00451, proche du meilleur (0.00451, ratio 1.00)"
70472ad48a3260cc,ABAURA4904,8090482347934376140,data/crops/organized/organized_ABAURA4904_P1_70472ad48a3260cc.jpg,SUSPECT,0.004517307298253829,"orientation ambiguë : 2e meilleur départ à 0.00452, proche du meilleur (0.00452, ratio 1.00)"
7057b7719d2fd72c,FR15ABOM130621006,8095140553818101548,data/crops/organized/organized_FR15ABOM130621006_P2_7057b7719d2fd72c.jpg,FAILED,inf,"15 landmarks, 18 attendus"
709feaddd33b2349,2020.03926,8115463291997463369,data/crops/organized/organized_2020.03926_P2_709feaddd33b2349.jpg,FAILED,inf,"16 landmarks, 18 attendus"
70c04ead1f7f6529,FR73ABOM130722062,8124580233241126185,data/crops/organized/organized_FR73ABOM130722062_S1_70c04ead1f7f6529.jpg,SUSPECT,0.004487914393819212,"orientation ambiguë : 2e meilleur départ à 0.00449, proche du meilleur (0.00449, ratio 1.00)"
70c3419ebab57613,ABAURA8238c,8125410302699599379,data/crops/organized/organized_ABAURA8238c_P1_70c3419ebab57613.jpg,SUSPECT,0.00440031368563342,"orientation ambiguë : 2e meilleur départ à 0.00440, proche du meilleur (0.00440, ratio 1.00)"
70d16cbe4bd33a81,FR73ABOM130722037,8129398366952176257,data/crops/organized/organized_FR73ABOM130722037_P1_70d16cbe4bd33a81.jpg,SUSPECT,0.0043751722129850784,"orientation ambiguë : 2e meilleur départ à 0.00438, proche du meilleur (0.00438, ratio 1.00)"
70e9121797569251,FR73ABOM130722030,8136054094354092625,data/crops/organized/organized_FR73ABOM130722030_S3_70e9121797569251.jpg,SUSPECT,0.004416656241134742,"orientation ambiguë : 2e meilleur départ à 0.00442, proche du meilleur (0.00442, ratio 1.00)"
70ec76b103b7fa54,OPIE_Lapi_160720,8137009129395321428,data/crops/organized/organized_OPIE_Lapi_160720_P1_70ec76b103b7fa54.jpg,SUSPECT,0.004642199412569927,"orientation ambiguë : 2e meilleur départ à 0.00464, proche du meilleur (0.00464, ratio 1.00)"
70f0fb32d24549d3,OPIE_Lapi_180703,8138280722353179091,data/crops/organized/organized_OPIE_Lapi_180703_S3_70f0fb32d24549d3.jpg,SUSPECT,0.004298522138105826,"orientation ambiguë : 2e meilleur départ à 0.00430, proche du meilleur (0.00430, ratio 1.00)"
70f6391644d46fff,15L2021-1514,8139756144325586943,data/crops/organized/organized_15L2021-1514_S3_70f6391644d46fff.jpg,SUSPECT,0.004419053312061081,"orientation ambiguë : 2e meilleur départ à 0.00442, proche du meilleur (0.00442, ratio 1.00)"
70fcc51a96c2dd78,ABAURA8150,8141598944368188792,data/crops/organized/organized_ABAURA8150_S3_70fcc51a96c2dd78.jpg,SUSPECT,0.004616235119780748,"orientation ambiguë : 2e meilleur départ à 0.00462, proche du meilleur (0.00462, ratio 1.00)"
710becce03552fc8,FR15_ABOM07082020049,8145864720593006536,data/crops/organized/organized_FR15_ABOM07082020049_S3_710becce03552fc8.jpg,SUSPECT,0.004473884555123271,"orientation ambiguë : 2e meilleur départ à 0.00447, proche du meilleur (0.00447, ratio 1.00)"
7113a4c15177bd3b,CD388230,8148037301045804347,data/crops/organized/organized_CD388230_S3_7113a4c15177bd3b.jpg,SUSPECT,0.004487619003750127,"orientation ambiguë : 2e meilleur départ à 0.00449, proche du meilleur (0.00449, ratio 1.00)"
71185eac93dec780,FR15_ABOM14080820006,8149367621035149184,data/crops/organized/organized_FR15_ABOM14080820006_S3_71185eac93dec780.jpg,SUSPECT,0.004757371403963814,"orientation ambiguë : 2e meilleur départ à 0.00476, proche du meilleur (0.00476, ratio 1.00)"
71235b2836e7bfb3,FR15_ABOM07082020082,8152459978748706739,data/crops/organized/organized_FR15_ABOM07082020082_P1_71235b2836e7bfb3.jpg,SUSPECT,0.004540979530591357,"orientation ambiguë : 2e meilleur départ à 0.00454, proche du meilleur (0.00454, ratio 1.00)"
7133cdb6eddd8208,CD387287,8157089535656559112,data/crops/organized/organized_CD387287_P2_7133cdb6eddd8208.jpg,SUSPECT,0.004480987951253195,"orientation ambiguë : 2e meilleur départ à 0.00448, proche du meilleur (0.00448, ratio 1.00)"
715fec0838ab1c2e,15L2021-1741,8169507769128000558,data/crops/organized/organized_15L2021-1741_S1_715fec0838ab1c2e.jpg,SUSPECT,0.0043236339987751705,"orientation ambiguë : 2e meilleur départ à 0.00432, proche du meilleur (0.00432, ratio 1.00)"
716704158b41aa1f,FR05ABOM220722025,8171504539464215071,data/crops/organized/organized_FR05ABOM220722025_P2_716704158b41aa1f.jpg,SUSPECT,0.00453571893107755,"orientation ambiguë : 2e meilleur départ à 0.00454, proche du meilleur (0.00454, ratio 1.00)"
717085c257025839,N815,8174180393407371321,data/crops/organized/organized_N815_S2_717085c257025839.jpg,SUSPECT,0.004739114367831181,"orientation ambiguë : 2e meilleur départ à 0.00474, proche du meilleur (0.00474, ratio 1.00)"
7176532a7cd72580,FR15ABOM210821077,8175813615485920640,data/crops/organized/organized_FR15ABOM210821077_P2_7176532a7cd72580.jpg,SUSPECT,0.0045533462134452205,"orientation ambiguë : 2e meilleur départ à 0.00455, proche du meilleur (0.00455, ratio 1.00)"
718758819d9901b2,CD388135,8180604561859871154,data/crops/organized/organized_CD388135_S2_718758819d9901b2.jpg,SUSPECT,0.004610398760243865,"orientation ambiguë : 2e meilleur départ à 0.00461, proche du meilleur (0.00461, ratio 1.00)"
719c7b0516afbcef,FR73ABOM130722020,8186553484438387951,data/crops/organized/organized_FR73ABOM130722020_P2_719c7b0516afbcef.jpg,SUSPECT,0.0046147365811032084,"orientation ambiguë : 2e meilleur départ à 0.00461, proche du meilleur (0.00461, ratio 1.00)"
71af3f69c6a306cf,FR15ABOM150720008,8191835970746910415,data/crops/organized/organized_FR15ABOM150720008_S1_71af3f69c6a306cf.jpg,SUSPECT,0.004446523789897094,"orientation ambiguë : 2e meilleur départ à 0.00445, proche du meilleur (0.00445, ratio 1.00)"
71b48ef255d85e29,CD388872b,8193330793567247913,data/crops/organized/organized_CD388872b_S3_71b48ef255d85e29.jpg,SUSPECT,0.004387344581033587,"orientation ambiguë : 2e meilleur départ à 0.00439, proche du meilleur (0.00439, ratio 1.00)"
71b9c4ae7e0bcaa3,OPIE_Lapi_230620b,8194797250695383715,data/crops/organized/organized_OPIE_Lapi_230620b_S2_71b9c4ae7e0bcaa3.jpg,SUSPECT,0.004587916056583978,"orientation ambiguë : 2e meilleur départ à 0.00459, proche du meilleur (0.00459, ratio 1.00)"
71dc6d0d508e82b0,NoName9,8204552525115720368,data/crops/organized/organized_NoName9_P1_71dc6d0d508e82b0.jpg,SUSPECT,0.0043888472967113555,"orientation ambiguë : 2e meilleur départ à 0.00439, proche du meilleur (0.00439, ratio 1.00)"
7209f30f5a787536,ABAURA5676,8217366242382083382,data/crops/organized/organized_ABAURA5676_P4_7209f30f5a787536.jpg,FAILED,inf,"6 landmarks, 18 attendus"
7222993dda8812bb,2020.06244,8224304360470352571,data/crops/organized/organized_2020.06244_S1_7222993dda8812bb.jpg,SUSPECT,0.004590552498292211,"orientation ambiguë : 2e meilleur départ à 0.00459, proche du meilleur (0.00459, ratio 1.00)"
724280fc483aad95,CD387313,8233284889818606997,data/crops/organized/organized_CD387313_S3_724280fc483aad95.jpg,SUSPECT,0.004330747243984001,"orientation ambiguë : 2e meilleur départ à 0.00433, proche du meilleur (0.00433, ratio 1.00)"
72429f28d5209952,ABAURA4926,8233318066509879634,data/crops/organized/organized_ABAURA4926_S2_72429f28d5209952.jpg,SUSPECT,0.0046327222965486265,"orientation ambiguë : 2e meilleur départ à 0.00463, proche du meilleur (0.00463, ratio 1.00)"
7251bfbe9b2b0c29,CD388820,8237576018805328937,data/crops/organized/organized_CD388820_P2_7251bfbe9b2b0c29.jpg,SUSPECT,0.0047667347397937565,"orientation ambiguë : 2e meilleur départ à 0.00477, proche du meilleur (0.00477, ratio 1.00)"
727a8d914506c3ea,NoName8,8249061322550330346,data/crops/organized/organized_NoName8_P2_727a8d914506c3ea.jpg,SUSPECT,0.004466441027469604,"orientation ambiguë : 2e meilleur départ à 0.00447, proche du meilleur (0.00447, ratio 1.00)"
7285b8921299b1c9,FR15_ABOM180720048,8252204829743100361,data/crops/organized/organized_FR15_ABOM180720048_P2_7285b8921299b1c9.jpg,SUSPECT,0.00435373513749123,"orientation ambiguë : 2e meilleur départ à 0.00435, proche du meilleur (0.00435, ratio 1.00)"
7295280ddb0c56f0,FR15_ABOM180720053,8256549531828377328,data/crops/organized/organized_FR15_ABOM180720053_P1_7295280ddb0c56f0.jpg,SUSPECT,0.004391452639762363,"orientation ambiguë : 2e meilleur départ à 0.00439, proche du meilleur (0.00439, ratio 1.00)"
72a67e07acd03a64,CD388865b,8261429137886952036,data/crops/organized/organized_CD388865b_P1_72a67e07acd03a64.jpg,SUSPECT,0.004487182233055462,"orientation ambiguë : 2e meilleur départ à 0.00449, proche du meilleur (0.00449, ratio 1.00)"
72b2522e8c4b6ca4,FR73ABOM120722028,8264758626054007972,data/crops/organized/organized_FR73ABOM120722028_S2_72b2522e8c4b6ca4.jpg,SUSPECT,0.0044488632358943335,"orientation ambiguë : 2e meilleur départ à 0.00445, proche du meilleur (0.00445, ratio 1.00)"
72b260fa8091f536,FR73ABOM120722042,8264774895193421110,data/crops/organized/organized_FR73ABOM120722042_S2_72b260fa8091f536.jpg,SUSPECT,0.004490199582258781,"orientation ambiguë : 2e meilleur départ à 0.00449, proche du meilleur (0.00449, ratio 1.00)"
72f66e3ef0ebe63b,VAN-2019.00781,8283929781203625531,data/crops/organized/organized_VAN-2019.00781_S1_72f66e3ef0ebe63b.jpg,SUSPECT,0.004572208927763211,"orientation ambiguë : 2e meilleur départ à 0.00457, proche du meilleur (0.00457, ratio 1.00)"
730437fd4e90ad7d,OPIE_Lapi_070820,8287810775352913277,data/crops/organized/organized_OPIE_Lapi_070820_P1_730437fd4e90ad7d.jpg,SUSPECT,0.00435817733635177,"orientation ambiguë : 2e meilleur départ à 0.00436, proche du meilleur (0.00436, ratio 1.00)"
73189cc8b8a0779f,FR73ABOM130722067,8293551099707684767,data/crops/organized/organized_FR73ABOM130722067_S2_73189cc8b8a0779f.jpg,SUSPECT,0.00437295560834394,"orientation ambiguë : 2e meilleur départ à 0.00437, proche du meilleur (0.00437, ratio 1.00)"
73230946c5e0a28e,FR73ABOM130722041,8296485138118779534,data/crops/organized/organized_FR73ABOM130722041_P1_73230946c5e0a28e.jpg,SUSPECT,0.004667345827684833,"orientation ambiguë : 2e meilleur départ à 0.00467, proche du meilleur (0.00467, ratio 1.00)"
732dec64425c5854,CD388018e,8299549603667925076,data/crops/organized/organized_CD388018e_S2_732dec64425c5854.jpg,SUSPECT,0.004521327769765729,"orientation ambiguë : 2e meilleur départ à 0.00452, proche du meilleur (0.00452, ratio 1.00)"
7347ce5e37180ab9,2012.0034,8306834941754739385,data/crops/organized/organized_2012.0034_S1_7347ce5e37180ab9.jpg,SUSPECT,0.0048964142976567916,"orientation ambiguë : 2e meilleur départ à 0.00490, proche du meilleur (0.00490, ratio 1.00)"
73514260efa32503,CollecYvan1,8309495771580015875,data/crops/organized/organized_CollecYvan1_P2_73514260efa32503.jpg,SUSPECT,0.004566605547794547,"orientation ambiguë : 2e meilleur départ à 0.00457, proche du meilleur (0.00457, ratio 1.00)"
73a4a3ee42e4c4c0,2019.02188,8332965454262092992,data/crops/organized/organized_2019.02188_S1_73a4a3ee42e4c4c0.jpg,SUSPECT,0.004554472232289402,"orientation ambiguë : 2e meilleur départ à 0.00455, proche du meilleur (0.00455, ratio 1.00)"
73b12bc2be247c1b,15L2021-1739,8336492500653210651,data/crops/organized/organized_15L2021-1739_S3_73b12bc2be247c1b.jpg,SUSPECT,0.004426091220253384,"orientation ambiguë : 2e meilleur départ à 0.00443, proche du meilleur (0.00443, ratio 1.00)"
73c10ec942027cee,OPIE_Lapi_130720b,8340964242425543918,data/crops/organized/organized_OPIE_Lapi_130720b_S3_73c10ec942027cee.jpg,SUSPECT,0.004391938609435684,"orientation ambiguë : 2e meilleur départ à 0.00439, proche du meilleur (0.00439, ratio 1.00)"
73cafeea8d9818da,ABAURA8233,8343761543008622810,data/crops/organized/organized_ABAURA8233_P2_73cafeea8d9818da.jpg,SUSPECT,0.004737524515748371,"orientation ambiguë : 2e meilleur départ à 0.00474, proche du meilleur (0.00474, ratio 1.00)"
73cbaa258c127df3,CD388865d,8343949812874509811,data/crops/organized/organized_CD388865d_S2_73cbaa258c127df3.jpg,SUSPECT,0.004484514166508144,"orientation ambiguë : 2e meilleur départ à 0.00448, proche du meilleur (0.00448, ratio 1.00)"
73d2cbfa7290daf2,ABAURA8201,8345957335995308786,data/crops/organized/organized_ABAURA8201_P2_73d2cbfa7290daf2.jpg,SUSPECT,0.004651429506683335,"orientation ambiguë : 2e meilleur départ à 0.00465, proche du meilleur (0.00465, ratio 1.00)"
73eefe9302bcff46,CollecYvan24,8353894266178436934,data/crops/organized/organized_CollecYvan24_S3_73eefe9302bcff46.jpg,SUSPECT,0.004399317739932674,"orientation ambiguë : 2e meilleur départ à 0.00440, proche du meilleur (0.00440, ratio 1.00)"
73f2852198ce4133,FR73ABOM130722002,8354886638069760307,data/crops/organized/organized_FR73ABOM130722002_P1_73f2852198ce4133.jpg,SUSPECT,0.004731626216061031,"orientation ambiguë : 2e meilleur départ à 0.00473, proche du meilleur (0.00473, ratio 1.00)"
73fd062dfe5aa651,FR15ABOM210821048,8357843278080157265,data/crops/organized/organized_FR15ABOM210821048_S3_73fd062dfe5aa651.jpg,SUSPECT,0.004410867084996243,"orientation ambiguë : 2e meilleur départ à 0.00441, proche du meilleur (0.00441, ratio 1.00)"
7417882fce3a01a9,2019.02184,8365304571768734121,data/crops/organized/organized_2019.02184_S3_7417882fce3a01a9.jpg,SUSPECT,0.00456457968970971,"orientation ambiguë : 2e meilleur départ à 0.00456, proche du meilleur (0.00456, ratio 1.00)"
7428f73cd0a933f0,CD388135,8370211748038915056,data/crops/organized/organized_CD388135_P1_7428f73cd0a933f0.jpg,SUSPECT,0.004523502465026266,"orientation ambiguë : 2e meilleur départ à 0.00452, proche du meilleur (0.00452, ratio 1.00)"
742924986f0efe3c,CD388018d,8370261619561659964,data/crops/organized/organized_CD388018d_S1_742924986f0efe3c.jpg,SUSPECT,0.004493026712680874,"orientation ambiguë : 2e meilleur départ à 0.00449, proche du meilleur (0.00449, ratio 1.00)"
744505348b28339c,FR73ABOM120722070,8378108405023781788,data/crops/organized/organized_FR73ABOM120722070_P2_744505348b28339c.jpg,SUSPECT,0.004659221467479288,"orientation ambiguë : 2e meilleur départ à 0.00466, proche du meilleur (0.00466, ratio 1.00)"
7452dffa385d5a55,FR73ABOM200722028,8382008122270374485,data/crops/organized/organized_FR73ABOM200722028_P2_7452dffa385d5a55.jpg,SUSPECT,0.004761365983889843,"orientation ambiguë : 2e meilleur départ à 0.00476, proche du meilleur (0.00476, ratio 1.00)"
745d48d30f9266d6,CD388623d,8384938152570283734,data/crops/organized/organized_CD388623d_S2_745d48d30f9266d6.jpg,SUSPECT,0.0046478787025415955,"orientation ambiguë : 2e meilleur départ à 0.00465, proche du meilleur (0.00465, ratio 1.00)"
7471b7c9491be95c,CD388018b,8390689655910820188,data/crops/organized/organized_CD388018b_S1_7471b7c9491be95c.jpg,SUSPECT,0.004546286806702043,"orientation ambiguë : 2e meilleur départ à 0.00455, proche du meilleur (0.00455, ratio 1.00)"
74750c34be6e26a1,FR73ABOM120722027,8391626901347509921,data/crops/organized/organized_FR73ABOM120722027_S3_74750c34be6e26a1.jpg,SUSPECT,0.004663869602491134,"orientation ambiguë : 2e meilleur départ à 0.00466, proche du meilleur (0.00466, ratio 1.00)"
74c21c639d6ea798,FR15ABOM170821115,8413318268050122648,data/crops/organized/organized_FR15ABOM170821115_S2_74c21c639d6ea798.jpg,SUSPECT,0.004552178302488878,"orientation ambiguë : 2e meilleur départ à 0.00455, proche du meilleur (0.00455, ratio 1.00)"
74dd7defba756af8,FR15ABOM210822014,8421025346831608568,data/crops/organized/organized_FR15ABOM210822014_S3_74dd7defba756af8.jpg,SUSPECT,0.004209932100828901,"orientation ambiguë : 2e meilleur départ à 0.00421, proche du meilleur (0.00421, ratio 1.00)"
74e04ca7a21e914d,FR15_ABOM080820007,8421815586045989197,data/crops/organized/organized_FR15_ABOM080820007_P1_74e04ca7a21e914d.jpg,SUSPECT,0.004855975538623107,"orientation ambiguë : 2e meilleur départ à 0.00486, proche du meilleur (0.00486, ratio 1.00)"
74e6dd1048544702,CD388018e,8423663215045789442,data/crops/organized/organized_CD388018e_P2_74e6dd1048544702.jpg,SUSPECT,0.004562679003490127,"orientation ambiguë : 2e meilleur départ à 0.00456, proche du meilleur (0.00456, ratio 1.00)"
74fd3bdda28e9f50,ABAURA57210,8429959900608503632,data/crops/organized/organized_ABAURA57210_P1_74fd3bdda28e9f50.jpg,SUSPECT,0.004459305252206062,"orientation ambiguë : 2e meilleur départ à 0.00446, proche du meilleur (0.00446, ratio 1.00)"
74ff6df3895c4c7e,FR05ABOM220722024,8430577920209865854,data/crops/organized/organized_FR05ABOM220722024_S3_74ff6df3895c4c7e.jpg,SUSPECT,0.004757191028677614,"orientation ambiguë : 2e meilleur départ à 0.00476, proche du meilleur (0.00476, ratio 1.00)"
7521a1522b71df02,VAN-2019.00781,8440204550957293314,data/crops/organized/organized_VAN-2019.00781_P3_7521a1522b71df02.jpg,SUSPECT,0.004512148967759297,"orientation ambiguë : 2e meilleur départ à 0.00451, proche du meilleur (0.00451, ratio 1.00)"
753050243f266b43,FR04ABOM220722092,8444337417928207171,data/crops/organized/organized_FR04ABOM220722092_P1_753050243f266b43.jpg,SUSPECT,0.0045733579123866455,"orientation ambiguë : 2e meilleur départ à 0.00457, proche du meilleur (0.00457, ratio 1.00)"
75675ef56c23dad6,OPIE_Lapi_A1,8459834833213053654,data/crops/organized/organized_OPIE_Lapi_A1_S2_75675ef56c23dad6.jpg,SUSPECT,0.004632543785113309,"orientation ambiguë : 2e meilleur départ à 0.00463, proche du meilleur (0.00463, ratio 1.00)"
75a1b47687ff0324,FR15_ABOM30072020044,8476254394868761380,data/crops/organized/organized_FR15_ABOM30072020044_P1_75a1b47687ff0324.jpg,SUSPECT,0.004483915403908518,"orientation ambiguë : 2e meilleur départ à 0.00448, proche du meilleur (0.00448, ratio 1.00)"
75b24819e23cd766,ABAURA4904,8480920324299085670,data/crops/organized/organized_ABAURA4904_S1_75b24819e23cd766.jpg,SUSPECT,0.004524106157399048,"orientation ambiguë : 2e meilleur départ à 0.00452, proche du meilleur (0.00452, ratio 1.00)"
75bb96e4b9daabfb,ABAURA5667,8483540232197286907,data/crops/organized/organized_ABAURA5667_S2_75bb96e4b9daabfb.jpg,SUSPECT,0.00456065398556183,"orientation ambiguë : 2e meilleur départ à 0.00456, proche du meilleur (0.00456, ratio 1.00)"
75c500bdb7c8a50f,ABAURA7163,8486189887681766671,data/crops/organized/organized_ABAURA7163_P1_75c500bdb7c8a50f.jpg,SUSPECT,0.004822640907533212,"orientation ambiguë : 2e meilleur départ à 0.00482, proche du meilleur (0.00482, ratio 1.00)"
75e6b78cc52fb222,FR15_ABOM17082020015,8495679562312561186,data/crops/organized/organized_FR15_ABOM17082020015_S1_75e6b78cc52fb222.jpg,SUSPECT,0.00456657954967367,"orientation ambiguë : 2e meilleur départ à 0.00457, proche du meilleur (0.00457, ratio 1.00)"
75f1879137720705,2020.06207,8498723029595064069,data/crops/organized/organized_2020.06207_P2_75f1879137720705.jpg,SUSPECT,0.004500192914106213,"orientation ambiguë : 2e meilleur départ à 0.00450, proche du meilleur (0.00450, ratio 1.00)"
761a06f2e3b63c08,FR73ABOM130722062,8510122086142196744,data/crops/organized/organized_FR73ABOM130722062_P2_761a06f2e3b63c08.jpg,SUSPECT,0.0045126740466484355,"orientation ambiguë : 2e meilleur départ à 0.00451, proche du meilleur (0.00451, ratio 1.00)"
761a4559d66dba59,OPIE_Lapi_B2b,8510190698021894745,data/crops/organized/organized_OPIE_Lapi_B2b_S1_761a4559d66dba59.jpg,SUSPECT,0.004900687541031654,"orientation ambiguë : 2e meilleur départ à 0.00490, proche du meilleur (0.00490, ratio 1.00)"
763dde1a2630f859,CEN187839,8520210273946105945,data/crops/organized/organized_CEN187839_P1_763dde1a2630f859.jpg,SUSPECT,0.004722012357755432,"orientation ambiguë : 2e meilleur départ à 0.00472, proche du meilleur (0.00472, ratio 1.00)"
76415f57765c7246,POLLINIS4393,8521196799214252614,data/crops/organized/organized_POLLINIS4393_S2_76415f57765c7246.jpg,SUSPECT,0.0045995588414138484,"orientation ambiguë : 2e meilleur départ à 0.00460, proche du meilleur (0.00460, ratio 1.00)"
765b0f00349f19fe,FR15_ABOM180720053,8528426812913424894,data/crops/organized/organized_FR15_ABOM180720053_S1_765b0f00349f19fe.jpg,SUSPECT,0.0044412742835060895,"orientation ambiguë : 2e meilleur départ à 0.00444, proche du meilleur (0.00444, ratio 1.00)"
7676b3c7b9614813,15L2021-1420,8536207814117378067,data/crops/organized/organized_15L2021-1420_S1_7676b3c7b9614813.jpg,SUSPECT,0.004532197467383919,"orientation ambiguë : 2e meilleur départ à 0.00453, proche du meilleur (0.00453, ratio 1.00)"
76910c01f9865c01,CD388612,8543623170719374337,data/crops/organized/organized_CD388612_P1_76910c01f9865c01.jpg,SUSPECT,0.004641977579821528,"orientation ambiguë : 2e meilleur départ à 0.00464, proche du meilleur (0.00464, ratio 1.00)"
769f117876ea5367,CollecYvan12,8547569826861306727,data/crops/organized/organized_CollecYvan12_S1_769f117876ea5367.jpg,SUSPECT,0.004614838128217782,"orientation ambiguë : 2e meilleur départ à 0.00461, proche du meilleur (0.00461, ratio 1.00)"
76f0a8f31af08f59,ABAURA5676,8570535852968546137,data/crops/organized/organized_ABAURA5676_P5_76f0a8f31af08f59.jpg,FAILED,inf,"1 landmarks, 18 attendus"
7703b2c100e26534,ABAURA8208,8575894657456825652,data/crops/organized/organized_ABAURA8208_S1_7703b2c100e26534.jpg,SUSPECT,0.004356151963322414,"orientation ambiguë : 2e meilleur départ à 0.00436, proche du meilleur (0.00436, ratio 1.00)"
771eea39b1c3510a,FR73ABOM130722006,8583555473331147018,data/crops/organized/organized_FR73ABOM130722006_S2_771eea39b1c3510a.jpg,SUSPECT,0.004634466600827011,"orientation ambiguë : 2e meilleur départ à 0.00463, proche du meilleur (0.00463, ratio 1.00)"
7722bf46bd8e1e42,OPIE_Lapi_D1,8584634150270410306,data/crops/organized/organized_OPIE_Lapi_D1_S3_7722bf46bd8e1e42.jpg,SUSPECT,0.0044201393013607185,"orientation ambiguë : 2e meilleur départ à 0.00442, proche du meilleur (0.00442, ratio 1.00)"
774c03a4aca3147f,ABAURA8526b,8596249794549322879,data/crops/organized/organized_ABAURA8526b_P2_774c03a4aca3147f.jpg,SUSPECT,0.0044467734155723415,"orientation ambiguë : 2e meilleur départ à 0.00445, proche du meilleur (0.00445, ratio 1.00)"
774eaab33bfbbace,FR15ABOM170821018,8596996425479076558,data/crops/organized/organized_FR15ABOM170821018_S2_774eaab33bfbbace.jpg,SUSPECT,0.004588431675164023,"orientation ambiguë : 2e meilleur départ à 0.00459, proche du meilleur (0.00459, ratio 1.00)"
775e385c2f4a3a60,N628,8601374306905766496,data/crops/organized/organized_N628_P5_775e385c2f4a3a60.jpg,SUSPECT,0.0044533195238751965,"orientation ambiguë : 2e meilleur départ à 0.00445, proche du meilleur (0.00445, ratio 1.00)"
7781356f49c3b4bb,15L2021-1758,8611222714604303547,data/crops/organized/organized_15L2021-1758_P2_7781356f49c3b4bb.jpg,SUSPECT,0.00456972353406417,"orientation ambiguë : 2e meilleur départ à 0.00457, proche du meilleur (0.00457, ratio 1.00)"
77b8841634d4a99b,15L2021-1758,8626790317138684315,data/crops/organized/organized_15L2021-1758_S2_77b8841634d4a99b.jpg,SUSPECT,0.004691440270107416,"orientation ambiguë : 2e meilleur départ à 0.00469, proche du meilleur (0.00469, ratio 1.00)"
77c084685c150169,FR73ABOM130722066,8629042469798216041,data/crops/organized/organized_FR73ABOM130722066_S1_77c084685c150169.jpg,SUSPECT,0.004776447792549549,"orientation ambiguë : 2e meilleur départ à 0.00478, proche du meilleur (0.00478, ratio 1.00)"
77e33c5039596444,20A.07897,8638814825483953220,data/crops/organized/organized_20A.07897_S3_77e33c5039596444.jpg,SUSPECT,0.004728866330178805,"orientation ambiguë : 2e meilleur départ à 0.00473, proche du meilleur (0.00473, ratio 1.00)"
77fa6500134d7f0f,CollecYvan21,8645333485689339663,data/crops/organized/organized_CollecYvan21_P2_77fa6500134d7f0f.jpg,SUSPECT,0.00447116436422733,"orientation ambiguë : 2e meilleur départ à 0.00447, proche du meilleur (0.00447, ratio 1.00)"
784f0fdad9e36fd4,FR15ABOO0712002,8669165240344342484,data/crops/organized/organized_FR15ABOO0712002_P1_784f0fdad9e36fd4.jpg,SUSPECT,0.005936602838367661,"orientation ambiguë : 2e meilleur départ à 0.00594, proche du meilleur (0.00594, ratio 1.00)"
785df835f641a527,15L2021-1498,8673361368033895719,data/crops/organized/organized_15L2021-1498_S2_785df835f641a527.jpg,SUSPECT,0.004467636128328942,"orientation ambiguë : 2e meilleur départ à 0.00447, proche du meilleur (0.00447, ratio 1.00)"
7865ec362c9a247c,Polset_1,8675599974619817084,data/crops/organized/organized_Polset_1_S3_7865ec362c9a247c.jpg,SUSPECT,0.004480229154091731,"orientation ambiguë : 2e meilleur départ à 0.00448, proche du meilleur (0.00448, ratio 1.00)"
786c3009835c6874,OPIE_Lapi_110702,8677363399452813428,data/crops/organized/organized_OPIE_Lapi_110702_P1_786c3009835c6874.jpg,SUSPECT,0.004691045035312408,"orientation ambiguë : 2e meilleur départ à 0.00469, proche du meilleur (0.00469, ratio 1.00)"
786d20d71bfa89fe,N815,8677628165272275454,data/crops/organized/organized_N815_P3_786d20d71bfa89fe.jpg,SUSPECT,0.004736103061409878,"orientation ambiguë : 2e meilleur départ à 0.00474, proche du meilleur (0.00474, ratio 1.00)"
786e2c0e8adb749b,CD388861b,8677921972960326811,data/crops/organized/organized_CD388861b_S1_786e2c0e8adb749b.jpg,SUSPECT,0.004584426976262001,"orientation ambiguë : 2e meilleur départ à 0.00458, proche du meilleur (0.00458, ratio 1.00)"
788866adafafd4dd,UBC-2014.0001,8685304777546912989,data/crops/organized/organized_UBC-2014.0001_S5_788866adafafd4dd.jpg,SUSPECT,0.004593590164478885,"orientation ambiguë : 2e meilleur départ à 0.00459, proche du meilleur (0.00459, ratio 1.00)"
78ad772409bd030a,2020.00471,8695737452188205834,data/crops/organized/organized_2020.00471_P1_78ad772409bd030a.jpg,SUSPECT,0.004641070426685327,"orientation ambiguë : 2e meilleur départ à 0.00464, proche du meilleur (0.00464, ratio 1.00)"
78ccc671128751a5,2019.00316,8704550368744788389,data/crops/organized/organized_2019.00316_P1_78ccc671128751a5.jpg,SUSPECT,0.004584109392704396,"orientation ambiguë : 2e meilleur départ à 0.00458, proche du meilleur (0.00458, ratio 1.00)"
78d1d61b47a990df,FR15_ABOM080820039,8705974967338635487,data/crops/organized/organized_FR15_ABOM080820039_S1_78d1d61b47a990df.jpg,SUSPECT,0.004669425464033146,"orientation ambiguë : 2e meilleur départ à 0.00467, proche du meilleur (0.00467, ratio 1.00)"
78dcb9cf1761b598,CollecYvan11,8709040078529344920,data/crops/organized/organized_CollecYvan11_S1_78dcb9cf1761b598.jpg,SUSPECT,0.0065986550089862685,"orientation ambiguë : 2e meilleur départ à 0.00660, proche du meilleur (0.00660, ratio 1.00)"
78e55198012ad9ce,NoName11,8711458767514556878,data/crops/organized/organized_NoName11_S3_78e55198012ad9ce.jpg,SUSPECT,0.004246892660472291,"orientation ambiguë : 2e meilleur départ à 0.00425, proche du meilleur (0.00425, ratio 1.00)"
78f40548945b56e8,ABAURA5591,8715596988153550568,data/crops/organized/organized_ABAURA5591_P1_78f40548945b56e8.jpg,SUSPECT,0.004486518075569805,"orientation ambiguë : 2e meilleur départ à 0.00449, proche du meilleur (0.00449, ratio 1.00)"
7904039e38f7d151,FR15ABOM170821009,8720098756591604049,data/crops/organized/organized_FR15ABOM170821009_P2_7904039e38f7d151.jpg,SUSPECT,0.004446054156584214,"orientation ambiguë : 2e meilleur départ à 0.00445, proche du meilleur (0.00445, ratio 1.00)"
7927dc01992d4c10,FR04ABOM220722031,8730188302103956496,data/crops/organized/organized_FR04ABOM220722031_S3_7927dc01992d4c10.jpg,SUSPECT,0.004367284714344307,"orientation ambiguë : 2e meilleur départ à 0.00437, proche du meilleur (0.00437, ratio 1.00)"
7936bb922cb2700c,OPIE_Lapi_B2,8734374763821166604,data/crops/organized/organized_OPIE_Lapi_B2_S2_7936bb922cb2700c.jpg,SUSPECT,0.004666392142452579,"orientation ambiguë : 2e meilleur départ à 0.00467, proche du meilleur (0.00467, ratio 1.00)"
793a2ed131299f4c,ABAURA8239,8735345903246352204,data/crops/organized/organized_ABAURA8239_P2_793a2ed131299f4c.jpg,SUSPECT,0.004572242348570617,"orientation ambiguë : 2e meilleur départ à 0.00457, proche du meilleur (0.00457, ratio 1.00)"
79533503737b339a,N385,8742389590594892698,data/crops/organized/organized_N385_S1_79533503737b339a.jpg,SUSPECT,0.004341364234899659,"orientation ambiguë : 2e meilleur départ à 0.00434, proche du meilleur (0.00434, ratio 1.00)"
7976f5c1c8c04d99,OPIE_Lapi_200703b,8752453138486676889,data/crops/organized/organized_OPIE_Lapi_200703b_S1_7976f5c1c8c04d99.jpg,SUSPECT,0.004753993842189206,"orientation ambiguë : 2e meilleur départ à 0.00475, proche du meilleur (0.00475, ratio 1.00)"
79834c1fd58c6195,FR73ABOM120722042,8755925800148820373,data/crops/organized/organized_FR73ABOM120722042_P1_79834c1fd58c6195.jpg,SUSPECT,0.004467797130234503,"orientation ambiguë : 2e meilleur départ à 0.00447, proche du meilleur (0.00447, ratio 1.00)"
798c128ae6a40876,CollecYvan15,8758395763113068662,data/crops/organized/organized_CollecYvan15_S1_798c128ae6a40876.jpg,SUSPECT,0.004560946113918292,"orientation ambiguë : 2e meilleur départ à 0.00456, proche du meilleur (0.00456, ratio 1.00)"
79920c9864a4bd88,NoName11,8760078073852116360,data/crops/organized/organized_NoName11_P1_79920c9864a4bd88.jpg,SUSPECT,0.00418197668630226,"orientation ambiguë : 2e meilleur départ à 0.00418, proche du meilleur (0.00418, ratio 1.00)"
79a208b4470febcf,FR73ABOM130722003,8764577395195767759,data/crops/organized/organized_FR73ABOM130722003_S1_79a208b4470febcf.jpg,SUSPECT,0.0045512197324554336,"orientation ambiguë : 2e meilleur départ à 0.00455, proche du meilleur (0.00455, ratio 1.00)"
79ad6b160d226108,CD387770d,8767781792014033160,data/crops/organized/organized_CD387770d_P1_79ad6b160d226108.jpg,SUSPECT,0.00446942812813607,"orientation ambiguë : 2e meilleur départ à 0.00447, proche du meilleur (0.00447, ratio 1.00)"
79b5b791b780104d,ABAURA8150d,8770117685850673229,data/crops/organized/organized_ABAURA8150d_S3_79b5b791b780104d.jpg,SUSPECT,0.004340994346343098,"orientation ambiguë : 2e meilleur départ à 0.00434, proche du meilleur (0.00434, ratio 1.00)"
79b7f85784aa7c49,OPIE_Lapi_100820,8770751854098938953,data/crops/organized/organized_OPIE_Lapi_100820_S1_79b7f85784aa7c49.jpg,SUSPECT,0.00433393828441893,"orientation ambiguë : 2e meilleur départ à 0.00433, proche du meilleur (0.00433, ratio 1.00)"
79c42c828aa83257,FR15ABOM200722065,8774186913208218199,data/crops/organized/organized_FR15ABOM200722065_P2_79c42c828aa83257.jpg,SUSPECT,0.004358825089013631,"orientation ambiguë : 2e meilleur départ à 0.00436, proche du meilleur (0.00436, ratio 1.00)"
79d7288e8be1fe18,OPIE_Lapi_160720b,8779530591279382040,data/crops/organized/organized_OPIE_Lapi_160720b_P2_79d7288e8be1fe18.jpg,SUSPECT,0.0045766620132994115,"orientation ambiguë : 2e meilleur départ à 0.00458, proche du meilleur (0.00458, ratio 1.00)"
7a5fc8ac563eb413,BAR-2018.00871,8817987237921600531,data/crops/organized/organized_BAR-2018.00871_S2_7a5fc8ac563eb413.jpg,SUSPECT,0.004497619159656869,"orientation ambiguë : 2e meilleur départ à 0.00450, proche du meilleur (0.00450, ratio 1.00)"
7a69b27655238644,FR15_ABOM07082020038,8820777566486103620,data/crops/organized/organized_FR15_ABOM07082020038_P1_7a69b27655238644.jpg,SUSPECT,0.004582586261939536,"orientation ambiguë : 2e meilleur départ à 0.00458, proche du meilleur (0.00458, ratio 1.00)"
7a80b6143306c4aa,FR15ABOM200821004,8827255467517854890,data/crops/organized/organized_FR15ABOM200821004_S1_7a80b6143306c4aa.jpg,SUSPECT,0.00443000385940689,"orientation ambiguë : 2e meilleur départ à 0.00443, proche du meilleur (0.00443, ratio 1.00)"
7a9c3f3831c37cfe,CD388623b,8835006079579684094,data/crops/organized/organized_CD388623b_P1_7a9c3f3831c37cfe.jpg,SUSPECT,0.0046032980201065055,"orientation ambiguë : 2e meilleur départ à 0.00460, proche du meilleur (0.00460, ratio 1.00)"
7ad43c420f243f66,FR15ABOM200722066,8850765422109409126,data/crops/organized/organized_FR15ABOM200722066_S3_7ad43c420f243f66.jpg,SUSPECT,0.004308538909548751,"orientation ambiguë : 2e meilleur départ à 0.00431, proche du meilleur (0.00431, ratio 1.00)"
7b19bb1589f04948,CD388623,8870326642265835848,data/crops/organized/organized_CD388623_S1_7b19bb1589f04948.jpg,SUSPECT,0.004779013797493447,"orientation ambiguë : 2e meilleur départ à 0.00478, proche du meilleur (0.00478, ratio 1.00)"
7b1f576878754b63,FR73ABOM200722040,8871905897152334691,data/crops/organized/organized_FR73ABOM200722040_S3_7b1f576878754b63.jpg,SUSPECT,0.004559232323564075,"orientation ambiguë : 2e meilleur départ à 0.00456, proche du meilleur (0.00456, ratio 1.00)"
7b71ce8e55cc5cf4,FR73ABOM200722031,8895117849753574644,data/crops/organized/organized_FR73ABOM200722031_S3_7b71ce8e55cc5cf4.jpg,SUSPECT,0.0044554285722060265,"orientation ambiguë : 2e meilleur départ à 0.00446, proche du meilleur (0.00446, ratio 1.00)"
7badd54882c457c3,FR15_ABOM30072020036,8912013745044346819,data/crops/organized/organized_FR15_ABOM30072020036_S3_7badd54882c457c3.jpg,SUSPECT,0.00407471504038176,"orientation ambiguë : 2e meilleur départ à 0.00407, proche du meilleur (0.00407, ratio 1.00)"
7be8f97d412f3b7f,OPIE_Lapi_H1,8928660577621851007,data/crops/organized/organized_OPIE_Lapi_H1_S1_7be8f97d412f3b7f.jpg,SUSPECT,0.004124842902100226,"orientation ambiguë : 2e meilleur départ à 0.00412, proche du meilleur (0.00412, ratio 1.00)"
7c0b5f3acdc94a4f,FR15ABOM210821125,8938342591612144207,data/crops/organized/organized_FR15ABOM210821125_P1_7c0b5f3acdc94a4f.jpg,SUSPECT,0.00455040572783279,"orientation ambiguë : 2e meilleur départ à 0.00455, proche du meilleur (0.00455, ratio 1.00)"
7c0bebb486c52ad1,FR15ABOM210821171,8938497046034590417,data/crops/organized/organized_FR15ABOM210821171_S1_7c0bebb486c52ad1.jpg,SUSPECT,0.004628520225226842,"orientation ambiguë : 2e meilleur départ à 0.00463, proche du meilleur (0.00463, ratio 1.00)"
7c2d82191780de60,FR15ABOM200821005,8947951078935158368,data/crops/organized/organized_FR15ABOM200821005_S2_7c2d82191780de60.jpg,SUSPECT,0.004492521662173765,"orientation ambiguë : 2e meilleur départ à 0.00449, proche du meilleur (0.00449, ratio 1.00)"
7c2fcbff950fcf4a,2020.04044,8948595283186405194,data/crops/organized/organized_2020.04044_S1_7c2fcbff950fcf4a.jpg,SUSPECT,0.004664150545277724,"orientation ambiguë : 2e meilleur départ à 0.00466, proche du meilleur (0.00466, ratio 1.00)"
7c32cb46b3fa804a,15L2021-1743,8949438914066284618,data/crops/organized/organized_15L2021-1743_S1_7c32cb46b3fa804a.jpg,SUSPECT,0.004388099331844898,"orientation ambiguë : 2e meilleur départ à 0.00439, proche du meilleur (0.00439, ratio 1.00)"
7c400a9e2ad1a3da,FR73ABOM120722090,8953167733652038618,data/crops/organized/organized_FR73ABOM120722090_S3_7c400a9e2ad1a3da.jpg,SUSPECT,0.004491613401916622,"orientation ambiguë : 2e meilleur départ à 0.00449, proche du meilleur (0.00449, ratio 1.00)"
7c445821efff56c5,FR15ABOM210822012,8954378861903042245,data/crops/organized/organized_FR15ABOM210822012_P2_7c445821efff56c5.jpg,SUSPECT,0.004664940772390814,"orientation ambiguë : 2e meilleur départ à 0.00466, proche du meilleur (0.00466, ratio 1.00)"
7c47133be5617baa,FR15ABOM110721013,8955147532021889962,data/crops/organized/organized_FR15ABOM110721013_P1_7c47133be5617baa.jpg,FAILED,inf,"6 landmarks, 18 attendus"
7c58990448377e5b,FR05ABOM220722025,8960079702324117083,data/crops/organized/organized_FR05ABOM220722025_S1_7c58990448377e5b.jpg,SUSPECT,0.004598880829886736,"orientation ambiguë : 2e meilleur départ à 0.00460, proche du meilleur (0.00460, ratio 1.00)"
7c72863822f83d26,FR73ABOM140722026,8967377383711063334,data/crops/organized/organized_FR73ABOM140722026_S1_7c72863822f83d26.jpg,SUSPECT,0.004794648046824196,"orientation ambiguë : 2e meilleur départ à 0.00479, proche du meilleur (0.00479, ratio 1.00)"
7c9b14365ea62f7e,CD388623b,8978792505841954686,data/crops/organized/organized_CD388623b_S1_7c9b14365ea62f7e.jpg,SUSPECT,0.00452126200604388,"orientation ambiguë : 2e meilleur départ à 0.00452, proche du meilleur (0.00452, ratio 1.00)"
7cb36d5b16b80e62,NoName7,8985645919524884066,data/crops/organized/organized_NoName7_S2_7cb36d5b16b80e62.jpg,SUSPECT,0.0045860434350723425,"orientation ambiguë : 2e meilleur départ à 0.00459, proche du meilleur (0.00459, ratio 1.00)"
7cb5e0d9b0ebe3e8,FR74ABOM170722014,8986335857068467176,data/crops/organized/organized_FR74ABOM170722014_P1_7cb5e0d9b0ebe3e8.jpg,SUSPECT,0.004675654187734645,"orientation ambiguë : 2e meilleur départ à 0.00468, proche du meilleur (0.00468, ratio 1.00)"
7cc1081eebc0e979,CD388872b,8989475260105550201,data/crops/organized/organized_CD388872b_S1_7cc1081eebc0e979.jpg,SUSPECT,0.004390896630560038,"orientation ambiguë : 2e meilleur départ à 0.00439, proche du meilleur (0.00439, ratio 1.00)"
7cc2c4a25e17be0a,FR15ABOM220821043,8989964007827291658,data/crops/organized/organized_FR15ABOM220821043_S3_7cc2c4a25e17be0a.jpg,SUSPECT,0.004793889690512044,"orientation ambiguë : 2e meilleur départ à 0.00479, proche du meilleur (0.00479, ratio 1.00)"
7d0722edb7e215c5,FR15_ABOM17082020015,9009207983965607365,data/crops/organized/organized_FR15_ABOM17082020015_S2_7d0722edb7e215c5.jpg,SUSPECT,0.004625085542645541,"orientation ambiguë : 2e meilleur départ à 0.00463, proche du meilleur (0.00463, ratio 1.00)"
7d0b25806e142798,FR04ABOM220722089,9010336713017665432,data/crops/organized/organized_FR04ABOM220722089_S1_7d0b25806e142798.jpg,SUSPECT,0.004361531326033643,"orientation ambiguë : 2e meilleur départ à 0.00436, proche du meilleur (0.00436, ratio 1.00)"
7d255c9623a4c2fa,AGR.2016.1415,9017715628792136442,data/crops/organized/organized_AGR.2016.1415_S2_7d255c9623a4c2fa.jpg,SUSPECT,0.004644099666180047,"orientation ambiguë : 2e meilleur départ à 0.00464, proche du meilleur (0.00464, ratio 1.00)"
7d3ad11c3c2cdc18,ABAURA57210,9023754722589072408,data/crops/organized/organized_ABAURA57210_P2_7d3ad11c3c2cdc18.jpg,SUSPECT,0.004488576801380336,"orientation ambiguë : 2e meilleur départ à 0.00449, proche du meilleur (0.00449, ratio 1.00)"
7d8996f101ad0aa5,FR73ABOM200722028,9045927288409754277,data/crops/organized/organized_FR73ABOM200722028_S2_7d8996f101ad0aa5.jpg,SUSPECT,0.004748093200981703,"orientation ambiguë : 2e meilleur départ à 0.00475, proche du meilleur (0.00475, ratio 1.00)"
7da559bec7fc670d,15L2021-1740,9053741301832115981,data/crops/organized/organized_15L2021-1740_S2_7da559bec7fc670d.jpg,SUSPECT,0.004429392364451241,"orientation ambiguë : 2e meilleur départ à 0.00443, proche du meilleur (0.00443, ratio 1.00)"
7dadffa2ecf3ec70,CD388391b,9056175500937129072,data/crops/organized/organized_CD388391b_P2_7dadffa2ecf3ec70.jpg,SUSPECT,0.004541956423768281,"orientation ambiguë : 2e meilleur départ à 0.00454, proche du meilleur (0.00454, ratio 1.00)"
7dd025e557849e1a,15L2021-1742,9065787716842855962,data/crops/organized/organized_15L2021-1742_P1_7dd025e557849e1a.jpg,SUSPECT,0.004775953928875921,"orientation ambiguë : 2e meilleur départ à 0.00478, proche du meilleur (0.00478, ratio 1.00)"
7de79bc91444355d,FR15_ABOM14080820006,9072391262291899741,data/crops/organized/organized_FR15_ABOM14080820006_S2_7de79bc91444355d.jpg,SUSPECT,0.004773404452384581,"orientation ambiguë : 2e meilleur départ à 0.00477, proche du meilleur (0.00477, ratio 1.00)"
7df5d0880b1619af,CD388003,9076389906755230127,data/crops/organized/organized_CD388003_P2_7df5d0880b1619af.jpg,SUSPECT,0.004339213558175512,"orientation ambiguë : 2e meilleur départ à 0.00434, proche du meilleur (0.00434, ratio 1.00)"
7df7eb1391189bca,FR73ABOM130722002,9076982043259739082,data/crops/organized/organized_FR73ABOM130722002_S3_7df7eb1391189bca.jpg,SUSPECT,0.004770906330771292,"orientation ambiguë : 2e meilleur départ à 0.00477, proche du meilleur (0.00477, ratio 1.00)"
7e00108eca94eed8,NoName5,9079275054249078488,data/crops/organized/organized_NoName5_P1_7e00108eca94eed8.jpg,SUSPECT,0.0043645439514957505,"orientation ambiguë : 2e meilleur départ à 0.00436, proche du meilleur (0.00436, ratio 1.00)"
7e173378674bd4d0,FR04ABOM220722092,9085787365465380048,data/crops/organized/organized_FR04ABOM220722092_S3_7e173378674bd4d0.jpg,SUSPECT,0.004607304953127252,"orientation ambiguë : 2e meilleur départ à 0.00461, proche du meilleur (0.00461, ratio 1.00)"
7e2dafde6c4633a9,ABAURA7150,9092116592565040041,data/crops/organized/organized_ABAURA7150_P1_7e2dafde6c4633a9.jpg,SUSPECT,0.004539958958108788,"orientation ambiguë : 2e meilleur départ à 0.00454, proche du meilleur (0.00454, ratio 1.00)"
7e343a15e1ec0b9b,CD388013,9093957413226941339,data/crops/organized/organized_CD388013_S2_7e343a15e1ec0b9b.jpg,SUSPECT,0.004559811522946031,"orientation ambiguë : 2e meilleur départ à 0.00456, proche du meilleur (0.00456, ratio 1.00)"
7e378ffc9327ceba,FR73ABOM200722039,9094896287461396154,data/crops/organized/organized_FR73ABOM200722039_S1_7e378ffc9327ceba.jpg,SUSPECT,0.00448505903195719,"orientation ambiguë : 2e meilleur départ à 0.00449, proche du meilleur (0.00449, ratio 1.00)"
7e755d52d8187fcb,ABAURA8208,9112292031448252363,data/crops/organized/organized_ABAURA8208_S3_7e755d52d8187fcb.jpg,SUSPECT,0.0043998097191613895,"orientation ambiguë : 2e meilleur départ à 0.00440, proche du meilleur (0.00440, ratio 1.00)"
7ea37986a20ad608,FR04ABOM220722057,9125270889133954568,data/crops/organized/organized_FR04ABOM220722057_S1_7ea37986a20ad608.jpg,SUSPECT,0.004380557556508496,"orientation ambiguë : 2e meilleur départ à 0.00438, proche du meilleur (0.00438, ratio 1.00)"
7ed26111a1fae43d,CD388146,9138473322248070205,data/crops/organized/organized_CD388146_P2_7ed26111a1fae43d.jpg,SUSPECT,0.004475101107475495,"orientation ambiguë : 2e meilleur départ à 0.00448, proche du meilleur (0.00448, ratio 1.00)"
7efd0495d606a03f,ABAURA8885c,9150475059474112575,data/crops/organized/organized_ABAURA8885c_S3_7efd0495d606a03f.jpg,SUSPECT,0.0044267452995334165,"orientation ambiguë : 2e meilleur départ à 0.00443, proche du meilleur (0.00443, ratio 1.00)"
7f153e8d41d5cda6,OPIE_Lapi_B2,9157294193743613350,data/crops/organized/organized_OPIE_Lapi_B2_S3_7f153e8d41d5cda6.jpg,SUSPECT,0.004578872691235202,"orientation ambiguë : 2e meilleur départ à 0.00458, proche du meilleur (0.00458, ratio 1.00)"
7f210cef02389b73,ABAURA8239,9160617337722280819,data/crops/organized/organized_ABAURA8239_S1_7f210cef02389b73.jpg,SUSPECT,0.00454496764912613,"orientation ambiguë : 2e meilleur départ à 0.00454, proche du meilleur (0.00454, ratio 1.00)"
7f2248f80825e701,ABAURA8885b,9160964822150801153,data/crops/organized/organized_ABAURA8885b_S1_7f2248f80825e701.jpg,SUSPECT,0.004639172850129864,"orientation ambiguë : 2e meilleur départ à 0.00464, proche du meilleur (0.00464, ratio 1.00)"
7f6de0e50a43e163,CollecYvan22,9182242489602662755,data/crops/organized/organized_CollecYvan22_P2_7f6de0e50a43e163.jpg,SUSPECT,0.004398864852380405,"orientation ambiguë : 2e meilleur départ à 0.00440, proche du meilleur (0.00440, ratio 1.00)"
7f757fd48eb39c34,2019.02073,9184387565995924532,data/crops/organized/organized_2019.02073_S2_7f757fd48eb39c34.jpg,SUSPECT,0.004482680535775164,"orientation ambiguë : 2e meilleur départ à 0.00448, proche du meilleur (0.00448, ratio 1.00)"
7f78258b9d5e5f49,FR73ABOM140722039,9185132721593016137,data/crops/organized/organized_FR73ABOM140722039_P2_7f78258b9d5e5f49.jpg,SUSPECT,0.0045110806685009115,"orientation ambiguë : 2e meilleur départ à 0.00451, proche du meilleur (0.00451, ratio 1.00)"
7f959a9040a4b994,FR15_ABOM09082020094,9193424158697240980,data/crops/organized/organized_FR15_ABOM09082020094_P2_7f959a9040a4b994.jpg,SUSPECT,0.004639345854930748,"orientation ambiguë : 2e meilleur départ à 0.00464, proche du meilleur (0.00464, ratio 1.00)"
7fa1e16b424941e7,FR73ABOM130722027,9196879764857111015,data/crops/organized/organized_FR73ABOM130722027_S2_7fa1e16b424941e7.jpg,SUSPECT,0.004556049845395847,"orientation ambiguë : 2e meilleur départ à 0.00456, proche du meilleur (0.00456, ratio 1.00)"
7fa6762d0826fadb,FR73ABOM130722037,9198169224733194971,data/crops/organized/organized_FR73ABOM130722037_S3_7fa6762d0826fadb.jpg,SUSPECT,0.00437547181591216,"orientation ambiguë : 2e meilleur départ à 0.00438, proche du meilleur (0.00438, ratio 1.00)"
7fcb7379045ca695,FR15ABOM200821035,9208580826690528917,data/crops/organized/organized_FR15ABOM200821035_S2_7fcb7379045ca695.jpg,SUSPECT,0.004403365390118367,"orientation ambiguë : 2e meilleur départ à 0.00440, proche du meilleur (0.00440, ratio 1.00)"
800d6a969fe9e6b3,ABAURA8239c,9227148406712559283,data/crops/organized/organized_ABAURA8239c_P1_800d6a969fe9e6b3.jpg,SUSPECT,0.004494104546021747,"orientation ambiguë : 2e meilleur départ à 0.00449, proche du meilleur (0.00449, ratio 1.00)"
8010a700d6e3c12b,ABAURA8207e,9228059258529235243,data/crops/organized/organized_ABAURA8207e_P1_8010a700d6e3c12b.jpg,SUSPECT,0.004490949042856655,"orientation ambiguë : 2e meilleur départ à 0.00449, proche du meilleur (0.00449, ratio 1.00)"
80140df9c94cacf7,FR73ABOM200722018,9229016902864252151,data/crops/organized/organized_FR73ABOM200722018_S3_80140df9c94cacf7.jpg,SUSPECT,0.004544295539258854,"orientation ambiguë : 2e meilleur départ à 0.00454, proche du meilleur (0.00454, ratio 1.00)"
8020177f956dfa97,FR04ABOM220722060,9232405072844814999,data/crops/organized/organized_FR04ABOM220722060_P1_8020177f956dfa97.jpg,SUSPECT,0.0041853812741354645,"orientation ambiguë : 2e meilleur départ à 0.00419, proche du meilleur (0.00419, ratio 1.00)"
80326bfa3a2f49f6,ABAURA7151,9237564508152482294,data/crops/organized/organized_ABAURA7151_S2_80326bfa3a2f49f6.jpg,SUSPECT,0.004557547156353651,"orientation ambiguë : 2e meilleur départ à 0.00456, proche du meilleur (0.00456, ratio 1.00)"
804141aefdb658e3,ABAURA4936,9241740130177669347,data/crops/organized/organized_ABAURA4936_S3_804141aefdb658e3.jpg,SUSPECT,0.004421732151562466,"orientation ambiguë : 2e meilleur départ à 0.00442, proche du meilleur (0.00442, ratio 1.00)"
80560ebf7e89bef9,CollecYvan15,9247595100476391161,data/crops/organized/organized_CollecYvan15_S3_80560ebf7e89bef9.jpg,SUSPECT,0.0045044117345011455,"orientation ambiguë : 2e meilleur départ à 0.00450, proche du meilleur (0.00450, ratio 1.00)"
805f56a655bec412,CD387287,9250207432045413394,data/crops/organized/organized_CD387287_S3_805f56a655bec412.jpg,SUSPECT,0.0045378993846510625,"orientation ambiguë : 2e meilleur départ à 0.00454, proche du meilleur (0.00454, ratio 1.00)"
807224ed78fa2dd6,CollecYvan8,9255500786555301334,data/crops/organized/organized_CollecYvan8_P2_807224ed78fa2dd6.jpg,SUSPECT,0.0043802706212868105,"orientation ambiguë : 2e meilleur départ à 0.00438, proche du meilleur (0.00438, ratio 1.00)"
808f220de596601b,OPIE_Lapi_260620b,9263660401606156315,data/crops/organized/organized_OPIE_Lapi_260620b_S2_808f220de596601b.jpg,SUSPECT,0.00435567138873283,"orientation ambiguë : 2e meilleur départ à 0.00436, proche du meilleur (0.00436, ratio 1.00)"
80a07da91ea7a037,FR15ABOM210821147,9268546198445727799,data/crops/organized/organized_FR15ABOM210821147_S1_80a07da91ea7a037.jpg,SUSPECT,0.004603081794124614,"orientation ambiguë : 2e meilleur départ à 0.00460, proche du meilleur (0.00460, ratio 1.00)"
80e93c027de786eb,VAN-2019.00785,9289021687828285163,data/crops/organized/organized_VAN-2019.00785_P3_80e93c027de786eb.jpg,FAILED,inf,"14 landmarks, 18 attendus"
80ec542a20fc4973,POLLINIS4351,9289892671277255027,data/crops/organized/organized_POLLINIS4351_P2_80ec542a20fc4973.jpg,SUSPECT,0.0046767736914054316,"orientation ambiguë : 2e meilleur départ à 0.00468, proche du meilleur (0.00468, ratio 1.00)"
80f8373983cb5b7c,ABAURA8672b,9293238551242824572,data/crops/organized/organized_ABAURA8672b_S1_80f8373983cb5b7c.jpg,SUSPECT,0.004600149176581403,"orientation ambiguë : 2e meilleur départ à 0.00460, proche du meilleur (0.00460, ratio 1.00)"
810e26fd8ea32a3f,ABAURA7155,9299413151028292159,data/crops/organized/organized_ABAURA7155_S2_810e26fd8ea32a3f.jpg,FAILED,inf,"11 landmarks, 18 attendus"
8126849ae86bf9a5,FR15_ABOM30072020045,9306271480866929061,data/crops/organized/organized_FR15_ABOM30072020045_S3_8126849ae86bf9a5.jpg,SUSPECT,0.0041656465784102965,"orientation ambiguë : 2e meilleur départ à 0.00417, proche du meilleur (0.00417, ratio 1.00)"
812a9cd06bc8347f,NoName2,9307423998889964671,data/crops/organized/organized_NoName2_P2_812a9cd06bc8347f.jpg,SUSPECT,0.004511835614796363,"orientation ambiguë : 2e meilleur départ à 0.00451, proche du meilleur (0.00451, ratio 1.00)"
81342b66b7267600,FR73ABOM130722039,9310114049841067520,data/crops/organized/organized_FR73ABOM130722039_P2_81342b66b7267600.jpg,SUSPECT,0.00443781709074132,"orientation ambiguë : 2e meilleur départ à 0.00444, proche du meilleur (0.00444, ratio 1.00)"
813837c06e9364c1,FR05ABOM220722026,9311253529216902337,data/crops/organized/organized_FR05ABOM220722026_P2_813837c06e9364c1.jpg,SUSPECT,0.004557964818315853,"orientation ambiguë : 2e meilleur départ à 0.00456, proche du meilleur (0.00456, ratio 1.00)"
81408a58a055dff1,CD388821b,9313596142653923313,data/crops/organized/organized_CD388821b_S2_81408a58a055dff1.jpg,SUSPECT,0.004755539654195871,"orientation ambiguë : 2e meilleur départ à 0.00476, proche du meilleur (0.00476, ratio 1.00)"
81446af8cbe96371,POLLINIS4351,9314687546114532209,data/crops/organized/organized_POLLINIS4351_P1_81446af8cbe96371.jpg,SUSPECT,0.004757219274592333,"orientation ambiguë : 2e meilleur départ à 0.00476, proche du meilleur (0.00476, ratio 1.00)"
8149584fdf26097b,FR15ABOM170821029,9316074404262054267,data/crops/organized/organized_FR15ABOM170821029_S3_8149584fdf26097b.jpg,SUSPECT,0.0046219616691195176,"orientation ambiguë : 2e meilleur départ à 0.00462, proche du meilleur (0.00462, ratio 1.00)"
814c95b0ff281620,ABAURA8206,9316986316550313504,data/crops/organized/organized_ABAURA8206_P1_814c95b0ff281620.jpg,SUSPECT,0.004645482321966323,"orientation ambiguë : 2e meilleur départ à 0.00465, proche du meilleur (0.00465, ratio 1.00)"
816f6b851803f3de,ABAURA8150b,9326791572685321182,data/crops/organized/organized_ABAURA8150b_P2_816f6b851803f3de.jpg,SUSPECT,0.004738803495994559,"orientation ambiguë : 2e meilleur départ à 0.00474, proche du meilleur (0.00474, ratio 1.00)"
817fe82cff059f26,OPIE_Lapi_060803,9331432232889720614,data/crops/organized/organized_OPIE_Lapi_060803_S3_817fe82cff059f26.jpg,SUSPECT,0.004241219986253114,"orientation ambiguë : 2e meilleur départ à 0.00424, proche du meilleur (0.00424, ratio 1.00)"
8191aad3a636aabd,CollecYvan8,9336431328519170749,data/crops/organized/organized_CollecYvan8_S2_8191aad3a636aabd.jpg,SUSPECT,0.004406104903366368,"orientation ambiguë : 2e meilleur départ à 0.00441, proche du meilleur (0.00441, ratio 1.00)"
819d8f1f69b4676a,FR15_AB210818002,9339778567316465514,data/crops/organized/organized_FR15_AB210818002_S1_819d8f1f69b4676a.jpg,SUSPECT,0.004378406884935779,"orientation ambiguë : 2e meilleur départ à 0.00438, proche du meilleur (0.00438, ratio 1.00)"
81ae3fd8772bcc60,ABAURA8150b,9344476475785202784,data/crops/organized/organized_ABAURA8150b_S2_81ae3fd8772bcc60.jpg,SUSPECT,0.0047829040637579695,"orientation ambiguë : 2e meilleur départ à 0.00478, proche du meilleur (0.00478, ratio 1.00)"
81c96cf7994a9eb5,FR73ABOM140722031,9352125911896071861,data/crops/organized/organized_FR73ABOM140722031_S1_81c96cf7994a9eb5.jpg,SUSPECT,0.004804211022204133,"orientation ambiguë : 2e meilleur départ à 0.00480, proche du meilleur (0.00480, ratio 1.00)"
81de441efd78b490,ABAURA8240,9357991975614723216,data/crops/organized/organized_ABAURA8240_S1_81de441efd78b490.jpg,SUSPECT,0.004835601148742658,"orientation ambiguë : 2e meilleur départ à 0.00484, proche du meilleur (0.00484, ratio 1.00)"
81fb781409e74bee,FR15_ABOM07082020082,9366211877507910638,data/crops/organized/organized_FR15_ABOM07082020082_S3_81fb781409e74bee.jpg,SUSPECT,0.004489987984904103,"orientation ambiguë : 2e meilleur départ à 0.00449, proche du meilleur (0.00449, ratio 1.00)"
82008eb6c0f8bf22,ABAURA8238a,9367644140503351074,data/crops/organized/organized_ABAURA8238a_P2_82008eb6c0f8bf22.jpg,SUSPECT,0.004456800251654365,"orientation ambiguë : 2e meilleur départ à 0.00446, proche du meilleur (0.00446, ratio 1.00)"
8205413b51c61f16,15G2021-1200,9368966322844999446,data/crops/organized/organized_15G2021-1200_S1_8205413b51c61f16.jpg,SUSPECT,0.0042813025423251135,"orientation ambiguë : 2e meilleur départ à 0.00428, proche du meilleur (0.00428, ratio 1.00)"
8208923078920504,FR15ABOM200722026,9369899761623237892,data/crops/organized/organized_FR15ABOM200722026_P1_8208923078920504.jpg,SUSPECT,0.004092876744539436,"orientation ambiguë : 2e meilleur départ à 0.00409, proche du meilleur (0.00409, ratio 1.00)"
8209d52c9d07c3cc,OPIE_Lapi_290602,9370254887310836684,data/crops/organized/organized_OPIE_Lapi_290602_S1_8209d52c9d07c3cc.jpg,SUSPECT,0.004561681359330747,"orientation ambiguë : 2e meilleur départ à 0.00456, proche du meilleur (0.00456, ratio 1.00)"
823bb3ee77545168,FR15_ABOM30072020040,9384292085342163304,data/crops/organized/organized_FR15_ABOM30072020040_P2_823bb3ee77545168.jpg,SUSPECT,0.004586160913231786,"orientation ambiguë : 2e meilleur départ à 0.00459, proche du meilleur (0.00459, ratio 1.00)"
82434bb284084e47,CD388623c,9386429278461644359,data/crops/organized/organized_CD388623c_S2_82434bb284084e47.jpg,SUSPECT,0.004729327340692294,"orientation ambiguë : 2e meilleur départ à 0.00473, proche du meilleur (0.00473, ratio 1.00)"
8279509235800afb,POLLINIS5133,9401634286005652219,data/crops/organized/organized_POLLINIS5133_P1_8279509235800afb.jpg,FAILED,inf,"1 landmarks, 18 attendus"
8290da03f48dd279,OPIE_Lapi_180703,9408259332099658361,data/crops/organized/organized_OPIE_Lapi_180703_P1_8290da03f48dd279.jpg,SUSPECT,0.004274687951815156,"orientation ambiguë : 2e meilleur départ à 0.00427, proche du meilleur (0.00427, ratio 1.00)"
82aadea916a5f91b,POLLINIS4982,9415582788782258459,data/crops/organized/organized_POLLINIS4982_P4_82aadea916a5f91b.jpg,FAILED,inf,"17 landmarks, 18 attendus"
82ab8e2cfe849b67,D264520b,9415775769847962471,data/crops/organized/organized_D264520b_P1_82ab8e2cfe849b67.jpg,SUSPECT,0.004744444399588499,"orientation ambiguë : 2e meilleur départ à 0.00474, proche du meilleur (0.00474, ratio 1.00)"
82b3ea49cf160121,FR73ABOM120722103,9418128848489677089,data/crops/organized/organized_FR73ABOM120722103_P2_82b3ea49cf160121.jpg,SUSPECT,0.004441552368065451,"orientation ambiguë : 2e meilleur départ à 0.00444, proche du meilleur (0.00444, ratio 1.00)"
82c44e5383e565c6,ABAURA7150,9422742440968021446,data/crops/organized/organized_ABAURA7150_S3_82c44e5383e565c6.jpg,SUSPECT,0.004561394321692359,"orientation ambiguë : 2e meilleur départ à 0.00456, proche du meilleur (0.00456, ratio 1.00)"
82fee07f0d9a3e55,FR73ABOM130722006,9439228705308819029,data/crops/organized/organized_FR73ABOM130722006_S1_82fee07f0d9a3e55.jpg,SUSPECT,0.004643290356231143,"orientation ambiguë : 2e meilleur départ à 0.00464, proche du meilleur (0.00464, ratio 1.00)"
83039d6f02f7a727,FR73ABOM130722003,9440562344015406887,data/crops/organized/organized_FR73ABOM130722003_P1_83039d6f02f7a727.jpg,SUSPECT,0.0045274878464079855,"orientation ambiguë : 2e meilleur départ à 0.00453, proche du meilleur (0.00453, ratio 1.00)"
8307b5b85d714486,POLLINIS4343,9441714947251848326,data/crops/organized/organized_POLLINIS4343_S3_8307b5b85d714486.jpg,SUSPECT,0.004632378893487198,"orientation ambiguë : 2e meilleur départ à 0.00463, proche du meilleur (0.00463, ratio 1.00)"
830bc3fb4ff13f9f,OPIE_Lapi_78V,9442856527857794975,data/crops/organized/organized_OPIE_Lapi_78V_P2_830bc3fb4ff13f9f.jpg,SUSPECT,0.004516081163428934,"orientation ambiguë : 2e meilleur départ à 0.00452, proche du meilleur (0.00452, ratio 1.00)"
8346b25d609fb9f3,OPPO_5923,9459444181461088755,data/crops/organized/organized_OPPO_5923_P1_8346b25d609fb9f3.jpg,SUSPECT,0.004670054949073825,"orientation ambiguë : 2e meilleur départ à 0.00467, proche du meilleur (0.00467, ratio 1.00)"
8375f2bfd3459f92,FR73ABOM130722062,9472744296940937106,data/crops/organized/organized_FR73ABOM130722062_P1_8375f2bfd3459f92.jpg,SUSPECT,0.0045660914006425465,"orientation ambiguë : 2e meilleur départ à 0.00457, proche du meilleur (0.00457, ratio 1.00)"
837dc7259ea9a922,VAN-2019.00788,9474948155447028002,data/crops/organized/organized_VAN-2019.00788_P1_837dc7259ea9a922.jpg,SUSPECT,0.004425944312413697,"orientation ambiguë : 2e meilleur départ à 0.00443, proche du meilleur (0.00443, ratio 1.00)"
83a52e417e66af08,FR15ABOM210822012,9486039048954228488,data/crops/organized/organized_FR15ABOM210822012_S2_83a52e417e66af08.jpg,SUSPECT,0.004750179020833486,"orientation ambiguë : 2e meilleur départ à 0.00475, proche du meilleur (0.00475, ratio 1.00)"
83aa4fce54344bff,FR73ABOM130722017,9487483312603941887,data/crops/organized/organized_FR73ABOM130722017_S3_83aa4fce54344bff.jpg,SUSPECT,0.004253975869306768,"orientation ambiguë : 2e meilleur départ à 0.00425, proche du meilleur (0.00425, ratio 1.00)"
83b782c61bfb19c7,FR73ABOM140722026,9491198527091186119,data/crops/organized/organized_FR73ABOM140722026_S2_83b782c61bfb19c7.jpg,SUSPECT,0.004821044357420992,"orientation ambiguë : 2e meilleur départ à 0.00482, proche du meilleur (0.00482, ratio 1.00)"
83c0adfd4496e2f0,ABAURA4902,9493779317786075888,data/crops/organized/organized_ABAURA4902_P1_83c0adfd4496e2f0.jpg,SUSPECT,0.004402916805577553,"orientation ambiguë : 2e meilleur départ à 0.00440, proche du meilleur (0.00440, ratio 1.00)"
83e7323d015f803a,CollecYvan14,9504620776186150970,data/crops/organized/organized_CollecYvan14_S3_83e7323d015f803a.jpg,SUSPECT,0.004586330233522438,"orientation ambiguë : 2e meilleur départ à 0.00459, proche du meilleur (0.00459, ratio 1.00)"
83f458d58c694850,OPIE_Lapi_E7,9508322387492948048,data/crops/organized/organized_OPIE_Lapi_E7_S1_83f458d58c694850.jpg,SUSPECT,0.0043567689446046805,"orientation ambiguë : 2e meilleur départ à 0.00436, proche du meilleur (0.00436, ratio 1.00)"
841fa6af597c3364,ABAURA7781b,9520511409335317348,data/crops/organized/organized_ABAURA7781b_P2_841fa6af597c3364.jpg,SUSPECT,0.0046688417039961036,"orientation ambiguë : 2e meilleur départ à 0.00467, proche du meilleur (0.00467, ratio 1.00)"
844688e9038ff13c,ABAURA8205d,9531456195744756028,data/crops/organized/organized_ABAURA8205d_P1_844688e9038ff13c.jpg,SUSPECT,0.0045931502238734,"orientation ambiguë : 2e meilleur départ à 0.00459, proche du meilleur (0.00459, ratio 1.00)"
845eef852289965a,CD388820,9538324415906420314,data/crops/organized/organized_CD388820_S2_845eef852289965a.jpg,SUSPECT,0.0045773224116366605,"orientation ambiguë : 2e meilleur départ à 0.00458, proche du meilleur (0.00458, ratio 1.00)"
846fb995111ab07e,FR05ABOM220722028,9543050185309597822,data/crops/organized/organized_FR05ABOM220722028_S3_846fb995111ab07e.jpg,SUSPECT,0.004701847315999105,"orientation ambiguë : 2e meilleur départ à 0.00470, proche du meilleur (0.00470, ratio 1.00)"
84d8414777cb4e9d,CD388018,9572472783184285341,data/crops/organized/organized_CD388018_S2_84d8414777cb4e9d.jpg,SUSPECT,0.0044611613794054514,"orientation ambiguë : 2e meilleur départ à 0.00446, proche du meilleur (0.00446, ratio 1.00)"
84f5b88e8e623363,2017.06254,9580766704714265443,data/crops/organized/organized_2017.06254_S2_84f5b88e8e623363.jpg,SUSPECT,0.00464081519182618,"orientation ambiguë : 2e meilleur départ à 0.00464, proche du meilleur (0.00464, ratio 1.00)"
8554ea5143a30b4c,POLLINIS5943,9607561539836119884,data/crops/organized/organized_POLLINIS5943_P1_8554ea5143a30b4c.jpg,SUSPECT,0.004537766505437824,"orientation ambiguë : 2e meilleur départ à 0.00454, proche du meilleur (0.00454, ratio 1.00)"
8563ab410df359cb,FR05ABOM220722023,9611714325634046411,data/crops/organized/organized_FR05ABOM220722023_S1_8563ab410df359cb.jpg,SUSPECT,0.0046226266525699715,"orientation ambiguë : 2e meilleur départ à 0.00462, proche du meilleur (0.00462, ratio 1.00)"
85b05a9e3cc50779,CD388623c,9633299238616369017,data/crops/organized/organized_CD388623c_S3_85b05a9e3cc50779.jpg,SUSPECT,0.004758123745161693,"orientation ambiguë : 2e meilleur départ à 0.00476, proche du meilleur (0.00476, ratio 1.00)"
85b7f46b88d2c66a,CD388018e,9635438670476658282,data/crops/organized/organized_CD388018e_P1_85b7f46b88d2c66a.jpg,SUSPECT,0.004573311950047902,"orientation ambiguë : 2e meilleur départ à 0.00457, proche du meilleur (0.00457, ratio 1.00)"
861427e1f8a0b716,FR04ABOM220722055,9661390952108963606,data/crops/organized/organized_FR04ABOM220722055_P2_861427e1f8a0b716.jpg,SUSPECT,0.0045279692793108875,"orientation ambiguë : 2e meilleur départ à 0.00453, proche du meilleur (0.00453, ratio 1.00)"
861b881cd6600ca7,OPIE_Lapi_240620b,9663467082890611879,data/crops/organized/organized_OPIE_Lapi_240620b_S3_861b881cd6600ca7.jpg,SUSPECT,0.004550324669542106,"orientation ambiguë : 2e meilleur départ à 0.00455, proche du meilleur (0.00455, ratio 1.00)"
86232c3c125d9fd3,CD388135,9665617861785001939,data/crops/organized/organized_CD388135_S3_86232c3c125d9fd3.jpg,SUSPECT,0.004565594534477348,"orientation ambiguë : 2e meilleur départ à 0.00457, proche du meilleur (0.00457, ratio 1.00)"
863e92a4f63e1efe,NoName3,9673330286841962238,data/crops/organized/organized_NoName3_P1_863e92a4f63e1efe.jpg,SUSPECT,0.004349306702613788,"orientation ambiguë : 2e meilleur départ à 0.00435, proche du meilleur (0.00435, ratio 1.00)"
864eba39c0899e80,FR15_AB210818002,9677877406471921280,data/crops/organized/organized_FR15_AB210818002_P2_864eba39c0899e80.jpg,SUSPECT,0.004376756962218956,"orientation ambiguë : 2e meilleur départ à 0.00438, proche du meilleur (0.00438, ratio 1.00)"
8684a46e62359044,CD388821,9693053092009185348,data/crops/organized/organized_CD388821_S2_8684a46e62359044.jpg,SUSPECT,0.004432981559916107,"orientation ambiguë : 2e meilleur départ à 0.00443, proche du meilleur (0.00443, ratio 1.00)"
86a0ef0738650b6d,FR05ABOM220722025,9701016411646004077,data/crops/organized/organized_FR05ABOM220722025_S3_86a0ef0738650b6d.jpg,SUSPECT,0.004582117019498109,"orientation ambiguë : 2e meilleur départ à 0.00458, proche du meilleur (0.00458, ratio 1.00)"
86d8f45812772119,CD388872c,9716784855155941657,data/crops/organized/organized_CD388872c_P2_86d8f45812772119.jpg,SUSPECT,0.004328950964759363,"orientation ambiguë : 2e meilleur départ à 0.00433, proche du meilleur (0.00433, ratio 1.00)"
86dd979aa764ad85,FR73ABOM130722007,9718090261424549253,data/crops/organized/organized_FR73ABOM130722007_S2_86dd979aa764ad85.jpg,SUSPECT,0.004868210344806935,"orientation ambiguë : 2e meilleur départ à 0.00487, proche du meilleur (0.00487, ratio 1.00)"
86e3184a1e36fffa,OPIE_Lapi_A1b,9719639127409229818,data/crops/organized/organized_OPIE_Lapi_A1b_P2_86e3184a1e36fffa.jpg,SUSPECT,0.0043450632416936075,"orientation ambiguë : 2e meilleur départ à 0.00435, proche du meilleur (0.00435, ratio 1.00)"
86fb8594a6119ebc,FR15ABOM210821043,9726514693724544700,data/crops/organized/organized_FR15ABOM210821043_P2_86fb8594a6119ebc.jpg,SUSPECT,0.004539723606711481,"orientation ambiguë : 2e meilleur départ à 0.00454, proche du meilleur (0.00454, ratio 1.00)"
870cea2f15ace640,FR73ABOM150722001,9731410382788814400,data/crops/organized/organized_FR73ABOM150722001_S1_870cea2f15ace640.jpg,SUSPECT,0.004343329494433073,"orientation ambiguë : 2e meilleur départ à 0.00434, proche du meilleur (0.00434, ratio 1.00)"
8711e12f5a40473d,VAN-2019.00814,9732807863218227005,data/crops/organized/organized_VAN-2019.00814_P2_8711e12f5a40473d.jpg,SUSPECT,0.004668304944225,"orientation ambiguë : 2e meilleur départ à 0.00467, proche du meilleur (0.00467, ratio 1.00)"
8723029029b917f9,FR73ABOM200722038,9737629637503686649,data/crops/organized/organized_FR73ABOM200722038_S2_8723029029b917f9.jpg,SUSPECT,0.004693188777006855,"orientation ambiguë : 2e meilleur départ à 0.00469, proche du meilleur (0.00469, ratio 1.00)"
8727b6c498dc4008,FR15ABOM200722065,9738953674706403336,data/crops/organized/organized_FR15ABOM200722065_P1_8727b6c498dc4008.jpg,SUSPECT,0.0043177984276267685,"orientation ambiguë : 2e meilleur départ à 0.00432, proche du meilleur (0.00432, ratio 1.00)"
873116d72ebc4cf8,FR15ABOM200821004,9741592582436965624,data/crops/organized/organized_FR15ABOM200821004_S3_873116d72ebc4cf8.jpg,SUSPECT,0.004500524075695986,"orientation ambiguë : 2e meilleur départ à 0.00450, proche du meilleur (0.00450, ratio 1.00)"
87bd63f43e4b42fb,FR73ABOM130722039,9781083866386875131,data/crops/organized/organized_FR73ABOM130722039_P1_87bd63f43e4b42fb.jpg,SUSPECT,0.0044967042868375535,"orientation ambiguë : 2e meilleur départ à 0.00450, proche du meilleur (0.00450, ratio 1.00)"
87d2ef975efec55a,OPIE_Lapi_220620d,9787148373642364250,data/crops/organized/organized_OPIE_Lapi_220620d_S1_87d2ef975efec55a.jpg,SUSPECT,0.004541287417990229,"orientation ambiguë : 2e meilleur départ à 0.00454, proche du meilleur (0.00454, ratio 1.00)"
87fc421c0d3942ac,FR73ABOM200722032,9798779577499730604,data/crops/organized/organized_FR73ABOM200722032_S1_87fc421c0d3942ac.jpg,SUSPECT,0.0046619941492659946,"orientation ambiguë : 2e meilleur départ à 0.00466, proche du meilleur (0.00466, ratio 1.00)"
88125f100cd03622,FR15ABOM210821128,9805003861278078498,data/crops/organized/organized_FR15ABOM210821128_S1_88125f100cd03622.jpg,SUSPECT,0.004355725064329131,"orientation ambiguë : 2e meilleur départ à 0.00436, proche du meilleur (0.00436, ratio 1.00)"
88240a6ec775c41d,CD388860,9809977359228847133,data/crops/organized/organized_CD388860_P2_88240a6ec775c41d.jpg,SUSPECT,0.0045056325100929,"orientation ambiguë : 2e meilleur départ à 0.00451, proche du meilleur (0.00451, ratio 1.00)"
882eb1de25507edd,FR15ABOM210821107,9812976205753777885,data/crops/organized/organized_FR15ABOM210821107_S1_882eb1de25507edd.jpg,SUSPECT,0.004321610404953909,"orientation ambiguë : 2e meilleur départ à 0.00432, proche du meilleur (0.00432, ratio 1.00)"
8830f9ba5b2bf61d,FR73ABOM140722032,9813618166829151773,data/crops/organized/organized_FR73ABOM140722032_S3_8830f9ba5b2bf61d.jpg,SUSPECT,0.004686506835263606,"orientation ambiguë : 2e meilleur départ à 0.00469, proche du meilleur (0.00469, ratio 1.00)"
8837fbe4d147b547,ABAURA8852b,9815590873059538247,data/crops/organized/organized_ABAURA8852b_S1_8837fbe4d147b547.jpg,SUSPECT,0.005511206951900919,"orientation ambiguë : 2e meilleur départ à 0.00618, proche du meilleur (0.00551, ratio 1.12)"
884e597781d693b7,CD388865,9821886207155934135,data/crops/organized/organized_CD388865_P2_884e597781d693b7.jpg,SUSPECT,0.004568188612035212,"orientation ambiguë : 2e meilleur départ à 0.00457, proche du meilleur (0.00457, ratio 1.00)"
886185b1c3f31d81,ABAURA8207c,9827282860442328449,data/crops/organized/organized_ABAURA8207c_S1_886185b1c3f31d81.jpg,SUSPECT,0.004451380687824077,"orientation ambiguë : 2e meilleur départ à 0.00445, proche du meilleur (0.00445, ratio 1.00)"
8876609ab94e7e89,2013.0265,9833153054060215945,data/crops/organized/organized_2013.0265_S2_8876609ab94e7e89.jpg,SUSPECT,0.004652194411891493,"orientation ambiguë : 2e meilleur départ à 0.00465, proche du meilleur (0.00465, ratio 1.00)"
8878e8ee58778983,POLLINIS4982,9833865896747567491,data/crops/organized/organized_POLLINIS4982_P1_8878e8ee58778983.jpg,SUSPECT,0.00865784931873871,"orientation ambiguë : 2e meilleur départ à 0.00866, proche du meilleur (0.00866, ratio 1.00)"
88b544b1a4744832,CD388623d,9850855289701812274,data/crops/organized/organized_CD388623d_S3_88b544b1a4744832.jpg,SUSPECT,0.004626652772579772,"orientation ambiguë : 2e meilleur départ à 0.00463, proche du meilleur (0.00463, ratio 1.00)"
890a73a11e4d7270,2019.02118,9874832268798554736,data/crops/organized/organized_2019.02118_P2_890a73a11e4d7270.jpg,SUSPECT,0.00453570864848682,"orientation ambiguë : 2e meilleur départ à 0.00454, proche du meilleur (0.00454, ratio 1.00)"
8916d2b67ff83635,ABAURA8212,9878314513956615733,data/crops/organized/organized_ABAURA8212_P2_8916d2b67ff83635.jpg,SUSPECT,0.004740307228773436,"orientation ambiguë : 2e meilleur départ à 0.00474, proche du meilleur (0.00474, ratio 1.00)"
89319ab3570b46c9,2020.03886,9885852752105129673,data/crops/organized/organized_2020.03886_S1_89319ab3570b46c9.jpg,SUSPECT,0.004430387621908418,"orientation ambiguë : 2e meilleur départ à 0.00443, proche du meilleur (0.00443, ratio 1.00)"
89469a40b49b59ea,VAN-2019.00850,9891763234264537578,data/crops/organized/organized_VAN-2019.00850_S1_89469a40b49b59ea.jpg,SUSPECT,0.004451858682336965,"orientation ambiguë : 2e meilleur départ à 0.00445, proche du meilleur (0.00445, ratio 1.00)"
8970f9f9c99fa61b,FR15_ABOM07082020062,9903690431812576795,data/crops/organized/organized_FR15_ABOM07082020062_S2_8970f9f9c99fa61b.jpg,SUSPECT,0.004514995906651324,"orientation ambiguë : 2e meilleur départ à 0.00451, proche du meilleur (0.00451, ratio 1.00)"
897d90f0c9de49d8,OPIE_Lapi_220620b,9907234119138298328,data/crops/organized/organized_OPIE_Lapi_220620b_P2_897d90f0c9de49d8.jpg,SUSPECT,0.004300113903600534,"orientation ambiguë : 2e meilleur départ à 0.00430, proche du meilleur (0.00430, ratio 1.00)"
8981482b05ffa5b9,FR15ABOM200722063,9908280004813235641,data/crops/organized/organized_FR15ABOM200722063_P1_8981482b05ffa5b9.jpg,SUSPECT,0.004219196142497128,"orientation ambiguë : 2e meilleur départ à 0.00422, proche du meilleur (0.00422, ratio 1.00)"
89838c6d2bee6fa9,FR15_ABOM30072020048,9908918005661593513,data/crops/organized/organized_FR15_ABOM30072020048_S2_89838c6d2bee6fa9.jpg,SUSPECT,0.004347259901992565,"orientation ambiguë : 2e meilleur départ à 0.00435, proche du meilleur (0.00435, ratio 1.00)"
89a49365784950fc,2019.02080,9918214343395725564,data/crops/organized/organized_2019.02080_S2_89a49365784950fc.jpg,SUSPECT,0.004415558186891803,"orientation ambiguë : 2e meilleur départ à 0.00442, proche du meilleur (0.00442, ratio 1.00)"
89b47102a01c3f57,FR73ABOM130722001,9922680135094124375,data/crops/organized/organized_FR73ABOM130722001_S1_89b47102a01c3f57.jpg,SUSPECT,0.004515230056708509,"orientation ambiguë : 2e meilleur départ à 0.00452, proche du meilleur (0.00452, ratio 1.00)"
89db2d384e5e424a,BAR.2018.00342,9933583122951979594,data/crops/organized/organized_BAR.2018.00342_P1_89db2d384e5e424a.jpg,SUSPECT,0.0044410907049873185,"orientation ambiguë : 2e meilleur départ à 0.00444, proche du meilleur (0.00444, ratio 1.00)"
8a30ae6408f0941e,FR15_ABOM25082020008,9957650520786113566,data/crops/organized/organized_FR15_ABOM25082020008_P2_8a30ae6408f0941e.jpg,SUSPECT,0.004534903497274939,"orientation ambiguë : 2e meilleur départ à 0.00453, proche du meilleur (0.00453, ratio 1.00)"
8a4270d37e4ca1c8,15L2021-1748,9962649379356320200,data/crops/organized/organized_15L2021-1748_S1_8a4270d37e4ca1c8.jpg,SUSPECT,0.00432782699379462,"orientation ambiguë : 2e meilleur départ à 0.00433, proche du meilleur (0.00433, ratio 1.00)"
8a6476d718af00dc,FR04ABOM220722046,9972226141109289180,data/crops/organized/organized_FR04ABOM220722046_S2_8a6476d718af00dc.jpg,SUSPECT,0.0046593760447605935,"orientation ambiguë : 2e meilleur départ à 0.00466, proche du meilleur (0.00466, ratio 1.00)"
8a73c15b67d769dd,FR04ABOM220722031,9976530197884135901,data/crops/organized/organized_FR04ABOM220722031_P1_8a73c15b67d769dd.jpg,SUSPECT,0.004400059905845733,"orientation ambiguë : 2e meilleur départ à 0.00440, proche du meilleur (0.00440, ratio 1.00)"
8a99fd2502017bba,FR73ABOM120722070,9987291984060054458,data/crops/organized/organized_FR73ABOM120722070_S1_8a99fd2502017bba.jpg,SUSPECT,0.004597470630277406,"orientation ambiguë : 2e meilleur départ à 0.00460, proche du meilleur (0.00460, ratio 1.00)"
8abe69672f2fbdbc,FR04ABOM220722031,9997544114703285692,data/crops/organized/organized_FR04ABOM220722031_S1_8abe69672f2fbdbc.jpg,SUSPECT,0.004343770477580435,"orientation ambiguë : 2e meilleur départ à 0.00434, proche du meilleur (0.00434, ratio 1.00)"
8ac42ce0aa2a2376,2020.00449,9999166416108528502,data/crops/organized/organized_2020.00449_P1_8ac42ce0aa2a2376.jpg,SUSPECT,0.004768006766850199,"orientation ambiguë : 2e meilleur départ à 0.00477, proche du meilleur (0.00477, ratio 1.00)"
8ac56297575d3c1e,FR73ABOM150722006,9999506949791366174,data/crops/organized/organized_FR73ABOM150722006_P1_8ac56297575d3c1e.jpg,SUSPECT,0.0045618840108112456,"orientation ambiguë : 2e meilleur départ à 0.00456, proche du meilleur (0.00456, ratio 1.00)"
8ace3c513e8b7bfb,VAN-2019.00849,10001998142075796475,data/crops/organized/organized_VAN-2019.00849_P1_8ace3c513e8b7bfb.jpg,SUSPECT,0.0045616249357382415,"orientation ambiguë : 2e meilleur départ à 0.00456, proche du meilleur (0.00456, ratio 1.00)"
8ad23c0aa16dae18,FR15_ABOM25082020010,10003123738698952216,data/crops/organized/organized_FR15_ABOM25082020010_P1_8ad23c0aa16dae18.jpg,SUSPECT,0.004474219517121077,"orientation ambiguë : 2e meilleur départ à 0.00447, proche du meilleur (0.00447, ratio 1.00)"
8af0584e14653529,FR73ABOM130722039,10011599064017483049,data/crops/organized/organized_FR73ABOM130722039_S1_8af0584e14653529.jpg,SUSPECT,0.004542739141832872,"orientation ambiguë : 2e meilleur départ à 0.00454, proche du meilleur (0.00454, ratio 1.00)"
8af3fa62226a1fb3,OPIE_Lapi_220620,10012621695965863859,data/crops/organized/organized_OPIE_Lapi_220620_S1_8af3fa62226a1fb3.jpg,SUSPECT,0.004490425213557197,"orientation ambiguë : 2e meilleur départ à 0.00449, proche du meilleur (0.00449, ratio 1.00)"
8b0ff1bb2fac6df1,15L2021-1546,10020493482183650801,data/crops/organized/organized_15L2021-1546_P2_8b0ff1bb2fac6df1.jpg,SUSPECT,0.004413464583740926,"orientation ambiguë : 2e meilleur départ à 0.00441, proche du meilleur (0.00441, ratio 1.00)"
8b197b23240b523d,ATBI_GR5,10023177836548543037,data/crops/organized/organized_ATBI_GR5_S3_8b197b23240b523d.jpg,SUSPECT,0.004548988337581775,"orientation ambiguë : 2e meilleur départ à 0.00455, proche du meilleur (0.00455, ratio 1.00)"
8b28d6b181f16467,CD388016,10027500628218045543,data/crops/organized/organized_CD388016_P1_8b28d6b181f16467.jpg,SUSPECT,0.004673276765767857,"orientation ambiguë : 2e meilleur départ à 0.00467, proche du meilleur (0.00467, ratio 1.00)"
8b56f58bf931ea82,2019.01788,10040482400799156866,data/crops/organized/organized_2019.01788_S3_8b56f58bf931ea82.jpg,SUSPECT,0.004493299795242465,"orientation ambiguë : 2e meilleur départ à 0.00449, proche du meilleur (0.00449, ratio 1.00)"
8b5bab757f7ff7cc,FR74ABOM160722001,10041808315291269068,data/crops/organized/organized_FR74ABOM160722001_S3_8b5bab757f7ff7cc.jpg,SUSPECT,0.004401716520773873,"orientation ambiguë : 2e meilleur départ à 0.00440, proche du meilleur (0.00440, ratio 1.00)"
8b620e0382fc9181,FR15_ABOM25082020007,10043605527234908545,data/crops/organized/organized_FR15_ABOM25082020007_S1_8b620e0382fc9181.jpg,SUSPECT,0.004540237837141024,"orientation ambiguë : 2e meilleur départ à 0.00454, proche du meilleur (0.00454, ratio 1.00)"
8b7a4b7728e524de,2019.02175,10050428493589980382,data/crops/organized/organized_2019.02175_P2_8b7a4b7728e524de.jpg,SUSPECT,0.004637095768837373,"orientation ambiguë : 2e meilleur départ à 0.00464, proche du meilleur (0.00464, ratio 1.00)"
8ba51836967361d5,FR73ABOM130722064,10062475565160686037,data/crops/organized/organized_FR73ABOM130722064_P2_8ba51836967361d5.jpg,SUSPECT,0.004502078727148143,"orientation ambiguë : 2e meilleur départ à 0.00450, proche du meilleur (0.00450, ratio 1.00)"
8ba5b501cfcfd92e,NoName12,10062647961815341358,data/crops/organized/organized_NoName12_S2_8ba5b501cfcfd92e.jpg,SUSPECT,0.004506777368981156,"orientation ambiguë : 2e meilleur départ à 0.00451, proche du meilleur (0.00451, ratio 1.00)"
8ba907526a07363b,CD388872,10063582892883654203,data/crops/organized/organized_CD388872_S2_8ba907526a07363b.jpg,SUSPECT,0.004598453338746019,"orientation ambiguë : 2e meilleur départ à 0.00460, proche du meilleur (0.00460, ratio 1.00)"
8bba593b29393bc7,POLLINIS4343,10068458027569724359,data/crops/organized/organized_POLLINIS4343_P2_8bba593b29393bc7.jpg,SUSPECT,0.004694473926878252,"orientation ambiguë : 2e meilleur départ à 0.00469, proche du meilleur (0.00469, ratio 1.00)"
8bc0cff7f56ffe7c,ABAURA8240c,10070277430682058364,data/crops/organized/organized_ABAURA8240c_P2_8bc0cff7f56ffe7c.jpg,SUSPECT,0.004797631527248957,"orientation ambiguë : 2e meilleur départ à 0.00480, proche du meilleur (0.00480, ratio 1.00)"
8bd556b4c3594a12,FR73ABOM140722009,10076055075682863634,data/crops/organized/organized_FR73ABOM140722009_S2_8bd556b4c3594a12.jpg,SUSPECT,0.0047967920499119975,"orientation ambiguë : 2e meilleur départ à 0.00480, proche du meilleur (0.00480, ratio 1.00)"
8beef17962a45c56,2020.00254,10083262119377394774,data/crops/organized/organized_2020.00254_S1_8beef17962a45c56.jpg,SUSPECT,0.004378459138773327,"orientation ambiguë : 2e meilleur départ à 0.00438, proche du meilleur (0.00438, ratio 1.00)"
8bf1834fd07ec9f0,ABAURA8867,10083985419482876400,data/crops/organized/organized_ABAURA8867_S1_8bf1834fd07ec9f0.jpg,SUSPECT,0.004821784211806082,"orientation ambiguë : 2e meilleur départ à 0.00482, proche du meilleur (0.00482, ratio 1.00)"
8c0b7fbb31f0ae9e,2020.06243,10091299832027197086,data/crops/organized/organized_2020.06243_S2_8c0b7fbb31f0ae9e.jpg,SUSPECT,0.0043913420428569735,"orientation ambiguë : 2e meilleur départ à 0.00439, proche du meilleur (0.00439, ratio 1.00)"
8c1fd394d8219e9d,ABAURA8747,10097021525822643869,data/crops/organized/organized_ABAURA8747_S2_8c1fd394d8219e9d.jpg,SUSPECT,0.0045370689526118245,"orientation ambiguë : 2e meilleur départ à 0.00454, proche du meilleur (0.00454, ratio 1.00)"
8c2365703dd9bb54,FR73ABOM130722027,10098026322243205972,data/crops/organized/organized_FR73ABOM130722027_S3_8c2365703dd9bb54.jpg,SUSPECT,0.004530081078182762,"orientation ambiguë : 2e meilleur départ à 0.00453, proche du meilleur (0.00453, ratio 1.00)"
8c3307e7a526dde1,VAN-2019.00781,10102427080611782113,data/crops/organized/organized_VAN-2019.00781_P2_8c3307e7a526dde1.jpg,SUSPECT,0.004573255131002314,"orientation ambiguë : 2e meilleur départ à 0.00457, proche du meilleur (0.00457, ratio 1.00)"
8c3e058dcc5ce544,N384,10105520720443139396,data/crops/organized/organized_N384_S5_8c3e058dcc5ce544.jpg,SUSPECT,0.004610875716638193,"orientation ambiguë : 2e meilleur départ à 0.00461, proche du meilleur (0.00461, ratio 1.00)"
8c430bcc0c5a1b59,2020.04013,10106934959757990745,data/crops/organized/organized_2020.04013_P1_8c430bcc0c5a1b59.jpg,SUSPECT,0.004660168336202885,"orientation ambiguë : 2e meilleur départ à 0.00466, proche du meilleur (0.00466, ratio 1.00)"
8c487aaf492fcadb,FR15_ABOM023082020028,10108464256898812635,data/crops/organized/organized_FR15_ABOM023082020028_S2_8c487aaf492fcadb.jpg,SUSPECT,0.004620289697437264,"orientation ambiguë : 2e meilleur départ à 0.00462, proche du meilleur (0.00462, ratio 1.00)"
8c71cdbe5e2c4881,CD388391,10120096055185655937,data/crops/organized/organized_CD388391_S1_8c71cdbe5e2c4881.jpg,SUSPECT,0.004448640456560137,"orientation ambiguë : 2e meilleur départ à 0.00445, proche du meilleur (0.00445, ratio 1.00)"
8c73ed32b934e0e9,FR73ABOM140722032,10120693589743034601,data/crops/organized/organized_FR73ABOM140722032_P2_8c73ed32b934e0e9.jpg,SUSPECT,0.004723817122821343,"orientation ambiguë : 2e meilleur départ à 0.00472, proche du meilleur (0.00472, ratio 1.00)"
8c97c3219c52cc56,CollecYvan18,10130780435917229142,data/crops/organized/organized_CollecYvan18_P2_8c97c3219c52cc56.jpg,SUSPECT,0.004383462624164767,"orientation ambiguë : 2e meilleur départ à 0.00438, proche du meilleur (0.00438, ratio 1.00)"
8cb4779389758935,FR15ABOM210821112,10138860136667908405,data/crops/organized/organized_FR15ABOM210821112_P1_8cb4779389758935.jpg,SUSPECT,0.004607111997205008,"orientation ambiguë : 2e meilleur départ à 0.00461, proche du meilleur (0.00461, ratio 1.00)"
8cb716fe95da0f35,OPIE_Lapi_270702,10139598368739561269,data/crops/organized/organized_OPIE_Lapi_270702_P1_8cb716fe95da0f35.jpg,SUSPECT,0.004574369397258995,"orientation ambiguë : 2e meilleur départ à 0.00457, proche du meilleur (0.00457, ratio 1.00)"
8d119ef7974131f3,FR15_ABOM14080820006,10165080620183663091,data/crops/organized/organized_FR15_ABOM14080820006_P1_8d119ef7974131f3.jpg,SUSPECT,0.004725793612526265,"orientation ambiguë : 2e meilleur départ à 0.00473, proche du meilleur (0.00473, ratio 1.00)"
8d33bb4646f2f373,2020.06348,10174681893672514419,data/crops/organized/organized_2020.06348_S1_8d33bb4646f2f373.jpg,SUSPECT,0.004418472233346692,"orientation ambiguë : 2e meilleur départ à 0.00442, proche du meilleur (0.00442, ratio 1.00)"
8d35bb0e318abc46,ABAURA8206,10175244602748615750,data/crops/organized/organized_ABAURA8206_P2_8d35bb0e318abc46.jpg,SUSPECT,0.004603946110687171,"orientation ambiguë : 2e meilleur départ à 0.00460, proche du meilleur (0.00460, ratio 1.00)"
8d85f4eb982e7d45,FR73ABOM200722038,10197826223958031685,data/crops/organized/organized_FR73ABOM200722038_S3_8d85f4eb982e7d45.jpg,SUSPECT,0.004624624824895804,"orientation ambiguë : 2e meilleur départ à 0.00462, proche du meilleur (0.00462, ratio 1.00)"
8d95f8a69d3f4190,FR73ABOM120722027,10202333925364154768,data/crops/organized/organized_FR73ABOM120722027_P1_8d95f8a69d3f4190.jpg,SUSPECT,0.004792788619089551,"orientation ambiguë : 2e meilleur départ à 0.00479, proche du meilleur (0.00479, ratio 1.00)"
8dad7a5869b47fb5,BAR-2018.00871,10208950450467930037,data/crops/organized/organized_BAR-2018.00871_P1_8dad7a5869b47fb5.jpg,SUSPECT,0.004524167787122914,"orientation ambiguë : 2e meilleur départ à 0.00452, proche du meilleur (0.00452, ratio 1.00)"
8db2202063f0c42a,FR73ABOM130722037,10210258628690101290,data/crops/organized/organized_FR73ABOM130722037_S1_8db2202063f0c42a.jpg,SUSPECT,0.0043409213044025,"orientation ambiguë : 2e meilleur départ à 0.00434, proche du meilleur (0.00434, ratio 1.00)"
8df44bfa8b11be11,POLLINIS5983,10228884193112342033,data/crops/organized/organized_POLLINIS5983_P1_8df44bfa8b11be11.jpg,SUSPECT,0.004595304746842505,"orientation ambiguë : 2e meilleur départ à 0.00460, proche du meilleur (0.00460, ratio 1.00)"
8dff6b78f0bfe533,VAN-2019.00824,10232015045588411699,data/crops/organized/organized_VAN-2019.00824_P2_8dff6b78f0bfe533.jpg,SUSPECT,0.004802350769177284,"orientation ambiguë : 2e meilleur départ à 0.00480, proche du meilleur (0.00480, ratio 1.00)"
8e06db0018ec1fe1,15L2021-1731,10234107996710641633,data/crops/organized/organized_15L2021-1731_P2_8e06db0018ec1fe1.jpg,SUSPECT,0.0046865586818797475,"orientation ambiguë : 2e meilleur départ à 0.00469, proche du meilleur (0.00469, ratio 1.00)"
8e0d68c9d4e6c7c7,FR73ABOM130722067,10235952744152614855,data/crops/organized/organized_FR73ABOM130722067_P2_8e0d68c9d4e6c7c7.jpg,SUSPECT,0.004423694663076346,"orientation ambiguë : 2e meilleur départ à 0.00442, proche du meilleur (0.00442, ratio 1.00)"
8e51c31e0f721be0,CD388865d,10255192360374901728,data/crops/organized/organized_CD388865d_S3_8e51c31e0f721be0.jpg,SUSPECT,0.004500905677922608,"orientation ambiguë : 2e meilleur départ à 0.00450, proche du meilleur (0.00450, ratio 1.00)"
8e8b6bd46510124c,CD388229b,10271421935121338956,data/crops/organized/organized_CD388229b_P1_8e8b6bd46510124c.jpg,SUSPECT,0.004825892627104412,"orientation ambiguë : 2e meilleur départ à 0.00483, proche du meilleur (0.00483, ratio 1.00)"
8e8b8c08a61c4ece,FR15ABOM200821126,10271457343923048142,data/crops/organized/organized_FR15ABOM200821126_P1_8e8b8c08a61c4ece.jpg,SUSPECT,0.004444221371600563,"orientation ambiguë : 2e meilleur départ à 0.00444, proche du meilleur (0.00444, ratio 1.00)"
8ea4c7444b92c5fb,ABAURA4923b,10278559345705928187,data/crops/organized/organized_ABAURA4923b_P2_8ea4c7444b92c5fb.jpg,SUSPECT,0.0047864305650218405,"orientation ambiguë : 2e meilleur départ à 0.00479, proche du meilleur (0.00479, ratio 1.00)"
8ed5d5de67283026,FR73ABOM130722065,10292367674615279654,data/crops/organized/organized_FR73ABOM130722065_S2_8ed5d5de67283026.jpg,SUSPECT,0.004501375561289895,"orientation ambiguë : 2e meilleur départ à 0.00450, proche du meilleur (0.00450, ratio 1.00)"
8f14c38130ccd381,ABAURA8207,10310080406594835329,data/crops/organized/organized_ABAURA8207_S1_8f14c38130ccd381.jpg,SUSPECT,0.004542377536342906,"orientation ambiguë : 2e meilleur départ à 0.00454, proche du meilleur (0.00454, ratio 1.00)"
8f55ac7a93e40731,FR73ABOM120722042,10328350962911282993,data/crops/organized/organized_FR73ABOM120722042_S3_8f55ac7a93e40731.jpg,SUSPECT,0.0045143729277574715,"orientation ambiguë : 2e meilleur départ à 0.00451, proche du meilleur (0.00451, ratio 1.00)"
8fa6709188d43559,N126,10351084563925841241,data/crops/organized/organized_N126_P2_8fa6709188d43559.jpg,SUSPECT,0.004480872922192691,"orientation ambiguë : 2e meilleur départ à 0.00448, proche du meilleur (0.00448, ratio 1.00)"
90035928c9eb3007,N815,10377235998112952327,data/crops/organized/organized_N815_P2_90035928c9eb3007.jpg,SUSPECT,0.004696837506222685,"orientation ambiguë : 2e meilleur départ à 0.00470, proche du meilleur (0.00470, ratio 1.00)"
90054c44163f685a,FR15ABOM170821029,10377784771659917402,data/crops/organized/organized_FR15ABOM170821029_P1_90054c44163f685a.jpg,SUSPECT,0.004566338944104944,"orientation ambiguë : 2e meilleur départ à 0.00457, proche du meilleur (0.00457, ratio 1.00)"
90206278d3f4686b,CD387804c,10385409011807971435,data/crops/organized/organized_CD387804c_P2_90206278d3f4686b.jpg,SUSPECT,0.00477844460175192,"orientation ambiguë : 2e meilleur départ à 0.00478, proche du meilleur (0.00478, ratio 1.00)"
90371aac410551dd,OPIE_Lapi_290602,10391803992308273629,data/crops/organized/organized_OPIE_Lapi_290602_P2_90371aac410551dd.jpg,SUSPECT,0.0046518326141367725,"orientation ambiguë : 2e meilleur départ à 0.00465, proche du meilleur (0.00465, ratio 1.00)"
904d5ba12b20a98c,FR73ABOM130722064,10398067862439766412,data/crops/organized/organized_FR73ABOM130722064_P1_904d5ba12b20a98c.jpg,SUSPECT,0.004570219793618444,"orientation ambiguë : 2e meilleur départ à 0.00457, proche du meilleur (0.00457, ratio 1.00)"
9054a63cba6ba1cc,CD388408,10400120219261182412,data/crops/organized/organized_CD388408_S1_9054a63cba6ba1cc.jpg,SUSPECT,0.004629365019447434,"orientation ambiguë : 2e meilleur départ à 0.00463, proche du meilleur (0.00463, ratio 1.00)"
905c942d034fb2d0,OPIE_Lapi_130720c,10402352160368997072,data/crops/organized/organized_OPIE_Lapi_130720c_S3_905c942d034fb2d0.jpg,SUSPECT,0.004693924852565507,"orientation ambiguë : 2e meilleur départ à 0.00469, proche du meilleur (0.00469, ratio 1.00)"
9061b03660a46398,15L2021-1420,10403790361798665112,data/crops/organized/organized_15L2021-1420_P2_9061b03660a46398.jpg,SUSPECT,0.004457470123957325,"orientation ambiguë : 2e meilleur départ à 0.00446, proche du meilleur (0.00446, ratio 1.00)"
907f132c71e868cd,2020.00339,10412061945114421453,data/crops/organized/organized_2020.00339_P1_907f132c71e868cd.jpg,SUSPECT,0.004660240242083111,"orientation ambiguë : 2e meilleur départ à 0.00466, proche du meilleur (0.00466, ratio 1.00)"
90840ac174779ef2,CD388229c,10413460064386391794,data/crops/organized/organized_CD388229c_P1_90840ac174779ef2.jpg,SUSPECT,0.00439867784842907,"orientation ambiguë : 2e meilleur départ à 0.00440, proche du meilleur (0.00440, ratio 1.00)"
90887c1f5a341b22,OPIE_Lapi_200703,10414710612393466658,data/crops/organized/organized_OPIE_Lapi_200703_S3_90887c1f5a341b22.jpg,SUSPECT,0.004439384407525653,"orientation ambiguë : 2e meilleur départ à 0.00444, proche du meilleur (0.00444, ratio 1.00)"
908ea1eb851767ad,POLLINIS4982b,10416441021076826029,data/crops/organized/organized_POLLINIS4982b_S1_908ea1eb851767ad.jpg,SUSPECT,0.0045386320177025555,"orientation ambiguë : 2e meilleur départ à 0.00454, proche du meilleur (0.00454, ratio 1.00)"
909482deb487e443,POLLINIS5133,10418095731037955139,data/crops/organized/organized_POLLINIS5133_S2_909482deb487e443.jpg,FAILED,inf,"10 landmarks, 18 attendus"
90e80e2a9da1eb93,ATBI_GR5,10441611312254544787,data/crops/organized/organized_ATBI_GR5_S1_90e80e2a9da1eb93.jpg,SUSPECT,0.004502505515880147,"orientation ambiguë : 2e meilleur départ à 0.00450, proche du meilleur (0.00450, ratio 1.00)"
9110c87f3ed33295,CD388016b,10453075183967351445,data/crops/organized/organized_CD388016b_P2_9110c87f3ed33295.jpg,SUSPECT,0.0043771827479548425,"orientation ambiguë : 2e meilleur départ à 0.00438, proche du meilleur (0.00438, ratio 1.00)"
915e6b5e51a7fb6e,ABAURA8207b,10474927836151413614,data/crops/organized/organized_ABAURA8207b_P2_915e6b5e51a7fb6e.jpg,SUSPECT,0.004590104683185693,"orientation ambiguë : 2e meilleur départ à 0.00459, proche du meilleur (0.00459, ratio 1.00)"
91774e3319cfa6d2,CD387770c,10481932639111456466,data/crops/organized/organized_CD387770c_S1_91774e3319cfa6d2.jpg,SUSPECT,0.004555604214259699,"orientation ambiguë : 2e meilleur départ à 0.00456, proche du meilleur (0.00456, ratio 1.00)"
917e0938a6c8c870,FR15ABOM210821171,10483827121486088304,data/crops/organized/organized_FR15ABOM210821171_P1_917e0938a6c8c870.jpg,SUSPECT,0.004733321643460294,"orientation ambiguë : 2e meilleur départ à 0.00473, proche du meilleur (0.00473, ratio 1.00)"
9185ba731800a21f,FR15_ABOM080820007,10485992310888768031,data/crops/organized/organized_FR15_ABOM080820007_P2_9185ba731800a21f.jpg,SUSPECT,0.004771458954022489,"orientation ambiguë : 2e meilleur départ à 0.00477, proche du meilleur (0.00477, ratio 1.00)"
91936ad18f5ad91a,FR73ABOM130722046,10489845405361821978,data/crops/organized/organized_FR73ABOM130722046_S1_91936ad18f5ad91a.jpg,SUSPECT,0.004391483467296915,"orientation ambiguë : 2e meilleur départ à 0.00439, proche du meilleur (0.00439, ratio 1.00)"
91cb7833a722b489,ABAURA4928,10505622719014548617,data/crops/organized/organized_ABAURA4928_P2_91cb7833a722b489.jpg,SUSPECT,0.0043106560525946825,"orientation ambiguë : 2e meilleur départ à 0.00431, proche du meilleur (0.00431, ratio 1.00)"
91f3df9b32215027,FR15ABOM210822012,10516995412494209063,data/crops/organized/organized_FR15ABOM210822012_S1_91f3df9b32215027.jpg,SUSPECT,0.004602575640086877,"orientation ambiguë : 2e meilleur départ à 0.00460, proche du meilleur (0.00460, ratio 1.00)"
91fa8d19c49909e9,OPIE_Lapi_160720b,10518875021489277417,data/crops/organized/organized_OPIE_Lapi_160720b_P1_91fa8d19c49909e9.jpg,SUSPECT,0.004649890970784261,"orientation ambiguë : 2e meilleur départ à 0.00465, proche du meilleur (0.00465, ratio 1.00)"
9204f2582fa8183f,FR73ABOM130722030,10521801090014910527,data/crops/organized/organized_FR73ABOM130722030_S2_9204f2582fa8183f.jpg,SUSPECT,0.004462314907644257,"orientation ambiguë : 2e meilleur départ à 0.00446, proche du meilleur (0.00446, ratio 1.00)"
9217c44ec9e524b4,2019.00316,10527098496675554484,data/crops/organized/organized_2019.00316_P2_9217c44ec9e524b4.jpg,SUSPECT,0.004503829701969676,"orientation ambiguë : 2e meilleur départ à 0.00450, proche du meilleur (0.00450, ratio 1.00)"
921a4ce809e81d33,FR15ABOM200821156,10527811638414286131,data/crops/organized/organized_FR15ABOM200821156_S3_921a4ce809e81d33.jpg,SUSPECT,0.004448933611423887,"orientation ambiguë : 2e meilleur départ à 0.00445, proche du meilleur (0.00445, ratio 1.00)"
9231173da35f25d9,OPIE_Lapi_B2,10534226556897666521,data/crops/organized/organized_OPIE_Lapi_B2_S1_9231173da35f25d9.jpg,SUSPECT,0.00462415775619594,"orientation ambiguë : 2e meilleur départ à 0.00462, proche du meilleur (0.00462, ratio 1.00)"
9238b85da8d0146c,OPIE_Lapi_95C,10536374040636953708,data/crops/organized/organized_OPIE_Lapi_95C_P1_9238b85da8d0146c.jpg,SUSPECT,0.004332092253237286,"orientation ambiguë : 2e meilleur départ à 0.00433, proche du meilleur (0.00433, ratio 1.00)"
9239e2e7719df0d1,ABAURA7910,10536702286881485009,data/crops/organized/organized_ABAURA7910_P2_9239e2e7719df0d1.jpg,FAILED,inf,"17 landmarks, 18 attendus"
9266846b0e132e21,ABAURA7548,10549264772494470689,data/crops/organized/organized_ABAURA7548_S2_9266846b0e132e21.jpg,SUSPECT,0.004484790864718944,"orientation ambiguë : 2e meilleur départ à 0.00448, proche du meilleur (0.00448, ratio 1.00)"
927a50dd4e456d1e,VAN-2019.00824,10554837588127345950,data/crops/organized/organized_VAN-2019.00824_S2_927a50dd4e456d1e.jpg,SUSPECT,0.00478366221027432,"orientation ambiguë : 2e meilleur départ à 0.00478, proche du meilleur (0.00478, ratio 1.00)"
92816d0ca619ba89,POLLINIS4393,10556838902626892425,data/crops/organized/organized_POLLINIS4393_S1_92816d0ca619ba89.jpg,SUSPECT,0.004608498570990392,"orientation ambiguë : 2e meilleur départ à 0.00461, proche du meilleur (0.00461, ratio 1.00)"
9282eabf3c9df43e,FR73ABOM200722038,10557258583586501694,data/crops/organized/organized_FR73ABOM200722038_S1_9282eabf3c9df43e.jpg,SUSPECT,0.0046482737589093786,"orientation ambiguë : 2e meilleur départ à 0.00465, proche du meilleur (0.00465, ratio 1.00)"
92922d6e69451438,FR15_ABOM180720054,10561554028373021752,data/crops/organized/organized_FR15_ABOM180720054_S2_92922d6e69451438.jpg,SUSPECT,0.004419663348424535,"orientation ambiguë : 2e meilleur départ à 0.00442, proche du meilleur (0.00442, ratio 1.00)"
929e1b0c017165cb,FR73ABOM130722009,10564911514235528651,data/crops/organized/organized_FR73ABOM130722009_S1_929e1b0c017165cb.jpg,SUSPECT,0.0046004958743248,"orientation ambiguë : 2e meilleur départ à 0.00460, proche du meilleur (0.00460, ratio 1.00)"
92b84a4d1316c747,CD388145b,10572281820145436487,data/crops/organized/organized_CD388145b_S3_92b84a4d1316c747.jpg,SUSPECT,0.004550320651143988,"orientation ambiguë : 2e meilleur départ à 0.00455, proche du meilleur (0.00455, ratio 1.00)"
92c3ebabbe6eb62e,FR15ABOM210821139,10575555472862918190,data/crops/organized/organized_FR15ABOM210821139_P1_92c3ebabbe6eb62e.jpg,SUSPECT,0.004733669507126218,"orientation ambiguë : 2e meilleur départ à 0.00473, proche du meilleur (0.00473, ratio 1.00)"
92c7ca5cbf54901a,CD388016,10576644749598691354,data/crops/organized/organized_CD388016_P2_92c7ca5cbf54901a.jpg,SUSPECT,0.004724526037616219,"orientation ambiguë : 2e meilleur départ à 0.00472, proche du meilleur (0.00472, ratio 1.00)"
92da6534ebb76e67,FR15ABOM130722047,10581881552427773543,data/crops/organized/organized_FR15ABOM130722047_S1_92da6534ebb76e67.jpg,SUSPECT,0.004098375956903624,"orientation ambiguë : 2e meilleur départ à 0.00410, proche du meilleur (0.00410, ratio 1.00)"
92e225d1c1669a98,CD388229,10584063657097206424,data/crops/organized/organized_CD388229_S3_92e225d1c1669a98.jpg,SUSPECT,0.004568916671627973,"orientation ambiguë : 2e meilleur départ à 0.00457, proche du meilleur (0.00457, ratio 1.00)"
92ec31a41a8e0b1c,CD387287,10586891404931107612,data/crops/organized/organized_CD387287_S1_92ec31a41a8e0b1c.jpg,SUSPECT,0.004441138693608066,"orientation ambiguë : 2e meilleur départ à 0.00444, proche du meilleur (0.00444, ratio 1.00)"
92f2b5312dba931a,15L2021-1741,10588724896726684442,data/crops/organized/organized_15L2021-1741_S2_92f2b5312dba931a.jpg,SUSPECT,0.004375589550319192,"orientation ambiguë : 2e meilleur départ à 0.00438, proche du meilleur (0.00438, ratio 1.00)"
9319b4d2111deb2c,FR15ABOM210821143,10599702012316478252,data/crops/organized/organized_FR15ABOM210821143_P1_9319b4d2111deb2c.jpg,SUSPECT,0.0045370379811325474,"orientation ambiguë : 2e meilleur départ à 0.00454, proche du meilleur (0.00454, ratio 1.00)"
9339d2e5138536d1,OPIE_Lapi_060803,10608742278564755153,data/crops/organized/organized_OPIE_Lapi_060803_S2_9339d2e5138536d1.jpg,SUSPECT,0.00423153040612138,"orientation ambiguë : 2e meilleur départ à 0.00423, proche du meilleur (0.00423, ratio 1.00)"
934e46155567f875,2020.00471,10614498429199972469,data/crops/organized/organized_2020.00471_S3_934e46155567f875.jpg,SUSPECT,0.004611561929629715,"orientation ambiguë : 2e meilleur départ à 0.00461, proche du meilleur (0.00461, ratio 1.00)"
9353872e905b5b4b,ABAURA7151,10615977380702542667,data/crops/organized/organized_ABAURA7151_S3_9353872e905b5b4b.jpg,SUSPECT,0.004486936127586719,"orientation ambiguë : 2e meilleur départ à 0.00449, proche du meilleur (0.00449, ratio 1.00)"
936e40a85c50b8f8,CollecYvan4,10623499662861056248,data/crops/organized/organized_CollecYvan4_S3_936e40a85c50b8f8.jpg,SUSPECT,0.004639715774789537,"orientation ambiguë : 2e meilleur départ à 0.00464, proche du meilleur (0.00464, ratio 1.00)"
9385d6a09661c6f4,ABAURA8207e,10630138480684025588,data/crops/organized/organized_ABAURA8207e_S2_9385d6a09661c6f4.jpg,SUSPECT,0.004444914763506527,"orientation ambiguë : 2e meilleur départ à 0.00444, proche du meilleur (0.00444, ratio 1.00)"
939af5217b3adbf5,CD388408,10636082994139028469,data/crops/organized/organized_CD388408_P2_939af5217b3adbf5.jpg,SUSPECT,0.004623129704642352,"orientation ambiguë : 2e meilleur départ à 0.00462, proche du meilleur (0.00462, ratio 1.00)"
939e3f7c6b17c339,2019.02188,10637009173500904249,data/crops/organized/organized_2019.02188_S2_939e3f7c6b17c339.jpg,SUSPECT,0.004578128272528342,"orientation ambiguë : 2e meilleur départ à 0.00458, proche du meilleur (0.00458, ratio 1.00)"
93be0729b658226a,ABAURA4904,10645954444884714090,data/crops/organized/organized_ABAURA4904_S2_93be0729b658226a.jpg,SUSPECT,0.004657192632988075,"orientation ambiguë : 2e meilleur départ à 0.00466, proche du meilleur (0.00466, ratio 1.00)"
93c85c01a21c6796,VAN-2019.00850,10648862481002030998,data/crops/organized/organized_VAN-2019.00850_P3_93c85c01a21c6796.jpg,SUSPECT,0.004433422019365725,"orientation ambiguë : 2e meilleur départ à 0.00443, proche du meilleur (0.00443, ratio 1.00)"
93d223a867aa1ee6,OPIE_Lapi_240620b,10651615274885324518,data/crops/organized/organized_OPIE_Lapi_240620b_S1_93d223a867aa1ee6.jpg,SUSPECT,0.004530642212006456,"orientation ambiguë : 2e meilleur départ à 0.00453, proche du meilleur (0.00453, ratio 1.00)"
93d31068f45a318f,ABAURA7910,10651875586623549839,data/crops/organized/organized_ABAURA7910_P1_93d31068f45a318f.jpg,SUSPECT,0.007632469805082759,"orientation ambiguë : 2e meilleur départ à 0.00763, proche du meilleur (0.00763, ratio 1.00)"
93d37e5b0b415305,FR73ABOM130722007,10651996473157309189,data/crops/organized/organized_FR73ABOM130722007_S1_93d37e5b0b415305.jpg,SUSPECT,0.004746244010628326,"orientation ambiguë : 2e meilleur départ à 0.00475, proche du meilleur (0.00475, ratio 1.00)"
93e1763cecb5f9a6,FR15_ABOM07082020038,10655928197376768422,data/crops/organized/organized_FR15_ABOM07082020038_P2_93e1763cecb5f9a6.jpg,SUSPECT,0.004601575947504177,"orientation ambiguë : 2e meilleur départ à 0.00460, proche du meilleur (0.00460, ratio 1.00)"
93e661cf4d65a246,UBC-2014.0001,10657313111203488326,data/crops/organized/organized_UBC-2014.0001_P2_93e661cf4d65a246.jpg,FAILED,inf,"16 landmarks, 18 attendus"
94583fcd6b85301f,ABAURA4898,10689363867068608543,data/crops/organized/organized_ABAURA4898_P1_94583fcd6b85301f.jpg,SUSPECT,0.004966752768845096,"orientation ambiguë : 2e meilleur départ à 0.00497, proche du meilleur (0.00497, ratio 1.00)"
946e8cc7e95e2bdd,CollecYvan23,10695640955293150173,data/crops/organized/organized_CollecYvan23_P2_946e8cc7e95e2bdd.jpg,SUSPECT,0.004124906294748903,"orientation ambiguë : 2e meilleur départ à 0.00412, proche du meilleur (0.00412, ratio 1.00)"
9476d14318287876,CD388230c,10697968050963511414,data/crops/organized/organized_CD388230c_P2_9476d14318287876.jpg,SUSPECT,0.004536586411336268,"orientation ambiguë : 2e meilleur départ à 0.00454, proche du meilleur (0.00454, ratio 1.00)"
9492299e29cc2996,OPIE_Lapi_060803,10705665023495907734,data/crops/organized/organized_OPIE_Lapi_060803_P1_9492299e29cc2996.jpg,SUSPECT,0.004213588395644976,"orientation ambiguë : 2e meilleur départ à 0.00421, proche du meilleur (0.00421, ratio 1.00)"
949c0a30f29e5cae,FR15ABOM210821177,10708445219325369518,data/crops/organized/organized_FR15ABOM210821177_P2_949c0a30f29e5cae.jpg,SUSPECT,0.00445191514737779,"orientation ambiguë : 2e meilleur départ à 0.00445, proche du meilleur (0.00445, ratio 1.00)"
94ca894dbb9ce4ce,ABAURA8205,10721532829861995726,data/crops/organized/organized_ABAURA8205_S3_94ca894dbb9ce4ce.jpg,SUSPECT,0.004382526142684362,"orientation ambiguë : 2e meilleur départ à 0.00438, proche du meilleur (0.00438, ratio 1.00)"
94e0b3de2472c5e3,FR15ABOM170821120,10727772079072134627,data/crops/organized/organized_FR15ABOM170821120_S2_94e0b3de2472c5e3.jpg,SUSPECT,0.004562670029535403,"orientation ambiguë : 2e meilleur départ à 0.00456, proche du meilleur (0.00456, ratio 1.00)"
94e334876fa4d19e,VAN-2019.00849,10728476493624955294,data/crops/organized/organized_VAN-2019.00849_P3_94e334876fa4d19e.jpg,SUSPECT,0.0045392138031442476,"orientation ambiguë : 2e meilleur départ à 0.00454, proche du meilleur (0.00454, ratio 1.00)"
951c086a1000221a,CD388229c,10744472062627160602,data/crops/organized/organized_CD388229c_S2_951c086a1000221a.jpg,SUSPECT,0.004401657385611351,"orientation ambiguë : 2e meilleur départ à 0.00440, proche du meilleur (0.00440, ratio 1.00)"
9593ea1cfb953166,CD388865c,10778215743428571494,data/crops/organized/organized_CD388865c_S2_9593ea1cfb953166.jpg,SUSPECT,0.004478729994218654,"orientation ambiguë : 2e meilleur départ à 0.00448, proche du meilleur (0.00448, ratio 1.00)"
95d0e12eadf1597b,FR15ABOM210822016,10795375897410099579,data/crops/organized/organized_FR15ABOM210822016_S3_95d0e12eadf1597b.jpg,SUSPECT,0.004572348761315504,"orientation ambiguë : 2e meilleur départ à 0.00457, proche du meilleur (0.00457, ratio 1.00)"
95e365271f3d7c3f,POLLINIS5983,10800587550066834495,data/crops/organized/organized_POLLINIS5983_S1_95e365271f3d7c3f.jpg,SUSPECT,0.004513369154283669,"orientation ambiguë : 2e meilleur départ à 0.00451, proche du meilleur (0.00451, ratio 1.00)"
95e57972ce19a5d1,FR73ABOM130722065,10801172815309022673,data/crops/organized/organized_FR73ABOM130722065_S1_95e57972ce19a5d1.jpg,SUSPECT,0.004511515178523323,"orientation ambiguë : 2e meilleur départ à 0.00451, proche du meilleur (0.00451, ratio 1.00)"
95e75d5d06c28e8e,NoName1,10801704885398179470,data/crops/organized/organized_NoName1_S2_95e75d5d06c28e8e.jpg,SUSPECT,0.004685118935283795,"orientation ambiguë : 2e meilleur départ à 0.00469, proche du meilleur (0.00469, ratio 1.00)"
95fdb1afdad7ef41,NoName6,10807990049608036161,data/crops/organized/organized_NoName6_S3_95fdb1afdad7ef41.jpg,SUSPECT,0.0047578567642459525,"orientation ambiguë : 2e meilleur départ à 0.00476, proche du meilleur (0.00476, ratio 1.00)"
9603fa4301cfa4b7,FR15_ABOM07082020062,10809758696319460535,data/crops/organized/organized_FR15_ABOM07082020062_P1_9603fa4301cfa4b7.jpg,SUSPECT,0.004503356228684141,"orientation ambiguë : 2e meilleur départ à 0.00450, proche du meilleur (0.00450, ratio 1.00)"
9626aa00a948debe,CD388230b,10819522074621042366,data/crops/organized/organized_CD388230b_P1_9626aa00a948debe.jpg,SUSPECT,0.004636114666448474,"orientation ambiguë : 2e meilleur départ à 0.00464, proche du meilleur (0.00464, ratio 1.00)"
96498f75ed218f08,CollecYvan20,10829344515641413384,data/crops/organized/organized_CollecYvan20_S3_96498f75ed218f08.jpg,SUSPECT,0.004322992120515485,"orientation ambiguë : 2e meilleur départ à 0.00432, proche du meilleur (0.00432, ratio 1.00)"
9688167734e0eea8,2007.0008,10846944403765915304,data/crops/organized/organized_2007.0008_S1_9688167734e0eea8.jpg,SUSPECT,0.004845965472413674,"orientation ambiguë : 2e meilleur départ à 0.00485, proche du meilleur (0.00485, ratio 1.00)"
96b4bddd59c5d806,FR73ABOM200722030,10859513359888668678,data/crops/organized/organized_FR73ABOM200722030_P2_96b4bddd59c5d806.jpg,SUSPECT,0.004279100542168905,"orientation ambiguë : 2e meilleur départ à 0.00428, proche du meilleur (0.00428, ratio 1.00)"
96c0a37ffb893282,N126,10862862071293883010,data/crops/organized/organized_N126_P4_96c0a37ffb893282.jpg,SUSPECT,0.004386552106662144,"orientation ambiguë : 2e meilleur départ à 0.00439, proche du meilleur (0.00439, ratio 1.00)"
96cd4e36adab647f,FR15_ABOM30072020042,10866427472663766143,data/crops/organized/organized_FR15_ABOM30072020042_P2_96cd4e36adab647f.jpg,SUSPECT,0.004529328075287255,"orientation ambiguë : 2e meilleur départ à 0.00453, proche du meilleur (0.00453, ratio 1.00)"
96d697975b453a25,ABAURA8526,10869041427032390181,data/crops/organized/organized_ABAURA8526_P1_96d697975b453a25.jpg,SUSPECT,0.004393765747867102,"orientation ambiguë : 2e meilleur départ à 0.00439, proche du meilleur (0.00439, ratio 1.00)"
970fde072567a9b1,FR04ABOM220722089,10885162946651466161,data/crops/organized/organized_FR04ABOM220722089_P1_970fde072567a9b1.jpg,SUSPECT,0.0044406554136662245,"orientation ambiguë : 2e meilleur départ à 0.00444, proche du meilleur (0.00444, ratio 1.00)"
973adbc29701725e,FR73ABOM130722021,10897263877179929182,data/crops/organized/organized_FR73ABOM130722021_S3_973adbc29701725e.jpg,SUSPECT,0.004527372514842315,"orientation ambiguë : 2e meilleur départ à 0.00453, proche du meilleur (0.00453, ratio 1.00)"
97403f44a601837c,OPIE_Lapi_200720,10898780662312043388,data/crops/organized/organized_OPIE_Lapi_200720_S1_97403f44a601837c.jpg,SUSPECT,0.004552854808281434,"orientation ambiguë : 2e meilleur départ à 0.00455, proche du meilleur (0.00455, ratio 1.00)"
97529bb48e87af2c,FR15ABOM130722047,10903948847605067564,data/crops/organized/organized_FR15ABOM130722047_S2_97529bb48e87af2c.jpg,SUSPECT,0.004109843040885445,"orientation ambiguë : 2e meilleur départ à 0.00411, proche du meilleur (0.00411, ratio 1.00)"
976aea0741faee4e,CD388809,10910790364151082574,data/crops/organized/organized_CD388809_S1_976aea0741faee4e.jpg,SUSPECT,0.004549753437408563,"orientation ambiguë : 2e meilleur départ à 0.00455, proche du meilleur (0.00455, ratio 1.00)"
979a42ad99cb516f,CD388018c,10924117159517573487,data/crops/organized/organized_CD388018c_S2_979a42ad99cb516f.jpg,SUSPECT,0.004789439464859043,"orientation ambiguë : 2e meilleur départ à 0.00479, proche du meilleur (0.00479, ratio 1.00)"
97b60b910ead0e17,FR73ABOM120722025,10931937863132843543,data/crops/organized/organized_FR73ABOM120722025_S3_97b60b910ead0e17.jpg,SUSPECT,0.004590724583219153,"orientation ambiguë : 2e meilleur départ à 0.00459, proche du meilleur (0.00459, ratio 1.00)"
97bea21e19ad8f1d,ABAURA8240,10934355195465666333,data/crops/organized/organized_ABAURA8240_P1_97bea21e19ad8f1d.jpg,SUSPECT,0.004855326508749768,"orientation ambiguë : 2e meilleur départ à 0.00486, proche du meilleur (0.00486, ratio 1.00)"
97c9d5bac1d86c08,NoName6,10937508168138779656,data/crops/organized/organized_NoName6_S2_97c9d5bac1d86c08.jpg,SUSPECT,0.004665821768584298,"orientation ambiguë : 2e meilleur départ à 0.00467, proche du meilleur (0.00467, ratio 1.00)"
97d53db465ce033e,FR15_ABOM07082020082,10940718714777895742,data/crops/organized/organized_FR15_ABOM07082020082_S2_97d53db465ce033e.jpg,SUSPECT,0.004441824715897712,"orientation ambiguë : 2e meilleur départ à 0.00444, proche du meilleur (0.00444, ratio 1.00)"
97e97bafce1b105a,OPIE_Lapi_200703,10946416364308074586,data/crops/organized/organized_OPIE_Lapi_200703_S2_97e97bafce1b105a.jpg,SUSPECT,0.004493626210771797,"orientation ambiguë : 2e meilleur départ à 0.00449, proche du meilleur (0.00449, ratio 1.00)"
980cfc9c27d5aa00,N385,10956409741098985984,data/crops/organized/organized_N385_S5_980cfc9c27d5aa00.jpg,SUSPECT,0.004302848121195163,"orientation ambiguë : 2e meilleur départ à 0.00430, proche du meilleur (0.00430, ratio 1.00)"
9840289f64bca0d1,ABAURA5676,10970813357329522897,data/crops/organized/organized_ABAURA5676_P3_9840289f64bca0d1.jpg,FAILED,inf,"6 landmarks, 18 attendus"
98521c766ffe5417,ABAURA8627,10975866536865977367,data/crops/organized/organized_ABAURA8627_S2_98521c766ffe5417.jpg,SUSPECT,0.004512964838039467,"orientation ambiguë : 2e meilleur départ à 0.00451, proche du meilleur (0.00451, ratio 1.00)"
9862b7d851abcc80,FR73ABOM200722041,10980540981193723008,data/crops/organized/organized_FR73ABOM200722041_P1_9862b7d851abcc80.jpg,SUSPECT,0.004496515896319133,"orientation ambiguë : 2e meilleur départ à 0.00450, proche du meilleur (0.00450, ratio 1.00)"
986fd9762e34cfe7,CollecYvan6,10984237117784510439,data/crops/organized/organized_CollecYvan6_S1_986fd9762e34cfe7.jpg,SUSPECT,0.004559001727347132,"orientation ambiguë : 2e meilleur départ à 0.00456, proche du meilleur (0.00456, ratio 1.00)"
98790990464e2c5f,N205,10986823281206504543,data/crops/organized/organized_N205_S3_98790990464e2c5f.jpg,SUSPECT,0.00458378884915771,"orientation ambiguë : 2e meilleur départ à 0.00458, proche du meilleur (0.00458, ratio 1.00)"
987b0b6d770aea6b,OPIE_Lapi_D1,10987388280677001835,data/crops/organized/organized_OPIE_Lapi_D1_S1_987b0b6d770aea6b.jpg,SUSPECT,0.00445976661707396,"orientation ambiguë : 2e meilleur départ à 0.00446, proche du meilleur (0.00446, ratio 1.00)"
9880965b57e0a850,CD388230b,10988948409844541520,data/crops/organized/organized_CD388230b_S3_9880965b57e0a850.jpg,SUSPECT,0.004597445621368776,"orientation ambiguë : 2e meilleur départ à 0.00460, proche du meilleur (0.00460, ratio 1.00)"
98a898f449d7a26f,ABAURA8207c,11000210264830747247,data/crops/organized/organized_ABAURA8207c_S3_98a898f449d7a26f.jpg,SUSPECT,0.004503121186951591,"orientation ambiguë : 2e meilleur départ à 0.00450, proche du meilleur (0.00450, ratio 1.00)"
98aa175863b4705e,ABAURA8204,11000630708203188318,data/crops/organized/organized_ABAURA8204_S1_98aa175863b4705e.jpg,SUSPECT,0.0046290952814502205,"orientation ambiguë : 2e meilleur départ à 0.00463, proche du meilleur (0.00463, ratio 1.00)"
98b33c58459cb77a,ABAURA8207d,11003204664418940794,data/crops/organized/organized_ABAURA8207d_S3_98b33c58459cb77a.jpg,SUSPECT,0.0045815397014073445,"orientation ambiguë : 2e meilleur départ à 0.00458, proche du meilleur (0.00458, ratio 1.00)"
98ce8d52e2c0a90f,OPIE_Lapi_200720,11010893526098553103,data/crops/organized/organized_OPIE_Lapi_200720_P1_98ce8d52e2c0a90f.jpg,SUSPECT,0.0045221952320157795,"orientation ambiguë : 2e meilleur départ à 0.00452, proche du meilleur (0.00452, ratio 1.00)"
98f6295bc3c95721,FR73ABOM140722031,11022042612139382561,data/crops/organized/organized_FR73ABOM140722031_P2_98f6295bc3c95721.jpg,SUSPECT,0.00473068010841558,"orientation ambiguë : 2e meilleur départ à 0.00473, proche du meilleur (0.00473, ratio 1.00)"
990290f651f5ebb4,CD388003b,11025534225367821236,data/crops/organized/organized_CD388003b_S3_990290f651f5ebb4.jpg,SUSPECT,0.0042170723641889035,"orientation ambiguë : 2e meilleur départ à 0.00422, proche du meilleur (0.00422, ratio 1.00)"
9917ba9f8d6025e5,15G2021-1200,11031491006701774309,data/crops/organized/organized_15G2021-1200_S2_9917ba9f8d6025e5.jpg,SUSPECT,0.004263694878847369,"orientation ambiguë : 2e meilleur départ à 0.00426, proche du meilleur (0.00426, ratio 1.00)"
991c10ab6078f821,NoName2,11032711515394865185,data/crops/organized/organized_NoName2_S2_991c10ab6078f821.jpg,SUSPECT,0.0045147250992353056,"orientation ambiguë : 2e meilleur départ à 0.00451, proche du meilleur (0.00451, ratio 1.00)"
9928c02ce122baec,FR15_ABOM180720046,11036282185859644140,data/crops/organized/organized_FR15_ABOM180720046_S1_9928c02ce122baec.jpg,SUSPECT,0.004431306331621171,"orientation ambiguë : 2e meilleur départ à 0.00443, proche du meilleur (0.00443, ratio 1.00)"
993c388c847e515c,OPIE_Lapi_030803b,11041762562575061340,data/crops/organized/organized_OPIE_Lapi_030803b_P2_993c388c847e515c.jpg,SUSPECT,0.004440784317552022,"orientation ambiguë : 2e meilleur départ à 0.00444, proche du meilleur (0.00444, ratio 1.00)"
995b683e7705281b,ABAURA5591,11050540728177731611,data/crops/organized/organized_ABAURA5591_S1_995b683e7705281b.jpg,SUSPECT,0.0044934840430008805,"orientation ambiguë : 2e meilleur départ à 0.00449, proche du meilleur (0.00449, ratio 1.00)"
9962ad4fbcb7cfa2,FR15ABOM210821212,11052586993500802978,data/crops/organized/organized_FR15ABOM210821212_P1_9962ad4fbcb7cfa2.jpg,SUSPECT,0.004620560648853418,"orientation ambiguë : 2e meilleur départ à 0.00462, proche du meilleur (0.00462, ratio 1.00)"
99722d95c6df81aa,VAN-2019.00787,11056950156457902506,data/crops/organized/organized_VAN-2019.00787_S1_99722d95c6df81aa.jpg,SUSPECT,0.0049364386830136305,"orientation ambiguë : 2e meilleur départ à 0.00494, proche du meilleur (0.00494, ratio 1.00)"
997a97a406d440f7,ABAURA8625,11059318565706678519,data/crops/organized/organized_ABAURA8625_S1_997a97a406d440f7.jpg,SUSPECT,0.004566702344770369,"orientation ambiguë : 2e meilleur départ à 0.00457, proche du meilleur (0.00457, ratio 1.00)"
99ad0119198f422e,FR15ABOM200821233,11073508266088546862,data/crops/organized/organized_FR15ABOM200821233_S3_99ad0119198f422e.jpg,SUSPECT,0.004406696913082115,"orientation ambiguë : 2e meilleur départ à 0.00441, proche du meilleur (0.00441, ratio 1.00)"
99dff70463ecb500,FR73ABOM120722025,11087852405837837568,data/crops/organized/organized_FR73ABOM120722025_P2_99dff70463ecb500.jpg,SUSPECT,0.004559821959548625,"orientation ambiguë : 2e meilleur départ à 0.00456, proche du meilleur (0.00456, ratio 1.00)"
99eb1cb65f424d33,FR15_ABOM30072020044,11090990076937784627,data/crops/organized/organized_FR15_ABOM30072020044_S2_99eb1cb65f424d33.jpg,SUSPECT,0.004500147470135647,"orientation ambiguë : 2e meilleur départ à 0.00450, proche du meilleur (0.00450, ratio 1.00)"
9a0bd038ed106a6d,OPIE_Lapi_260620b,11100194649498741357,data/crops/organized/organized_OPIE_Lapi_260620b_S3_9a0bd038ed106a6d.jpg,SUSPECT,0.004317821780569029,"orientation ambiguë : 2e meilleur départ à 0.00432, proche du meilleur (0.00432, ratio 1.00)"
9a366a62410b2230,2020.00301,11112186100813865520,data/crops/organized/organized_2020.00301_P2_9a366a62410b2230.jpg,SUSPECT,0.0044839842719819,"orientation ambiguë : 2e meilleur départ à 0.00448, proche du meilleur (0.00448, ratio 1.00)"
9ad1d7ba63873922,NoName2,11155934947507124514,data/crops/organized/organized_NoName2_P1_9ad1d7ba63873922.jpg,SUSPECT,0.004512742271073792,"orientation ambiguë : 2e meilleur départ à 0.00451, proche du meilleur (0.00451, ratio 1.00)"
9ad758933855ef94,OPIE_Lapi_270702,11157483991162285972,data/crops/organized/organized_OPIE_Lapi_270702_S1_9ad758933855ef94.jpg,SUSPECT,0.0045588933807684156,"orientation ambiguë : 2e meilleur départ à 0.00456, proche du meilleur (0.00456, ratio 1.00)"
9af4ddd3a23d9195,ABAURA8239,11165793277188084117,data/crops/organized/organized_ABAURA8239_S2_9af4ddd3a23d9195.jpg,SUSPECT,0.004628832455754863,"orientation ambiguë : 2e meilleur départ à 0.00463, proche du meilleur (0.00463, ratio 1.00)"
9b10ebac5b1a30f5,CD387766b,11173689801001545973,data/crops/organized/organized_CD387766b_P1_9b10ebac5b1a30f5.jpg,SUSPECT,0.004511199950183207,"orientation ambiguë : 2e meilleur départ à 0.00451, proche du meilleur (0.00451, ratio 1.00)"
9b20d646793f738e,FR15_ABOM07082020038,11178169873303827342,data/crops/organized/organized_FR15_ABOM07082020038_S2_9b20d646793f738e.jpg,SUSPECT,0.0045537308718783705,"orientation ambiguë : 2e meilleur départ à 0.00455, proche du meilleur (0.00455, ratio 1.00)"
9b2cf08d3661aece,FR15ABOM210821211,11181576464147525326,data/crops/organized/organized_FR15ABOM210821211_S1_9b2cf08d3661aece.jpg,SUSPECT,0.004608141798689804,"orientation ambiguë : 2e meilleur départ à 0.00461, proche du meilleur (0.00461, ratio 1.00)"
9b2d1680a0ae4110,ABAURA7163,11181618191538209040,data/crops/organized/organized_ABAURA7163_S1_9b2d1680a0ae4110.jpg,SUSPECT,0.0047686202396293315,"orientation ambiguë : 2e meilleur départ à 0.00477, proche du meilleur (0.00477, ratio 1.00)"
9b392ededc19be32,ABAURA8208b,11185022684261629490,data/crops/organized/organized_ABAURA8208b_S3_9b392ededc19be32.jpg,SUSPECT,0.004733488695528458,"orientation ambiguë : 2e meilleur départ à 0.00473, proche du meilleur (0.00473, ratio 1.00)"
9b3f24ae109c19e6,FR15ABOM210821211,11186700329433176550,data/crops/organized/organized_FR15ABOM210821211_S3_9b3f24ae109c19e6.jpg,SUSPECT,0.004497269173799153,"orientation ambiguë : 2e meilleur départ à 0.00450, proche du meilleur (0.00450, ratio 1.00)"
9b491980ff58c016,OPIE_Lapi_95C,11189502791009222678,data/crops/organized/organized_OPIE_Lapi_95C_S1_9b491980ff58c016.jpg,SUSPECT,0.004376654649360057,"orientation ambiguë : 2e meilleur départ à 0.00438, proche du meilleur (0.00438, ratio 1.00)"
9b72421d0cffd340,VAN-2019.00795,11201087915763422016,data/crops/organized/organized_VAN-2019.00795_P1_9b72421d0cffd340.jpg,SUSPECT,0.0045889417405801675,"orientation ambiguë : 2e meilleur départ à 0.00459, proche du meilleur (0.00459, ratio 1.00)"
9ba3d580fc508400,FR15ABOM220821070,11215042247048332288,data/crops/organized/organized_FR15ABOM220821070_S3_9ba3d580fc508400.jpg,SUSPECT,0.004567085661299892,"orientation ambiguë : 2e meilleur départ à 0.00457, proche du meilleur (0.00457, ratio 1.00)"
9be325c13ee788b4,CD388016b,11232863407506426036,data/crops/organized/organized_CD388016b_P1_9be325c13ee788b4.jpg,SUSPECT,0.0043687760787555485,"orientation ambiguë : 2e meilleur départ à 0.00437, proche du meilleur (0.00437, ratio 1.00)"
9be33fe4f347079e,FR15ABOM200821215,11232892148158760862,data/crops/organized/organized_FR15ABOM200821215_S3_9be33fe4f347079e.jpg,SUSPECT,0.004300364169209455,"orientation ambiguë : 2e meilleur départ à 0.00430, proche du meilleur (0.00430, ratio 1.00)"
9c13680b68f9ed55,ABAURA8885d,11246447092689399125,data/crops/organized/organized_ABAURA8885d_S3_9c13680b68f9ed55.jpg,SUSPECT,0.004597561208623372,"orientation ambiguë : 2e meilleur départ à 0.00460, proche du meilleur (0.00460, ratio 1.00)"
9c273f938a31dcf3,CD388623,11252032096919739635,data/crops/organized/organized_CD388623_P1_9c273f938a31dcf3.jpg,SUSPECT,0.004799552487117642,"orientation ambiguë : 2e meilleur départ à 0.00480, proche du meilleur (0.00480, ratio 1.00)"
9c318068904484d9,ABAURA8206,11254918130360943833,data/crops/organized/organized_ABAURA8206_S3_9c318068904484d9.jpg,SUSPECT,0.004634162866843569,"orientation ambiguë : 2e meilleur départ à 0.00463, proche du meilleur (0.00463, ratio 1.00)"
9c4f21d823505796,OPIE_Lapi_070820b,11263258405266020246,data/crops/organized/organized_OPIE_Lapi_070820b_P2_9c4f21d823505796.jpg,SUSPECT,0.004635632272002534,"orientation ambiguë : 2e meilleur départ à 0.00464, proche du meilleur (0.00464, ratio 1.00)"
9c786332dceac120,CD388623e,11274870737227923744,data/crops/organized/organized_CD388623e_S3_9c786332dceac120.jpg,SUSPECT,0.004530418558525708,"orientation ambiguë : 2e meilleur départ à 0.00453, proche du meilleur (0.00453, ratio 1.00)"
9c8296defd04eeb8,VAN-2019.00850,11277742301361008312,data/crops/organized/organized_VAN-2019.00850_S3_9c8296defd04eeb8.jpg,SUSPECT,0.004525073547752366,"orientation ambiguë : 2e meilleur départ à 0.00453, proche du meilleur (0.00453, ratio 1.00)"
9c84f1e3700e2ea6,ABAURA4926,11278405325982412454,data/crops/organized/organized_ABAURA4926_P2_9c84f1e3700e2ea6.jpg,SUSPECT,0.0046326952806497864,"orientation ambiguë : 2e meilleur départ à 0.00463, proche du meilleur (0.00463, ratio 1.00)"
9c8e9be1d580da80,FR15ABOM220821070,11281125510861609600,data/crops/organized/organized_FR15ABOM220821070_P2_9c8e9be1d580da80.jpg,SUSPECT,0.00448995749456835,"orientation ambiguë : 2e meilleur départ à 0.00449, proche du meilleur (0.00449, ratio 1.00)"
9c92ef599f334b39,FR15ABOM220821085,11282343184718580537,data/crops/organized/organized_FR15ABOM220821085_S2_9c92ef599f334b39.jpg,SUSPECT,0.004593962700160598,"orientation ambiguë : 2e meilleur départ à 0.00459, proche du meilleur (0.00459, ratio 1.00)"
9c9f4ca45b7d388a,FR73ABOM120722021,11285823460007032970,data/crops/organized/organized_FR73ABOM120722021_S1_9c9f4ca45b7d388a.jpg,SUSPECT,0.00455933211046525,"orientation ambiguë : 2e meilleur départ à 0.00456, proche du meilleur (0.00456, ratio 1.00)"
9cb69ef8fa30d926,CollecYvan24,11292387907864680742,data/crops/organized/organized_CollecYvan24_S1_9cb69ef8fa30d926.jpg,SUSPECT,0.0043579047502570354,"orientation ambiguë : 2e meilleur départ à 0.00436, proche du meilleur (0.00436, ratio 1.00)"
9cbb89367f203da7,FR15ABOM200821202,11293771357715709351,data/crops/organized/organized_FR15ABOM200821202_S3_9cbb89367f203da7.jpg,SUSPECT,0.004318102393926675,"orientation ambiguë : 2e meilleur départ à 0.00432, proche du meilleur (0.00432, ratio 1.00)"
9cd258496a9dd50a,CD388003b,11300191487370581258,data/crops/organized/organized_CD388003b_S1_9cd258496a9dd50a.jpg,SUSPECT,0.004284734498302961,"orientation ambiguë : 2e meilleur départ à 0.00428, proche du meilleur (0.00428, ratio 1.00)"
9cd9a5eb55feaec5,FR15ABOM220821055,11302247170041622213,data/crops/organized/organized_FR15ABOM220821055_S2_9cd9a5eb55feaec5.jpg,SUSPECT,0.004438182443977412,"orientation ambiguë : 2e meilleur départ à 0.00444, proche du meilleur (0.00444, ratio 1.00)"
9cff54e0bf4a968d,FR15ABOM130722047,11312854113236719245,data/crops/organized/organized_FR15ABOM130722047_P2_9cff54e0bf4a968d.jpg,SUSPECT,0.004074523795747835,"orientation ambiguë : 2e meilleur départ à 0.00407, proche du meilleur (0.00407, ratio 1.00)"
9d1af4fcaed0801f,ABAURA8240c,11320629979450998815,data/crops/organized/organized_ABAURA8240c_S2_9d1af4fcaed0801f.jpg,SUSPECT,0.0048487444463086345,"orientation ambiguë : 2e meilleur départ à 0.00485, proche du meilleur (0.00485, ratio 1.00)"
9d4c317f09f9ebd5,15L2021-1498,11334488783882677205,data/crops/organized/organized_15L2021-1498_S3_9d4c317f09f9ebd5.jpg,SUSPECT,0.004405155075686851,"orientation ambiguë : 2e meilleur départ à 0.00441, proche du meilleur (0.00441, ratio 1.00)"
9d5dc9a0297c3903,OPIE_Lapi_240620,11339441126516734211,data/crops/organized/organized_OPIE_Lapi_240620_P2_9d5dc9a0297c3903.jpg,SUSPECT,0.004510239566626938,"orientation ambiguë : 2e meilleur départ à 0.00451, proche du meilleur (0.00451, ratio 1.00)"
9d650a40c5fb6cd3,FR15ABOM210821112,11341482509918235859,data/crops/organized/organized_FR15ABOM210821112_P2_9d650a40c5fb6cd3.jpg,SUSPECT,0.004574653251382198,"orientation ambiguë : 2e meilleur départ à 0.00457, proche du meilleur (0.00457, ratio 1.00)"
9d790f6e60791985,ABB-2020.00038,11347117702876043653,data/crops/organized/organized_ABB-2020.00038_S3_9d790f6e60791985.jpg,SUSPECT,0.004442434947505075,"orientation ambiguë : 2e meilleur départ à 0.00444, proche du meilleur (0.00444, ratio 1.00)"
9d968e6fdc6f2d4c,ABAURA8239b,11355420121552072012,data/crops/organized/organized_ABAURA8239b_S1_9d968e6fdc6f2d4c.jpg,SUSPECT,0.004642127833808071,"orientation ambiguë : 2e meilleur départ à 0.00464, proche du meilleur (0.00464, ratio 1.00)"
9da0ec05f74e6870,15L2021-1757,11358337770596493424,data/crops/organized/organized_15L2021-1757_P1_9da0ec05f74e6870.jpg,SUSPECT,0.004673671171211221,"orientation ambiguë : 2e meilleur départ à 0.00467, proche du meilleur (0.00467, ratio 1.00)"
9da6906e4b0a11d1,ABAURA8604,11359925913468408273,data/crops/organized/organized_ABAURA8604_S3_9da6906e4b0a11d1.jpg,SUSPECT,0.00434974802333202,"orientation ambiguë : 2e meilleur départ à 0.00435, proche du meilleur (0.00435, ratio 1.00)"
9dc1eda0612e8d85,FR74ABOM170722014,11367628207540833669,data/crops/organized/organized_FR74ABOM170722014_P2_9dc1eda0612e8d85.jpg,SUSPECT,0.0046776380913661104,"orientation ambiguë : 2e meilleur départ à 0.00468, proche du meilleur (0.00468, ratio 1.00)"
9dcb199cb3e9b10d,FR15ABOM100721030,11370209845050978573,data/crops/organized/organized_FR15ABOM100721030_S3_9dcb199cb3e9b10d.jpg,SUSPECT,0.0045489941030161605,"orientation ambiguë : 2e meilleur départ à 0.00455, proche du meilleur (0.00455, ratio 1.00)"
9dce2752277104c3,POLLINIS4402,11371069342959600835,data/crops/organized/organized_POLLINIS4402_P2_9dce2752277104c3.jpg,SUSPECT,0.004563809856700831,"orientation ambiguë : 2e meilleur départ à 0.00456, proche du meilleur (0.00456, ratio 1.00)"
9dedbc139367c8e0,FR15ABOM200722026,11379958625698564320,data/crops/organized/organized_FR15ABOM200722026_S2_9dedbc139367c8e0.jpg,SUSPECT,0.0041139771983770695,"orientation ambiguë : 2e meilleur départ à 0.00411, proche du meilleur (0.00411, ratio 1.00)"
9df1ced8e50c88c1,ABAURA5633,11381105164293015745,data/crops/organized/organized_ABAURA5633_P2_9df1ced8e50c88c1.jpg,SUSPECT,0.004590765163051674,"orientation ambiguë : 2e meilleur départ à 0.00459, proche du meilleur (0.00459, ratio 1.00)"
9e0924c3aa5e78a0,ABAURA8233,11387673555578550432,data/crops/organized/organized_ABAURA8233_S2_9e0924c3aa5e78a0.jpg,SUSPECT,0.004796875986692304,"orientation ambiguë : 2e meilleur départ à 0.00480, proche du meilleur (0.00480, ratio 1.00)"
9e1ff8f2de96a9b5,FR73ABOM130722001,11394099304270834101,data/crops/organized/organized_FR73ABOM130722001_S3_9e1ff8f2de96a9b5.jpg,SUSPECT,0.004542966264661565,"orientation ambiguë : 2e meilleur départ à 0.00454, proche du meilleur (0.00454, ratio 1.00)"
9e3bcd7c48ee69e5,FR15_ABOM07082020049,11401932815301765605,data/crops/organized/organized_FR15_ABOM07082020049_S1_9e3bcd7c48ee69e5.jpg,SUSPECT,0.0068133478501666254,"orientation ambiguë : 2e meilleur départ à 0.00681, proche du meilleur (0.00681, ratio 1.00)"
9e41144ff6a25578,2020.06243,11403418065151612280,data/crops/organized/organized_2020.06243_S3_9e41144ff6a25578.jpg,SUSPECT,0.004415511760216329,"orientation ambiguë : 2e meilleur départ à 0.00442, proche du meilleur (0.00442, ratio 1.00)"
9e5d1fc0d990c204,ABAURA8208b,11411311943971029508,data/crops/organized/organized_ABAURA8208b_S1_9e5d1fc0d990c204.jpg,SUSPECT,0.004672504900175981,"orientation ambiguë : 2e meilleur départ à 0.00467, proche du meilleur (0.00467, ratio 1.00)"
9e89ee8a84df911a,ABAURA8240b,11423924208504115482,data/crops/organized/organized_ABAURA8240b_S3_9e89ee8a84df911a.jpg,SUSPECT,0.0045964687776880375,"orientation ambiguë : 2e meilleur départ à 0.00460, proche du meilleur (0.00460, ratio 1.00)"
9e9a4a980488e02c,FR15ABOM210821143,11428529021177618476,data/crops/organized/organized_FR15ABOM210821143_S3_9e9a4a980488e02c.jpg,SUSPECT,0.004459523012937222,"orientation ambiguë : 2e meilleur départ à 0.00446, proche du meilleur (0.00446, ratio 1.00)"
9ea99457e2f5df6e,FR73ABOM200722034,11432832234247544686,data/crops/organized/organized_FR73ABOM200722034_S1_9ea99457e2f5df6e.jpg,SUSPECT,0.004411666728318894,"orientation ambiguë : 2e meilleur départ à 0.00441, proche du meilleur (0.00441, ratio 1.00)"
9ee2bf66518afa4a,OPIE_Lapi_200703b,11448923648904854090,data/crops/organized/organized_OPIE_Lapi_200703b_P2_9ee2bf66518afa4a.jpg,SUSPECT,0.004652216984193521,"orientation ambiguë : 2e meilleur départ à 0.00465, proche du meilleur (0.00465, ratio 1.00)"
9eebff8172f8ca00,FR15ABOM200722066,11451527408964389376,data/crops/organized/organized_FR15ABOM200722066_S2_9eebff8172f8ca00.jpg,SUSPECT,0.004230299108028603,"orientation ambiguë : 2e meilleur départ à 0.00423, proche du meilleur (0.00423, ratio 1.00)"
9f34bd4596e2626e,FR15_ABOM180720053,11472002257401307758,data/crops/organized/organized_FR15_ABOM180720053_S3_9f34bd4596e2626e.jpg,SUSPECT,0.004453028520053809,"orientation ambiguë : 2e meilleur départ à 0.00445, proche du meilleur (0.00445, ratio 1.00)"
9f41d929e1475399,2020.06244,11475692099413169049,data/crops/organized/organized_2020.06244_P2_9f41d929e1475399.jpg,SUSPECT,0.004606273158903389,"orientation ambiguë : 2e meilleur départ à 0.00461, proche du meilleur (0.00461, ratio 1.00)"
9f4cefc5ce3925cc,CD388862,11478813183107999180,data/crops/organized/organized_CD388862_S3_9f4cefc5ce3925cc.jpg,SUSPECT,0.004417961397863833,"orientation ambiguë : 2e meilleur départ à 0.00442, proche du meilleur (0.00442, ratio 1.00)"
9f543fc7ec1fd2ab,ABAURA8852,11480871477966787243,data/crops/organized/organized_ABAURA8852_P2_9f543fc7ec1fd2ab.jpg,SUSPECT,0.004471432482805844,"orientation ambiguë : 2e meilleur départ à 0.00447, proche du meilleur (0.00447, ratio 1.00)"
9f8d21026c9b95e8,CD387770b,11496881718042531304,data/crops/organized/organized_CD387770b_S3_9f8d21026c9b95e8.jpg,SUSPECT,0.0044701162037273255,"orientation ambiguë : 2e meilleur départ à 0.00447, proche du meilleur (0.00447, ratio 1.00)"
9fcff3b64b0d9a26,CD388821c,11515690736478427686,data/crops/organized/organized_CD388821c_S1_9fcff3b64b0d9a26.jpg,SUSPECT,0.004613738682882064,"orientation ambiguë : 2e meilleur départ à 0.00461, proche du meilleur (0.00461, ratio 1.00)"
9fdf3c6e4ba612a6,BAR.2018.00342,11519992816250262182,data/crops/organized/organized_BAR.2018.00342_S2_9fdf3c6e4ba612a6.jpg,SUSPECT,0.004412616335258139,"orientation ambiguë : 2e meilleur départ à 0.00441, proche du meilleur (0.00441, ratio 1.00)"
9ff3f34f21fdd688,ABAURA8207c,11525823392569480840,data/crops/organized/organized_ABAURA8207c_S2_9ff3f34f21fdd688.jpg,SUSPECT,0.00442990424475703,"orientation ambiguë : 2e meilleur départ à 0.00443, proche du meilleur (0.00443, ratio 1.00)"
9ff58c3e71990a1e,FR74ABOM160722015,11526273021146368542,data/crops/organized/organized_FR74ABOM160722015_S3_9ff58c3e71990a1e.jpg,SUSPECT,0.004679905253683316,"orientation ambiguë : 2e meilleur départ à 0.00468, proche du meilleur (0.00468, ratio 1.00)"
9ffd8875a054f634,FR73ABOM200722017,11528520659920811572,data/crops/organized/organized_FR73ABOM200722017_P2_9ffd8875a054f634.jpg,SUSPECT,0.004457788866688464,"orientation ambiguë : 2e meilleur départ à 0.00446, proche du meilleur (0.00446, ratio 1.00)"
a002109b317df53c,N126,11529796254758204732,data/crops/organized/organized_N126_S2_a002109b317df53c.jpg,SUSPECT,0.004327968172179648,"orientation ambiguë : 2e meilleur départ à 0.00433, proche du meilleur (0.00433, ratio 1.00)"
a00ce73e3342ded0,CD387770b,11532847000123006672,data/crops/organized/organized_CD387770b_P2_a00ce73e3342ded0.jpg,SUSPECT,0.004503119931511573,"orientation ambiguë : 2e meilleur départ à 0.00450, proche du meilleur (0.00450, ratio 1.00)"
a04ff255f321db39,ABAURA8205c,11551718020193835833,data/crops/organized/organized_ABAURA8205c_S1_a04ff255f321db39.jpg,SUSPECT,0.004553559970738128,"orientation ambiguë : 2e meilleur départ à 0.00455, proche du meilleur (0.00455, ratio 1.00)"
a0638c0a749fadcd,FR15ABOM210821043,11557235045297008077,data/crops/organized/organized_FR15ABOM210821043_S1_a0638c0a749fadcd.jpg,SUSPECT,0.004511056488869978,"orientation ambiguë : 2e meilleur départ à 0.00451, proche du meilleur (0.00451, ratio 1.00)"
a0b51894c5057c38,FR15_ABOM14080820006,11580189044092795960,data/crops/organized/organized_FR15_ABOM14080820006_S1_a0b51894c5057c38.jpg,SUSPECT,0.00477890598344733,"orientation ambiguë : 2e meilleur départ à 0.00478, proche du meilleur (0.00478, ratio 1.00)"
a0dc8a55d4a0a8af,N384,11591291642188966063,data/crops/organized/organized_N384_S3_a0dc8a55d4a0a8af.jpg,SUSPECT,0.004530426959143071,"orientation ambiguë : 2e meilleur départ à 0.00453, proche du meilleur (0.00453, ratio 1.00)"
a0dd42d49d9cb6a1,15L2021-1732,11591494496866317985,data/crops/organized/organized_15L2021-1732_P1_a0dd42d49d9cb6a1.jpg,SUSPECT,0.004357915916029204,"orientation ambiguë : 2e meilleur départ à 0.00436, proche du meilleur (0.00436, ratio 1.00)"
a0f03887f3740af8,OPIE_Lapi_130720b,11596831197035236088,data/crops/organized/organized_OPIE_Lapi_130720b_S2_a0f03887f3740af8.jpg,SUSPECT,0.004399138850991683,"orientation ambiguë : 2e meilleur départ à 0.00440, proche du meilleur (0.00440, ratio 1.00)"
a0f1ac7b6377541c,FR15ABOM200722063,11597240161405457436,data/crops/organized/organized_FR15ABOM200722063_S3_a0f1ac7b6377541c.jpg,SUSPECT,0.00432442269138771,"orientation ambiguë : 2e meilleur départ à 0.00432, proche du meilleur (0.00432, ratio 1.00)"
a11a8b2132a9796c,FR15_STPONCY300921002,11608743964201023852,data/crops/organized/organized_FR15_STPONCY300921002_S2_a11a8b2132a9796c.jpg,SUSPECT,0.004670694449197992,"orientation ambiguë : 2e meilleur départ à 0.00467, proche du meilleur (0.00467, ratio 1.00)"
a122c92593ca4f1f,D264520,11611063952545042207,data/crops/organized/organized_D264520_S2_a122c92593ca4f1f.jpg,SUSPECT,0.004635103338618056,"orientation ambiguë : 2e meilleur départ à 0.00464, proche du meilleur (0.00464, ratio 1.00)"
a16a2ad0a0abec8e,FR15ABOM210821100,11631156063174913166,data/crops/organized/organized_FR15ABOM210821100_P1_a16a2ad0a0abec8e.jpg,SUSPECT,0.004321393305370052,"orientation ambiguë : 2e meilleur départ à 0.00432, proche du meilleur (0.00432, ratio 1.00)"
a17f840e7c7269ad,2007.0008,11637165159900932525,data/crops/organized/organized_2007.0008_P2_a17f840e7c7269ad.jpg,SUSPECT,0.004841417151487331,"orientation ambiguë : 2e meilleur départ à 0.00484, proche du meilleur (0.00484, ratio 1.00)"
a19122fdffe22e27,CD388861b,11642124986044526119,data/crops/organized/organized_CD388861b_P1_a19122fdffe22e27.jpg,SUSPECT,0.004577835268945122,"orientation ambiguë : 2e meilleur départ à 0.00458, proche du meilleur (0.00458, ratio 1.00)"
a1b98eba90dab7eb,ABAURA8240d,11653502442743183339,data/crops/organized/organized_ABAURA8240d_S3_a1b98eba90dab7eb.jpg,SUSPECT,0.004620501467554468,"orientation ambiguë : 2e meilleur départ à 0.00462, proche du meilleur (0.00462, ratio 1.00)"
a1e1027021f1fb25,CD388145b,11664607190495394597,data/crops/organized/organized_CD388145b_P1_a1e1027021f1fb25.jpg,SUSPECT,0.004493166930340266,"orientation ambiguë : 2e meilleur départ à 0.00449, proche du meilleur (0.00449, ratio 1.00)"
a1eb04559f03d2da,CD387770,11667424025419961050,data/crops/organized/organized_CD387770_S2_a1eb04559f03d2da.jpg,SUSPECT,0.004739460998255448,"orientation ambiguë : 2e meilleur départ à 0.00474, proche du meilleur (0.00474, ratio 1.00)"
a1fed7f1ab247494,1036L,11673004717149287572,data/crops/organized/organized_1036L_S3_a1fed7f1ab247494.jpg,SUSPECT,0.005788612887217709,"orientation ambiguë : 2e meilleur départ à 0.00579, proche du meilleur (0.00579, ratio 1.00)"
a2245dee4fde772d,FR73ABOM130722001,11683566611429488429,data/crops/organized/organized_FR73ABOM130722001_P1_a2245dee4fde772d.jpg,SUSPECT,0.004600730694423565,"orientation ambiguë : 2e meilleur départ à 0.00460, proche du meilleur (0.00460, ratio 1.00)"
a2345f10185bc92a,2020.00301,11688071455666063658,data/crops/organized/organized_2020.00301_S2_a2345f10185bc92a.jpg,SUSPECT,0.004490497521433922,"orientation ambiguë : 2e meilleur départ à 0.00449, proche du meilleur (0.00449, ratio 1.00)"
a23a00833dca0013,CD388769,11689656346470907923,data/crops/organized/organized_CD388769_P1_a23a00833dca0013.jpg,SUSPECT,0.004482774613610521,"orientation ambiguë : 2e meilleur départ à 0.00448, proche du meilleur (0.00448, ratio 1.00)"
a2a6a87de9fef7da,2019.01788,11720240339028473818,data/crops/organized/organized_2019.01788_S1_a2a6a87de9fef7da.jpg,SUSPECT,0.004510306832803179,"orientation ambiguë : 2e meilleur départ à 0.00451, proche du meilleur (0.00451, ratio 1.00)"
a2b7c1726365b734,FR15_ABOM170820009,11725052851920418612,data/crops/organized/organized_FR15_ABOM170820009_P2_a2b7c1726365b734.jpg,SUSPECT,0.0047349443443217,"orientation ambiguë : 2e meilleur départ à 0.00473, proche du meilleur (0.00473, ratio 1.00)"
a2d17e07779aae0f,Znieff_galibier,11732297074813349391,data/crops/organized/organized_Znieff_galibier_S3_a2d17e07779aae0f.jpg,SUSPECT,0.004466823444471649,"orientation ambiguë : 2e meilleur départ à 0.00447, proche du meilleur (0.00447, ratio 1.00)"
a2f4f4cee5833e82,ABAURA8228b,11742279297912749698,data/crops/organized/organized_ABAURA8228b_S1_a2f4f4cee5833e82.jpg,SUSPECT,0.00446990882594335,"orientation ambiguë : 2e meilleur départ à 0.00447, proche du meilleur (0.00447, ratio 1.00)"
a30330f21f0aeb47,NoName9,11746286069573413703,data/crops/organized/organized_NoName9_S3_a30330f21f0aeb47.jpg,SUSPECT,0.0044370495142245035,"orientation ambiguë : 2e meilleur départ à 0.00444, proche du meilleur (0.00444, ratio 1.00)"
a3313086d2e9122d,VAN-2019.00781,11759233457663316525,data/crops/organized/organized_VAN-2019.00781_P1_a3313086d2e9122d.jpg,SUSPECT,0.004772893406324809,"orientation ambiguë : 2e meilleur départ à 0.00477, proche du meilleur (0.00477, ratio 1.00)"
a38e84da9abc1d7e,FR05ABOM220722026,11785503349308923262,data/crops/organized/organized_FR05ABOM220722026_S2_a38e84da9abc1d7e.jpg,FAILED,inf,"17 landmarks, 18 attendus"
a39ea3f3d5bd44bd,FR15_ABOM17082020015,11790041142160868541,data/crops/organized/organized_FR15_ABOM17082020015_P1_a39ea3f3d5bd44bd.jpg,SUSPECT,0.004581146843959213,"orientation ambiguë : 2e meilleur départ à 0.00458, proche du meilleur (0.00458, ratio 1.00)"
a3a06c2feee3045b,CD388861,11790542777583076443,data/crops/organized/organized_CD388861_S1_a3a06c2feee3045b.jpg,SUSPECT,0.0046620404400236435,"orientation ambiguë : 2e meilleur départ à 0.00466, proche du meilleur (0.00466, ratio 1.00)"
a3c11162ac75e027,15L2021-1740,11799731614185283623,data/crops/organized/organized_15L2021-1740_S1_a3c11162ac75e027.jpg,SUSPECT,0.004374816813163582,"orientation ambiguë : 2e meilleur départ à 0.00437, proche du meilleur (0.00437, ratio 1.00)"
a3c4920591e8fba0,ABAURA8207b,11800717476237999008,data/crops/organized/organized_ABAURA8207b_P1_a3c4920591e8fba0.jpg,SUSPECT,0.004498851770287411,"orientation ambiguë : 2e meilleur départ à 0.00450, proche du meilleur (0.00450, ratio 1.00)"
a3fc52266fd9329f,ABAURA5593,11816409847352079007,data/crops/organized/organized_ABAURA5593_P1_a3fc52266fd9329f.jpg,SUSPECT,0.00462872379281015,"orientation ambiguë : 2e meilleur départ à 0.00463, proche du meilleur (0.00463, ratio 1.00)"
a42469bf5ff648a6,CollecYvan24,11827694792051411110,data/crops/organized/organized_CollecYvan24_P2_a42469bf5ff648a6.jpg,SUSPECT,0.0044462799213170956,"orientation ambiguë : 2e meilleur départ à 0.00445, proche du meilleur (0.00445, ratio 1.00)"
a42476aa9c8c9a5e,CD388016,11827708996524743262,data/crops/organized/organized_CD388016_S3_a42476aa9c8c9a5e.jpg,SUSPECT,0.00475438211529531,"orientation ambiguë : 2e meilleur départ à 0.00475, proche du meilleur (0.00475, ratio 1.00)"
a443d30852371834,FR15ABOM210821110,11836536278352336948,data/crops/organized/organized_FR15ABOM210821110_S3_a443d30852371834.jpg,SUSPECT,0.00443243554719433,"orientation ambiguë : 2e meilleur départ à 0.00443, proche du meilleur (0.00443, ratio 1.00)"
a457dad932470860,OPIE_Lapi_220620c,11842174371580282976,data/crops/organized/organized_OPIE_Lapi_220620c_P1_a457dad932470860.jpg,SUSPECT,0.004528531459587432,"orientation ambiguë : 2e meilleur départ à 0.00453, proche du meilleur (0.00453, ratio 1.00)"
a45c2a8ec8cd9e20,UBC-2014.0001,11843387912820203040,data/crops/organized/organized_UBC-2014.0001_S2_a45c2a8ec8cd9e20.jpg,FAILED,inf,"16 landmarks, 18 attendus"
a45e48d88d2d5f59,POLLINIS4984,11843984164949679961,data/crops/organized/organized_POLLINIS4984_P1_a45e48d88d2d5f59.jpg,SUSPECT,0.004376023459556792,"orientation ambiguë : 2e meilleur départ à 0.00438, proche du meilleur (0.00438, ratio 1.00)"
a47ab3bb60790d65,VAN-2019.00822,11851982986737683813,data/crops/organized/organized_VAN-2019.00822_P1_a47ab3bb60790d65.jpg,SUSPECT,0.00465888376723527,"orientation ambiguë : 2e meilleur départ à 0.00466, proche du meilleur (0.00466, ratio 1.00)"
a47faff73efffa3b,15G2021-1200,11853386220711180859,data/crops/organized/organized_15G2021-1200_S3_a47faff73efffa3b.jpg,SUSPECT,0.004326784491559477,"orientation ambiguë : 2e meilleur départ à 0.00433, proche du meilleur (0.00433, ratio 1.00)"
a4c5305e4ad55d99,15L2021-1546,11872949174172736921,data/crops/organized/organized_15L2021-1546_S1_a4c5305e4ad55d99.jpg,SUSPECT,0.004476658617713096,"orientation ambiguë : 2e meilleur départ à 0.00448, proche du meilleur (0.00448, ratio 1.00)"
a4f2fbd04873999d,FR73ABOM140722033,11885839238571465117,data/crops/organized/organized_FR73ABOM140722033_S2_a4f2fbd04873999d.jpg,SUSPECT,0.00453676812962315,"orientation ambiguë : 2e meilleur départ à 0.00454, proche du meilleur (0.00454, ratio 1.00)"
a4f321a1a32c6915,CD388820b,11885880819671918869,data/crops/organized/organized_CD388820b_P2_a4f321a1a32c6915.jpg,SUSPECT,0.004359422276911624,"orientation ambiguë : 2e meilleur départ à 0.00436, proche du meilleur (0.00436, ratio 1.00)"
a4f478c94267c342,15L2021-1498,11886258122335437634,data/crops/organized/organized_15L2021-1498_P1_a4f478c94267c342.jpg,SUSPECT,0.004346124458724811,"orientation ambiguë : 2e meilleur départ à 0.00435, proche du meilleur (0.00435, ratio 1.00)"
a50d17374f6e0bb3,FR15ABOM170821123,11893187717278600115,data/crops/organized/organized_FR15ABOM170821123_S3_a50d17374f6e0bb3.jpg,SUSPECT,0.004460210632392625,"orientation ambiguë : 2e meilleur départ à 0.00446, proche du meilleur (0.00446, ratio 1.00)"
a517a873dc59d377,ATBI_GR5,11896162156294034295,data/crops/organized/organized_ATBI_GR5_P2_a517a873dc59d377.jpg,SUSPECT,0.004482653703877471,"orientation ambiguë : 2e meilleur départ à 0.00448, proche du meilleur (0.00448, ratio 1.00)"
a52612d36c67242a,ABAURA8238d,11900219764639212586,data/crops/organized/organized_ABAURA8238d_P1_a52612d36c67242a.jpg,SUSPECT,0.004395872922457373,"orientation ambiguë : 2e meilleur départ à 0.00440, proche du meilleur (0.00440, ratio 1.00)"
a52cf0884471d3c4,OPIE_Lapi_130720d,11902152383287907268,data/crops/organized/organized_OPIE_Lapi_130720d_P2_a52cf0884471d3c4.jpg,SUSPECT,0.0045642101416946594,"orientation ambiguë : 2e meilleur départ à 0.00456, proche du meilleur (0.00456, ratio 1.00)"
a57447fc28e276e7,2019.02080,11922233261899806439,data/crops/organized/organized_2019.02080_P1_a57447fc28e276e7.jpg,SUSPECT,0.004481681838456854,"orientation ambiguë : 2e meilleur départ à 0.00448, proche du meilleur (0.00448, ratio 1.00)"
a58207769fdaf7af,FR73ABOM200722019,11926102969299957679,data/crops/organized/organized_FR73ABOM200722019_S3_a58207769fdaf7af.jpg,SUSPECT,0.0047837063590844536,"orientation ambiguë : 2e meilleur départ à 0.00478, proche du meilleur (0.00478, ratio 1.00)"
a58eb71a7b44faa7,UBC-2014.0001,11929673787316173479,data/crops/organized/organized_UBC-2014.0001_S4_a58eb71a7b44faa7.jpg,SUSPECT,0.004655803205638794,"orientation ambiguë : 2e meilleur départ à 0.00466, proche du meilleur (0.00466, ratio 1.00)"
a59a95602e1ec7bf,POLLINIS5943,11933014402994718655,data/crops/organized/organized_POLLINIS5943_S1_a59a95602e1ec7bf.jpg,SUSPECT,0.0044127175631110465,"orientation ambiguë : 2e meilleur départ à 0.00441, proche du meilleur (0.00441, ratio 1.00)"
a5a08141d8f8816f,ABAURA8526b,11934681132344836463,data/crops/organized/organized_ABAURA8526b_P1_a5a08141d8f8816f.jpg,SUSPECT,0.004467430758370855,"orientation ambiguë : 2e meilleur départ à 0.00447, proche du meilleur (0.00447, ratio 1.00)"
a5b32e20306579e3,2020.00301,11939937752875104739,data/crops/organized/organized_2020.00301_S1_a5b32e20306579e3.jpg,SUSPECT,0.004481466574713665,"orientation ambiguë : 2e meilleur départ à 0.00448, proche du meilleur (0.00448, ratio 1.00)"
a5bd5d17bb56ba2c,POLLINIS5943,11942804143365077548,data/crops/organized/organized_POLLINIS5943_S2_a5bd5d17bb56ba2c.jpg,SUSPECT,0.004561710369625025,"orientation ambiguë : 2e meilleur départ à 0.00456, proche du meilleur (0.00456, ratio 1.00)"
a5bd6e4389bc9794,ABAURA8207f,11942823023209125780,data/crops/organized/organized_ABAURA8207f_P1_a5bd6e4389bc9794.jpg,SUSPECT,0.0046154130795574184,"orientation ambiguë : 2e meilleur départ à 0.00462, proche du meilleur (0.00462, ratio 1.00)"
a5cd04fc8693f00e,OPIE_Lapi_160720,11947210869119905806,data/crops/organized/organized_OPIE_Lapi_160720_S2_a5cd04fc8693f00e.jpg,SUSPECT,0.004692608129120965,"orientation ambiguë : 2e meilleur départ à 0.00469, proche du meilleur (0.00469, ratio 1.00)"
a5fc5955ee5779e7,FR73ABOM140722009,11960532935994997223,data/crops/organized/organized_FR73ABOM140722009_S3_a5fc5955ee5779e7.jpg,SUSPECT,0.004722549721751167,"orientation ambiguë : 2e meilleur départ à 0.00472, proche du meilleur (0.00472, ratio 1.00)"
a62ffa5578f1ad75,FR15_ABOM07082020082,11975065179209706869,data/crops/organized/organized_FR15_ABOM07082020082_S1_a62ffa5578f1ad75.jpg,SUSPECT,0.004494925362005693,"orientation ambiguë : 2e meilleur départ à 0.00449, proche du meilleur (0.00449, ratio 1.00)"
a635bd858282035a,ABAURA4928,11976687165179560794,data/crops/organized/organized_ABAURA4928_P1_a635bd858282035a.jpg,SUSPECT,0.0043488987966921085,"orientation ambiguë : 2e meilleur départ à 0.00435, proche du meilleur (0.00435, ratio 1.00)"
a641a660bcaa2d46,ABAURA8238,11980039418194570566,data/crops/organized/organized_ABAURA8238_P1_a641a660bcaa2d46.jpg,FAILED,inf,"17 landmarks, 18 attendus"
a64bdd62e848bbc3,ABAURA4923,11982914650422950851,data/crops/organized/organized_ABAURA4923_P1_a64bdd62e848bbc3.jpg,SUSPECT,0.0046622436140084135,"orientation ambiguë : 2e meilleur départ à 0.00466, proche du meilleur (0.00466, ratio 1.00)"
a64eadf5684b1cb5,ABAURA8207c,11983706928007814325,data/crops/organized/organized_ABAURA8207c_P2_a64eadf5684b1cb5.jpg,SUSPECT,0.004494009468469557,"orientation ambiguë : 2e meilleur départ à 0.00449, proche du meilleur (0.00449, ratio 1.00)"
a6585c61cce6467c,Polset_1,11986431983365801596,data/crops/organized/organized_Polset_1_S2_a6585c61cce6467c.jpg,SUSPECT,0.004520983609197591,"orientation ambiguë : 2e meilleur départ à 0.00452, proche du meilleur (0.00452, ratio 1.00)"
a65c4c21adf42227,ABAURA8207,11987540015689507367,data/crops/organized/organized_ABAURA8207_S3_a65c4c21adf42227.jpg,SUSPECT,0.004576551994452186,"orientation ambiguë : 2e meilleur départ à 0.00458, proche du meilleur (0.00458, ratio 1.00)"
a6659b7797b91746,ABAURA8599,11990160520892716870,data/crops/organized/organized_ABAURA8599_P1_a6659b7797b91746.jpg,SUSPECT,0.00425001504920622,"orientation ambiguë : 2e meilleur départ à 0.00425, proche du meilleur (0.00425, ratio 1.00)"
a66ea33d6b900690,OPPO.2021.03276,11992702341927143056,data/crops/organized/organized_OPPO.2021.03276_P1_a66ea33d6b900690.jpg,SUSPECT,0.004646966541419922,"orientation ambiguë : 2e meilleur départ à 0.00465, proche du meilleur (0.00465, ratio 1.00)"
a69b635b11615b73,ABAURA8233,12005298474470955891,data/crops/organized/organized_ABAURA8233_P1_a69b635b11615b73.jpg,SUSPECT,0.00475120959707312,"orientation ambiguë : 2e meilleur départ à 0.00475, proche du meilleur (0.00475, ratio 1.00)"
a6aa4b73a22affa9,CD388018d,12009494316350898089,data/crops/organized/organized_CD388018d_P2_a6aa4b73a22affa9.jpg,SUSPECT,0.004585584568942712,"orientation ambiguë : 2e meilleur départ à 0.00459, proche du meilleur (0.00459, ratio 1.00)"
a6ba65412016013f,CollecYvan6,12014026286349812031,data/crops/organized/organized_CollecYvan6_P2_a6ba65412016013f.jpg,SUSPECT,0.00465357010660733,"orientation ambiguë : 2e meilleur départ à 0.00465, proche du meilleur (0.00465, ratio 1.00)"
a6c65ae16dbe1bc4,ABAURA8885,12017392579940064196,data/crops/organized/organized_ABAURA8885_P2_a6c65ae16dbe1bc4.jpg,SUSPECT,0.004504968011239667,"orientation ambiguë : 2e meilleur départ à 0.00450, proche du meilleur (0.00450, ratio 1.00)"
a6d83ad4ee161880,FR15ABOM200821233,12022423891467442304,data/crops/organized/organized_FR15ABOM200821233_P1_a6d83ad4ee161880.jpg,SUSPECT,0.004380551022917508,"orientation ambiguë : 2e meilleur départ à 0.00438, proche du meilleur (0.00438, ratio 1.00)"
a71d6571ee8735ec,OPIE_Lapi_95C,12041892518666122732,data/crops/organized/organized_OPIE_Lapi_95C_S2_a71d6571ee8735ec.jpg,SUSPECT,0.004334465970617733,"orientation ambiguë : 2e meilleur départ à 0.00433, proche du meilleur (0.00433, ratio 1.00)"
a7259bcc3151c7a0,OPIE_Lapi_030803,12044204079775336352,data/crops/organized/organized_OPIE_Lapi_030803_P2_a7259bcc3151c7a0.jpg,SUSPECT,0.004394070732233524,"orientation ambiguë : 2e meilleur départ à 0.00439, proche du meilleur (0.00439, ratio 1.00)"
a73799bfe601db1a,N126,12049268377529735962,data/crops/organized/organized_N126_S4_a73799bfe601db1a.jpg,SUSPECT,0.004363880034497611,"orientation ambiguë : 2e meilleur départ à 0.00436, proche du meilleur (0.00436, ratio 1.00)"
a75aa265b54c237e,OPIE_Lapi_200720,12059129509954986878,data/crops/organized/organized_OPIE_Lapi_200720_S2_a75aa265b54c237e.jpg,SUSPECT,0.004563062121635131,"orientation ambiguë : 2e meilleur départ à 0.00456, proche du meilleur (0.00456, ratio 1.00)"
a77518aa13a1f31e,2013.0265,12066577895361999646,data/crops/organized/organized_2013.0265_S1_a77518aa13a1f31e.jpg,SUSPECT,0.004471136463078593,"orientation ambiguë : 2e meilleur départ à 0.00447, proche du meilleur (0.00447, ratio 1.00)"
a7bce4533155d45b,OPIE_Lapi_7B,12086786545916695643,data/crops/organized/organized_OPIE_Lapi_7B_P1_a7bce4533155d45b.jpg,SUSPECT,0.004613448580844462,"orientation ambiguë : 2e meilleur départ à 0.00461, proche du meilleur (0.00461, ratio 1.00)"
a7c2a22a87ea501c,CD388230,12088402653368438812,data/crops/organized/organized_CD388230_P1_a7c2a22a87ea501c.jpg,SUSPECT,0.004394374754061968,"orientation ambiguë : 2e meilleur départ à 0.00439, proche du meilleur (0.00439, ratio 1.00)"
a7cdafbe8e601533,CD388820,12091513807526958387,data/crops/organized/organized_CD388820_S1_a7cdafbe8e601533.jpg,SUSPECT,0.004525339006754297,"orientation ambiguë : 2e meilleur départ à 0.00453, proche du meilleur (0.00453, ratio 1.00)"
a7dc59e085bde4a4,CD388862b,12095641520061670564,data/crops/organized/organized_CD388862b_P2_a7dc59e085bde4a4.jpg,SUSPECT,0.004471825705148992,"orientation ambiguë : 2e meilleur départ à 0.00447, proche du meilleur (0.00447, ratio 1.00)"
a800566328e43059,OPIE_Lapi_B2b,12105770782259687513,data/crops/organized/organized_OPIE_Lapi_B2b_P1_a800566328e43059.jpg,SUSPECT,0.004820856139617384,"orientation ambiguë : 2e meilleur départ à 0.00482, proche du meilleur (0.00482, ratio 1.00)"
a818532739bff608,FR15ABOO0712002,12112522625750660616,data/crops/organized/organized_FR15ABOO0712002_S3_a818532739bff608.jpg,FAILED,inf,"17 landmarks, 18 attendus"
a852c24e755d52a3,NoName11,12128970388694454947,data/crops/organized/organized_NoName11_P2_a852c24e755d52a3.jpg,SUSPECT,0.004173788914636486,"orientation ambiguë : 2e meilleur départ à 0.00417, proche du meilleur (0.00417, ratio 1.00)"
a8993d3dd79c541d,FR04ABOM220722061,12148808805628269597,data/crops/organized/organized_FR04ABOM220722061_S3_a8993d3dd79c541d.jpg,SUSPECT,0.004338203135963582,"orientation ambiguë : 2e meilleur départ à 0.00434, proche du meilleur (0.00434, ratio 1.00)"
a8a020a2acc3ba05,OPIE_Lapi_130720b,12150747677700897285,data/crops/organized/organized_OPIE_Lapi_130720b_P1_a8a020a2acc3ba05.jpg,SUSPECT,0.004348661057720914,"orientation ambiguë : 2e meilleur départ à 0.00435, proche du meilleur (0.00435, ratio 1.00)"
a8b2fe8cceca2556,FR15ABOM210821119,12156058224944620886,data/crops/organized/organized_FR15ABOM210821119_P2_a8b2fe8cceca2556.jpg,SUSPECT,0.004149847711966016,"orientation ambiguë : 2e meilleur départ à 0.00415, proche du meilleur (0.00415, ratio 1.00)"
a8d8d4fe927814dd,15L2021-1740,12166708583185519837,data/crops/organized/organized_15L2021-1740_P2_a8d8d4fe927814dd.jpg,SUSPECT,0.004415238402449544,"orientation ambiguë : 2e meilleur départ à 0.00442, proche du meilleur (0.00442, ratio 1.00)"
a91894f8b63b78dc,CD388872c,12184652587781028060,data/crops/organized/organized_CD388872c_S3_a91894f8b63b78dc.jpg,SUSPECT,0.004325455600730422,"orientation ambiguë : 2e meilleur départ à 0.00433, proche du meilleur (0.00433, ratio 1.00)"
a919f6839275e4b4,POLLINIS5943,12185041311785936052,data/crops/organized/organized_POLLINIS5943_S3_a919f6839275e4b4.jpg,SUSPECT,0.0045141039263643205,"orientation ambiguë : 2e meilleur départ à 0.00451, proche du meilleur (0.00451, ratio 1.00)"
a953922f3309fcd6,FR15ABOM210821077,12201256546894216406,data/crops/organized/organized_FR15ABOM210821077_P1_a953922f3309fcd6.jpg,SUSPECT,0.004564213700473958,"orientation ambiguë : 2e meilleur départ à 0.00456, proche du meilleur (0.00456, ratio 1.00)"
a998bdf04bb95e96,CD387577b,12220726428630081174,data/crops/organized/organized_CD387577b_S2_a998bdf04bb95e96.jpg,SUSPECT,0.004589838555770111,"orientation ambiguë : 2e meilleur départ à 0.00459, proche du meilleur (0.00459, ratio 1.00)"
a9a9b23e406ff595,ABAURA8150,12225498643912717717,data/crops/organized/organized_ABAURA8150_S1_a9a9b23e406ff595.jpg,SUSPECT,0.00468412801322892,"orientation ambiguë : 2e meilleur départ à 0.00468, proche du meilleur (0.00468, ratio 1.00)"
a9b999d7cb3e0589,OPIE_Lapi_200703b,12229975415208150409,data/crops/organized/organized_OPIE_Lapi_200703b_S2_a9b999d7cb3e0589.jpg,SUSPECT,0.004782382954914444,"orientation ambiguë : 2e meilleur départ à 0.00478, proche du meilleur (0.00478, ratio 1.00)"
a9d61270a5b7b34f,FR15_ABOM09082020078,12237989312451818319,data/crops/organized/organized_FR15_ABOM09082020078_S2_a9d61270a5b7b34f.jpg,SUSPECT,0.004406795785303255,"orientation ambiguë : 2e meilleur départ à 0.00441, proche du meilleur (0.00441, ratio 1.00)"
a9fbc1c39b185f5a,AGR.2016.1415,12248596657429045082,data/crops/organized/organized_AGR.2016.1415_P2_a9fbc1c39b185f5a.jpg,SUSPECT,0.004855590396479462,"orientation ambiguë : 2e meilleur départ à 0.00486, proche du meilleur (0.00486, ratio 1.00)"
a9fd197cadb0ec89,CD388865b,12248974584798309513,data/crops/organized/organized_CD388865b_S2_a9fd197cadb0ec89.jpg,SUSPECT,0.004500298113336678,"orientation ambiguë : 2e meilleur départ à 0.00450, proche du meilleur (0.00450, ratio 1.00)"
aa086746f74bf285,FR73ABOM140722001,12252156340755755653,data/crops/organized/organized_FR73ABOM140722001_S3_aa086746f74bf285.jpg,SUSPECT,0.004422141917486647,"orientation ambiguë : 2e meilleur départ à 0.00442, proche du meilleur (0.00442, ratio 1.00)"
aa24b2f4754a0e6c,FR15ABOM210821177,12260120848618884716,data/crops/organized/organized_FR15ABOM210821177_S1_aa24b2f4754a0e6c.jpg,SUSPECT,0.004467371123921232,"orientation ambiguë : 2e meilleur départ à 0.00447, proche du meilleur (0.00447, ratio 1.00)"
aa26220e634f11a7,OPIE_Lapi_E7,12260524480753766823,data/crops/organized/organized_OPIE_Lapi_E7_P1_aa26220e634f11a7.jpg,SUSPECT,0.004380545075485178,"orientation ambiguë : 2e meilleur départ à 0.00438, proche du meilleur (0.00438, ratio 1.00)"
aa283ee0ecd0ba7d,ABAURA8238e,12261119121282873981,data/crops/organized/organized_ABAURA8238e_S1_aa283ee0ecd0ba7d.jpg,SUSPECT,0.004756871559785104,"orientation ambiguë : 2e meilleur départ à 0.00476, proche du meilleur (0.00476, ratio 1.00)"
aa30a0e8394d9bca,FR15_ABOM180720046,12263478704584104906,data/crops/organized/organized_FR15_ABOM180720046_P1_aa30a0e8394d9bca.jpg,SUSPECT,0.004408866146156065,"orientation ambiguë : 2e meilleur départ à 0.00441, proche du meilleur (0.00441, ratio 1.00)"
aa65e7e262732941,FR15ABOM150720008,12278474918595864897,data/crops/organized/organized_FR15ABOM150720008_P2_aa65e7e262732941.jpg,SUSPECT,0.004500029107144959,"orientation ambiguë : 2e meilleur départ à 0.00450, proche du meilleur (0.00450, ratio 1.00)"
aa6c1a4811c339da,CD388820b,12280219180770474458,data/crops/organized/organized_CD388820b_S2_aa6c1a4811c339da.jpg,SUSPECT,0.004375682372614875,"orientation ambiguë : 2e meilleur départ à 0.00438, proche du meilleur (0.00438, ratio 1.00)"
aa8564381c70d229,CD388623b,12287337350508368425,data/crops/organized/organized_CD388623b_S3_aa8564381c70d229.jpg,SUSPECT,0.004579343806987932,"orientation ambiguë : 2e meilleur départ à 0.00458, proche du meilleur (0.00458, ratio 1.00)"
aa8effcfa6d69ca6,FR73ABOM200722017,12290041700463058086,data/crops/organized/organized_FR73ABOM200722017_S3_aa8effcfa6d69ca6.jpg,SUSPECT,0.004530060042536179,"orientation ambiguë : 2e meilleur départ à 0.00453, proche du meilleur (0.00453, ratio 1.00)"
aabb095e47a2405e,FR73ABOM200722034,12302437107626033246,data/crops/organized/organized_FR73ABOM200722034_S3_aabb095e47a2405e.jpg,SUSPECT,0.004440989001296808,"orientation ambiguë : 2e meilleur départ à 0.00444, proche du meilleur (0.00444, ratio 1.00)"
ab00461f28cbe682,FR15_ABOM170820009,12321925680128059010,data/crops/organized/organized_FR15_ABOM170820009_S3_ab00461f28cbe682.jpg,SUSPECT,0.0047612373357701545,"orientation ambiguë : 2e meilleur départ à 0.00476, proche du meilleur (0.00476, ratio 1.00)"
ab0b70856094ed93,2020.06207,12325068523382828435,data/crops/organized/organized_2020.06207_S2_ab0b70856094ed93.jpg,SUSPECT,0.0044848631923744674,"orientation ambiguë : 2e meilleur départ à 0.00448, proche du meilleur (0.00448, ratio 1.00)"
ab35ad30818e2520,2007.0712,12336957178094953760,data/crops/organized/organized_2007.0712_P4_ab35ad30818e2520.jpg,FAILED,inf,"17 landmarks, 18 attendus"
ab7a7429409f984a,ABAURA8240c,12356316248171059274,data/crops/organized/organized_ABAURA8240c_S3_ab7a7429409f984a.jpg,SUSPECT,0.0047415760696430465,"orientation ambiguë : 2e meilleur départ à 0.00474, proche du meilleur (0.00474, ratio 1.00)"
abb23dfba901c3b3,ABAURA8239b,12372019277421724595,data/crops/organized/organized_ABAURA8239b_S3_abb23dfba901c3b3.jpg,SUSPECT,0.004588574823186089,"orientation ambiguë : 2e meilleur départ à 0.00459, proche du meilleur (0.00459, ratio 1.00)"
abd9704240eef228,CollecYvan22,12383052080291443240,data/crops/organized/organized_CollecYvan22_P1_abd9704240eef228.jpg,SUSPECT,0.004333559323208936,"orientation ambiguë : 2e meilleur départ à 0.00433, proche du meilleur (0.00433, ratio 1.00)"
abee8de6d5fa2ea9,CD388146,12388995647514750633,data/crops/organized/organized_CD388146_S3_abee8de6d5fa2ea9.jpg,SUSPECT,0.004391642265449875,"orientation ambiguë : 2e meilleur départ à 0.00439, proche du meilleur (0.00439, ratio 1.00)"
abf0eb1da221fd6a,ABAURA4926,12389661087402949994,data/crops/organized/organized_ABAURA4926_P1_abf0eb1da221fd6a.jpg,SUSPECT,0.0046220659031699736,"orientation ambiguë : 2e meilleur départ à 0.00462, proche du meilleur (0.00462, ratio 1.00)"
abf2e2b1172bf65b,FR73ABOM130722021,12390214775075501659,data/crops/organized/organized_FR73ABOM130722021_S1_abf2e2b1172bf65b.jpg,SUSPECT,0.0044453497150002816,"orientation ambiguë : 2e meilleur départ à 0.00445, proche du meilleur (0.00445, ratio 1.00)"
ac194a1ab663df2f,ABAURA8204,12401024527530975023,data/crops/organized/organized_ABAURA8204_P2_ac194a1ab663df2f.jpg,SUSPECT,0.0047763566283715725,"orientation ambiguë : 2e meilleur départ à 0.00478, proche du meilleur (0.00478, ratio 1.00)"
ac1fb62844a7f5f2,FR15ABOM200821233,12402832182868440562,data/crops/organized/organized_FR15ABOM200821233_S2_ac1fb62844a7f5f2.jpg,SUSPECT,0.004434657100405984,"orientation ambiguë : 2e meilleur départ à 0.00443, proche du meilleur (0.00443, ratio 1.00)"
ac3bafe628e5dfbc,FR15_ABOM25082020008,12410706601213026236,data/crops/organized/organized_FR15_ABOM25082020008_S1_ac3bafe628e5dfbc.jpg,SUSPECT,0.0045747250440491575,"orientation ambiguë : 2e meilleur départ à 0.00457, proche du meilleur (0.00457, ratio 1.00)"
ac5a63fcf531ca80,ABAURA5667,12419348860524153472,data/crops/organized/organized_ABAURA5667_P2_ac5a63fcf531ca80.jpg,SUSPECT,0.004758971499157321,"orientation ambiguë : 2e meilleur départ à 0.00476, proche du meilleur (0.00476, ratio 1.00)"
ac7563a9647b7a4d,15G2021-1826,12426948325985188429,data/crops/organized/organized_15G2021-1826_P2_ac7563a9647b7a4d.jpg,SUSPECT,0.004883956029908808,"orientation ambiguë : 2e meilleur départ à 0.00488, proche du meilleur (0.00488, ratio 1.00)"
acab86d21b3166ea,FR15ABOM210821211,12442186632498603754,data/crops/organized/organized_FR15ABOM210821211_P1_acab86d21b3166ea.jpg,SUSPECT,0.004548057049776736,"orientation ambiguë : 2e meilleur départ à 0.00455, proche du meilleur (0.00455, ratio 1.00)"
acaeb11e1e5799f9,ABAURA8526b,12443077563387451897,data/crops/organized/organized_ABAURA8526b_S1_acaeb11e1e5799f9.jpg,SUSPECT,0.004468478376294669,"orientation ambiguë : 2e meilleur départ à 0.00447, proche du meilleur (0.00447, ratio 1.00)"
accc07ae29205a0b,ABAURA8852b,12451335514368268811,data/crops/organized/organized_ABAURA8852b_S3_accc07ae29205a0b.jpg,FAILED,inf,"16 landmarks, 18 attendus"
acd73d01ede8c8aa,2020.00254,12454490373012113578,data/crops/organized/organized_2020.00254_P2_acd73d01ede8c8aa.jpg,SUSPECT,0.0043349323817882856,"orientation ambiguë : 2e meilleur départ à 0.00433, proche du meilleur (0.00433, ratio 1.00)"
acfb38156475ed28,POLLINIS4343,12464618058208898344,data/crops/organized/organized_POLLINIS4343_P1_acfb38156475ed28.jpg,SUSPECT,0.004655083156936626,"orientation ambiguë : 2e meilleur départ à 0.00466, proche du meilleur (0.00466, ratio 1.00)"
ad0a70f515725c1c,FR73ABOM130722002,12468902716257754140,data/crops/organized/organized_FR73ABOM130722002_P2_ad0a70f515725c1c.jpg,SUSPECT,0.0047870008988674774,"orientation ambiguë : 2e meilleur départ à 0.00479, proche du meilleur (0.00479, ratio 1.00)"
ad1d2950a08f413b,15L2021-1741,12474171969154007355,data/crops/organized/organized_15L2021-1741_P1_ad1d2950a08f413b.jpg,SUSPECT,0.004452055443834318,"orientation ambiguë : 2e meilleur départ à 0.00445, proche du meilleur (0.00445, ratio 1.00)"
ad239e16a09d89b2,FR15ABOM210821119,12475989212767553970,data/crops/organized/organized_FR15ABOM210821119_S1_ad239e16a09d89b2.jpg,SUSPECT,0.004121050424809949,"orientation ambiguë : 2e meilleur départ à 0.00412, proche du meilleur (0.00412, ratio 1.00)"
ad2e30f979c08a9d,FR15_ABOM30072020048,12478965465537874589,data/crops/organized/organized_FR15_ABOM30072020048_S1_ad2e30f979c08a9d.jpg,SUSPECT,0.004341128444691931,"orientation ambiguë : 2e meilleur départ à 0.00434, proche du meilleur (0.00434, ratio 1.00)"
ad318716c237f342,CD388235,12479904574237832002,data/crops/organized/organized_CD388235_S2_ad318716c237f342.jpg,SUSPECT,0.004542422248018175,"orientation ambiguë : 2e meilleur départ à 0.00454, proche du meilleur (0.00454, ratio 1.00)"
ad3e191f134ff6a4,D264515,12483442838376281764,data/crops/organized/organized_D264515_P2_ad3e191f134ff6a4.jpg,SUSPECT,0.0043508232252412625,"orientation ambiguë : 2e meilleur départ à 0.00435, proche du meilleur (0.00435, ratio 1.00)"
ad51770ff18588cc,CD388145b,12488894152035371212,data/crops/organized/organized_CD388145b_P2_ad51770ff18588cc.jpg,SUSPECT,0.004484653655053642,"orientation ambiguë : 2e meilleur départ à 0.00448, proche du meilleur (0.00448, ratio 1.00)"
ad520981536d487f,2020.03936,12489055167706908799,data/crops/organized/organized_2020.03936_S3_ad520981536d487f.jpg,SUSPECT,0.00471372360928409,"orientation ambiguë : 2e meilleur départ à 0.00471, proche du meilleur (0.00471, ratio 1.00)"
ad558dba47d9577d,CollecYvan9,12490044972790798205,data/crops/organized/organized_CollecYvan9_S1_ad558dba47d9577d.jpg,SUSPECT,0.00463001151984088,"orientation ambiguë : 2e meilleur départ à 0.00463, proche du meilleur (0.00463, ratio 1.00)"
ad592d0e9a691224,FR15_ABOM30072020044,12491064582232150564,data/crops/organized/organized_FR15_ABOM30072020044_P2_ad592d0e9a691224.jpg,SUSPECT,0.0045073779082671845,"orientation ambiguë : 2e meilleur départ à 0.00451, proche du meilleur (0.00451, ratio 1.00)"
ad73b8fcd9b9575f,OPIE_Lapi_B2,12498536787007330143,data/crops/organized/organized_OPIE_Lapi_B2_P2_ad73b8fcd9b9575f.jpg,SUSPECT,0.004600083361385727,"orientation ambiguë : 2e meilleur départ à 0.00460, proche du meilleur (0.00460, ratio 1.00)"
ad90b5c1e999da28,ABAURA7151,12506696009660357160,data/crops/organized/organized_ABAURA7151_S1_ad90b5c1e999da28.jpg,SUSPECT,0.004586009469706237,"orientation ambiguë : 2e meilleur départ à 0.00459, proche du meilleur (0.00459, ratio 1.00)"
ada814e1afe744be,FR15ABOM200722064,12513274524200289470,data/crops/organized/organized_FR15ABOM200722064_S1_ada814e1afe744be.jpg,SUSPECT,0.0042289335343953915,"orientation ambiguë : 2e meilleur départ à 0.00423, proche du meilleur (0.00423, ratio 1.00)"
adb66c80f0e1edc5,ABAURA8203,12517311515375824325,data/crops/organized/organized_ABAURA8203_S3_adb66c80f0e1edc5.jpg,SUSPECT,0.004406573115741315,"orientation ambiguë : 2e meilleur départ à 0.00441, proche du meilleur (0.00441, ratio 1.00)"
adc9375a1f881f83,ABAURA8204,12522601099095973763,data/crops/organized/organized_ABAURA8204_P1_adc9375a1f881f83.jpg,SUSPECT,0.004709700129664973,"orientation ambiguë : 2e meilleur départ à 0.00471, proche du meilleur (0.00471, ratio 1.00)"
add0428a3fef3553,FR15ABOM220821085,12524583725262910803,data/crops/organized/organized_FR15ABOM220821085_P1_add0428a3fef3553.jpg,SUSPECT,0.004680548913941387,"orientation ambiguë : 2e meilleur départ à 0.00468, proche du meilleur (0.00468, ratio 1.00)"
adf505200fc1c2fe,FR73ABOM200722018,12534930773117092606,data/crops/organized/organized_FR73ABOM200722018_P1_adf505200fc1c2fe.jpg,SUSPECT,0.004581238709465539,"orientation ambiguë : 2e meilleur départ à 0.00458, proche du meilleur (0.00458, ratio 1.00)"
ae0a4faedcfbfb4b,15G2021-1200,12540923724816972619,data/crops/organized/organized_15G2021-1200_P1_ae0a4faedcfbfb4b.jpg,SUSPECT,0.004245649998755128,"orientation ambiguë : 2e meilleur départ à 0.00425, proche du meilleur (0.00425, ratio 1.00)"
ae3fa188fcbf9e72,FR15_ABOM30072020042,12555931895860272754,data/crops/organized/organized_FR15_ABOM30072020042_S2_ae3fa188fcbf9e72.jpg,SUSPECT,0.004539078647382543,"orientation ambiguë : 2e meilleur départ à 0.00454, proche du meilleur (0.00454, ratio 1.00)"
ae416babefc8e513,FR15_ABOM25082020008,12556435622292153619,data/crops/organized/organized_FR15_ABOM25082020008_S3_ae416babefc8e513.jpg,SUSPECT,0.004459689628864125,"orientation ambiguë : 2e meilleur départ à 0.00446, proche du meilleur (0.00446, ratio 1.00)"
ae5ef7109dd5e766,CD388821b,12564751661149841254,data/crops/organized/organized_CD388821b_P1_ae5ef7109dd5e766.jpg,SUSPECT,0.004813676736877991,"orientation ambiguë : 2e meilleur départ à 0.00481, proche du meilleur (0.00481, ratio 1.00)"
ae8db4cf8e0f2c5a,ABAURA8852,12577908137850252378,data/crops/organized/organized_ABAURA8852_P1_ae8db4cf8e0f2c5a.jpg,SUSPECT,0.004475306591724538,"orientation ambiguë : 2e meilleur départ à 0.00448, proche du meilleur (0.00448, ratio 1.00)"
af0c75d9759875f5,FR15ABOM150820018,12613586233199195637,data/crops/organized/organized_FR15ABOM150820018_S3_af0c75d9759875f5.jpg,SUSPECT,0.004613059552108753,"orientation ambiguë : 2e meilleur départ à 0.00461, proche du meilleur (0.00461, ratio 1.00)"
af51baca5fd9310d,FR73ABOM140722015,12633083808105181453,data/crops/organized/organized_FR73ABOM140722015_S3_af51baca5fd9310d.jpg,SUSPECT,0.00472579371898785,"orientation ambiguë : 2e meilleur départ à 0.00473, proche du meilleur (0.00473, ratio 1.00)"
af52c73be65231d0,Znieff_galibier,12633378964808806864,data/crops/organized/organized_Znieff_galibier_S1_af52c73be65231d0.jpg,SUSPECT,0.004521691097796475,"orientation ambiguë : 2e meilleur départ à 0.00452, proche du meilleur (0.00452, ratio 1.00)"
af53070f1d1e2e76,OPIE_Lapi_200703,12633449141198794358,data/crops/organized/organized_OPIE_Lapi_200703_P1_af53070f1d1e2e76.jpg,SUSPECT,0.004440514280326309,"orientation ambiguë : 2e meilleur départ à 0.00444, proche du meilleur (0.00444, ratio 1.00)"
af594501a5a54151,ABAURA8150c,12635206102940991825,data/crops/organized/organized_ABAURA8150c_S1_af594501a5a54151.jpg,SUSPECT,0.004704768277678153,"orientation ambiguë : 2e meilleur départ à 0.00470, proche du meilleur (0.00470, ratio 1.00)"
af704f1e04ae6f49,FR15ABOM200821035,12641691144375136073,data/crops/organized/organized_FR15ABOM200821035_S3_af704f1e04ae6f49.jpg,SUSPECT,0.004414841748192567,"orientation ambiguë : 2e meilleur départ à 0.00441, proche du meilleur (0.00441, ratio 1.00)"
af953dd081b05806,FR15ABOM210822016,12652086693905586182,data/crops/organized/organized_FR15ABOM210822016_P2_af953dd081b05806.jpg,SUSPECT,0.0045944494037773505,"orientation ambiguë : 2e meilleur départ à 0.00459, proche du meilleur (0.00459, ratio 1.00)"
af9a99193d291b68,2019.02059,12653594436730166120,data/crops/organized/organized_2019.02059_S1_af9a99193d291b68.jpg,SUSPECT,0.004483883431313162,"orientation ambiguë : 2e meilleur départ à 0.00448, proche du meilleur (0.00448, ratio 1.00)"
afa2733ef2d3d17d,ABAURA8150b,12655804617063649661,data/crops/organized/organized_ABAURA8150b_P1_afa2733ef2d3d17d.jpg,SUSPECT,0.00476469985757168,"orientation ambiguë : 2e meilleur départ à 0.00476, proche du meilleur (0.00476, ratio 1.00)"
afa89e2955baed81,FR15ABOM150720008,12657540653093940609,data/crops/organized/organized_FR15ABOM150720008_P1_afa89e2955baed81.jpg,SUSPECT,0.0044173415338303,"orientation ambiguë : 2e meilleur départ à 0.00442, proche du meilleur (0.00442, ratio 1.00)"
afd81c695769beae,OPIE_Lapi_E7,12670908790370582190,data/crops/organized/organized_OPIE_Lapi_E7_S3_afd81c695769beae.jpg,SUSPECT,0.004355777963946351,"orientation ambiguë : 2e meilleur départ à 0.00436, proche du meilleur (0.00436, ratio 1.00)"
b0010d584c842e07,2019.02080,12682432698544041479,data/crops/organized/organized_2019.02080_S1_b0010d584c842e07.jpg,SUSPECT,0.00444599607726134,"orientation ambiguë : 2e meilleur départ à 0.00445, proche du meilleur (0.00445, ratio 1.00)"
b048841b3bd41b97,CollecYvan14,12702548001501223831,data/crops/organized/organized_CollecYvan14_P1_b048841b3bd41b97.jpg,SUSPECT,0.004653489113558709,"orientation ambiguë : 2e meilleur départ à 0.00465, proche du meilleur (0.00465, ratio 1.00)"
b0527ca4dcd08ca4,VAN-2019.00787,12705354546286726308,data/crops/organized/organized_VAN-2019.00787_P1_b0527ca4dcd08ca4.jpg,SUSPECT,0.006972141196458424,"orientation ambiguë : 2e meilleur départ à 0.00697, proche du meilleur (0.00697, ratio 1.00)"
b0590b9dd80c95f9,FR15ABOM220821085,12707200596165039609,data/crops/organized/organized_FR15ABOM220821085_P2_b0590b9dd80c95f9.jpg,SUSPECT,0.004558271041173045,"orientation ambiguë : 2e meilleur départ à 0.00456, proche du meilleur (0.00456, ratio 1.00)"
b076f0ec0391bb40,FR15_ABOM30072020048,12715615494390004544,data/crops/organized/organized_FR15_ABOM30072020048_S3_b076f0ec0391bb40.jpg,SUSPECT,0.004324896358207073,"orientation ambiguë : 2e meilleur départ à 0.00432, proche du meilleur (0.00432, ratio 1.00)"
b09e1cc58aabbe31,AGR.2016.1415,12726641231756246577,data/crops/organized/organized_AGR.2016.1415_S1_b09e1cc58aabbe31.jpg,SUSPECT,0.004565265782767729,"orientation ambiguë : 2e meilleur départ à 0.00457, proche du meilleur (0.00457, ratio 1.00)"
b0a9699b3a4fd629,FR15ABOM200821126,12729821937158575657,data/crops/organized/organized_FR15ABOM200821126_S3_b0a9699b3a4fd629.jpg,SUSPECT,0.004382678747735196,"orientation ambiguë : 2e meilleur départ à 0.00438, proche du meilleur (0.00438, ratio 1.00)"
b0b84be5e5ff10f5,2020.04044,12734011397168369909,data/crops/organized/organized_2020.04044_P2_b0b84be5e5ff10f5.jpg,SUSPECT,0.004561203256120594,"orientation ambiguë : 2e meilleur départ à 0.00456, proche du meilleur (0.00456, ratio 1.00)"
b0cefafce23ddc9e,NoName7,12740396359912119454,data/crops/organized/organized_NoName7_P1_b0cefafce23ddc9e.jpg,SUSPECT,0.004507544614035099,"orientation ambiguë : 2e meilleur départ à 0.00451, proche du meilleur (0.00451, ratio 1.00)"
b0e3c0777ebbaf8b,VAN-2019.00795,12746242989848506251,data/crops/organized/organized_VAN-2019.00795_S1_b0e3c0777ebbaf8b.jpg,SUSPECT,0.004621073848817445,"orientation ambiguë : 2e meilleur départ à 0.00462, proche du meilleur (0.00462, ratio 1.00)"
b115856f01ed597c,FR15_STPONCY300921024,12760251831044364668,data/crops/organized/organized_FR15_STPONCY300921024_S1_b115856f01ed597c.jpg,SUSPECT,0.004426980111686092,"orientation ambiguë : 2e meilleur départ à 0.00443, proche du meilleur (0.00443, ratio 1.00)"
b14ceacedf04ca26,1036L,12775844417169050150,data/crops/organized/organized_1036L_P1_b14ceacedf04ca26.jpg,SUSPECT,0.007971980338016854,"orientation ambiguë : 2e meilleur départ à 0.00797, proche du meilleur (0.00797, ratio 1.00)"
b173552344e35238,2020.00410,12786657377002934840,data/crops/organized/organized_2020.00410_S1_b173552344e35238.jpg,SUSPECT,0.00452130107075543,"orientation ambiguë : 2e meilleur départ à 0.00452, proche du meilleur (0.00452, ratio 1.00)"
b18a5fabbbe15b3d,FR04ABOM220722054,12793142882695469885,data/crops/organized/organized_FR04ABOM220722054_S3_b18a5fabbbe15b3d.jpg,SUSPECT,0.0045738856665733345,"orientation ambiguë : 2e meilleur départ à 0.00457, proche du meilleur (0.00457, ratio 1.00)"
b1a60222c3ae610f,CD388865e,12800921339182342415,data/crops/organized/organized_CD388865e_P1_b1a60222c3ae610f.jpg,SUSPECT,0.004781088320321199,"orientation ambiguë : 2e meilleur départ à 0.00478, proche du meilleur (0.00478, ratio 1.00)"
b1b45ef3169ed3a2,FR15_ABOM07082020062,12804964038670734242,data/crops/organized/organized_FR15_ABOM07082020062_S1_b1b45ef3169ed3a2.jpg,SUSPECT,0.004442087765619573,"orientation ambiguë : 2e meilleur départ à 0.00444, proche du meilleur (0.00444, ratio 1.00)"
b1d472499048fc46,FR73ABOM120722028,12813992500054785094,data/crops/organized/organized_FR73ABOM120722028_P2_b1d472499048fc46.jpg,SUSPECT,0.004514653600970459,"orientation ambiguë : 2e meilleur départ à 0.00451, proche du meilleur (0.00451, ratio 1.00)"
b1f09ac7b47d14dc,OPIE_Lapi_030803b,12821918321641067740,data/crops/organized/organized_OPIE_Lapi_030803b_P1_b1f09ac7b47d14dc.jpg,SUSPECT,0.004456526273176636,"orientation ambiguë : 2e meilleur départ à 0.00446, proche du meilleur (0.00446, ratio 1.00)"
b21d7413fe716230,FR73ABOM130722020,12834542142297825840,data/crops/organized/organized_FR73ABOM130722020_S1_b21d7413fe716230.jpg,SUSPECT,0.004615519113126668,"orientation ambiguë : 2e meilleur départ à 0.00462, proche du meilleur (0.00462, ratio 1.00)"
b24425a01ac4752d,NoName3,12845433406741574957,data/crops/organized/organized_NoName3_S3_b24425a01ac4752d.jpg,SUSPECT,0.004423409097627265,"orientation ambiguë : 2e meilleur départ à 0.00442, proche du meilleur (0.00442, ratio 1.00)"
b2513a410f9c7db4,FR15ABOM210821165,12849115262973935028,data/crops/organized/organized_FR15ABOM210821165_P1_b2513a410f9c7db4.jpg,SUSPECT,0.0046694514858454375,"orientation ambiguë : 2e meilleur départ à 0.00467, proche du meilleur (0.00467, ratio 1.00)"
b26360d7d76cd750,FR15ABOM170821115,12854224241593997136,data/crops/organized/organized_FR15ABOM170821115_S1_b26360d7d76cd750.jpg,SUSPECT,0.004637683954360916,"orientation ambiguë : 2e meilleur départ à 0.00464, proche du meilleur (0.00464, ratio 1.00)"
b28607ff238b7f2a,OPIE_Lapi_180702,12863978178024800042,data/crops/organized/organized_OPIE_Lapi_180702_S1_b28607ff238b7f2a.jpg,FAILED,inf,"17 landmarks, 18 attendus"
b29262d2a56bb7b3,CEN187839,12867455742208882611,data/crops/organized/organized_CEN187839_S2_b29262d2a56bb7b3.jpg,SUSPECT,0.0044987843113211,"orientation ambiguë : 2e meilleur départ à 0.00450, proche du meilleur (0.00450, ratio 1.00)"
b2bf19ff2c5c304f,ABAURA8747,12880042043054501967,data/crops/organized/organized_ABAURA8747_P1_b2bf19ff2c5c304f.jpg,SUSPECT,0.004611195440073617,"orientation ambiguë : 2e meilleur départ à 0.00461, proche du meilleur (0.00461, ratio 1.00)"
b2c6f6d09fcc571d,UBC-2014.0001,12882255160034481949,data/crops/organized/organized_UBC-2014.0001_P5_b2c6f6d09fcc571d.jpg,FAILED,inf,"10 landmarks, 18 attendus"
b2d994acde47d2b4,FR15ABOM200821215,12887495278881919668,data/crops/organized/organized_FR15ABOM200821215_P1_b2d994acde47d2b4.jpg,SUSPECT,0.004308538901203014,"orientation ambiguë : 2e meilleur départ à 0.00431, proche du meilleur (0.00431, ratio 1.00)"
b2de2c7ccd527926,CD388821d,12888788098113239334,data/crops/organized/organized_CD388821d_S3_b2de2c7ccd527926.jpg,SUSPECT,0.0045777777279210246,"orientation ambiguë : 2e meilleur départ à 0.00458, proche du meilleur (0.00458, ratio 1.00)"
b31b53788a925fa4,ABAURA4915,12906000934346317732,data/crops/organized/organized_ABAURA4915_P1_b31b53788a925fa4.jpg,SUSPECT,0.00457039626645777,"orientation ambiguë : 2e meilleur départ à 0.00457, proche du meilleur (0.00457, ratio 1.00)"
b31baa711c2715fa,UBC-2014.0001,12906096559940638202,data/crops/organized/organized_UBC-2014.0001_P1_b31baa711c2715fa.jpg,SUSPECT,0.0070659330410994025,"orientation ambiguë : 2e meilleur départ à 0.00707, proche du meilleur (0.00707, ratio 1.00)"
b348c135fedcce35,CD388230b,12918787968765578805,data/crops/organized/organized_CD388230b_S1_b348c135fedcce35.jpg,SUSPECT,0.004625510106870649,"orientation ambiguë : 2e meilleur départ à 0.00463, proche du meilleur (0.00463, ratio 1.00)"
b3639caf3ddf3dca,FR73ABOM120722002,12926347631954705866,data/crops/organized/organized_FR73ABOM120722002_P1_b3639caf3ddf3dca.jpg,SUSPECT,0.0048773277670251,"orientation ambiguë : 2e meilleur départ à 0.00488, proche du meilleur (0.00488, ratio 1.00)"
b36e85dffb324b72,CD388230b,12929418777265851250,data/crops/organized/organized_CD388230b_P2_b36e85dffb324b72.jpg,SUSPECT,0.004695952349368087,"orientation ambiguë : 2e meilleur départ à 0.00470, proche du meilleur (0.00470, ratio 1.00)"
b394d9be53634009,FR04ABOM220722050,12940207040808304649,data/crops/organized/organized_FR04ABOM220722050_S1_b394d9be53634009.jpg,SUSPECT,0.004683877618419676,"orientation ambiguë : 2e meilleur départ à 0.00468, proche du meilleur (0.00468, ratio 1.00)"
b3a202449bf79bae,CollecYvan5,12943910772713954222,data/crops/organized/organized_CollecYvan5_S2_b3a202449bf79bae.jpg,SUSPECT,0.0043450275383436245,"orientation ambiguë : 2e meilleur départ à 0.00435, proche du meilleur (0.00435, ratio 1.00)"
b3a872612ca6be22,N628,12945722890563010082,data/crops/organized/organized_N628_S1_b3a872612ca6be22.jpg,SUSPECT,0.008248591352607405,"orientation ambiguë : 2e meilleur départ à 0.00825, proche du meilleur (0.00825, ratio 1.00)"
b3cbefe700b993ab,FR04ABOM220722051,12955712528490009515,data/crops/organized/organized_FR04ABOM220722051_S3_b3cbefe700b993ab.jpg,SUSPECT,0.00442245465288064,"orientation ambiguë : 2e meilleur départ à 0.00442, proche du meilleur (0.00442, ratio 1.00)"
b3ced48ac9b21982,FR15ABOM210822015,12956526870545963394,data/crops/organized/organized_FR15ABOM210822015_S2_b3ced48ac9b21982.jpg,SUSPECT,0.0043999947782492515,"orientation ambiguë : 2e meilleur départ à 0.00440, proche du meilleur (0.00440, ratio 1.00)"
b409c978a3e3c8c8,CD388860b,12973121721600297160,data/crops/organized/organized_CD388860b_S1_b409c978a3e3c8c8.jpg,SUSPECT,0.004669097441775256,"orientation ambiguë : 2e meilleur départ à 0.00467, proche du meilleur (0.00467, ratio 1.00)"
b4153f68602097af,NoName4,12976347618859849647,data/crops/organized/organized_NoName4_P1_b4153f68602097af.jpg,SUSPECT,0.0045330222872918755,"orientation ambiguë : 2e meilleur départ à 0.00453, proche du meilleur (0.00453, ratio 1.00)"
b43998a1a69b6a88,ABAURA7155,12986578820551895688,data/crops/organized/organized_ABAURA7155_S1_b43998a1a69b6a88.jpg,SUSPECT,0.004540959505868801,"orientation ambiguë : 2e meilleur départ à 0.00454, proche du meilleur (0.00454, ratio 1.00)"
b47514a8c6b20da2,FR73ABOM200722031,13003322214222794146,data/crops/organized/organized_FR73ABOM200722031_S1_b47514a8c6b20da2.jpg,SUSPECT,0.004304309294465158,"orientation ambiguë : 2e meilleur départ à 0.00430, proche du meilleur (0.00430, ratio 1.00)"
b47f90c600550ac5,CD388821e,13006273428952779461,data/crops/organized/organized_CD388821e_P1_b47f90c600550ac5.jpg,SUSPECT,0.004711905899695523,"orientation ambiguë : 2e meilleur départ à 0.00471, proche du meilleur (0.00471, ratio 1.00)"
b482aa691b4451d8,FR74ABOM160722015,13007146042205163992,data/crops/organized/organized_FR74ABOM160722015_P1_b482aa691b4451d8.jpg,SUSPECT,0.004639303765697015,"orientation ambiguë : 2e meilleur départ à 0.00464, proche du meilleur (0.00464, ratio 1.00)"
b489aebac5709daf,FR15ABOM210821100,13009121115836030383,data/crops/organized/organized_FR15ABOM210821100_P2_b489aebac5709daf.jpg,SUSPECT,0.004307168219289826,"orientation ambiguë : 2e meilleur départ à 0.00431, proche du meilleur (0.00431, ratio 1.00)"
b48d1148e6e417f3,2020.00377,13010073903352256499,data/crops/organized/organized_2020.00377_S3_b48d1148e6e417f3.jpg,SUSPECT,0.004595565619988393,"orientation ambiguë : 2e meilleur départ à 0.00460, proche du meilleur (0.00460, ratio 1.00)"
b49237f379b6e71b,ABB-2020.00038,13011523792285394715,data/crops/organized/organized_ABB-2020.00038_P2_b49237f379b6e71b.jpg,SUSPECT,0.004376010969097813,"orientation ambiguë : 2e meilleur départ à 0.00438, proche du meilleur (0.00438, ratio 1.00)"
b49fab31a0cee8ab,ABAURA8239c,13015309677763684523,data/crops/organized/organized_ABAURA8239c_P2_b49fab31a0cee8ab.jpg,SUSPECT,0.0045417872677992405,"orientation ambiguë : 2e meilleur départ à 0.00454, proche du meilleur (0.00454, ratio 1.00)"
b4b03aeb42a3a7ed,FR15_STPONCY300921002,13019971304837851117,data/crops/organized/organized_FR15_STPONCY300921002_P1_b4b03aeb42a3a7ed.jpg,SUSPECT,0.004643246378355399,"orientation ambiguë : 2e meilleur départ à 0.00464, proche du meilleur (0.00464, ratio 1.00)"
b4f815422fc6b120,FR04ABOM220722060,13040196095064846624,data/crops/organized/organized_FR04ABOM220722060_S2_b4f815422fc6b120.jpg,SUSPECT,0.004184632993282551,"orientation ambiguë : 2e meilleur départ à 0.00418, proche du meilleur (0.00418, ratio 1.00)"
b51749255714e750,FR73ABOM200722019,13048978870052906832,data/crops/organized/organized_FR73ABOM200722019_S1_b51749255714e750.jpg,SUSPECT,0.004704494550107265,"orientation ambiguë : 2e meilleur départ à 0.00470, proche du meilleur (0.00470, ratio 1.00)"
b51b3f16fdbd49db,FR73ABOM130722003,13050093713215015387,data/crops/organized/organized_FR73ABOM130722003_P2_b51b3f16fdbd49db.jpg,SUSPECT,0.0045747137018510185,"orientation ambiguë : 2e meilleur départ à 0.00457, proche du meilleur (0.00457, ratio 1.00)"
b51d38d591e83924,CD388235b,13050649785116670244,data/crops/organized/organized_CD388235b_P2_b51d38d591e83924.jpg,SUSPECT,0.004726023340138801,"orientation ambiguë : 2e meilleur départ à 0.00473, proche du meilleur (0.00473, ratio 1.00)"
b53e94705dccb204,FR73ABOM130722009,13060039179751961092,data/crops/organized/organized_FR73ABOM130722009_S2_b53e94705dccb204.jpg,SUSPECT,0.004558686479120155,"orientation ambiguë : 2e meilleur départ à 0.00456, proche du meilleur (0.00456, ratio 1.00)"
b541e76648a89959,FR73ABOM200722019,13060974820842838361,data/crops/organized/organized_FR73ABOM200722019_S2_b541e76648a89959.jpg,SUSPECT,0.004711191539292198,"orientation ambiguë : 2e meilleur départ à 0.00471, proche du meilleur (0.00471, ratio 1.00)"
b5528e2359cc9f52,FR73ABOM130722066,13065661751436812114,data/crops/organized/organized_FR73ABOM130722066_S2_b5528e2359cc9f52.jpg,SUSPECT,0.004835977297068016,"orientation ambiguë : 2e meilleur départ à 0.00484, proche du meilleur (0.00484, ratio 1.00)"
b568c7683d409561,15L2021-1420,13071917168961033569,data/crops/organized/organized_15L2021-1420_S3_b568c7683d409561.jpg,SUSPECT,0.004562378179439632,"orientation ambiguë : 2e meilleur départ à 0.00456, proche du meilleur (0.00456, ratio 1.00)"
b56bbf4bf41aa84c,FR15ABOM220821084,13072752676311836748,data/crops/organized/organized_FR15ABOM220821084_S3_b56bbf4bf41aa84c.jpg,SUSPECT,0.00476153060392371,"orientation ambiguë : 2e meilleur départ à 0.00476, proche du meilleur (0.00476, ratio 1.00)"
b56dda2bd6a51390,FR15ABOM200821202,13073345175146009488,data/crops/organized/organized_FR15ABOM200821202_S2_b56dda2bd6a51390.jpg,SUSPECT,0.0042648670858992065,"orientation ambiguë : 2e meilleur départ à 0.00426, proche du meilleur (0.00426, ratio 1.00)"
b580a9de73826672,ABAURA5593,13078640090769679986,data/crops/organized/organized_ABAURA5593_S3_b580a9de73826672.jpg,SUSPECT,0.0046834247078816225,"orientation ambiguë : 2e meilleur départ à 0.00468, proche du meilleur (0.00468, ratio 1.00)"
b5a331cd7cb00006,FR05ABOM220722026,13088359700698759174,data/crops/organized/organized_FR05ABOM220722026_P1_b5a331cd7cb00006.jpg,SUSPECT,0.004610196852318931,"orientation ambiguë : 2e meilleur départ à 0.00461, proche du meilleur (0.00461, ratio 1.00)"
b5dc44bba161ab16,FR15_ABOM180720048,13104424588398406422,data/crops/organized/organized_FR15_ABOM180720048_S3_b5dc44bba161ab16.jpg,SUSPECT,0.004373147407004001,"orientation ambiguë : 2e meilleur départ à 0.00437, proche du meilleur (0.00437, ratio 1.00)"
b5dd9ab0cefcbd9a,POLLINIS4384,13104800574895603098,data/crops/organized/organized_POLLINIS4384_P1_b5dd9ab0cefcbd9a.jpg,SUSPECT,0.0043266382259147034,"orientation ambiguë : 2e meilleur départ à 0.00433, proche du meilleur (0.00433, ratio 1.00)"
b5e4c149fa617986,POLLINIS4982,13106813339032451462,data/crops/organized/organized_POLLINIS4982_S1_b5e4c149fa617986.jpg,FAILED,inf,"15 landmarks, 18 attendus"
b61e1fcc8be43cf8,ABAURA8205,13122961327584984312,data/crops/organized/organized_ABAURA8205_P2_b61e1fcc8be43cf8.jpg,SUSPECT,0.004341123700950012,"orientation ambiguë : 2e meilleur départ à 0.00434, proche du meilleur (0.00434, ratio 1.00)"
b6360f3d33317ed6,ABAURA8595,13129698519171563222,data/crops/organized/organized_ABAURA8595_S1_b6360f3d33317ed6.jpg,SUSPECT,0.0045116671453356945,"orientation ambiguë : 2e meilleur départ à 0.00451, proche du meilleur (0.00451, ratio 1.00)"
b64713e7eb15f543,OPIE_Lapi_240620b,13134488725051798851,data/crops/organized/organized_OPIE_Lapi_240620b_S2_b64713e7eb15f543.jpg,SUSPECT,0.004532516812860164,"orientation ambiguë : 2e meilleur départ à 0.00453, proche du meilleur (0.00453, ratio 1.00)"
b65c91f3f7307c39,ABAURA5667,13140538289770495033,data/crops/organized/organized_ABAURA5667_P1_b65c91f3f7307c39.jpg,SUSPECT,0.004659551475949859,"orientation ambiguë : 2e meilleur départ à 0.00466, proche du meilleur (0.00466, ratio 1.00)"
b69393df4a2f1e56,CD388229b,13156021523710942806,data/crops/organized/organized_CD388229b_S3_b69393df4a2f1e56.jpg,SUSPECT,0.004733405060060066,"orientation ambiguë : 2e meilleur départ à 0.00473, proche du meilleur (0.00473, ratio 1.00)"
b69e57f82c10c174,ABB-2020.00032,13159051884625969524,data/crops/organized/organized_ABB-2020.00032_S2_b69e57f82c10c174.jpg,SUSPECT,0.00435452559963122,"orientation ambiguë : 2e meilleur départ à 0.00435, proche du meilleur (0.00435, ratio 1.00)"
b6a865f33d139e07,ABAURA7151,13161882006366428679,data/crops/organized/organized_ABAURA7151_P2_b6a865f33d139e07.jpg,SUSPECT,0.004622999761000456,"orientation ambiguë : 2e meilleur départ à 0.00462, proche du meilleur (0.00462, ratio 1.00)"
b6c44c5ea73c1d71,FR15ABOM210822014,13169735179754544497,data/crops/organized/organized_FR15ABOM210822014_P1_b6c44c5ea73c1d71.jpg,SUSPECT,0.004257899081784718,"orientation ambiguë : 2e meilleur départ à 0.00426, proche du meilleur (0.00426, ratio 1.00)"
b6d7d7413769fec2,FR15ABOM200722066,13175235909998214850,data/crops/organized/organized_FR15ABOM200722066_P2_b6d7d7413769fec2.jpg,SUSPECT,0.004113086605129366,"orientation ambiguë : 2e meilleur départ à 0.00411, proche du meilleur (0.00411, ratio 1.00)"
b6e4e2744bf9569d,FR04ABOM220722087,13178907398711629469,data/crops/organized/organized_FR04ABOM220722087_S3_b6e4e2744bf9569d.jpg,SUSPECT,0.004787237063229726,"orientation ambiguë : 2e meilleur départ à 0.00479, proche du meilleur (0.00479, ratio 1.00)"
b6eb1be01ecb5cc2,FR73ABOM120722072,13180659383833156802,data/crops/organized/organized_FR73ABOM120722072_P2_b6eb1be01ecb5cc2.jpg,SUSPECT,0.004523069011784489,"orientation ambiguë : 2e meilleur départ à 0.00452, proche du meilleur (0.00452, ratio 1.00)"
b710721f6a29fdfc,FR73ABOM120722118,13191168787818872316,data/crops/organized/organized_FR73ABOM120722118_P1_b710721f6a29fdfc.jpg,SUSPECT,0.00480672921627413,"orientation ambiguë : 2e meilleur départ à 0.00481, proche du meilleur (0.00481, ratio 1.00)"
b71a34c1d6a9afa0,OPIE_Lapi_A1b,13193916065470066592,data/crops/organized/organized_OPIE_Lapi_A1b_S1_b71a34c1d6a9afa0.jpg,SUSPECT,0.004386527446998854,"orientation ambiguë : 2e meilleur départ à 0.00439, proche du meilleur (0.00439, ratio 1.00)"
b72e529a2adbb0ed,VAN-2019.00788,13199578379966984429,data/crops/organized/organized_VAN-2019.00788_S2_b72e529a2adbb0ed.jpg,SUSPECT,0.004460943961708485,"orientation ambiguë : 2e meilleur départ à 0.00446, proche du meilleur (0.00446, ratio 1.00)"
b733c003154a6c7e,CEN187839,13201106052227689598,data/crops/organized/organized_CEN187839_S3_b733c003154a6c7e.jpg,SUSPECT,0.004626187701457596,"orientation ambiguë : 2e meilleur départ à 0.00463, proche du meilleur (0.00463, ratio 1.00)"
b734ebcd26f5afbd,NoName15,13201435674084224957,data/crops/organized/organized_NoName15_S1_b734ebcd26f5afbd.jpg,SUSPECT,0.004297992500931006,"orientation ambiguë : 2e meilleur départ à 0.00430, proche du meilleur (0.00430, ratio 1.00)"
b734ff9db43909c5,CollecYvan5,13201457460528351685,data/crops/organized/organized_CollecYvan5_S1_b734ff9db43909c5.jpg,SUSPECT,0.004426737254819927,"orientation ambiguë : 2e meilleur départ à 0.00443, proche du meilleur (0.00443, ratio 1.00)"
b792edc5659be2c7,OPIE_Lapi_160720b,13227896487609623239,data/crops/organized/organized_OPIE_Lapi_160720b_S1_b792edc5659be2c7.jpg,SUSPECT,0.004586885443952489,"orientation ambiguë : 2e meilleur départ à 0.00459, proche du meilleur (0.00459, ratio 1.00)"
b7c3f53905a07ba9,ABAURA7910,13241696954655734697,data/crops/organized/organized_ABAURA7910_P4_b7c3f53905a07ba9.jpg,FAILED,inf,"14 landmarks, 18 attendus"
b7d19797b1cf383f,ABAURA8239b,13245534656852342847,data/crops/organized/organized_ABAURA8239b_P1_b7d19797b1cf383f.jpg,SUSPECT,0.0046249525552674395,"orientation ambiguë : 2e meilleur départ à 0.00462, proche du meilleur (0.00462, ratio 1.00)"
b7d66a0c31567d38,FR04ABOM220722057,13246891954556796216,data/crops/organized/organized_FR04ABOM220722057_S3_b7d66a0c31567d38.jpg,SUSPECT,0.004404293742335098,"orientation ambiguë : 2e meilleur départ à 0.00440, proche du meilleur (0.00440, ratio 1.00)"
b7dc31946443818c,FR73ABOM200722017,13248518717224223116,data/crops/organized/organized_FR73ABOM200722017_S2_b7dc31946443818c.jpg,SUSPECT,0.0044997559792326275,"orientation ambiguë : 2e meilleur départ à 0.00450, proche du meilleur (0.00450, ratio 1.00)"
b80cb69c009c3ace,FR15ABOM100721030,13262175783840660174,data/crops/organized/organized_FR15ABOM100721030_S2_b80cb69c009c3ace.jpg,SUSPECT,0.004685495817031411,"orientation ambiguë : 2e meilleur départ à 0.00469, proche du meilleur (0.00469, ratio 1.00)"
b81a6ff3c2b9c087,ABAURA8238e,13266038745107906695,data/crops/organized/organized_ABAURA8238e_P1_b81a6ff3c2b9c087.jpg,SUSPECT,0.004749802991485719,"orientation ambiguë : 2e meilleur départ à 0.00475, proche du meilleur (0.00475, ratio 1.00)"
b82e5243b358907f,CollecYvan15,13271635602632642687,data/crops/organized/organized_CollecYvan15_P1_b82e5243b358907f.jpg,SUSPECT,0.004544697000219198,"orientation ambiguë : 2e meilleur départ à 0.00454, proche du meilleur (0.00454, ratio 1.00)"
b83493581cd5815c,FR73ABOM200722037,13273396008417853788,data/crops/organized/organized_FR73ABOM200722037_S2_b83493581cd5815c.jpg,SUSPECT,0.004335353013909436,"orientation ambiguë : 2e meilleur départ à 0.00434, proche du meilleur (0.00434, ratio 1.00)"
b8bbf2ae3cf4c0ec,CD388865,13311499953784537324,data/crops/organized/organized_CD388865_S3_b8bbf2ae3cf4c0ec.jpg,SUSPECT,0.004405871294409661,"orientation ambiguë : 2e meilleur départ à 0.00441, proche du meilleur (0.00441, ratio 1.00)"
b8c0ea8578307710,NoName8,13312898357475178256,data/crops/organized/organized_NoName8_S1_b8c0ea8578307710.jpg,SUSPECT,0.004435986483461083,"orientation ambiguë : 2e meilleur départ à 0.00444, proche du meilleur (0.00444, ratio 1.00)"
b8c3c226ff58e2d1,2020.00339,13313698396185879249,data/crops/organized/organized_2020.00339_S3_b8c3c226ff58e2d1.jpg,SUSPECT,0.0046568974924188706,"orientation ambiguë : 2e meilleur départ à 0.00466, proche du meilleur (0.00466, ratio 1.00)"
b8e26dc5af1049b8,FR15ABOM200821014,13322331343528413624,data/crops/organized/organized_FR15ABOM200821014_S3_b8e26dc5af1049b8.jpg,SUSPECT,0.004432739753028137,"orientation ambiguë : 2e meilleur départ à 0.00443, proche du meilleur (0.00443, ratio 1.00)"
b90694c1d861d97b,POLLINIS5133,13332507307156822395,data/crops/organized/organized_POLLINIS5133_S6_b90694c1d861d97b.jpg,FAILED,inf,"8 landmarks, 18 attendus"
b90bb53413b8c241,CD388821c,13333950357034287681,data/crops/organized/organized_CD388821c_S3_b90bb53413b8c241.jpg,SUSPECT,0.004600884963157031,"orientation ambiguë : 2e meilleur départ à 0.00460, proche du meilleur (0.00460, ratio 1.00)"
b92388d585663405,CD387770,13340656971849020421,data/crops/organized/organized_CD387770_P1_b92388d585663405.jpg,SUSPECT,0.004750646803397269,"orientation ambiguë : 2e meilleur départ à 0.00475, proche du meilleur (0.00475, ratio 1.00)"
b9306a35663100ba,FR15ABOM210821128,13344282473479078074,data/crops/organized/organized_FR15ABOM210821128_P1_b9306a35663100ba.jpg,SUSPECT,0.00434752753691755,"orientation ambiguë : 2e meilleur départ à 0.00435, proche du meilleur (0.00435, ratio 1.00)"
b94d08ab39807b2f,FR15ABOM200722065,13352338001720539951,data/crops/organized/organized_FR15ABOM200722065_S3_b94d08ab39807b2f.jpg,SUSPECT,0.0043236992339587416,"orientation ambiguë : 2e meilleur départ à 0.00432, proche du meilleur (0.00432, ratio 1.00)"
b96e3f7e9484a967,FR15ABOM200722066,13361686957344991591,data/crops/organized/organized_FR15ABOM200722066_S1_b96e3f7e9484a967.jpg,SUSPECT,0.004229900925427983,"orientation ambiguë : 2e meilleur départ à 0.00423, proche du meilleur (0.00423, ratio 1.00)"
b99150fc19c8ee25,FR73ABOM140722001,13371557812334292517,data/crops/organized/organized_FR73ABOM140722001_P1_b99150fc19c8ee25.jpg,SUSPECT,0.004398484712809263,"orientation ambiguë : 2e meilleur départ à 0.00440, proche du meilleur (0.00440, ratio 1.00)"
b9970dc9fda55d50,OPPO.2021.03276,13373172779695037776,data/crops/organized/organized_OPPO.2021.03276_P2_b9970dc9fda55d50.jpg,SUSPECT,0.004528157669413782,"orientation ambiguë : 2e meilleur départ à 0.00453, proche du meilleur (0.00453, ratio 1.00)"
b9a1609c406ec7ef,BAR-2018.00871,13376078592479250415,data/crops/organized/organized_BAR-2018.00871_S1_b9a1609c406ec7ef.jpg,SUSPECT,0.004536169689218286,"orientation ambiguë : 2e meilleur départ à 0.00454, proche du meilleur (0.00454, ratio 1.00)"
b9d9d67703b38c3d,ABAURA8627,13391970773614431293,data/crops/organized/organized_ABAURA8627_S3_b9d9d67703b38c3d.jpg,SUSPECT,0.004568014558108888,"orientation ambiguë : 2e meilleur départ à 0.00457, proche du meilleur (0.00457, ratio 1.00)"
b9e29411909bfaa0,ABAURA4904,13394431044914772640,data/crops/organized/organized_ABAURA4904_S3_b9e29411909bfaa0.jpg,SUSPECT,0.004687706199901802,"orientation ambiguë : 2e meilleur départ à 0.00469, proche du meilleur (0.00469, ratio 1.00)"
b9eb22a7a8721c4b,CD388145b,13396839620024605771,data/crops/organized/organized_CD388145b_S1_b9eb22a7a8721c4b.jpg,SUSPECT,0.0045585592294302285,"orientation ambiguë : 2e meilleur départ à 0.00456, proche du meilleur (0.00456, ratio 1.00)"
ba0912bd698176a6,CD388821c,13405266370573203110,data/crops/organized/organized_CD388821c_P2_ba0912bd698176a6.jpg,SUSPECT,0.004625308976624356,"orientation ambiguë : 2e meilleur départ à 0.00463, proche du meilleur (0.00463, ratio 1.00)"
ba143f9bf62638c3,FR15_ABOM180720046,13408411929670990019,data/crops/organized/organized_FR15_ABOM180720046_S2_ba143f9bf62638c3.jpg,SUSPECT,0.0043710316899696535,"orientation ambiguë : 2e meilleur départ à 0.00437, proche du meilleur (0.00437, ratio 1.00)"
ba2315a2332c1b22,2020.00410,13412587901626882850,data/crops/organized/organized_2020.00410_P1_ba2315a2332c1b22.jpg,SUSPECT,0.004558639252286625,"orientation ambiguë : 2e meilleur départ à 0.00456, proche du meilleur (0.00456, ratio 1.00)"
ba239ea4f1c1d840,FR15ABOM170821120,13412738546507307072,data/crops/organized/organized_FR15ABOM170821120_S3_ba239ea4f1c1d840.jpg,SUSPECT,0.004603869684270219,"orientation ambiguë : 2e meilleur départ à 0.00460, proche du meilleur (0.00460, ratio 1.00)"
ba253838581941fa,CD388235,13413188879840264698,data/crops/organized/organized_CD388235_P1_ba253838581941fa.jpg,SUSPECT,0.004534795583328268,"orientation ambiguë : 2e meilleur départ à 0.00453, proche du meilleur (0.00453, ratio 1.00)"
ba294fef165fb616,2019.02175,13414340853390882326,data/crops/organized/organized_2019.02175_P1_ba294fef165fb616.jpg,SUSPECT,0.004716962763096433,"orientation ambiguë : 2e meilleur départ à 0.00472, proche du meilleur (0.00472, ratio 1.00)"
ba2def8ae2d11b13,CD387770c,13415642244796455699,data/crops/organized/organized_CD387770c_P1_ba2def8ae2d11b13.jpg,SUSPECT,0.004624874826012145,"orientation ambiguë : 2e meilleur départ à 0.00462, proche du meilleur (0.00462, ratio 1.00)"
ba2eeababaa04c4d,CD388821,13415918427699170381,data/crops/organized/organized_CD388821_S1_ba2eeababaa04c4d.jpg,SUSPECT,0.004456112041272787,"orientation ambiguë : 2e meilleur départ à 0.00446, proche du meilleur (0.00446, ratio 1.00)"
ba5183a95eca6361,FR73ABOM120722002,13425656727631192929,data/crops/organized/organized_FR73ABOM120722002_S3_ba5183a95eca6361.jpg,SUSPECT,0.004948865497551889,"orientation ambiguë : 2e meilleur départ à 0.00495, proche du meilleur (0.00495, ratio 1.00)"
ba740f2432ce1ad2,POLLINIS4402,13435380236498639570,data/crops/organized/organized_POLLINIS4402_S1_ba740f2432ce1ad2.jpg,SUSPECT,0.0043920232757009795,"orientation ambiguë : 2e meilleur départ à 0.00439, proche du meilleur (0.00439, ratio 1.00)"
ba94408b1b9a130c,2019.02073,13444441753815487244,data/crops/organized/organized_2019.02073_P1_ba94408b1b9a130c.jpg,SUSPECT,0.004515606445545528,"orientation ambiguë : 2e meilleur départ à 0.00452, proche du meilleur (0.00452, ratio 1.00)"
baa528e35888085f,FR73ABOM120722072,13449200819119851615,data/crops/organized/organized_FR73ABOM120722072_S2_baa528e35888085f.jpg,SUSPECT,0.004527023591333482,"orientation ambiguë : 2e meilleur départ à 0.00453, proche du meilleur (0.00453, ratio 1.00)"
bac955ea325378a4,2019.02184,13459383425728477348,data/crops/organized/organized_2019.02184_S1_bac955ea325378a4.jpg,SUSPECT,0.004571817443770666,"orientation ambiguë : 2e meilleur départ à 0.00457, proche du meilleur (0.00457, ratio 1.00)"
bad35adae20298a0,FR73ABOM200722034,13462203607281735840,data/crops/organized/organized_FR73ABOM200722034_P1_bad35adae20298a0.jpg,SUSPECT,0.004430001393993407,"orientation ambiguë : 2e meilleur départ à 0.00443, proche du meilleur (0.00443, ratio 1.00)"
baf7f4f38865092d,FR73ABOM200722040,13472506137104681261,data/crops/organized/organized_FR73ABOM200722040_S2_baf7f4f38865092d.jpg,SUSPECT,0.004475669567514568,"orientation ambiguë : 2e meilleur départ à 0.00448, proche du meilleur (0.00448, ratio 1.00)"
baf8e68ae98cd396,OPIE_Lapi_230620b,13472771769577034646,data/crops/organized/organized_OPIE_Lapi_230620b_S3_baf8e68ae98cd396.jpg,SUSPECT,0.004583676809311994,"orientation ambiguë : 2e meilleur départ à 0.00458, proche du meilleur (0.00458, ratio 1.00)"
bb0b38658221de13,FR05ABOM220722023,13477928318462451219,data/crops/organized/organized_FR05ABOM220722023_P1_bb0b38658221de13.jpg,SUSPECT,0.004494947777421603,"orientation ambiguë : 2e meilleur départ à 0.00449, proche du meilleur (0.00449, ratio 1.00)"
bb26c361622cb5dc,FR04ABOM220722051,13485680957233870300,data/crops/organized/organized_FR04ABOM220722051_S2_bb26c361622cb5dc.jpg,SUSPECT,0.004445450577329367,"orientation ambiguë : 2e meilleur départ à 0.00445, proche du meilleur (0.00445, ratio 1.00)"
bb316ab9d0030c2e,CD388623d,13488679705242700846,data/crops/organized/organized_CD388623d_S1_bb316ab9d0030c2e.jpg,SUSPECT,0.004644766180784208,"orientation ambiguë : 2e meilleur départ à 0.00464, proche du meilleur (0.00464, ratio 1.00)"
bb4ba89b3b3b17f6,FR15ABOM220821068,13496066093012948982,data/crops/organized/organized_FR15ABOM220821068_P1_bb4ba89b3b3b17f6.jpg,SUSPECT,0.004849877902998313,"orientation ambiguë : 2e meilleur départ à 0.00485, proche du meilleur (0.00485, ratio 1.00)"
bb7b45c8e9ed67e2,15L2021-1420,13509468236448360418,data/crops/organized/organized_15L2021-1420_S2_bb7b45c8e9ed67e2.jpg,SUSPECT,0.004494412398230627,"orientation ambiguë : 2e meilleur départ à 0.00449, proche du meilleur (0.00449, ratio 1.00)"
bb8321a38f8b1c34,ABAURA8212,13511680293413264436,data/crops/organized/organized_ABAURA8212_S3_bb8321a38f8b1c34.jpg,SUSPECT,0.004696009470404658,"orientation ambiguë : 2e meilleur départ à 0.00470, proche du meilleur (0.00470, ratio 1.00)"
bb8428ccc6ec6f7d,FR73ABOM130722009,13511969641994153853,data/crops/organized/organized_FR73ABOM130722009_S3_bb8428ccc6ec6f7d.jpg,SUSPECT,0.0045531461048131435,"orientation ambiguë : 2e meilleur départ à 0.00455, proche du meilleur (0.00455, ratio 1.00)"
bbc371b29b95866e,FR15ABOM170821123,13529782717479487086,data/crops/organized/organized_FR15ABOM170821123_S2_bbc371b29b95866e.jpg,SUSPECT,0.004392468837380791,"orientation ambiguë : 2e meilleur départ à 0.00439, proche du meilleur (0.00439, ratio 1.00)"
bbc40761405434e7,ABAURA4923,13529947294800295143,data/crops/organized/organized_ABAURA4923_S3_bbc40761405434e7.jpg,SUSPECT,0.0046496503127154525,"orientation ambiguë : 2e meilleur départ à 0.00465, proche du meilleur (0.00465, ratio 1.00)"
bbcd8d44aee30a15,NoName15,13532627781449615893,data/crops/organized/organized_NoName15_P1_bbcd8d44aee30a15.jpg,SUSPECT,0.004411357071240889,"orientation ambiguë : 2e meilleur départ à 0.00441, proche du meilleur (0.00441, ratio 1.00)"
bc3d35bc2ee1433f,ABAURA5676,13564056735066440511,data/crops/organized/organized_ABAURA5676_P2_bc3d35bc2ee1433f.jpg,FAILED,inf,"10 landmarks, 18 attendus"
bc4661000fa06c66,15L2021-1757,13566637580390263910,data/crops/organized/organized_15L2021-1757_P2_bc4661000fa06c66.jpg,SUSPECT,0.004673913070169356,"orientation ambiguë : 2e meilleur départ à 0.00467, proche du meilleur (0.00467, ratio 1.00)"
bc5308ef0240cf7a,FR15_ABOM180720054,13570199924825444218,data/crops/organized/organized_FR15_ABOM180720054_S1_bc5308ef0240cf7a.jpg,SUSPECT,0.004355085737287355,"orientation ambiguë : 2e meilleur départ à 0.00436, proche du meilleur (0.00436, ratio 1.00)"
bc540ed6ba9b6a1e,CollecYvan5,13570487892590684702,data/crops/organized/organized_CollecYvan5_P1_bc540ed6ba9b6a1e.jpg,SUSPECT,0.004475409557438851,"orientation ambiguë : 2e meilleur départ à 0.00448, proche du meilleur (0.00448, ratio 1.00)"
bc6a53b86fa66411,FR15ABOM200821035,13576756078274044945,data/crops/organized/organized_FR15ABOM200821035_P1_bc6a53b86fa66411.jpg,SUSPECT,0.004464804222208085,"orientation ambiguë : 2e meilleur départ à 0.00446, proche du meilleur (0.00446, ratio 1.00)"
bc6eec3a3d0769a6,ABAURA8207e,13578049661444778406,data/crops/organized/organized_ABAURA8207e_S1_bc6eec3a3d0769a6.jpg,SUSPECT,0.004447467519769427,"orientation ambiguë : 2e meilleur départ à 0.00445, proche du meilleur (0.00445, ratio 1.00)"
bc837c5c536d0f37,FR73ABOM130722066,13583837637058039607,data/crops/organized/organized_FR73ABOM130722066_P1_bc837c5c536d0f37.jpg,SUSPECT,0.004735246565077835,"orientation ambiguë : 2e meilleur départ à 0.00474, proche du meilleur (0.00474, ratio 1.00)"
bc9989011864927c,FR15ABOM210821165,13590043988364399228,data/crops/organized/organized_FR15ABOM210821165_S3_bc9989011864927c.jpg,SUSPECT,0.004684217325147221,"orientation ambiguë : 2e meilleur départ à 0.00468, proche du meilleur (0.00468, ratio 1.00)"
bc9ca5e798e8e436,CD387577b,13590920189618742326,data/crops/organized/organized_CD387577b_S1_bc9ca5e798e8e436.jpg,SUSPECT,0.004527933708517171,"orientation ambiguë : 2e meilleur départ à 0.00453, proche du meilleur (0.00453, ratio 1.00)"
bcaf28b64cda40ca,FR73ABOM140722015,13596130563493347530,data/crops/organized/organized_FR73ABOM140722015_P1_bcaf28b64cda40ca.jpg,SUSPECT,0.0046776513478103965,"orientation ambiguë : 2e meilleur départ à 0.00468, proche du meilleur (0.00468, ratio 1.00)"
bcbbecfab793bd8b,FR73ABOM140722031,13599724061341236619,data/crops/organized/organized_FR73ABOM140722031_S2_bcbbecfab793bd8b.jpg,SUSPECT,0.004701371938607681,"orientation ambiguë : 2e meilleur départ à 0.00470, proche du meilleur (0.00470, ratio 1.00)"
bcbd7139c124f569,ABAURA5676,13600150942596265321,data/crops/organized/organized_ABAURA5676_S3_bcbd7139c124f569.jpg,SUSPECT,0.004956941548497222,"orientation ambiguë : 2e meilleur départ à 0.00496, proche du meilleur (0.00496, ratio 1.00)"
bcce481121628481,ABAURA8207b,13604890762744595585,data/crops/organized/organized_ABAURA8207b_S1_bcce481121628481.jpg,SUSPECT,0.004502129900439041,"orientation ambiguë : 2e meilleur départ à 0.00450, proche du meilleur (0.00450, ratio 1.00)"
bcdaaea3b42e5313,FR73ABOM130722017,13608381242179212051,data/crops/organized/organized_FR73ABOM130722017_P1_bcdaaea3b42e5313.jpg,SUSPECT,0.0042973282178395454,"orientation ambiguë : 2e meilleur départ à 0.00430, proche du meilleur (0.00430, ratio 1.00)"
bcf4d5841967ddcd,FR15ABOM210821139,13615742336786488781,data/crops/organized/organized_FR15ABOM210821139_S1_bcf4d5841967ddcd.jpg,SUSPECT,0.004702587208270318,"orientation ambiguë : 2e meilleur départ à 0.00470, proche du meilleur (0.00470, ratio 1.00)"
bd20f63a4f5ad9ac,FR73ABOM120722090,13628163202723010988,data/crops/organized/organized_FR73ABOM120722090_S1_bd20f63a4f5ad9ac.jpg,SUSPECT,0.0045320787750400895,"orientation ambiguë : 2e meilleur départ à 0.00453, proche du meilleur (0.00453, ratio 1.00)"
bd286e0430f10076,POLLINIS4393,13630265236516831350,data/crops/organized/organized_POLLINIS4393_P2_bd286e0430f10076.jpg,SUSPECT,0.00469240137255591,"orientation ambiguë : 2e meilleur départ à 0.00469, proche du meilleur (0.00469, ratio 1.00)"
bd2b9baa4c189a66,FR05ABOM220722028,13631159852890364518,data/crops/organized/organized_FR05ABOM220722028_P2_bd2b9baa4c189a66.jpg,SUSPECT,0.004643757762759429,"orientation ambiguë : 2e meilleur départ à 0.00464, proche du meilleur (0.00464, ratio 1.00)"
bd3ca46b5ad96b0b,15L2021-1743,13635954552763673355,data/crops/organized/organized_15L2021-1743_S3_bd3ca46b5ad96b0b.jpg,SUSPECT,0.004363056869301094,"orientation ambiguë : 2e meilleur départ à 0.00436, proche du meilleur (0.00436, ratio 1.00)"
bdc2db5aa3f03d2a,NoName14,13673732600994217258,data/crops/organized/organized_NoName14_P2_bdc2db5aa3f03d2a.jpg,SUSPECT,0.004336275261073007,"orientation ambiguë : 2e meilleur départ à 0.00434, proche du meilleur (0.00434, ratio 1.00)"
bdeac16bdc88a4f0,FR04ABOM220722092,13684963086724277488,data/crops/organized/organized_FR04ABOM220722092_S1_bdeac16bdc88a4f0.jpg,SUSPECT,0.004572834614045355,"orientation ambiguë : 2e meilleur départ à 0.00457, proche du meilleur (0.00457, ratio 1.00)"
be2003ac99e035db,2020.00377,13699954106311914971,data/crops/organized/organized_2020.00377_S1_be2003ac99e035db.jpg,SUSPECT,0.0046775360883704944,"orientation ambiguë : 2e meilleur départ à 0.00468, proche du meilleur (0.00468, ratio 1.00)"
be38d5906cb4ab9b,FR74ABOM160722015,13706940282177891227,data/crops/organized/organized_FR74ABOM160722015_S1_be38d5906cb4ab9b.jpg,SUSPECT,0.004773287711581697,"orientation ambiguë : 2e meilleur départ à 0.00477, proche du meilleur (0.00477, ratio 1.00)"
be7354aa98ccbb87,ABAURA8885c,13723405581212760967,data/crops/organized/organized_ABAURA8885c_S2_be7354aa98ccbb87.jpg,SUSPECT,0.004514438883900272,"orientation ambiguë : 2e meilleur départ à 0.00451, proche du meilleur (0.00451, ratio 1.00)"
be8a00e413b8d18e,ABAURA8238b,13729787393575801230,data/crops/organized/organized_ABAURA8238b_S3_be8a00e413b8d18e.jpg,SUSPECT,0.004380752645861427,"orientation ambiguë : 2e meilleur départ à 0.00438, proche du meilleur (0.00438, ratio 1.00)"
becd474c3206705f,CollecYvan11,13748723630014361695,data/crops/organized/organized_CollecYvan11_S3_becd474c3206705f.jpg,SUSPECT,0.004734335465826374,"orientation ambiguë : 2e meilleur départ à 0.00473, proche du meilleur (0.00473, ratio 1.00)"
bee501b2e7c23de0,15L2021-1748,13755402504777121248,data/crops/organized/organized_15L2021-1748_S2_bee501b2e7c23de0.jpg,SUSPECT,0.004234159956201905,"orientation ambiguë : 2e meilleur départ à 0.00423, proche du meilleur (0.00423, ratio 1.00)"
bf12a9b67e2785e0,CollecYvan16,13768253612090688992,data/crops/organized/organized_CollecYvan16_P2_bf12a9b67e2785e0.jpg,SUSPECT,0.004317478688435499,"orientation ambiguë : 2e meilleur départ à 0.00432, proche du meilleur (0.00432, ratio 1.00)"
bf202f4600efb1a5,CD388018d,13772059638208901541,data/crops/organized/organized_CD388018d_S3_bf202f4600efb1a5.jpg,SUSPECT,0.0045764195614294125,"orientation ambiguë : 2e meilleur départ à 0.00458, proche du meilleur (0.00458, ratio 1.00)"
bf2de46f929c93f0,2020.00339,13775918003048453104,data/crops/organized/organized_2020.00339_P2_bf2de46f929c93f0.jpg,SUSPECT,0.004635275176554622,"orientation ambiguë : 2e meilleur départ à 0.00464, proche du meilleur (0.00464, ratio 1.00)"
bf4901cbae869048,FR15ABOM100721030,13783550108862156872,data/crops/organized/organized_FR15ABOM100721030_S1_bf4901cbae869048.jpg,SUSPECT,0.00452472520356824,"orientation ambiguë : 2e meilleur départ à 0.00452, proche du meilleur (0.00452, ratio 1.00)"
bf73e73087761bb4,ABAURA8747,13795624279183072180,data/crops/organized/organized_ABAURA8747_S3_bf73e73087761bb4.jpg,SUSPECT,0.0045690233787672495,"orientation ambiguë : 2e meilleur départ à 0.00457, proche du meilleur (0.00457, ratio 1.00)"
bf7c1f752da8a15f,D264520,13797937946494017887,data/crops/organized/organized_D264520_P2_bf7c1f752da8a15f.jpg,SUSPECT,0.004668272419454859,"orientation ambiguë : 2e meilleur départ à 0.00467, proche du meilleur (0.00467, ratio 1.00)"
bfb47c8fb3a7dd49,CD388861,13813802913688444233,data/crops/organized/organized_CD388861_P2_bfb47c8fb3a7dd49.jpg,SUSPECT,0.004713488827937023,"orientation ambiguë : 2e meilleur départ à 0.00471, proche du meilleur (0.00471, ratio 1.00)"
bfb7c27df20dd12a,FR15ABOM210821100,13814724228169978154,data/crops/organized/organized_FR15ABOM210821100_S2_bfb7c27df20dd12a.jpg,SUSPECT,0.004291766060766556,"orientation ambiguë : 2e meilleur départ à 0.00429, proche du meilleur (0.00429, ratio 1.00)"
bfbc0f85e98a931d,CD388003b,13815934824689079069,data/crops/organized/organized_CD388003b_P2_bfbc0f85e98a931d.jpg,SUSPECT,0.004314189177303122,"orientation ambiguë : 2e meilleur départ à 0.00431, proche du meilleur (0.00431, ratio 1.00)"
bfecd0ec8c09446a,POLLINIS4351,13829658270128227434,data/crops/organized/organized_POLLINIS4351_S1_bfecd0ec8c09446a.jpg,SUSPECT,0.004568447887717872,"orientation ambiguë : 2e meilleur départ à 0.00457, proche du meilleur (0.00457, ratio 1.00)"
bfff178e8f3d725f,CD388612,13834802481361416799,data/crops/organized/organized_CD388612_P2_bfff178e8f3d725f.jpg,SUSPECT,0.004625538570736215,"orientation ambiguë : 2e meilleur départ à 0.00463, proche du meilleur (0.00463, ratio 1.00)"
c01c9f87d185b1d3,D264515,13843114760314663379,data/crops/organized/organized_D264515_S1_c01c9f87d185b1d3.jpg,SUSPECT,0.0043759382931140385,"orientation ambiguë : 2e meilleur départ à 0.00438, proche du meilleur (0.00438, ratio 1.00)"
c0205dac6bd813ba,CD388145b,13844168249661985722,data/crops/organized/organized_CD388145b_S2_c0205dac6bd813ba.jpg,SUSPECT,0.004547834409216386,"orientation ambiguë : 2e meilleur départ à 0.00455, proche du meilleur (0.00455, ratio 1.00)"
c02ad4ed371839bd,ABAURA8238b,13847114119600683453,data/crops/organized/organized_ABAURA8238b_S1_c02ad4ed371839bd.jpg,SUSPECT,0.0044158096869684575,"orientation ambiguë : 2e meilleur départ à 0.00442, proche du meilleur (0.00442, ratio 1.00)"
c042be0ae93d490f,FR73ABOM120722027,13853844357817125135,data/crops/organized/organized_FR73ABOM120722027_S2_c042be0ae93d490f.jpg,SUSPECT,0.004619370514017333,"orientation ambiguë : 2e meilleur départ à 0.00462, proche du meilleur (0.00462, ratio 1.00)"
c0687d60e3447dd2,OPIE_Lapi_220620b,13864469307943321042,data/crops/organized/organized_OPIE_Lapi_220620b_S2_c0687d60e3447dd2.jpg,SUSPECT,0.004237247188562058,"orientation ambiguë : 2e meilleur départ à 0.00424, proche du meilleur (0.00424, ratio 1.00)"
c085106879aafaf0,NoName10,13872512268088572656,data/crops/organized/organized_NoName10_P2_c085106879aafaf0.jpg,SUSPECT,0.0044774278365278,"orientation ambiguë : 2e meilleur départ à 0.00448, proche du meilleur (0.00448, ratio 1.00)"
c0bbd90e524edf50,FR73ABOM130722030,13887932531460726608,data/crops/organized/organized_FR73ABOM130722030_P2_c0bbd90e524edf50.jpg,SUSPECT,0.004423590709125426,"orientation ambiguë : 2e meilleur départ à 0.00442, proche du meilleur (0.00442, ratio 1.00)"
c0d53d5ec05ea3bb,OPIE_Lapi_260620,13895079702485181371,data/crops/organized/organized_OPIE_Lapi_260620_S1_c0d53d5ec05ea3bb.jpg,SUSPECT,0.00451635007078987,"orientation ambiguë : 2e meilleur départ à 0.00452, proche du meilleur (0.00452, ratio 1.00)"
c0f1d433683404d8,POLLINIS4343,13903126841926091992,data/crops/organized/organized_POLLINIS4343_S2_c0f1d433683404d8.jpg,SUSPECT,0.004570921781665498,"orientation ambiguë : 2e meilleur départ à 0.00457, proche du meilleur (0.00457, ratio 1.00)"
c1049802cf54cdd2,20A.07897,13908408687062732242,data/crops/organized/organized_20A.07897_P1_c1049802cf54cdd2.jpg,SUSPECT,0.004707368415710655,"orientation ambiguë : 2e meilleur départ à 0.00471, proche du meilleur (0.00471, ratio 1.00)"
c1156e24059f2b54,FR73ABOM130722041,13913147724823210836,data/crops/organized/organized_FR73ABOM130722041_S1_c1156e24059f2b54.jpg,SUSPECT,0.004824141833156513,"orientation ambiguë : 2e meilleur départ à 0.00482, proche du meilleur (0.00482, ratio 1.00)"
c1287d16e425610c,FR15ABOM200722063,13918512185658925324,data/crops/organized/organized_FR15ABOM200722063_S2_c1287d16e425610c.jpg,SUSPECT,0.004265357300578795,"orientation ambiguë : 2e meilleur départ à 0.00427, proche du meilleur (0.00427, ratio 1.00)"
c13c561d9b710b4a,ABAURA4923b,13924098833084648266,data/crops/organized/organized_ABAURA4923b_S2_c13c561d9b710b4a.jpg,SUSPECT,0.004782482381579787,"orientation ambiguë : 2e meilleur départ à 0.00478, proche du meilleur (0.00478, ratio 1.00)"
c158476e25fc50cc,FR73ABOM130722062,13931963985679896780,data/crops/organized/organized_FR73ABOM130722062_S3_c158476e25fc50cc.jpg,SUSPECT,0.004562824565401575,"orientation ambiguë : 2e meilleur départ à 0.00456, proche du meilleur (0.00456, ratio 1.00)"
c15aac11209914d1,NoName7,13932637586785375441,data/crops/organized/organized_NoName7_S1_c15aac11209914d1.jpg,SUSPECT,0.004560510928119697,"orientation ambiguë : 2e meilleur départ à 0.00456, proche du meilleur (0.00456, ratio 1.00)"
c16f30ab8362770d,ABAURA8239d,13938412884936783629,data/crops/organized/organized_ABAURA8239d_S3_c16f30ab8362770d.jpg,SUSPECT,0.004447569486542878,"orientation ambiguë : 2e meilleur départ à 0.00445, proche du meilleur (0.00445, ratio 1.00)"
c17b3136e25bc3db,CollecYvan6,13941791183251162075,data/crops/organized/organized_CollecYvan6_S3_c17b3136e25bc3db.jpg,SUSPECT,0.00451469028737009,"orientation ambiguë : 2e meilleur départ à 0.00451, proche du meilleur (0.00451, ratio 1.00)"
c17b62d51a169a35,ABAURA7150,13941845738860747317,data/crops/organized/organized_ABAURA7150_S2_c17b62d51a169a35.jpg,SUSPECT,0.004549450269247301,"orientation ambiguë : 2e meilleur départ à 0.00455, proche du meilleur (0.00455, ratio 1.00)"
c1c52c67d07e38bc,ABAURA8207d,13962615044123277500,data/crops/organized/organized_ABAURA8207d_S2_c1c52c67d07e38bc.jpg,SUSPECT,0.004682842955534244,"orientation ambiguë : 2e meilleur départ à 0.00468, proche du meilleur (0.00468, ratio 1.00)"
c1d7138c7deb2096,FR15ABOM210821174,13967654263441793174,data/crops/organized/organized_FR15ABOM210821174_P1_c1d7138c7deb2096.jpg,SUSPECT,0.004493343202720679,"orientation ambiguë : 2e meilleur départ à 0.00449, proche du meilleur (0.00449, ratio 1.00)"
c1e08ba583cad110,FR15ABOM200821004,13970319587100250384,data/crops/organized/organized_FR15ABOM200821004_S2_c1e08ba583cad110.jpg,SUSPECT,0.004419204901848106,"orientation ambiguë : 2e meilleur départ à 0.00442, proche du meilleur (0.00442, ratio 1.00)"
c1faaf3c93c8726f,ABAURA4923,13977677068210041455,data/crops/organized/organized_ABAURA4923_S2_c1faaf3c93c8726f.jpg,SUSPECT,0.00459464461475757,"orientation ambiguë : 2e meilleur départ à 0.00459, proche du meilleur (0.00459, ratio 1.00)"
c1feab5a7094a6a9,FR73ABOM130722007,13978798698328794793,data/crops/organized/organized_FR73ABOM130722007_S3_c1feab5a7094a6a9.jpg,SUSPECT,0.004822839640083653,"orientation ambiguë : 2e meilleur départ à 0.00482, proche du meilleur (0.00482, ratio 1.00)"
c23a711643db019e,D26-5618,13995623132448883102,data/crops/organized/organized_D26-5618_P1_c23a711643db019e.jpg,FAILED,inf,"3 landmarks, 18 attendus"
c23ea51c7b7fdfe7,POLLINIS4982b,13996806233663725543,data/crops/organized/organized_POLLINIS4982b_S2_c23ea51c7b7fdfe7.jpg,SUSPECT,0.004470593703582455,"orientation ambiguë : 2e meilleur départ à 0.00447, proche du meilleur (0.00447, ratio 1.00)"
c256a010b3f26fdf,CD388821f,14003556084954066911,data/crops/organized/organized_CD388821f_S2_c256a010b3f26fdf.jpg,SUSPECT,0.004553008673687898,"orientation ambiguë : 2e meilleur départ à 0.00455, proche du meilleur (0.00455, ratio 1.00)"
c2d29f14bbbdba0e,NoName8,14038457899865192974,data/crops/organized/organized_NoName8_P1_c2d29f14bbbdba0e.jpg,SUSPECT,0.0044768765455090054,"orientation ambiguë : 2e meilleur départ à 0.00448, proche du meilleur (0.00448, ratio 1.00)"
c2df0da4fbc1bb17,RuppSupp1,14041957165414071063,data/crops/organized/organized_RuppSupp1_P1_c2df0da4fbc1bb17.jpg,SUSPECT,0.005807956933517804,"orientation ambiguë : 2e meilleur départ à 0.00581, proche du meilleur (0.00581, ratio 1.00)"
c30088cac32e6477,FR15ABOM210821210,14051381241835316343,data/crops/organized/organized_FR15ABOM210821210_S3_c30088cac32e6477.jpg,SUSPECT,0.004399965988668156,"orientation ambiguë : 2e meilleur départ à 0.00440, proche du meilleur (0.00440, ratio 1.00)"
c31c3e292e98e6ff,UBC-2011.0157,14059180483340199679,data/crops/organized/organized_UBC-2011.0157_S5_c31c3e292e98e6ff.jpg,SUSPECT,0.006559226207003176,"orientation ambiguë : 2e meilleur départ à 0.00696, proche du meilleur (0.00656, ratio 1.06)"
c32cd7e7a5303d50,CD388861,14063853126280035664,data/crops/organized/organized_CD388861_P1_c32cd7e7a5303d50.jpg,SUSPECT,0.004703335858730422,"orientation ambiguë : 2e meilleur départ à 0.00470, proche du meilleur (0.00470, ratio 1.00)"
c34afaf49067d609,FR73ABOM130722063,14072335913974224393,data/crops/organized/organized_FR73ABOM130722063_P2_c34afaf49067d609.jpg,SUSPECT,0.0046659710716004605,"orientation ambiguë : 2e meilleur départ à 0.00467, proche du meilleur (0.00467, ratio 1.00)"
c36c93b203e601d1,ABAURA8607,14081792527659565521,data/crops/organized/organized_ABAURA8607_P1_c36c93b203e601d1.jpg,SUSPECT,0.004547972538978038,"orientation ambiguë : 2e meilleur départ à 0.00455, proche du meilleur (0.00455, ratio 1.00)"
c383531cea5a3963,CollecYvan2,14088195443001014627,data/crops/organized/organized_CollecYvan2_P1_c383531cea5a3963.jpg,SUSPECT,0.004393503590709424,"orientation ambiguë : 2e meilleur départ à 0.00439, proche du meilleur (0.00439, ratio 1.00)"
c3923df1a9a387b0,Znieff_galibier,14092394292138182576,data/crops/organized/organized_Znieff_galibier_P2_c3923df1a9a387b0.jpg,SUSPECT,0.004407399547501332,"orientation ambiguë : 2e meilleur départ à 0.00441, proche du meilleur (0.00441, ratio 1.00)"
c3b56818f9744f37,FR73ABOM150722006,14102292264654229303,data/crops/organized/organized_FR73ABOM150722006_S2_c3b56818f9744f37.jpg,SUSPECT,0.004633913885618496,"orientation ambiguë : 2e meilleur départ à 0.00463, proche du meilleur (0.00463, ratio 1.00)"
c3d8e617e12b4d61,CD388229b,14112282422601796961,data/crops/organized/organized_CD388229b_S1_c3d8e617e12b4d61.jpg,SUSPECT,0.004724027314043671,"orientation ambiguë : 2e meilleur départ à 0.00472, proche du meilleur (0.00472, ratio 1.00)"
c3ebd4f6b0feebea,FR04ABOM220722051,14117611612919491562,data/crops/organized/organized_FR04ABOM220722051_P2_c3ebd4f6b0feebea.jpg,SUSPECT,0.004403083791888898,"orientation ambiguë : 2e meilleur départ à 0.00440, proche du meilleur (0.00440, ratio 1.00)"
c4042b709edabf5d,FR15ABOM200821209,14124462094042185565,data/crops/organized/organized_FR15ABOM200821209_P2_c4042b709edabf5d.jpg,SUSPECT,0.004578582488883672,"orientation ambiguë : 2e meilleur départ à 0.00458, proche du meilleur (0.00458, ratio 1.00)"
c423a0dbc4455ef3,OPIE_Lapi_270702,14133316921369911027,data/crops/organized/organized_OPIE_Lapi_270702_S2_c423a0dbc4455ef3.jpg,SUSPECT,0.004557472615393316,"orientation ambiguë : 2e meilleur départ à 0.00456, proche du meilleur (0.00456, ratio 1.00)"
c428998b2d66e0a9,FR15ABOM120621015,14134716253543522473,data/crops/organized/organized_FR15ABOM120621015_P1_c428998b2d66e0a9.jpg,FAILED,inf,"13 landmarks, 18 attendus"
c443396d1d2ffd49,VAN-2019.00824,14142210395677392201,data/crops/organized/organized_VAN-2019.00824_S3_c443396d1d2ffd49.jpg,SUSPECT,0.004762440975237458,"orientation ambiguë : 2e meilleur départ à 0.00476, proche du meilleur (0.00476, ratio 1.00)"
c464caf691f260c1,FR04ABOM220722050,14151659089464287425,data/crops/organized/organized_FR04ABOM220722050_P2_c464caf691f260c1.jpg,SUSPECT,0.004610935576997547,"orientation ambiguë : 2e meilleur départ à 0.00461, proche du meilleur (0.00461, ratio 1.00)"
c46a808e240be564,CD388860,14153266126943675748,data/crops/organized/organized_CD388860_S2_c46a808e240be564.jpg,SUSPECT,0.004499569506477385,"orientation ambiguë : 2e meilleur départ à 0.00450, proche du meilleur (0.00450, ratio 1.00)"
c46e7fbdfb5c0a5e,FR15ABOM100721032,14154391132814707294,data/crops/organized/organized_FR15ABOM100721032_P2_c46e7fbdfb5c0a5e.jpg,FAILED,inf,"12 landmarks, 18 attendus"
c47ff77c80977a8e,NoName14,14159307867581545102,data/crops/organized/organized_NoName14_S2_c47ff77c80977a8e.jpg,SUSPECT,0.004435031532835202,"orientation ambiguë : 2e meilleur départ à 0.00444, proche du meilleur (0.00444, ratio 1.00)"
c4a15cf927a0c403,FR15_ABOM17082020015,14168708127865750531,data/crops/organized/organized_FR15_ABOM17082020015_S3_c4a15cf927a0c403.jpg,SUSPECT,0.004581278005325639,"orientation ambiguë : 2e meilleur départ à 0.00458, proche du meilleur (0.00458, ratio 1.00)"
c4aa927a391861da,ABAURA8205d,14171300231116251610,data/crops/organized/organized_ABAURA8205d_S1_c4aa927a391861da.jpg,SUSPECT,0.004501178488383899,"orientation ambiguë : 2e meilleur départ à 0.00450, proche du meilleur (0.00450, ratio 1.00)"
c4ba9eabf7eee7da,15L2021-1514,14175817238538282970,data/crops/organized/organized_15L2021-1514_S2_c4ba9eabf7eee7da.jpg,SUSPECT,0.004477201830044306,"orientation ambiguë : 2e meilleur départ à 0.00448, proche du meilleur (0.00448, ratio 1.00)"
c4ccac306ab1f113,CollecYvan9,14180898650631303443,data/crops/organized/organized_CollecYvan9_P1_c4ccac306ab1f113.jpg,SUSPECT,0.004713357815674204,"orientation ambiguë : 2e meilleur départ à 0.00471, proche du meilleur (0.00471, ratio 1.00)"
c4cdb5ec72cce0a3,ABAURA8885f,14181190828802498723,data/crops/organized/organized_ABAURA8885f_P2_c4cdb5ec72cce0a3.jpg,SUSPECT,0.004530439871820263,"orientation ambiguë : 2e meilleur départ à 0.00453, proche du meilleur (0.00453, ratio 1.00)"
c53d799e70b31e75,FR05ABOM220722023,14212649720453734005,data/crops/organized/organized_FR05ABOM220722023_S3_c53d799e70b31e75.jpg,SUSPECT,0.004530093358692126,"orientation ambiguë : 2e meilleur départ à 0.00453, proche du meilleur (0.00453, ratio 1.00)"
c53e929c4ab17765,FR15ABOM210822015,14212958673993561957,data/crops/organized/organized_FR15ABOM210822015_P1_c53e929c4ab17765.jpg,SUSPECT,0.004414731667367793,"orientation ambiguë : 2e meilleur départ à 0.00441, proche du meilleur (0.00441, ratio 1.00)"
c55d7d9366cdc47c,2020.03936,14221661270344320124,data/crops/organized/organized_2020.03936_P2_c55d7d9366cdc47c.jpg,SUSPECT,0.004668586999258858,"orientation ambiguë : 2e meilleur départ à 0.00467, proche du meilleur (0.00467, ratio 1.00)"
c561dbf785e87b04,CD387766,14222890954362747652,data/crops/organized/organized_CD387766_S3_c561dbf785e87b04.jpg,SUSPECT,0.0047811028327808735,"orientation ambiguë : 2e meilleur départ à 0.00478, proche du meilleur (0.00478, ratio 1.00)"
c56cc0e16b2dae9f,FR15ABOM170821018,14225957397354884767,data/crops/organized/organized_FR15ABOM170821018_S3_c56cc0e16b2dae9f.jpg,SUSPECT,0.004555353773178974,"orientation ambiguë : 2e meilleur départ à 0.00456, proche du meilleur (0.00456, ratio 1.00)"
c590fed4a218ea8d,FR15ABOM210822015,14236158611324201613,data/crops/organized/organized_FR15ABOM210822015_S3_c590fed4a218ea8d.jpg,SUSPECT,0.004464473509232254,"orientation ambiguë : 2e meilleur départ à 0.00446, proche du meilleur (0.00446, ratio 1.00)"
c5c1095e92123444,FR73ABOM130722030,14249680997759202372,data/crops/organized/organized_FR73ABOM130722030_P1_c5c1095e92123444.jpg,SUSPECT,0.004399210899547243,"orientation ambiguë : 2e meilleur départ à 0.00440, proche du meilleur (0.00440, ratio 1.00)"
c5c9c6055bca1b47,FR73ABOM120722027,14252140222107753287,data/crops/organized/organized_FR73ABOM120722027_S1_c5c9c6055bca1b47.jpg,SUSPECT,0.004605541544573798,"orientation ambiguë : 2e meilleur départ à 0.00461, proche du meilleur (0.00461, ratio 1.00)"
c60f336ddc159cb3,CEN187839,14271682291097246899,data/crops/organized/organized_CEN187839_P2_c60f336ddc159cb3.jpg,SUSPECT,0.004734804948037041,"orientation ambiguë : 2e meilleur départ à 0.00473, proche du meilleur (0.00473, ratio 1.00)"
c616a404ab32255b,2020.06244,14273776408956380507,data/crops/organized/organized_2020.06244_S2_c616a404ab32255b.jpg,SUSPECT,0.004572230978688346,"orientation ambiguë : 2e meilleur départ à 0.00457, proche du meilleur (0.00457, ratio 1.00)"
c65a5dbe26ae86c7,FR73ABOM130722005,14292839438687831751,data/crops/organized/organized_FR73ABOM130722005_P2_c65a5dbe26ae86c7.jpg,SUSPECT,0.004463166797532064,"orientation ambiguë : 2e meilleur départ à 0.00446, proche du meilleur (0.00446, ratio 1.00)"
c65d83bfada7e71a,POLLINIS5985,14293725651619276570,data/crops/organized/organized_POLLINIS5985_S3_c65d83bfada7e71a.jpg,SUSPECT,0.0042934435981836225,"orientation ambiguë : 2e meilleur départ à 0.00429, proche du meilleur (0.00429, ratio 1.00)"
c65f9c21faf38527,15L2021-1731,14294315412055360807,data/crops/organized/organized_15L2021-1731_P1_c65f9c21faf38527.jpg,SUSPECT,0.004662836367212212,"orientation ambiguë : 2e meilleur départ à 0.00466, proche du meilleur (0.00466, ratio 1.00)"
c67535cce48ceb2c,CollecYvan11,14300395345908919084,data/crops/organized/organized_CollecYvan11_P2_c67535cce48ceb2c.jpg,SUSPECT,0.004773242206681159,"orientation ambiguë : 2e meilleur départ à 0.00477, proche du meilleur (0.00477, ratio 1.00)"
c675a40265a4ffca,CD388872,14300516521987080138,data/crops/organized/organized_CD388872_P2_c675a40265a4ffca.jpg,SUSPECT,0.004612043874999019,"orientation ambiguë : 2e meilleur départ à 0.00461, proche du meilleur (0.00461, ratio 1.00)"
c6881ae0d3da9141,POLLINIS4982,14305713769271693633,data/crops/organized/organized_POLLINIS4982_S5_c6881ae0d3da9141.jpg,SUSPECT,0.0070297335463557625,"orientation ambiguë : 2e meilleur départ à 0.00703, proche du meilleur (0.00703, ratio 1.00)"
c68992e9528d989a,CD387766b,14306127222129137818,data/crops/organized/organized_CD387766b_S2_c68992e9528d989a.jpg,SUSPECT,0.004705288052723603,"orientation ambiguë : 2e meilleur départ à 0.00471, proche du meilleur (0.00471, ratio 1.00)"
c6b1a50183838b34,ABAURA8607,14317406116307503924,data/crops/organized/organized_ABAURA8607_S3_c6b1a50183838b34.jpg,SUSPECT,0.0045635064046156415,"orientation ambiguë : 2e meilleur départ à 0.00456, proche du meilleur (0.00456, ratio 1.00)"
c6b55fbd3e5e3ac2,FR15ABOM210821100,14318455856694180546,data/crops/organized/organized_FR15ABOM210821100_S3_c6b55fbd3e5e3ac2.jpg,SUSPECT,0.0042336413425755485,"orientation ambiguë : 2e meilleur départ à 0.00423, proche du meilleur (0.00423, ratio 1.00)"
c6da44f9711b51af,BAR.2018.00342,14328841002567815599,data/crops/organized/organized_BAR.2018.00342_S1_c6da44f9711b51af.jpg,SUSPECT,0.004380326033632851,"orientation ambiguë : 2e meilleur départ à 0.00438, proche du meilleur (0.00438, ratio 1.00)"
c70c050738a6fc7d,ATBI_GR5,14342844441841564797,data/crops/organized/organized_ATBI_GR5_P1_c70c050738a6fc7d.jpg,SUSPECT,0.004467489119653191,"orientation ambiguë : 2e meilleur départ à 0.00447, proche du meilleur (0.00447, ratio 1.00)"
c7159f3fdab919ff,CollecYvan17,14345547284659902975,data/crops/organized/organized_CollecYvan17_S1_c7159f3fdab919ff.jpg,SUSPECT,0.004526694514233996,"orientation ambiguë : 2e meilleur départ à 0.00453, proche du meilleur (0.00453, ratio 1.00)"
c72ac211bacf5bc6,CD388860b,14351496543973891014,data/crops/organized/organized_CD388860b_S3_c72ac211bacf5bc6.jpg,SUSPECT,0.004682346746295526,"orientation ambiguë : 2e meilleur départ à 0.00468, proche du meilleur (0.00468, ratio 1.00)"
c73c3ac02033dd51,FR15ABOM210821048,14356414308998700369,data/crops/organized/organized_FR15ABOM210821048_P2_c73c3ac02033dd51.jpg,SUSPECT,0.004448010411073198,"orientation ambiguë : 2e meilleur départ à 0.00445, proche du meilleur (0.00445, ratio 1.00)"
c7682df69cc5d268,15L2021-1585,14368785148340982376,data/crops/organized/organized_15L2021-1585_S3_c7682df69cc5d268.jpg,FAILED,inf,"16 landmarks, 18 attendus"
c76d46e4f0642cb8,FR73ABOM120722070,14370219935108705464,data/crops/organized/organized_FR73ABOM120722070_P1_c76d46e4f0642cb8.jpg,SUSPECT,0.004669169399919714,"orientation ambiguë : 2e meilleur départ à 0.00467, proche du meilleur (0.00467, ratio 1.00)"
c779f73a0c9a877f,2019.01788,14373791514421266303,data/crops/organized/organized_2019.01788_P1_c779f73a0c9a877f.jpg,SUSPECT,0.004558398156155627,"orientation ambiguë : 2e meilleur départ à 0.00456, proche du meilleur (0.00456, ratio 1.00)"
c78082f8629115b9,FR74ABOM160722015,14375634013883798969,data/crops/organized/organized_FR74ABOM160722015_S2_c78082f8629115b9.jpg,SUSPECT,0.004723259120186301,"orientation ambiguë : 2e meilleur départ à 0.00472, proche du meilleur (0.00472, ratio 1.00)"
c79381a77f8582b6,CD388018,14380980591523103414,data/crops/organized/organized_CD388018_S1_c79381a77f8582b6.jpg,SUSPECT,0.004563199261174176,"orientation ambiguë : 2e meilleur départ à 0.00456, proche du meilleur (0.00456, ratio 1.00)"
c7a312f8a9dcc639,FR15_ABOM09082020094,14385362493962503737,data/crops/organized/organized_FR15_ABOM09082020094_S3_c7a312f8a9dcc639.jpg,SUSPECT,0.004553471399770515,"orientation ambiguë : 2e meilleur départ à 0.00455, proche du meilleur (0.00455, ratio 1.00)"
c7c26cdf51465428,POLLINIS5985,14394187065426596904,data/crops/organized/organized_POLLINIS5985_S1_c7c26cdf51465428.jpg,SUSPECT,0.004374254699824197,"orientation ambiguë : 2e meilleur départ à 0.00437, proche du meilleur (0.00437, ratio 1.00)"
c7cc7e4683a20759,FR04ABOM220722054,14397020950117877593,data/crops/organized/organized_FR04ABOM220722054_P2_c7cc7e4683a20759.jpg,SUSPECT,0.0046468682686455366,"orientation ambiguë : 2e meilleur départ à 0.00465, proche du meilleur (0.00465, ratio 1.00)"
c7d765af4370bc01,ABAURA8207b,14400090136965594113,data/crops/organized/organized_ABAURA8207b_S2_c7d765af4370bc01.jpg,SUSPECT,0.004491984986346311,"orientation ambiguë : 2e meilleur départ à 0.00449, proche du meilleur (0.00449, ratio 1.00)"
c7dd3329937bb890,POLLINIS4981,14401723437061748880,data/crops/organized/organized_POLLINIS4981_P1_c7dd3329937bb890.jpg,SUSPECT,0.004651371090258982,"orientation ambiguë : 2e meilleur départ à 0.00465, proche du meilleur (0.00465, ratio 1.00)"
c7ff4c797881ad9c,FR73ABOM200722040,14411321417205394844,data/crops/organized/organized_FR73ABOM200722040_P2_c7ff4c797881ad9c.jpg,SUSPECT,0.004518594590096839,"orientation ambiguë : 2e meilleur départ à 0.00452, proche du meilleur (0.00452, ratio 1.00)"
c801c09fd339ccd7,15L2021-1742,14412012075238411479,data/crops/organized/organized_15L2021-1742_P2_c801c09fd339ccd7.jpg,SUSPECT,0.004709916210870908,"orientation ambiguë : 2e meilleur départ à 0.00471, proche du meilleur (0.00471, ratio 1.00)"
c80642feba041457,FR73ABOM200722032,14413281319255807063,data/crops/organized/organized_FR73ABOM200722032_S3_c80642feba041457.jpg,SUSPECT,0.004638239714014472,"orientation ambiguë : 2e meilleur départ à 0.00464, proche du meilleur (0.00464, ratio 1.00)"
c807e15caa4276d9,CD387303,14413736920532285145,data/crops/organized/organized_CD387303_S2_c807e15caa4276d9.jpg,SUSPECT,0.004556573884625889,"orientation ambiguë : 2e meilleur départ à 0.00456, proche du meilleur (0.00456, ratio 1.00)"
c821b3d86ef13e5a,FR73ABOM140722039,14421005223972650586,data/crops/organized/organized_FR73ABOM140722039_S2_c821b3d86ef13e5a.jpg,SUSPECT,0.004481774155941721,"orientation ambiguë : 2e meilleur départ à 0.00448, proche du meilleur (0.00448, ratio 1.00)"
c82b93199fb9ccc6,FR73ABOM140722026,14423783969847364806,data/crops/organized/organized_FR73ABOM140722026_P2_c82b93199fb9ccc6.jpg,SUSPECT,0.0047288147877257965,"orientation ambiguë : 2e meilleur départ à 0.00473, proche du meilleur (0.00473, ratio 1.00)"
c82bff6b8c885eaa,FR73ABOM130722063,14423903068968476330,data/crops/organized/organized_FR73ABOM130722063_S3_c82bff6b8c885eaa.jpg,SUSPECT,0.00474965783890018,"orientation ambiguë : 2e meilleur départ à 0.00475, proche du meilleur (0.00475, ratio 1.00)"
c846b8362a0ca8ff,CollecYvan10,14431424598728550655,data/crops/organized/organized_CollecYvan10_P2_c846b8362a0ca8ff.jpg,SUSPECT,0.0046075465913715296,"orientation ambiguë : 2e meilleur départ à 0.00461, proche du meilleur (0.00461, ratio 1.00)"
c8628b9ca448117c,OPIE_Lapi_260620,14439256860190577020,data/crops/organized/organized_OPIE_Lapi_260620_P2_c8628b9ca448117c.jpg,SUSPECT,0.004519082853180836,"orientation ambiguë : 2e meilleur départ à 0.00452, proche du meilleur (0.00452, ratio 1.00)"
c877b46874015911,CD388821b,14445212690529999121,data/crops/organized/organized_CD388821b_S1_c877b46874015911.jpg,SUSPECT,0.004756957867686373,"orientation ambiguë : 2e meilleur départ à 0.00476, proche du meilleur (0.00476, ratio 1.00)"
c880d129d6ef87a1,ABAURA8625,14447777582234437537,data/crops/organized/organized_ABAURA8625_S2_c880d129d6ef87a1.jpg,SUSPECT,0.004466509783097006,"orientation ambiguë : 2e meilleur départ à 0.00447, proche du meilleur (0.00447, ratio 1.00)"
c888c88c93a0dd03,FR15ABOM210821143,14450019910516006147,data/crops/organized/organized_FR15ABOM210821143_S2_c888c88c93a0dd03.jpg,SUSPECT,0.004514776753701679,"orientation ambiguë : 2e meilleur départ à 0.00451, proche du meilleur (0.00451, ratio 1.00)"
c8a7abdde7d549ef,FR15ABOM210821177,14458714098261903855,data/crops/organized/organized_FR15ABOM210821177_S3_c8a7abdde7d549ef.jpg,SUSPECT,0.0044346395641988055,"orientation ambiguë : 2e meilleur départ à 0.00443, proche du meilleur (0.00443, ratio 1.00)"
c8a85c1420b8d079,ABAURA8867,14458907845191061625,data/crops/organized/organized_ABAURA8867_S2_c8a85c1420b8d079.jpg,SUSPECT,0.004724136316431274,"orientation ambiguë : 2e meilleur départ à 0.00472, proche du meilleur (0.00472, ratio 1.00)"
c8b221d70e8456e3,ABAURA8595,14461658560985323235,data/crops/organized/organized_ABAURA8595_P2_c8b221d70e8456e3.jpg,SUSPECT,0.004467894128178536,"orientation ambiguë : 2e meilleur départ à 0.00447, proche du meilleur (0.00447, ratio 1.00)"
c8b67fcc7def4830,D26-5618,14462887769609816112,data/crops/organized/organized_D26-5618_P3_c8b67fcc7def4830.jpg,FAILED,inf,"1 landmarks, 18 attendus"
c8dbb97849e2df91,FR15_ABOM30072020042,14473365753772040081,data/crops/organized/organized_FR15_ABOM30072020042_S1_c8dbb97849e2df91.jpg,SUSPECT,0.004531566899019139,"orientation ambiguë : 2e meilleur départ à 0.00453, proche du meilleur (0.00453, ratio 1.00)"
c9007f72f4afb67f,ABAURA7548,14483716533331670655,data/crops/organized/organized_ABAURA7548_S3_c9007f72f4afb67f.jpg,SUSPECT,0.004541510134463701,"orientation ambiguë : 2e meilleur départ à 0.00454, proche du meilleur (0.00454, ratio 1.00)"
c93976c44a2a03b0,FR04ABOM220722054,14499751060725957552,data/crops/organized/organized_FR04ABOM220722054_P1_c93976c44a2a03b0.jpg,SUSPECT,0.0046106909047674465,"orientation ambiguë : 2e meilleur départ à 0.00461, proche du meilleur (0.00461, ratio 1.00)"
c93f5590c98263bb,CD388235b,14501403405500703675,data/crops/organized/organized_CD388235b_S3_c93f5590c98263bb.jpg,SUSPECT,0.004674144112511001,"orientation ambiguë : 2e meilleur départ à 0.00467, proche du meilleur (0.00467, ratio 1.00)"
c94558d31db9148d,CD387287,14503095838776562829,data/crops/organized/organized_CD387287_P1_c94558d31db9148d.jpg,SUSPECT,0.004433504937012378,"orientation ambiguë : 2e meilleur départ à 0.00443, proche du meilleur (0.00443, ratio 1.00)"
c9536a5cc7d78e54,15L2021-1514,14507055771412827732,data/crops/organized/organized_15L2021-1514_P2_c9536a5cc7d78e54.jpg,SUSPECT,0.004477598749071794,"orientation ambiguë : 2e meilleur départ à 0.00448, proche du meilleur (0.00448, ratio 1.00)"
c955aaacc2dde60b,FR73ABOM130722067,14507689433624339979,data/crops/organized/organized_FR73ABOM130722067_P1_c955aaacc2dde60b.jpg,SUSPECT,0.0044089818280040344,"orientation ambiguë : 2e meilleur départ à 0.00441, proche du meilleur (0.00441, ratio 1.00)"
c95bf0f00eedb0f2,FR73ABOM200722017,14509455538337460466,data/crops/organized/organized_FR73ABOM200722017_S1_c95bf0f00eedb0f2.jpg,SUSPECT,0.004496329046537741,"orientation ambiguë : 2e meilleur départ à 0.00450, proche du meilleur (0.00450, ratio 1.00)"
c95c3a3cadc7ccf1,FR15_ABOM07082020038,14509536131768896753,data/crops/organized/organized_FR15_ABOM07082020038_S3_c95c3a3cadc7ccf1.jpg,SUSPECT,0.004493593755850127,"orientation ambiguë : 2e meilleur départ à 0.00449, proche du meilleur (0.00449, ratio 1.00)"
c95e5a0832eda3e8,CD387313,14510134040694989800,data/crops/organized/organized_CD387313_S2_c95e5a0832eda3e8.jpg,SUSPECT,0.004300923555650122,"orientation ambiguë : 2e meilleur départ à 0.00430, proche du meilleur (0.00430, ratio 1.00)"
c9ab37ffb868924c,NoName1,14531770194091086412,data/crops/organized/organized_NoName1_S3_c9ab37ffb868924c.jpg,SUSPECT,0.00470604538586945,"orientation ambiguë : 2e meilleur départ à 0.00471, proche du meilleur (0.00471, ratio 1.00)"
c9be1e92c23e0426,NoName11,14537090262871442470,data/crops/organized/organized_NoName11_S1_c9be1e92c23e0426.jpg,SUSPECT,0.004180764463045272,"orientation ambiguë : 2e meilleur départ à 0.00418, proche du meilleur (0.00418, ratio 1.00)"
c9c2f3c449411fe2,ABAURA8526b,14538450571473526754,data/crops/organized/organized_ABAURA8526b_S2_c9c2f3c449411fe2.jpg,SUSPECT,0.004425367284637261,"orientation ambiguë : 2e meilleur départ à 0.00443, proche du meilleur (0.00443, ratio 1.00)"
c9d8d2aa594b8e83,OPIE_Lapi_060803,14544606625677414019,data/crops/organized/organized_OPIE_Lapi_060803_S1_c9d8d2aa594b8e83.jpg,SUSPECT,0.004208903014581033,"orientation ambiguë : 2e meilleur départ à 0.00421, proche du meilleur (0.00421, ratio 1.00)"
c9dd7d0425a86283,FR05ABOM220722024,14545919828241703555,data/crops/organized/organized_FR05ABOM220722024_P1_c9dd7d0425a86283.jpg,SUSPECT,0.0047944746218123654,"orientation ambiguë : 2e meilleur départ à 0.00479, proche du meilleur (0.00479, ratio 1.00)"
ca042ecfbc7894cb,FR15_ABOM080820039,14556811365323412683,data/crops/organized/organized_FR15_ABOM080820039_S3_ca042ecfbc7894cb.jpg,SUSPECT,0.004715762666152005,"orientation ambiguë : 2e meilleur départ à 0.00472, proche du meilleur (0.00472, ratio 1.00)"
ca5cd2d38c547b0e,POLLINIS5985,14581761499553102606,data/crops/organized/organized_POLLINIS5985_P2_ca5cd2d38c547b0e.jpg,SUSPECT,0.004424194096124545,"orientation ambiguë : 2e meilleur départ à 0.00442, proche du meilleur (0.00442, ratio 1.00)"
ca6c368954da5cd0,FR15ABOM170821074,14586093256608210128,data/crops/organized/organized_FR15ABOM170821074_S1_ca6c368954da5cd0.jpg,SUSPECT,0.004536447769248331,"orientation ambiguë : 2e meilleur départ à 0.00454, proche du meilleur (0.00454, ratio 1.00)"
ca8bbf9b929516ad,FR15ABOM210821014,14594969692324304557,data/crops/organized/organized_FR15ABOM210821014_S2_ca8bbf9b929516ad.jpg,SUSPECT,0.004198806095878361,"orientation ambiguë : 2e meilleur départ à 0.00420, proche du meilleur (0.00420, ratio 1.00)"
caacb4f34c6ecd04,FR73ABOM120722103,14604246648708058372,data/crops/organized/organized_FR73ABOM120722103_S1_caacb4f34c6ecd04.jpg,SUSPECT,0.004499841406323011,"orientation ambiguë : 2e meilleur départ à 0.00450, proche du meilleur (0.00450, ratio 1.00)"
cadb5b301de8e736,NoName3,14617377277779437366,data/crops/organized/organized_NoName3_S2_cadb5b301de8e736.jpg,SUSPECT,0.004385802080637648,"orientation ambiguë : 2e meilleur départ à 0.00439, proche du meilleur (0.00439, ratio 1.00)"
cade8e63aba3c605,CD388623d,14618277999223752197,data/crops/organized/organized_CD388623d_P2_cade8e63aba3c605.jpg,SUSPECT,0.004621789915577758,"orientation ambiguë : 2e meilleur départ à 0.00462, proche du meilleur (0.00462, ratio 1.00)"
cb19bab0081eeef0,FR15ABOM120722071,14634933729330392816,data/crops/organized/organized_FR15ABOM120722071_S3_cb19bab0081eeef0.jpg,SUSPECT,0.004166385905483582,"orientation ambiguë : 2e meilleur départ à 0.00417, proche du meilleur (0.00417, ratio 1.00)"
cb1e6e1e894307f1,FR15_STPONCY300921002,14636256916431636465,data/crops/organized/organized_FR15_STPONCY300921002_S3_cb1e6e1e894307f1.jpg,SUSPECT,0.004665617574506902,"orientation ambiguë : 2e meilleur départ à 0.00467, proche du meilleur (0.00467, ratio 1.00)"
cb393915445f9c59,ABAURA8885c,14643798426876091481,data/crops/organized/organized_ABAURA8885c_P1_cb393915445f9c59.jpg,SUSPECT,0.004399443511135181,"orientation ambiguë : 2e meilleur départ à 0.00440, proche du meilleur (0.00440, ratio 1.00)"
cb3ab6df982d3e81,FR04ABOM220722055,14644218209795653249,data/crops/organized/organized_FR04ABOM220722055_P1_cb3ab6df982d3e81.jpg,SUSPECT,0.004489046001386289,"orientation ambiguë : 2e meilleur départ à 0.00449, proche du meilleur (0.00449, ratio 1.00)"
cb48f03f27e52c73,ABAURA8238e,14648221942065474675,data/crops/organized/organized_ABAURA8238e_S3_cb48f03f27e52c73.jpg,SUSPECT,0.004680185232378519,"orientation ambiguë : 2e meilleur départ à 0.00468, proche du meilleur (0.00468, ratio 1.00)"
cb9ca097d9e73218,OPPO.2021.03276,14671778260122546712,data/crops/organized/organized_OPPO.2021.03276_S3_cb9ca097d9e73218.jpg,SUSPECT,0.004502851198650712,"orientation ambiguë : 2e meilleur départ à 0.00450, proche du meilleur (0.00450, ratio 1.00)"
cbc47a7e9add6c49,FR74ABOM160722001,14682995369317329993,data/crops/organized/organized_FR74ABOM160722001_S1_cbc47a7e9add6c49.jpg,SUSPECT,0.004430802115515407,"orientation ambiguë : 2e meilleur départ à 0.00443, proche du meilleur (0.00443, ratio 1.00)"
cbd50e5a892e2f51,FR73ABOM130722018,14687661541750091601,data/crops/organized/organized_FR73ABOM130722018_S1_cbd50e5a892e2f51.jpg,SUSPECT,0.004603567448526629,"orientation ambiguë : 2e meilleur départ à 0.00460, proche du meilleur (0.00460, ratio 1.00)"
cc1181553d841722,N385,14704676461445650210,data/crops/organized/organized_N385_S3_cc1181553d841722.jpg,SUSPECT,0.004308774693630427,"orientation ambiguë : 2e meilleur départ à 0.00431, proche du meilleur (0.00431, ratio 1.00)"
cc147045d33008c7,OPIE_Lapi_220620,14705502128469706951,data/crops/organized/organized_OPIE_Lapi_220620_P1_cc147045d33008c7.jpg,SUSPECT,0.004618296896039991,"orientation ambiguë : 2e meilleur départ à 0.00462, proche du meilleur (0.00462, ratio 1.00)"
cc268e948186c45a,FR15ABOM210821139,14710602001331700826,data/crops/organized/organized_FR15ABOM210821139_P2_cc268e948186c45a.jpg,SUSPECT,0.004656750548833171,"orientation ambiguë : 2e meilleur départ à 0.00466, proche du meilleur (0.00466, ratio 1.00)"
cc3450a317353b75,FR73ABOM120722025,14714474543925508981,data/crops/organized/organized_FR73ABOM120722025_S2_cc3450a317353b75.jpg,SUSPECT,0.004592867788556407,"orientation ambiguë : 2e meilleur départ à 0.00459, proche du meilleur (0.00459, ratio 1.00)"
cc3c22195821b1bd,FR73ABOM120722025,14716675174588068285,data/crops/organized/organized_FR73ABOM120722025_S1_cc3c22195821b1bd.jpg,SUSPECT,0.004644246174312317,"orientation ambiguë : 2e meilleur départ à 0.00464, proche du meilleur (0.00464, ratio 1.00)"
cc442522e1d6733a,UBC-2011.0157,14718930313901667130,data/crops/organized/organized_UBC-2011.0157_P2_cc442522e1d6733a.jpg,SUSPECT,0.0062990656837459144,"orientation ambiguë : 2e meilleur départ à 0.00673, proche du meilleur (0.00630, ratio 1.07)"
cc6283d672e01eca,ABAURA8595,14727478688528473802,data/crops/organized/organized_ABAURA8595_P1_cc6283d672e01eca.jpg,SUSPECT,0.004445807890438125,"orientation ambiguë : 2e meilleur départ à 0.00445, proche du meilleur (0.00445, ratio 1.00)"
cc638cb70bbd624a,FR04ABOM220722001,14727769924235518538,data/crops/organized/organized_FR04ABOM220722001_P2_cc638cb70bbd624a.jpg,SUSPECT,0.004736181810682637,"orientation ambiguë : 2e meilleur départ à 0.00474, proche du meilleur (0.00474, ratio 1.00)"
cc6a05ffe31822a1,FR73ABOM130722018,14729592127853437601,data/crops/organized/organized_FR73ABOM130722018_P2_cc6a05ffe31822a1.jpg,SUSPECT,0.004662299844384909,"orientation ambiguë : 2e meilleur départ à 0.00466, proche du meilleur (0.00466, ratio 1.00)"
ccad969de9a5ff31,FR15_ABOM080820007,14748609959682244401,data/crops/organized/organized_FR15_ABOM080820007_S3_ccad969de9a5ff31.jpg,SUSPECT,0.004850572753000933,"orientation ambiguë : 2e meilleur départ à 0.00485, proche du meilleur (0.00485, ratio 1.00)"
ccb572e950f85b4c,FR15ABOM210821128,14750822500933327692,data/crops/organized/organized_FR15ABOM210821128_S3_ccb572e950f85b4c.jpg,SUSPECT,0.004279256444687584,"orientation ambiguë : 2e meilleur départ à 0.00428, proche du meilleur (0.00428, ratio 1.00)"
cccb122cef76d185,2020.00470,14756908588214964613,data/crops/organized/organized_2020.00470_P3_cccb122cef76d185.jpg,SUSPECT,0.004459057211949943,"orientation ambiguë : 2e meilleur départ à 0.00446, proche du meilleur (0.00446, ratio 1.00)"
ccced128bcb80bd0,FR15_ABOM180720048,14757963001834769360,data/crops/organized/organized_FR15_ABOM180720048_P1_ccced128bcb80bd0.jpg,SUSPECT,0.004369850611968217,"orientation ambiguë : 2e meilleur départ à 0.00437, proche du meilleur (0.00437, ratio 1.00)"
cccfad799c7c8c7b,CD388135,14758205241744460923,data/crops/organized/organized_CD388135_S1_cccfad799c7c8c7b.jpg,SUSPECT,0.004600854363476247,"orientation ambiguë : 2e meilleur départ à 0.00460, proche du meilleur (0.00460, ratio 1.00)"
ccd1dc15355d87f5,15L2021-1757,14758819437517572085,data/crops/organized/organized_15L2021-1757_S3_ccd1dc15355d87f5.jpg,SUSPECT,0.004573014883740213,"orientation ambiguë : 2e meilleur départ à 0.00457, proche du meilleur (0.00457, ratio 1.00)"
cce98b8dd2e79601,FR73ABOM140722015,14765486294555923969,data/crops/organized/organized_FR73ABOM140722015_S1_cce98b8dd2e79601.jpg,SUSPECT,0.00467514689150351,"orientation ambiguë : 2e meilleur départ à 0.00468, proche du meilleur (0.00468, ratio 1.00)"
ccee660140e38890,15L2021-1546,14766852383764088976,data/crops/organized/organized_15L2021-1546_S3_ccee660140e38890.jpg,SUSPECT,0.004453966580187873,"orientation ambiguë : 2e meilleur départ à 0.00445, proche du meilleur (0.00445, ratio 1.00)"
cd2762c296200f6e,FR15_ABOM30072020048,14782892889748803438,data/crops/organized/organized_FR15_ABOM30072020048_P1_cd2762c296200f6e.jpg,SUSPECT,0.004302092101376489,"orientation ambiguë : 2e meilleur départ à 0.00430, proche du meilleur (0.00430, ratio 1.00)"
cd2dc77c5dd58795,NoName5,14784692488691353493,data/crops/organized/organized_NoName5_S1_cd2dc77c5dd58795.jpg,SUSPECT,0.004290499900279906,"orientation ambiguë : 2e meilleur départ à 0.00429, proche du meilleur (0.00429, ratio 1.00)"
cd34087cac3a4831,OPIE_Lapi_220620c,14786452808122648625,data/crops/organized/organized_OPIE_Lapi_220620c_S3_cd34087cac3a4831.jpg,SUSPECT,0.004498187661976814,"orientation ambiguë : 2e meilleur départ à 0.00450, proche du meilleur (0.00450, ratio 1.00)"
cd4e3b88e202b896,VAN-2019.00783,14793827285052078230,data/crops/organized/organized_VAN-2019.00783_S2_cd4e3b88e202b896.jpg,SUSPECT,0.00449018624914679,"orientation ambiguë : 2e meilleur départ à 0.00449, proche du meilleur (0.00449, ratio 1.00)"
cd51dac21bf69714,FR15_ABOM180720047,14794846778116445972,data/crops/organized/organized_FR15_ABOM180720047_S2_cd51dac21bf69714.jpg,SUSPECT,0.004452060100907555,"orientation ambiguë : 2e meilleur départ à 0.00445, proche du meilleur (0.00445, ratio 1.00)"
cd5a024bfef6c67b,15L2021-1757,14797142051102574203,data/crops/organized/organized_15L2021-1757_S1_cd5a024bfef6c67b.jpg,SUSPECT,0.004695682038043136,"orientation ambiguë : 2e meilleur départ à 0.00470, proche du meilleur (0.00470, ratio 1.00)"
cd9124b5dd7dfa2c,FR04ABOM220722054,14812661012921973292,data/crops/organized/organized_FR04ABOM220722054_S1_cd9124b5dd7dfa2c.jpg,SUSPECT,0.004603279610526218,"orientation ambiguë : 2e meilleur départ à 0.00460, proche du meilleur (0.00460, ratio 1.00)"
cda7b1ab623c99c5,NoName6,14819008448531569093,data/crops/organized/organized_NoName6_P2_cda7b1ab623c99c5.jpg,SUSPECT,0.004601739209175764,"orientation ambiguë : 2e meilleur départ à 0.00460, proche du meilleur (0.00460, ratio 1.00)"
ce0865f9bf0c2f48,ABAURA8238e,14846228294953348936,data/crops/organized/organized_ABAURA8238e_P2_ce0865f9bf0c2f48.jpg,SUSPECT,0.004664502988897048,"orientation ambiguë : 2e meilleur départ à 0.00466, proche du meilleur (0.00466, ratio 1.00)"
ce70b9ab91b153c9,NoName11,14875593715739612105,data/crops/organized/organized_NoName11_S2_ce70b9ab91b153c9.jpg,SUSPECT,0.004277794448485855,"orientation ambiguë : 2e meilleur départ à 0.00428, proche du meilleur (0.00428, ratio 1.00)"
ce9a8921c45d6e60,2019.02059,14887362296347979360,data/crops/organized/organized_2019.02059_S2_ce9a8921c45d6e60.jpg,SUSPECT,0.004506170476175383,"orientation ambiguë : 2e meilleur départ à 0.00451, proche du meilleur (0.00451, ratio 1.00)"
cea051bcc567392f,FR15ABOM200722064,14888990239294437679,data/crops/organized/organized_FR15ABOM200722064_P1_cea051bcc567392f.jpg,SUSPECT,0.004221206539836466,"orientation ambiguë : 2e meilleur départ à 0.00422, proche du meilleur (0.00422, ratio 1.00)"
ceafb566f959c213,POLLINIS4982,14893321946612220435,data/crops/organized/organized_POLLINIS4982_S2_ceafb566f959c213.jpg,FAILED,inf,"14 landmarks, 18 attendus"
ceb496f734de14b8,2020.00471,14894695856109130936,data/crops/organized/organized_2020.00471_P3_ceb496f734de14b8.jpg,SUSPECT,0.004666196682077683,"orientation ambiguë : 2e meilleur départ à 0.00467, proche du meilleur (0.00467, ratio 1.00)"
ceb4a8f8dd34ab68,FR05ABOM220722025,14894715654437645160,data/crops/organized/organized_FR05ABOM220722025_S2_ceb4a8f8dd34ab68.jpg,SUSPECT,0.004550428880994835,"orientation ambiguë : 2e meilleur départ à 0.00455, proche du meilleur (0.00455, ratio 1.00)"
cedc8644b3a540b7,POLLINIS4982,14905936496319348919,data/crops/organized/organized_POLLINIS4982_P2_cedc8644b3a540b7.jpg,FAILED,inf,"6 landmarks, 18 attendus"
cee4a8e4e9ad3064,CD387766b,14908226367629635684,data/crops/organized/organized_CD387766b_S1_cee4a8e4e9ad3064.jpg,SUSPECT,0.004470271735974329,"orientation ambiguë : 2e meilleur départ à 0.00447, proche du meilleur (0.00447, ratio 1.00)"
cee57c2d99b94e99,CD387303,14908458676774325913,data/crops/organized/organized_CD387303_P1_cee57c2d99b94e99.jpg,SUSPECT,0.004484814801943048,"orientation ambiguë : 2e meilleur départ à 0.00448, proche du meilleur (0.00448, ratio 1.00)"
cee85e9538e7dd43,N126,14909270561407884611,data/crops/organized/organized_N126_S1_cee85e9538e7dd43.jpg,SUSPECT,0.004327676809612423,"orientation ambiguë : 2e meilleur départ à 0.00433, proche du meilleur (0.00433, ratio 1.00)"
cef5edace93bae09,FR73ABOM130722021,14913087068010425865,data/crops/organized/organized_FR73ABOM130722021_P1_cef5edace93bae09.jpg,SUSPECT,0.004479234412896081,"orientation ambiguë : 2e meilleur départ à 0.00448, proche du meilleur (0.00448, ratio 1.00)"
cf01c2d61c1f0150,FR73ABOM130722018,14916417665678377296,data/crops/organized/organized_FR73ABOM130722018_S3_cf01c2d61c1f0150.jpg,SUSPECT,0.0046468788318692646,"orientation ambiguë : 2e meilleur départ à 0.00465, proche du meilleur (0.00465, ratio 1.00)"
cf062b9e7cc206dc,OPIE_Lapi_110702,14917658775409264348,data/crops/organized/organized_OPIE_Lapi_110702_S2_cf062b9e7cc206dc.jpg,SUSPECT,0.004702288993657524,"orientation ambiguë : 2e meilleur départ à 0.00470, proche du meilleur (0.00470, ratio 1.00)"
cf0faaadc3d15531,15L2021-1514,14920331753793082673,data/crops/organized/organized_15L2021-1514_S1_cf0faaadc3d15531.jpg,SUSPECT,0.004394235243650658,"orientation ambiguë : 2e meilleur départ à 0.00439, proche du meilleur (0.00439, ratio 1.00)"
cf10586bc3dfc643,CD388018d,14920522785349420611,data/crops/organized/organized_CD388018d_P1_cf10586bc3dfc643.jpg,SUSPECT,0.004521948440061458,"orientation ambiguë : 2e meilleur départ à 0.00452, proche du meilleur (0.00452, ratio 1.00)"
cf11d20b2de6aaee,ABAURA8201,14920937985911728878,data/crops/organized/organized_ABAURA8201_S1_cf11d20b2de6aaee.jpg,SUSPECT,0.0046302706293219215,"orientation ambiguë : 2e meilleur départ à 0.00463, proche du meilleur (0.00463, ratio 1.00)"
cf183efdb01d5a06,POLLINIS4393,14922746624594500102,data/crops/organized/organized_POLLINIS4393_P1_cf183efdb01d5a06.jpg,SUSPECT,0.0046445329949822865,"orientation ambiguë : 2e meilleur départ à 0.00464, proche du meilleur (0.00464, ratio 1.00)"
cf59d5e8b857b373,FR73ABOM120722072,14941208434280215411,data/crops/organized/organized_FR73ABOM120722072_S3_cf59d5e8b857b373.jpg,SUSPECT,0.004573169131046781,"orientation ambiguë : 2e meilleur départ à 0.00457, proche du meilleur (0.00457, ratio 1.00)"
cf5a6971368d211b,OPPO_5923,14941370648722481435,data/crops/organized/organized_OPPO_5923_S1_cf5a6971368d211b.jpg,SUSPECT,0.0047395653457165815,"orientation ambiguë : 2e meilleur départ à 0.00474, proche du meilleur (0.00474, ratio 1.00)"
cf6f0a6bcf33d7a9,NoName4,14947177146420025257,data/crops/organized/organized_NoName4_S3_cf6f0a6bcf33d7a9.jpg,SUSPECT,0.004482734675442847,"orientation ambiguë : 2e meilleur départ à 0.00448, proche du meilleur (0.00448, ratio 1.00)"
cfa71cdb188697e8,FR15_ABOM07082020049,14962960014296651752,data/crops/organized/organized_FR15_ABOM07082020049_P1_cfa71cdb188697e8.jpg,SUSPECT,0.004554868326597676,"orientation ambiguë : 2e meilleur départ à 0.00455, proche du meilleur (0.00455, ratio 1.00)"
cfb7473d192c358c,CD388146,14967510214330037644,data/crops/organized/organized_CD388146_P1_cfb7473d192c358c.jpg,SUSPECT,0.0044054340434192246,"orientation ambiguë : 2e meilleur départ à 0.00441, proche du meilleur (0.00441, ratio 1.00)"
cffceab476a8c995,OPIE_Lapi_130720,14987111720787954069,data/crops/organized/organized_OPIE_Lapi_130720_S1_cffceab476a8c995.jpg,SUSPECT,0.004471269885446004,"orientation ambiguë : 2e meilleur départ à 0.00447, proche du meilleur (0.00447, ratio 1.00)"
d000587b89de9bb6,ABAURA8238,14988076847506299830,data/crops/organized/organized_ABAURA8238_S2_d000587b89de9bb6.jpg,SUSPECT,0.004687254072106903,"orientation ambiguë : 2e meilleur départ à 0.00469, proche du meilleur (0.00469, ratio 1.00)"
d0107407acaec916,2020.00410,14992610735827110166,data/crops/organized/organized_2020.00410_S3_d0107407acaec916.jpg,SUSPECT,0.004530977808244667,"orientation ambiguë : 2e meilleur départ à 0.00453, proche du meilleur (0.00453, ratio 1.00)"
d010d58137e645b8,15L2021-1546,14992717910481716664,data/crops/organized/organized_15L2021-1546_S2_d010d58137e645b8.jpg,SUSPECT,0.004408446762093451,"orientation ambiguë : 2e meilleur départ à 0.00441, proche du meilleur (0.00441, ratio 1.00)"
d030c718d516727f,CD388018b,15001709268239282815,data/crops/organized/organized_CD388018b_S2_d030c718d516727f.jpg,SUSPECT,0.004551095048160476,"orientation ambiguë : 2e meilleur départ à 0.00455, proche du meilleur (0.00455, ratio 1.00)"
d052ead34e1f1181,CollecYvan19,15011318701248942465,data/crops/organized/organized_CollecYvan19_P1_d052ead34e1f1181.jpg,SUSPECT,0.004518724708130354,"orientation ambiguë : 2e meilleur départ à 0.00452, proche du meilleur (0.00452, ratio 1.00)"
d0700f200f2c5bc5,FR73ABOM130722001,15019521387648539589,data/crops/organized/organized_FR73ABOM130722001_S2_d0700f200f2c5bc5.jpg,SUSPECT,0.004645214970287907,"orientation ambiguë : 2e meilleur départ à 0.00465, proche du meilleur (0.00465, ratio 1.00)"
d08693a8297ef879,CD388872,15025859557228214393,data/crops/organized/organized_CD388872_S3_d08693a8297ef879.jpg,SUSPECT,0.004546939846017471,"orientation ambiguë : 2e meilleur départ à 0.00455, proche du meilleur (0.00455, ratio 1.00)"
d0a0609588c13443,FR73ABOM130722005,15033121751523472451,data/crops/organized/organized_FR73ABOM130722005_S2_d0a0609588c13443.jpg,SUSPECT,0.004469489678471853,"orientation ambiguë : 2e meilleur départ à 0.00447, proche du meilleur (0.00447, ratio 1.00)"
d0a8dee43df77f2c,NoName7,15035512427849940780,data/crops/organized/organized_NoName7_S3_d0a8dee43df77f2c.jpg,SUSPECT,0.0045044445075956,"orientation ambiguë : 2e meilleur départ à 0.00450, proche du meilleur (0.00450, ratio 1.00)"
d0beecd8f4913a59,CD388013,15041720222024284761,data/crops/organized/organized_CD388013_P2_d0beecd8f4913a59.jpg,SUSPECT,0.004518430953188654,"orientation ambiguë : 2e meilleur départ à 0.00452, proche du meilleur (0.00452, ratio 1.00)"
d0dac4b3a6c8ccad,FR15ABOM210821110,15049557380688301229,data/crops/organized/organized_FR15ABOM210821110_S1_d0dac4b3a6c8ccad.jpg,SUSPECT,0.004416600922481843,"orientation ambiguë : 2e meilleur départ à 0.00442, proche du meilleur (0.00442, ratio 1.00)"
d0e93f9c4dd65bed,FR73ABOM130722040,15053633170015935469,data/crops/organized/organized_FR73ABOM130722040_S1_d0e93f9c4dd65bed.jpg,SUSPECT,0.004415002563906595,"orientation ambiguë : 2e meilleur départ à 0.00442, proche du meilleur (0.00442, ratio 1.00)"
d0eaf69f96d1eda9,2013.0265,15054115869729877417,data/crops/organized/organized_2013.0265_P2_d0eaf69f96d1eda9.jpg,SUSPECT,0.00690069059851193,"orientation ambiguë : 2e meilleur départ à 0.00690, proche du meilleur (0.00690, ratio 1.00)"
d0f4abfb5ea34360,ABAURA8212,15056848550319309664,data/crops/organized/organized_ABAURA8212_S1_d0f4abfb5ea34360.jpg,SUSPECT,0.004750014919204246,"orientation ambiguë : 2e meilleur départ à 0.00475, proche du meilleur (0.00475, ratio 1.00)"
d13ede557e71f9fb,2019.02118,15077733061257984507,data/crops/organized/organized_2019.02118_S1_d13ede557e71f9fb.jpg,SUSPECT,0.004529057779328794,"orientation ambiguë : 2e meilleur départ à 0.00453, proche du meilleur (0.00453, ratio 1.00)"
d150d3a5853f704a,CD388145,15082787859922382922,data/crops/organized/organized_CD388145_P1_d150d3a5853f704a.jpg,SUSPECT,0.0045532204160138095,"orientation ambiguë : 2e meilleur départ à 0.00455, proche du meilleur (0.00455, ratio 1.00)"
d176c1636b13fa55,FR15ABOM060621003,15093463833921190485,data/crops/organized/organized_FR15ABOM060621003_S1_d176c1636b13fa55.jpg,SUSPECT,0.004869507592700133,"orientation ambiguë : 2e meilleur départ à 0.00487, proche du meilleur (0.00487, ratio 1.00)"
d1854b7116591ec0,2017.06254,15097556274907782848,data/crops/organized/organized_2017.06254_S1_d1854b7116591ec0.jpg,SUSPECT,0.004587776941542008,"orientation ambiguë : 2e meilleur départ à 0.00459, proche du meilleur (0.00459, ratio 1.00)"
d190313493a03d5a,FR73ABOM130722029,15100623652458085722,data/crops/organized/organized_FR73ABOM130722029_P1_d190313493a03d5a.jpg,SUSPECT,0.0040766753366212605,"orientation ambiguë : 2e meilleur départ à 0.00408, proche du meilleur (0.00408, ratio 1.00)"
d195e32cc636adfa,FR15ABOM210821128,15102226706900364794,data/crops/organized/organized_FR15ABOM210821128_P2_d195e32cc636adfa.jpg,SUSPECT,0.004429752549267016,"orientation ambiguë : 2e meilleur départ à 0.00443, proche du meilleur (0.00443, ratio 1.00)"
d19ae1f7c8c137ae,ABB-2020.00106,15103632754681657262,data/crops/organized/organized_ABB-2020.00106_P2_d19ae1f7c8c137ae.jpg,SUSPECT,0.004476131929969257,"orientation ambiguë : 2e meilleur départ à 0.00448, proche du meilleur (0.00448, ratio 1.00)"
d1c604a0e26ecbbf,OPIE_Lapi_B2b,15115774288355838911,data/crops/organized/organized_OPIE_Lapi_B2b_P2_d1c604a0e26ecbbf.jpg,SUSPECT,0.004905598819319331,"orientation ambiguë : 2e meilleur départ à 0.00491, proche du meilleur (0.00491, ratio 1.00)"
d20e669b00058046,CD388230c,15136148213545140294,data/crops/organized/organized_CD388230c_S2_d20e669b00058046.jpg,SUSPECT,0.004423940775155393,"orientation ambiguë : 2e meilleur départ à 0.00442, proche du meilleur (0.00442, ratio 1.00)"
d2381595f57e0402,ABAURA8150,15147881080473650178,data/crops/organized/organized_ABAURA8150_S2_d2381595f57e0402.jpg,SUSPECT,0.0046124820523817086,"orientation ambiguë : 2e meilleur départ à 0.00461, proche du meilleur (0.00461, ratio 1.00)"
d2622efd07713af5,VAN-2019.00849,15159730959968975605,data/crops/organized/organized_VAN-2019.00849_P2_d2622efd07713af5.jpg,SUSPECT,0.004400363520558031,"orientation ambiguë : 2e meilleur départ à 0.00440, proche du meilleur (0.00440, ratio 1.00)"
d285ba04da44a47e,ABAURA8595,15169735449871950974,data/crops/organized/organized_ABAURA8595_S3_d285ba04da44a47e.jpg,SUSPECT,0.004373296675701568,"orientation ambiguë : 2e meilleur départ à 0.00437, proche du meilleur (0.00437, ratio 1.00)"
d2a078c306f2dad4,FR15ABOM210821147,15177263523269106388,data/crops/organized/organized_FR15ABOM210821147_P2_d2a078c306f2dad4.jpg,SUSPECT,0.004525515771834092,"orientation ambiguë : 2e meilleur départ à 0.00453, proche du meilleur (0.00453, ratio 1.00)"
d2a231f1fbf725fe,CD388145,15177748609576150526,data/crops/organized/organized_CD388145_S1_d2a231f1fbf725fe.jpg,SUSPECT,0.004320939613193302,"orientation ambiguë : 2e meilleur départ à 0.00432, proche du meilleur (0.00432, ratio 1.00)"
d2b158d3df871eda,N407,15182013485854170842,data/crops/organized/organized_N407_P2_d2b158d3df871eda.jpg,SUSPECT,0.004555852486770469,"orientation ambiguë : 2e meilleur départ à 0.00456, proche du meilleur (0.00456, ratio 1.00)"
d2b390ef817532c6,2020.06243,15182638127139599046,data/crops/organized/organized_2020.06243_P1_d2b390ef817532c6.jpg,SUSPECT,0.004449663978479562,"orientation ambiguë : 2e meilleur départ à 0.00445, proche du meilleur (0.00445, ratio 1.00)"
d2c741e3d7fcba10,FR15_ABOM25082020010,15188180715167332880,data/crops/organized/organized_FR15_ABOM25082020010_S3_d2c741e3d7fcba10.jpg,SUSPECT,0.004486126894616165,"orientation ambiguë : 2e meilleur départ à 0.00449, proche du meilleur (0.00449, ratio 1.00)"
d2d1ad598f565a84,ABAURA8207d,15191113618265889412,data/crops/organized/organized_ABAURA8207d_S1_d2d1ad598f565a84.jpg,SUSPECT,0.004607576802502677,"orientation ambiguë : 2e meilleur départ à 0.00461, proche du meilleur (0.00461, ratio 1.00)"
d2d2acb80ae956f9,CD388821e,15191394399531128569,data/crops/organized/organized_CD388821e_S2_d2d2acb80ae956f9.jpg,SUSPECT,0.004692659124622204,"orientation ambiguë : 2e meilleur départ à 0.00469, proche du meilleur (0.00469, ratio 1.00)"
d2dae03704670179,FR15ABOM200821035,15193702819789472121,data/crops/organized/organized_FR15ABOM200821035_P2_d2dae03704670179.jpg,SUSPECT,0.004506779343641323,"orientation ambiguë : 2e meilleur départ à 0.00451, proche du meilleur (0.00451, ratio 1.00)"
d2dc5fc67061b237,NoName9,15194124548734825015,data/crops/organized/organized_NoName9_S2_d2dc5fc67061b237.jpg,SUSPECT,0.004468204848101462,"orientation ambiguë : 2e meilleur départ à 0.00447, proche du meilleur (0.00447, ratio 1.00)"
d2f0ffe49ee0409e,CD387577b,15199930099758547102,data/crops/organized/organized_CD387577b_P2_d2f0ffe49ee0409e.jpg,SUSPECT,0.004559638521431603,"orientation ambiguë : 2e meilleur départ à 0.00456, proche du meilleur (0.00456, ratio 1.00)"
d30d1f1f420da1e5,FR15_ABOM25082020008,15207845735812669925,data/crops/organized/organized_FR15_ABOM25082020008_P1_d30d1f1f420da1e5.jpg,SUSPECT,0.004480661414561223,"orientation ambiguë : 2e meilleur départ à 0.00448, proche du meilleur (0.00448, ratio 1.00)"
d31156dfa26f5475,CollecYvan4,15209032935109776501,data/crops/organized/organized_CollecYvan4_S1_d31156dfa26f5475.jpg,SUSPECT,0.0045674936480894325,"orientation ambiguë : 2e meilleur départ à 0.00457, proche du meilleur (0.00457, ratio 1.00)"
d3282af5c0bb765d,CD388146,15215458576060085853,data/crops/organized/organized_CD388146_S2_d3282af5c0bb765d.jpg,SUSPECT,0.004540890615224348,"orientation ambiguë : 2e meilleur départ à 0.00454, proche du meilleur (0.00454, ratio 1.00)"
d329f9c0463e41bf,ABAURA8205c,15215967420255453631,data/crops/organized/organized_ABAURA8205c_S3_d329f9c0463e41bf.jpg,SUSPECT,0.0046189940317219085,"orientation ambiguë : 2e meilleur départ à 0.00462, proche du meilleur (0.00462, ratio 1.00)"
d36f9e2b4a9c3eef,FR15ABOM170821115,15235569973190213359,data/crops/organized/organized_FR15ABOM170821115_P1_d36f9e2b4a9c3eef.jpg,SUSPECT,0.004674962752923729,"orientation ambiguë : 2e meilleur départ à 0.00467, proche du meilleur (0.00467, ratio 1.00)"
d3deffaac8d27054,FR15_ABOM30072020040,15266920895811317844,data/crops/organized/organized_FR15_ABOM30072020040_S2_d3deffaac8d27054.jpg,SUSPECT,0.004619547828213523,"orientation ambiguë : 2e meilleur départ à 0.00462, proche du meilleur (0.00462, ratio 1.00)"
d3e88d13918358b4,POLLINIS5985,15269609651784865972,data/crops/organized/organized_POLLINIS5985_P1_d3e88d13918358b4.jpg,SUSPECT,0.004349805402755043,"orientation ambiguë : 2e meilleur départ à 0.00435, proche du meilleur (0.00435, ratio 1.00)"
d3ed44f4b30bbc98,FR15ABOM200821202,15270937729249819800,data/crops/organized/organized_FR15ABOM200821202_P1_d3ed44f4b30bbc98.jpg,SUSPECT,0.004281398135158758,"orientation ambiguë : 2e meilleur départ à 0.00428, proche du meilleur (0.00428, ratio 1.00)"
d3efc8fddd286fe3,FR15_ABOM080820007,15271645854099337187,data/crops/organized/organized_FR15_ABOM080820007_S1_d3efc8fddd286fe3.jpg,SUSPECT,0.004740030811275081,"orientation ambiguë : 2e meilleur départ à 0.00474, proche du meilleur (0.00474, ratio 1.00)"
d4297888b341bf78,ABB.2017.20260,15287882938604175224,data/crops/organized/organized_ABB.2017.20260_S2_d4297888b341bf78.jpg,SUSPECT,0.0045248090151665775,"orientation ambiguë : 2e meilleur départ à 0.00452, proche du meilleur (0.00452, ratio 1.00)"
d4661d90b2c2b5c4,FR73ABOM130722005,15304952890976810436,data/crops/organized/organized_FR73ABOM130722005_P1_d4661d90b2c2b5c4.jpg,SUSPECT,0.004421474724783166,"orientation ambiguë : 2e meilleur départ à 0.00442, proche du meilleur (0.00442, ratio 1.00)"
d47282723e5468be,ABAURA7548,15308441510569339070,data/crops/organized/organized_ABAURA7548_S1_d47282723e5468be.jpg,SUSPECT,0.004421011274423009,"orientation ambiguë : 2e meilleur départ à 0.00442, proche du meilleur (0.00442, ratio 1.00)"
d48dc411a8b2d34b,ABAURA8627,15316113487880704843,data/crops/organized/organized_ABAURA8627_P2_d48dc411a8b2d34b.jpg,SUSPECT,0.004560801871889584,"orientation ambiguë : 2e meilleur départ à 0.00456, proche du meilleur (0.00456, ratio 1.00)"
d4a786457878b11f,VAN-2019.00814,15323363890083442975,data/crops/organized/organized_VAN-2019.00814_S2_d4a786457878b11f.jpg,SUSPECT,0.004586852334596917,"orientation ambiguë : 2e meilleur départ à 0.00459, proche du meilleur (0.00459, ratio 1.00)"
d4aa02e22ae03923,2019.02188,15324063852486736163,data/crops/organized/organized_2019.02188_P1_d4aa02e22ae03923.jpg,SUSPECT,0.004680688202072343,"orientation ambiguë : 2e meilleur départ à 0.00468, proche du meilleur (0.00468, ratio 1.00)"
d4f474dc661e36cb,FR15ABOM060621003,15345018320313005771,data/crops/organized/organized_FR15ABOM060621003_P1_d4f474dc661e36cb.jpg,SUSPECT,0.004953673952473394,"orientation ambiguë : 2e meilleur départ à 0.00495, proche du meilleur (0.00495, ratio 1.00)"
d4f66a1be9fc7e13,ATBI_GR5b,15345569448433843731,data/crops/organized/organized_ATBI_GR5b_S1_d4f66a1be9fc7e13.jpg,SUSPECT,0.0044602184707064245,"orientation ambiguë : 2e meilleur départ à 0.00446, proche du meilleur (0.00446, ratio 1.00)"
d520823d6658538f,FR15ABOM220821055,15357417929555071887,data/crops/organized/organized_FR15ABOM220821055_S3_d520823d6658538f.jpg,SUSPECT,0.004371495345665462,"orientation ambiguë : 2e meilleur départ à 0.00437, proche du meilleur (0.00437, ratio 1.00)"
d53bd4cafdf0fcb5,POLLINIS4982,15365108522013490357,data/crops/organized/organized_POLLINIS4982_S3_d53bd4cafdf0fcb5.jpg,SUSPECT,0.004551886407154645,"orientation ambiguë : 2e meilleur départ à 0.00455, proche du meilleur (0.00455, ratio 1.00)"
d5604fac58e50dfd,ABAURA8207f,15375376729487248893,data/crops/organized/organized_ABAURA8207f_S1_d5604fac58e50dfd.jpg,SUSPECT,0.0047420101603875605,"orientation ambiguë : 2e meilleur départ à 0.00474, proche du meilleur (0.00474, ratio 1.00)"
d57b0c5ac59d379c,2020.06207,15382902536216065948,data/crops/organized/organized_2020.06207_S1_d57b0c5ac59d379c.jpg,SUSPECT,0.004510546494487572,"orientation ambiguë : 2e meilleur départ à 0.00451, proche du meilleur (0.00451, ratio 1.00)"
d59580cece4b36eb,2020.00254,15390348927321192171,data/crops/organized/organized_2020.00254_S3_d59580cece4b36eb.jpg,SUSPECT,0.004313144665557276,"orientation ambiguë : 2e meilleur départ à 0.00431, proche du meilleur (0.00431, ratio 1.00)"
d59ab6fb2a645417,FR15ABOM210821139,15391815866356356119,data/crops/organized/organized_FR15ABOM210821139_S3_d59ab6fb2a645417.jpg,SUSPECT,0.004642993297364373,"orientation ambiguë : 2e meilleur départ à 0.00464, proche du meilleur (0.00464, ratio 1.00)"
d5ad70ee5fe21c6d,CollecYvan21,15397086870162775149,data/crops/organized/organized_CollecYvan21_S2_d5ad70ee5fe21c6d.jpg,SUSPECT,0.004413517774024176,"orientation ambiguë : 2e meilleur départ à 0.00441, proche du meilleur (0.00441, ratio 1.00)"
d5b333eea5479161,FR73ABOM130722040,15398708650978021729,data/crops/organized/organized_FR73ABOM130722040_P2_d5b333eea5479161.jpg,SUSPECT,0.004390811455830377,"orientation ambiguë : 2e meilleur départ à 0.00439, proche du meilleur (0.00439, ratio 1.00)"
d5b3b5e86ac37888,POLLINIS5133,15398851560738093192,data/crops/organized/organized_POLLINIS5133_P3_d5b3b5e86ac37888.jpg,FAILED,inf,"2 landmarks, 18 attendus"
d5ca45463c3563b8,ABAURA4928,15405201643334362040,data/crops/organized/organized_ABAURA4928_S3_d5ca45463c3563b8.jpg,SUSPECT,0.0044557396646832705,"orientation ambiguë : 2e meilleur départ à 0.00446, proche du meilleur (0.00446, ratio 1.00)"
d5d2c6a8bfdce52a,FR04ABOM220722060,15407595703263618346,data/crops/organized/organized_FR04ABOM220722060_P2_d5d2c6a8bfdce52a.jpg,SUSPECT,0.004211575095915255,"orientation ambiguë : 2e meilleur départ à 0.00421, proche du meilleur (0.00421, ratio 1.00)"
d5f583cf7a453ef6,FR04ABOM220722089,15417373826505588470,data/crops/organized/organized_FR04ABOM220722089_S3_d5f583cf7a453ef6.jpg,SUSPECT,0.004463846388286214,"orientation ambiguë : 2e meilleur départ à 0.00446, proche du meilleur (0.00446, ratio 1.00)"
d616aaa6180fb8c8,FR73ABOM140722026,15426705203949189320,data/crops/organized/organized_FR73ABOM140722026_P1_d616aaa6180fb8c8.jpg,SUSPECT,0.004691262612023972,"orientation ambiguë : 2e meilleur départ à 0.00469, proche du meilleur (0.00469, ratio 1.00)"
d62a43996d9035bc,FR15_ABOM25082020010,15432221399385650620,data/crops/organized/organized_FR15_ABOM25082020010_P2_d62a43996d9035bc.jpg,SUSPECT,0.00450635463274789,"orientation ambiguë : 2e meilleur départ à 0.00451, proche du meilleur (0.00451, ratio 1.00)"
d65d2fd96c83deef,FR15ABOM200821014,15446554907825659631,data/crops/organized/organized_FR15ABOM200821014_S2_d65d2fd96c83deef.jpg,SUSPECT,0.004434692264764373,"orientation ambiguë : 2e meilleur départ à 0.00443, proche du meilleur (0.00443, ratio 1.00)"
d65e738b89120c52,OPIE_Lapi_B2b,15446910815064689746,data/crops/organized/organized_OPIE_Lapi_B2b_S2_d65e738b89120c52.jpg,SUSPECT,0.00483129987227186,"orientation ambiguë : 2e meilleur départ à 0.00483, proche du meilleur (0.00483, ratio 1.00)"
d6789bd6e83b8935,CD387303,15454273468643379509,data/crops/organized/organized_CD387303_P2_d6789bd6e83b8935.jpg,SUSPECT,0.0044720837771662835,"orientation ambiguë : 2e meilleur départ à 0.00447, proche du meilleur (0.00447, ratio 1.00)"
d69fbca8a4424895,CD387577,15465287077909907605,data/crops/organized/organized_CD387577_P1_d69fbca8a4424895.jpg,SUSPECT,0.004698453101540639,"orientation ambiguë : 2e meilleur départ à 0.00470, proche du meilleur (0.00470, ratio 1.00)"
d6d83816f289ac3d,ABAURA7153,15481185390295624765,data/crops/organized/organized_ABAURA7153_P2_d6d83816f289ac3d.jpg,SUSPECT,0.00424960920088294,"orientation ambiguë : 2e meilleur départ à 0.00425, proche du meilleur (0.00425, ratio 1.00)"
d6fa5ee78afd7ec8,NoName10,15490798216856567496,data/crops/organized/organized_NoName10_S1_d6fa5ee78afd7ec8.jpg,SUSPECT,0.0044026786828571885,"orientation ambiguë : 2e meilleur départ à 0.00440, proche du meilleur (0.00440, ratio 1.00)"
d71b19564f08473b,2020.03926,15500010401009518395,data/crops/organized/organized_2020.03926_S2_d71b19564f08473b.jpg,SUSPECT,0.004731209286376269,"orientation ambiguë : 2e meilleur départ à 0.00473, proche du meilleur (0.00473, ratio 1.00)"
d71be960d126af88,FR15ABOM200821035,15500239144560799624,data/crops/organized/organized_FR15ABOM200821035_S1_d71be960d126af88.jpg,SUSPECT,0.0044756679936953725,"orientation ambiguë : 2e meilleur départ à 0.00448, proche du meilleur (0.00448, ratio 1.00)"
d72163e90045ecc8,2019.02167,15501781244769070280,data/crops/organized/organized_2019.02167_S3_d72163e90045ecc8.jpg,SUSPECT,0.0044070559163074206,"orientation ambiguë : 2e meilleur départ à 0.00441, proche du meilleur (0.00441, ratio 1.00)"
d72aa353359530de,2020.04013,15504384244952936670,data/crops/organized/organized_2020.04013_S3_d72aa353359530de.jpg,SUSPECT,0.0046783628578209715,"orientation ambiguë : 2e meilleur départ à 0.00468, proche du meilleur (0.00468, ratio 1.00)"
d72f48b3044296fd,CollecYvan2,15505691975767725821,data/crops/organized/organized_CollecYvan2_S3_d72f48b3044296fd.jpg,SUSPECT,0.004425903913589953,"orientation ambiguë : 2e meilleur départ à 0.00443, proche du meilleur (0.00443, ratio 1.00)"
d738a3e998ffcf29,FR73ABOM130722006,15508325540539911977,data/crops/organized/organized_FR73ABOM130722006_S3_d738a3e998ffcf29.jpg,SUSPECT,0.0045460165926143265,"orientation ambiguë : 2e meilleur départ à 0.00455, proche du meilleur (0.00455, ratio 1.00)"
d73bdae8637213ba,OPIE_Lapi_270702,15509230433416123322,data/crops/organized/organized_OPIE_Lapi_270702_P2_d73bdae8637213ba.jpg,SUSPECT,0.0045560710821578145,"orientation ambiguë : 2e meilleur départ à 0.00456, proche du meilleur (0.00456, ratio 1.00)"
d74da2e217dd4c5d,FR15ABOM200821209,15514235383307914333,data/crops/organized/organized_FR15ABOM200821209_S2_d74da2e217dd4c5d.jpg,SUSPECT,0.004427199333280469,"orientation ambiguë : 2e meilleur départ à 0.00443, proche du meilleur (0.00443, ratio 1.00)"
d78ec10fc972c200,FR15_ABOM09082020078,15532564438395830784,data/crops/organized/organized_FR15_ABOM09082020078_P2_d78ec10fc972c200.jpg,SUSPECT,0.004347479686644881,"orientation ambiguë : 2e meilleur départ à 0.00435, proche du meilleur (0.00435, ratio 1.00)"
d7938f2f44a5a35f,ABAURA8526,15533916972908913503,data/crops/organized/organized_ABAURA8526_S3_d7938f2f44a5a35f.jpg,SUSPECT,0.004626170274542218,"orientation ambiguë : 2e meilleur départ à 0.00463, proche du meilleur (0.00463, ratio 1.00)"
d7c74d5252023db2,FR15_ABOM30072020042,15548481254478462386,data/crops/organized/organized_FR15_ABOM30072020042_S3_d7c74d5252023db2.jpg,SUSPECT,0.004500928083243243,"orientation ambiguë : 2e meilleur départ à 0.00450, proche du meilleur (0.00450, ratio 1.00)"
d7ccae17d65d64aa,FR15_ABOM023082020028,15549995030807405738,data/crops/organized/organized_FR15_ABOM023082020028_P1_d7ccae17d65d64aa.jpg,SUSPECT,0.004700940082426301,"orientation ambiguë : 2e meilleur départ à 0.00470, proche du meilleur (0.00470, ratio 1.00)"
d7d5ca9ae01a7dbe,2020.03886,15552559654727482814,data/crops/organized/organized_2020.03886_S2_d7d5ca9ae01a7dbe.jpg,SUSPECT,0.004388490237779398,"orientation ambiguë : 2e meilleur départ à 0.00439, proche du meilleur (0.00439, ratio 1.00)"
d7f8af2ef710ad1a,FR73ABOM200722029,15562381128627170586,data/crops/organized/organized_FR73ABOM200722029_P2_d7f8af2ef710ad1a.jpg,SUSPECT,0.004439718806857789,"orientation ambiguë : 2e meilleur départ à 0.00444, proche du meilleur (0.00444, ratio 1.00)"
d820dd849dfa6a31,FR15ABOM210821137,15573691073103030833,data/crops/organized/organized_FR15ABOM210821137_S1_d820dd849dfa6a31.jpg,SUSPECT,0.00464949186111075,"orientation ambiguë : 2e meilleur départ à 0.00465, proche du meilleur (0.00465, ratio 1.00)"
d8786d61fbbce24a,N815,15598337577000428106,data/crops/organized/organized_N815_S1_d8786d61fbbce24a.jpg,SUSPECT,0.0047655730305824085,"orientation ambiguë : 2e meilleur départ à 0.00477, proche du meilleur (0.00477, ratio 1.00)"
d883fe7419088695,FR15_STPONCY300921024,15601593308731180693,data/crops/organized/organized_FR15_STPONCY300921024_P1_d883fe7419088695.jpg,SUSPECT,0.004415806942617058,"orientation ambiguë : 2e meilleur départ à 0.00442, proche du meilleur (0.00442, ratio 1.00)"
d8865a7d3b9b1e8f,UBC-2014.0001,15602257452989095567,data/crops/organized/organized_UBC-2014.0001_P4_d8865a7d3b9b1e8f.jpg,SUSPECT,0.009530114205778682,"orientation ambiguë : 2e meilleur départ à 0.00953, proche du meilleur (0.00953, ratio 1.00)"
d8ba4e07ca980f36,OPIE_Lapi_A1,15616880453231316790,data/crops/organized/organized_OPIE_Lapi_A1_S1_d8ba4e07ca980f36.jpg,SUSPECT,0.004613766728560646,"orientation ambiguë : 2e meilleur départ à 0.00461, proche du meilleur (0.00461, ratio 1.00)"
d8cb99b8bdb3ae85,ABAURA8240,15621748751200398981,data/crops/organized/organized_ABAURA8240_S2_d8cb99b8bdb3ae85.jpg,SUSPECT,0.004787073939699148,"orientation ambiguë : 2e meilleur départ à 0.00479, proche du meilleur (0.00479, ratio 1.00)"
d8efbfabbf7a317c,OPIE_Lapi_260620,15631923575999050108,data/crops/organized/organized_OPIE_Lapi_260620_S2_d8efbfabbf7a317c.jpg,SUSPECT,0.0045066393629919965,"orientation ambiguë : 2e meilleur départ à 0.00451, proche du meilleur (0.00451, ratio 1.00)"
d8f452d167f3aff0,CollecYvan24,15633211265855500272,data/crops/organized/organized_CollecYvan24_P1_d8f452d167f3aff0.jpg,SUSPECT,0.004415967193534795,"orientation ambiguë : 2e meilleur départ à 0.00442, proche du meilleur (0.00442, ratio 1.00)"
d9145a0900f00a78,CollecYvan9,15642226400481512056,data/crops/organized/organized_CollecYvan9_S2_d9145a0900f00a78.jpg,SUSPECT,0.004629678263947185,"orientation ambiguë : 2e meilleur départ à 0.00463, proche du meilleur (0.00463, ratio 1.00)"
d955755a4a672fef,ABAURA8239,15660552309906550767,data/crops/organized/organized_ABAURA8239_P1_d955755a4a672fef.jpg,SUSPECT,0.004546702130759337,"orientation ambiguë : 2e meilleur départ à 0.00455, proche du meilleur (0.00455, ratio 1.00)"
d96cabd12609cd22,ABAURA4936,15667086118489804066,data/crops/organized/organized_ABAURA4936_S1_d96cabd12609cd22.jpg,SUSPECT,0.004435941716162312,"orientation ambiguë : 2e meilleur départ à 0.00444, proche du meilleur (0.00444, ratio 1.00)"
d9735e1fe0d40b9f,CD388821e,15668971019561077663,data/crops/organized/organized_CD388821e_P2_d9735e1fe0d40b9f.jpg,SUSPECT,0.004668833145764524,"orientation ambiguë : 2e meilleur départ à 0.00467, proche du meilleur (0.00467, ratio 1.00)"
d976bf7c9a5bfc13,POLLINIS4984,15669922495368789011,data/crops/organized/organized_POLLINIS4984_P2_d976bf7c9a5bfc13.jpg,SUSPECT,0.00441626525126522,"orientation ambiguë : 2e meilleur départ à 0.00442, proche du meilleur (0.00442, ratio 1.00)"
d9b67d5517603d76,FR15_ABOM25082020007,15687864156409576822,data/crops/organized/organized_FR15_ABOM25082020007_P1_d9b67d5517603d76.jpg,SUSPECT,0.004459617425563143,"orientation ambiguë : 2e meilleur départ à 0.00446, proche du meilleur (0.00446, ratio 1.00)"
d9d25c393cbaccb5,CD388860,15695709052241366197,data/crops/organized/organized_CD388860_P1_d9d25c393cbaccb5.jpg,SUSPECT,0.004566934027796277,"orientation ambiguë : 2e meilleur départ à 0.00457, proche du meilleur (0.00457, ratio 1.00)"
d9da96bac849c80d,FR74ABOM160722015,15698025180121647117,data/crops/organized/organized_FR74ABOM160722015_P2_d9da96bac849c80d.jpg,SUSPECT,0.0046601079718150565,"orientation ambiguë : 2e meilleur départ à 0.00466, proche du meilleur (0.00466, ratio 1.00)"
d9f6d6fc75935966,FR15ABOM210821171,15705977130293877094,data/crops/organized/organized_FR15ABOM210821171_S2_d9f6d6fc75935966.jpg,SUSPECT,0.004713639404275785,"orientation ambiguë : 2e meilleur départ à 0.00471, proche du meilleur (0.00471, ratio 1.00)"
d9f756ea734431c4,OPIE_Lapi_180702,15706117790434079172,data/crops/organized/organized_OPIE_Lapi_180702_P1_d9f756ea734431c4.jpg,SUSPECT,0.004442156103064987,"orientation ambiguë : 2e meilleur départ à 0.00444, proche du meilleur (0.00444, ratio 1.00)"
d9fb897d407d1818,CD388229b,15707299296430594072,data/crops/organized/organized_CD388229b_S2_d9fb897d407d1818.jpg,SUSPECT,0.004756340094334083,"orientation ambiguë : 2e meilleur départ à 0.00476, proche du meilleur (0.00476, ratio 1.00)"
da02567753682912,FR73ABOM200722017,15709213520722143506,data/crops/organized/organized_FR73ABOM200722017_P1_da02567753682912.jpg,SUSPECT,0.004570465639799272,"orientation ambiguë : 2e meilleur départ à 0.00457, proche du meilleur (0.00457, ratio 1.00)"
da23195f610e0326,CD388821d,15718435021894058790,data/crops/organized/organized_CD388821d_P1_da23195f610e0326.jpg,SUSPECT,0.004567330183730744,"orientation ambiguë : 2e meilleur départ à 0.00457, proche du meilleur (0.00457, ratio 1.00)"
da72dafb91ec87b0,FR15ABOM210822012,15740884421633148848,data/crops/organized/organized_FR15ABOM210822012_P1_da72dafb91ec87b0.jpg,SUSPECT,0.004701637285181531,"orientation ambiguë : 2e meilleur départ à 0.00470, proche du meilleur (0.00470, ratio 1.00)"
da8e14b89a3174a1,NoName12,15748547730054673569,data/crops/organized/organized_NoName12_P1_da8e14b89a3174a1.jpg,SUSPECT,0.004563761663704013,"orientation ambiguë : 2e meilleur départ à 0.00456, proche du meilleur (0.00456, ratio 1.00)"
dac313acd8e3d06b,CollecYvan5,15763464753820979307,data/crops/organized/organized_CollecYvan5_P2_dac313acd8e3d06b.jpg,SUSPECT,0.004336192858935596,"orientation ambiguë : 2e meilleur départ à 0.00434, proche du meilleur (0.00434, ratio 1.00)"
dad082e1346adb40,FR73ABOM120722002,15767246199182777152,data/crops/organized/organized_FR73ABOM120722002_P2_dad082e1346adb40.jpg,SUSPECT,0.004872498375946997,"orientation ambiguë : 2e meilleur départ à 0.00487, proche du meilleur (0.00487, ratio 1.00)"
dae64bca9912a600,2020.00470,15773378078435354112,data/crops/organized/organized_2020.00470_S2_dae64bca9912a600.jpg,SUSPECT,0.004510196625792117,"orientation ambiguë : 2e meilleur départ à 0.00451, proche du meilleur (0.00451, ratio 1.00)"
db19a5a84f084285,ABAURA8205c,15787832111023014533,data/crops/organized/organized_ABAURA8205c_P2_db19a5a84f084285.jpg,SUSPECT,0.004415048618085861,"orientation ambiguë : 2e meilleur départ à 0.00442, proche du meilleur (0.00442, ratio 1.00)"
db1d238509e95eba,FR04ABOM220722061,15788814922934738618,data/crops/organized/organized_FR04ABOM220722061_S2_db1d238509e95eba.jpg,SUSPECT,0.004347524907348164,"orientation ambiguë : 2e meilleur départ à 0.00435, proche du meilleur (0.00435, ratio 1.00)"
db1fe3f70cb48f80,ABAURA8150b,15789589468793835392,data/crops/organized/organized_ABAURA8150b_S3_db1fe3f70cb48f80.jpg,SUSPECT,0.004759688363640628,"orientation ambiguë : 2e meilleur départ à 0.00476, proche du meilleur (0.00476, ratio 1.00)"
db28a80826245804,CD387766,15792056846327764996,data/crops/organized/organized_CD387766_P2_db28a80826245804.jpg,SUSPECT,0.004656088781005724,"orientation ambiguë : 2e meilleur départ à 0.00466, proche du meilleur (0.00466, ratio 1.00)"
db3d23d9432b8128,FR15ABOM210821174,15797822483927367976,data/crops/organized/organized_FR15ABOM210821174_S2_db3d23d9432b8128.jpg,SUSPECT,0.00441088528863662,"orientation ambiguë : 2e meilleur départ à 0.00441, proche du meilleur (0.00441, ratio 1.00)"
db44fa7f8f049b92,FR15ABOM210821210,15800028818489777042,data/crops/organized/organized_FR15ABOM210821210_P1_db44fa7f8f049b92.jpg,SUSPECT,0.004366595170807603,"orientation ambiguë : 2e meilleur départ à 0.00437, proche du meilleur (0.00437, ratio 1.00)"
db4e575200f7a8cc,POLLINIS5943,15802664152204814540,data/crops/organized/organized_POLLINIS5943_P2_db4e575200f7a8cc.jpg,SUSPECT,0.004350920085680954,"orientation ambiguë : 2e meilleur départ à 0.00435, proche du meilleur (0.00435, ratio 1.00)"
db820ed3b1b0ee43,D26-5618,15817221143660654147,data/crops/organized/organized_D26-5618_P2_db820ed3b1b0ee43.jpg,FAILED,inf,"4 landmarks, 18 attendus"
dbb36498da0710e4,ABAURA8238d,15831107722793128164,data/crops/organized/organized_ABAURA8238d_S2_dbb36498da0710e4.jpg,SUSPECT,0.00441032208532318,"orientation ambiguë : 2e meilleur départ à 0.00441, proche du meilleur (0.00441, ratio 1.00)"
dbdc610bd1a4b72b,FR73ABOM200722018,15842644292572329771,data/crops/organized/organized_FR73ABOM200722018_S1_dbdc610bd1a4b72b.jpg,SUSPECT,0.004565881925939393,"orientation ambiguë : 2e meilleur départ à 0.00457, proche du meilleur (0.00457, ratio 1.00)"
dbe4610f00a63d0e,FR15ABOM220821085,15844896106059545870,data/crops/organized/organized_FR15ABOM220821085_S3_dbe4610f00a63d0e.jpg,SUSPECT,0.0046744841740942785,"orientation ambiguë : 2e meilleur départ à 0.00467, proche du meilleur (0.00467, ratio 1.00)"
dbf72b33a02f17fb,2019.02118,15850184914284517371,data/crops/organized/organized_2019.02118_S3_dbf72b33a02f17fb.jpg,SUSPECT,0.004529653026353856,"orientation ambiguë : 2e meilleur départ à 0.00453, proche du meilleur (0.00453, ratio 1.00)"
dbf8b670371ae2a4,CD388623d,15850619481607561892,data/crops/organized/organized_CD388623d_P1_dbf8b670371ae2a4.jpg,SUSPECT,0.004643747447717724,"orientation ambiguë : 2e meilleur départ à 0.00464, proche du meilleur (0.00464, ratio 1.00)"
dbff801b44a2b9ab,FR15ABOM210821119,15852530067971422635,data/crops/organized/organized_FR15ABOM210821119_S2_dbff801b44a2b9ab.jpg,SUSPECT,0.00413737324569468,"orientation ambiguë : 2e meilleur départ à 0.00414, proche du meilleur (0.00414, ratio 1.00)"
dc01cb705151f520,FR15ABOM200821126,15853175846581957920,data/crops/organized/organized_FR15ABOM200821126_S2_dc01cb705151f520.jpg,SUSPECT,0.004414015654214714,"orientation ambiguë : 2e meilleur départ à 0.00441, proche du meilleur (0.00441, ratio 1.00)"
dc0d92a6c64c9f5d,N815,15856491108030521181,data/crops/organized/organized_N815_S4_dc0d92a6c64c9f5d.jpg,SUSPECT,0.004637307375877824,"orientation ambiguë : 2e meilleur départ à 0.00464, proche du meilleur (0.00464, ratio 1.00)"
dc133ae60c936310,ABB.2017.20260,15858083472629523216,data/crops/organized/organized_ABB.2017.20260_S3_dc133ae60c936310.jpg,SUSPECT,0.004657934178085487,"orientation ambiguë : 2e meilleur départ à 0.00466, proche du meilleur (0.00466, ratio 1.00)"
dc1e2ee57d934d89,2019.00316,15861166500834659721,data/crops/organized/organized_2019.00316_S3_dc1e2ee57d934d89.jpg,SUSPECT,0.0045485090896530056,"orientation ambiguë : 2e meilleur départ à 0.00455, proche du meilleur (0.00455, ratio 1.00)"
dc6d0931fbbb016f,ABB.2017.20260,15883361571086991727,data/crops/organized/organized_ABB.2017.20260_P2_dc6d0931fbbb016f.jpg,SUSPECT,0.00457960464262651,"orientation ambiguë : 2e meilleur départ à 0.00458, proche du meilleur (0.00458, ratio 1.00)"
dcaea6c21d9a4f3d,ABAURA8207e,15901830686942318397,data/crops/organized/organized_ABAURA8207e_S3_dcaea6c21d9a4f3d.jpg,SUSPECT,0.004476498391545108,"orientation ambiguë : 2e meilleur départ à 0.00448, proche du meilleur (0.00448, ratio 1.00)"
dcbd01483c58fa9a,ABAURA5593,15905870868704197274,data/crops/organized/organized_ABAURA5593_P2_dcbd01483c58fa9a.jpg,SUSPECT,0.004616771747596031,"orientation ambiguë : 2e meilleur départ à 0.00462, proche du meilleur (0.00462, ratio 1.00)"
dcbd2af986d811c3,FR73ABOM200722019,15905916710139990467,data/crops/organized/organized_FR73ABOM200722019_P1_dcbd2af986d811c3.jpg,SUSPECT,0.004809305906539791,"orientation ambiguë : 2e meilleur départ à 0.00481, proche du meilleur (0.00481, ratio 1.00)"
dccb77f374b157db,FR15ABOM210822016,15909941996134946779,data/crops/organized/organized_FR15ABOM210822016_S1_dccb77f374b157db.jpg,SUSPECT,0.004565073275609796,"orientation ambiguë : 2e meilleur départ à 0.00457, proche du meilleur (0.00457, ratio 1.00)"
dcdeae67d7e12586,ABAURA7153,15915349894200632710,data/crops/organized/organized_ABAURA7153_S2_dcdeae67d7e12586.jpg,SUSPECT,0.004263740173309084,"orientation ambiguë : 2e meilleur départ à 0.00426, proche du meilleur (0.00426, ratio 1.00)"
dd2cad734f608905,ABAURA8228,15937303892121913605,data/crops/organized/organized_ABAURA8228_P2_dd2cad734f608905.jpg,SUSPECT,0.004712914255262126,"orientation ambiguë : 2e meilleur départ à 0.00471, proche du meilleur (0.00471, ratio 1.00)"
dd35c71ecc32ada4,FR15ABOM210821128,15939865391236558244,data/crops/organized/organized_FR15ABOM210821128_S2_dd35c71ecc32ada4.jpg,SUSPECT,0.00433905498496441,"orientation ambiguë : 2e meilleur départ à 0.00434, proche du meilleur (0.00434, ratio 1.00)"
dd47f932e32ab106,FR15ABOM210821171,15944987002683437318,data/crops/organized/organized_FR15ABOM210821171_S3_dd47f932e32ab106.jpg,SUSPECT,0.004663071009377841,"orientation ambiguë : 2e meilleur départ à 0.00466, proche du meilleur (0.00466, ratio 1.00)"
dd485bd2d093fa7e,OPIE_Lapi_230620b,15945095441705859710,data/crops/organized/organized_OPIE_Lapi_230620b_P1_dd485bd2d093fa7e.jpg,SUSPECT,0.004586912030442889,"orientation ambiguë : 2e meilleur départ à 0.00459, proche du meilleur (0.00459, ratio 1.00)"
dd5e4e4917a4d6fd,CD388013,15951273006029133565,data/crops/organized/organized_CD388013_S1_dd5e4e4917a4d6fd.jpg,SUSPECT,0.00461975434275623,"orientation ambiguë : 2e meilleur départ à 0.00462, proche du meilleur (0.00462, ratio 1.00)"
dd87ffa6867f65f5,OPIE_Lapi_100820,15963008494924162549,data/crops/organized/organized_OPIE_Lapi_100820_S2_dd87ffa6867f65f5.jpg,SUSPECT,0.004352200256261778,"orientation ambiguë : 2e meilleur départ à 0.00435, proche du meilleur (0.00435, ratio 1.00)"
dd948583a36dfa0d,FR73ABOM200722040,15966533379364354573,data/crops/organized/organized_FR73ABOM200722040_S1_dd948583a36dfa0d.jpg,SUSPECT,0.00438045169924722,"orientation ambiguë : 2e meilleur départ à 0.00438, proche du meilleur (0.00438, ratio 1.00)"
ddd7b63ef5b5d8fb,2017.06254,15985445783901427963,data/crops/organized/organized_2017.06254_P1_ddd7b63ef5b5d8fb.jpg,SUSPECT,0.004491497228669062,"orientation ambiguë : 2e meilleur départ à 0.00449, proche du meilleur (0.00449, ratio 1.00)"
de0124c90d21cdcb,ABAURA4904,15997107797324058059,data/crops/organized/organized_ABAURA4904_P2_de0124c90d21cdcb.jpg,SUSPECT,0.00451069000615723,"orientation ambiguë : 2e meilleur départ à 0.00451, proche du meilleur (0.00451, ratio 1.00)"
de1a90e13beb25a6,FR15ABOM170821030,16004263522861786534,data/crops/organized/organized_FR15ABOM170821030_S3_de1a90e13beb25a6.jpg,SUSPECT,0.004446764347581223,"orientation ambiguë : 2e meilleur départ à 0.00445, proche du meilleur (0.00445, ratio 1.00)"
de836fde9aea1f5f,OPIE_Lapi_260620b,16033782100241555295,data/crops/organized/organized_OPIE_Lapi_260620b_P2_de836fde9aea1f5f.jpg,SUSPECT,0.004327143210709021,"orientation ambiguë : 2e meilleur départ à 0.00433, proche du meilleur (0.00433, ratio 1.00)"
de8fcc7c2b3c2e17,ABAURA8151,16037261631763000855,data/crops/organized/organized_ABAURA8151_S2_de8fcc7c2b3c2e17.jpg,SUSPECT,0.004749954217703753,"orientation ambiguë : 2e meilleur départ à 0.00475, proche du meilleur (0.00475, ratio 1.00)"
deb000623626881a,CD388003b,16046325894136367130,data/crops/organized/organized_CD388003b_S2_deb000623626881a.jpg,SUSPECT,0.004273992254489346,"orientation ambiguë : 2e meilleur départ à 0.00427, proche du meilleur (0.00427, ratio 1.00)"
ded0c04461ac4bce,CD388229b,16055544071504808910,data/crops/organized/organized_CD388229b_P2_ded0c04461ac4bce.jpg,SUSPECT,0.004790416703751706,"orientation ambiguë : 2e meilleur départ à 0.00479, proche du meilleur (0.00479, ratio 1.00)"
ded239e3f1ef0f61,FR73ABOM140722026,16055959272708575073,data/crops/organized/organized_FR73ABOM140722026_S3_ded239e3f1ef0f61.jpg,SUSPECT,0.004781838601265389,"orientation ambiguë : 2e meilleur départ à 0.00478, proche du meilleur (0.00478, ratio 1.00)"
dee0257031455c91,FR73ABOM130722020,16059877434996382865,data/crops/organized/organized_FR73ABOM130722020_P1_dee0257031455c91.jpg,SUSPECT,0.0046052082476751655,"orientation ambiguë : 2e meilleur départ à 0.00461, proche du meilleur (0.00461, ratio 1.00)"
deef0a4a7a78dc44,CD387770,16064069710852447300,data/crops/organized/organized_CD387770_P2_deef0a4a7a78dc44.jpg,SUSPECT,0.004743055058585649,"orientation ambiguë : 2e meilleur départ à 0.00474, proche du meilleur (0.00474, ratio 1.00)"
df038e0fcd29a87b,N628,16069844093905774715,data/crops/organized/organized_N628_P3_df038e0fcd29a87b.jpg,SUSPECT,0.004326960166820829,"orientation ambiguë : 2e meilleur départ à 0.00433, proche du meilleur (0.00433, ratio 1.00)"
df0f8444b746db0b,FR15_ABOM09082020094,16073211025776106251,data/crops/organized/organized_FR15_ABOM09082020094_P1_df0f8444b746db0b.jpg,SUSPECT,0.004575154068763983,"orientation ambiguë : 2e meilleur départ à 0.00458, proche du meilleur (0.00458, ratio 1.00)"
df7dd155b8c317a6,FR15ABOM210822015,16104258008648980390,data/crops/organized/organized_FR15ABOM210822015_S1_df7dd155b8c317a6.jpg,SUSPECT,0.004388885839927602,"orientation ambiguë : 2e meilleur départ à 0.00439, proche du meilleur (0.00439, ratio 1.00)"
dfa22578c3aba073,CD387804c,16114483617294164083,data/crops/organized/organized_CD387804c_S1_dfa22578c3aba073.jpg,SUSPECT,0.004727605689447485,"orientation ambiguë : 2e meilleur départ à 0.00473, proche du meilleur (0.00473, ratio 1.00)"
dff2b92d323046bb,FR15ABOM200821209,16137164018588599995,data/crops/organized/organized_FR15ABOM200821209_S1_dff2b92d323046bb.jpg,SUSPECT,0.004614696815754979,"orientation ambiguë : 2e meilleur départ à 0.00461, proche du meilleur (0.00461, ratio 1.00)"
dff56386e860525e,OPIE_Lapi_030803,16137914270827434590,data/crops/organized/organized_OPIE_Lapi_030803_S3_dff56386e860525e.jpg,SUSPECT,0.004347028602601558,"orientation ambiguë : 2e meilleur départ à 0.00435, proche du meilleur (0.00435, ratio 1.00)"
e0137421325de1b7,FR04ABOM220722001,16146376774981116343,data/crops/organized/organized_FR04ABOM220722001_S2_e0137421325de1b7.jpg,SUSPECT,0.004705132411157129,"orientation ambiguë : 2e meilleur départ à 0.00471, proche du meilleur (0.00471, ratio 1.00)"
e01d5aceeb552472,OPIE_Lapi_180702,16149163683578455154,data/crops/organized/organized_OPIE_Lapi_180702_P2_e01d5aceeb552472.jpg,SUSPECT,0.004457115127825793,"orientation ambiguë : 2e meilleur départ à 0.00446, proche du meilleur (0.00446, ratio 1.00)"
e02cb9550da6282b,ABAURA8602,16153489738423478315,data/crops/organized/organized_ABAURA8602_S1_e02cb9550da6282b.jpg,SUSPECT,0.004519399600790932,"orientation ambiguë : 2e meilleur départ à 0.00452, proche du meilleur (0.00452, ratio 1.00)"
e03622015be963e8,POLLINIS5985,16156138102470566888,data/crops/organized/organized_POLLINIS5985_S2_e03622015be963e8.jpg,SUSPECT,0.0043463087023791445,"orientation ambiguë : 2e meilleur départ à 0.00435, proche du meilleur (0.00435, ratio 1.00)"
e0569afa30972419,FR73ABOM140722031,16165278311840687129,data/crops/organized/organized_FR73ABOM140722031_P1_e0569afa30972419.jpg,SUSPECT,0.0047599094327536555,"orientation ambiguë : 2e meilleur départ à 0.00476, proche du meilleur (0.00476, ratio 1.00)"
e0b59f1b7eab60ea,2012.0034,16192022975718580458,data/crops/organized/organized_2012.0034_P1_e0b59f1b7eab60ea.jpg,SUSPECT,0.004690351707823275,"orientation ambiguë : 2e meilleur départ à 0.00469, proche du meilleur (0.00469, ratio 1.00)"
e0c72175a6f9dbea,FR15_ABOM09082020078,16196951374057561066,data/crops/organized/organized_FR15_ABOM09082020078_S1_e0c72175a6f9dbea.jpg,SUSPECT,0.004339601005908921,"orientation ambiguë : 2e meilleur départ à 0.00434, proche du meilleur (0.00434, ratio 1.00)"
e0da77c833bc9aa8,FR15ABOM210821014,16202394311163943592,data/crops/organized/organized_FR15ABOM210821014_S3_e0da77c833bc9aa8.jpg,SUSPECT,0.004156361571386675,"orientation ambiguë : 2e meilleur départ à 0.00416, proche du meilleur (0.00416, ratio 1.00)"
e0dcddedb0e3c15f,ABAURA8201,16203069572316905823,data/crops/organized/organized_ABAURA8201_S3_e0dcddedb0e3c15f.jpg,SUSPECT,0.004554357577862138,"orientation ambiguë : 2e meilleur départ à 0.00455, proche du meilleur (0.00455, ratio 1.00)"
e0ee15fbce0b9d72,ABAURA8238a,16207916280190836082,data/crops/organized/organized_ABAURA8238a_S2_e0ee15fbce0b9d72.jpg,SUSPECT,0.004481707607972139,"orientation ambiguë : 2e meilleur départ à 0.00448, proche du meilleur (0.00448, ratio 1.00)"
e15a96d60346ad57,FR73ABOM120722026,16238457252359875927,data/crops/organized/organized_FR73ABOM120722026_S1_e15a96d60346ad57.jpg,SUSPECT,0.004479581104659065,"orientation ambiguë : 2e meilleur départ à 0.00448, proche du meilleur (0.00448, ratio 1.00)"
e188458f893f0e3a,N205,16251315738151685690,data/crops/organized/organized_N205_S2_e188458f893f0e3a.jpg,SUSPECT,0.0045768737208832745,"orientation ambiguë : 2e meilleur départ à 0.00458, proche du meilleur (0.00458, ratio 1.00)"
e22a80ef70312286,ABAURA8625,16296979967461368454,data/crops/organized/organized_ABAURA8625_P2_e22a80ef70312286.jpg,SUSPECT,0.00449417515653872,"orientation ambiguë : 2e meilleur départ à 0.00449, proche du meilleur (0.00449, ratio 1.00)"
e22d281c556948b2,CD388623c,16297726728680851634,data/crops/organized/organized_CD388623c_P2_e22d281c556948b2.jpg,SUSPECT,0.004837211933959254,"orientation ambiguë : 2e meilleur départ à 0.00484, proche du meilleur (0.00484, ratio 1.00)"
e24415051d6bd758,ABAURA8867,16304179662700664664,data/crops/organized/organized_ABAURA8867_S3_e24415051d6bd758.jpg,SUSPECT,0.004734142160230593,"orientation ambiguë : 2e meilleur départ à 0.00473, proche du meilleur (0.00473, ratio 1.00)"
e24544d3d5888157,CollecYvan14,16304513702576030039,data/crops/organized/organized_CollecYvan14_S2_e24544d3d5888157.jpg,SUSPECT,0.0046665901956425065,"orientation ambiguë : 2e meilleur départ à 0.00467, proche du meilleur (0.00467, ratio 1.00)"
e25ec65e383b93f5,ABAURA8228b,16311693008355169269,data/crops/organized/organized_ABAURA8228b_S3_e25ec65e383b93f5.jpg,SUSPECT,0.004460204802262042,"orientation ambiguë : 2e meilleur départ à 0.00446, proche du meilleur (0.00446, ratio 1.00)"
e2713617e753ff1c,FR04ABOM220722087,16316882401233207068,data/crops/organized/organized_FR04ABOM220722087_P1_e2713617e753ff1c.jpg,SUSPECT,0.00473636407279684,"orientation ambiguë : 2e meilleur départ à 0.00474, proche du meilleur (0.00474, ratio 1.00)"
e27d3deb3aed7cc3,FR15ABOM210822014,16320268705175796931,data/crops/organized/organized_FR15ABOM210822014_P2_e27d3deb3aed7cc3.jpg,SUSPECT,0.004205817117051995,"orientation ambiguë : 2e meilleur départ à 0.00421, proche du meilleur (0.00421, ratio 1.00)"
e280a076993e64f7,OPIE_Lapi_130720d,16321221480828265719,data/crops/organized/organized_OPIE_Lapi_130720d_S3_e280a076993e64f7.jpg,SUSPECT,0.0045868657436677765,"orientation ambiguë : 2e meilleur départ à 0.00459, proche du meilleur (0.00459, ratio 1.00)"
e2ab08520fbb861d,N815,16333157622133523997,data/crops/organized/organized_N815_P4_e2ab08520fbb861d.jpg,FAILED,inf,"17 landmarks, 18 attendus"
e2ac999afc46163f,FR15ABOM210821143,16333598839502411327,data/crops/organized/organized_FR15ABOM210821143_S1_e2ac999afc46163f.jpg,SUSPECT,0.004435260298843786,"orientation ambiguë : 2e meilleur départ à 0.00444, proche du meilleur (0.00444, ratio 1.00)"
e2ceccf5f79a28db,FR15ABOM200722062,16343225454567237851,data/crops/organized/organized_FR15ABOM200722062_S2_e2ceccf5f79a28db.jpg,SUSPECT,0.00436312972254454,"orientation ambiguë : 2e meilleur départ à 0.00436, proche du meilleur (0.00436, ratio 1.00)"
e2d9f869a623cfcc,15L2021-1483,16346369455160545228,data/crops/organized/organized_15L2021-1483_P2_e2d9f869a623cfcc.jpg,SUSPECT,0.004469993524126578,"orientation ambiguë : 2e meilleur départ à 0.00447, proche du meilleur (0.00447, ratio 1.00)"
e2ecb282ae913bb6,OPIE_Lapi_A1,16351640621419674550,data/crops/organized/organized_OPIE_Lapi_A1_S3_e2ecb282ae913bb6.jpg,SUSPECT,0.0046669260494665845,"orientation ambiguë : 2e meilleur départ à 0.00467, proche du meilleur (0.00467, ratio 1.00)"
e30a07766de589a6,ABAURA8238e,16359896801608042918,data/crops/organized/organized_ABAURA8238e_S2_e30a07766de589a6.jpg,SUSPECT,0.004674110417841191,"orientation ambiguë : 2e meilleur départ à 0.00467, proche du meilleur (0.00467, ratio 1.00)"
e33808ab15a46b33,FR73ABOM140722033,16372845976200964915,data/crops/organized/organized_FR73ABOM140722033_P2_e33808ab15a46b33.jpg,SUSPECT,0.00460228490003488,"orientation ambiguë : 2e meilleur départ à 0.00460, proche du meilleur (0.00460, ratio 1.00)"
e367ac0c27f2f327,OPIE_Lapi_220620,16386254937420657447,data/crops/organized/organized_OPIE_Lapi_220620_P2_e367ac0c27f2f327.jpg,SUSPECT,0.004586756311341045,"orientation ambiguë : 2e meilleur départ à 0.00459, proche du meilleur (0.00459, ratio 1.00)"
e3690c45eea2b65f,FR15ABOM130621006,16386642213660178015,data/crops/organized/organized_FR15ABOM130621006_P1_e3690c45eea2b65f.jpg,FAILED,inf,"17 landmarks, 18 attendus"
e384cc3182241a8a,CD388821d,16394453056544316042,data/crops/organized/organized_CD388821d_S2_e384cc3182241a8a.jpg,SUSPECT,0.004607686336756292,"orientation ambiguë : 2e meilleur départ à 0.00461, proche du meilleur (0.00461, ratio 1.00)"
e388f1c8b47ca413,POLLINIS4981,16395620287766111251,data/crops/organized/organized_POLLINIS4981_P2_e388f1c8b47ca413.jpg,SUSPECT,0.004669282888591066,"orientation ambiguë : 2e meilleur départ à 0.00467, proche du meilleur (0.00467, ratio 1.00)"
e393dbe8dd55397c,CD387770c,16398692461378353532,data/crops/organized/organized_CD387770c_S3_e393dbe8dd55397c.jpg,SUSPECT,0.00450485544780816,"orientation ambiguë : 2e meilleur départ à 0.00450, proche du meilleur (0.00450, ratio 1.00)"
e398bc7201afc4b9,ABAURA8672b,16400065240910251193,data/crops/organized/organized_ABAURA8672b_P2_e398bc7201afc4b9.jpg,SUSPECT,0.004622385844023856,"orientation ambiguë : 2e meilleur départ à 0.00462, proche du meilleur (0.00462, ratio 1.00)"
e39c201f260c860e,CD388018e,16401019261130933774,data/crops/organized/organized_CD388018e_S1_e39c201f260c860e.jpg,SUSPECT,0.004539022403392394,"orientation ambiguë : 2e meilleur départ à 0.00454, proche du meilleur (0.00454, ratio 1.00)"
e3ac62778d33caad,ABAURA8205d,16405595808213486253,data/crops/organized/organized_ABAURA8205d_S3_e3ac62778d33caad.jpg,SUSPECT,0.004510199510975556,"orientation ambiguë : 2e meilleur départ à 0.00451, proche du meilleur (0.00451, ratio 1.00)"
e3b4cc2428313673,FR15ABOM130621006,16407963798082762355,data/crops/organized/organized_FR15ABOM130621006_S3_e3b4cc2428313673.jpg,FAILED,inf,"15 landmarks, 18 attendus"
e3b765ca95b4be5f,FR15ABOM170821009,16408695688117141087,data/crops/organized/organized_FR15ABOM170821009_S2_e3b765ca95b4be5f.jpg,SUSPECT,0.004366067371609147,"orientation ambiguë : 2e meilleur départ à 0.00437, proche du meilleur (0.00437, ratio 1.00)"
e3bb7b620b9b2fbc,CD387759,16409845328286265276,data/crops/organized/organized_CD387759_P2_e3bb7b620b9b2fbc.jpg,SUSPECT,0.004548037662768246,"orientation ambiguë : 2e meilleur départ à 0.00455, proche du meilleur (0.00455, ratio 1.00)"
e3e4c245de34c68b,FR73ABOM200722039,16421463746636203659,data/crops/organized/organized_FR73ABOM200722039_S3_e3e4c245de34c68b.jpg,SUSPECT,0.004477909024787038,"orientation ambiguë : 2e meilleur départ à 0.00448, proche du meilleur (0.00448, ratio 1.00)"
e3ef76b0c420e2ab,FR73ABOM130722005,16424476867620299435,data/crops/organized/organized_FR73ABOM130722005_S3_e3ef76b0c420e2ab.jpg,SUSPECT,0.004528273693557689,"orientation ambiguë : 2e meilleur départ à 0.00453, proche du meilleur (0.00453, ratio 1.00)"
e3fcf24e798a755f,CD388872c,16428271959601214815,data/crops/organized/organized_CD388872c_P1_e3fcf24e798a755f.jpg,SUSPECT,0.00446467207015561,"orientation ambiguë : 2e meilleur départ à 0.00446, proche du meilleur (0.00446, ratio 1.00)"
e40a9d07f014b882,CD388018c,16432118847832897666,data/crops/organized/organized_CD388018c_P2_e40a9d07f014b882.jpg,SUSPECT,0.004826682562439193,"orientation ambiguë : 2e meilleur départ à 0.00483, proche du meilleur (0.00483, ratio 1.00)"
e41ab698bba5a32c,FR05ABOM220722026,16436650557141525292,data/crops/organized/organized_FR05ABOM220722026_S3_e41ab698bba5a32c.jpg,SUSPECT,0.004474262339240722,"orientation ambiguë : 2e meilleur départ à 0.00447, proche du meilleur (0.00447, ratio 1.00)"
e41c904d6f691d56,2019.02059,16437171402251509078,data/crops/organized/organized_2019.02059_P1_e41c904d6f691d56.jpg,SUSPECT,0.00456255542096168,"orientation ambiguë : 2e meilleur départ à 0.00456, proche du meilleur (0.00456, ratio 1.00)"
e43d9e3c585f7df8,FR15ABOM220821085,16446475396244798968,data/crops/organized/organized_FR15ABOM220821085_S1_e43d9e3c585f7df8.jpg,SUSPECT,0.004643662471724059,"orientation ambiguë : 2e meilleur départ à 0.00464, proche du meilleur (0.00464, ratio 1.00)"
e4582e4012d5b47e,N126,16453952091326887038,data/crops/organized/organized_N126_S5_e4582e4012d5b47e.jpg,SUSPECT,0.0043135306060806825,"orientation ambiguë : 2e meilleur départ à 0.00431, proche du meilleur (0.00431, ratio 1.00)"
e479d88d040cdde7,FR73ABOM130722017,16463428012999499239,data/crops/organized/organized_FR73ABOM130722017_S2_e479d88d040cdde7.jpg,SUSPECT,0.0042773458077869815,"orientation ambiguë : 2e meilleur départ à 0.00428, proche du meilleur (0.00428, ratio 1.00)"
e4823bf4fe74d748,FR73ABOM120722026,16465789111047083848,data/crops/organized/organized_FR73ABOM120722026_P1_e4823bf4fe74d748.jpg,SUSPECT,0.004472476760146379,"orientation ambiguë : 2e meilleur départ à 0.00447, proche du meilleur (0.00447, ratio 1.00)"
e48fc49df5822942,2019.02167,16469598545025050946,data/crops/organized/organized_2019.02167_P2_e48fc49df5822942.jpg,SUSPECT,0.00437712114242116,"orientation ambiguë : 2e meilleur départ à 0.00438, proche du meilleur (0.00438, ratio 1.00)"
e4aeabc3df05d056,FR73ABOM200722032,16478296944343896150,data/crops/organized/organized_FR73ABOM200722032_P1_e4aeabc3df05d056.jpg,SUSPECT,0.00460861696803455,"orientation ambiguë : 2e meilleur départ à 0.00461, proche du meilleur (0.00461, ratio 1.00)"
e4d48e4937f536cc,OPIE_Lapi_78V,16488960580832802508,data/crops/organized/organized_OPIE_Lapi_78V_P1_e4d48e4937f536cc.jpg,SUSPECT,0.004459106765989469,"orientation ambiguë : 2e meilleur départ à 0.00446, proche du meilleur (0.00446, ratio 1.00)"
e4d8e07cbd0e8f50,2012.0034,16490176861969485648,data/crops/organized/organized_2012.0034_S2_e4d8e07cbd0e8f50.jpg,SUSPECT,0.00482997429561777,"orientation ambiguë : 2e meilleur départ à 0.00483, proche du meilleur (0.00483, ratio 1.00)"
e4e75a8d293f82fc,CollecYvan23,16494251722596647676,data/crops/organized/organized_CollecYvan23_S1_e4e75a8d293f82fc.jpg,SUSPECT,0.004201989423460676,"orientation ambiguë : 2e meilleur départ à 0.00420, proche du meilleur (0.00420, ratio 1.00)"
e4ebf4269b0b5d4c,15L2021-1742,16495546506821721420,data/crops/organized/organized_15L2021-1742_S2_e4ebf4269b0b5d4c.jpg,SUSPECT,0.004712548987776094,"orientation ambiguë : 2e meilleur départ à 0.00471, proche du meilleur (0.00471, ratio 1.00)"
e4ffae686169eda6,ABAURA7910,16501099323042950566,data/crops/organized/organized_ABAURA7910_P3_e4ffae686169eda6.jpg,FAILED,inf,"14 landmarks, 18 attendus"
e504c7019a2e2a7c,FR73ABOM130722004,16502533744287951484,data/crops/organized/organized_FR73ABOM130722004_S3_e504c7019a2e2a7c.jpg,SUSPECT,0.004589506422320408,"orientation ambiguë : 2e meilleur départ à 0.00459, proche du meilleur (0.00459, ratio 1.00)"
e515d2db3b7b25bc,ABAURA8852,16507331848234018236,data/crops/organized/organized_ABAURA8852_S2_e515d2db3b7b25bc.jpg,SUSPECT,0.004496360994157934,"orientation ambiguë : 2e meilleur départ à 0.00450, proche du meilleur (0.00450, ratio 1.00)"
e51ae99df20488e6,VAN-2019.00781,16508764248659495142,data/crops/organized/organized_VAN-2019.00781_S3_e51ae99df20488e6.jpg,SUSPECT,0.004587924186486947,"orientation ambiguë : 2e meilleur départ à 0.00459, proche du meilleur (0.00459, ratio 1.00)"
e52ec2c5ce32a5dd,N385,16514351038437959133,data/crops/organized/organized_N385_S4_e52ec2c5ce32a5dd.jpg,SUSPECT,0.00425367738339026,"orientation ambiguë : 2e meilleur départ à 0.00425, proche du meilleur (0.00425, ratio 1.00)"
e5396f9f0108d855,FR73ABOM120722042,16517355837065844821,data/crops/organized/organized_FR73ABOM120722042_P2_e5396f9f0108d855.jpg,SUSPECT,0.004471392857455762,"orientation ambiguë : 2e meilleur départ à 0.00447, proche du meilleur (0.00447, ratio 1.00)"
e5531800fd3cdf6e,ABAURA8212,16524577850280173422,data/crops/organized/organized_ABAURA8212_P1_e5531800fd3cdf6e.jpg,SUSPECT,0.00483256179226456,"orientation ambiguë : 2e meilleur départ à 0.00483, proche du meilleur (0.00483, ratio 1.00)"
e55a2d7d8e253760,CD387804c,16526571799868421984,data/crops/organized/organized_CD387804c_P1_e55a2d7d8e253760.jpg,SUSPECT,0.004631867329400597,"orientation ambiguë : 2e meilleur départ à 0.00463, proche du meilleur (0.00463, ratio 1.00)"
e5d7fd6508a6e2d7,OPIE_Lapi_030803b,16561984765056967383,data/crops/organized/organized_OPIE_Lapi_030803b_S2_e5d7fd6508a6e2d7.jpg,SUSPECT,0.004402259555414322,"orientation ambiguë : 2e meilleur départ à 0.00440, proche du meilleur (0.00440, ratio 1.00)"
e5d8107702adf129,2020.00471,16562005732987105577,data/crops/organized/organized_2020.00471_S1_e5d8107702adf129.jpg,SUSPECT,0.004675145537769603,"orientation ambiguë : 2e meilleur départ à 0.00468, proche du meilleur (0.00468, ratio 1.00)"
e6047f803f5cfe0e,CD388821e,16574512717425868302,data/crops/organized/organized_CD388821e_S3_e6047f803f5cfe0e.jpg,SUSPECT,0.004598251058802286,"orientation ambiguë : 2e meilleur départ à 0.00460, proche du meilleur (0.00460, ratio 1.00)"
e652de08ea04299d,ABAURA8747,16596571706680945053,data/crops/organized/organized_ABAURA8747_S1_e652de08ea04299d.jpg,SUSPECT,0.004594321513935326,"orientation ambiguë : 2e meilleur départ à 0.00459, proche du meilleur (0.00459, ratio 1.00)"
e656c4746ce7922e,POLLINIS5133,16597669481042907694,data/crops/organized/organized_POLLINIS5133_S5_e656c4746ce7922e.jpg,FAILED,inf,"14 landmarks, 18 attendus"
e65cb2020323ae8c,FR15_ABOM09082020078,16599338048293154444,data/crops/organized/organized_FR15_ABOM09082020078_S3_e65cb2020323ae8c.jpg,SUSPECT,0.004427375054951179,"orientation ambiguë : 2e meilleur départ à 0.00443, proche du meilleur (0.00443, ratio 1.00)"
e67b1d62ffe71de9,FR15ABOM200722062,16607900361896173033,data/crops/organized/organized_FR15ABOM200722062_P1_e67b1d62ffe71de9.jpg,SUSPECT,0.004333260000923771,"orientation ambiguë : 2e meilleur départ à 0.00433, proche du meilleur (0.00433, ratio 1.00)"
e68efc823258da42,OPIE_Lapi_070820b,16613493711536970306,data/crops/organized/organized_OPIE_Lapi_070820b_S1_e68efc823258da42.jpg,SUSPECT,0.004629192821029711,"orientation ambiguë : 2e meilleur départ à 0.00463, proche du meilleur (0.00463, ratio 1.00)"
e6a91485d1c14e4d,CD388229,16620838464769838669,data/crops/organized/organized_CD388229_P1_e6a91485d1c14e4d.jpg,SUSPECT,0.004663629352526207,"orientation ambiguë : 2e meilleur départ à 0.00466, proche du meilleur (0.00466, ratio 1.00)"
e6cc8f23f4919a1d,CollecYvan2,16630824908562209309,data/crops/organized/organized_CollecYvan2_S2_e6cc8f23f4919a1d.jpg,SUSPECT,0.004415826510073996,"orientation ambiguë : 2e meilleur départ à 0.00442, proche du meilleur (0.00442, ratio 1.00)"
e6ce4e73b6c8ddf5,FR73ABOM120722118,16631316732820643317,data/crops/organized/organized_FR73ABOM120722118_S2_e6ce4e73b6c8ddf5.jpg,SUSPECT,0.004844937131922503,"orientation ambiguë : 2e meilleur départ à 0.00484, proche du meilleur (0.00484, ratio 1.00)"
e6e849bdc36d4676,OPIE_Lapi_220620c,16638629902696662646,data/crops/organized/organized_OPIE_Lapi_220620c_P2_e6e849bdc36d4676.jpg,SUSPECT,0.004552784259815619,"orientation ambiguë : 2e meilleur départ à 0.00455, proche du meilleur (0.00455, ratio 1.00)"
e6fc86f8bcdf32e3,FR73ABOM150722006,16644326725733266147,data/crops/organized/organized_FR73ABOM150722006_S3_e6fc86f8bcdf32e3.jpg,SUSPECT,0.004627057801927062,"orientation ambiguë : 2e meilleur départ à 0.00463, proche du meilleur (0.00463, ratio 1.00)"
e71c7926df6468a0,CD387766b,16653318729972869280,data/crops/organized/organized_CD387766b_P2_e71c7926df6468a0.jpg,SUSPECT,0.00449012915139928,"orientation ambiguë : 2e meilleur départ à 0.00449, proche du meilleur (0.00449, ratio 1.00)"
e73796db5931714b,CollecYvan3,16660951215318856011,data/crops/organized/organized_CollecYvan3_S1_e73796db5931714b.jpg,SUSPECT,0.004545243889424627,"orientation ambiguë : 2e meilleur départ à 0.00455, proche du meilleur (0.00455, ratio 1.00)"
e7621e092d34a606,FR04ABOM220722046,16672921795240961542,data/crops/organized/organized_FR04ABOM220722046_S3_e7621e092d34a606.jpg,SUSPECT,0.004552302055367523,"orientation ambiguë : 2e meilleur départ à 0.00455, proche du meilleur (0.00455, ratio 1.00)"
e76b28907d59013d,ABAURA8240c,16675466646312780093,data/crops/organized/organized_ABAURA8240c_S1_e76b28907d59013d.jpg,SUSPECT,0.004802138413976154,"orientation ambiguë : 2e meilleur départ à 0.00480, proche du meilleur (0.00480, ratio 1.00)"
e76cdb97080fdd39,CD388769,16675944961967906105,data/crops/organized/organized_CD388769_P2_e76cdb97080fdd39.jpg,SUSPECT,0.00447261581609332,"orientation ambiguë : 2e meilleur départ à 0.00447, proche du meilleur (0.00447, ratio 1.00)"
e76cde6b17530e2a,2020.04010,16675948071780290090,data/crops/organized/organized_2020.04010_S2_e76cde6b17530e2a.jpg,SUSPECT,0.004512344086633089,"orientation ambiguë : 2e meilleur départ à 0.00451, proche du meilleur (0.00451, ratio 1.00)"
e77bf19de662af84,FR15ABOM170821029,16680191305374150532,data/crops/organized/organized_FR15ABOM170821029_S2_e77bf19de662af84.jpg,SUSPECT,0.0046161095895177326,"orientation ambiguë : 2e meilleur départ à 0.00462, proche du meilleur (0.00462, ratio 1.00)"
e77dee5c4091945d,CollecYvan10,16680750674837869661,data/crops/organized/organized_CollecYvan10_S1_e77dee5c4091945d.jpg,SUSPECT,0.004543060167757726,"orientation ambiguë : 2e meilleur départ à 0.00454, proche du meilleur (0.00454, ratio 1.00)"
e7aeaad19256e468,FR15ABOM210821043,16694468685789062248,data/crops/organized/organized_FR15ABOM210821043_S2_e7aeaad19256e468.jpg,SUSPECT,0.004456526558255879,"orientation ambiguë : 2e meilleur départ à 0.00446, proche du meilleur (0.00446, ratio 1.00)"
e7bd05b0c85f6e83,CD388623e,16698509250193747587,data/crops/organized/organized_CD388623e_P2_e7bd05b0c85f6e83.jpg,SUSPECT,0.004486396489428889,"orientation ambiguë : 2e meilleur départ à 0.00449, proche du meilleur (0.00449, ratio 1.00)"
e7c6a288e3ea25fc,OPIE_Lapi_130720d,16701214976973088252,data/crops/organized/organized_OPIE_Lapi_130720d_S2_e7c6a288e3ea25fc.jpg,SUSPECT,0.004473162722321705,"orientation ambiguë : 2e meilleur départ à 0.00447, proche du meilleur (0.00447, ratio 1.00)"
e7d6997e4d7df086,FR15ABOM210821137,16705708635522461830,data/crops/organized/organized_FR15ABOM210821137_S2_e7d6997e4d7df086.jpg,SUSPECT,0.004663754708517066,"orientation ambiguë : 2e meilleur départ à 0.00466, proche du meilleur (0.00466, ratio 1.00)"
e7de34520d0a1d14,FR73ABOM140722039,16707849194601848084,data/crops/organized/organized_FR73ABOM140722039_P1_e7de34520d0a1d14.jpg,SUSPECT,0.004443889333049234,"orientation ambiguë : 2e meilleur départ à 0.00444, proche du meilleur (0.00444, ratio 1.00)"
e7dee9c0180ba01f,FR15_ABOM30072020045,16708048678837526559,data/crops/organized/organized_FR15_ABOM30072020045_S2_e7dee9c0180ba01f.jpg,SUSPECT,0.004094548256917677,"orientation ambiguë : 2e meilleur départ à 0.00409, proche du meilleur (0.00409, ratio 1.00)"
e823784aa21a02e6,FR15AB100518002,16727345702926680806,data/crops/organized/organized_FR15AB100518002_S3_e823784aa21a02e6.jpg,SUSPECT,0.00463315811886025,"orientation ambiguë : 2e meilleur départ à 0.00463, proche du meilleur (0.00463, ratio 1.00)"
e839b466b970869b,CD388018c,16733604243762611867,data/crops/organized/organized_CD388018c_P1_e839b466b970869b.jpg,SUSPECT,0.004749490972948933,"orientation ambiguë : 2e meilleur départ à 0.00475, proche du meilleur (0.00475, ratio 1.00)"
e83a9bd3fea1ed9d,2019.00316,16733858700260928925,data/crops/organized/organized_2019.00316_S2_e83a9bd3fea1ed9d.jpg,SUSPECT,0.004468407834485728,"orientation ambiguë : 2e meilleur départ à 0.00447, proche du meilleur (0.00447, ratio 1.00)"
e83b5eb9fe7445eb,FR73ABOM130722009,16734072993356203499,data/crops/organized/organized_FR73ABOM130722009_P2_e83b5eb9fe7445eb.jpg,SUSPECT,0.0045742169220030545,"orientation ambiguë : 2e meilleur départ à 0.00457, proche du meilleur (0.00457, ratio 1.00)"
e87deb68f373f951,FR73ABOM140722011,16752805024881703249,data/crops/organized/organized_FR73ABOM140722011_S1_e87deb68f373f951.jpg,SUSPECT,0.004277192336132845,"orientation ambiguë : 2e meilleur départ à 0.00428, proche du meilleur (0.00428, ratio 1.00)"
e886ab3b756cdabb,FR05ABOM220722025,16755267735539997371,data/crops/organized/organized_FR05ABOM220722025_P1_e886ab3b756cdabb.jpg,SUSPECT,0.004570321517053085,"orientation ambiguë : 2e meilleur départ à 0.00457, proche du meilleur (0.00457, ratio 1.00)"
e88811eae90cbc2f,FR73ABOM200722038,16755662114261875759,data/crops/organized/organized_FR73ABOM200722038_P2_e88811eae90cbc2f.jpg,SUSPECT,0.0045883557741737725,"orientation ambiguë : 2e meilleur départ à 0.00459, proche du meilleur (0.00459, ratio 1.00)"
e8d7617114c9c2bf,FR04ABOM220722047,16777986075100037823,data/crops/organized/organized_FR04ABOM220722047_S1_e8d7617114c9c2bf.jpg,SUSPECT,0.004365630232834624,"orientation ambiguë : 2e meilleur départ à 0.00437, proche du meilleur (0.00437, ratio 1.00)"
e8e121fd8f23ce2f,2020.06207,16780731059471109679,data/crops/organized/organized_2020.06207_S3_e8e121fd8f23ce2f.jpg,SUSPECT,0.004422112203296357,"orientation ambiguë : 2e meilleur départ à 0.00442, proche du meilleur (0.00442, ratio 1.00)"
e8f62f3ece988627,FR15ABOM100721047,16786656607870682663,data/crops/organized/organized_FR15ABOM100721047_S1_e8f62f3ece988627.jpg,SUSPECT,0.004620695119303021,"orientation ambiguë : 2e meilleur départ à 0.00462, proche du meilleur (0.00462, ratio 1.00)"
e90979fd2c2f6a1f,OPPO_5923,16792086813902596639,data/crops/organized/organized_OPPO_5923_S3_e90979fd2c2f6a1f.jpg,SUSPECT,0.004673878325302291,"orientation ambiguë : 2e meilleur départ à 0.00467, proche du meilleur (0.00467, ratio 1.00)"
e95bea96b9e96df2,ABAURA4936,16815291566802955762,data/crops/organized/organized_ABAURA4936_S2_e95bea96b9e96df2.jpg,SUSPECT,0.00437976667246977,"orientation ambiguë : 2e meilleur départ à 0.00438, proche du meilleur (0.00438, ratio 1.00)"
e95c8c5e6432df60,CD387759,16815469445730459488,data/crops/organized/organized_CD387759_P1_e95c8c5e6432df60.jpg,SUSPECT,0.004610120632867347,"orientation ambiguë : 2e meilleur départ à 0.00461, proche du meilleur (0.00461, ratio 1.00)"
e973c97c031b822a,FR73ABOM140722032,16822010567624196650,data/crops/organized/organized_FR73ABOM140722032_S1_e973c97c031b822a.jpg,SUSPECT,0.004666965347512006,"orientation ambiguë : 2e meilleur départ à 0.00467, proche du meilleur (0.00467, ratio 1.00)"
e974c194de038d7b,FR15ABOO0712002,16822283353259740539,data/crops/organized/organized_FR15ABOO0712002_S2_e974c194de038d7b.jpg,SUSPECT,0.0047737310695797845,"orientation ambiguë : 2e meilleur départ à 0.00477, proche du meilleur (0.00477, ratio 1.00)"
e99b2271ed93462e,ABAURA8205d,16833085904939861550,data/crops/organized/organized_ABAURA8205d_S2_e99b2271ed93462e.jpg,SUSPECT,0.004607996415146413,"orientation ambiguë : 2e meilleur départ à 0.00461, proche du meilleur (0.00461, ratio 1.00)"
e9ae5174bd09a0b5,OPIE_Lapi_070820,16838485618614444213,data/crops/organized/organized_OPIE_Lapi_070820_S3_e9ae5174bd09a0b5.jpg,SUSPECT,0.004395193782803951,"orientation ambiguë : 2e meilleur départ à 0.00440, proche du meilleur (0.00440, ratio 1.00)"
e9c4df33cae1d7a7,NoName4,16844833919812622247,data/crops/organized/organized_NoName4_S1_e9c4df33cae1d7a7.jpg,SUSPECT,0.004549182635120557,"orientation ambiguë : 2e meilleur départ à 0.00455, proche du meilleur (0.00455, ratio 1.00)"
e9ceb14f95b42826,FR15ABOM210821112,16847598211411748902,data/crops/organized/organized_FR15ABOM210821112_S1_e9ceb14f95b42826.jpg,SUSPECT,0.004599986681713387,"orientation ambiguë : 2e meilleur départ à 0.00460, proche du meilleur (0.00460, ratio 1.00)"
e9d40a461f18451a,FR73ABOM130722062,16849103402185540890,data/crops/organized/organized_FR73ABOM130722062_S2_e9d40a461f18451a.jpg,SUSPECT,0.004538956700913703,"orientation ambiguë : 2e meilleur départ à 0.00454, proche du meilleur (0.00454, ratio 1.00)"
e9eb4b4b54843cc4,VAN-2019.00785,16855648817276796100,data/crops/organized/organized_VAN-2019.00785_P2_e9eb4b4b54843cc4.jpg,SUSPECT,0.00451898690765325,"orientation ambiguë : 2e meilleur départ à 0.00452, proche du meilleur (0.00452, ratio 1.00)"
ea1beeb17e8d37d0,CD388229,16869339275346130896,data/crops/organized/organized_CD388229_P2_ea1beeb17e8d37d0.jpg,SUSPECT,0.00467804193451825,"orientation ambiguë : 2e meilleur départ à 0.00468, proche du meilleur (0.00468, ratio 1.00)"
ea31c2f62cbca9b8,N384,16875483641302264248,data/crops/organized/organized_N384_P5_ea31c2f62cbca9b8.jpg,SUSPECT,0.004608002237608077,"orientation ambiguë : 2e meilleur départ à 0.00461, proche du meilleur (0.00461, ratio 1.00)"
ea5528420a9badee,FR73ABOM200722041,16885446642006470126,data/crops/organized/organized_FR73ABOM200722041_S3_ea5528420a9badee.jpg,SUSPECT,0.004540456091219132,"orientation ambiguë : 2e meilleur départ à 0.00454, proche du meilleur (0.00454, ratio 1.00)"
ea6158e76fa06afc,15L2021-1731,16888877828649544444,data/crops/organized/organized_15L2021-1731_S1_ea6158e76fa06afc.jpg,SUSPECT,0.004752449294627125,"orientation ambiguë : 2e meilleur départ à 0.00475, proche du meilleur (0.00475, ratio 1.00)"
eaaa635c5a218b09,ABAURA8526,16909436999216237321,data/crops/organized/organized_ABAURA8526_S2_eaaa635c5a218b09.jpg,SUSPECT,0.004463601141641472,"orientation ambiguë : 2e meilleur départ à 0.00446, proche du meilleur (0.00446, ratio 1.00)"
eae065922b148f62,2020.04013,16924639078120722274,data/crops/organized/organized_2020.04013_P2_eae065922b148f62.jpg,SUSPECT,0.0046436699236266496,"orientation ambiguë : 2e meilleur départ à 0.00464, proche du meilleur (0.00464, ratio 1.00)"
eae318fdeed100a2,CD388865c,16925399303500923042,data/crops/organized/organized_CD388865c_P2_eae318fdeed100a2.jpg,SUSPECT,0.004534170324047027,"orientation ambiguë : 2e meilleur départ à 0.00453, proche du meilleur (0.00453, ratio 1.00)"
eb18b8aa2c761c65,FR05ABOM220722024,16940493039384009829,data/crops/organized/organized_FR05ABOM220722024_P2_eb18b8aa2c761c65.jpg,SUSPECT,0.004793768396219819,"orientation ambiguë : 2e meilleur départ à 0.00479, proche du meilleur (0.00479, ratio 1.00)"
eb239601f0c34818,FR15_ABOM170820030,16943551158176401432,data/crops/organized/organized_FR15_ABOM170820030_P1_eb239601f0c34818.jpg,SUSPECT,0.00466119513519107,"orientation ambiguë : 2e meilleur départ à 0.00466, proche du meilleur (0.00466, ratio 1.00)"
eb33be02fc607a5a,FR73ABOM140722011,16948098742758701658,data/crops/organized/organized_FR73ABOM140722011_S3_eb33be02fc607a5a.jpg,SUSPECT,0.004310777327642682,"orientation ambiguë : 2e meilleur départ à 0.00431, proche du meilleur (0.00431, ratio 1.00)"
eb390d81ab946035,CollecYvan10,16949593523166142517,data/crops/organized/organized_CollecYvan10_S2_eb390d81ab946035.jpg,SUSPECT,0.004548478697509669,"orientation ambiguë : 2e meilleur départ à 0.00455, proche du meilleur (0.00455, ratio 1.00)"
eb5d1b4eec5c19c8,FR15ABOM170821009,16959741797534013896,data/crops/organized/organized_FR15ABOM170821009_P1_eb5d1b4eec5c19c8.jpg,SUSPECT,0.004404715042827119,"orientation ambiguë : 2e meilleur départ à 0.00440, proche du meilleur (0.00440, ratio 1.00)"
eb5d60a0ead2aa42,FR15_ABOM023082020028,16959818015997864514,data/crops/organized/organized_FR15_ABOM023082020028_S1_eb5d60a0ead2aa42.jpg,SUSPECT,0.004679766969058622,"orientation ambiguë : 2e meilleur départ à 0.00468, proche du meilleur (0.00468, ratio 1.00)"
eb5fe4d508c8ba56,15L2021-1420,16960526325327116886,data/crops/organized/organized_15L2021-1420_P1_eb5fe4d508c8ba56.jpg,SUSPECT,0.004534468110662899,"orientation ambiguë : 2e meilleur départ à 0.00453, proche du meilleur (0.00453, ratio 1.00)"
eb69d9cf01c39ba9,CD388003,16963328954578738089,data/crops/organized/organized_CD388003_S2_eb69d9cf01c39ba9.jpg,SUSPECT,0.004301453057297479,"orientation ambiguë : 2e meilleur départ à 0.00430, proche du meilleur (0.00430, ratio 1.00)"
eb8f4bc5eca65c85,VAN-2019.00788,16973868834033654917,data/crops/organized/organized_VAN-2019.00788_P3_eb8f4bc5eca65c85.jpg,SUSPECT,0.00446785255817233,"orientation ambiguë : 2e meilleur départ à 0.00447, proche du meilleur (0.00447, ratio 1.00)"
eb91928d56dd3f19,FR15_ABOM30072020048,16974509606281494297,data/crops/organized/organized_FR15_ABOM30072020048_P2_eb91928d56dd3f19.jpg,SUSPECT,0.00430586147270188,"orientation ambiguë : 2e meilleur départ à 0.00431, proche du meilleur (0.00431, ratio 1.00)"
eba3cf4caf1e7a76,CD388235,16979642948379376246,data/crops/organized/organized_CD388235_P2_eba3cf4caf1e7a76.jpg,SUSPECT,0.0044645216971185625,"orientation ambiguë : 2e meilleur départ à 0.00446, proche du meilleur (0.00446, ratio 1.00)"
eba4545229efa1ba,15L2021-1739,16979789206961234362,data/crops/organized/organized_15L2021-1739_P1_eba4545229efa1ba.jpg,SUSPECT,0.004405452549085656,"orientation ambiguë : 2e meilleur départ à 0.00441, proche du meilleur (0.00441, ratio 1.00)"
ebd9897260f4e5aa,CD388861,16994765793205216682,data/crops/organized/organized_CD388861_S2_ebd9897260f4e5aa.jpg,SUSPECT,0.004740757601483823,"orientation ambiguë : 2e meilleur départ à 0.00474, proche du meilleur (0.00474, ratio 1.00)"
ebe1599a71effb99,ABAURA8885f,16996964988544351129,data/crops/organized/organized_ABAURA8885f_S3_ebe1599a71effb99.jpg,SUSPECT,0.004594309213920382,"orientation ambiguë : 2e meilleur départ à 0.00459, proche du meilleur (0.00459, ratio 1.00)"
ebe7d1fc0754204f,15L2021-1585,16998786198918144079,data/crops/organized/organized_15L2021-1585_P1_ebe7d1fc0754204f.jpg,SUSPECT,0.0055017017740760545,"orientation ambiguë : 2e meilleur départ à 0.00550, proche du meilleur (0.00550, ratio 1.00)"
ebf740751ebbe04e,ABAURA8207d,17003129789931577422,data/crops/organized/organized_ABAURA8207d_P2_ebf740751ebbe04e.jpg,SUSPECT,0.004620251670525721,"orientation ambiguë : 2e meilleur départ à 0.00462, proche du meilleur (0.00462, ratio 1.00)"
eccd4b8b02baeeae,FR15_ABOM30072020071,17063377623595019950,data/crops/organized/organized_FR15_ABOM30072020071_S2_eccd4b8b02baeeae.jpg,SUSPECT,0.004555972613616372,"orientation ambiguë : 2e meilleur départ à 0.00456, proche du meilleur (0.00456, ratio 1.00)"
eccdaab53b80f6af,UBC-2011.0157,17063482258540787375,data/crops/organized/organized_UBC-2011.0157_P1_eccdaab53b80f6af.jpg,SUSPECT,0.004728198871979085,"orientation ambiguë : 2e meilleur départ à 0.00473, proche du meilleur (0.00473, ratio 1.00)"
ecedc76531f497c1,FR73ABOM150722001,17072520999875155905,data/crops/organized/organized_FR73ABOM150722001_P2_ecedc76531f497c1.jpg,SUSPECT,0.004363728529040837,"orientation ambiguë : 2e meilleur départ à 0.00436, proche du meilleur (0.00436, ratio 1.00)"
ecf2ae0aaae03e1a,VAN-2019.00822,17073900498154700314,data/crops/organized/organized_VAN-2019.00822_P3_ecf2ae0aaae03e1a.jpg,SUSPECT,0.004545193173300504,"orientation ambiguë : 2e meilleur départ à 0.00455, proche du meilleur (0.00455, ratio 1.00)"
ecfe7bff281f0755,CD388862b,17077223172855498581,data/crops/organized/organized_CD388862b_S1_ecfe7bff281f0755.jpg,SUSPECT,0.0045399685001472,"orientation ambiguë : 2e meilleur départ à 0.00454, proche du meilleur (0.00454, ratio 1.00)"
ed096121e696ee8e,FR04ABOM220722087,17080289860009782926,data/crops/organized/organized_FR04ABOM220722087_S1_ed096121e696ee8e.jpg,SUSPECT,0.0047950792327514135,"orientation ambiguë : 2e meilleur départ à 0.00480, proche du meilleur (0.00480, ratio 1.00)"
ed0a8bf59d77a0ec,CD388862,17080618423781138668,data/crops/organized/organized_CD388862_P2_ed0a8bf59d77a0ec.jpg,SUSPECT,0.004312924257675677,"orientation ambiguë : 2e meilleur départ à 0.00431, proche du meilleur (0.00431, ratio 1.00)"
ed177e7fc6be63fd,FR05ABOM220722028,17084262798713578493,data/crops/organized/organized_FR05ABOM220722028_P1_ed177e7fc6be63fd.jpg,SUSPECT,0.004662612822191098,"orientation ambiguë : 2e meilleur départ à 0.00466, proche du meilleur (0.00466, ratio 1.00)"
ed2238994cbc2214,FR73ABOM130722041,17087282167265632788,data/crops/organized/organized_FR73ABOM130722041_S3_ed2238994cbc2214.jpg,SUSPECT,0.004825462728997917,"orientation ambiguë : 2e meilleur départ à 0.00483, proche du meilleur (0.00483, ratio 1.00)"
ed5ac5a3dedbd556,ABAURA5676,17103199842502169942,data/crops/organized/organized_ABAURA5676_S5_ed5ac5a3dedbd556.jpg,FAILED,inf,"1 landmarks, 18 attendus"
ed5f2c84a7ea30c8,FR15ABOM170821029,17104438858040881352,data/crops/organized/organized_FR15ABOM170821029_S1_ed5f2c84a7ea30c8.jpg,SUSPECT,0.004590964987560959,"orientation ambiguë : 2e meilleur départ à 0.00459, proche du meilleur (0.00459, ratio 1.00)"
ed67b8864ad4a032,OPIE_Lapi_78V,17106844596510695474,data/crops/organized/organized_OPIE_Lapi_78V_S2_ed67b8864ad4a032.jpg,SUSPECT,0.004484670328647182,"orientation ambiguë : 2e meilleur départ à 0.00448, proche du meilleur (0.00448, ratio 1.00)"
ed85e0748612c3bf,CD388145,17115332749961642943,data/crops/organized/organized_CD388145_P2_ed85e0748612c3bf.jpg,SUSPECT,0.004418658581803834,"orientation ambiguë : 2e meilleur départ à 0.00442, proche du meilleur (0.00442, ratio 1.00)"
ed8e3393b98a0803,ABAURA4928,17117675943247874051,data/crops/organized/organized_ABAURA4928_S1_ed8e3393b98a0803.jpg,SUSPECT,0.004441244700348391,"orientation ambiguë : 2e meilleur départ à 0.00444, proche du meilleur (0.00444, ratio 1.00)"
ed996ef935782e11,POLLINIS4415,17120837475048631825,data/crops/organized/organized_POLLINIS4415_S2_ed996ef935782e11.jpg,SUSPECT,0.004385132476563927,"orientation ambiguë : 2e meilleur départ à 0.00439, proche du meilleur (0.00439, ratio 1.00)"
edda5168d5a20972,CD387287,17139100842614458738,data/crops/organized/organized_CD387287_S2_edda5168d5a20972.jpg,SUSPECT,0.004441831513601852,"orientation ambiguë : 2e meilleur départ à 0.00444, proche du meilleur (0.00444, ratio 1.00)"
ee055fdd43af7299,FR15ABOM100721047,17151220159838384793,data/crops/organized/organized_FR15ABOM100721047_S3_ee055fdd43af7299.jpg,SUSPECT,0.004659167731560629,"orientation ambiguë : 2e meilleur départ à 0.00466, proche du meilleur (0.00466, ratio 1.00)"
ee197cdadbd4e695,ABAURA8885f,17156881534877492885,data/crops/organized/organized_ABAURA8885f_P1_ee197cdadbd4e695.jpg,SUSPECT,0.004509670451329994,"orientation ambiguë : 2e meilleur départ à 0.00451, proche du meilleur (0.00451, ratio 1.00)"
ee363c0ad125923a,ABAURA8212,17164973046925464122,data/crops/organized/organized_ABAURA8212_S2_ee363c0ad125923a.jpg,SUSPECT,0.0046692691826174335,"orientation ambiguë : 2e meilleur départ à 0.00467, proche du meilleur (0.00467, ratio 1.00)"
ee4478363febce24,2007.0008,17168979853839158820,data/crops/organized/organized_2007.0008_S3_ee4478363febce24.jpg,SUSPECT,0.004755816771357065,"orientation ambiguë : 2e meilleur départ à 0.00476, proche du meilleur (0.00476, ratio 1.00)"
ee48575111b209bb,2019.02118,17170069585050864059,data/crops/organized/organized_2019.02118_P1_ee48575111b209bb.jpg,SUSPECT,0.004541581371855476,"orientation ambiguë : 2e meilleur départ à 0.00454, proche du meilleur (0.00454, ratio 1.00)"
ee5cb97a1e4aa2af,ABAURA8885b,17175807013029585583,data/crops/organized/organized_ABAURA8885b_P2_ee5cb97a1e4aa2af.jpg,FAILED,inf,"14 landmarks, 18 attendus"
ee7e84739d776a37,CollecYvan3,17185318860190345783,data/crops/organized/organized_CollecYvan3_P2_ee7e84739d776a37.jpg,SUSPECT,0.00455257998248115,"orientation ambiguë : 2e meilleur départ à 0.00455, proche du meilleur (0.00455, ratio 1.00)"
ee8b352a724cec20,CD388865c,17188890859212172320,data/crops/organized/organized_CD388865c_P1_ee8b352a724cec20.jpg,SUSPECT,0.004518087093821871,"orientation ambiguë : 2e meilleur départ à 0.00452, proche du meilleur (0.00452, ratio 1.00)"
ee9e7e3f7d787fdd,CollecYvan17,17194319238500220893,data/crops/organized/organized_CollecYvan17_S3_ee9e7e3f7d787fdd.jpg,SUSPECT,0.0044570173031367975,"orientation ambiguë : 2e meilleur départ à 0.00446, proche du meilleur (0.00446, ratio 1.00)"
eefcef496c1fbf62,CollecYvan14,17220902173783605090,data/crops/organized/organized_CollecYvan14_P2_eefcef496c1fbf62.jpg,SUSPECT,0.004723055750395729,"orientation ambiguë : 2e meilleur départ à 0.00472, proche du meilleur (0.00472, ratio 1.00)"
ef0126b49b8668f4,ABAURA8150c,17222089007186733300,data/crops/organized/organized_ABAURA8150c_S3_ef0126b49b8668f4.jpg,SUSPECT,0.00469886519598059,"orientation ambiguë : 2e meilleur départ à 0.00470, proche du meilleur (0.00470, ratio 1.00)"
ef245b03c92b2a96,ABAURA8239d,17231998146044439190,data/crops/organized/organized_ABAURA8239d_P2_ef245b03c92b2a96.jpg,SUSPECT,0.0044532885140614415,"orientation ambiguë : 2e meilleur départ à 0.00445, proche du meilleur (0.00445, ratio 1.00)"
ef24eeb981df354d,FR73ABOM130722001,17232160554741609805,data/crops/organized/organized_FR73ABOM130722001_P2_ef24eeb981df354d.jpg,SUSPECT,0.004554802314652049,"orientation ambiguë : 2e meilleur départ à 0.00455, proche du meilleur (0.00455, ratio 1.00)"
ef371a557785b928,FR73ABOM130722046,17237275053163657512,data/crops/organized/organized_FR73ABOM130722046_S2_ef371a557785b928.jpg,SUSPECT,0.0044116532166005645,"orientation ambiguë : 2e meilleur départ à 0.00441, proche du meilleur (0.00441, ratio 1.00)"
ef3d786b40055bc1,CD388865b,17239067350675053505,data/crops/organized/organized_CD388865b_S3_ef3d786b40055bc1.jpg,SUSPECT,0.004548991590691104,"orientation ambiguë : 2e meilleur départ à 0.00455, proche du meilleur (0.00455, ratio 1.00)"
ef63245f84375513,OPIE_Lapi_060803,17249670990417843475,data/crops/organized/organized_OPIE_Lapi_060803_P2_ef63245f84375513.jpg,SUSPECT,0.0042230420587582845,"orientation ambiguë : 2e meilleur départ à 0.00422, proche du meilleur (0.00422, ratio 1.00)"
ef6eda02d790d8d0,FR04ABOM220722061,17252966928244332752,data/crops/organized/organized_FR04ABOM220722061_P1_ef6eda02d790d8d0.jpg,SUSPECT,0.004362863846841776,"orientation ambiguë : 2e meilleur départ à 0.00436, proche du meilleur (0.00436, ratio 1.00)"
efa6e0c1b3e3d432,D264520,17268736943750108210,data/crops/organized/organized_D264520_P1_efa6e0c1b3e3d432.jpg,SUSPECT,0.004669161954536948,"orientation ambiguë : 2e meilleur départ à 0.00467, proche du meilleur (0.00467, ratio 1.00)"
efd0dbab075cfee4,ABAURA7548,17280553297830018788,data/crops/organized/organized_ABAURA7548_P2_efd0dbab075cfee4.jpg,SUSPECT,0.00446771016656067,"orientation ambiguë : 2e meilleur départ à 0.00447, proche du meilleur (0.00447, ratio 1.00)"
eff4e914c9952eaf,2020.06348,17290701144872791727,data/crops/organized/organized_2020.06348_P1_eff4e914c9952eaf.jpg,SUSPECT,0.004424934320906359,"orientation ambiguë : 2e meilleur départ à 0.00442, proche du meilleur (0.00442, ratio 1.00)"
f022305d6e818b1a,CD388821c,17303445896154942234,data/crops/organized/organized_CD388821c_S2_f022305d6e818b1a.jpg,SUSPECT,0.004609744883472634,"orientation ambiguë : 2e meilleur départ à 0.00461, proche du meilleur (0.00461, ratio 1.00)"
f044b3529285643a,OPIE_Lapi_070820b,17313160034745934906,data/crops/organized/organized_OPIE_Lapi_070820b_S2_f044b3529285643a.jpg,SUSPECT,0.004636726742166263,"orientation ambiguë : 2e meilleur départ à 0.00464, proche du meilleur (0.00464, ratio 1.00)"
f05d8e650c6c01e4,ABAURA8672b,17320156306588041700,data/crops/organized/organized_ABAURA8672b_S3_f05d8e650c6c01e4.jpg,SUSPECT,0.004543836363667618,"orientation ambiguë : 2e meilleur départ à 0.00454, proche du meilleur (0.00454, ratio 1.00)"
f06147c6b60f86b4,FR73ABOM130722037,17321204560627205812,data/crops/organized/organized_FR73ABOM130722037_S2_f06147c6b60f86b4.jpg,SUSPECT,0.004364064994749512,"orientation ambiguë : 2e meilleur départ à 0.00436, proche du meilleur (0.00436, ratio 1.00)"
f07535df92902af5,2020.03930,17326814375730752245,data/crops/organized/organized_2020.03930_S2_f07535df92902af5.jpg,SUSPECT,0.004405790229608702,"orientation ambiguë : 2e meilleur départ à 0.00441, proche du meilleur (0.00441, ratio 1.00)"
f0a36292e37ee4a0,CEN187839,17339811373328032928,data/crops/organized/organized_CEN187839_S1_f0a36292e37ee4a0.jpg,SUSPECT,0.0046545210835214155,"orientation ambiguë : 2e meilleur départ à 0.00465, proche du meilleur (0.00465, ratio 1.00)"
f0d57b7a3654b35b,CD388229,17353912503969821531,data/crops/organized/organized_CD388229_S1_f0d57b7a3654b35b.jpg,SUSPECT,0.004635464373242568,"orientation ambiguë : 2e meilleur départ à 0.00464, proche du meilleur (0.00464, ratio 1.00)"
f0e6f28b1a4067b4,FR15ABOM210821107,17358828493000959924,data/crops/organized/organized_FR15ABOM210821107_S3_f0e6f28b1a4067b4.jpg,SUSPECT,0.004261538243617936,"orientation ambiguë : 2e meilleur départ à 0.00426, proche du meilleur (0.00426, ratio 1.00)"
f1098cd0008a3a0d,FR15_ABOM30072020036,17368568262921173517,data/crops/organized/organized_FR15_ABOM30072020036_P2_f1098cd0008a3a0d.jpg,SUSPECT,0.004154286439505105,"orientation ambiguë : 2e meilleur départ à 0.00415, proche du meilleur (0.00415, ratio 1.00)"
f112afb76adbcb4b,VAN-2019.00822,17371139915028089675,data/crops/organized/organized_VAN-2019.00822_S2_f112afb76adbcb4b.jpg,SUSPECT,0.004666993918457125,"orientation ambiguë : 2e meilleur départ à 0.00467, proche du meilleur (0.00467, ratio 1.00)"
f115101284509434,ABB.2017.20260,17371808809366885428,data/crops/organized/organized_ABB.2017.20260_P1_f115101284509434.jpg,SUSPECT,0.00466042750672297,"orientation ambiguë : 2e meilleur départ à 0.00466, proche du meilleur (0.00466, ratio 1.00)"
f121964e05160221,FR73ABOM200722029,17375334099209028129,data/crops/organized/organized_FR73ABOM200722029_P1_f121964e05160221.jpg,SUSPECT,0.004507092961004924,"orientation ambiguë : 2e meilleur départ à 0.00451, proche du meilleur (0.00451, ratio 1.00)"
f1240bcd9afdea04,VAN-2019.00795,17376026239998749188,data/crops/organized/organized_VAN-2019.00795_P2_f1240bcd9afdea04.jpg,SUSPECT,0.0045153736844803,"orientation ambiguë : 2e meilleur départ à 0.00452, proche du meilleur (0.00452, ratio 1.00)"
f1466277add230a3,FR15AB100518002,17385691677667242147,data/crops/organized/organized_FR15AB100518002_S1_f1466277add230a3.jpg,SUSPECT,0.004654249136193468,"orientation ambiguë : 2e meilleur départ à 0.00465, proche du meilleur (0.00465, ratio 1.00)"
f1696bf3a2d394c8,OPIE_Lapi_260620,17395553729848251592,data/crops/organized/organized_OPIE_Lapi_260620_S3_f1696bf3a2d394c8.jpg,SUSPECT,0.0044833443675487035,"orientation ambiguë : 2e meilleur départ à 0.00448, proche du meilleur (0.00448, ratio 1.00)"
f16a57217d3dc695,POLLINIS4351,17395812312018699925,data/crops/organized/organized_POLLINIS4351_S3_f16a57217d3dc695.jpg,SUSPECT,0.004544708786068444,"orientation ambiguë : 2e meilleur départ à 0.00454, proche du meilleur (0.00454, ratio 1.00)"
f1b3e6ead8e308c4,FR15ABOM150720008,17416518080307333316,data/crops/organized/organized_FR15ABOM150720008_S3_f1b3e6ead8e308c4.jpg,SUSPECT,0.004393129275862547,"orientation ambiguë : 2e meilleur départ à 0.00439, proche du meilleur (0.00439, ratio 1.00)"
f1bd9f731f0dba72,ABAURA8625,17419254250529995378,data/crops/organized/organized_ABAURA8625_S3_f1bd9f731f0dba72.jpg,SUSPECT,0.0044803686613454526,"orientation ambiguë : 2e meilleur départ à 0.00448, proche du meilleur (0.00448, ratio 1.00)"
f1d9b04ad485897c,ABAURA8602,17427154068526434684,data/crops/organized/organized_ABAURA8602_P2_f1d9b04ad485897c.jpg,SUSPECT,0.008698124929318457,"orientation ambiguë : 2e meilleur départ à 0.00870, proche du meilleur (0.00870, ratio 1.00)"
f232c64f59dcab0f,CD387804,17452229550126443279,data/crops/organized/organized_CD387804_S2_f232c64f59dcab0f.jpg,SUSPECT,0.004599633838010613,"orientation ambiguë : 2e meilleur départ à 0.00460, proche du meilleur (0.00460, ratio 1.00)"
f26bca0a30ed5d84,FR73ABOM130722006,17468277724805946756,data/crops/organized/organized_FR73ABOM130722006_P1_f26bca0a30ed5d84.jpg,SUSPECT,0.004634273265617151,"orientation ambiguë : 2e meilleur départ à 0.00463, proche du meilleur (0.00463, ratio 1.00)"
f26fc1a8554f167e,FR73ABOM130722004,17469394408323356286,data/crops/organized/organized_FR73ABOM130722004_S2_f26fc1a8554f167e.jpg,SUSPECT,0.0046327653374028865,"orientation ambiguë : 2e meilleur départ à 0.00463, proche du meilleur (0.00463, ratio 1.00)"
f2bcfe5bdb398d13,FR15ABOM210821211,17491134723273624851,data/crops/organized/organized_FR15ABOM210821211_P2_f2bcfe5bdb398d13.jpg,SUSPECT,0.004533827613275972,"orientation ambiguë : 2e meilleur départ à 0.00453, proche du meilleur (0.00453, ratio 1.00)"
f2c15175bc3339bd,ATBI_GR5,17492351993794214333,data/crops/organized/organized_ATBI_GR5_S2_f2c15175bc3339bd.jpg,SUSPECT,0.004474612370898339,"orientation ambiguë : 2e meilleur départ à 0.00447, proche du meilleur (0.00447, ratio 1.00)"
f2ec99c4f7a39258,FR15ABOM210821210,17504534922929607256,data/crops/organized/organized_FR15ABOM210821210_S2_f2ec99c4f7a39258.jpg,SUSPECT,0.004402526226872112,"orientation ambiguë : 2e meilleur départ à 0.00440, proche du meilleur (0.00440, ratio 1.00)"
f2fbfc97f960a4fa,FR15ABOM200821126,17508865705987056890,data/crops/organized/organized_FR15ABOM200821126_P2_f2fbfc97f960a4fa.jpg,SUSPECT,0.004358507728211085,"orientation ambiguë : 2e meilleur départ à 0.00436, proche du meilleur (0.00436, ratio 1.00)"
f306768d7642aecf,OPIE_Lapi_220620d,17511814551023300303,data/crops/organized/organized_OPIE_Lapi_220620d_P1_f306768d7642aecf.jpg,SUSPECT,0.004544781638984623,"orientation ambiguë : 2e meilleur départ à 0.00454, proche du meilleur (0.00454, ratio 1.00)"
f320daed6f6d104c,FR73ABOM130722029,17519243263782752332,data/crops/organized/organized_FR73ABOM130722029_S1_f320daed6f6d104c.jpg,SUSPECT,0.004549595980725651,"orientation ambiguë : 2e meilleur départ à 0.00455, proche du meilleur (0.00455, ratio 1.00)"
f3834a1a5a1354b9,CD388769,17546950050206405817,data/crops/organized/organized_CD388769_S3_f3834a1a5a1354b9.jpg,SUSPECT,0.004568688511272692,"orientation ambiguë : 2e meilleur départ à 0.00457, proche du meilleur (0.00457, ratio 1.00)"
f3b597d7d07338d7,ATBI_GR5b,17561109275172092119,data/crops/organized/organized_ATBI_GR5b_P1_f3b597d7d07338d7.jpg,SUSPECT,0.0045637220668238365,"orientation ambiguë : 2e meilleur départ à 0.00456, proche du meilleur (0.00456, ratio 1.00)"
f3ba1ff31c0776d3,2020.06244,17562384825892435667,data/crops/organized/organized_2020.06244_P3_f3ba1ff31c0776d3.jpg,SUSPECT,0.004624918788058508,"orientation ambiguë : 2e meilleur départ à 0.00462, proche du meilleur (0.00462, ratio 1.00)"
f3c14bd7ad839dc2,OPIE_Lapi_A1,17564403411422780866,data/crops/organized/organized_OPIE_Lapi_A1_P1_f3c14bd7ad839dc2.jpg,SUSPECT,0.0046274791741227695,"orientation ambiguë : 2e meilleur départ à 0.00463, proche du meilleur (0.00463, ratio 1.00)"
f3f690252fb79b1a,15G2021-1826,17579396684876061466,data/crops/organized/organized_15G2021-1826_S2_f3f690252fb79b1a.jpg,SUSPECT,0.004816975333650232,"orientation ambiguë : 2e meilleur départ à 0.00482, proche du meilleur (0.00482, ratio 1.00)"
f406e04ce3b29b23,FR04ABOM220722060,17583988415956949795,data/crops/organized/organized_FR04ABOM220722060_S1_f406e04ce3b29b23.jpg,SUSPECT,0.004220896832237662,"orientation ambiguë : 2e meilleur départ à 0.00422, proche du meilleur (0.00422, ratio 1.00)"
f41c211ae0703893,POLLINIS5983,17589970643920631955,data/crops/organized/organized_POLLINIS5983_S3_f41c211ae0703893.jpg,SUSPECT,0.004554321957718487,"orientation ambiguë : 2e meilleur départ à 0.00455, proche du meilleur (0.00455, ratio 1.00)"
f42c459f6453c533,ABAURA4915,17594514395115013427,data/crops/organized/organized_ABAURA4915_S2_f42c459f6453c533.jpg,SUSPECT,0.0046465089556567175,"orientation ambiguë : 2e meilleur départ à 0.00465, proche du meilleur (0.00465, ratio 1.00)"
f47df82c59bf2637,FR15ABOM200821010,17617510186711197239,data/crops/organized/organized_FR15ABOM200821010_S3_f47df82c59bf2637.jpg,SUSPECT,0.004319129742688687,"orientation ambiguë : 2e meilleur départ à 0.00432, proche du meilleur (0.00432, ratio 1.00)"
f483fd8a3b1854f2,FR15_ABOM30072020040,17619204937342276850,data/crops/organized/organized_FR15_ABOM30072020040_S3_f483fd8a3b1854f2.jpg,SUSPECT,0.004560753815202129,"orientation ambiguë : 2e meilleur départ à 0.00456, proche du meilleur (0.00456, ratio 1.00)"
f4af9d547e40abbd,ABAURA4936,17631484052399762365,data/crops/organized/organized_ABAURA4936_P2_f4af9d547e40abbd.jpg,SUSPECT,0.004397848683104259,"orientation ambiguë : 2e meilleur départ à 0.00440, proche du meilleur (0.00440, ratio 1.00)"
f4c1c6a5692e8814,CD388003b,17636596029496133652,data/crops/organized/organized_CD388003b_P1_f4c1c6a5692e8814.jpg,SUSPECT,0.0043338987130804064,"orientation ambiguë : 2e meilleur départ à 0.00433, proche du meilleur (0.00433, ratio 1.00)"
f4ca140aad24aa5b,POLLINIS4351,17638932926637058651,data/crops/organized/organized_POLLINIS4351_S2_f4ca140aad24aa5b.jpg,SUSPECT,0.004565692110261119,"orientation ambiguë : 2e meilleur départ à 0.00457, proche du meilleur (0.00457, ratio 1.00)"
f4d867f476bb0a30,OPIE_Lapi_290602,17642965839885568560,data/crops/organized/organized_OPIE_Lapi_290602_S2_f4d867f476bb0a30.jpg,SUSPECT,0.0046152167646629876,"orientation ambiguë : 2e meilleur départ à 0.00462, proche du meilleur (0.00462, ratio 1.00)"
f4df472911f95192,FR15ABOM170821123,17644900106781675922,data/crops/organized/organized_FR15ABOM170821123_P2_f4df472911f95192.jpg,SUSPECT,0.004402136075581278,"orientation ambiguë : 2e meilleur départ à 0.00440, proche du meilleur (0.00440, ratio 1.00)"
f4e09d60b2a4c359,2013.0265,17645276378677166937,data/crops/organized/organized_2013.0265_S3_f4e09d60b2a4c359.jpg,SUSPECT,0.005102631387907407,"orientation ambiguë : 2e meilleur départ à 0.00510, proche du meilleur (0.00510, ratio 1.00)"
f515dfac7f68d4d9,FR73ABOM130722065,17660267445768213721,data/crops/organized/organized_FR73ABOM130722065_P2_f515dfac7f68d4d9.jpg,SUSPECT,0.004498877612629711,"orientation ambiguë : 2e meilleur départ à 0.00450, proche du meilleur (0.00450, ratio 1.00)"
f59bb7ceca5fa865,OPIE_Lapi_070820b,17697941259468908645,data/crops/organized/organized_OPIE_Lapi_070820b_P1_f59bb7ceca5fa865.jpg,SUSPECT,0.004681858129112474,"orientation ambiguë : 2e meilleur départ à 0.00468, proche du meilleur (0.00468, ratio 1.00)"
f59e53b55e471deb,CD388865,17698675624048532971,data/crops/organized/organized_CD388865_S2_f59e53b55e471deb.jpg,SUSPECT,0.004540984579154255,"orientation ambiguë : 2e meilleur départ à 0.00454, proche du meilleur (0.00454, ratio 1.00)"
f5b8a1951a1242ed,FR73ABOM130722002,17706079596766708461,data/crops/organized/organized_FR73ABOM130722002_S2_f5b8a1951a1242ed.jpg,SUSPECT,0.004871563636810716,"orientation ambiguë : 2e meilleur départ à 0.00487, proche du meilleur (0.00487, ratio 1.00)"
f668f99496e26827,N205,17755715947490076711,data/crops/organized/organized_N205_P3_f668f99496e26827.jpg,SUSPECT,0.004655591550466111,"orientation ambiguë : 2e meilleur départ à 0.00466, proche du meilleur (0.00466, ratio 1.00)"
f6736c92ae4db2eb,2020.00254,17758657132897350379,data/crops/organized/organized_2020.00254_P1_f6736c92ae4db2eb.jpg,SUSPECT,0.0043346535023706485,"orientation ambiguë : 2e meilleur départ à 0.00433, proche du meilleur (0.00433, ratio 1.00)"
f67f9b43f9658763,CollecYvan18,17762086171621820259,data/crops/organized/organized_CollecYvan18_S2_f67f9b43f9658763.jpg,SUSPECT,0.004433712322426309,"orientation ambiguë : 2e meilleur départ à 0.00443, proche du meilleur (0.00443, ratio 1.00)"
f6a6391b02930c37,FR73ABOM130722004,17772955767634332727,data/crops/organized/organized_FR73ABOM130722004_P2_f6a6391b02930c37.jpg,SUSPECT,0.0045867480652447045,"orientation ambiguë : 2e meilleur départ à 0.00459, proche du meilleur (0.00459, ratio 1.00)"
f6b4318c8ed29b4a,FR73ABOM120722026,17776888108899539786,data/crops/organized/organized_FR73ABOM120722026_S2_f6b4318c8ed29b4a.jpg,SUSPECT,0.004518185752644091,"orientation ambiguë : 2e meilleur départ à 0.00452, proche du meilleur (0.00452, ratio 1.00)"
f6be15ca559b471b,FR73ABOM130722027,17779672337669113627,data/crops/organized/organized_FR73ABOM130722027_S1_f6be15ca559b471b.jpg,SUSPECT,0.004543101328367305,"orientation ambiguë : 2e meilleur départ à 0.00454, proche du meilleur (0.00454, ratio 1.00)"
f6d604e01fe13e6f,CD388861b,17786409139000393327,data/crops/organized/organized_CD388861b_S2_f6d604e01fe13e6f.jpg,SUSPECT,0.004628602205578512,"orientation ambiguë : 2e meilleur départ à 0.00463, proche du meilleur (0.00463, ratio 1.00)"
f6dbd95a0f830143,OPIE_Lapi_260620b,17788050134060433731,data/crops/organized/organized_OPIE_Lapi_260620b_S1_f6dbd95a0f830143.jpg,SUSPECT,0.0043521943019026,"orientation ambiguë : 2e meilleur départ à 0.00435, proche du meilleur (0.00435, ratio 1.00)"
f70e86c1fd31489e,ABAURA7155,17802314544776824990,data/crops/organized/organized_ABAURA7155_P1_f70e86c1fd31489e.jpg,SUSPECT,0.004474902577854367,"orientation ambiguë : 2e meilleur départ à 0.00447, proche du meilleur (0.00447, ratio 1.00)"
f71d5d01d852a320,ABAURA8672b,17806490764198454048,data/crops/organized/organized_ABAURA8672b_P1_f71d5d01d852a320.jpg,SUSPECT,0.004694839685369857,"orientation ambiguë : 2e meilleur départ à 0.00469, proche du meilleur (0.00469, ratio 1.00)"
f71ff213f80d0bf8,FR73ABOM120722072,17807217619226135544,data/crops/organized/organized_FR73ABOM120722072_P1_f71ff213f80d0bf8.jpg,SUSPECT,0.004617855425777947,"orientation ambiguë : 2e meilleur départ à 0.00462, proche du meilleur (0.00462, ratio 1.00)"
f72753719bfc26d7,ABAURA7910,17809294998873319127,data/crops/organized/organized_ABAURA7910_P5_f72753719bfc26d7.jpg,FAILED,inf,"17 landmarks, 18 attendus"
f737514e1bef46eb,CollecYvan23,17813796247005251307,data/crops/organized/organized_CollecYvan23_P1_f737514e1bef46eb.jpg,SUSPECT,0.004165871783289443,"orientation ambiguë : 2e meilleur départ à 0.00417, proche du meilleur (0.00417, ratio 1.00)"
f76d9cacc28463d0,OPIE_Lapi_100803,17829078765641425872,data/crops/organized/organized_OPIE_Lapi_100803_S3_f76d9cacc28463d0.jpg,SUSPECT,0.004350519730551774,"orientation ambiguë : 2e meilleur départ à 0.00435, proche du meilleur (0.00435, ratio 1.00)"
f79b9dc0adf9526c,FR73ABOM140722033,17842027799636431468,data/crops/organized/organized_FR73ABOM140722033_P1_f79b9dc0adf9526c.jpg,SUSPECT,0.004516784502333604,"orientation ambiguë : 2e meilleur départ à 0.00452, proche du meilleur (0.00452, ratio 1.00)"
f7a1437c9b4e0950,OPIE_Lapi_A1,17843617401079204176,data/crops/organized/organized_OPIE_Lapi_A1_P2_f7a1437c9b4e0950.jpg,SUSPECT,0.004651949044924397,"orientation ambiguë : 2e meilleur départ à 0.00465, proche du meilleur (0.00465, ratio 1.00)"
f7eed70e2ee2a123,OPPO.7362,17865453227741454627,data/crops/organized/organized_OPPO.7362_P2_f7eed70e2ee2a123.jpg,SUSPECT,0.0044937371090554585,"orientation ambiguë : 2e meilleur départ à 0.00449, proche du meilleur (0.00449, ratio 1.00)"
f7f7809de1a77cf1,ABAURA8239c,17867891462199803121,data/crops/organized/organized_ABAURA8239c_S1_f7f7809de1a77cf1.jpg,SUSPECT,0.004477381644792614,"orientation ambiguë : 2e meilleur départ à 0.00448, proche du meilleur (0.00448, ratio 1.00)"
f8033cc541973017,CollecYvan1,17871194564242911255,data/crops/organized/organized_CollecYvan1_S2_f8033cc541973017.jpg,SUSPECT,0.004532067028653492,"orientation ambiguë : 2e meilleur départ à 0.00453, proche du meilleur (0.00453, ratio 1.00)"
f805c427c371e472,OPIE_Lapi_A1b,17871906371351471218,data/crops/organized/organized_OPIE_Lapi_A1b_P1_f805c427c371e472.jpg,SUSPECT,0.004410855110311276,"orientation ambiguë : 2e meilleur départ à 0.00441, proche du meilleur (0.00441, ratio 1.00)"
f80b87203397c541,ABAURA8228,17873528118524233025,data/crops/organized/organized_ABAURA8228_S3_f80b87203397c541.jpg,SUSPECT,0.004568820396631764,"orientation ambiguë : 2e meilleur départ à 0.00457, proche du meilleur (0.00457, ratio 1.00)"
f8117419f1d5034b,FR73ABOM140722032,17875196050790482763,data/crops/organized/organized_FR73ABOM140722032_P1_f8117419f1d5034b.jpg,SUSPECT,0.004724082016989177,"orientation ambiguë : 2e meilleur départ à 0.00472, proche du meilleur (0.00472, ratio 1.00)"
f83f1beb83561601,ABAURA8205b,17888046943273620993,data/crops/organized/organized_ABAURA8205b_P2_f83f1beb83561601.jpg,SUSPECT,0.00455027696517749,"orientation ambiguë : 2e meilleur départ à 0.00455, proche du meilleur (0.00455, ratio 1.00)"
f884fb925f48a00f,ABAURA8207f,17907714624414326799,data/crops/organized/organized_ABAURA8207f_P2_f884fb925f48a00f.jpg,SUSPECT,0.004693291481312215,"orientation ambiguë : 2e meilleur départ à 0.00469, proche du meilleur (0.00469, ratio 1.00)"
f8ae9ee34ca871ea,FR15_AB210818002,17919434666434654698,data/crops/organized/organized_FR15_AB210818002_P1_f8ae9ee34ca871ea.jpg,SUSPECT,0.00437858068394199,"orientation ambiguë : 2e meilleur départ à 0.00438, proche du meilleur (0.00438, ratio 1.00)"
f8bb98df79635b5e,FR73ABOM120722070,17923087227632704350,data/crops/organized/organized_FR73ABOM120722070_S3_f8bb98df79635b5e.jpg,SUSPECT,0.0046199920976323075,"orientation ambiguë : 2e meilleur départ à 0.00462, proche du meilleur (0.00462, ratio 1.00)"
f8d156daf8140e1c,ABAURA8240d,17929207090003578396,data/crops/organized/organized_ABAURA8240d_P2_f8d156daf8140e1c.jpg,SUSPECT,0.004678519408694703,"orientation ambiguë : 2e meilleur départ à 0.00468, proche du meilleur (0.00468, ratio 1.00)"
f8e866a4151ea632,FR73ABOM200722037,17935698370918000178,data/crops/organized/organized_FR73ABOM200722037_S1_f8e866a4151ea632.jpg,SUSPECT,0.004278716912218914,"orientation ambiguë : 2e meilleur départ à 0.00428, proche du meilleur (0.00428, ratio 1.00)"
f923c6fed74fe689,FR04ABOM220722092,17952411337465259657,data/crops/organized/organized_FR04ABOM220722092_S2_f923c6fed74fe689.jpg,SUSPECT,0.004657889712415437,"orientation ambiguë : 2e meilleur départ à 0.00466, proche du meilleur (0.00466, ratio 1.00)"
f95357d94d3cee8d,ABAURA8627,17965799929326399117,data/crops/organized/organized_ABAURA8627_S1_f95357d94d3cee8d.jpg,SUSPECT,0.0045923927932777775,"orientation ambiguë : 2e meilleur départ à 0.00459, proche du meilleur (0.00459, ratio 1.00)"
f979b0c018a8c0c2,FR15_ABOM170820030,17976593726719967426,data/crops/organized/organized_FR15_ABOM170820030_S1_f979b0c018a8c0c2.jpg,SUSPECT,0.004731772249745744,"orientation ambiguë : 2e meilleur départ à 0.00473, proche du meilleur (0.00473, ratio 1.00)"
f9b080911ae111d6,2020.04010,17992021872054702550,data/crops/organized/organized_2020.04010_S1_f9b080911ae111d6.jpg,SUSPECT,0.004615307312213459,"orientation ambiguë : 2e meilleur départ à 0.00462, proche du meilleur (0.00462, ratio 1.00)"
f9bb18b756f699c9,FR15_ABOM180720053,17995003911806032329,data/crops/organized/organized_FR15_ABOM180720053_S2_f9bb18b756f699c9.jpg,SUSPECT,0.004334823517391202,"orientation ambiguë : 2e meilleur départ à 0.00433, proche du meilleur (0.00433, ratio 1.00)"
f9fd01b1f587af6b,FR15_ABOM180720047,18013555948392001387,data/crops/organized/organized_FR15_ABOM180720047_S1_f9fd01b1f587af6b.jpg,SUSPECT,0.004451948588061405,"orientation ambiguë : 2e meilleur départ à 0.00445, proche du meilleur (0.00445, ratio 1.00)"
fa07f6933c7269dd,2020.03936,18016639946553715165,data/crops/organized/organized_2020.03936_P1_fa07f6933c7269dd.jpg,SUSPECT,0.004783883156101166,"orientation ambiguë : 2e meilleur départ à 0.00478, proche du meilleur (0.00478, ratio 1.00)"
fa2aa677ab3c1f1d,CollecYvan11,18026403491407994653,data/crops/organized/organized_CollecYvan11_S2_fa2aa677ab3c1f1d.jpg,FAILED,inf,"17 landmarks, 18 attendus"
fa5bc9d4f0acba5d,FR73ABOM120722026,18040234648770755165,data/crops/organized/organized_FR73ABOM120722026_P2_fa5bc9d4f0acba5d.jpg,SUSPECT,0.004521895204741598,"orientation ambiguë : 2e meilleur départ à 0.00452, proche du meilleur (0.00452, ratio 1.00)"
fa6190233b18697b,FR15ABOM130722047,18041860063212628347,data/crops/organized/organized_FR15ABOM130722047_S3_fa6190233b18697b.jpg,SUSPECT,0.004221473870312544,"orientation ambiguë : 2e meilleur départ à 0.00422, proche du meilleur (0.00422, ratio 1.00)"
fa6fd304ca6eea45,UBC-2011.0157,18045874249426463301,data/crops/organized/organized_UBC-2011.0157_S4_fa6fd304ca6eea45.jpg,SUSPECT,0.009797569707185934,"orientation ambiguë : 2e meilleur départ à 0.00980, proche du meilleur (0.00980, ratio 1.00)"
fa787b59ecfe7afa,CollecYvan16,18048311132845669114,data/crops/organized/organized_CollecYvan16_S3_fa787b59ecfe7afa.jpg,SUSPECT,0.004402686284082866,"orientation ambiguë : 2e meilleur départ à 0.00440, proche du meilleur (0.00440, ratio 1.00)"
fa8a4d29c8b32547,BAR-2018.00332,18053326898124236103,data/crops/organized/organized_BAR-2018.00332_P2_fa8a4d29c8b32547.jpg,SUSPECT,0.004632684338699488,"orientation ambiguë : 2e meilleur départ à 0.00463, proche du meilleur (0.00463, ratio 1.00)"
faa55ce204dd805c,CD388391b,18060944006453231708,data/crops/organized/organized_CD388391b_P1_faa55ce204dd805c.jpg,SUSPECT,0.0044874400244253095,"orientation ambiguë : 2e meilleur départ à 0.00449, proche du meilleur (0.00449, ratio 1.00)"
fab24352c935e962,ABAURA8885e,18064575078178613602,data/crops/organized/organized_ABAURA8885e_S3_fab24352c935e962.jpg,SUSPECT,0.004572977331812408,"orientation ambiguë : 2e meilleur départ à 0.00457, proche du meilleur (0.00457, ratio 1.00)"
fabb3c73b37f85a8,CollecYvan3,18067100797757261224,data/crops/organized/organized_CollecYvan3_S2_fabb3c73b37f85a8.jpg,SUSPECT,0.0045927984996248184,"orientation ambiguë : 2e meilleur départ à 0.00459, proche du meilleur (0.00459, ratio 1.00)"
fafa713d61124322,CollecYvan12,18084891762095178530,data/crops/organized/organized_CollecYvan12_P1_fafa713d61124322.jpg,SUSPECT,0.0046050374178512495,"orientation ambiguë : 2e meilleur départ à 0.00461, proche du meilleur (0.00461, ratio 1.00)"
fb2af84cc0e383d9,FR15_ABOM170820030,18098551061079098329,data/crops/organized/organized_FR15_ABOM170820030_S2_fb2af84cc0e383d9.jpg,SUSPECT,0.004625653105240794,"orientation ambiguë : 2e meilleur départ à 0.00463, proche du meilleur (0.00463, ratio 1.00)"
fb3f2bae0be94b46,VAN-2019.00788,18104237053576825670,data/crops/organized/organized_VAN-2019.00788_S3_fb3f2bae0be94b46.jpg,SUSPECT,0.00455725305818747,"orientation ambiguë : 2e meilleur départ à 0.00456, proche du meilleur (0.00456, ratio 1.00)"
fb46505ff6a81db7,CD388860b,18106247724979985847,data/crops/organized/organized_CD388860b_P2_fb46505ff6a81db7.jpg,SUSPECT,0.004714636374462244,"orientation ambiguë : 2e meilleur départ à 0.00471, proche du meilleur (0.00471, ratio 1.00)"
fb556572720c8d18,OPPO.7362,18110493018754419992,data/crops/organized/organized_OPPO.7362_S3_fb556572720c8d18.jpg,SUSPECT,0.004425686050394709,"orientation ambiguë : 2e meilleur départ à 0.00443, proche du meilleur (0.00443, ratio 1.00)"
fb559a0c04786643,OPIE_Lapi_130720c,18110550852945602115,data/crops/organized/organized_OPIE_Lapi_130720c_P1_fb559a0c04786643.jpg,SUSPECT,0.00471257078171582,"orientation ambiguë : 2e meilleur départ à 0.00471, proche du meilleur (0.00471, ratio 1.00)"
fb74dfa720b6f324,OPIE_Lapi_D1,18119353109719741220,data/crops/organized/organized_OPIE_Lapi_D1_P2_fb74dfa720b6f324.jpg,FAILED,inf,"17 landmarks, 18 attendus"
fbf366e66a6687f9,ABAURA8240b,18154967662674216953,data/crops/organized/organized_ABAURA8240b_P2_fbf366e66a6687f9.jpg,SUSPECT,0.004604453366517844,"orientation ambiguë : 2e meilleur départ à 0.00460, proche du meilleur (0.00460, ratio 1.00)"
fc5623924b45bf9a,OPIE_Lapi_220620b,18182759656790015898,data/crops/organized/organized_OPIE_Lapi_220620b_P1_fc5623924b45bf9a.jpg,SUSPECT,0.004316187308868174,"orientation ambiguë : 2e meilleur départ à 0.00432, proche du meilleur (0.00432, ratio 1.00)"
fc6254aa9e5acf10,FR15ABOM150821068,18186191337053409040,data/crops/organized/organized_FR15ABOM150821068_S3_fc6254aa9e5acf10.jpg,SUSPECT,0.004425593661627335,"orientation ambiguë : 2e meilleur départ à 0.00443, proche du meilleur (0.00443, ratio 1.00)"
fc89abd3f32c186d,15L2021-1741,18197264696173402221,data/crops/organized/organized_15L2021-1741_S3_fc89abd3f32c186d.jpg,SUSPECT,0.0044112207822403,"orientation ambiguë : 2e meilleur départ à 0.00441, proche du meilleur (0.00441, ratio 1.00)"
fcc10b8412645eb5,RuppSupp1,18212851029935152821,data/crops/organized/organized_RuppSupp1_P2_fcc10b8412645eb5.jpg,SUSPECT,0.004486896922180231,"orientation ambiguë : 2e meilleur départ à 0.00454, proche du meilleur (0.00449, ratio 1.01)"
fcc493337e1c351a,FR15ABOM210822015,18213844642361521434,data/crops/organized/organized_FR15ABOM210822015_P2_fcc493337e1c351a.jpg,SUSPECT,0.004468882657963976,"orientation ambiguë : 2e meilleur départ à 0.00447, proche du meilleur (0.00447, ratio 1.00)"
fccd5e2735cd6428,FR04ABOM220722057,18216319590282912808,data/crops/organized/organized_FR04ABOM220722057_S2_fccd5e2735cd6428.jpg,SUSPECT,0.004373391448671108,"orientation ambiguë : 2e meilleur départ à 0.00437, proche du meilleur (0.00437, ratio 1.00)"
fce15c38021f4e54,OPIE_Lapi_100820,18221946962941267540,data/crops/organized/organized_OPIE_Lapi_100820_P1_fce15c38021f4e54.jpg,SUSPECT,0.004248113422504029,"orientation ambiguë : 2e meilleur départ à 0.00425, proche du meilleur (0.00425, ratio 1.00)"
fce3669210e17c2c,ABB-2020.00038,18222521294805629996,data/crops/organized/organized_ABB-2020.00038_S1_fce3669210e17c2c.jpg,SUSPECT,0.00443295272656091,"orientation ambiguë : 2e meilleur départ à 0.00443, proche du meilleur (0.00443, ratio 1.00)"
fceb25ff01c6bdaa,CD387324,18224702094261534122,data/crops/organized/organized_CD387324_S2_fceb25ff01c6bdaa.jpg,SUSPECT,0.0045314174801397615,"orientation ambiguë : 2e meilleur départ à 0.00453, proche du meilleur (0.00453, ratio 1.00)"
fd2aed1250090dd5,2020.06348,18242653903525580245,data/crops/organized/organized_2020.06348_P2_fd2aed1250090dd5.jpg,SUSPECT,0.004416763863259728,"orientation ambiguë : 2e meilleur départ à 0.00442, proche du meilleur (0.00442, ratio 1.00)"
fd5e578d0f228a0f,NoName10,18257126202762496527,data/crops/organized/organized_NoName10_S2_fd5e578d0f228a0f.jpg,SUSPECT,0.004502039544865462,"orientation ambiguë : 2e meilleur départ à 0.00450, proche du meilleur (0.00450, ratio 1.00)"
fd71a4b0daaf24de,FR73ABOM140722032,18262559043454182622,data/crops/organized/organized_FR73ABOM140722032_S2_fd71a4b0daaf24de.jpg,SUSPECT,0.004687298283887986,"orientation ambiguë : 2e meilleur départ à 0.00469, proche du meilleur (0.00469, ratio 1.00)"
fd9514191983723b,2020.03936,18272533161160438331,data/crops/organized/organized_2020.03936_S1_fd9514191983723b.jpg,SUSPECT,0.004695135858148297,"orientation ambiguë : 2e meilleur départ à 0.00470, proche du meilleur (0.00470, ratio 1.00)"
fd95b4708b48bba6,FR15ABOM210821115,18272709458591792038,data/crops/organized/organized_FR15ABOM210821115_S3_fd95b4708b48bba6.jpg,SUSPECT,0.004426501165670054,"orientation ambiguë : 2e meilleur départ à 0.00443, proche du meilleur (0.00443, ratio 1.00)"
fdbc0b7fb83cdb73,15L2021-1758,18283501230397119347,data/crops/organized/organized_15L2021-1758_S3_fdbc0b7fb83cdb73.jpg,SUSPECT,0.004639477045849955,"orientation ambiguë : 2e meilleur départ à 0.00464, proche du meilleur (0.00464, ratio 1.00)"
fdc28948df3b05a3,ABAURA5591,18285328383153472931,data/crops/organized/organized_ABAURA5591_S2_fdc28948df3b05a3.jpg,SUSPECT,0.004426354448408838,"orientation ambiguë : 2e meilleur départ à 0.00443, proche du meilleur (0.00443, ratio 1.00)"
fde63f0b0eed4b60,2017.06254,18295379852966841184,data/crops/organized/organized_2017.06254_S3_fde63f0b0eed4b60.jpg,SUSPECT,0.004621670615261194,"orientation ambiguë : 2e meilleur départ à 0.00462, proche du meilleur (0.00462, ratio 1.00)"
fdf82c1dd7b5a73b,CD388821c,18300425592504690491,data/crops/organized/organized_CD388821c_P1_fdf82c1dd7b5a73b.jpg,SUSPECT,0.0047193980451435075,"orientation ambiguë : 2e meilleur départ à 0.00472, proche du meilleur (0.00472, ratio 1.00)"
fe30df943216c383,15L2021-1483,18316385512104313731,data/crops/organized/organized_15L2021-1483_S1_fe30df943216c383.jpg,SUSPECT,0.004477652142616179,"orientation ambiguë : 2e meilleur départ à 0.00448, proche du meilleur (0.00448, ratio 1.00)"
fe5ad4509d3ab061,CD388235b,18328195076237996129,data/crops/organized/organized_CD388235b_S2_fe5ad4509d3ab061.jpg,SUSPECT,0.004584928895263868,"orientation ambiguë : 2e meilleur départ à 0.00458, proche du meilleur (0.00458, ratio 1.00)"
fe6cf3284301f3d4,CD388391b,18333295537366889428,data/crops/organized/organized_CD388391b_S1_fe6cf3284301f3d4.jpg,SUSPECT,0.004556611932865783,"orientation ambiguë : 2e meilleur départ à 0.00456, proche du meilleur (0.00456, ratio 1.00)"
fea3d45ca9b535a3,FR15_ABOM14080820006,18348742801286837667,data/crops/organized/organized_FR15_ABOM14080820006_P2_fea3d45ca9b535a3.jpg,SUSPECT,0.004794556313234122,"orientation ambiguë : 2e meilleur départ à 0.00479, proche du meilleur (0.00479, ratio 1.00)"
fec0e2ce9edaafe7,NoName13,18356921458218414055,data/crops/organized/organized_NoName13_P1_fec0e2ce9edaafe7.jpg,SUSPECT,0.004492008011058276,"orientation ambiguë : 2e meilleur départ à 0.00449, proche du meilleur (0.00449, ratio 1.00)"
fec7817b580a2606,CD387770d,18358784772757136902,data/crops/organized/organized_CD387770d_S3_fec7817b580a2606.jpg,SUSPECT,0.004424035518027805,"orientation ambiguë : 2e meilleur départ à 0.00442, proche du meilleur (0.00442, ratio 1.00)"
fec79aaf480fc278,ABAURA7781,18358812483618062968,data/crops/organized/organized_ABAURA7781_P2_fec79aaf480fc278.jpg,SUSPECT,0.004404197400634998,"orientation ambiguë : 2e meilleur départ à 0.00440, proche du meilleur (0.00440, ratio 1.00)"
fecd3976f1b0bcb3,FR15ABOM170821123,18360394438883196083,data/crops/organized/organized_FR15ABOM170821123_S1_fecd3976f1b0bcb3.jpg,SUSPECT,0.0044784896870974375,"orientation ambiguë : 2e meilleur départ à 0.00448, proche du meilleur (0.00448, ratio 1.00)"
fedf92240970c855,OPIE_Lapi_110702,18365558488915036245,data/crops/organized/organized_OPIE_Lapi_110702_S3_fedf92240970c855.jpg,SUSPECT,0.004723000402584924,"orientation ambiguë : 2e meilleur départ à 0.00472, proche du meilleur (0.00472, ratio 1.00)"
fedf9ef475ea398d,ABAURA8852b,18365572578227665293,data/crops/organized/organized_ABAURA8852b_P1_fedf9ef475ea398d.jpg,FAILED,inf,"15 landmarks, 18 attendus"
fee31816c9382712,CD388865e,18366550191491262226,data/crops/organized/organized_CD388865e_S3_fee31816c9382712.jpg,SUSPECT,0.004740793822700145,"orientation ambiguë : 2e meilleur départ à 0.00474, proche du meilleur (0.00474, ratio 1.00)"
ff0a7b5355720112,FR73ABOM120722118,18377636827284766994,data/crops/organized/organized_FR73ABOM120722118_P2_ff0a7b5355720112.jpg,SUSPECT,0.004854238013682557,"orientation ambiguë : 2e meilleur départ à 0.00485, proche du meilleur (0.00485, ratio 1.00)"
ff141dfca1a05d44,ABAURA8150c,18380348950086442308,data/crops/organized/organized_ABAURA8150c_S2_ff141dfca1a05d44.jpg,SUSPECT,0.004637818410134328,"orientation ambiguë : 2e meilleur départ à 0.00464, proche du meilleur (0.00464, ratio 1.00)"
ff38f7ce85a734aa,ABAURA8672b,18390721544745071786,data/crops/organized/organized_ABAURA8672b_S2_ff38f7ce85a734aa.jpg,SUSPECT,0.004495163497355416,"orientation ambiguë : 2e meilleur départ à 0.00450, proche du meilleur (0.00450, ratio 1.00)"
ff48c884a154fe16,ABAURA8238d,18395173149962731030,data/crops/organized/organized_ABAURA8238d_P2_ff48c884a154fe16.jpg,SUSPECT,0.00446839597331166,"orientation ambiguë : 2e meilleur départ à 0.00447, proche du meilleur (0.00447, ratio 1.00)"
ff96a834008745dc,1036L,18417092667478853084,data/crops/organized/organized_1036L_P2_ff96a834008745dc.jpg,SUSPECT,0.0058406176954371464,"orientation ambiguë : 2e meilleur départ à 0.00584, proche du meilleur (0.00584, ratio 1.00)"
ffae13d2e1c39bf7,FR04ABOM220722046,18423684922071030775,data/crops/organized/organized_FR04ABOM220722046_P2_ffae13d2e1c39bf7.jpg,SUSPECT,0.004617965906100096,"orientation ambiguë : 2e meilleur départ à 0.00462, proche du meilleur (0.00462, ratio 1.00)"
ffb12b98b12e4805,POLLINIS4455,18424555485357033477,data/crops/organized/organized_POLLINIS4455_P1_ffb12b98b12e4805.jpg,SUSPECT,0.0046039813154186045,"orientation ambiguë : 2e meilleur départ à 0.00460, proche du meilleur (0.00460, ratio 1.00)"
ffb1ba8aab2fb4bf,FR15ABOM200821233,18424712655289693375,data/crops/organized/organized_FR15ABOM200821233_P2_ffb1ba8aab2fb4bf.jpg,SUSPECT,0.004395986106866635,"orientation ambiguë : 2e meilleur départ à 0.00440, proche du meilleur (0.00440, ratio 1.00)"
ffb6f01d3d714e64,OPIE_Lapi_E7,18426178933808516708,data/crops/organized/organized_OPIE_Lapi_E7_S2_ffb6f01d3d714e64.jpg,SUSPECT,0.004407164503854955,"orientation ambiguë : 2e meilleur départ à 0.00441, proche du meilleur (0.00441, ratio 1.00)"
ffbc98362acb9201,FR15ABOM210821077,18427771133706867201,data/crops/organized/organized_FR15ABOM210821077_S3_ffbc98362acb9201.jpg,FAILED,inf,"17 landmarks, 18 attendus"
ffc25659b371362c,OPIE_Lapi_130720,18429387568416110124,data/crops/organized/organized_OPIE_Lapi_130720_S2_ffc25659b371362c.jpg,SUSPECT,0.004484008334546274,"orientation ambiguë : 2e meilleur départ à 0.00448, proche du meilleur (0.00448, ratio 1.00)"
ffd78146c1d92119,2019.02073,18435345740564341017,data/crops/organized/organized_2019.02073_S3_ffd78146c1d92119.jpg,SUSPECT,0.004606387264061696,"orientation ambiguë : 2e meilleur départ à 0.00461, proche du meilleur (0.00461, ratio 1.00)"
