tps_id,specimen_id,n_outlier_landmarks,status
7070579134150390,CD388016,0,OK
24531757367709128,FR74ABOM160722001,17,SUSPECT
25368057524513755,VAN-2019.00850,0,OK
28545656663639268,FR73ABOM200722028,0,OK
29220300955005197,FR15ABOM200722065,1,OK
41854757394526136,FR15_STPONCY300921002,0,OK
43174878305128790,FR74ABOM170722014,0,OK
44290928084736567,FR73ABOM130722037,0,OK
49149196353222784,FR15ABOM200821010,0,OK
58134900495497172,POLLINIS5983,0,OK
91313676474122135,FR15ABOM210821115,0,OK
98078467393695578,OPIE_Lapi_200720,0,OK
98843323755479298,CD388860b,17,SUSPECT
99296896632137646,FR04ABOM220722051,0,OK
105725996763830309,CD387313,0,OK
108266779707636998,ABAURA7163,0,OK
119499408327829565,FR15_ABOM080820039,0,OK
128053777008617591,CD387770b,0,OK
136842298104306452,ABAURA8606,0,OK
138891088205838299,ABAURA4923b,0,OK
139006302579494716,CD388872,0,OK
139855258052949483,FR15ABOM060621003,0,OK
141226520002599575,ABAURA8206,0,OK
149910909177281812,FR73ABOM120722021,2,OK
153977508925485500,OPIE_Lapi_220620d,0,OK
156850740381947928,FR15ABOM200821202,11,SUSPECT
163999373792259478,NoName12,0,OK
192348943865153074,NoName15,10,SUSPECT
205015331422187188,CD388860,0,OK
212995334706910007,NoName1,16,SUSPECT
217355801803408167,FR15ABOM200722066,0,OK
237978904919883992,CD388865d,17,SUSPECT
243351455481038752,FR73ABOM200722030,2,OK
243569345861278572,CD388003,8,OK
244574357633957942,POLLINIS4455,0,OK
246392925950245429,FR15ABOM210821077,2,OK
248293685758650924,CollecYvan8,0,OK
261649694351689483,BAR-2018.00332,0,OK
264120117763633277,FR15ABOM210821147,0,OK
267762701001757986,N205,16,SUSPECT
284903452751638798,FR73ABOM130722040,0,OK
285258879765438978,OPIE_Lapi_220620,0,OK
288676999224999913,2020.00470,0,OK
290921292800833131,CollecYvan20,1,OK
301920521128818234,CD388862,16,SUSPECT
303728587075188185,FR04ABOM220722087,17,SUSPECT
307832630126149943,ABAURA8203,0,OK
337146161901495927,CD388229c,17,SUSPECT
342522315216041626,FR15_ABOM09082020094,9,OK
346645417678424464,CD388230b,17,SUSPECT
363241283477439751,VAN-2019.00814,7,OK
370459519186941396,OPIE_Lapi_D1,0,OK
371051850668737621,FR15ABOM060621003,0,OK
372243104819130177,CD388872b,0,OK
375070490722585952,OPIE_Lapi_220620b,16,SUSPECT
377243647200382427,NoName7,0,OK
384439676747250553,CD387577,17,SUSPECT
387356644004788787,2007.0008,0,OK
400208061553549886,POLLINIS4455,8,OK
405993825114147364,OPIE_Lapi_240620b,16,SUSPECT
424914135394432469,CD388145,0,OK
426075177167041238,FR73ABOM120722070,2,OK
426139388295900421,ABAURA57210,16,SUSPECT
432302208724995738,OPIE_Lapi_130720b,0,OK
448201486491385000,FR15ABOM220821043,15,SUSPECT
456551950583126057,ABAURA4915,0,OK
459723475602905823,POLLINIS4343,0,OK
466548037768742588,FR73ABOM200722032,0,OK
468610495291809647,Znieff_galibier,0,OK
473271122209070489,ABAURA8606,8,OK
473435967133707419,ABAURA8151,0,OK
483346074332742080,N628,16,SUSPECT
488481926050939240,ABAURA8764,0,OK
498584219808920241,OPIE_Lapi_220620d,0,OK
500043330137484125,15L2021-1732,17,SUSPECT
501407170415364800,NoName5,17,SUSPECT
507673370658777307,FR15_ABOM180720054,0,OK
509678682308355811,FR15_ABOM180720048,8,OK
516589840763761476,ABAURA8238d,0,OK
519357950814988726,FR15ABOM210821212,0,OK
523742996706671771,ABAURA8207f,14,SUSPECT
526436425666662689,FR73ABOM200722019,2,OK
540768721956029181,FR04ABOM220722055,0,OK
542430138491261405,CollecYvan3,0,OK
546405261307833143,CD388860b,17,SUSPECT
553438941298709906,FR15ABOM210822013,11,SUSPECT
570539297591657758,CD388623,17,SUSPECT
588901513831650592,ABAURA4936,8,OK
622924466537457945,2020.04013,0,OK
627959391151526188,2019.00316,0,OK
639136218647473884,CD388865d,17,SUSPECT
641358489116636264,OPIE_Lapi_95C,0,OK
645661006629888151,FR15_ABOM30072020045,11,SUSPECT
659683353209041464,CollecYvan12,0,OK
662255590860979914,2019.01788,15,SUSPECT
664222208060561525,FR73ABOM130722006,1,OK
667372843141794232,CollecYvan10,0,OK
668209083753945658,ABAURA8150,18,SUSPECT
678283037591689934,FR73ABOM130722003,0,OK
692358184279865366,FR73ABOM130722046,17,SUSPECT
693759419008968334,FR15ABOM210821165,0,OK
706547559935439005,2020.06207,0,OK
736180175331866364,CD388018b,8,OK
743808533602317835,ABAURA8606,0,OK
761324688389290193,CollecYvan17,1,OK
768501666673806107,2020.03930,0,OK
772273665441585137,FR73ABOM130722065,2,OK
776017227309118511,ABAURA8151,0,OK
778005610678591379,VAN-2019.00795,0,OK
781821500589758836,FR15ABOM170821120,0,OK
794933136347839504,NoName2,16,SUSPECT
798928340251441728,NoName5,17,SUSPECT
800296979064029088,FR15ABOM170821074,0,OK
801282260485227957,CD388013,9,OK
828210310426226888,OPIE_Lapi_230620,0,OK
832418093629542600,2020.00470,0,OK
833048872129162054,OPIE_Lapi_230620b,0,OK
850684014527726181,CD388860,0,OK
852314764455122837,FR05ABOM220722027,0,OK
858551788049769490,N628,18,SUSPECT
859413387459265601,FR73ABOM130722063,0,OK
863501306950862096,CD388623e,2,OK
872193177287244272,ABAURA8885d,8,OK
872925395648322729,CD388769,0,OK
875237605529433417,OPIE_Lapi_7B,0,OK
877408154234153799,VAN-2019.00785,7,OK
879055642352653757,ABAURA8205b,0,OK
880865214958556725,CollecYvan1,0,OK
896162266994940576,15G2021-1826,2,OK
898243264174976325,CD388821e,0,OK
910704911835895166,CD388623,0,OK
942940982466021036,CD387577,0,OK
945661501146640463,N815,17,SUSPECT
955840298482083363,FR15ABOM210821212,0,OK
959298531819195044,FR04ABOM220722001,16,SUSPECT
967607391204903129,ABAURA8885b,14,SUSPECT
971317062429240306,FR73ABOM130722002,0,OK
988467511626707534,FR15ABOM100721032,0,OK
1003970787634399314,FR73ABOM200722030,0,OK
1005294617802844740,FR15_ABOM180720047,8,OK
1013833073519454295,CD388865e,16,SUSPECT
1021561606712904189,ABAURA8238b,0,OK
1031583116996394398,FR73ABOM200722037,0,OK
1042528475149763162,CD387577,0,OK
1044977251111533666,FR15ABOM200722063,1,OK
1045626385559222715,OPIE_Lapi_7B,0,OK
1055885739403919030,FR04ABOM220722089,17,SUSPECT
1070448845019159740,ABAURA4928,13,SUSPECT
1073172478980479401,N815,0,OK
1080361055498079119,BAR-2018.00332,0,OK
1081823674967067417,2019.02080,0,OK
1091503173693854868,VAN-2019.00814,8,OK
1106221453501318564,N384,16,SUSPECT
1110132149540268925,FR15ABOM220821084,0,OK
1112492554669920711,FR15_ABOM09082020078,17,SUSPECT
1127804996636100631,CD388391b,0,OK
1146022556351873545,CD388230b,0,OK
1148815807867232900,OPIE_Lapi_200703b,0,OK
1151557547667897780,FR15ABOM210821119,11,SUSPECT
1171821448597858841,FR15_ABOM180720046,0,OK
1181971465516331510,FR73ABOM130722066,0,OK
1189354874402479125,2020.00377,8,OK
1189599785375149279,CD387804c,0,OK
1190892887419805972,FR15ABOM220821068,0,OK
1200749968542633037,ABAURA5667,16,SUSPECT
1204767379267828195,FR15ABOM210821048,11,SUSPECT
1206832898009368400,ABAURA7781,1,OK
1208756123725988144,FR73ABOM130722046,17,SUSPECT
1209167610279896462,FR15ABOM120722071,8,OK
1214843473354037261,ABAURA8207b,0,OK
1225226621808654650,CollecYvan2,2,OK
1228412014047139995,OPIE_Lapi_180703,0,OK
1242502102427522643,FR73ABOM140722039,2,OK
1245230814897430973,CD388018c,0,OK
1247575584416375346,ABAURA8238d,0,OK
1254801249479054820,2020.00301,0,OK
1268125850817992076,ABAURA8207d,8,OK
1287783957122681570,CD388820b,0,OK
1295341113320580847,FR15ABOM200821209,0,OK
1296412302014021735,ABAURA8150b,13,SUSPECT
1304348702088567740,FR15ABOM210821210,0,OK
1335828006066039312,OPIE_Lapi_100803,0,OK
1337160185689612837,FR15ABOM210821014,11,SUSPECT
1338197413230909975,FR15ABOM200821209,0,OK
1343206909353170991,FR15ABOM210822013,11,SUSPECT
1346242556999902151,FR15ABOM210821210,0,OK
1347982542538241873,OPIE_Lapi_7B,0,OK
1356807524180567006,2020.04044,0,OK
1357971268633095089,FR73ABOM130722021,0,OK
1362944279605787423,FR73ABOM130722041,17,SUSPECT
1363413050376779111,FR05ABOM220722027,0,OK
1365341269833208266,N815,1,OK
1367764088724031858,ABAURA5103,15,SUSPECT
1380833135987846944,2013.0265,17,SUSPECT
1385333575111868432,OPIE_Lapi_95C,0,OK
1391755137068659434,CollecYvan19,0,OK
1391859460984027201,D264520b,16,SUSPECT
1411311121426389201,ABAURA8201,15,SUSPECT
1412374864979430625,POLLINIS4384,17,SUSPECT
1420992679070452982,ABAURA8239b,0,OK
1422975185125376947,CD388235b,0,OK
1426729925260689326,FR15ABOM170821030,10,SUSPECT
1437325552117774147,CollecYvan19,0,OK
1440895632478042869,FR73ABOM140722031,2,OK
1443360949137353949,CD388821,0,OK
1463265784250105784,POLLINIS5983,0,OK
1469374144838949278,CD388821f,17,SUSPECT
1474153267961671344,ABAURA8238b,0,OK
1477275319888618774,2020.00449,0,OK
1487757934977516044,ABAURA8852,8,OK
1488082986644825907,OPIE_Lapi_160720b,0,OK
1490407985053285183,N384,16,SUSPECT
1492753584022850798,15L2021-1499,0,OK
1502961971681082811,FR15ABOM310520005,3,OK
1504939188074964846,15L2021-1748,11,SUSPECT
1506495257480778358,FR73ABOM130722007,0,OK
1521337149881213984,2019.02167,17,SUSPECT
1533777754494411473,CD387770d,17,SUSPECT
1539141425345947620,15L2021-1739,0,OK
1542630732355308504,VAN-2019.00781,0,OK
1545454549113322296,FR15ABOM200722026,0,OK
1551602666894163954,NoName12,0,OK
1551848814134047231,FR15ABOM170821030b,0,OK
1574832244807884232,OPIE_Lapi_160720,0,OK
1585839761560219467,FR15_STPONCY300921024,0,OK
1587111681456319334,15L2021-1739,0,OK
1592539211707136859,15L2021-1731,0,OK
1595913863198529763,FR15ABOM220821070,0,OK
1605255707940813051,FR73ABOM140722001,0,OK
1619571888597203691,FR73ABOM200722030,0,OK
1631963360879743454,FR15ABOM210821165,15,SUSPECT
1641598850930569932,FR73ABOM130722018,0,OK
1645138906246496585,FR05ABOM220722028,8,OK
1648032348385802712,FR15ABOM200821004,11,SUSPECT
1650445772835622702,FR15_ABOM30072020071,0,OK
1656055931002668436,FR73ABOM120722103,0,OK
1658702285017924792,CD387770,0,OK
1659241877607912361,FR15ABOM200821005,0,OK
1678688769062888823,2019.02080,0,OK
1682239494360639726,N126,0,OK
1692199176743939991,CD388016,0,OK
1692267543931402185,CD388809,17,SUSPECT
1692837646763047235,2020.00377,13,SUSPECT
1701792710029753893,N384,16,SUSPECT
1704185369624954858,CD388872c,0,OK
1705817493323752784,15L2021-1748,0,OK
1711466949537271607,ABAURA57210,16,SUSPECT
1712912704962777822,ABAURA8238b,0,OK
1716781986576055911,2020.00294,18,SUSPECT
1717994079365764202,CollecYvan20,0,OK
1726052206488131508,OPIE_Lapi_H1,0,OK
1743944231663939868,FR15_ABOM080820039,0,OK
1744995711136117333,2019.02118,0,OK
1753612993452202525,FR15AB100518002,8,OK
1757518672165003567,FR15ABOM150821068,0,OK
1768555527543405184,15L2021-1499,0,OK
1792438505623026023,ABB-2020.00032,16,SUSPECT
1796576246119554012,FR15ABOM210822016,0,OK
1810720549777051060,2020.04044,0,OK
1812021598184244276,FR15ABOM210821048,11,SUSPECT
1820657414319537692,FR73ABOM150722001,0,OK
1823191334478567173,ABAURA8207c,1,OK
1830542752117578347,ABAURA8240b,0,OK
1837160338483733211,FR73ABOM130722029,0,OK
1860676922611781187,FR15ABOM210821174,0,OK
1867457626708111940,15L2021-1732,0,OK
1875759209742122756,OPIE_Lapi_130720,16,SUSPECT
1914967119459342757,OPIE_Lapi_230620,0,OK
1931556345409793682,ABAURA4923b,0,OK
1933432062129022602,CD387804,0,OK
1934172144074619925,ABAURA8228,17,SUSPECT
1940361325205590183,ABAURA8595,8,OK
1944006020380606650,FR15_ABOM07082020062,10,SUSPECT
1946073778687723189,FR15_ABOM090820071,15,SUSPECT
1947861145411699213,ABAURA8228b,2,OK
1957660630969517630,2020.03886,2,OK
1975033419878963433,CollecYvan5,0,OK
1979473500451041965,NoName13,0,OK
2001351689052833454,CD388230,17,SUSPECT
2003511789396906013,CD387770c,0,OK
2004344290960564323,ABAURA7151,17,SUSPECT
2008624562755914573,ABAURA8239d,1,OK
2014071241846465517,CD388865b,0,OK
2030316910827694247,ABAURA8239b,0,OK
2044621777646983297,CD388862b,0,OK
2051002701209069443,BAR-2018.00871,0,OK
2056187189212026994,CollecYvan19,0,OK
2068674074216035479,FR15ABOM200821005,0,OK
2068931990265564654,OPIE_Lapi_220620b,16,SUSPECT
2072467647467769159,FR15ABOM210822013,0,OK
2082352098395814720,FR15_ABOM25082020008,2,OK
2082676388727559153,POLLINIS4982b,17,SUSPECT
2092461072936623554,FR04ABOM220722061,2,OK
2095342614509046389,FR15ABOM120722071,8,OK
2117876456687164164,FR73ABOM200722029,0,OK
2119754676446625043,VAN-2019.00822,0,OK
2124875945452794732,2019.02188,0,OK
2159466591026692207,FR05ABOM220722028,8,OK
2166732529024783468,2020.04010,0,OK
2167237465225126329,2020.00254,0,OK
2171877392055381998,ABAURA57210,16,SUSPECT
2186043386262895505,2012.0034,0,OK
2191195613283436604,FR15ABOM100721047,0,OK
2199962861739715974,ABAURA7163,0,OK
2229858304723807433,ABAURA8885,11,SUSPECT
2246790438452834187,VAN-2019.00788,0,OK
2249380234695479944,CollecYvan22,0,OK
2251137256543852775,VAN-2019.00787,0,OK
2274383725895456221,15L2021-1743,0,OK
2281152379841993424,15L2021-1740,16,SUSPECT
2311851698331370795,CD387324,0,OK
2323734318108803343,NoName9,2,OK
2327586968896700607,OPIE_Lapi_030803,0,OK
2327886199471061716,NoName10,2,OK
2332794769639946183,VAN-2019.00783,0,OK
2345381983841562254,FR73ABOM200722039,0,OK
2345954933430164868,N815,1,OK
2352066855414272081,OPIE_Lapi_110702,0,OK
2352707376231352089,OPIE_Lapi_230620,0,OK
2355669446195500701,N407,0,OK
2356345005320057367,ABAURA4923,0,OK
2371496628639679998,NoName14,11,SUSPECT
2372444958095422267,FR15ABOM210821147,0,OK
2375641757901963603,ABAURA8238c,0,OK
2382597951910509567,POLLINIS4982b,17,SUSPECT
2382621846151395378,VAN-2019.00795,0,OK
2400199568413053459,FR73ABOM130722021,0,OK
2401887545679581752,AGR.2016.1415,17,SUSPECT
2404942252177965217,NoName3,11,SUSPECT
2413915245509156258,2020.00294,17,SUSPECT
2416223775629850706,OPIE_Lapi_270702,16,SUSPECT
2418865208042578570,CD387770,0,OK
2422866421222322626,OPIE_Lapi_220620c,0,OK
2424203530432323978,FR04ABOM220722050,0,OK
2439067950975677996,FR15ABOM150720008,10,SUSPECT
2446018093544642983,FR73ABOM130722063,0,OK
2447862899245364797,ABAURA8240d,2,OK
2449068926128297979,FR73ABOM120722090,0,OK
2456022063836623139,POLLINIS4984,17,SUSPECT
2457919888493398261,FR15ABOM210821171,0,OK
2462071925073393633,POLLINIS4384,17,SUSPECT
2480331332388501513,FR15ABOM200821126,11,SUSPECT
2483139105432776787,OPIE_Lapi_100820,0,OK
2486088110007184886,FR15ABOM200722065,0,OK
2494179682950323879,FR73ABOM120722028,2,OK
2495029415961982461,FR15_ABOM07082020082,0,OK
2498307557436194780,CD388820,10,SUSPECT
2518283427514020821,FR73ABOM140722011,0,OK
2529380236554259199,OPIE_Lapi_78V,0,OK
2530765026864854845,CollecYvan19,0,OK
2536817445829171107,FR73ABOM130722041,0,OK
2543157462086796609,OPIE_Lapi_200720,0,OK
2555565546496853690,ABAURA5103,16,SUSPECT
2555565863932356734,ABAURA8208,16,SUSPECT
2559299577099078719,FR15ABOM150820018,0,OK
2569465219629216314,ABAURA8599,8,OK
2595016461775232259,15L2021-1740,0,OK
2606484260979126899,15L2021-1499,0,OK
2613754014248249339,ABAURA7150,0,OK
2616061571233107318,FR15_ABOM07082020038,0,OK
2627353266458896917,FR15ABOM210821115,0,OK
2630570305415899466,2020.03926,16,SUSPECT
2650952391160599399,FR15_ABOM30072020036,2,OK
2653424390411059067,CD388018b,0,OK
2654401350682523988,FR15_ABOM30072020045,11,SUSPECT
2657146039317965979,FR05ABOM220722027,0,OK
2664269692851295681,ABB-2020.00038,0,OK
2666763097238721739,2020.06244,0,OK
2672420519876902383,FR73ABOM200722031,0,OK
2676699819679637215,CD387766,0,OK
2680475349463146970,2020.03930,0,OK
2682066317807652598,2020.00410,0,OK
2682719508136712732,CD388865,17,SUSPECT
2686954171286633724,NoName13,2,OK
2688399175134865920,FR05ABOM220722024,0,OK
2693144823658369873,ABAURA8885b,14,SUSPECT
2693643774966499517,ABAURA8238c,16,SUSPECT
2693777989083595113,FR15_ABOM180720054,0,OK
2695863435938829498,CollecYvan2,2,OK
2698451946961004474,FR73ABOM150722006,0,OK
2709300509592550918,CD388016b,0,OK
2710265050163025769,OPIE_Lapi_290602,0,OK
2717508100458240689,CD387303,0,OK
2719773617491722731,2020.00410,0,OK
2720316977517382066,CD388769,0,OK
2721564395833412391,ABAURA7153,0,OK
2723560239839250814,FR15ABOM210821177,0,OK
2725621753573130859,FR73ABOM130722067,0,OK
2729647962108757950,ABAURA8228,16,SUSPECT
2730479896652773761,N628,18,SUSPECT
2735577881747995751,OPIE_Lapi_130720,16,SUSPECT
2737373765328652417,CD388612,0,OK
2741373692378479811,ABAURA4915,0,OK
2741838328037611908,ABAURA7155,16,SUSPECT
2759736151302968354,OPIE_Lapi_160720,2,OK
2788840346667083112,OPIE_Lapi_030803b,0,OK
2788904053042184202,OPPO.2021.03276,16,SUSPECT
2792116386231039218,NoName4,4,OK
2800286272380592668,OPIE_Lapi_200703,0,OK
2800456873041066703,ABAURA8239d,14,SUSPECT
2807944215017112137,FR15ABOM210821110,0,OK
2813832358390422115,CD388821f,17,SUSPECT
2816592354765639666,CollecYvan18,0,OK
2823305915369274780,VAN-2019.00788,0,OK
2828752192752641014,VAN-2019.00814,8,OK
2841353377855041742,FR73ABOM200722038,0,OK
2849025425921291009,BAR.2018.00342,0,OK
2849792952035944628,CD387759,0,OK
2866367549790454036,ABAURA8208,16,SUSPECT
2873474308660095591,UBC-2011.0157,4,OK
2881866469886152707,FR73ABOM140722001,0,OK
2900520151789935423,CD388872b,0,OK
2902079934461628389,2020.00449,0,OK
2902658405686952079,15L2021-1739,0,OK
2904688863831542461,20A.07897,18,SUSPECT
2913109778238591768,D264515,0,OK
2918239573817853894,FR73ABOM120722002,0,OK
2923213527058729573,FR73ABOM200722039,0,OK
2923339019055743546,FR73ABOM130722029,0,OK
2933036692193488299,CD387804,0,OK
2935115965511477696,VAN-2019.00783,0,OK
2946092350616468391,15G2021-1200,0,OK
2948844987544058103,FR73ABOM140722009,0,OK
2950949007564692621,FR15_ABOM30072020071,0,OK
2953791766368264594,ABAURA8203,0,OK
2962697113750629541,POLLINIS4455,8,OK
2967176148094682884,ABAURA8208,16,SUSPECT
2971225589819431279,CollecYvan1,0,OK
2972063990502919988,CD388623c,17,SUSPECT
2981350389209972515,FR15_ABOM090820071,0,OK
2988196262777355223,OPIE_Lapi_H1,0,OK
2990309053356917015,VAN-2019.00822,7,OK
2998295927466741026,N385,17,SUSPECT
3013083529259570635,CD388018,0,OK
3015425735824096523,CD388391,16,SUSPECT
3017498277975934373,ABAURA8602,0,OK
3022165203843591546,FR04ABOM220722087,17,SUSPECT
3024948421225699089,ABAURA8240d,0,OK
3028433712349904265,2020.00339,0,OK
3030475161172409276,ABAURA8205b,0,OK
3035649698333327847,CollecYvan3,0,OK
3049940976567308965,FR15ABOM150821068,11,SUSPECT
3054125426061801679,ABAURA8602,0,OK
3060291086464808786,CollecYvan8,0,OK
3071716573565786253,FR73ABOM200722037,0,OK
3072232492165679356,FR73ABOM130722064,0,OK
3081692493439108521,CollecYvan17,17,SUSPECT
3084183003397850994,FR73ABOM130722007,2,OK
3091976511421569399,CollecYvan11,15,SUSPECT
3099095196952856899,FR73ABOM200722034,17,SUSPECT
3102283517855243290,FR15ABOM150821068,0,OK
3113799726081661802,FR04ABOM220722047,16,SUSPECT
3115170852845213122,FR04ABOM220722047,0,OK
3120923435265752233,FR73ABOM130722064,0,OK
3124950062446658847,OPIE_Lapi_B2,2,OK
3131422130404552525,2020.03926,16,SUSPECT
3140227027977275255,CollecYvan9,0,OK
3141909722524865970,CollecYvan1,0,OK
3142113856276916852,CD388230b,0,OK
3146520292776512126,ABAURA5593,0,OK
3146545876462143342,ABAURA7153,0,OK
3170208649003964894,FR15ABOM200722026,0,OK
3175168988530798016,FR15ABOM200821233,0,OK
3179660731862308389,OPIE_Lapi_220620d,2,OK
3198940001954979524,FR15_ABOM07082020049,0,OK
3199542365741326713,2020.06243,0,OK
3202319583557588833,FR73ABOM200722041,0,OK
3202712334252014977,OPIE_Lapi_070820,0,OK
3202778846627554304,ABAURA8885b,14,SUSPECT
3210752064652807424,CollecYvan4,0,OK
3229510835534917180,FR73ABOM150722001,0,OK
3236638664820372670,FR15ABOM220821084,0,OK
3252986850372897738,2020.03886,0,OK
3254645963107599522,CD388408,0,OK
3255549037080812025,FR15_STPONCY300921024,0,OK
3257659755017505182,ABAURA4926,0,OK
3288142197423673818,CD388018c,0,OK
3291313926846668442,CD388865,17,SUSPECT
3295450660149810258,FR15_ABOM080820039,0,OK
3306853775351387936,OPIE_Lapi_030803,0,OK
3307959773168516190,ABAURA7781,1,OK
3309091107493894523,CD388809,17,SUSPECT
3309950261087369460,POLLINIS4402,14,SUSPECT
3310530833203950963,FR15_ABOM30072020045,0,OK
3320316510121869976,CD388820,9,OK
3333515155716840581,ABAURA8604,8,OK
3337582638011976366,ABAURA8764,0,OK
3338828862600697148,CD388861,0,OK
3339551988593392573,ABAURA5633,16,SUSPECT
3339637214625705050,ABAURA7781b,1,OK
3342490873066305858,ABAURA8526b,9,OK
3344994435092294335,FR15ABOM210821014,11,SUSPECT
3348410958250221997,VAN-2019.00787,0,OK
3351659348137621843,VAN-2019.00783,0,OK
3369702325497173757,ABAURA8203,0,OK
3387528626820919053,ABAURA8238a,0,OK
3389514954907329180,D264520,15,SUSPECT
3408568502576603029,ABAURA8885e,0,OK
3414227253650655789,FR73ABOM130722064,0,OK
3415337710149642836,ABAURA8228,0,OK
3418559579004214599,POLLINIS4384,0,OK
3427073891643468077,D264520b,16,SUSPECT
3430156046178827376,OPIE_Lapi_240620,0,OK
3441417065969009353,15L2021-1743,0,OK
3447501811336366270,FR73ABOM130722067,0,OK
3460525302441989024,FR15ABOM210821143,0,OK
3465083710801758843,VAN-2019.00783,0,OK
3465810426504703716,ABAURA8204,8,OK
3475354920080363494,FR15ABOM210821137,0,OK
3481985390907367284,FR15ABOM210821147,0,OK
3482270257789489289,VAN-2019.00849,0,OK
3487904501502012157,CD387313,0,OK
3493122493738555750,FR15ABOM150821068,0,OK
3504753081846821418,NoName9,0,OK
3508758047660291459,NoName6,0,OK
3515043809550027398,FR15ABOM210821048,0,OK
3521722031635618712,FR15_ABOM180720048,8,OK
3521833008051515815,ABAURA8151,0,OK
3534802165325449321,2020.03926,0,OK
3545768504320547251,FR15ABOM210821174,0,OK
3547639712654112469,FR15ABOM220821070,0,OK
3549678804860968465,1036L,13,SUSPECT
3557191768022947857,ABAURA8240b,16,SUSPECT
3567299486616219214,ABAURA8205c,0,OK
3567849491046518286,FR15ABOM210821115,0,OK
3574431249252970984,FR15ABOM170821030,10,SUSPECT
3580874171261131150,2020.06348,17,SUSPECT
3586075772514471409,15L2021-1748,11,SUSPECT
3588925401078726297,NoName15,10,SUSPECT
3592977325806590637,ABAURA8205b,0,OK
3595365637907854955,FR15ABOM220821070,0,OK
3600590044570167826,CollecYvan23,0,OK
3601168829246712404,FR73ABOM200722034,17,SUSPECT
3617991283869694099,FR15ABOM170821120,0,OK
3640826197685866103,OPIE_Lapi_110702,2,OK
3656700928586158325,ABAURA8228b,0,OK
3660447077619415544,ABAURA4902,8,OK
3683119426090364545,1036L,11,SUSPECT
3702277454745893294,2020.06243,0,OK
3703592984425278294,15L2021-1498,0,OK
3707780650057313241,FR73ABOM140722015,2,OK
3709854211276526721,OPIE_Lapi_070820,0,OK
3709914416632068152,FR73ABOM130722039,0,OK
3712487482696052409,CollecYvan12,0,OK
3716964510561767889,N384,16,SUSPECT
3718438143306086886,ABAURA8885c,8,OK
3725179544578068242,CD387770c,0,OK
3733620489200871194,CD387324,0,OK
3745584807566628201,FR73ABOM200722028,0,OK
3748843466083498699,ABAURA8885,0,OK
3758153975606671040,FR15ABOM200722026,0,OK
3760389382947823392,FR15_ABOM30072020040,16,SUSPECT
3761263729397139503,FR73ABOM140722039,0,OK
3762404785761536506,POLLINIS4415,0,OK
3767363248426119024,FR05ABOM220722024,0,OK
3767443793769999699,ABAURA4923,0,OK
3768416242232702549,FR73ABOM120722118,0,OK
3779466521670105526,FR15ABOM200821010,0,OK
3783503125806626963,2020.00449,0,OK
3802223050324928256,15L2021-1758,0,OK
3802938402451563746,2020.00377,14,SUSPECT
3804071328095019811,FR15ABOM310520005,1,OK
3814100360277093235,FR73ABOM200722039,0,OK
3821654510869884498,ABAURA8885e,0,OK
3823316776632908875,FR15_ABOM170820009,0,OK
3844148605492067825,CollecYvan23,0,OK
3845808980175216263,CD388865d,17,SUSPECT
3849265505675813142,2019.02184,15,SUSPECT
3868538038876266019,FR15ABOM170821009,0,OK
3875271808955811997,FR04ABOM220722092,0,OK
3878154130502388678,N385,17,SUSPECT
3879425975395936247,CD388821d,0,OK
3899884997709468569,FR04ABOM220722047,0,OK
3905306421998025136,FR73ABOM130722039,0,OK
3909619592524901570,VAN-2019.00785,10,SUSPECT
3912124380268850246,2020.00294,18,SUSPECT
3917080765215101335,ABAURA8239d,1,OK
3925918476618446620,OPIE_Lapi_230620b,0,OK
3926483213076157580,CollecYvan6,0,OK
3929990737313519118,ABAURA8606,8,OK
3973731729722439718,CD387577b,0,OK
3979337082685045981,FR15_ABOM180720054,0,OK
3990924704561549766,FR15AB100518002,8,OK
3993976823990586008,ABAURA8150c,13,SUSPECT
3994808133463181344,OPIE_Lapi_A1b,0,OK
4001179821907520720,FR15ABOM170821030b,0,OK
4004197093407008808,CD388230b,2,OK
4010209659270508012,FR73ABOM130722040,0,OK
4010401419419824040,FR15_ABOM180720053,9,OK
4015227553622163341,CD388821d,17,SUSPECT
4026951830027475834,ABAURA8764,16,SUSPECT
4030233931093136133,VAN-2019.00787,0,OK
4031380835951146370,ABAURA8208b,0,OK
4034661842096636070,FR15ABOM220821055,0,OK
4035117679073080213,FR73ABOM200722031,0,OK
4043931409002035535,FR15ABOM220821084,0,OK
4052506967303274515,FR15ABOM200821014,0,OK
4057940730682843323,FR73ABOM120722072,0,OK
4058516658429516876,OPIE_Lapi_130720c,16,SUSPECT
4069265429876685653,CD387770b,0,OK
4071576675965447981,ABAURA8599,14,SUSPECT
4077451795579157143,OPIE_Lapi_D1,0,OK
4085625714812532585,RuppSupp1,0,OK
4088786456951823810,VAN-2019.00849,0,OK
4089064105002025974,FR15_ABOM090820071,15,SUSPECT
4097157212317171407,FR73ABOM130722030,0,OK
4112702644213112152,POLLINIS4402,0,OK
4117436397714454676,CD388408,0,OK
4121503119929600340,CollecYvan15,2,OK
4122527416571720573,FR73ABOM150722001,0,OK
4123244145541317512,FR15ABOM210821100,11,SUSPECT
4124080657166394378,ABAURA8240d,0,OK
4128701218275439931,N407,0,OK
4135550012829467890,FR73ABOM120722002,0,OK
4146145408332549350,ABAURA8240b,0,OK
4146484706756119049,FR15ABOM220821068,0,OK
4146759233765801511,ABAURA8150c,13,SUSPECT
4153891303153650581,CD388865c,0,OK
4159382137340961074,FR04ABOM220722050,0,OK
4160279549683093943,ABAURA8240,0,OK
4170278769199081142,OPIE_Lapi_100803,0,OK
4178595668390704957,FR73ABOM200722018,0,OK
4179566904682223569,NoName12,0,OK
4183671741559379773,FR73ABOM200722018,2,OK
4199483524713895300,OPIE_Lapi_100803,2,OK
4201483242992223178,OPIE_Lapi_H1,0,OK
4201812935240881908,NoName4,17,SUSPECT
4205340911352227626,FR73ABOM130722020,0,OK
4227039171174198310,FR15ABOM200821215,0,OK
4234316620600592758,FR73ABOM130722027,2,OK
4240397668638559792,CD388862b,0,OK
4260600308882520687,FR15ABOM170821115,0,OK
4265884416361666155,CD388018e,8,OK
4270715959501812791,ABAURA5103,0,OK
4271316205601309952,N628,0,OK
4273941951932455628,NoName5,17,SUSPECT
4278989854034900016,15L2021-1732,17,SUSPECT
4295109500789774769,FR15ABOM210821139,0,OK
4298426908362494173,ABAURA7781b,1,OK
4300908777884888013,CD388018,0,OK
4311053914154201509,FR15_ABOM25082020007,2,OK
4311220515733833203,ABB-2020.00032,0,OK
4333170969809670917,2020.00301,0,OK
4338637546315369704,2019.01788,15,SUSPECT
4340383223893354477,FR15ABOM100721047,0,OK
4343149509444624323,ABAURA8207,0,OK
4349877950756474090,CD388862b,0,OK
4355048958953393489,FR15ABOM210821125,0,OK
4395985752577585652,FR15_ABOM170820009,0,OK
4399863565356941473,CollecYvan9,0,OK
4401861004705689685,ABAURA5591,0,OK
4403894440365368160,FR15ABOM210821137,0,OK
4406086510829744219,CollecYvan22,0,OK
4418738872075176280,FR15_AB210818002,0,OK
4420758888152853754,CD388003,8,OK
4436252591896889451,FR73ABOM140722001,0,OK
4439905843408381119,CollecYvan4,0,OK
4443544540764687460,15L2021-1499,0,OK
4449038753026659413,FR15ABOM060621003,0,OK
4459190190455113096,POLLINIS4402,0,OK
4462642608983095455,OPIE_Lapi_260620,16,SUSPECT
4466989493782688783,FR73ABOM120722025,8,OK
4482402855541819681,VAN-2019.00785,0,OK
4503799573492005206,UBC-2014.0001,0,OK
4525326343853222854,OPIE_Lapi_200703,0,OK
4542347454133520092,ABAURA8607,0,OK
4544035297747869988,N407,0,OK
4565865383050234332,ABAURA8150d,8,OK
4567173846048929871,FR15ABOM210821125,16,SUSPECT
4579006696957788984,FR73ABOM120722090,0,OK
4581001886322941266,N407,0,OK
4590326306408820074,OPIE_Lapi_260620b,0,OK
4593918390223453976,ABAURA8885c,9,OK
4599926795871280204,FR73ABOM150722006,0,OK
4602225485186206989,N126,16,SUSPECT
4617540336430321959,ABAURA8203,0,OK
4622065836869906002,FR05ABOM220722027,0,OK
4624230856255159731,OPIE_Lapi_H1,0,OK
4632020007654273529,FR73ABOM130722017,0,OK
4634836386099736302,ABAURA8604,8,OK
4654615873265691864,ABAURA8764,0,OK
4669621829115523462,VAN-2019.00850,7,OK
4672510245094125755,VAN-2019.00849,0,OK
4673115856228107030,ABAURA8885d,8,OK
4680228264525702182,FR15ABOM200722062,0,OK
4681436864973416988,FR15ABOM210822013,0,OK
4681905595074182255,FR15ABOM210821119,11,SUSPECT
4683179236364270808,FR15ABOM170821009,0,OK
4686160926103163902,FR15ABOM210822012,0,OK
4686260265170593126,15L2021-1741,0,OK
4695731863301995453,ABAURA8207f,14,SUSPECT
4701441148261674102,OPIE_Lapi_230620,0,OK
4706394182474181125,FR73ABOM130722020,0,OK
4710549300617787873,FR15ABOM150820018,0,OK
4713347160185786009,N385,17,SUSPECT
4724556050523174906,ABAURA8151,0,OK
4727212163355952119,CD387804c,0,OK
4744013203376370605,OPIE_Lapi_E7,0,OK
4750231438587376060,CollecYvan22,0,OK
4755632966065277692,FR73ABOM120722028,2,OK
4757886351481326514,POLLINIS4984,17,SUSPECT
4770476440327568902,CD388612,0,OK
4773829653634050270,FR15ABOM210822016,11,SUSPECT
4788424157978948199,OPIE_Lapi_130720,16,SUSPECT
4796867238134064909,FR15_AB210818002,0,OK
4797199769193827566,2020.03930,0,OK
4802320357263710211,ABAURA8852,8,OK
4805721951987113459,ABAURA8150d,8,OK
4807958910670364641,FR73ABOM140722011,0,OK
4809627299181393372,ABAURA8201,15,SUSPECT
4809991436719751595,POLLINIS4981,16,SUSPECT
4814911203736341664,FR15_ABOM170820030,0,OK
4815427585158175106,FR04ABOM220722060,0,OK
4816010508431456156,ABAURA7781,1,OK
4820186288500536330,FR15_ABOM180720047,8,OK
4820690481135698482,FR73ABOM120722026,0,OK
4825596295575914567,CD388872,0,OK
4838444657867370323,CollecYvan15,0,OK
4849376095963057645,15L2021-1732,17,SUSPECT
4851340244801811456,ABAURA7163,0,OK
4878377867547976969,ABAURA4923b,0,OK
4886139405839005086,CollecYvan14,0,OK
4887589032341787644,POLLINIS4384,0,OK
4899184651031819278,RuppSupp1,0,OK
4907583128746251282,FR73ABOM200722032,0,OK
4916036769717986924,FR15ABOO0712002,0,OK
4917157107861533053,CD388230c,0,OK
4922973978588321702,FR73ABOM130722040,0,OK
4924231121645491420,2020.00470,7,OK
4924631291931368992,FR15ABOM120722071,8,OK
4937466297356221188,FR73ABOM140722033,0,OK
4958353462100534991,CD388230b,1,OK
4974574212558848727,NoName3,11,SUSPECT
4985071435882495768,CD388003,8,OK
4996672847251276167,ABB-2020.00032,0,OK
4997054009609859121,CD388865e,0,OK
5021781573191684740,FR15_ABOM30072020040,16,SUSPECT
5025586753696500518,FR15_ABOM25082020007,2,OK
5032017767114357363,BAR.2018.00342,0,OK
5033498861696780755,15L2021-1514,0,OK
5040315620793971613,OPIE_Lapi_100803,0,OK
5053196919904822205,FR73ABOM130722004,0,OK
5059806255981884913,OPIE_Lapi_78V,0,OK
5063726931325667472,FR15ABOM170821030b,0,OK
5076610104763956249,ABAURA7155,16,SUSPECT
5077623554024339682,CD388862,0,OK
5079003250661904998,CD388391,16,SUSPECT
5090327934959362727,2020.06244,0,OK
5093239279990389031,FR04ABOM220722089,17,SUSPECT
5101619784397832930,POLLINIS4982,2,OK
5118181421471587381,CD388623c,17,SUSPECT
5119875028658700782,FR05ABOM220722023,0,OK
5130866005996998810,CD388865c,0,OK
5135746774720497707,FR15_ABOM180720046,0,OK
5163444335319380650,CollecYvan10,0,OK
5167998973467410393,FR15ABOM220821043,0,OK
5175026376217225786,CD387759,0,OK
5185054384773156287,OPIE_Lapi_240620,0,OK
5198532546674034273,OPIE_Lapi_180703,0,OK
5199674046422279402,CD388820b,0,OK
5201098950936950997,ABAURA7781,1,OK
5201266280403596088,FR05ABOM220722026,0,OK
5203275490459010296,CD388016b,8,OK
5208779862773358644,FR73ABOM120722021,0,OK
5216536803380778726,CD388623b,0,OK
5225143912312650047,FR15_ABOM30072020042,16,SUSPECT
5227591890623866950,OPIE_Lapi_130720d,0,OK
5233818758848262534,FR15ABOM200821005,0,OK
5235973465243912675,15L2021-1758,0,OK
5237789140120874166,ABAURA8228b,0,OK
5251773072176711696,FR15ABOM220821055,0,OK
5257390140866118854,ABAURA8208b,0,OK
5257814915970721814,N384,17,SUSPECT
5258096301418590083,FR15ABOM200722063,0,OK
5265129988210738908,FR04ABOM220722046,0,OK
5270685801127207383,CD388230c,0,OK
5274545439472605971,2020.00470,7,OK
5285055529325302498,D264515,0,OK
5295517646631790004,VAN-2019.00824,7,OK
5301069133295837873,OPIE_Lapi_240620,0,OK
5307500301707008458,CD387324,0,OK
5312653732618506225,FR05ABOM220722027,0,OK
5323484064472271968,FR73ABOM140722033,0,OK
5324877766837986978,CD388230,0,OK
5331670844682937571,FR15ABOM170821018,0,OK
5337683515642052410,CD388820b,0,OK
5339992720616715598,15G2021-1826,2,OK
5341287551304959378,FR15ABOM210821107,0,OK
5345052649704298300,2017.06254,2,OK
5352292048421390029,UBC-2011.0157,0,OK
5361903453490404886,2020.00449,0,OK
5369339914946266264,FR15ABOM220821043,16,SUSPECT
5384252186733336327,OPIE_Lapi_240620b,2,OK
5384867779943963758,FR04ABOM220722057,8,OK
5392020411217457441,FR15ABOM200821004,0,OK
5397151994677822885,FR15_ABOM25082020010,0,OK
5399635087790247839,N126,17,SUSPECT
5399861892114287987,FR15ABOM170821123,0,OK
5410104020863725121,FR04ABOM220722050,0,OK
5415930746095154272,ABAURA8627,0,OK
5417474849349534122,FR15ABOM200722062,0,OK
5438437367507373059,ABAURA7781b,0,OK
5447494730440464396,POLLINIS4981,0,OK
5450292815150228526,CD387313,0,OK
5452513345161677436,N384,16,SUSPECT
5453304695077545577,ABAURA5633,16,SUSPECT
5457725356791790273,CD388391b,0,OK
5458263308647258383,FR15_ABOM090820071,15,SUSPECT
5459912428732469473,FR15ABOM210821043,0,OK
5465644393518862663,ABB-2020.00106,0,OK
5470829942497644736,FR04ABOM220722031,0,OK
5483355194940639354,2019.02167,17,SUSPECT
5491477376067099696,CD388230,0,OK
5507779905583287336,FR74ABOM170722014,0,OK
5517219957292636161,POLLINIS4415,0,OK
5525342792360756403,FR73ABOM130722065,0,OK
5527518815858809786,CD388408,17,SUSPECT
5528717774661398623,FR15_ABOM090820071,15,SUSPECT
5529936108851909831,CollecYvan16,0,OK
5533674622972957466,ABAURA8150d,9,OK
5539933956257844719,OPIE_Lapi_130720d,0,OK
5550551774323676830,NoName14,11,SUSPECT
5558069898728157678,FR15ABOM170821074,0,OK
5560480501440517930,FR15ABOM170821030,10,SUSPECT
5568216488280637677,VAN-2019.00824,0,OK
5569029304768215625,OPIE_Lapi_B2b,0,OK
5582653687668610356,ABAURA8238a,0,OK
5586866393772841311,ABAURA8150,18,SUSPECT
5599395789399940194,CD388623b,0,OK
5603994335440730668,CollecYvan16,0,OK
5605431821918353718,FR73ABOM200722028,0,OK
5606358584690737653,CD388235,0,OK
5609177346542593120,CD388146,2,OK
5633208897639479024,2019.02073,0,OK
5644593953029093914,2007.0712,7,OK
5649589528815433672,FR73ABOM120722118,0,OK
5651324155764887232,15L2021-1546,0,OK
5653410728307025767,ABAURA8238a,0,OK
5671747633939775266,FR04ABOM220722057,8,OK
5682298685636111103,ABB-2020.00038,0,OK
5692951339933561996,ABAURA8238c,0,OK
5694982896102920005,FR15_ABOM180720047,8,OK
5701175886940895660,CollecYvan18,0,OK
5703042894995597663,FR15ABOM170821030,10,SUSPECT
5708411517716692143,ABAURA8885,0,OK
5714207455253835503,2020.00294,17,SUSPECT
5714614252229941470,FR15ABOM200722064,8,OK
5715414045286019091,NoName13,0,OK
5719662110225341940,FR73ABOM120722021,0,OK
5721960726967385062,ABAURA4902,8,OK
5723112455570313533,FR73ABOM200722041,0,OK
5731897851858106762,NoName1,16,SUSPECT
5733358876412130106,FR15ABOM210821043,0,OK
5736960189974117112,FR04ABOM220722046,0,OK
5741122934938583747,FR15ABOM200722064,1,OK
5745877459586852825,15L2021-1483,0,OK
5753602321778393613,NoName13,0,OK
5755028334648673632,2019.02175,0,OK
5758408273586522707,FR15_ABOM023082020028,0,OK
5801011858934508093,15L2021-1757,0,OK
5802974664173310000,OPIE_Lapi_030803,2,OK
5821475542708489686,FR73ABOM200722030,0,OK
5822239240233639587,OPIE_Lapi_130720b,0,OK
5827674156502837232,N205,16,SUSPECT
5832880314710366699,FR15ABOM210821115,0,OK
5850722002361690555,2020.03936,0,OK
5864968930306916243,FR15ABOM220821043,15,SUSPECT
5868862535455026733,FR15ABOM210821125,16,SUSPECT
5877466661748415774,OPPO.2021.03276,0,OK
5887368300181449810,FR15ABOM210822013,11,SUSPECT
5907780803718222163,FR15ABOM200722064,8,OK
5913094785841266233,FR15ABOM200821005,0,OK
5916769750642060788,ABAURA5633,16,SUSPECT
5926145822480426449,FR73ABOM140722009,0,OK
5928426419596370722,FR15ABOM210821212,0,OK
5932780867009043711,OPIE_Lapi_220620c,0,OK
5942893857794270908,2020.06243,0,OK
5963209146170548488,FR15_ABOM170820030,0,OK
5963319013075523905,FR15ABOM210821125,16,SUSPECT
5973042546015576763,FR73ABOM200722031,0,OK
5980241604548937462,ABAURA8239c,0,OK
5980897369762625277,FR73ABOM200722041,0,OK
5982196284415515246,CD388809,17,SUSPECT
5986303908687102527,FR73ABOM130722066,0,OK
5995887862426550796,ABAURA5103,15,SUSPECT
6000793856379408513,ABAURA4898,0,OK
6000796150492109320,ABB.2017.20260,0,OK
6007665347081667871,FR73ABOM200722029,0,OK
6009035685929438458,15L2021-1483,17,SUSPECT
6014504671599982002,FR15ABOM210821174,0,OK
6035736159256306078,CD388229,0,OK
6058736727769180313,FR15_STPONCY300921002,0,OK
6060318953209504703,FR15ABOM200821010,0,OK
6071517474188230438,ABAURA8604,8,OK
6083639564453255172,FR15AB100518002,8,OK
6089865324466392324,FR15ABOM150820018,0,OK
6089950449048840189,ABAURA5593,0,OK
6090258625299573369,2019.02059,16,SUSPECT
6091784505365095748,FR15ABOM210821110,0,OK
6109608558271292526,2019.02184,15,SUSPECT
6109666794759264539,15L2021-1731,0,OK
6116226054206556663,CD388862,16,SUSPECT
6126892756988756929,ABAURA8599,14,SUSPECT
6130906385792600192,OPIE_Lapi_220620,0,OK
6145423378192075750,2019.02175,0,OK
6165114645677489787,FR73ABOM130722004,0,OK
6188865913137237843,FR15ABOM210821211,0,OK
6190465093610976332,CD388018b,8,OK
6193011592793251270,CD388235,0,OK
6196334607741227467,ABAURA7781b,1,OK
6203352448118058060,CollecYvan21,8,OK
6204427254385823129,CD388872c,16,SUSPECT
6213926097101029632,CollecYvan21,8,OK
6218852002754524389,ABAURA8607,0,OK
6226085351942469112,NoName1,15,SUSPECT
6235198015008066508,POLLINIS4393,16,SUSPECT
6236879004831075382,FR73ABOM130722063,2,OK
6241136673593644647,FR15_ABOM09082020094,0,OK
6250022556781591797,OPIE_Lapi_240620,0,OK
6268501308437566966,ABAURA8885f,0,OK
6269553391006401857,FR15_ABOM30072020036,2,OK
6272351113765811684,N407,0,OK
6275414591777298677,FR73ABOM130722029,0,OK
6283218883868760517,POLLINIS4455,8,OK
6284415905315353900,CollecYvan21,8,OK
6286487372530234142,D264520,15,SUSPECT
6294146290293314480,ABAURA8205b,0,OK
6309663818481210078,FR74ABOM170722014,0,OK
6309698589973859226,CollecYvan16,0,OK
6329744970108398011,N205,16,SUSPECT
6331845311978767533,CD388018d,0,OK
6334678472284785390,FR15ABOM210821112,0,OK
6336648693141617045,FR15ABOM170821018,0,OK
6337462753402737068,OPIE_Lapi_030803b,2,OK
6341593325149895223,VAN-2019.00822,0,OK
6377937446610860645,2020.03886,2,OK
6382310770408996803,FR04ABOM220722047,0,OK
6403480987446996480,FR73ABOM120722103,0,OK
6425843179861459531,FR15ABOM200821215,0,OK
6426783940897531193,CD388623e,3,OK
6438500824475861628,ABAURA8885,0,OK
6438769364941007433,2020.04044,17,SUSPECT
6454061857818147429,FR15ABOM170821074,0,OK
6458481815901445352,CD387770b,0,OK
6474932490649204093,ABAURA4898,0,OK
6479885677945689386,2020.06348,0,OK
6489587373028060784,FR15ABOM210822014,0,OK
6502622097420838419,FR74ABOM160722001,17,SUSPECT
6505502735944570228,FR15ABOM220821055,0,OK
6506219030326799224,FR15ABOM100721047,0,OK
6511920389174731847,FR73ABOM130722027,0,OK
6522154011280010945,2019.02073,0,OK
6537493288371166078,BAR-2018.00871,0,OK
6538420147060519526,ABAURA7153,0,OK
6545889756978919226,N385,17,SUSPECT
6554747148769914047,NoName15,10,SUSPECT
6554754082179377914,OPIE_Lapi_100820,0,OK
6555563431727823453,ABAURA8885d,8,OK
6557572189337060563,ABAURA8607,0,OK
6568372428711946813,FR15ABOM170821074,11,SUSPECT
6573570516698269498,Znieff_galibier,0,OK
6578788884107690536,FR15_ABOM30072020071,0,OK
6585637463184952684,D264515,0,OK
6597052484570851363,NoName10,2,OK
6602616154469099269,CD388612,0,OK
6612062937384706165,ABAURA8526,17,SUSPECT
6631657324777165285,FR73ABOM130722005,2,OK
6637925242716230522,CollecYvan6,0,OK
6651480775118237810,2019.02184,15,SUSPECT
6654806153865619433,CD388865b,0,OK
6654841313941090858,OPIE_Lapi_070820,0,OK
6658028468175497102,ABAURA8599,8,OK
6663153103710631927,CD387324,0,OK
6676118946895324240,ABAURA8885f,0,OK
6676554670388379973,CD387770d,0,OK
6686279054308097250,ABAURA7548,16,SUSPECT
6693554314783975476,N628,18,SUSPECT
6695892302408710260,ABAURA8885d,8,OK
6696774834658486071,ABAURA8204,8,OK
6712938529403497289,VAN-2019.00814,0,OK
6716658934841343505,CollecYvan20,1,OK
6717725559615284416,FR15ABOM210821014,11,SUSPECT
6727201540102618722,FR15ABOM210821107,11,SUSPECT
6741026776778720231,FR73ABOM140722011,0,OK
6757766911755811920,CD387770d,17,SUSPECT
6767055539528372728,FR73ABOM140722015,2,OK
6772329878919683623,VAN-2019.00824,0,OK
6778270400861918966,ABAURA7150,0,OK
6784046564496097232,FR15ABOM200821202,0,OK
6796159650150999281,ABAURA5633,16,SUSPECT
6800947038670889407,FR73ABOM120722027,2,OK
6803467962424998876,20A.07897,18,SUSPECT
6807800007880421484,FR15ABOM170821030b,0,OK
6810502131545048710,2020.03930,0,OK
6815713813904513133,2020.04010,0,OK
6825375996495678013,POLLINIS4415,1,OK
6840576999196890970,ABAURA8238c,0,OK
6856551094096603758,FR15ABOM170821029,16,SUSPECT
6858515967217146384,FR04ABOM220722054,8,OK
6862973996556963443,FR04ABOM220722055,0,OK
6868218535393687009,ABAURA8239c,0,OK
6869920816716443544,FR15_ABOM170820009,0,OK
6888645453166658298,BAR-2018.00332,2,OK
6889992104329959910,ABAURA8206,0,OK
6907211297409873707,FR73ABOM130722003,0,OK
6912476836325856302,FR15ABOM210821137,0,OK
6914657999604695767,CD388821b,17,SUSPECT
6917724326977692478,POLLINIS4981,16,SUSPECT
6917792084490971954,CollecYvan24,8,OK
6943567083453010752,D264520b,16,SUSPECT
6944768668940722922,ABAURA8207e,8,OK
6945765128887924351,N385,17,SUSPECT
6954891382695436300,OPIE_Lapi_290602,0,OK
6957191546094752698,CD387577b,0,OK
6971704227088107159,FR73ABOM120722103,0,OK
6975484333667977835,NoName8,0,OK
6977831411551205656,15G2021-1826,0,OK
6994522546043417099,OPIE_Lapi_180703,0,OK
6999283770978200859,ABAURA8764,0,OK
6999550203493034541,VAN-2019.00785,7,OK
7002749632966796141,FR15_ABOM30072020044,0,OK
7015939866475680686,FR73ABOM120722042,0,OK
7018581287025320735,OPIE_Lapi_230620,0,OK
7024481388196199664,ABAURA8604,8,OK
7032096766994078392,CD387303,0,OK
7043956902296984208,CD388145,0,OK
7045165295364631329,FR15_ABOM30072020071,0,OK
7050788752355183038,FR15ABOM210821107,11,SUSPECT
7058026254334521381,CD388861b,2,OK
7072205129822485066,OPIE_Lapi_070820b,2,OK
7074296843968167285,FR15ABOM150820018,0,OK
7075470459276149629,FR15ABOM120722071,8,OK
7084286317768384658,CollecYvan17,1,OK
7088298971656926301,FR15_ABOM07082020062,14,SUSPECT
7099623529771599410,2020.00339,0,OK
7101336431541298740,FR04ABOM220722001,16,SUSPECT
7101627560163592822,2019.02175,0,OK
7123514800017410344,2020.04013,0,OK
7128897356499359672,FR15ABOM170821030b,0,OK
7131279006885024591,CD388623,0,OK
7154756992072110705,2019.02167,0,OK
7162845821407803689,FR73ABOM130722009,0,OK
7162859403786930774,CollecYvan20,8,OK
7165594314746059508,ABB-2020.00032,0,OK
7167893550050754837,CD388018,0,OK
7179303548940806110,CD388235b,0,OK
7184650955720746926,FR73ABOM120722090,0,OK
7184969366062886537,ABAURA8885e,0,OK
7193124435032094622,ABAURA8885e,0,OK
7193850003303748334,ABAURA5591,0,OK
7196700365688530117,FR15ABOM220821068,0,OK
7207892181830811844,OPIE_Lapi_130720c,0,OK
7216085245924543046,ABAURA8238,16,SUSPECT
7216459314088061035,OPIE_Lapi_7B,0,OK
7218079283634808383,OPIE_Lapi_180702,0,OK
7222077807285115246,CollecYvan8,0,OK
7241896690918832883,FR04ABOM220722055,0,OK
7242051271144574800,VAN-2019.00783,0,OK
7256174103886072567,CD388135,0,OK
7265099306784680032,ABB-2020.00106,0,OK
7269491367308353859,POLLINIS4982b,17,SUSPECT
7280187180895721582,FR05ABOM220722023,0,OK
7284058431194993121,CD387766,0,OK
7289710765681599045,CD388391,16,SUSPECT
7294154041263527537,ABAURA8205,0,OK
7296879609788004388,15L2021-1483,0,OK
7303433054169763799,VAN-2019.00787,0,OK
7308836205419710058,ABAURA8526,17,SUSPECT
7310679630742342827,FR15ABOM210821177,0,OK
7312316063765018213,CD388229c,17,SUSPECT
7315935377214354969,20A.07897,18,SUSPECT
7317386354307486859,ABAURA8205,0,OK
7334698397768501444,N384,16,SUSPECT
7334805673986518295,CD387759,0,OK
7347947519071175425,OPIE_Lapi_A1b,0,OK
7351069948447695000,ABAURA8625,16,SUSPECT
7365113051338714940,CD388391,16,SUSPECT
7365191819187373568,CollecYvan4,0,OK
7369304662733430316,FR15_ABOM30072020044,0,OK
7381007911527933692,FR15ABOM200722062,0,OK
7386983085111107464,ABB-2020.00106,16,SUSPECT
7387966764328137151,ABAURA8207,0,OK
7388581483984167016,CollecYvan18,0,OK
7389230996835077539,2019.02059,16,SUSPECT
7406033283927087279,FR15ABOM170821115,0,OK
7423529766810891614,N385,17,SUSPECT
7427673812582449163,2019.02188,16,SUSPECT
7435029551433738134,BAR-2018.00332,0,OK
7436949214540712610,FR73ABOM130722017,0,OK
7442365206385433313,FR04ABOM220722001,16,SUSPECT
7466545431143886280,N628,17,SUSPECT
7468599820256430299,ABAURA4902,8,OK
7469461334778452502,AGR.2016.1415,17,SUSPECT
7470997112655656103,OPIE_Lapi_160720,0,OK
7481521259218839142,CD388809,17,SUSPECT
7490188083648885287,CD388861b,0,OK
7492868581281444855,CD388230b,17,SUSPECT
7499738219841212772,FR15ABOM200821014,11,SUSPECT
7507273488891766338,15L2021-1743,0,OK
7507429020391010712,FR15_STPONCY300921024,0,OK
7537207941560414964,ABAURA8747,0,OK
7544347239012889265,ABAURA4926,0,OK
7570288928371569799,2012.0034,0,OK
7579893048947683906,FR15ABOM220821084,0,OK
7580018487316143392,FR15_ABOM080820007,0,OK
7585950357548046566,POLLINIS4415,1,OK
7592231569442966211,FR15ABOM170821018,0,OK
7597898652481108160,FR15ABOM210821112,0,OK
7612658697634492853,FR15ABOM100721031,0,OK
7619420557682149270,OPIE_Lapi_130720c,0,OK
7622893361005624207,NoName14,11,SUSPECT
7629873467828393247,FR15ABOM210821110,0,OK
7631812984149496867,15L2021-1498,0,OK
7639677297190065911,FR15ABOM200821010,0,OK
7647982290162849071,N126,16,SUSPECT
7664597003513941018,FR04ABOM220722061,2,OK
7672529320967911818,FR04ABOM220722031,0,OK
7675495643524918864,CD388821f,17,SUSPECT
7681618300283928263,FR73ABOM140722009,0,OK
7682524844961501359,ABAURA8205,0,OK
7685383298000180902,NoName2,17,SUSPECT
7687982163954656948,FR73ABOM130722018,0,OK
7697341948335827366,CD388013,0,OK
7700476208931507601,ABAURA4898,0,OK
7709169443490655415,OPIE_Lapi_200703b,0,OK
7715891500776423059,FR73ABOM130722046,2,OK
7730232731853010242,CD388865e,16,SUSPECT
7734062711921929317,ABAURA8240,0,OK
7738254102587082466,NoName8,0,OK
7741021162636128974,ABAURA8205c,0,OK
7768782798161856376,2020.04010,0,OK
7801899856153203215,FR15_ABOM023082020028,0,OK
7816342612222533518,FR15ABOM210821212,0,OK
7817516137897551770,FR04ABOM220722051,0,OK
7818370684615476550,ABAURA8205d,10,SUSPECT
7821141025359322010,ABAURA8238,0,OK
7824925731203640128,FR15ABOM130722047,0,OK
7826878966944902611,FR15ABOM210822014,0,OK
7832865525372299554,FR15ABOM200821014,0,OK
7834328754542304024,FR73ABOM200722040,2,OK
7850477067835941448,ABAURA8207,0,OK
7857744887848318727,OPIE_Lapi_160720b,0,OK
7862529127804216714,CD388229c,17,SUSPECT
7868330275706542396,CD388016b,8,OK
7870486620507006280,FR15_ABOM25082020010,0,OK
7883201918705211506,ABAURA8233,0,OK
7890735970048045129,ABAURA8606,8,OK
7891811123976460554,2007.0008,16,SUSPECT
7897725878193369644,ABAURA8239,0,OK
7914444455526948234,ABAURA8233,0,OK
7948394363902447241,ABAURA8208b,0,OK
7950388520123270915,FR15ABOM200821215,11,SUSPECT
7952052178144228448,CD387804,0,OK
7957968668824634809,CollecYvan12,0,OK
7965314635256477309,ABB-2020.00106,16,SUSPECT
7970693426818393156,CD388821b,17,SUSPECT
7975485882017071679,FR15_ABOM30072020036,2,OK
7978389390285692736,CD388821f,17,SUSPECT
7979970031142047122,15L2021-1742,0,OK
7987278806661557286,FR73ABOM120722021,4,OK
8002053626510873225,FR73ABOM200722037,0,OK
8007718170101213021,ABAURA4915,0,OK
8010637892230281342,FR15_ABOM25082020007,2,OK
8021257235101160365,FR73ABOM120722028,0,OK
8036857848478906819,ABAURA5667,17,SUSPECT
8047648539155125561,15L2021-1742,0,OK
8050388680133396556,15L2021-1499,0,OK
8050684377439329741,FR74ABOM160722001,17,SUSPECT
8054701050723174576,NoName6,0,OK
8069010475985591437,ABAURA4898,0,OK
8069094380402661533,2020.00294,17,SUSPECT
8078893549342542315,FR15ABOM170821120,0,OK
8081478546692057841,FR73ABOM200722029,0,OK
8086478290957245202,POLLINIS4984,17,SUSPECT
8089906576650684933,FR15_ABOM17082020015,0,OK
8090482347934376140,ABAURA4904,14,SUSPECT
8124580233241126185,FR73ABOM130722062,0,OK
8125410302699599379,ABAURA8238c,0,OK
8129398366952176257,FR73ABOM130722037,0,OK
8136054094354092625,FR73ABOM130722030,0,OK
8137009129395321428,OPIE_Lapi_160720,16,SUSPECT
8138280722353179091,OPIE_Lapi_180703,0,OK
8139756144325586943,15L2021-1514,8,OK
8141598944368188792,ABAURA8150,17,SUSPECT
8145864720593006536,FR15_ABOM07082020049,14,SUSPECT
8148037301045804347,CD388230,0,OK
8149367621035149184,FR15_ABOM14080820006,2,OK
8152459978748706739,FR15_ABOM07082020082,0,OK
8157089535656559112,CD387287,0,OK
8169507769128000558,15L2021-1741,0,OK
8171504539464215071,FR05ABOM220722025,8,OK
8174180393407371321,N815,0,OK
8175813615485920640,FR15ABOM210821077,0,OK
8180604561859871154,CD388135,0,OK
8186553484438387951,FR73ABOM130722020,0,OK
8191835970746910415,FR15ABOM150720008,10,SUSPECT
8193330793567247913,CD388872b,0,OK
8194797250695383715,OPIE_Lapi_230620b,0,OK
8204552525115720368,NoName9,0,OK
8224304360470352571,2020.06244,0,OK
8233284889818606997,CD387313,0,OK
8233318066509879634,ABAURA4926,0,OK
8237576018805328937,CD388820,9,OK
8249061322550330346,NoName8,0,OK
8252204829743100361,FR15_ABOM180720048,8,OK
8256549531828377328,FR15_ABOM180720053,8,OK
8261429137886952036,CD388865b,0,OK
8264758626054007972,FR73ABOM120722028,2,OK
8264774895193421110,FR73ABOM120722042,0,OK
8283929781203625531,VAN-2019.00781,0,OK
8287810775352913277,OPIE_Lapi_070820,0,OK
8293551099707684767,FR73ABOM130722067,0,OK
8296485138118779534,FR73ABOM130722041,1,OK
8299549603667925076,CD388018e,8,OK
8306834941754739385,2012.0034,0,OK
8309495771580015875,CollecYvan1,0,OK
8332965454262092992,2019.02188,0,OK
8336492500653210651,15L2021-1739,0,OK
8340964242425543918,OPIE_Lapi_130720b,0,OK
8343761543008622810,ABAURA8233,0,OK
8343949812874509811,CD388865d,17,SUSPECT
8345957335995308786,ABAURA8201,15,SUSPECT
8353894266178436934,CollecYvan24,0,OK
8354886638069760307,FR73ABOM130722002,0,OK
8357843278080157265,FR15ABOM210821048,11,SUSPECT
8365304571768734121,2019.02184,16,SUSPECT
8370211748038915056,CD388135,0,OK
8370261619561659964,CD388018d,0,OK
8378108405023781788,FR73ABOM120722070,0,OK
8382008122270374485,FR73ABOM200722028,0,OK
8384938152570283734,CD388623d,17,SUSPECT
8390689655910820188,CD388018b,8,OK
8391626901347509921,FR73ABOM120722027,2,OK
8413318268050122648,FR15ABOM170821115,0,OK
8421025346831608568,FR15ABOM210822014,0,OK
8421815586045989197,FR15_ABOM080820007,0,OK
8423663215045789442,CD388018e,8,OK
8429959900608503632,ABAURA57210,16,SUSPECT
8430577920209865854,FR05ABOM220722024,0,OK
8440204550957293314,VAN-2019.00781,0,OK
8444337417928207171,FR04ABOM220722092,2,OK
8459834833213053654,OPIE_Lapi_A1,2,OK
8476254394868761380,FR15_ABOM30072020044,0,OK
8480920324299085670,ABAURA4904,14,SUSPECT
8483540232197286907,ABAURA5667,16,SUSPECT
8486189887681766671,ABAURA7163,0,OK
8495679562312561186,FR15_ABOM17082020015,0,OK
8498723029595064069,2020.06207,0,OK
8510122086142196744,FR73ABOM130722062,0,OK
8510190698021894745,OPIE_Lapi_B2b,0,OK
8520210273946105945,CEN187839,0,OK
8521196799214252614,POLLINIS4393,16,SUSPECT
8528426812913424894,FR15_ABOM180720053,0,OK
8536207814117378067,15L2021-1420,0,OK
8543623170719374337,CD388612,0,OK
8547569826861306727,CollecYvan12,0,OK
8575894657456825652,ABAURA8208,16,SUSPECT
8583555473331147018,FR73ABOM130722006,0,OK
8584634150270410306,OPIE_Lapi_D1,0,OK
8596249794549322879,ABAURA8526b,8,OK
8596996425479076558,FR15ABOM170821018,0,OK
8601374306905766496,N628,0,OK
8611222714604303547,15L2021-1758,0,OK
8626790317138684315,15L2021-1758,0,OK
8629042469798216041,FR73ABOM130722066,0,OK
8638814825483953220,20A.07897,18,SUSPECT
8645333485689339663,CollecYvan21,0,OK
8669165240344342484,FR15ABOO0712002,0,OK
8673361368033895719,15L2021-1498,0,OK
8677363399452813428,OPIE_Lapi_110702,3,OK
8677628165272275454,N815,1,OK
8677921972960326811,CD388861b,0,OK
8685304777546912989,UBC-2014.0001,0,OK
8704550368744788389,2019.00316,0,OK
8705974967338635487,FR15_ABOM080820039,0,OK
8709040078529344920,CollecYvan11,15,SUSPECT
8711458767514556878,NoName11,0,OK
8715596988153550568,ABAURA5591,0,OK
8720098756591604049,FR15ABOM170821009,0,OK
8730188302103956496,FR04ABOM220722031,0,OK
8734374763821166604,OPIE_Lapi_B2,2,OK
8735345903246352204,ABAURA8239,0,OK
8742389590594892698,N385,17,SUSPECT
8752453138486676889,OPIE_Lapi_200703b,0,OK
8755925800148820373,FR73ABOM120722042,0,OK
8758395763113068662,CollecYvan15,0,OK
8760078073852116360,NoName11,0,OK
8764577395195767759,FR73ABOM130722003,0,OK
8767781792014033160,CD387770d,17,SUSPECT
8770117685850673229,ABAURA8150d,8,OK
8770751854098938953,OPIE_Lapi_100820,0,OK
8774186913208218199,FR15ABOM200722065,1,OK
8779530591279382040,OPIE_Lapi_160720b,0,OK
8817987237921600531,BAR-2018.00871,0,OK
8820777566486103620,FR15_ABOM07082020038,0,OK
8827255467517854890,FR15ABOM200821004,11,SUSPECT
8835006079579684094,CD388623b,0,OK
8850765422109409126,FR15ABOM200722066,0,OK
8870326642265835848,CD388623,0,OK
8871905897152334691,FR73ABOM200722040,0,OK
8895117849753574644,FR73ABOM200722031,0,OK
8912013745044346819,FR15_ABOM30072020036,2,OK
8928660577621851007,OPIE_Lapi_H1,0,OK
8938342591612144207,FR15ABOM210821125,0,OK
8938497046034590417,FR15ABOM210821171,0,OK
8947951078935158368,FR15ABOM200821005,0,OK
8948595283186405194,2020.04044,0,OK
8949438914066284618,15L2021-1743,0,OK
8953167733652038618,FR73ABOM120722090,0,OK
8954378861903042245,FR15ABOM210822012,0,OK
8960079702324117083,FR05ABOM220722025,8,OK
8967377383711063334,FR73ABOM140722026,17,SUSPECT
8978792505841954686,CD388623b,0,OK
8985645919524884066,NoName7,0,OK
8986335857068467176,FR74ABOM170722014,0,OK
8989475260105550201,CD388872b,0,OK
8989964007827291658,FR15ABOM220821043,15,SUSPECT
9009207983965607365,FR15_ABOM17082020015,0,OK
9010336713017665432,FR04ABOM220722089,17,SUSPECT
9017715628792136442,AGR.2016.1415,17,SUSPECT
9023754722589072408,ABAURA57210,16,SUSPECT
9045927288409754277,FR73ABOM200722028,0,OK
9053741301832115981,15L2021-1740,0,OK
9056175500937129072,CD388391b,14,SUSPECT
9065787716842855962,15L2021-1742,0,OK
9072391262291899741,FR15_ABOM14080820006,0,OK
9076389906755230127,CD388003,8,OK
9076982043259739082,FR73ABOM130722002,0,OK
9079275054249078488,NoName5,16,SUSPECT
9085787365465380048,FR04ABOM220722092,2,OK
9092116592565040041,ABAURA7150,0,OK
9093957413226941339,CD388013,0,OK
9094896287461396154,FR73ABOM200722039,0,OK
9112292031448252363,ABAURA8208,16,SUSPECT
9125270889133954568,FR04ABOM220722057,8,OK
9138473322248070205,CD388146,2,OK
9150475059474112575,ABAURA8885c,8,OK
9157294193743613350,OPIE_Lapi_B2,0,OK
9160617337722280819,ABAURA8239,0,OK
9160964822150801153,ABAURA8885b,14,SUSPECT
9182242489602662755,CollecYvan22,0,OK
9184387565995924532,2019.02073,0,OK
9185132721593016137,FR73ABOM140722039,2,OK
9193424158697240980,FR15_ABOM09082020094,0,OK
9196879764857111015,FR73ABOM130722027,0,OK
9198169224733194971,FR73ABOM130722037,0,OK
9208580826690528917,FR15ABOM200821035,11,SUSPECT
9227148406712559283,ABAURA8239c,0,OK
9228059258529235243,ABAURA8207e,8,OK
9229016902864252151,FR73ABOM200722018,2,OK
9232405072844814999,FR04ABOM220722060,2,OK
9237564508152482294,ABAURA7151,17,SUSPECT
9241740130177669347,ABAURA4936,8,OK
9247595100476391161,CollecYvan15,0,OK
9250207432045413394,CD387287,0,OK
9255500786555301334,CollecYvan8,0,OK
9263660401606156315,OPIE_Lapi_260620b,2,OK
9268546198445727799,FR15ABOM210821147,0,OK
9289892671277255027,POLLINIS4351,0,OK
9306271480866929061,FR15_ABOM30072020045,11,SUSPECT
9307423998889964671,NoName2,16,SUSPECT
9310114049841067520,FR73ABOM130722039,0,OK
9311253529216902337,FR05ABOM220722026,0,OK
9313596142653923313,CD388821b,17,SUSPECT
9314687546114532209,POLLINIS4351,0,OK
9316074404262054267,FR15ABOM170821029,16,SUSPECT
9316986316550313504,ABAURA8206,0,OK
9326791572685321182,ABAURA8150b,0,OK
9331432232889720614,OPIE_Lapi_060803,2,OK
9336431328519170749,CollecYvan8,0,OK
9339778567316465514,FR15_AB210818002,1,OK
9344476475785202784,ABAURA8150b,0,OK
9352125911896071861,FR73ABOM140722031,0,OK
9357991975614723216,ABAURA8240,0,OK
9366211877507910638,FR15_ABOM07082020082,0,OK
9367644140503351074,ABAURA8238a,0,OK
9368966322844999446,15G2021-1200,0,OK
9369899761623237892,FR15ABOM200722026,0,OK
9370254887310836684,OPIE_Lapi_290602,0,OK
9384292085342163304,FR15_ABOM30072020040,0,OK
9386429278461644359,CD388623c,0,OK
9408259332099658361,OPIE_Lapi_180703,0,OK
9415775769847962471,D264520b,0,OK
9418128848489677089,FR73ABOM120722103,0,OK
9422742440968021446,ABAURA7150,0,OK
9439228705308819029,FR73ABOM130722006,2,OK
9440562344015406887,FR73ABOM130722003,0,OK
9441714947251848326,POLLINIS4343,0,OK
9442856527857794975,OPIE_Lapi_78V,0,OK
9472744296940937106,FR73ABOM130722062,0,OK
9474948155447028002,VAN-2019.00788,0,OK
9486039048954228488,FR15ABOM210822012,0,OK
9487483312603941887,FR73ABOM130722017,0,OK
9491198527091186119,FR73ABOM140722026,17,SUSPECT
9493779317786075888,ABAURA4902,13,SUSPECT
9504620776186150970,CollecYvan14,0,OK
9508322387492948048,OPIE_Lapi_E7,0,OK
9520511409335317348,ABAURA7781b,1,OK
9531456195744756028,ABAURA8205d,10,SUSPECT
9538324415906420314,CD388820,8,OK
9543050185309597822,FR05ABOM220722028,9,OK
9572472783184285341,CD388018,0,OK
9580766704714265443,2017.06254,0,OK
9607561539836119884,POLLINIS5943,17,SUSPECT
9611714325634046411,FR05ABOM220722023,0,OK
9633299238616369017,CD388623c,0,OK
9635438670476658282,CD388018e,8,OK
9661390952108963606,FR04ABOM220722055,0,OK
9663467082890611879,OPIE_Lapi_240620b,16,SUSPECT
9665617861785001939,CD388135,0,OK
9673330286841962238,NoName3,11,SUSPECT
9677877406471921280,FR15_AB210818002,1,OK
9693053092009185348,CD388821,0,OK
9701016411646004077,FR05ABOM220722025,8,OK
9716784855155941657,CD388872c,16,SUSPECT
9718090261424549253,FR73ABOM130722007,0,OK
9719639127409229818,OPIE_Lapi_A1b,0,OK
9726514693724544700,FR15ABOM210821043,0,OK
9731410382788814400,FR73ABOM150722001,0,OK
9732807863218227005,VAN-2019.00814,8,OK
9737629637503686649,FR73ABOM200722038,0,OK
9738953674706403336,FR15ABOM200722065,1,OK
9741592582436965624,FR15ABOM200821004,0,OK
9781083866386875131,FR73ABOM130722039,0,OK
9787148373642364250,OPIE_Lapi_220620d,2,OK
9798779577499730604,FR73ABOM200722032,0,OK
9805003861278078498,FR15ABOM210821128,0,OK
9809977359228847133,CD388860,17,SUSPECT
9812976205753777885,FR15ABOM210821107,11,SUSPECT
9813618166829151773,FR73ABOM140722032,0,OK
9815590873059538247,ABAURA8852b,9,OK
9821886207155934135,CD388865,17,SUSPECT
9827282860442328449,ABAURA8207c,1,OK
9833153054060215945,2013.0265,17,SUSPECT
9833865896747567491,POLLINIS4982,1,OK
9850855289701812274,CD388623d,0,OK
9874832268798554736,2019.02118,0,OK
9878314513956615733,ABAURA8212,1,OK
9885852752105129673,2020.03886,0,OK
9891763234264537578,VAN-2019.00850,7,OK
9903690431812576795,FR15_ABOM07082020062,0,OK
9907234119138298328,OPIE_Lapi_220620b,16,SUSPECT
9908280004813235641,FR15ABOM200722063,1,OK
9908918005661593513,FR15_ABOM30072020048,0,OK
9918214343395725564,2019.02080,0,OK
9922680135094124375,FR73ABOM130722001,0,OK
9933583122951979594,BAR.2018.00342,0,OK
9957650520786113566,FR15_ABOM25082020008,2,OK
9962649379356320200,15L2021-1748,0,OK
9972226141109289180,FR04ABOM220722046,0,OK
9976530197884135901,FR04ABOM220722031,0,OK
9987291984060054458,FR73ABOM120722070,0,OK
9997544114703285692,FR04ABOM220722031,0,OK
9999166416108528502,2020.00449,17,SUSPECT
9999506949791366174,FR73ABOM150722006,2,OK
10001998142075796475,VAN-2019.00849,8,OK
10003123738698952216,FR15_ABOM25082020010,0,OK
10011599064017483049,FR73ABOM130722039,0,OK
10012621695965863859,OPIE_Lapi_220620,0,OK
10020493482183650801,15L2021-1546,0,OK
10027500628218045543,CD388016,0,OK
10040482400799156866,2019.01788,15,SUSPECT
10041808315291269068,FR74ABOM160722001,17,SUSPECT
10043605527234908545,FR15_ABOM25082020007,0,OK
10050428493589980382,2019.02175,0,OK
10062475565160686037,FR73ABOM130722064,0,OK
10062647961815341358,NoName12,0,OK
10063582892883654203,CD388872,0,OK
10068458027569724359,POLLINIS4343,0,OK
10070277430682058364,ABAURA8240c,0,OK
10076055075682863634,FR73ABOM140722009,0,OK
10083262119377394774,2020.00254,0,OK
10083985419482876400,ABAURA8867,17,SUSPECT
10091299832027197086,2020.06243,0,OK
10097021525822643869,ABAURA8747,0,OK
10098026322243205972,FR73ABOM130722027,0,OK
10102427080611782113,VAN-2019.00781,0,OK
10105520720443139396,N384,16,SUSPECT
10106934959757990745,2020.04013,0,OK
10108464256898812635,FR15_ABOM023082020028,0,OK
10120096055185655937,CD388391,16,SUSPECT
10120693589743034601,FR73ABOM140722032,2,OK
10130780435917229142,CollecYvan18,0,OK
10138860136667908405,FR15ABOM210821112,0,OK
10139598368739561269,OPIE_Lapi_270702,16,SUSPECT
10165080620183663091,FR15_ABOM14080820006,0,OK
10174681893672514419,2020.06348,0,OK
10175244602748615750,ABAURA8206,0,OK
10197826223958031685,FR73ABOM200722038,0,OK
10202333925364154768,FR73ABOM120722027,2,OK
10208950450467930037,BAR-2018.00871,0,OK
10210258628690101290,FR73ABOM130722037,0,OK
10228884193112342033,POLLINIS5983,0,OK
10232015045588411699,VAN-2019.00824,0,OK
10234107996710641633,15L2021-1731,0,OK
10235952744152614855,FR73ABOM130722067,0,OK
10255192360374901728,CD388865d,0,OK
10271421935121338956,CD388229b,0,OK
10271457343923048142,FR15ABOM200821126,0,OK
10278559345705928187,ABAURA4923b,0,OK
10292367674615279654,FR73ABOM130722065,0,OK
10310080406594835329,ABAURA8207,17,SUSPECT
10328350962911282993,FR73ABOM120722042,0,OK
10351084563925841241,N126,16,SUSPECT
10377235998112952327,N815,17,SUSPECT
10377784771659917402,FR15ABOM170821029,16,SUSPECT
10385409011807971435,CD387804c,0,OK
10391803992308273629,OPIE_Lapi_290602,0,OK
10398067862439766412,FR73ABOM130722064,0,OK
10400120219261182412,CD388408,0,OK
10402352160368997072,OPIE_Lapi_130720c,16,SUSPECT
10403790361798665112,15L2021-1420,0,OK
10412061945114421453,2020.00339,0,OK
10413460064386391794,CD388229c,0,OK
10414710612393466658,OPIE_Lapi_200703,0,OK
10416441021076826029,POLLINIS4982b,17,SUSPECT
10453075183967351445,CD388016b,8,OK
10474927836151413614,ABAURA8207b,0,OK
10481932639111456466,CD387770c,0,OK
10483827121486088304,FR15ABOM210821171,0,OK
10485992310888768031,FR15_ABOM080820007,0,OK
10489845405361821978,FR73ABOM130722046,0,OK
10505622719014548617,ABAURA4928,8,OK
10516995412494209063,FR15ABOM210822012,0,OK
10518875021489277417,OPIE_Lapi_160720b,0,OK
10521801090014910527,FR73ABOM130722030,0,OK
10527098496675554484,2019.00316,0,OK
10527811638414286131,FR15ABOM200821156,2,OK
10534226556897666521,OPIE_Lapi_B2,0,OK
10536374040636953708,OPIE_Lapi_95C,0,OK
10549264772494470689,ABAURA7548,0,OK
10554837588127345950,VAN-2019.00824,7,OK
10556838902626892425,POLLINIS4393,16,SUSPECT
10557258583586501694,FR73ABOM200722038,0,OK
10561554028373021752,FR15_ABOM180720054,0,OK
10564911514235528651,FR73ABOM130722009,0,OK
10572281820145436487,CD388145b,0,OK
10575555472862918190,FR15ABOM210821139,0,OK
10576644749598691354,CD388016,0,OK
10581881552427773543,FR15ABOM130722047,0,OK
10584063657097206424,CD388229,0,OK
10586891404931107612,CD387287,0,OK
10588724896726684442,15L2021-1741,0,OK
10599702012316478252,FR15ABOM210821143,0,OK
10608742278564755153,OPIE_Lapi_060803,0,OK
10615977380702542667,ABAURA7151,17,SUSPECT
10623499662861056248,CollecYvan4,0,OK
10630138480684025588,ABAURA8207e,8,OK
10636082994139028469,CD388408,0,OK
10637009173500904249,2019.02188,0,OK
10645954444884714090,ABAURA4904,14,SUSPECT
10648862481002030998,VAN-2019.00850,7,OK
10651615274885324518,OPIE_Lapi_240620b,16,SUSPECT
10651875586623549839,ABAURA7910,2,OK
10651996473157309189,FR73ABOM130722007,0,OK
10655928197376768422,FR15_ABOM07082020038,0,OK
10689363867068608543,ABAURA4898,0,OK
10695640955293150173,CollecYvan23,0,OK
10697968050963511414,CD388230c,0,OK
10705665023495907734,OPIE_Lapi_060803,2,OK
10708445219325369518,FR15ABOM210821177,0,OK
10721532829861995726,ABAURA8205,0,OK
10727772079072134627,FR15ABOM170821120,0,OK
10728476493624955294,VAN-2019.00849,7,OK
10744472062627160602,CD388229c,17,SUSPECT
10778215743428571494,CD388865c,0,OK
10795375897410099579,FR15ABOM210822016,0,OK
10800587550066834495,POLLINIS5983,0,OK
10801172815309022673,FR73ABOM130722065,0,OK
10801704885398179470,NoName1,15,SUSPECT
10807990049608036161,NoName6,0,OK
10809758696319460535,FR15_ABOM07082020062,0,OK
10819522074621042366,CD388230b,0,OK
10829344515641413384,CollecYvan20,0,OK
10846944403765915304,2007.0008,0,OK
10859513359888668678,FR73ABOM200722030,0,OK
10862862071293883010,N126,16,SUSPECT
10866427472663766143,FR15_ABOM30072020042,16,SUSPECT
10869041427032390181,ABAURA8526,17,SUSPECT
10885162946651466161,FR04ABOM220722089,17,SUSPECT
10897263877179929182,FR73ABOM130722021,0,OK
10898780662312043388,OPIE_Lapi_200720,0,OK
10903948847605067564,FR15ABOM130722047,1,OK
10910790364151082574,CD388809,17,SUSPECT
10924117159517573487,CD388018c,0,OK
10931937863132843543,FR73ABOM120722025,8,OK
10934355195465666333,ABAURA8240,0,OK
10937508168138779656,NoName6,0,OK
10940718714777895742,FR15_ABOM07082020082,0,OK
10946416364308074586,OPIE_Lapi_200703,0,OK
10956409741098985984,N385,17,SUSPECT
10975866536865977367,ABAURA8627,0,OK
10980540981193723008,FR73ABOM200722041,0,OK
10984237117784510439,CollecYvan6,0,OK
10986823281206504543,N205,16,SUSPECT
10987388280677001835,OPIE_Lapi_D1,0,OK
10988948409844541520,CD388230b,0,OK
11000210264830747247,ABAURA8207c,0,OK
11000630708203188318,ABAURA8204,8,OK
11003204664418940794,ABAURA8207d,10,SUSPECT
11010893526098553103,OPIE_Lapi_200720,0,OK
11022042612139382561,FR73ABOM140722031,2,OK
11025534225367821236,CD388003b,8,OK
11031491006701774309,15G2021-1200,0,OK
11032711515394865185,NoName2,16,SUSPECT
11036282185859644140,FR15_ABOM180720046,0,OK
11041762562575061340,OPIE_Lapi_030803b,0,OK
11050540728177731611,ABAURA5591,0,OK
11052586993500802978,FR15ABOM210821212,0,OK
11056950156457902506,VAN-2019.00787,0,OK
11059318565706678519,ABAURA8625,16,SUSPECT
11073508266088546862,FR15ABOM200821233,0,OK
11087852405837837568,FR73ABOM120722025,8,OK
11090990076937784627,FR15_ABOM30072020044,0,OK
11100194649498741357,OPIE_Lapi_260620b,0,OK
11112186100813865520,2020.00301,0,OK
11155934947507124514,NoName2,17,SUSPECT
11157483991162285972,OPIE_Lapi_270702,16,SUSPECT
11165793277188084117,ABAURA8239,0,OK
11173689801001545973,CD387766b,0,OK
11178169873303827342,FR15_ABOM07082020038,0,OK
11181576464147525326,FR15ABOM210821211,0,OK
11181618191538209040,ABAURA7163,0,OK
11185022684261629490,ABAURA8208b,0,OK
11186700329433176550,FR15ABOM210821211,0,OK
11189502791009222678,OPIE_Lapi_95C,0,OK
11201087915763422016,VAN-2019.00795,0,OK
11215042247048332288,FR15ABOM220821070,0,OK
11232863407506426036,CD388016b,8,OK
11232892148158760862,FR15ABOM200821215,0,OK
11246447092689399125,ABAURA8885d,8,OK
11252032096919739635,CD388623,17,SUSPECT
11254918130360943833,ABAURA8206,0,OK
11263258405266020246,OPIE_Lapi_070820b,2,OK
11274870737227923744,CD388623e,3,OK
11277742301361008312,VAN-2019.00850,7,OK
11278405325982412454,ABAURA4926,0,OK
11281125510861609600,FR15ABOM220821070,0,OK
11282343184718580537,FR15ABOM220821085,15,SUSPECT
11285823460007032970,FR73ABOM120722021,0,OK
11292387907864680742,CollecYvan24,0,OK
11293771357715709351,FR15ABOM200821202,11,SUSPECT
11300191487370581258,CD388003b,0,OK
11302247170041622213,FR15ABOM220821055,0,OK
11312854113236719245,FR15ABOM130722047,0,OK
11320629979450998815,ABAURA8240c,17,SUSPECT
11334488783882677205,15L2021-1498,0,OK
11339441126516734211,OPIE_Lapi_240620,0,OK
11341482509918235859,FR15ABOM210821112,0,OK
11347117702876043653,ABB-2020.00038,0,OK
11355420121552072012,ABAURA8239b,0,OK
11358337770596493424,15L2021-1757,0,OK
11359925913468408273,ABAURA8604,8,OK
11367628207540833669,FR74ABOM170722014,0,OK
11370209845050978573,FR15ABOM100721030,0,OK
11371069342959600835,POLLINIS4402,14,SUSPECT
11379958625698564320,FR15ABOM200722026,0,OK
11381105164293015745,ABAURA5633,16,SUSPECT
11387673555578550432,ABAURA8233,0,OK
11394099304270834101,FR73ABOM130722001,17,SUSPECT
11401932815301765605,FR15_ABOM07082020049,11,SUSPECT
11403418065151612280,2020.06243,0,OK
11411311943971029508,ABAURA8208b,0,OK
11423924208504115482,ABAURA8240b,16,SUSPECT
11428529021177618476,FR15ABOM210821143,0,OK
11432832234247544686,FR73ABOM200722034,17,SUSPECT
11448923648904854090,OPIE_Lapi_200703b,0,OK
11451527408964389376,FR15ABOM200722066,0,OK
11472002257401307758,FR15_ABOM180720053,9,OK
11475692099413169049,2020.06244,0,OK
11478813183107999180,CD388862,16,SUSPECT
11480871477966787243,ABAURA8852,14,SUSPECT
11496881718042531304,CD387770b,0,OK
11515690736478427686,CD388821c,18,SUSPECT
11519992816250262182,BAR.2018.00342,0,OK
11525823392569480840,ABAURA8207c,0,OK
11526273021146368542,FR74ABOM160722015,0,OK
11528520659920811572,FR73ABOM200722017,0,OK
11529796254758204732,N126,0,OK
11532847000123006672,CD387770b,0,OK
11551718020193835833,ABAURA8205c,0,OK
11557235045297008077,FR15ABOM210821043,0,OK
11580189044092795960,FR15_ABOM14080820006,0,OK
11591291642188966063,N384,16,SUSPECT
11591494496866317985,15L2021-1732,17,SUSPECT
11596831197035236088,OPIE_Lapi_130720b,0,OK
11597240161405457436,FR15ABOM200722063,8,OK
11608743964201023852,FR15_STPONCY300921002,0,OK
11611063952545042207,D264520,15,SUSPECT
11631156063174913166,FR15ABOM210821100,0,OK
11637165159900932525,2007.0008,0,OK
11642124986044526119,CD388861b,0,OK
11653502442743183339,ABAURA8240d,0,OK
11664607190495394597,CD388145b,0,OK
11667424025419961050,CD387770,0,OK
11673004717149287572,1036L,11,SUSPECT
11683566611429488429,FR73ABOM130722001,17,SUSPECT
11688071455666063658,2020.00301,0,OK
11689656346470907923,CD388769,0,OK
11720240339028473818,2019.01788,15,SUSPECT
11725052851920418612,FR15_ABOM170820009,0,OK
11732297074813349391,Znieff_galibier,0,OK
11742279297912749698,ABAURA8228b,2,OK
11746286069573413703,NoName9,0,OK
11759233457663316525,VAN-2019.00781,0,OK
11790041142160868541,FR15_ABOM17082020015,0,OK
11790542777583076443,CD388861,0,OK
11799731614185283623,15L2021-1740,0,OK
11800717476237999008,ABAURA8207b,0,OK
11816409847352079007,ABAURA5593,0,OK
11827694792051411110,CollecYvan24,1,OK
11827708996524743262,CD388016,0,OK
11836536278352336948,FR15ABOM210821110,0,OK
11842174371580282976,OPIE_Lapi_220620c,2,OK
11843984164949679961,POLLINIS4984,17,SUSPECT
11851982986737683813,VAN-2019.00822,7,OK
11853386220711180859,15G2021-1200,0,OK
11872949174172736921,15L2021-1546,0,OK
11885839238571465117,FR73ABOM140722033,0,OK
11885880819671918869,CD388820b,8,OK
11886258122335437634,15L2021-1498,0,OK
11893187717278600115,FR15ABOM170821123,0,OK
11900219764639212586,ABAURA8238d,0,OK
11902152383287907268,OPIE_Lapi_130720d,0,OK
11922233261899806439,2019.02080,0,OK
11926102969299957679,FR73ABOM200722019,2,OK
11929673787316173479,UBC-2014.0001,0,OK
11933014402994718655,POLLINIS5943,17,SUSPECT
11934681132344836463,ABAURA8526b,8,OK
11939937752875104739,2020.00301,0,OK
11942804143365077548,POLLINIS5943,17,SUSPECT
11942823023209125780,ABAURA8207f,14,SUSPECT
11947210869119905806,OPIE_Lapi_160720,2,OK
11960532935994997223,FR73ABOM140722009,0,OK
11975065179209706869,FR15_ABOM07082020082,0,OK
11976687165179560794,ABAURA4928,8,OK
11982914650422950851,ABAURA4923,0,OK
11983706928007814325,ABAURA8207c,1,OK
11987540015689507367,ABAURA8207,0,OK
11990160520892716870,ABAURA8599,8,OK
11992702341927143056,OPPO.2021.03276,17,SUSPECT
12005298474470955891,ABAURA8233,0,OK
12009494316350898089,CD388018d,0,OK
12014026286349812031,CollecYvan6,2,OK
12017392579940064196,ABAURA8885,0,OK
12022423891467442304,FR15ABOM200821233,0,OK
12041892518666122732,OPIE_Lapi_95C,0,OK
12044204079775336352,OPIE_Lapi_030803,17,SUSPECT
12049268377529735962,N126,0,OK
12059129509954986878,OPIE_Lapi_200720,0,OK
12066577895361999646,2013.0265,17,SUSPECT
12086786545916695643,OPIE_Lapi_7B,0,OK
12088402653368438812,CD388230,0,OK
12091513807526958387,CD388820,8,OK
12095641520061670564,CD388862b,0,OK
12105770782259687513,OPIE_Lapi_B2b,0,OK
12128970388694454947,NoName11,0,OK
12148808805628269597,FR04ABOM220722061,2,OK
12150747677700897285,OPIE_Lapi_130720b,16,SUSPECT
12156058224944620886,FR15ABOM210821119,0,OK
12166708583185519837,15L2021-1740,0,OK
12184652587781028060,CD388872c,16,SUSPECT
12185041311785936052,POLLINIS5943,0,OK
12201256546894216406,FR15ABOM210821077,0,OK
12220726428630081174,CD387577b,0,OK
12225498643912717717,ABAURA8150,0,OK
12229975415208150409,OPIE_Lapi_200703b,0,OK
12237989312451818319,FR15_ABOM09082020078,17,SUSPECT
12248596657429045082,AGR.2016.1415,17,SUSPECT
12248974584798309513,CD388865b,0,OK
12252156340755755653,FR73ABOM140722001,0,OK
12260120848618884716,FR15ABOM210821177,0,OK
12260524480753766823,OPIE_Lapi_E7,0,OK
12261119121282873981,ABAURA8238e,17,SUSPECT
12263478704584104906,FR15_ABOM180720046,1,OK
12278474918595864897,FR15ABOM150720008,0,OK
12280219180770474458,CD388820b,0,OK
12287337350508368425,CD388623b,0,OK
12290041700463058086,FR73ABOM200722017,0,OK
12302437107626033246,FR73ABOM200722034,17,SUSPECT
12321925680128059010,FR15_ABOM170820009,0,OK
12325068523382828435,2020.06207,0,OK
12356316248171059274,ABAURA8240c,0,OK
12372019277421724595,ABAURA8239b,0,OK
12383052080291443240,CollecYvan22,0,OK
12388995647514750633,CD388146,2,OK
12389661087402949994,ABAURA4926,0,OK
12390214775075501659,FR73ABOM130722021,0,OK
12401024527530975023,ABAURA8204,8,OK
12402832182868440562,FR15ABOM200821233,0,OK
12410706601213026236,FR15_ABOM25082020008,0,OK
12419348860524153472,ABAURA5667,0,OK
12426948325985188429,15G2021-1826,2,OK
12442186632498603754,FR15ABOM210821211,0,OK
12443077563387451897,ABAURA8526b,8,OK
12454490373012113578,2020.00254,0,OK
12464618058208898344,POLLINIS4343,0,OK
12468902716257754140,FR73ABOM130722002,0,OK
12474171969154007355,15L2021-1741,0,OK
12475989212767553970,FR15ABOM210821119,11,SUSPECT
12478965465537874589,FR15_ABOM30072020048,11,SUSPECT
12479904574237832002,CD388235,0,OK
12483442838376281764,D264515,0,OK
12488894152035371212,CD388145b,0,OK
12489055167706908799,2020.03936,0,OK
12490044972790798205,CollecYvan9,0,OK
12491064582232150564,FR15_ABOM30072020044,0,OK
12498536787007330143,OPIE_Lapi_B2,2,OK
12506696009660357160,ABAURA7151,17,SUSPECT
12513274524200289470,FR15ABOM200722064,8,OK
12517311515375824325,ABAURA8203,0,OK
12522601099095973763,ABAURA8204,8,OK
12524583725262910803,FR15ABOM220821085,15,SUSPECT
12534930773117092606,FR73ABOM200722018,0,OK
12540923724816972619,15G2021-1200,0,OK
12555931895860272754,FR15_ABOM30072020042,16,SUSPECT
12556435622292153619,FR15_ABOM25082020008,0,OK
12564751661149841254,CD388821b,17,SUSPECT
12577908137850252378,ABAURA8852,14,SUSPECT
12613586233199195637,FR15ABOM150820018,0,OK
12633083808105181453,FR73ABOM140722015,0,OK
12633378964808806864,Znieff_galibier,0,OK
12633449141198794358,OPIE_Lapi_200703,0,OK
12635206102940991825,ABAURA8150c,0,OK
12641691144375136073,FR15ABOM200821035,11,SUSPECT
12652086693905586182,FR15ABOM210822016,0,OK
12653594436730166120,2019.02059,0,OK
12655804617063649661,ABAURA8150b,8,OK
12657540653093940609,FR15ABOM150720008,0,OK
12670908790370582190,OPIE_Lapi_E7,0,OK
12682432698544041479,2019.02080,0,OK
12702548001501223831,CollecYvan14,2,OK
12705354546286726308,VAN-2019.00787,10,SUSPECT
12707200596165039609,FR15ABOM220821085,0,OK
12715615494390004544,FR15_ABOM30072020048,0,OK
12726641231756246577,AGR.2016.1415,17,SUSPECT
12729821937158575657,FR15ABOM200821126,11,SUSPECT
12734011397168369909,2020.04044,16,SUSPECT
12740396359912119454,NoName7,0,OK
12746242989848506251,VAN-2019.00795,0,OK
12760251831044364668,FR15_STPONCY300921024,0,OK
12775844417169050150,1036L,17,SUSPECT
12786657377002934840,2020.00410,0,OK
12793142882695469885,FR04ABOM220722054,8,OK
12800921339182342415,CD388865e,0,OK
12804964038670734242,FR15_ABOM07082020062,0,OK
12813992500054785094,FR73ABOM120722028,2,OK
12821918321641067740,OPIE_Lapi_030803b,2,OK
12834542142297825840,FR73ABOM130722020,0,OK
12845433406741574957,NoName3,11,SUSPECT
12849115262973935028,FR15ABOM210821165,0,OK
12854224241593997136,FR15ABOM170821115,0,OK
12867455742208882611,CEN187839,0,OK
12880042043054501967,ABAURA8747,0,OK
12887495278881919668,FR15ABOM200821215,0,OK
12888788098113239334,CD388821d,0,OK
12906000934346317732,ABAURA4915,0,OK
12906096559940638202,UBC-2014.0001,4,OK
12918787968765578805,CD388230b,0,OK
12926347631954705866,FR73ABOM120722002,0,OK
12929418777265851250,CD388230b,0,OK
12940207040808304649,FR04ABOM220722050,0,OK
12943910772713954222,CollecYvan5,2,OK
12945722890563010082,N628,18,SUSPECT
12955712528490009515,FR04ABOM220722051,0,OK
12956526870545963394,FR15ABOM210822015,11,SUSPECT
12973121721600297160,CD388860b,17,SUSPECT
12976347618859849647,NoName4,2,OK
12986578820551895688,ABAURA7155,16,SUSPECT
13003322214222794146,FR73ABOM200722031,0,OK
13006273428952779461,CD388821e,0,OK
13007146042205163992,FR74ABOM160722015,0,OK
13009121115836030383,FR15ABOM210821100,11,SUSPECT
13010073903352256499,2020.00377,13,SUSPECT
13011523792285394715,ABB-2020.00038,14,SUSPECT
13015309677763684523,ABAURA8239c,0,OK
13019971304837851117,FR15_STPONCY300921002,0,OK
13040196095064846624,FR04ABOM220722060,2,OK
13048978870052906832,FR73ABOM200722019,2,OK
13050093713215015387,FR73ABOM130722003,0,OK
13050649785116670244,CD388235b,0,OK
13060039179751961092,FR73ABOM130722009,0,OK
13060974820842838361,FR73ABOM200722019,2,OK
13065661751436812114,FR73ABOM130722066,0,OK
13071917168961033569,15L2021-1420,7,OK
13072752676311836748,FR15ABOM220821084,0,OK
13073345175146009488,FR15ABOM200821202,11,SUSPECT
13078640090769679986,ABAURA5593,0,OK
13088359700698759174,FR05ABOM220722026,0,OK
13104424588398406422,FR15_ABOM180720048,8,OK
13104800574895603098,POLLINIS4384,17,SUSPECT
13122961327584984312,ABAURA8205,0,OK
13129698519171563222,ABAURA8595,8,OK
13134488725051798851,OPIE_Lapi_240620b,16,SUSPECT
13140538289770495033,ABAURA5667,16,SUSPECT
13156021523710942806,CD388229b,0,OK
13159051884625969524,ABB-2020.00032,16,SUSPECT
13161882006366428679,ABAURA7151,17,SUSPECT
13169735179754544497,FR15ABOM210822014,0,OK
13175235909998214850,FR15ABOM200722066,8,OK
13178907398711629469,FR04ABOM220722087,17,SUSPECT
13180659383833156802,FR73ABOM120722072,0,OK
13191168787818872316,FR73ABOM120722118,0,OK
13193916065470066592,OPIE_Lapi_A1b,0,OK
13199578379966984429,VAN-2019.00788,0,OK
13201106052227689598,CEN187839,0,OK
13201435674084224957,NoName15,11,SUSPECT
13201457460528351685,CollecYvan5,2,OK
13227896487609623239,OPIE_Lapi_160720b,2,OK
13245534656852342847,ABAURA8239b,0,OK
13246891954556796216,FR04ABOM220722057,8,OK
13248518717224223116,FR73ABOM200722017,0,OK
13262175783840660174,FR15ABOM100721030,0,OK
13266038745107906695,ABAURA8238e,17,SUSPECT
13271635602632642687,CollecYvan15,0,OK
13273396008417853788,FR73ABOM200722037,0,OK
13311499953784537324,CD388865,17,SUSPECT
13312898357475178256,NoName8,0,OK
13313698396185879249,2020.00339,0,OK
13322331343528413624,FR15ABOM200821014,11,SUSPECT
13333950357034287681,CD388821c,17,SUSPECT
13340656971849020421,CD387770,0,OK
13344282473479078074,FR15ABOM210821128,0,OK
13352338001720539951,FR15ABOM200722065,0,OK
13361686957344991591,FR15ABOM200722066,0,OK
13371557812334292517,FR73ABOM140722001,0,OK
13373172779695037776,OPPO.2021.03276,17,SUSPECT
13376078592479250415,BAR-2018.00871,0,OK
13391970773614431293,ABAURA8627,0,OK
13394431044914772640,ABAURA4904,14,SUSPECT
13396839620024605771,CD388145b,0,OK
13405266370573203110,CD388821c,17,SUSPECT
13408411929670990019,FR15_ABOM180720046,0,OK
13412587901626882850,2020.00410,0,OK
13412738546507307072,FR15ABOM170821120,0,OK
13413188879840264698,CD388235,0,OK
13414340853390882326,2019.02175,0,OK
13415642244796455699,CD387770c,0,OK
13415918427699170381,CD388821,0,OK
13425656727631192929,FR73ABOM120722002,17,SUSPECT
13435380236498639570,POLLINIS4402,14,SUSPECT
13444441753815487244,2019.02073,0,OK
13449200819119851615,FR73ABOM120722072,0,OK
13459383425728477348,2019.02184,16,SUSPECT
13462203607281735840,FR73ABOM200722034,17,SUSPECT
13472506137104681261,FR73ABOM200722040,0,OK
13472771769577034646,OPIE_Lapi_230620b,0,OK
13477928318462451219,FR05ABOM220722023,0,OK
13485680957233870300,FR04ABOM220722051,0,OK
13488679705242700846,CD388623d,17,SUSPECT
13496066093012948982,FR15ABOM220821068,0,OK
13509468236448360418,15L2021-1420,0,OK
13511680293413264436,ABAURA8212,1,OK
13511969641994153853,FR73ABOM130722009,0,OK
13529782717479487086,FR15ABOM170821123,0,OK
13529947294800295143,ABAURA4923,0,OK
13532627781449615893,NoName15,10,SUSPECT
13566637580390263910,15L2021-1757,0,OK
13570199924825444218,FR15_ABOM180720054,0,OK
13570487892590684702,CollecYvan5,0,OK
13576756078274044945,FR15ABOM200821035,0,OK
13578049661444778406,ABAURA8207e,8,OK
13583837637058039607,FR73ABOM130722066,0,OK
13590043988364399228,FR15ABOM210821165,0,OK
13590920189618742326,CD387577b,0,OK
13596130563493347530,FR73ABOM140722015,2,OK
13599724061341236619,FR73ABOM140722031,0,OK
13600150942596265321,ABAURA5676,7,OK
13604890762744595585,ABAURA8207b,0,OK
13608381242179212051,FR73ABOM130722017,0,OK
13615742336786488781,FR15ABOM210821139,0,OK
13628163202723010988,FR73ABOM120722090,0,OK
13630265236516831350,POLLINIS4393,16,SUSPECT
13631159852890364518,FR05ABOM220722028,8,OK
13635954552763673355,15L2021-1743,0,OK
13673732600994217258,NoName14,11,SUSPECT
13684963086724277488,FR04ABOM220722092,0,OK
13699954106311914971,2020.00377,14,SUSPECT
13706940282177891227,FR74ABOM160722015,0,OK
13723405581212760967,ABAURA8885c,14,SUSPECT
13729787393575801230,ABAURA8238b,0,OK
13748723630014361695,CollecYvan11,0,OK
13755402504777121248,15L2021-1748,11,SUSPECT
13768253612090688992,CollecYvan16,0,OK
13772059638208901541,CD388018d,0,OK
13775918003048453104,2020.00339,2,OK
13783550108862156872,FR15ABOM100721030,0,OK
13795624279183072180,ABAURA8747,0,OK
13797937946494017887,D264520,15,SUSPECT
13813802913688444233,CD388861,0,OK
13814724228169978154,FR15ABOM210821100,11,SUSPECT
13815934824689079069,CD388003b,8,OK
13829658270128227434,POLLINIS4351,17,SUSPECT
13834802481361416799,CD388612,0,OK
13843114760314663379,D264515,0,OK
13844168249661985722,CD388145b,0,OK
13847114119600683453,ABAURA8238b,0,OK
13853844357817125135,FR73ABOM120722027,0,OK
13864469307943321042,OPIE_Lapi_220620b,16,SUSPECT
13872512268088572656,NoName10,2,OK
13887932531460726608,FR73ABOM130722030,2,OK
13895079702485181371,OPIE_Lapi_260620,16,SUSPECT
13903126841926091992,POLLINIS4343,0,OK
13908408687062732242,20A.07897,18,SUSPECT
13913147724823210836,FR73ABOM130722041,0,OK
13918512185658925324,FR15ABOM200722063,1,OK
13924098833084648266,ABAURA4923b,0,OK
13931963985679896780,FR73ABOM130722062,0,OK
13932637586785375441,NoName7,0,OK
13938412884936783629,ABAURA8239d,1,OK
13941791183251162075,CollecYvan6,2,OK
13941845738860747317,ABAURA7150,0,OK
13962615044123277500,ABAURA8207d,0,OK
13967654263441793174,FR15ABOM210821174,0,OK
13970319587100250384,FR15ABOM200821004,11,SUSPECT
13977677068210041455,ABAURA4923,0,OK
13978798698328794793,FR73ABOM130722007,0,OK
13996806233663725543,POLLINIS4982b,17,SUSPECT
14003556084954066911,CD388821f,16,SUSPECT
14038457899865192974,NoName8,0,OK
14041957165414071063,RuppSupp1,1,OK
14051381241835316343,FR15ABOM210821210,0,OK
14059180483340199679,UBC-2011.0157,3,OK
14063853126280035664,CD388861,0,OK
14072335913974224393,FR73ABOM130722063,0,OK
14081792527659565521,ABAURA8607,0,OK
14088195443001014627,CollecYvan2,2,OK
14092394292138182576,Znieff_galibier,8,OK
14102292264654229303,FR73ABOM150722006,0,OK
14112282422601796961,CD388229b,0,OK
14117611612919491562,FR04ABOM220722051,0,OK
14124462094042185565,FR15ABOM200821209,0,OK
14133316921369911027,OPIE_Lapi_270702,16,SUSPECT
14142210395677392201,VAN-2019.00824,7,OK
14151659089464287425,FR04ABOM220722050,0,OK
14153266126943675748,CD388860,0,OK
14159307867581545102,NoName14,11,SUSPECT
14168708127865750531,FR15_ABOM17082020015,0,OK
14171300231116251610,ABAURA8205d,10,SUSPECT
14175817238538282970,15L2021-1514,0,OK
14180898650631303443,CollecYvan9,0,OK
14181190828802498723,ABAURA8885f,0,OK
14212649720453734005,FR05ABOM220722023,0,OK
14212958673993561957,FR15ABOM210822015,11,SUSPECT
14221661270344320124,2020.03936,0,OK
14222890954362747652,CD387766,0,OK
14225957397354884767,FR15ABOM170821018,0,OK
14236158611324201613,FR15ABOM210822015,11,SUSPECT
14249680997759202372,FR73ABOM130722030,0,OK
14252140222107753287,FR73ABOM120722027,2,OK
14271682291097246899,CEN187839,0,OK
14273776408956380507,2020.06244,0,OK
14292839438687831751,FR73ABOM130722005,0,OK
14293725651619276570,POLLINIS5985,0,OK
14294315412055360807,15L2021-1731,0,OK
14300395345908919084,CollecYvan11,0,OK
14300516521987080138,CD388872,0,OK
14305713769271693633,POLLINIS4982,8,OK
14306127222129137818,CD387766b,8,OK
14317406116307503924,ABAURA8607,0,OK
14318455856694180546,FR15ABOM210821100,11,SUSPECT
14328841002567815599,BAR.2018.00342,0,OK
14345547284659902975,CollecYvan17,1,OK
14351496543973891014,CD388860b,17,SUSPECT
14356414308998700369,FR15ABOM210821048,0,OK
14370219935108705464,FR73ABOM120722070,0,OK
14373791514421266303,2019.01788,0,OK
14375634013883798969,FR74ABOM160722015,0,OK
14380980591523103414,CD388018,0,OK
14385362493962503737,FR15_ABOM09082020094,0,OK
14394187065426596904,POLLINIS5985,0,OK
14397020950117877593,FR04ABOM220722054,8,OK
14400090136965594113,ABAURA8207b,0,OK
14401723437061748880,POLLINIS4981,16,SUSPECT
14411321417205394844,FR73ABOM200722040,2,OK
14412012075238411479,15L2021-1742,0,OK
14413281319255807063,FR73ABOM200722032,0,OK
14413736920532285145,CD387303,2,OK
14421005223972650586,FR73ABOM140722039,17,SUSPECT
14423783969847364806,FR73ABOM140722026,17,SUSPECT
14423903068968476330,FR73ABOM130722063,0,OK
14431424598728550655,CollecYvan10,0,OK
14439256860190577020,OPIE_Lapi_260620,16,SUSPECT
14445212690529999121,CD388821b,17,SUSPECT
14447777582234437537,ABAURA8625,16,SUSPECT
14450019910516006147,FR15ABOM210821143,2,OK
14458714098261903855,FR15ABOM210821177,0,OK
14458907845191061625,ABAURA8867,17,SUSPECT
14461658560985323235,ABAURA8595,8,OK
14473365753772040081,FR15_ABOM30072020042,17,SUSPECT
14483716533331670655,ABAURA7548,0,OK
14499751060725957552,FR04ABOM220722054,8,OK
14501403405500703675,CD388235b,0,OK
14503095838776562829,CD387287,0,OK
14507055771412827732,15L2021-1514,0,OK
14507689433624339979,FR73ABOM130722067,0,OK
14509455538337460466,FR73ABOM200722017,0,OK
14509536131768896753,FR15_ABOM07082020038,0,OK
14510134040694989800,CD387313,0,OK
14531770194091086412,NoName1,16,SUSPECT
14537090262871442470,NoName11,0,OK
14538450571473526754,ABAURA8526b,8,OK
14544606625677414019,OPIE_Lapi_060803,0,OK
14545919828241703555,FR05ABOM220722024,0,OK
14556811365323412683,FR15_ABOM080820039,0,OK
14581761499553102606,POLLINIS5985,18,SUSPECT
14586093256608210128,FR15ABOM170821074,0,OK
14594969692324304557,FR15ABOM210821014,11,SUSPECT
14604246648708058372,FR73ABOM120722103,0,OK
14617377277779437366,NoName3,11,SUSPECT
14618277999223752197,CD388623d,0,OK
14634933729330392816,FR15ABOM120722071,1,OK
14636256916431636465,FR15_STPONCY300921002,0,OK
14643798426876091481,ABAURA8885c,8,OK
14644218209795653249,FR04ABOM220722055,0,OK
14648221942065474675,ABAURA8238e,17,SUSPECT
14671778260122546712,OPPO.2021.03276,0,OK
14682995369317329993,FR74ABOM160722001,17,SUSPECT
14687661541750091601,FR73ABOM130722018,0,OK
14704676461445650210,N385,0,OK
14705502128469706951,OPIE_Lapi_220620,0,OK
14710602001331700826,FR15ABOM210821139,0,OK
14714474543925508981,FR73ABOM120722025,8,OK
14716675174588068285,FR73ABOM120722025,8,OK
14718930313901667130,UBC-2011.0157,8,OK
14727478688528473802,ABAURA8595,0,OK
14727769924235518538,FR04ABOM220722001,16,SUSPECT
14729592127853437601,FR73ABOM130722018,0,OK
14748609959682244401,FR15_ABOM080820007,0,OK
14750822500933327692,FR15ABOM210821128,0,OK
14756908588214964613,2020.00470,7,OK
14757963001834769360,FR15_ABOM180720048,8,OK
14758205241744460923,CD388135,0,OK
14758819437517572085,15L2021-1757,0,OK
14765486294555923969,FR73ABOM140722015,2,OK
14766852383764088976,15L2021-1546,0,OK
14782892889748803438,FR15_ABOM30072020048,0,OK
14784692488691353493,NoName5,2,OK
14786452808122648625,OPIE_Lapi_220620c,0,OK
14793827285052078230,VAN-2019.00783,0,OK
14794846778116445972,FR15_ABOM180720047,8,OK
14797142051102574203,15L2021-1757,0,OK
14812661012921973292,FR04ABOM220722054,8,OK
14819008448531569093,NoName6,0,OK
14846228294953348936,ABAURA8238e,17,SUSPECT
14875593715739612105,NoName11,0,OK
14887362296347979360,2019.02059,16,SUSPECT
14888990239294437679,FR15ABOM200722064,8,OK
14894715654437645160,FR05ABOM220722025,8,OK
14908226367629635684,CD387766b,8,OK
14908458676774325913,CD387303,2,OK
14909270561407884611,N126,0,OK
14913087068010425865,FR73ABOM130722021,0,OK
14916417665678377296,FR73ABOM130722018,0,OK
14917658775409264348,OPIE_Lapi_110702,0,OK
14920331753793082673,15L2021-1514,0,OK
14920522785349420611,CD388018d,0,OK
14920937985911728878,ABAURA8201,15,SUSPECT
14922746624594500102,POLLINIS4393,0,OK
14941208434280215411,FR73ABOM120722072,0,OK
14947177146420025257,NoName4,0,OK
14962960014296651752,FR15_ABOM07082020049,16,SUSPECT
14967510214330037644,CD388146,2,OK
14987111720787954069,OPIE_Lapi_130720,16,SUSPECT
14988076847506299830,ABAURA8238,17,SUSPECT
14992610735827110166,2020.00410,0,OK
14992717910481716664,15L2021-1546,0,OK
15001709268239282815,CD388018b,0,OK
15011318701248942465,CollecYvan19,0,OK
15019521387648539589,FR73ABOM130722001,0,OK
15025859557228214393,CD388872,0,OK
15033121751523472451,FR73ABOM130722005,0,OK
15035512427849940780,NoName7,0,OK
15041720222024284761,CD388013,8,OK
15049557380688301229,FR15ABOM210821110,0,OK
15053633170015935469,FR73ABOM130722040,0,OK
15054115869729877417,2013.0265,15,SUSPECT
15056848550319309664,ABAURA8212,2,OK
15077733061257984507,2019.02118,0,OK
15082787859922382922,CD388145,0,OK
15093463833921190485,FR15ABOM060621003,0,OK
15097556274907782848,2017.06254,0,OK
15100623652458085722,FR73ABOM130722029,3,OK
15102226706900364794,FR15ABOM210821128,0,OK
15103632754681657262,ABB-2020.00106,16,SUSPECT
15115774288355838911,OPIE_Lapi_B2b,0,OK
15136148213545140294,CD388230c,0,OK
15147881080473650178,ABAURA8150,17,SUSPECT
15159730959968975605,VAN-2019.00849,9,OK
15169735449871950974,ABAURA8595,8,OK
15177263523269106388,FR15ABOM210821147,0,OK
15177748609576150526,CD388145,18,SUSPECT
15182013485854170842,N407,0,OK
15182638127139599046,2020.06243,0,OK
15188180715167332880,FR15_ABOM25082020010,0,OK
15191113618265889412,ABAURA8207d,0,OK
15191394399531128569,CD388821e,0,OK
15193702819789472121,FR15ABOM200821035,11,SUSPECT
15194124548734825015,NoName9,0,OK
15199930099758547102,CD387577b,0,OK
15207845735812669925,FR15_ABOM25082020008,2,OK
15209032935109776501,CollecYvan4,17,SUSPECT
15215458576060085853,CD388146,2,OK
15215967420255453631,ABAURA8205c,0,OK
15235569973190213359,FR15ABOM170821115,0,OK
15266920895811317844,FR15_ABOM30072020040,0,OK
15269609651784865972,POLLINIS5985,17,SUSPECT
15270937729249819800,FR15ABOM200821202,11,SUSPECT
15271645854099337187,FR15_ABOM080820007,0,OK
15287882938604175224,ABB.2017.20260,0,OK
15304952890976810436,FR73ABOM130722005,0,OK
15308441510569339070,ABAURA7548,0,OK
15316113487880704843,ABAURA8627,0,OK
15323363890083442975,VAN-2019.00814,7,OK
15324063852486736163,2019.02188,16,SUSPECT
15345018320313005771,FR15ABOM060621003,0,OK
15357417929555071887,FR15ABOM220821055,0,OK
15365108522013490357,POLLINIS4982,0,OK
15375376729487248893,ABAURA8207f,14,SUSPECT
15382902536216065948,2020.06207,0,OK
15390348927321192171,2020.00254,0,OK
15391815866356356119,FR15ABOM210821139,0,OK
15397086870162775149,CollecYvan21,0,OK
15398708650978021729,FR73ABOM130722040,0,OK
15405201643334362040,ABAURA4928,13,SUSPECT
15407595703263618346,FR04ABOM220722060,0,OK
15417373826505588470,FR04ABOM220722089,17,SUSPECT
15426705203949189320,FR73ABOM140722026,17,SUSPECT
15432221399385650620,FR15_ABOM25082020010,0,OK
15446554907825659631,FR15ABOM200821014,0,OK
15446910815064689746,OPIE_Lapi_B2b,0,OK
15454273468643379509,CD387303,2,OK
15465287077909907605,CD387577,0,OK
15481185390295624765,ABAURA7153,0,OK
15490798216856567496,NoName10,0,OK
15500010401009518395,2020.03926,0,OK
15500239144560799624,FR15ABOM200821035,11,SUSPECT
15501781244769070280,2019.02167,0,OK
15504384244952936670,2020.04013,0,OK
15505691975767725821,CollecYvan2,2,OK
15508325540539911977,FR73ABOM130722006,0,OK
15509230433416123322,OPIE_Lapi_270702,16,SUSPECT
15514235383307914333,FR15ABOM200821209,11,SUSPECT
15532564438395830784,FR15_ABOM09082020078,17,SUSPECT
15533916972908913503,ABAURA8526,0,OK
15548481254478462386,FR15_ABOM30072020042,17,SUSPECT
15549995030807405738,FR15_ABOM023082020028,0,OK
15552559654727482814,2020.03886,0,OK
15562381128627170586,FR73ABOM200722029,0,OK
15573691073103030833,FR15ABOM210821137,0,OK
15598337577000428106,N815,0,OK
15601593308731180693,FR15_STPONCY300921024,0,OK
15602257452989095567,UBC-2014.0001,4,OK
15616880453231316790,OPIE_Lapi_A1,0,OK
15621748751200398981,ABAURA8240,0,OK
15631923575999050108,OPIE_Lapi_260620,0,OK
15633211265855500272,CollecYvan24,0,OK
15642226400481512056,CollecYvan9,0,OK
15660552309906550767,ABAURA8239,0,OK
15667086118489804066,ABAURA4936,8,OK
15668971019561077663,CD388821e,0,OK
15669922495368789011,POLLINIS4984,17,SUSPECT
15687864156409576822,FR15_ABOM25082020007,16,SUSPECT
15695709052241366197,CD388860,0,OK
15698025180121647117,FR74ABOM160722015,0,OK
15705977130293877094,FR15ABOM210821171,0,OK
15706117790434079172,OPIE_Lapi_180702,0,OK
15707299296430594072,CD388229b,0,OK
15709213520722143506,FR73ABOM200722017,0,OK
15718435021894058790,CD388821d,17,SUSPECT
15740884421633148848,FR15ABOM210822012,0,OK
15748547730054673569,NoName12,0,OK
15763464753820979307,CollecYvan5,2,OK
15767246199182777152,FR73ABOM120722002,17,SUSPECT
15773378078435354112,2020.00470,7,OK
15787832111023014533,ABAURA8205c,0,OK
15788814922934738618,FR04ABOM220722061,0,OK
15789589468793835392,ABAURA8150b,0,OK
15792056846327764996,CD387766,0,OK
15797822483927367976,FR15ABOM210821174,0,OK
15800028818489777042,FR15ABOM210821210,0,OK
15802664152204814540,POLLINIS5943,17,SUSPECT
15831107722793128164,ABAURA8238d,2,OK
15842644292572329771,FR73ABOM200722018,0,OK
15844896106059545870,FR15ABOM220821085,15,SUSPECT
15850184914284517371,2019.02118,0,OK
15850619481607561892,CD388623d,17,SUSPECT
15852530067971422635,FR15ABOM210821119,11,SUSPECT
15853175846581957920,FR15ABOM200821126,11,SUSPECT
15856491108030521181,N815,1,OK
15858083472629523216,ABB.2017.20260,0,OK
15861166500834659721,2019.00316,0,OK
15883361571086991727,ABB.2017.20260,0,OK
15901830686942318397,ABAURA8207e,8,OK
15905870868704197274,ABAURA5593,0,OK
15905916710139990467,FR73ABOM200722019,3,OK
15909941996134946779,FR15ABOM210822016,0,OK
15915349894200632710,ABAURA7153,0,OK
15937303892121913605,ABAURA8228,16,SUSPECT
15939865391236558244,FR15ABOM210821128,0,OK
15944987002683437318,FR15ABOM210821171,0,OK
15945095441705859710,OPIE_Lapi_230620b,0,OK
15951273006029133565,CD388013,0,OK
15963008494924162549,OPIE_Lapi_100820,0,OK
15966533379364354573,FR73ABOM200722040,0,OK
15985445783901427963,2017.06254,0,OK
15997107797324058059,ABAURA4904,14,SUSPECT
16004263522861786534,FR15ABOM170821030,10,SUSPECT
16033782100241555295,OPIE_Lapi_260620b,0,OK
16037261631763000855,ABAURA8151,0,OK
16046325894136367130,CD388003b,8,OK
16055544071504808910,CD388229b,0,OK
16055959272708575073,FR73ABOM140722026,17,SUSPECT
16059877434996382865,FR73ABOM130722020,0,OK
16064069710852447300,CD387770,0,OK
16069844093905774715,N628,0,OK
16073211025776106251,FR15_ABOM09082020094,0,OK
16104258008648980390,FR15ABOM210822015,11,SUSPECT
16114483617294164083,CD387804c,0,OK
16137164018588599995,FR15ABOM200821209,0,OK
16137914270827434590,OPIE_Lapi_030803,2,OK
16146376774981116343,FR04ABOM220722001,16,SUSPECT
16149163683578455154,OPIE_Lapi_180702,2,OK
16153489738423478315,ABAURA8602,0,OK
16156138102470566888,POLLINIS5985,0,OK
16165278311840687129,FR73ABOM140722031,2,OK
16192022975718580458,2012.0034,0,OK
16196951374057561066,FR15_ABOM09082020078,17,SUSPECT
16202394311163943592,FR15ABOM210821014,11,SUSPECT
16203069572316905823,ABAURA8201,15,SUSPECT
16207916280190836082,ABAURA8238a,0,OK
16238457252359875927,FR73ABOM120722026,0,OK
16251315738151685690,N205,16,SUSPECT
16296979967461368454,ABAURA8625,16,SUSPECT
16297726728680851634,CD388623c,17,SUSPECT
16304179662700664664,ABAURA8867,17,SUSPECT
16304513702576030039,CollecYvan14,0,OK
16311693008355169269,ABAURA8228b,0,OK
16316882401233207068,FR04ABOM220722087,17,SUSPECT
16320268705175796931,FR15ABOM210822014,0,OK
16321221480828265719,OPIE_Lapi_130720d,0,OK
16333598839502411327,FR15ABOM210821143,0,OK
16343225454567237851,FR15ABOM200722062,0,OK
16346369455160545228,15L2021-1483,0,OK
16351640621419674550,OPIE_Lapi_A1,0,OK
16359896801608042918,ABAURA8238e,18,SUSPECT
16372845976200964915,FR73ABOM140722033,0,OK
16386254937420657447,OPIE_Lapi_220620,0,OK
16394453056544316042,CD388821d,17,SUSPECT
16395620287766111251,POLLINIS4981,16,SUSPECT
16398692461378353532,CD387770c,0,OK
16401019261130933774,CD388018e,8,OK
16405595808213486253,ABAURA8205d,0,OK
16408695688117141087,FR15ABOM170821009,0,OK
16409845328286265276,CD387759,0,OK
16421463746636203659,FR73ABOM200722039,0,OK
16424476867620299435,FR73ABOM130722005,0,OK
16428271959601214815,CD388872c,0,OK
16432118847832897666,CD388018c,0,OK
16436650557141525292,FR05ABOM220722026,0,OK
16437171402251509078,2019.02059,0,OK
16446475396244798968,FR15ABOM220821085,15,SUSPECT
16453952091326887038,N126,0,OK
16463428012999499239,FR73ABOM130722017,0,OK
16465789111047083848,FR73ABOM120722026,0,OK
16469598545025050946,2019.02167,17,SUSPECT
16478296944343896150,FR73ABOM200722032,0,OK
16488960580832802508,OPIE_Lapi_78V,0,OK
16490176861969485648,2012.0034,0,OK
16494251722596647676,CollecYvan23,1,OK
16495546506821721420,15L2021-1742,0,OK
16502533744287951484,FR73ABOM130722004,0,OK
16507331848234018236,ABAURA8852,0,OK
16508764248659495142,VAN-2019.00781,0,OK
16514351038437959133,N385,17,SUSPECT
16517355837065844821,FR73ABOM120722042,0,OK
16524577850280173422,ABAURA8212,1,OK
16526571799868421984,CD387804c,0,OK
16561984765056967383,OPIE_Lapi_030803b,0,OK
16574512717425868302,CD388821e,0,OK
16596571706680945053,ABAURA8747,0,OK
16599338048293154444,FR15_ABOM09082020078,17,SUSPECT
16607900361896173033,FR15ABOM200722062,0,OK
16613493711536970306,OPIE_Lapi_070820b,0,OK
16620838464769838669,CD388229,17,SUSPECT
16630824908562209309,CollecYvan2,2,OK
16631316732820643317,FR73ABOM120722118,0,OK
16638629902696662646,OPIE_Lapi_220620c,0,OK
16644326725733266147,FR73ABOM150722006,0,OK
16653318729972869280,CD387766b,8,OK
16660951215318856011,CollecYvan3,0,OK
16672921795240961542,FR04ABOM220722046,0,OK
16675466646312780093,ABAURA8240c,16,SUSPECT
16675944961967906105,CD388769,0,OK
16675948071780290090,2020.04010,0,OK
16680191305374150532,FR15ABOM170821029,16,SUSPECT
16680750674837869661,CollecYvan10,0,OK
16694468685789062248,FR15ABOM210821043,0,OK
16698509250193747587,CD388623e,1,OK
16701214976973088252,OPIE_Lapi_130720d,0,OK
16705708635522461830,FR15ABOM210821137,0,OK
16707849194601848084,FR73ABOM140722039,17,SUSPECT
16708048678837526559,FR15_ABOM30072020045,11,SUSPECT
16727345702926680806,FR15AB100518002,9,OK
16733604243762611867,CD388018c,0,OK
16733858700260928925,2019.00316,0,OK
16734072993356203499,FR73ABOM130722009,0,OK
16752805024881703249,FR73ABOM140722011,0,OK
16755267735539997371,FR05ABOM220722025,8,OK
16755662114261875759,FR73ABOM200722038,0,OK
16777986075100037823,FR04ABOM220722047,16,SUSPECT
16780731059471109679,2020.06207,0,OK
16786656607870682663,FR15ABOM100721047,0,OK
16815291566802955762,ABAURA4936,8,OK
16815469445730459488,CD387759,0,OK
16822010567624196650,FR73ABOM140722032,0,OK
16822283353259740539,FR15ABOO0712002,0,OK
16833085904939861550,ABAURA8205d,10,SUSPECT
16838485618614444213,OPIE_Lapi_070820,0,OK
16844833919812622247,NoName4,0,OK
16847598211411748902,FR15ABOM210821112,0,OK
16849103402185540890,FR73ABOM130722062,0,OK
16855648817276796100,VAN-2019.00785,7,OK
16869339275346130896,CD388229,16,SUSPECT
16875483641302264248,N384,16,SUSPECT
16885446642006470126,FR73ABOM200722041,2,OK
16888877828649544444,15L2021-1731,0,OK
16909436999216237321,ABAURA8526,17,SUSPECT
16924639078120722274,2020.04013,0,OK
16925399303500923042,CD388865c,0,OK
16940493039384009829,FR05ABOM220722024,0,OK
16943551158176401432,FR15_ABOM170820030,0,OK
16948098742758701658,FR73ABOM140722011,0,OK
16949593523166142517,CollecYvan10,0,OK
16959741797534013896,FR15ABOM170821009,0,OK
16959818015997864514,FR15_ABOM023082020028,0,OK
16960526325327116886,15L2021-1420,7,OK
16963328954578738089,CD388003,8,OK
16973868834033654917,VAN-2019.00788,0,OK
16974509606281494297,FR15_ABOM30072020048,0,OK
16979642948379376246,CD388235,0,OK
16979789206961234362,15L2021-1739,0,OK
16994765793205216682,CD388861,0,OK
16996964988544351129,ABAURA8885f,0,OK
16998786198918144079,15L2021-1585,18,SUSPECT
17003129789931577422,ABAURA8207d,10,SUSPECT
17063377623595019950,FR15_ABOM30072020071,0,OK
17063482258540787375,UBC-2011.0157,0,OK
17072520999875155905,FR73ABOM150722001,0,OK
17073900498154700314,VAN-2019.00822,0,OK
17077223172855498581,CD388862b,0,OK
17080289860009782926,FR04ABOM220722087,17,SUSPECT
17080618423781138668,CD388862,16,SUSPECT
17084262798713578493,FR05ABOM220722028,9,OK
17087282167265632788,FR73ABOM130722041,0,OK
17104438858040881352,FR15ABOM170821029,15,SUSPECT
17106844596510695474,OPIE_Lapi_78V,0,OK
17115332749961642943,CD388145,0,OK
17117675943247874051,ABAURA4928,13,SUSPECT
17120837475048631825,POLLINIS4415,1,OK
17139100842614458738,CD387287,0,OK
17151220159838384793,FR15ABOM100721047,0,OK
17156881534877492885,ABAURA8885f,0,OK
17164973046925464122,ABAURA8212,2,OK
17168979853839158820,2007.0008,0,OK
17170069585050864059,2019.02118,0,OK
17185318860190345783,CollecYvan3,0,OK
17188890859212172320,CD388865c,0,OK
17194319238500220893,CollecYvan17,1,OK
17220902173783605090,CollecYvan14,3,OK
17222089007186733300,ABAURA8150c,13,SUSPECT
17231998146044439190,ABAURA8239d,14,SUSPECT
17232160554741609805,FR73ABOM130722001,17,SUSPECT
17237275053163657512,FR73ABOM130722046,0,OK
17239067350675053505,CD388865b,0,OK
17249670990417843475,OPIE_Lapi_060803,0,OK
17252966928244332752,FR04ABOM220722061,2,OK
17268736943750108210,D264520,15,SUSPECT
17280553297830018788,ABAURA7548,16,SUSPECT
17290701144872791727,2020.06348,0,OK
17303445896154942234,CD388821c,0,OK
17313160034745934906,OPIE_Lapi_070820b,2,OK
17321204560627205812,FR73ABOM130722037,0,OK
17326814375730752245,2020.03930,0,OK
17339811373328032928,CEN187839,0,OK
17353912503969821531,CD388229,0,OK
17358828493000959924,FR15ABOM210821107,11,SUSPECT
17368568262921173517,FR15_ABOM30072020036,2,OK
17371139915028089675,VAN-2019.00822,0,OK
17371808809366885428,ABB.2017.20260,0,OK
17375334099209028129,FR73ABOM200722029,0,OK
17376026239998749188,VAN-2019.00795,0,OK
17385691677667242147,FR15AB100518002,9,OK
17395553729848251592,OPIE_Lapi_260620,0,OK
17395812312018699925,POLLINIS4351,17,SUSPECT
17416518080307333316,FR15ABOM150720008,10,SUSPECT
17419254250529995378,ABAURA8625,16,SUSPECT
17427154068526434684,ABAURA8602,7,OK
17452229550126443279,CD387804,0,OK
17468277724805946756,FR73ABOM130722006,2,OK
17469394408323356286,FR73ABOM130722004,0,OK
17491134723273624851,FR15ABOM210821211,0,OK
17504534922929607256,FR15ABOM210821210,0,OK
17508865705987056890,FR15ABOM200821126,11,SUSPECT
17511814551023300303,OPIE_Lapi_220620d,0,OK
17519243263782752332,FR73ABOM130722029,2,OK
17546950050206405817,CD388769,0,OK
17562384825892435667,2020.06244,7,OK
17564403411422780866,OPIE_Lapi_A1,2,OK
17579396684876061466,15G2021-1826,0,OK
17583988415956949795,FR04ABOM220722060,2,OK
17589970643920631955,POLLINIS5983,0,OK
17594514395115013427,ABAURA4915,0,OK
17617510186711197239,FR15ABOM200821010,0,OK
17619204937342276850,FR15_ABOM30072020040,0,OK
17631484052399762365,ABAURA4936,0,OK
17636596029496133652,CD388003b,8,OK
17638932926637058651,POLLINIS4351,0,OK
17642965839885568560,OPIE_Lapi_290602,0,OK
17644900106781675922,FR15ABOM170821123,0,OK
17645276378677166937,2013.0265,6,OK
17660267445768213721,FR73ABOM130722065,2,OK
17697941259468908645,OPIE_Lapi_070820b,3,OK
17698675624048532971,CD388865,18,SUSPECT
17706079596766708461,FR73ABOM130722002,0,OK
17755715947490076711,N205,16,SUSPECT
17758657132897350379,2020.00254,0,OK
17762086171621820259,CollecYvan18,0,OK
17772955767634332727,FR73ABOM130722004,0,OK
17776888108899539786,FR73ABOM120722026,0,OK
17779672337669113627,FR73ABOM130722027,0,OK
17786409139000393327,CD388861b,0,OK
17788050134060433731,OPIE_Lapi_260620b,0,OK
17802314544776824990,ABAURA7155,0,OK
17807217619226135544,FR73ABOM120722072,0,OK
17813796247005251307,CollecYvan23,0,OK
17829078765641425872,OPIE_Lapi_100803,0,OK
17842027799636431468,FR73ABOM140722033,0,OK
17843617401079204176,OPIE_Lapi_A1,2,OK
17867891462199803121,ABAURA8239c,0,OK
17871194564242911255,CollecYvan1,0,OK
17871906371351471218,OPIE_Lapi_A1b,0,OK
17873528118524233025,ABAURA8228,16,SUSPECT
17875196050790482763,FR73ABOM140722032,0,OK
17888046943273620993,ABAURA8205b,0,OK
17907714624414326799,ABAURA8207f,14,SUSPECT
17919434666434654698,FR15_AB210818002,1,OK
17923087227632704350,FR73ABOM120722070,0,OK
17929207090003578396,ABAURA8240d,0,OK
17935698370918000178,FR73ABOM200722037,0,OK
17952411337465259657,FR04ABOM220722092,2,OK
17965799929326399117,ABAURA8627,0,OK
17976593726719967426,FR15_ABOM170820030,0,OK
17992021872054702550,2020.04010,0,OK
17995003911806032329,FR15_ABOM180720053,0,OK
18013555948392001387,FR15_ABOM180720047,8,OK
18016639946553715165,2020.03936,0,OK
18040234648770755165,FR73ABOM120722026,0,OK
18041860063212628347,FR15ABOM130722047,1,OK
18045874249426463301,UBC-2011.0157,3,OK
18048311132845669114,CollecYvan16,0,OK
18053326898124236103,BAR-2018.00332,0,OK
18060944006453231708,CD388391b,14,SUSPECT
18064575078178613602,ABAURA8885e,0,OK
18067100797757261224,CollecYvan3,0,OK
18084891762095178530,CollecYvan12,15,SUSPECT
18098551061079098329,FR15_ABOM170820030,0,OK
18104237053576825670,VAN-2019.00788,0,OK
18106247724979985847,CD388860b,17,SUSPECT
18110550852945602115,OPIE_Lapi_130720c,16,SUSPECT
18154967662674216953,ABAURA8240b,0,OK
18182759656790015898,OPIE_Lapi_220620b,16,SUSPECT
18186191337053409040,FR15ABOM150821068,0,OK
18197264696173402221,15L2021-1741,0,OK
18212851029935152821,RuppSupp1,9,OK
18213844642361521434,FR15ABOM210822015,11,SUSPECT
18216319590282912808,FR04ABOM220722057,8,OK
18221946962941267540,OPIE_Lapi_100820,0,OK
18222521294805629996,ABB-2020.00038,0,OK
18224702094261534122,CD387324,0,OK
18242653903525580245,2020.06348,0,OK
18257126202762496527,NoName10,2,OK
18262559043454182622,FR73ABOM140722032,2,OK
18272533161160438331,2020.03936,0,OK
18272709458591792038,FR15ABOM210821115,0,OK
18283501230397119347,15L2021-1758,0,OK
18285328383153472931,ABAURA5591,0,OK
18295379852966841184,2017.06254,0,OK
18300425592504690491,CD388821c,17,SUSPECT
18316385512104313731,15L2021-1483,0,OK
18328195076237996129,CD388235b,0,OK
18333295537366889428,CD388391b,0,OK
18348742801286837667,FR15_ABOM14080820006,0,OK
18356921458218414055,NoName13,0,OK
18358784772757136902,CD387770d,0,OK
18358812483618062968,ABAURA7781,1,OK
18360394438883196083,FR15ABOM170821123,0,OK
18365558488915036245,OPIE_Lapi_110702,0,OK
18366550191491262226,CD388865e,16,SUSPECT
18377636827284766994,FR73ABOM120722118,1,OK
18380348950086442308,ABAURA8150c,0,OK
18395173149962731030,ABAURA8238d,2,OK
18417092667478853084,1036L,12,SUSPECT
18423684922071030775,FR04ABOM220722046,0,OK
18424555485357033477,POLLINIS4455,8,OK
18424712655289693375,FR15ABOM200821233,0,OK
18426178933808516708,OPIE_Lapi_E7,0,OK
18429387568416110124,OPIE_Lapi_130720,16,SUSPECT
18435345740564341017,2019.02073,0,OK
