id,image,cost,flagged
0,c:\Users\Jules\Documents\IEES\idmybee\data\images\crop\organized\Bombus_confusus\male\FR15_ABOM07082020038_P1.JPG,0.004553277423399001,False
1,c:\Users\Jules\Documents\IEES\idmybee\data\images\crop\organized\Bombus_confusus\male\FR15_ABOM07082020038_P2.JPG,0.004555217292366671,False
2,c:\Users\Jules\Documents\IEES\idmybee\data\images\crop\organized\Bombus_confusus\male\FR15_ABOM07082020038_S1.jpg,0.004556959127266057,False
3,c:\Users\Jules\Documents\IEES\idmybee\data\images\crop\organized\Bombus_confusus\male\FR15_ABOM07082020038_S2.jpg,0.004570224454486883,False
4,c:\Users\Jules\Documents\IEES\idmybee\data\images\crop\organized\Bombus_confusus\male\FR15_ABOM07082020038_S3.jpg,0.004568637969067622,False
5,c:\Users\Jules\Documents\IEES\idmybee\data\images\crop\organized\Bombus_confusus\male\FR15_ABOM07082020082_P1.JPG,0.004576847175165379,False
6,c:\Users\Jules\Documents\IEES\idmybee\data\images\crop\organized\Bombus_confusus\male\FR15_ABOM07082020082_P2.JPG,0.0045027193813263955,False
7,c:\Users\Jules\Documents\IEES\idmybee\data\images\crop\organized\Bombus_confusus\male\FR15_ABOM07082020082_S1.jpg,0.004529898077625585,False
8,c:\Users\Jules\Documents\IEES\idmybee\data\images\crop\organized\Bombus_confusus\male\FR15_ABOM07082020082_S2.jpg,0.004543095410754212,False
9,c:\Users\Jules\Documents\IEES\idmybee\data\images\crop\organized\Bombus_confusus\male\FR15_ABOM07082020082_S3.jpg,0.004499696674670527,False
10,c:\Users\Jules\Documents\IEES\idmybee\data\images\crop\organized\Bombus_confusus\male\FR15_ABOM080820007_P1.JPG,0.004840965893145659,False
11,c:\Users\Jules\Documents\IEES\idmybee\data\images\crop\organized\Bombus_confusus\male\FR15_ABOM080820007_P2.JPG,0.004795915610239233,False
12,c:\Users\Jules\Documents\IEES\idmybee\data\images\crop\organized\Bombus_confusus\male\FR15_ABOM080820007_S1.jpg,0.00483323824157064,False
13,c:\Users\Jules\Documents\IEES\idmybee\data\images\crop\organized\Bombus_confusus\male\FR15_ABOM080820007_S2.jpg,0.004883023949701458,False
14,c:\Users\Jules\Documents\IEES\idmybee\data\images\crop\organized\Bombus_confusus\male\FR15_ABOM080820007_S3.jpg,0.004827156676820021,False
15,c:\Users\Jules\Documents\IEES\idmybee\data\images\crop\organized\Bombus_confusus\male\FR15_ABOM080820039_P1.JPG,0.004685652135320665,False
16,c:\Users\Jules\Documents\IEES\idmybee\data\images\crop\organized\Bombus_confusus\male\FR15_ABOM080820039_P2.JPG,0.004708431440207383,False
17,c:\Users\Jules\Documents\IEES\idmybee\data\images\crop\organized\Bombus_confusus\male\FR15_ABOM080820039_S1.jpg,0.004740283407606519,False
18,c:\Users\Jules\Documents\IEES\idmybee\data\images\crop\organized\Bombus_confusus\male\FR15_ABOM080820039_S2.jpg,0.004713901081853509,False
19,c:\Users\Jules\Documents\IEES\idmybee\data\images\crop\organized\Bombus_confusus\male\FR15_ABOM080820039_S3.jpg,0.004723534341287703,False
20,c:\Users\Jules\Documents\IEES\idmybee\data\images\crop\organized\Bombus_confusus\male\FR15_ABOM090820071_P1.JPG,0.004414614747974292,False
21,c:\Users\Jules\Documents\IEES\idmybee\data\images\crop\organized\Bombus_confusus\male\FR15_ABOM090820071_P2.JPG,0.004450864786244455,False
22,c:\Users\Jules\Documents\IEES\idmybee\data\images\crop\organized\Bombus_confusus\male\FR15_ABOM090820071_S1.jpg,0.00443993391134188,False
23,c:\Users\Jules\Documents\IEES\idmybee\data\images\crop\organized\Bombus_confusus\male\FR15_ABOM090820071_S2.jpg,0.004466262645543255,False
24,c:\Users\Jules\Documents\IEES\idmybee\data\images\crop\organized\Bombus_confusus\male\FR15_ABOM090820071_S3.jpg,0.004495986745369836,False
25,c:\Users\Jules\Documents\IEES\idmybee\data\images\crop\organized\Bombus_confusus\male\FR15_ABOM14080820006_P1.JPG,0.004705516219397397,False
26,c:\Users\Jules\Documents\IEES\idmybee\data\images\crop\organized\Bombus_confusus\male\FR15_ABOM14080820006_P2.JPG,0.004747197318251276,False
27,c:\Users\Jules\Documents\IEES\idmybee\data\images\crop\organized\Bombus_confusus\male\FR15_ABOM14080820006_S1.jpg,0.004775783932390736,False
28,c:\Users\Jules\Documents\IEES\idmybee\data\images\crop\organized\Bombus_confusus\male\FR15_ABOM14080820006_S2.jpg,0.0047725295675939946,False
29,c:\Users\Jules\Documents\IEES\idmybee\data\images\crop\organized\Bombus_confusus\male\FR15_ABOM14080820006_S3.jpg,0.004753841664166844,False
30,c:\Users\Jules\Documents\IEES\idmybee\data\images\crop\organized\Bombus_confusus\male\FR15_ABOM170820009_P1.JPG,0.004731332869939004,False
31,c:\Users\Jules\Documents\IEES\idmybee\data\images\crop\organized\Bombus_confusus\male\FR15_ABOM170820009_P2.JPG,0.004752605462607643,False
32,c:\Users\Jules\Documents\IEES\idmybee\data\images\crop\organized\Bombus_confusus\male\FR15_ABOM170820009_S1.jpg,0.004691802695885006,False
33,c:\Users\Jules\Documents\IEES\idmybee\data\images\crop\organized\Bombus_confusus\male\FR15_ABOM170820009_S2.jpg,0.004734466555140762,False
34,c:\Users\Jules\Documents\IEES\idmybee\data\images\crop\organized\Bombus_confusus\male\FR15_ABOM170820009_S3.jpg,0.004712745262907689,False
35,c:\Users\Jules\Documents\IEES\idmybee\data\images\crop\organized\Bombus_confusus\male\FR15_ABOM170820030_P1.JPG,0.004707679690603237,False
36,c:\Users\Jules\Documents\IEES\idmybee\data\images\crop\organized\Bombus_confusus\male\FR15_ABOM170820030_P2.JPG,0.004736443308209959,False
37,c:\Users\Jules\Documents\IEES\idmybee\data\images\crop\organized\Bombus_confusus\male\FR15_ABOM170820030_S1.jpg,0.0046465037587334656,False
38,c:\Users\Jules\Documents\IEES\idmybee\data\images\crop\organized\Bombus_confusus\male\FR15_ABOM170820030_S2.jpg,0.004619385204014805,False
39,c:\Users\Jules\Documents\IEES\idmybee\data\images\crop\organized\Bombus_confusus\male\FR15_ABOM170820030_S3.jpg,0.004746576876722603,False
40,c:\Users\Jules\Documents\IEES\idmybee\data\images\crop\organized\Bombus_confusus\male\FR15ABOM150820018_P1.JPG,0.004620616713609958,False
41,c:\Users\Jules\Documents\IEES\idmybee\data\images\crop\organized\Bombus_confusus\male\FR15ABOM150820018_P2.JPG,0.0046586291957293885,False
42,c:\Users\Jules\Documents\IEES\idmybee\data\images\crop\organized\Bombus_confusus\male\FR15ABOM150820018_S1.jpg,0.00460042117743679,False
43,c:\Users\Jules\Documents\IEES\idmybee\data\images\crop\organized\Bombus_confusus\male\FR15ABOM150820018_S2.jpg,0.004570076370718288,False
44,c:\Users\Jules\Documents\IEES\idmybee\data\images\crop\organized\Bombus_confusus\male\FR15ABOM150820018_S3.jpg,0.004574229154061745,False
45,c:\Users\Jules\Documents\IEES\idmybee\data\images\crop\organized\Bombus_confusus\male\FR15ABOM170821029_P1.JPG,0.0046074075635415485,False
46,c:\Users\Jules\Documents\IEES\idmybee\data\images\crop\organized\Bombus_confusus\male\FR15ABOM170821029_P2.JPG,0.00456039076247365,False
47,c:\Users\Jules\Documents\IEES\idmybee\data\images\crop\organized\Bombus_confusus\male\FR15ABOM170821029_S1.jpg,0.00458361872811051,False
48,c:\Users\Jules\Documents\IEES\idmybee\data\images\crop\organized\Bombus_confusus\male\FR15ABOM170821029_S2.jpg,0.004611716421739459,False
49,c:\Users\Jules\Documents\IEES\idmybee\data\images\crop\organized\Bombus_confusus\male\FR15ABOM170821029_S3.jpg,0.004569273282701139,False
50,c:\Users\Jules\Documents\IEES\idmybee\data\images\crop\organized\Bombus_confusus\male\FR15ABOM210821137_P1.JPG,0.004652953885356944,False
51,c:\Users\Jules\Documents\IEES\idmybee\data\images\crop\organized\Bombus_confusus\male\FR15ABOM210821137_P2.JPG,0.004654398942953758,False
52,c:\Users\Jules\Documents\IEES\idmybee\data\images\crop\organized\Bombus_confusus\male\FR15ABOM210821137_S1.jpg,0.004640534389931186,False
53,c:\Users\Jules\Documents\IEES\idmybee\data\images\crop\organized\Bombus_confusus\male\FR15ABOM210821137_S2.jpg,0.0047215108875643405,False
54,c:\Users\Jules\Documents\IEES\idmybee\data\images\crop\organized\Bombus_confusus\male\FR15ABOM210821137_S3.jpg,0.004587598822369725,False
55,c:\Users\Jules\Documents\IEES\idmybee\data\images\crop\organized\Bombus_confusus\male\FR15ABOM210821139_P1.JPG,0.004704852639241501,False
56,c:\Users\Jules\Documents\IEES\idmybee\data\images\crop\organized\Bombus_confusus\male\FR15ABOM210821139_P2.JPG,0.004664425065481949,False
57,c:\Users\Jules\Documents\IEES\idmybee\data\images\crop\organized\Bombus_confusus\male\FR15ABOM210821139_S1.jpg,0.004671583308729748,False
58,c:\Users\Jules\Documents\IEES\idmybee\data\images\crop\organized\Bombus_confusus\male\FR15ABOM210821139_S2.jpg,0.004726910725702746,False
59,c:\Users\Jules\Documents\IEES\idmybee\data\images\crop\organized\Bombus_confusus\male\FR15ABOM210821139_S3.jpg,0.004664065661910894,False
60,c:\Users\Jules\Documents\IEES\idmybee\data\images\crop\organized\Bombus_confusus\male\FR15ABOM210821165_P1.JPG,0.004749108734142643,False
61,c:\Users\Jules\Documents\IEES\idmybee\data\images\crop\organized\Bombus_confusus\male\FR15ABOM210821165_P2.JPG,0.0055684509676777105,True
62,c:\Users\Jules\Documents\IEES\idmybee\data\images\crop\organized\Bombus_confusus\male\FR15ABOM210821165_S1.jpg,0.00450499599942011,False
63,c:\Users\Jules\Documents\IEES\idmybee\data\images\crop\organized\Bombus_confusus\male\FR15ABOM210821165_S2.jpg,0.00469044167584897,False
64,c:\Users\Jules\Documents\IEES\idmybee\data\images\crop\organized\Bombus_confusus\male\FR15ABOM210821165_S3.jpg,0.004624193353454519,False
65,c:\Users\Jules\Documents\IEES\idmybee\data\images\crop\organized\Bombus_confusus\male\FR15ABOM210821171_P1.JPG,0.00476709770513587,False
66,c:\Users\Jules\Documents\IEES\idmybee\data\images\crop\organized\Bombus_confusus\male\FR15ABOM210821171_P2.JPG,0.004720283190797134,False
67,c:\Users\Jules\Documents\IEES\idmybee\data\images\crop\organized\Bombus_confusus\male\FR15ABOM210821171_S1.jpg,0.0046719007464396094,False
68,c:\Users\Jules\Documents\IEES\idmybee\data\images\crop\organized\Bombus_confusus\male\FR15ABOM210821171_S2.jpg,0.0046581773966563305,False
69,c:\Users\Jules\Documents\IEES\idmybee\data\images\crop\organized\Bombus_confusus\male\FR15ABOM210821171_S3.jpg,0.004664008354249734,False
70,c:\Users\Jules\Documents\IEES\idmybee\data\images\crop\organized\Bombus_confusus\male\FR15ABOM210821210_P1.JPG,0.004350387889780125,False
71,c:\Users\Jules\Documents\IEES\idmybee\data\images\crop\organized\Bombus_confusus\male\FR15ABOM210821210_P2.JPG,0.00437696327057922,False
72,c:\Users\Jules\Documents\IEES\idmybee\data\images\crop\organized\Bombus_confusus\male\FR15ABOM210821210_S1.jpg,0.0044130426819029385,False
73,c:\Users\Jules\Documents\IEES\idmybee\data\images\crop\organized\Bombus_confusus\male\FR15ABOM210821210_S2.jpg,0.0044031984696034435,False
74,c:\Users\Jules\Documents\IEES\idmybee\data\images\crop\organized\Bombus_confusus\male\FR15ABOM210821210_S3.jpg,0.0044340857514622205,False
75,c:\Users\Jules\Documents\IEES\idmybee\data\images\crop\organized\Bombus_confusus\male\FR15ABOM210821212_P1.JPG,0.004705204076122803,False
76,c:\Users\Jules\Documents\IEES\idmybee\data\images\crop\organized\Bombus_confusus\male\FR15ABOM210821212_P2.JPG,0.004639333904223674,False
77,c:\Users\Jules\Documents\IEES\idmybee\data\images\crop\organized\Bombus_confusus\male\FR15ABOM210821212_S1.jpg,0.0046297330148260514,False
78,c:\Users\Jules\Documents\IEES\idmybee\data\images\crop\organized\Bombus_confusus\male\FR15ABOM210821212_S2.jpg,0.004631050107590028,False
79,c:\Users\Jules\Documents\IEES\idmybee\data\images\crop\organized\Bombus_confusus\male\FR15ABOM210821212_S3.jpg,0.0046796131859955055,False
80,c:\Users\Jules\Documents\IEES\idmybee\data\images\crop\organized\Bombus_confusus\male\FR15ABOM220821043_P1.JPG,0.0047412731183502305,False
81,c:\Users\Jules\Documents\IEES\idmybee\data\images\crop\organized\Bombus_confusus\male\FR15ABOM220821043_P2.JPG,0.004816541957076103,False
82,c:\Users\Jules\Documents\IEES\idmybee\data\images\crop\organized\Bombus_confusus\male\FR15ABOM220821043_S1.jpg,0.0047856812727149,False
83,c:\Users\Jules\Documents\IEES\idmybee\data\images\crop\organized\Bombus_confusus\male\FR15ABOM220821043_S2.jpg,0.004783772641337932,False
84,c:\Users\Jules\Documents\IEES\idmybee\data\images\crop\organized\Bombus_confusus\male\FR15ABOM220821043_S3.jpg,0.004776846667216492,False
85,c:\Users\Jules\Documents\IEES\idmybee\data\images\crop\organized\Bombus_confusus\male\FR15ABOM220821068_P1.JPG,0.004859568409774671,False
86,c:\Users\Jules\Documents\IEES\idmybee\data\images\crop\organized\Bombus_confusus\male\FR15ABOM220821068_P2.JPG,0.004833163347055355,False
87,c:\Users\Jules\Documents\IEES\idmybee\data\images\crop\organized\Bombus_confusus\male\FR15ABOM220821068_S1.jpg,0.004850067256005733,False
88,c:\Users\Jules\Documents\IEES\idmybee\data\images\crop\organized\Bombus_confusus\male\FR15ABOM220821068_S2.jpg,0.0048119720763605996,False
89,c:\Users\Jules\Documents\IEES\idmybee\data\images\crop\organized\Bombus_confusus\male\FR15ABOM220821068_S3.jpg,0.004857912893818164,False
90,c:\Users\Jules\Documents\IEES\idmybee\data\images\crop\organized\Bombus_confusus\male\FR15ABOM220821070_P1.JPG,0.0045293845448466695,False
91,c:\Users\Jules\Documents\IEES\idmybee\data\images\crop\organized\Bombus_confusus\male\FR15ABOM220821070_P2.JPG,0.00451823224201502,False
92,c:\Users\Jules\Documents\IEES\idmybee\data\images\crop\organized\Bombus_confusus\male\FR15ABOM220821070_S1.jpg,0.004528405712043669,False
93,c:\Users\Jules\Documents\IEES\idmybee\data\images\crop\organized\Bombus_confusus\male\FR15ABOM220821070_S2.jpg,0.0045598860035391845,False
94,c:\Users\Jules\Documents\IEES\idmybee\data\images\crop\organized\Bombus_confusus\male\FR15ABOM220821070_S3.jpg,0.00454645598889023,False
95,c:\Users\Jules\Documents\IEES\idmybee\data\images\crop\organized\Bombus_confusus\male\NoName8_P1.JPG,0.004473656261783911,False
96,c:\Users\Jules\Documents\IEES\idmybee\data\images\crop\organized\Bombus_confusus\male\NoName8_P2.JPG,0.004495539438786796,False
97,c:\Users\Jules\Documents\IEES\idmybee\data\images\crop\organized\Bombus_confusus\male\NoName8_S1.jpg,0.004439961781340121,False
98,c:\Users\Jules\Documents\IEES\idmybee\data\images\crop\organized\Bombus_confusus\male\NoName8_S2.jpg,0.004502361984487201,False
99,c:\Users\Jules\Documents\IEES\idmybee\data\images\crop\organized\Bombus_confusus\male\NoName8_S3.jpg,0.004446096006945908,False
100,c:\Users\Jules\Documents\IEES\idmybee\data\images\crop\organized\Bombus_confusus\queen\FR15ABOM060621003_P1.JPG,0.0049654443552283115,False
101,c:\Users\Jules\Documents\IEES\idmybee\data\images\crop\organized\Bombus_confusus\queen\FR15ABOM060621003_P2.JPG,0.004859107601987827,False
102,c:\Users\Jules\Documents\IEES\idmybee\data\images\crop\organized\Bombus_confusus\queen\FR15ABOM060621003_S1.jpg,0.004872694682741986,False
103,c:\Users\Jules\Documents\IEES\idmybee\data\images\crop\organized\Bombus_confusus\queen\FR15ABOM060621003_S2.jpg,0.004923987354350536,False
104,c:\Users\Jules\Documents\IEES\idmybee\data\images\crop\organized\Bombus_confusus\queen\FR15ABOM060621003_S3.jpg,0.004929349921604405,False
105,c:\Users\Jules\Documents\IEES\idmybee\data\images\crop\organized\Bombus_confusus\worker\CollecYvan10_P1.JPG,0.004532359374530821,False
106,c:\Users\Jules\Documents\IEES\idmybee\data\images\crop\organized\Bombus_confusus\worker\CollecYvan10_P2.JPG,0.004687541534874707,False
107,c:\Users\Jules\Documents\IEES\idmybee\data\images\crop\organized\Bombus_confusus\worker\CollecYvan10_S1.jpg,0.0045570301442472115,False
108,c:\Users\Jules\Documents\IEES\idmybee\data\images\crop\organized\Bombus_confusus\worker\CollecYvan10_S2.jpg,0.004565462814687723,False
109,c:\Users\Jules\Documents\IEES\idmybee\data\images\crop\organized\Bombus_confusus\worker\CollecYvan10_S3.jpg,0.004592545831141104,False
111,c:\Users\Jules\Documents\IEES\idmybee\data\images\crop\organized\Bombus_confusus\worker\CollecYvan11_P2.JPG,0.00477358900358162,False
113,c:\Users\Jules\Documents\IEES\idmybee\data\images\crop\organized\Bombus_confusus\worker\CollecYvan11_S2.jpg,0.00588884546515122,True
114,c:\Users\Jules\Documents\IEES\idmybee\data\images\crop\organized\Bombus_confusus\worker\CollecYvan11_S3.jpg,0.004797483090843666,False
115,c:\Users\Jules\Documents\IEES\idmybee\data\images\crop\organized\Bombus_confusus\worker\CollecYvan12_P1.JPG,0.004494588063441627,False
116,c:\Users\Jules\Documents\IEES\idmybee\data\images\crop\organized\Bombus_confusus\worker\CollecYvan12_P2.JPG,0.00461797841452968,False
117,c:\Users\Jules\Documents\IEES\idmybee\data\images\crop\organized\Bombus_confusus\worker\CollecYvan12_S1.jpg,0.004607620387021789,False
118,c:\Users\Jules\Documents\IEES\idmybee\data\images\crop\organized\Bombus_confusus\worker\CollecYvan12_S2.jpg,0.004636449111998238,False
119,c:\Users\Jules\Documents\IEES\idmybee\data\images\crop\organized\Bombus_confusus\worker\CollecYvan12_S3.jpg,0.004564412012714128,False
120,c:\Users\Jules\Documents\IEES\idmybee\data\images\crop\organized\Bombus_confusus\worker\CollecYvan8_P1.JPG,0.004444265674092034,False
121,c:\Users\Jules\Documents\IEES\idmybee\data\images\crop\organized\Bombus_confusus\worker\CollecYvan8_P2.JPG,0.004407420258038638,False
122,c:\Users\Jules\Documents\IEES\idmybee\data\images\crop\organized\Bombus_confusus\worker\CollecYvan8_S1.jpg,0.004380677972861472,False
123,c:\Users\Jules\Documents\IEES\idmybee\data\images\crop\organized\Bombus_confusus\worker\CollecYvan8_S2.jpg,0.004384276127982565,False
124,c:\Users\Jules\Documents\IEES\idmybee\data\images\crop\organized\Bombus_confusus\worker\CollecYvan8_S3.jpg,0.004400209467473915,False
125,c:\Users\Jules\Documents\IEES\idmybee\data\images\crop\organized\Bombus_confusus\worker\CollecYvan9_P1.JPG,0.004615383116124103,False
126,c:\Users\Jules\Documents\IEES\idmybee\data\images\crop\organized\Bombus_confusus\worker\CollecYvan9_P2.JPG,0.004718563660028482,False
127,c:\Users\Jules\Documents\IEES\idmybee\data\images\crop\organized\Bombus_confusus\worker\CollecYvan9_S1.jpg,0.004588348582866195,False
128,c:\Users\Jules\Documents\IEES\idmybee\data\images\crop\organized\Bombus_confusus\worker\CollecYvan9_S2.jpg,0.004702678082683058,False
129,c:\Users\Jules\Documents\IEES\idmybee\data\images\crop\organized\Bombus_confusus\worker\CollecYvan9_S3.jpg,0.004721138843487756,False
130,c:\Users\Jules\Documents\IEES\idmybee\data\images\crop\organized\Bombus_confusus\worker\FR15_ABOM023082020028_P1.JPG,0.004621185387303485,False
131,c:\Users\Jules\Documents\IEES\idmybee\data\images\crop\organized\Bombus_confusus\worker\FR15_ABOM023082020028_P2.JPG,0.004723086796145157,False
132,c:\Users\Jules\Documents\IEES\idmybee\data\images\crop\organized\Bombus_confusus\worker\FR15_ABOM023082020028_S1.jpg,0.004658089607116543,False
133,c:\Users\Jules\Documents\IEES\idmybee\data\images\crop\organized\Bombus_confusus\worker\FR15_ABOM023082020028_S2.jpg,0.004686801495402414,False
134,c:\Users\Jules\Documents\IEES\idmybee\data\images\crop\organized\Bombus_confusus\worker\FR15_ABOM023082020028_S3.jpg,0.00467062416020368,False
135,c:\Users\Jules\Documents\IEES\idmybee\data\images\crop\organized\Bombus_confusus\worker\FR15_ABOM07082020049_P1.JPG,0.0044462695646696505,False
136,c:\Users\Jules\Documents\IEES\idmybee\data\images\crop\organized\Bombus_confusus\worker\FR15_ABOM07082020049_P2.JPG,0.006492045983509821,True
137,c:\Users\Jules\Documents\IEES\idmybee\data\images\crop\organized\Bombus_confusus\worker\FR15_ABOM07082020049_S1.jpg,0.004471481166812629,False
138,c:\Users\Jules\Documents\IEES\idmybee\data\images\crop\organized\Bombus_confusus\worker\FR15_ABOM07082020049_S2.jpg,0.006411935556382234,True
139,c:\Users\Jules\Documents\IEES\idmybee\data\images\crop\organized\Bombus_confusus\worker\FR15_ABOM07082020049_S3.jpg,0.004404032620039634,False
140,c:\Users\Jules\Documents\IEES\idmybee\data\images\crop\organized\Bombus_confusus\worker\FR15_ABOM07082020062_P1.JPG,0.0063677612493439235,True
141,c:\Users\Jules\Documents\IEES\idmybee\data\images\crop\organized\Bombus_confusus\worker\FR15_ABOM07082020062_P2.JPG,0.004461252477863264,False
142,c:\Users\Jules\Documents\IEES\idmybee\data\images\crop\organized\Bombus_confusus\worker\FR15_ABOM07082020062_S1.jpg,0.004385004863219912,False
143,c:\Users\Jules\Documents\IEES\idmybee\data\images\crop\organized\Bombus_confusus\worker\FR15_ABOM07082020062_S2.jpg,0.006427339119262511,True
144,c:\Users\Jules\Documents\IEES\idmybee\data\images\crop\organized\Bombus_confusus\worker\FR15_ABOM07082020062_S3.jpg,0.004348159795152958,False
145,c:\Users\Jules\Documents\IEES\idmybee\data\images\crop\organized\Bombus_confusus\worker\FR15_ABOM09082020094_P1.JPG,0.004627604642252499,False
146,c:\Users\Jules\Documents\IEES\idmybee\data\images\crop\organized\Bombus_confusus\worker\FR15_ABOM09082020094_P2.JPG,0.006569544673165353,True
147,c:\Users\Jules\Documents\IEES\idmybee\data\images\crop\organized\Bombus_confusus\worker\FR15_ABOM09082020094_S1.jpg,0.004545277309177304,False
148,c:\Users\Jules\Documents\IEES\idmybee\data\images\crop\organized\Bombus_confusus\worker\FR15_ABOM09082020094_S2.jpg,0.004546000633631831,False
149,c:\Users\Jules\Documents\IEES\idmybee\data\images\crop\organized\Bombus_confusus\worker\FR15_ABOM09082020094_S3.jpg,0.004593476701675208,False
150,c:\Users\Jules\Documents\IEES\idmybee\data\images\crop\organized\Bombus_confusus\worker\FR15ABOM170821018_P1.JPG,0.004510540873558216,False
151,c:\Users\Jules\Documents\IEES\idmybee\data\images\crop\organized\Bombus_confusus\worker\FR15ABOM170821018_P2.JPG,0.004520211368303755,False
152,c:\Users\Jules\Documents\IEES\idmybee\data\images\crop\organized\Bombus_confusus\worker\FR15ABOM170821018_S1.jpg,0.004520939155618121,False
153,c:\Users\Jules\Documents\IEES\idmybee\data\images\crop\organized\Bombus_confusus\worker\FR15ABOM170821018_S2.jpg,0.004557173697481387,False
154,c:\Users\Jules\Documents\IEES\idmybee\data\images\crop\organized\Bombus_confusus\worker\FR15ABOM170821018_S3.jpg,0.0045401300918045595,False
155,c:\Users\Jules\Documents\IEES\idmybee\data\images\crop\organized\Bombus_confusus\worker\FR15ABOM170821115_P1.JPG,0.004548994979906459,False
156,c:\Users\Jules\Documents\IEES\idmybee\data\images\crop\organized\Bombus_confusus\worker\FR15ABOM170821115_P2.JPG,0.004587226722138151,False
157,c:\Users\Jules\Documents\IEES\idmybee\data\images\crop\organized\Bombus_confusus\worker\FR15ABOM170821115_S1.jpg,0.004581234016872398,False
158,c:\Users\Jules\Documents\IEES\idmybee\data\images\crop\organized\Bombus_confusus\worker\FR15ABOM170821115_S2.jpg,0.004607563825869257,False
159,c:\Users\Jules\Documents\IEES\idmybee\data\images\crop\organized\Bombus_confusus\worker\FR15ABOM170821115_S3.jpg,0.004641354654128244,False
160,c:\Users\Jules\Documents\IEES\idmybee\data\images\crop\organized\Bombus_confusus\worker\FR15ABOM170821120_P1.JPG,0.004530263173902522,False
161,c:\Users\Jules\Documents\IEES\idmybee\data\images\crop\organized\Bombus_confusus\worker\FR15ABOM170821120_P2.JPG,0.004600093430556238,False
162,c:\Users\Jules\Documents\IEES\idmybee\data\images\crop\organized\Bombus_confusus\worker\FR15ABOM170821120_S1.jpg,0.004427020336430963,False
163,c:\Users\Jules\Documents\IEES\idmybee\data\images\crop\organized\Bombus_confusus\worker\FR15ABOM170821120_S2.jpg,0.0045021523762077435,False
165,c:\Users\Jules\Documents\IEES\idmybee\data\images\crop\organized\Bombus_confusus\worker\FR15ABOM210821112_P1.JPG,0.00463454417351223,False
166,c:\Users\Jules\Documents\IEES\idmybee\data\images\crop\organized\Bombus_confusus\worker\FR15ABOM210821112_P2.JPG,0.004593817486369348,False
167,c:\Users\Jules\Documents\IEES\idmybee\data\images\crop\organized\Bombus_confusus\worker\FR15ABOM210821112_S1.jpg,0.004568759445440648,False
168,c:\Users\Jules\Documents\IEES\idmybee\data\images\crop\organized\Bombus_confusus\worker\FR15ABOM210821112_S2.jpg,0.0045527244544770785,False
169,c:\Users\Jules\Documents\IEES\idmybee\data\images\crop\organized\Bombus_confusus\worker\FR15ABOM210821112_S3.jpg,0.0046058256345102465,False
170,c:\Users\Jules\Documents\IEES\idmybee\data\images\crop\organized\Bombus_confusus\worker\FR15ABOM210821125_P1.JPG,0.004551432409430186,False
171,c:\Users\Jules\Documents\IEES\idmybee\data\images\crop\organized\Bombus_confusus\worker\FR15ABOM210821125_P2.JPG,0.004497888999482015,False
172,c:\Users\Jules\Documents\IEES\idmybee\data\images\crop\organized\Bombus_confusus\worker\FR15ABOM210821125_S1.jpg,0.004642311428153094,False
173,c:\Users\Jules\Documents\IEES\idmybee\data\images\crop\organized\Bombus_confusus\worker\FR15ABOM210821125_S2.jpg,0.00457418840920578,False
174,c:\Users\Jules\Documents\IEES\idmybee\data\images\crop\organized\Bombus_confusus\worker\FR15ABOM210821125_S3.jpg,0.004636140623154402,False
175,c:\Users\Jules\Documents\IEES\idmybee\data\images\crop\organized\Bombus_confusus\worker\FR15ABOM210821147_P1.JPG,0.0045827113800106685,False
176,c:\Users\Jules\Documents\IEES\idmybee\data\images\crop\organized\Bombus_confusus\worker\FR15ABOM210821147_P2.JPG,0.004526295129611613,False
177,c:\Users\Jules\Documents\IEES\idmybee\data\images\crop\organized\Bombus_confusus\worker\FR15ABOM210821147_S1.jpg,0.004596250707599918,False
178,c:\Users\Jules\Documents\IEES\idmybee\data\images\crop\organized\Bombus_confusus\worker\FR15ABOM210821147_S2.jpg,0.004581576249901389,False
179,c:\Users\Jules\Documents\IEES\idmybee\data\images\crop\organized\Bombus_confusus\worker\FR15ABOM210821147_S3.jpg,0.004547695794148602,False
180,c:\Users\Jules\Documents\IEES\idmybee\data\images\crop\organized\Bombus_confusus\worker\FR15ABOM210821211_P1.JPG,0.004567827277053773,False
181,c:\Users\Jules\Documents\IEES\idmybee\data\images\crop\organized\Bombus_confusus\worker\FR15ABOM210821211_P2.JPG,0.004543653060173435,False
182,c:\Users\Jules\Documents\IEES\idmybee\data\images\crop\organized\Bombus_confusus\worker\FR15ABOM210821211_S1.jpg,0.00453798119592184,False
183,c:\Users\Jules\Documents\IEES\idmybee\data\images\crop\organized\Bombus_confusus\worker\FR15ABOM210821211_S2.jpg,0.0045276923071599666,False
184,c:\Users\Jules\Documents\IEES\idmybee\data\images\crop\organized\Bombus_confusus\worker\FR15ABOM210821211_S3.jpg,0.004568859081534927,False
185,c:\Users\Jules\Documents\IEES\idmybee\data\images\crop\organized\Bombus_confusus\worker\FR15ABOM220821084_P1.JPG,0.0047225781226950155,False
186,c:\Users\Jules\Documents\IEES\idmybee\data\images\crop\organized\Bombus_confusus\worker\FR15ABOM220821084_P2.JPG,0.004780638030437058,False
187,c:\Users\Jules\Documents\IEES\idmybee\data\images\crop\organized\Bombus_confusus\worker\FR15ABOM220821084_S1.jpg,0.004619048567990617,False
188,c:\Users\Jules\Documents\IEES\idmybee\data\images\crop\organized\Bombus_confusus\worker\FR15ABOM220821084_S2.jpg,0.004754583495155408,False
189,c:\Users\Jules\Documents\IEES\idmybee\data\images\crop\organized\Bombus_confusus\worker\FR15ABOM220821084_S3.jpg,0.004738506181602556,False
190,c:\Users\Jules\Documents\IEES\idmybee\data\images\crop\organized\Bombus_confusus\worker\FR15ABOM220821085_P1.JPG,0.004645738541965698,False
191,c:\Users\Jules\Documents\IEES\idmybee\data\images\crop\organized\Bombus_confusus\worker\FR15ABOM220821085_P2.JPG,0.004706961909978507,False
192,c:\Users\Jules\Documents\IEES\idmybee\data\images\crop\organized\Bombus_confusus\worker\FR15ABOM220821085_S1.jpg,0.004604253155157628,False
193,c:\Users\Jules\Documents\IEES\idmybee\data\images\crop\organized\Bombus_confusus\worker\FR15ABOM220821085_S2.jpg,0.004602716355231557,False
194,c:\Users\Jules\Documents\IEES\idmybee\data\images\crop\organized\Bombus_confusus\worker\FR15ABOM220821085_S3.jpg,0.0046642055752831035,False
195,c:\Users\Jules\Documents\IEES\idmybee\data\images\crop\organized\Bombus_confusus\worker\NoName6_P1.JPG,0.004468157133108983,False
196,c:\Users\Jules\Documents\IEES\idmybee\data\images\crop\organized\Bombus_confusus\worker\NoName6_P2.JPG,0.00467264090174037,False
197,c:\Users\Jules\Documents\IEES\idmybee\data\images\crop\organized\Bombus_confusus\worker\NoName6_S1.jpg,0.004608382362048623,False
198,c:\Users\Jules\Documents\IEES\idmybee\data\images\crop\organized\Bombus_confusus\worker\NoName6_S2.jpg,0.004709674699035579,False
199,c:\Users\Jules\Documents\IEES\idmybee\data\images\crop\organized\Bombus_confusus\worker\NoName6_S3.jpg,0.00464235457521355,False
200,c:\Users\Jules\Documents\IEES\idmybee\data\images\crop\organized\Bombus_confusus\worker\NoName7_P1.JPG,0.004514520424651382,False
201,c:\Users\Jules\Documents\IEES\idmybee\data\images\crop\organized\Bombus_confusus\worker\NoName7_P2.JPG,0.0044836488474691745,False
202,c:\Users\Jules\Documents\IEES\idmybee\data\images\crop\organized\Bombus_confusus\worker\NoName7_S1.jpg,0.004518918856336005,False
203,c:\Users\Jules\Documents\IEES\idmybee\data\images\crop\organized\Bombus_confusus\worker\NoName7_S2.jpg,0.004573644101095473,False
204,c:\Users\Jules\Documents\IEES\idmybee\data\images\crop\organized\Bombus_confusus\worker\NoName7_S3.jpg,0.004532521960302941,False
205,c:\Users\Jules\Documents\IEES\idmybee\data\images\crop\organized\Bombus_lapidarius\male\OPIE_Lapi_030803_P1.JPG,0.004337045221606916,False
206,c:\Users\Jules\Documents\IEES\idmybee\data\images\crop\organized\Bombus_lapidarius\male\OPIE_Lapi_030803_P2.JPG,0.004342022931073458,False
207,c:\Users\Jules\Documents\IEES\idmybee\data\images\crop\organized\Bombus_lapidarius\male\OPIE_Lapi_030803_S1.jpg,0.00441143589499474,False
208,c:\Users\Jules\Documents\IEES\idmybee\data\images\crop\organized\Bombus_lapidarius\male\OPIE_Lapi_030803_S2.jpg,0.004387038564499721,False
209,c:\Users\Jules\Documents\IEES\idmybee\data\images\crop\organized\Bombus_lapidarius\male\OPIE_Lapi_030803_S3.jpg,0.004326969244770289,False
210,c:\Users\Jules\Documents\IEES\idmybee\data\images\crop\organized\Bombus_lapidarius\male\OPIE_Lapi_030803b_P1.JPG,0.00451309239359921,False
211,c:\Users\Jules\Documents\IEES\idmybee\data\images\crop\organized\Bombus_lapidarius\male\OPIE_Lapi_030803b_P2.JPG,0.004452310186615106,False
212,c:\Users\Jules\Documents\IEES\idmybee\data\images\crop\organized\Bombus_lapidarius\male\OPIE_Lapi_030803b_S1.jpg,0.004451729728422099,False
213,c:\Users\Jules\Documents\IEES\idmybee\data\images\crop\organized\Bombus_lapidarius\male\OPIE_Lapi_030803b_S2.jpg,0.004416318429438855,False
214,c:\Users\Jules\Documents\IEES\idmybee\data\images\crop\organized\Bombus_lapidarius\male\OPIE_Lapi_030803b_S3.jpg,0.004440353149293311,False
215,c:\Users\Jules\Documents\IEES\idmybee\data\images\crop\organized\Bombus_lapidarius\male\OPIE_Lapi_060803_P1.JPG,0.0042290197041259655,False
216,c:\Users\Jules\Documents\IEES\idmybee\data\images\crop\organized\Bombus_lapidarius\male\OPIE_Lapi_060803_P2.JPG,0.004197242820959171,False
217,c:\Users\Jules\Documents\IEES\idmybee\data\images\crop\organized\Bombus_lapidarius\male\OPIE_Lapi_060803_S1.jpg,0.004194069742099065,False
218,c:\Users\Jules\Documents\IEES\idmybee\data\images\crop\organized\Bombus_lapidarius\male\OPIE_Lapi_060803_S2.jpg,0.0043001464479000846,False
219,c:\Users\Jules\Documents\IEES\idmybee\data\images\crop\organized\Bombus_lapidarius\male\OPIE_Lapi_060803_S3.jpg,0.00427783716301645,False
220,c:\Users\Jules\Documents\IEES\idmybee\data\images\crop\organized\Bombus_lapidarius\male\OPIE_Lapi_070820_P1.JPG,0.004377845667754708,False
221,c:\Users\Jules\Documents\IEES\idmybee\data\images\crop\organized\Bombus_lapidarius\male\OPIE_Lapi_070820_P2.JPG,0.004385882550327573,False
222,c:\Users\Jules\Documents\IEES\idmybee\data\images\crop\organized\Bombus_lapidarius\male\OPIE_Lapi_070820_S1.jpg,0.004420171172286543,False
223,c:\Users\Jules\Documents\IEES\idmybee\data\images\crop\organized\Bombus_lapidarius\male\OPIE_Lapi_070820_S2.jpg,0.00433117664410242,False
224,c:\Users\Jules\Documents\IEES\idmybee\data\images\crop\organized\Bombus_lapidarius\male\OPIE_Lapi_070820_S3.jpg,0.004380975175105942,False
225,c:\Users\Jules\Documents\IEES\idmybee\data\images\crop\organized\Bombus_lapidarius\male\OPIE_Lapi_100803_P1.JPG,0.004393876959043329,False
226,c:\Users\Jules\Documents\IEES\idmybee\data\images\crop\organized\Bombus_lapidarius\male\OPIE_Lapi_100803_P2.JPG,0.0043860136387377435,False
227,c:\Users\Jules\Documents\IEES\idmybee\data\images\crop\organized\Bombus_lapidarius\male\OPIE_Lapi_100803_S1.jpg,0.004414416424663216,False
229,c:\Users\Jules\Documents\IEES\idmybee\data\images\crop\organized\Bombus_lapidarius\male\OPIE_Lapi_100803_S3.jpg,0.004379572157079754,False
230,c:\Users\Jules\Documents\IEES\idmybee\data\images\crop\organized\Bombus_lapidarius\male\OPIE_Lapi_100820_P1.JPG,0.00423708843572664,False
231,c:\Users\Jules\Documents\IEES\idmybee\data\images\crop\organized\Bombus_lapidarius\male\OPIE_Lapi_100820_P2.JPG,0.004301697869172239,False
232,c:\Users\Jules\Documents\IEES\idmybee\data\images\crop\organized\Bombus_lapidarius\male\OPIE_Lapi_100820_S1.jpg,0.004375459177598168,False
233,c:\Users\Jules\Documents\IEES\idmybee\data\images\crop\organized\Bombus_lapidarius\male\OPIE_Lapi_100820_S2.jpg,0.004257853454796372,False
234,c:\Users\Jules\Documents\IEES\idmybee\data\images\crop\organized\Bombus_lapidarius\male\OPIE_Lapi_100820_S3.jpg,0.004231992372699377,False
235,c:\Users\Jules\Documents\IEES\idmybee\data\images\crop\organized\Bombus_lapidarius\male\OPIE_Lapi_160720_P1.JPG,0.004723707947626946,False
236,c:\Users\Jules\Documents\IEES\idmybee\data\images\crop\organized\Bombus_lapidarius\male\OPIE_Lapi_160720_P2.JPG,0.0046789420237679045,False
237,c:\Users\Jules\Documents\IEES\idmybee\data\images\crop\organized\Bombus_lapidarius\male\OPIE_Lapi_160720_S1.jpg,0.004677307270939363,False
238,c:\Users\Jules\Documents\IEES\idmybee\data\images\crop\organized\Bombus_lapidarius\male\OPIE_Lapi_160720_S2.jpg,0.004717863761078747,False
239,c:\Users\Jules\Documents\IEES\idmybee\data\images\crop\organized\Bombus_lapidarius\male\OPIE_Lapi_160720_S3.jpg,0.004719463614020966,False
240,c:\Users\Jules\Documents\IEES\idmybee\data\images\crop\organized\Bombus_lapidarius\male\OPIE_Lapi_180702_P1.JPG,0.004417459153456167,False
241,c:\Users\Jules\Documents\IEES\idmybee\data\images\crop\organized\Bombus_lapidarius\male\OPIE_Lapi_180702_P2.JPG,0.004489562647358862,False
243,c:\Users\Jules\Documents\IEES\idmybee\data\images\crop\organized\Bombus_lapidarius\male\OPIE_Lapi_180702_S2.jpg,0.004576246949016536,False
244,c:\Users\Jules\Documents\IEES\idmybee\data\images\crop\organized\Bombus_lapidarius\male\OPIE_Lapi_180702_S3.jpg,0.004466608235007783,False
245,c:\Users\Jules\Documents\IEES\idmybee\data\images\crop\organized\Bombus_lapidarius\male\OPIE_Lapi_180703_P1.JPG,0.004272991423588294,False
246,c:\Users\Jules\Documents\IEES\idmybee\data\images\crop\organized\Bombus_lapidarius\male\OPIE_Lapi_180703_P2.JPG,0.004266546407728663,False
247,c:\Users\Jules\Documents\IEES\idmybee\data\images\crop\organized\Bombus_lapidarius\male\OPIE_Lapi_180703_S1.jpg,0.004255345847211674,False
248,c:\Users\Jules\Documents\IEES\idmybee\data\images\crop\organized\Bombus_lapidarius\male\OPIE_Lapi_180703_S2.jpg,0.0043250706623670886,False
249,c:\Users\Jules\Documents\IEES\idmybee\data\images\crop\organized\Bombus_lapidarius\male\OPIE_Lapi_180703_S3.jpg,0.004319602666588086,False
250,c:\Users\Jules\Documents\IEES\idmybee\data\images\crop\organized\Bombus_lapidarius\male\OPIE_Lapi_200703_P1.JPG,0.004476893431666858,False
251,c:\Users\Jules\Documents\IEES\idmybee\data\images\crop\organized\Bombus_lapidarius\male\OPIE_Lapi_200703_P2.JPG,0.004416456939463023,False
252,c:\Users\Jules\Documents\IEES\idmybee\data\images\crop\organized\Bombus_lapidarius\male\OPIE_Lapi_200703_S1.jpg,0.004443471304668118,False
253,c:\Users\Jules\Documents\IEES\idmybee\data\images\crop\organized\Bombus_lapidarius\male\OPIE_Lapi_200703_S2.jpg,0.004440180621846406,False
254,c:\Users\Jules\Documents\IEES\idmybee\data\images\crop\organized\Bombus_lapidarius\male\OPIE_Lapi_200703_S3.jpg,0.004478916061831708,False
255,c:\Users\Jules\Documents\IEES\idmybee\data\images\crop\organized\Bombus_lapidarius\male\OPIE_Lapi_200703b_P1.JPG,0.004689209096303725,False
256,c:\Users\Jules\Documents\IEES\idmybee\data\images\crop\organized\Bombus_lapidarius\male\OPIE_Lapi_200703b_P2.JPG,0.00462808334415741,False
257,c:\Users\Jules\Documents\IEES\idmybee\data\images\crop\organized\Bombus_lapidarius\male\OPIE_Lapi_200703b_S1.jpg,0.004652089532828207,False
258,c:\Users\Jules\Documents\IEES\idmybee\data\images\crop\organized\Bombus_lapidarius\male\OPIE_Lapi_200703b_S2.jpg,0.0046698445755224294,False
259,c:\Users\Jules\Documents\IEES\idmybee\data\images\crop\organized\Bombus_lapidarius\male\OPIE_Lapi_200703b_S3.jpg,0.004713639763123817,False
260,c:\Users\Jules\Documents\IEES\idmybee\data\images\crop\organized\Bombus_lapidarius\male\OPIE_Lapi_78V_P1.JPG,0.0044402894216867845,False
261,c:\Users\Jules\Documents\IEES\idmybee\data\images\crop\organized\Bombus_lapidarius\male\OPIE_Lapi_78V_P2.JPG,0.004491243500954153,False
262,c:\Users\Jules\Documents\IEES\idmybee\data\images\crop\organized\Bombus_lapidarius\male\OPIE_Lapi_78V_S1.jpg,0.004429836638335694,False
263,c:\Users\Jules\Documents\IEES\idmybee\data\images\crop\organized\Bombus_lapidarius\male\OPIE_Lapi_78V_S2.jpg,0.004489677386475062,False
264,c:\Users\Jules\Documents\IEES\idmybee\data\images\crop\organized\Bombus_lapidarius\male\OPIE_Lapi_78V_S3.jpg,0.004424604914090024,False
265,c:\Users\Jules\Documents\IEES\idmybee\data\images\crop\organized\Bombus_lapidarius\male\OPIE_Lapi_7B_P1.JPG,0.004632770814162449,False
266,c:\Users\Jules\Documents\IEES\idmybee\data\images\crop\organized\Bombus_lapidarius\male\OPIE_Lapi_7B_P2.JPG,0.004519923917718674,False
267,c:\Users\Jules\Documents\IEES\idmybee\data\images\crop\organized\Bombus_lapidarius\male\OPIE_Lapi_7B_S1.jpg,0.004493156207886222,False
268,c:\Users\Jules\Documents\IEES\idmybee\data\images\crop\organized\Bombus_lapidarius\male\OPIE_Lapi_7B_S2.jpg,0.004497250563959163,False
269,c:\Users\Jules\Documents\IEES\idmybee\data\images\crop\organized\Bombus_lapidarius\male\OPIE_Lapi_7B_S3.jpg,0.004571970225935335,False
270,c:\Users\Jules\Documents\IEES\idmybee\data\images\crop\organized\Bombus_lapidarius\male\OPIE_Lapi_95C_P1.JPG,0.004349916289055279,False
271,c:\Users\Jules\Documents\IEES\idmybee\data\images\crop\organized\Bombus_lapidarius\male\OPIE_Lapi_95C_P2.JPG,0.004357116644852722,False
272,c:\Users\Jules\Documents\IEES\idmybee\data\images\crop\organized\Bombus_lapidarius\male\OPIE_Lapi_95C_S1.jpg,0.004389404098293098,False
273,c:\Users\Jules\Documents\IEES\idmybee\data\images\crop\organized\Bombus_lapidarius\male\OPIE_Lapi_95C_S2.jpg,0.0044104070357719564,False
274,c:\Users\Jules\Documents\IEES\idmybee\data\images\crop\organized\Bombus_lapidarius\male\OPIE_Lapi_95C_S3.jpg,0.0042875590276989246,False
275,c:\Users\Jules\Documents\IEES\idmybee\data\images\crop\organized\Bombus_lapidarius\male\OPIE_Lapi_A1_P1.JPG,0.00460484177103936,False
276,c:\Users\Jules\Documents\IEES\idmybee\data\images\crop\organized\Bombus_lapidarius\male\OPIE_Lapi_A1_P2.JPG,0.004583373328233128,False
277,c:\Users\Jules\Documents\IEES\idmybee\data\images\crop\organized\Bombus_lapidarius\male\OPIE_Lapi_A1_S1.jpg,0.004595972054367758,False
278,c:\Users\Jules\Documents\IEES\idmybee\data\images\crop\organized\Bombus_lapidarius\male\OPIE_Lapi_A1_S2.jpg,0.0045820477867561955,False
279,c:\Users\Jules\Documents\IEES\idmybee\data\images\crop\organized\Bombus_lapidarius\male\OPIE_Lapi_A1_S3.jpg,0.0047182724397246455,False
280,c:\Users\Jules\Documents\IEES\idmybee\data\images\crop\organized\Bombus_lapidarius\male\OPIE_Lapi_A1b_P1.JPG,0.0045300320887226055,False
281,c:\Users\Jules\Documents\IEES\idmybee\data\images\crop\organized\Bombus_lapidarius\male\OPIE_Lapi_A1b_P2.JPG,0.0043968119359715065,False
282,c:\Users\Jules\Documents\IEES\idmybee\data\images\crop\organized\Bombus_lapidarius\male\OPIE_Lapi_A1b_S1.jpg,0.004422382980683423,False
283,c:\Users\Jules\Documents\IEES\idmybee\data\images\crop\organized\Bombus_lapidarius\male\OPIE_Lapi_A1b_S2.jpg,0.004396134525152449,False
284,c:\Users\Jules\Documents\IEES\idmybee\data\images\crop\organized\Bombus_lapidarius\male\OPIE_Lapi_A1b_S3.jpg,0.004359134515145608,False
285,c:\Users\Jules\Documents\IEES\idmybee\data\images\crop\organized\Bombus_lapidarius\male\OPIE_Lapi_B2_P1.JPG,0.004599514518681341,False
286,c:\Users\Jules\Documents\IEES\idmybee\data\images\crop\organized\Bombus_lapidarius\male\OPIE_Lapi_B2_P2.JPG,0.004647839495414078,False
287,c:\Users\Jules\Documents\IEES\idmybee\data\images\crop\organized\Bombus_lapidarius\male\OPIE_Lapi_B2_S1.jpg,0.0045646311349404846,False
288,c:\Users\Jules\Documents\IEES\idmybee\data\images\crop\organized\Bombus_lapidarius\male\OPIE_Lapi_B2_S2.jpg,0.004665259364281317,False
289,c:\Users\Jules\Documents\IEES\idmybee\data\images\crop\organized\Bombus_lapidarius\male\OPIE_Lapi_B2_S3.jpg,0.004629941979151919,False
290,c:\Users\Jules\Documents\IEES\idmybee\data\images\crop\organized\Bombus_lapidarius\male\OPIE_Lapi_B2b_P1.JPG,0.004839365755666414,False
291,c:\Users\Jules\Documents\IEES\idmybee\data\images\crop\organized\Bombus_lapidarius\male\OPIE_Lapi_B2b_P2.JPG,0.004850825910482278,False
292,c:\Users\Jules\Documents\IEES\idmybee\data\images\crop\organized\Bombus_lapidarius\male\OPIE_Lapi_B2b_S1.jpg,0.0048863891034697715,False
293,c:\Users\Jules\Documents\IEES\idmybee\data\images\crop\organized\Bombus_lapidarius\male\OPIE_Lapi_B2b_S2.jpg,0.004787063064530476,False
294,c:\Users\Jules\Documents\IEES\idmybee\data\images\crop\organized\Bombus_lapidarius\male\OPIE_Lapi_B2b_S3.jpg,0.004893897964411795,False
295,c:\Users\Jules\Documents\IEES\idmybee\data\images\crop\organized\Bombus_lapidarius\male\OPIE_Lapi_D1_P1.JPG,0.0045406475168164396,False
297,c:\Users\Jules\Documents\IEES\idmybee\data\images\crop\organized\Bombus_lapidarius\male\OPIE_Lapi_D1_S1.jpg,0.004483849411848159,False
298,c:\Users\Jules\Documents\IEES\idmybee\data\images\crop\organized\Bombus_lapidarius\male\OPIE_Lapi_D1_S2.jpg,0.004501628934023914,False
299,c:\Users\Jules\Documents\IEES\idmybee\data\images\crop\organized\Bombus_lapidarius\male\OPIE_Lapi_D1_S3.jpg,0.0043534601861085235,False
300,c:\Users\Jules\Documents\IEES\idmybee\data\images\crop\organized\Bombus_lapidarius\male\OPIE_Lapi_E7_P1.JPG,0.004332038551954048,False
301,c:\Users\Jules\Documents\IEES\idmybee\data\images\crop\organized\Bombus_lapidarius\male\OPIE_Lapi_E7_P2.JPG,0.004413107859085719,False
302,c:\Users\Jules\Documents\IEES\idmybee\data\images\crop\organized\Bombus_lapidarius\male\OPIE_Lapi_E7_S1.jpg,0.004342741587155955,False
303,c:\Users\Jules\Documents\IEES\idmybee\data\images\crop\organized\Bombus_lapidarius\male\OPIE_Lapi_E7_S2.jpg,0.004409688708321267,False
304,c:\Users\Jules\Documents\IEES\idmybee\data\images\crop\organized\Bombus_lapidarius\male\OPIE_Lapi_E7_S3.jpg,0.004388236573649358,False
305,c:\Users\Jules\Documents\IEES\idmybee\data\images\crop\organized\Bombus_lapidarius\male\OPIE_Lapi_H1_P1.JPG,0.004130120346174746,False
306,c:\Users\Jules\Documents\IEES\idmybee\data\images\crop\organized\Bombus_lapidarius\male\OPIE_Lapi_H1_P2.JPG,0.004132225294377257,False
307,c:\Users\Jules\Documents\IEES\idmybee\data\images\crop\organized\Bombus_lapidarius\male\OPIE_Lapi_H1_S1.jpg,0.004070843851536314,False
308,c:\Users\Jules\Documents\IEES\idmybee\data\images\crop\organized\Bombus_lapidarius\male\OPIE_Lapi_H1_S2.jpg,0.004232955842730174,False
309,c:\Users\Jules\Documents\IEES\idmybee\data\images\crop\organized\Bombus_lapidarius\male\OPIE_Lapi_H1_S3.jpg,0.004126043600541592,False
310,c:\Users\Jules\Documents\IEES\idmybee\data\images\crop\organized\Bombus_lapidarius\worker\OPIE_Lapi_070820b_P1.JPG,0.004673100990999975,False
311,c:\Users\Jules\Documents\IEES\idmybee\data\images\crop\organized\Bombus_lapidarius\worker\OPIE_Lapi_070820b_P2.JPG,0.004653361320837416,False
312,c:\Users\Jules\Documents\IEES\idmybee\data\images\crop\organized\Bombus_lapidarius\worker\OPIE_Lapi_070820b_S1.jpg,0.0046223457469090545,False
313,c:\Users\Jules\Documents\IEES\idmybee\data\images\crop\organized\Bombus_lapidarius\worker\OPIE_Lapi_070820b_S2.jpg,0.004644798527971967,False
314,c:\Users\Jules\Documents\IEES\idmybee\data\images\crop\organized\Bombus_lapidarius\worker\OPIE_Lapi_070820b_S3.jpg,0.00464273635114345,False
315,c:\Users\Jules\Documents\IEES\idmybee\data\images\crop\organized\Bombus_lapidarius\worker\OPIE_Lapi_110702_P1.JPG,0.004738135217094139,False
316,c:\Users\Jules\Documents\IEES\idmybee\data\images\crop\organized\Bombus_lapidarius\worker\OPIE_Lapi_110702_P2.JPG,0.004697589324555363,False
317,c:\Users\Jules\Documents\IEES\idmybee\data\images\crop\organized\Bombus_lapidarius\worker\OPIE_Lapi_110702_S1.jpg,0.0047353213182957385,False
318,c:\Users\Jules\Documents\IEES\idmybee\data\images\crop\organized\Bombus_lapidarius\worker\OPIE_Lapi_110702_S2.jpg,0.004679175519236677,False
319,c:\Users\Jules\Documents\IEES\idmybee\data\images\crop\organized\Bombus_lapidarius\worker\OPIE_Lapi_110702_S3.jpg,0.004782656595892795,False
320,c:\Users\Jules\Documents\IEES\idmybee\data\images\crop\organized\Bombus_lapidarius\worker\OPIE_Lapi_130720_P1.JPG,0.004461657191778502,False
321,c:\Users\Jules\Documents\IEES\idmybee\data\images\crop\organized\Bombus_lapidarius\worker\OPIE_Lapi_130720_P2.JPG,0.004482628192885185,False
322,c:\Users\Jules\Documents\IEES\idmybee\data\images\crop\organized\Bombus_lapidarius\worker\OPIE_Lapi_130720_S1.jpg,0.004501025140336416,False
323,c:\Users\Jules\Documents\IEES\idmybee\data\images\crop\organized\Bombus_lapidarius\worker\OPIE_Lapi_130720_S2.jpg,0.004454482934999208,False
324,c:\Users\Jules\Documents\IEES\idmybee\data\images\crop\organized\Bombus_lapidarius\worker\OPIE_Lapi_130720_S3.jpg,0.004436771592252919,False
325,c:\Users\Jules\Documents\IEES\idmybee\data\images\crop\organized\Bombus_lapidarius\worker\OPIE_Lapi_130720b_P1.JPG,0.0043885876369080595,False
326,c:\Users\Jules\Documents\IEES\idmybee\data\images\crop\organized\Bombus_lapidarius\worker\OPIE_Lapi_130720b_P2.JPG,0.0043534244814395434,False
327,c:\Users\Jules\Documents\IEES\idmybee\data\images\crop\organized\Bombus_lapidarius\worker\OPIE_Lapi_130720b_S1.jpg,0.00436570089606967,False
328,c:\Users\Jules\Documents\IEES\idmybee\data\images\crop\organized\Bombus_lapidarius\worker\OPIE_Lapi_130720b_S2.jpg,0.004328026610589137,False
329,c:\Users\Jules\Documents\IEES\idmybee\data\images\crop\organized\Bombus_lapidarius\worker\OPIE_Lapi_130720b_S3.jpg,0.004365304887622716,False
330,c:\Users\Jules\Documents\IEES\idmybee\data\images\crop\organized\Bombus_lapidarius\worker\OPIE_Lapi_130720c_P1.JPG,0.00467220092253128,False
331,c:\Users\Jules\Documents\IEES\idmybee\data\images\crop\organized\Bombus_lapidarius\worker\OPIE_Lapi_130720c_P2.JPG,0.004662040886103598,False
332,c:\Users\Jules\Documents\IEES\idmybee\data\images\crop\organized\Bombus_lapidarius\worker\OPIE_Lapi_130720c_S1.jpg,0.004678716514372883,False
333,c:\Users\Jules\Documents\IEES\idmybee\data\images\crop\organized\Bombus_lapidarius\worker\OPIE_Lapi_130720c_S2.jpg,0.004682273144359305,False
334,c:\Users\Jules\Documents\IEES\idmybee\data\images\crop\organized\Bombus_lapidarius\worker\OPIE_Lapi_130720c_S3.jpg,0.004678457502034212,False
335,c:\Users\Jules\Documents\IEES\idmybee\data\images\crop\organized\Bombus_lapidarius\worker\OPIE_Lapi_130720d_P1.JPG,0.004605071527832699,False
336,c:\Users\Jules\Documents\IEES\idmybee\data\images\crop\organized\Bombus_lapidarius\worker\OPIE_Lapi_130720d_P2.JPG,0.004599638718279507,False
337,c:\Users\Jules\Documents\IEES\idmybee\data\images\crop\organized\Bombus_lapidarius\worker\OPIE_Lapi_130720d_S1.jpg,0.004536373028217235,False
338,c:\Users\Jules\Documents\IEES\idmybee\data\images\crop\organized\Bombus_lapidarius\worker\OPIE_Lapi_130720d_S2.jpg,0.007069100212836684,True
339,c:\Users\Jules\Documents\IEES\idmybee\data\images\crop\organized\Bombus_lapidarius\worker\OPIE_Lapi_130720d_S3.jpg,0.004549022103628359,False
340,c:\Users\Jules\Documents\IEES\idmybee\data\images\crop\organized\Bombus_lapidarius\worker\OPIE_Lapi_160720b_P1.JPG,0.0046043297769224395,False
341,c:\Users\Jules\Documents\IEES\idmybee\data\images\crop\organized\Bombus_lapidarius\worker\OPIE_Lapi_160720b_P2.JPG,0.004633699938015271,False
342,c:\Users\Jules\Documents\IEES\idmybee\data\images\crop\organized\Bombus_lapidarius\worker\OPIE_Lapi_160720b_S1.jpg,0.004624428978789818,False
343,c:\Users\Jules\Documents\IEES\idmybee\data\images\crop\organized\Bombus_lapidarius\worker\OPIE_Lapi_160720b_S2.jpg,0.004654526513929439,False
344,c:\Users\Jules\Documents\IEES\idmybee\data\images\crop\organized\Bombus_lapidarius\worker\OPIE_Lapi_160720b_S3.jpg,0.004597820654243051,False
345,c:\Users\Jules\Documents\IEES\idmybee\data\images\crop\organized\Bombus_lapidarius\worker\OPIE_Lapi_200720_P1.JPG,0.0045454560376821315,False
346,c:\Users\Jules\Documents\IEES\idmybee\data\images\crop\organized\Bombus_lapidarius\worker\OPIE_Lapi_200720_P2.JPG,0.004586523011564387,False
347,c:\Users\Jules\Documents\IEES\idmybee\data\images\crop\organized\Bombus_lapidarius\worker\OPIE_Lapi_200720_S1.jpg,0.004575345460748,False
348,c:\Users\Jules\Documents\IEES\idmybee\data\images\crop\organized\Bombus_lapidarius\worker\OPIE_Lapi_200720_S2.jpg,0.004570825974897906,False
349,c:\Users\Jules\Documents\IEES\idmybee\data\images\crop\organized\Bombus_lapidarius\worker\OPIE_Lapi_200720_S3.jpg,0.004562044331929657,False
350,c:\Users\Jules\Documents\IEES\idmybee\data\images\crop\organized\Bombus_lapidarius\worker\OPIE_Lapi_220620_P1.JPG,0.0045285403168094755,False
351,c:\Users\Jules\Documents\IEES\idmybee\data\images\crop\organized\Bombus_lapidarius\worker\OPIE_Lapi_220620_P2.JPG,0.004528639008832897,False
352,c:\Users\Jules\Documents\IEES\idmybee\data\images\crop\organized\Bombus_lapidarius\worker\OPIE_Lapi_220620_S1.jpg,0.004497215420352956,False
353,c:\Users\Jules\Documents\IEES\idmybee\data\images\crop\organized\Bombus_lapidarius\worker\OPIE_Lapi_220620_S2.jpg,0.0046038934410256435,False
354,c:\Users\Jules\Documents\IEES\idmybee\data\images\crop\organized\Bombus_lapidarius\worker\OPIE_Lapi_220620_S3.jpg,0.004609665670383996,False
355,c:\Users\Jules\Documents\IEES\idmybee\data\images\crop\organized\Bombus_lapidarius\worker\OPIE_Lapi_220620b_P1.JPG,0.004297918917502421,False
356,c:\Users\Jules\Documents\IEES\idmybee\data\images\crop\organized\Bombus_lapidarius\worker\OPIE_Lapi_220620b_P2.JPG,0.004306411746440394,False
357,c:\Users\Jules\Documents\IEES\idmybee\data\images\crop\organized\Bombus_lapidarius\worker\OPIE_Lapi_220620b_S1.jpg,0.004324456795800809,False
358,c:\Users\Jules\Documents\IEES\idmybee\data\images\crop\organized\Bombus_lapidarius\worker\OPIE_Lapi_220620b_S2.jpg,0.004278340904539486,False
359,c:\Users\Jules\Documents\IEES\idmybee\data\images\crop\organized\Bombus_lapidarius\worker\OPIE_Lapi_220620b_S3.jpg,0.00442264997071872,False
360,c:\Users\Jules\Documents\IEES\idmybee\data\images\crop\organized\Bombus_lapidarius\worker\OPIE_Lapi_220620c_P1.JPG,0.004518671375183277,False
361,c:\Users\Jules\Documents\IEES\idmybee\data\images\crop\organized\Bombus_lapidarius\worker\OPIE_Lapi_220620c_P2.JPG,0.004531330588973298,False
362,c:\Users\Jules\Documents\IEES\idmybee\data\images\crop\organized\Bombus_lapidarius\worker\OPIE_Lapi_220620c_S1.jpg,0.004606642978711838,False
363,c:\Users\Jules\Documents\IEES\idmybee\data\images\crop\organized\Bombus_lapidarius\worker\OPIE_Lapi_220620c_S2.jpg,0.004616244042113966,False
364,c:\Users\Jules\Documents\IEES\idmybee\data\images\crop\organized\Bombus_lapidarius\worker\OPIE_Lapi_220620c_S3.jpg,0.004564889011837299,False
365,c:\Users\Jules\Documents\IEES\idmybee\data\images\crop\organized\Bombus_lapidarius\worker\OPIE_Lapi_220620d_P1.JPG,0.00451114448532881,False
366,c:\Users\Jules\Documents\IEES\idmybee\data\images\crop\organized\Bombus_lapidarius\worker\OPIE_Lapi_220620d_P2.JPG,0.004542787272265259,False
367,c:\Users\Jules\Documents\IEES\idmybee\data\images\crop\organized\Bombus_lapidarius\worker\OPIE_Lapi_220620d_S1.jpg,0.0044858223872021605,False
368,c:\Users\Jules\Documents\IEES\idmybee\data\images\crop\organized\Bombus_lapidarius\worker\OPIE_Lapi_220620d_S2.jpg,0.004518376402160498,False
369,c:\Users\Jules\Documents\IEES\idmybee\data\images\crop\organized\Bombus_lapidarius\worker\OPIE_Lapi_220620d_S3.jpg,0.004470957234597717,False
370,c:\Users\Jules\Documents\IEES\idmybee\data\images\crop\organized\Bombus_lapidarius\worker\OPIE_Lapi_230620_P1.JPG,0.004405545427907504,False
371,c:\Users\Jules\Documents\IEES\idmybee\data\images\crop\organized\Bombus_lapidarius\worker\OPIE_Lapi_230620_P2.JPG,0.00443034779700499,False
372,c:\Users\Jules\Documents\IEES\idmybee\data\images\crop\organized\Bombus_lapidarius\worker\OPIE_Lapi_230620_S1.jpg,0.004421610361564052,False
373,c:\Users\Jules\Documents\IEES\idmybee\data\images\crop\organized\Bombus_lapidarius\worker\OPIE_Lapi_230620_S2.jpg,0.004402609013996677,False
374,c:\Users\Jules\Documents\IEES\idmybee\data\images\crop\organized\Bombus_lapidarius\worker\OPIE_Lapi_230620_S3.jpg,0.00439751194074133,False
375,c:\Users\Jules\Documents\IEES\idmybee\data\images\crop\organized\Bombus_lapidarius\worker\OPIE_Lapi_230620b_P1.JPG,0.004558977211198169,False
376,c:\Users\Jules\Documents\IEES\idmybee\data\images\crop\organized\Bombus_lapidarius\worker\OPIE_Lapi_230620b_P2.JPG,0.004603324810769813,False
377,c:\Users\Jules\Documents\IEES\idmybee\data\images\crop\organized\Bombus_lapidarius\worker\OPIE_Lapi_230620b_S1.jpg,0.004725097798593991,False
378,c:\Users\Jules\Documents\IEES\idmybee\data\images\crop\organized\Bombus_lapidarius\worker\OPIE_Lapi_230620b_S2.jpg,0.004598362351284226,False
379,c:\Users\Jules\Documents\IEES\idmybee\data\images\crop\organized\Bombus_lapidarius\worker\OPIE_Lapi_230620b_S3.jpg,0.004600103201616112,False
380,c:\Users\Jules\Documents\IEES\idmybee\data\images\crop\organized\Bombus_lapidarius\worker\OPIE_Lapi_240620_P1.JPG,0.0044246953761927325,False
381,c:\Users\Jules\Documents\IEES\idmybee\data\images\crop\organized\Bombus_lapidarius\worker\OPIE_Lapi_240620_P2.JPG,0.004405383688106196,False
382,c:\Users\Jules\Documents\IEES\idmybee\data\images\crop\organized\Bombus_lapidarius\worker\OPIE_Lapi_240620_S1.jpg,0.0043969123024565964,False
383,c:\Users\Jules\Documents\IEES\idmybee\data\images\crop\organized\Bombus_lapidarius\worker\OPIE_Lapi_240620_S2.jpg,0.00448351789492701,False
384,c:\Users\Jules\Documents\IEES\idmybee\data\images\crop\organized\Bombus_lapidarius\worker\OPIE_Lapi_240620_S3.jpg,0.004498347990320245,False
385,c:\Users\Jules\Documents\IEES\idmybee\data\images\crop\organized\Bombus_lapidarius\worker\OPIE_Lapi_240620b_P1.JPG,0.00446551053144332,False
386,c:\Users\Jules\Documents\IEES\idmybee\data\images\crop\organized\Bombus_lapidarius\worker\OPIE_Lapi_240620b_P2.JPG,0.004551468687828675,False
387,c:\Users\Jules\Documents\IEES\idmybee\data\images\crop\organized\Bombus_lapidarius\worker\OPIE_Lapi_240620b_S1.jpg,0.0045156835959257015,False
388,c:\Users\Jules\Documents\IEES\idmybee\data\images\crop\organized\Bombus_lapidarius\worker\OPIE_Lapi_240620b_S2.jpg,0.004594526239324718,False
389,c:\Users\Jules\Documents\IEES\idmybee\data\images\crop\organized\Bombus_lapidarius\worker\OPIE_Lapi_240620b_S3.jpg,0.004535007026148873,False
390,c:\Users\Jules\Documents\IEES\idmybee\data\images\crop\organized\Bombus_lapidarius\worker\OPIE_Lapi_260620_P1.JPG,0.004525313851216257,False
391,c:\Users\Jules\Documents\IEES\idmybee\data\images\crop\organized\Bombus_lapidarius\worker\OPIE_Lapi_260620_P2.JPG,0.004590708192175236,False
392,c:\Users\Jules\Documents\IEES\idmybee\data\images\crop\organized\Bombus_lapidarius\worker\OPIE_Lapi_260620_S1.jpg,0.004591053066423424,False
393,c:\Users\Jules\Documents\IEES\idmybee\data\images\crop\organized\Bombus_lapidarius\worker\OPIE_Lapi_260620_S2.jpg,0.004516949446221004,False
394,c:\Users\Jules\Documents\IEES\idmybee\data\images\crop\organized\Bombus_lapidarius\worker\OPIE_Lapi_260620_S3.jpg,0.00449153367531073,False
395,c:\Users\Jules\Documents\IEES\idmybee\data\images\crop\organized\Bombus_lapidarius\worker\OPIE_Lapi_260620b_P1.JPG,0.004392884953602505,False
396,c:\Users\Jules\Documents\IEES\idmybee\data\images\crop\organized\Bombus_lapidarius\worker\OPIE_Lapi_260620b_P2.JPG,0.004339355050177365,False
397,c:\Users\Jules\Documents\IEES\idmybee\data\images\crop\organized\Bombus_lapidarius\worker\OPIE_Lapi_260620b_S1.jpg,0.004358094466663554,False
398,c:\Users\Jules\Documents\IEES\idmybee\data\images\crop\organized\Bombus_lapidarius\worker\OPIE_Lapi_260620b_S2.jpg,0.004305868598563269,False
399,c:\Users\Jules\Documents\IEES\idmybee\data\images\crop\organized\Bombus_lapidarius\worker\OPIE_Lapi_260620b_S3.jpg,0.004328468621329806,False
400,c:\Users\Jules\Documents\IEES\idmybee\data\images\crop\organized\Bombus_lapidarius\worker\OPIE_Lapi_270702_P1.JPG,0.004535592259868638,False
401,c:\Users\Jules\Documents\IEES\idmybee\data\images\crop\organized\Bombus_lapidarius\worker\OPIE_Lapi_270702_P2.JPG,0.004526742036054358,False
402,c:\Users\Jules\Documents\IEES\idmybee\data\images\crop\organized\Bombus_lapidarius\worker\OPIE_Lapi_270702_S1.jpg,0.004565529786738431,False
403,c:\Users\Jules\Documents\IEES\idmybee\data\images\crop\organized\Bombus_lapidarius\worker\OPIE_Lapi_270702_S2.jpg,0.0045716365849211476,False
404,c:\Users\Jules\Documents\IEES\idmybee\data\images\crop\organized\Bombus_lapidarius\worker\OPIE_Lapi_270702_S3.jpg,0.004564994298515455,False
405,c:\Users\Jules\Documents\IEES\idmybee\data\images\crop\organized\Bombus_lapidarius\worker\OPIE_Lapi_290602_P1.JPG,0.004648199252840455,False
406,c:\Users\Jules\Documents\IEES\idmybee\data\images\crop\organized\Bombus_lapidarius\worker\OPIE_Lapi_290602_P2.JPG,0.004654687905156093,False
407,c:\Users\Jules\Documents\IEES\idmybee\data\images\crop\organized\Bombus_lapidarius\worker\OPIE_Lapi_290602_S1.jpg,0.00454949385466334,False
408,c:\Users\Jules\Documents\IEES\idmybee\data\images\crop\organized\Bombus_lapidarius\worker\OPIE_Lapi_290602_S2.jpg,0.004582743438454702,False
409,c:\Users\Jules\Documents\IEES\idmybee\data\images\crop\organized\Bombus_lapidarius\worker\OPIE_Lapi_290602_S3.jpg,0.0046279334220617994,False
410,c:\Users\Jules\Documents\IEES\idmybee\data\images\crop\organized\Bombus_monticola\male\CD387770b_P1.JPG,0.004563335561335797,False
411,c:\Users\Jules\Documents\IEES\idmybee\data\images\crop\organized\Bombus_monticola\male\CD387770b_P2.JPG,0.004541199569315405,False
412,c:\Users\Jules\Documents\IEES\idmybee\data\images\crop\organized\Bombus_monticola\male\CD387770b_S1.jpg,0.004511252509223134,False
413,c:\Users\Jules\Documents\IEES\idmybee\data\images\crop\organized\Bombus_monticola\male\CD387770b_S2.jpg,0.004528463822564548,False
414,c:\Users\Jules\Documents\IEES\idmybee\data\images\crop\organized\Bombus_monticola\male\CD387770b_S3.jpg,0.0045892373389527326,False
415,c:\Users\Jules\Documents\IEES\idmybee\data\images\crop\organized\Bombus_monticola\male\CD387804_P1.JPG,0.00468168023477864,False
416,c:\Users\Jules\Documents\IEES\idmybee\data\images\crop\organized\Bombus_monticola\male\CD387804_P2.JPG,0.004669503556649578,False
417,c:\Users\Jules\Documents\IEES\idmybee\data\images\crop\organized\Bombus_monticola\male\CD387804_S1.jpg,0.004655520248937898,False
418,c:\Users\Jules\Documents\IEES\idmybee\data\images\crop\organized\Bombus_monticola\male\CD387804_S2.jpg,0.004670910305912036,False
419,c:\Users\Jules\Documents\IEES\idmybee\data\images\crop\organized\Bombus_monticola\male\CD387804_S3.jpg,0.004625772035541851,False
420,c:\Users\Jules\Documents\IEES\idmybee\data\images\crop\organized\Bombus_monticola\male\CD388230b_P1.JPG,0.004584208485481341,False
421,c:\Users\Jules\Documents\IEES\idmybee\data\images\crop\organized\Bombus_monticola\male\CD388230b_P2.JPG,0.0045951426337986915,False
422,c:\Users\Jules\Documents\IEES\idmybee\data\images\crop\organized\Bombus_monticola\male\CD388230b_S1.jpg,0.004541073611236781,False
423,c:\Users\Jules\Documents\IEES\idmybee\data\images\crop\organized\Bombus_monticola\male\CD388230b_S2.jpg,0.00462588674839764,False
424,c:\Users\Jules\Documents\IEES\idmybee\data\images\crop\organized\Bombus_monticola\male\CD388230b_S3.jpg,0.00458510246222096,False
425,c:\Users\Jules\Documents\IEES\idmybee\data\images\crop\organized\Bombus_monticola\male\CD388230c_P2.JPG,0.004491577381038314,False
426,c:\Users\Jules\Documents\IEES\idmybee\data\images\crop\organized\Bombus_monticola\male\CD388230c_S1.jpg,0.0044271468694253545,False
427,c:\Users\Jules\Documents\IEES\idmybee\data\images\crop\organized\Bombus_monticola\male\CD388230c_S2.jpg,0.004494359368630994,False
428,c:\Users\Jules\Documents\IEES\idmybee\data\images\crop\organized\Bombus_monticola\male\CD388230c_S3.jpg,0.004519134830486401,False
429,c:\Users\Jules\Documents\IEES\idmybee\data\images\crop\organized\Bombus_monticola\male\CD388623_P1.JPG,0.004622584662648511,False
430,c:\Users\Jules\Documents\IEES\idmybee\data\images\crop\organized\Bombus_monticola\male\CD388623_P2.JPG,0.004735884753191588,False
431,c:\Users\Jules\Documents\IEES\idmybee\data\images\crop\organized\Bombus_monticola\male\CD388623_S1.jpg,0.004774820068809452,False
432,c:\Users\Jules\Documents\IEES\idmybee\data\images\crop\organized\Bombus_monticola\male\CD388623_S2.jpg,0.004636517822407883,False
433,c:\Users\Jules\Documents\IEES\idmybee\data\images\crop\organized\Bombus_monticola\male\CD388623_S3.jpg,0.0047530885288899994,False
434,c:\Users\Jules\Documents\IEES\idmybee\data\images\crop\organized\Bombus_monticola\male\CD388821_S1.jpg,0.004397649363760204,False
435,c:\Users\Jules\Documents\IEES\idmybee\data\images\crop\organized\Bombus_monticola\male\CD388821_S2.jpg,0.004435854125534012,False
436,c:\Users\Jules\Documents\IEES\idmybee\data\images\crop\organized\Bombus_monticola\male\CD388821_S3.jpg,0.004449073087002659,False
437,c:\Users\Jules\Documents\IEES\idmybee\data\images\crop\organized\Bombus_monticola\male\FR04ABOM220722060_P1.JPG,0.004180158916982177,False
438,c:\Users\Jules\Documents\IEES\idmybee\data\images\crop\organized\Bombus_monticola\male\FR04ABOM220722060_P2.JPG,0.004210482456208171,False
439,c:\Users\Jules\Documents\IEES\idmybee\data\images\crop\organized\Bombus_monticola\male\FR04ABOM220722060_S1.jpg,0.004147622745314528,False
440,c:\Users\Jules\Documents\IEES\idmybee\data\images\crop\organized\Bombus_monticola\male\FR04ABOM220722060_S2.jpg,0.0042593791858736825,False
441,c:\Users\Jules\Documents\IEES\idmybee\data\images\crop\organized\Bombus_monticola\male\FR04ABOM220722060_S3.jpg,0.004189087258367911,False
442,c:\Users\Jules\Documents\IEES\idmybee\data\images\crop\organized\Bombus_monticola\male\FR73ABOM120722027_P1.JPG,0.004684933324263953,False
443,c:\Users\Jules\Documents\IEES\idmybee\data\images\crop\organized\Bombus_monticola\male\FR73ABOM120722027_P2.JPG,0.004745366592122205,False
444,c:\Users\Jules\Documents\IEES\idmybee\data\images\crop\organized\Bombus_monticola\male\FR73ABOM120722027_S1.jpg,0.004622464735861701,False
445,c:\Users\Jules\Documents\IEES\idmybee\data\images\crop\organized\Bombus_monticola\male\FR73ABOM120722027_S2.jpg,0.004660405035316934,False
446,c:\Users\Jules\Documents\IEES\idmybee\data\images\crop\organized\Bombus_monticola\male\FR73ABOM120722027_S3.jpg,0.004700636713017833,False
447,c:\Users\Jules\Documents\IEES\idmybee\data\images\crop\organized\Bombus_monticola\male\FR73ABOM120722070_P1.JPG,0.004689844866509064,False
448,c:\Users\Jules\Documents\IEES\idmybee\data\images\crop\organized\Bombus_monticola\male\FR73ABOM120722070_P2.JPG,0.004638816144857619,False
449,c:\Users\Jules\Documents\IEES\idmybee\data\images\crop\organized\Bombus_monticola\male\FR73ABOM120722070_S1.jpg,0.004617907636837324,False
450,c:\Users\Jules\Documents\IEES\idmybee\data\images\crop\organized\Bombus_monticola\male\FR73ABOM120722070_S2.jpg,0.004589768038411983,False
451,c:\Users\Jules\Documents\IEES\idmybee\data\images\crop\organized\Bombus_monticola\male\FR73ABOM120722070_S3.jpg,0.004624798295234461,False
452,c:\Users\Jules\Documents\IEES\idmybee\data\images\crop\organized\Bombus_monticola\male\FR73ABOM120722118_P1.JPG,0.00485810457252028,False
453,c:\Users\Jules\Documents\IEES\idmybee\data\images\crop\organized\Bombus_monticola\male\FR73ABOM120722118_P2.JPG,0.004840129466632702,False
454,c:\Users\Jules\Documents\IEES\idmybee\data\images\crop\organized\Bombus_monticola\male\FR73ABOM120722118_S1.jpg,0.004765660446112567,False
455,c:\Users\Jules\Documents\IEES\idmybee\data\images\crop\organized\Bombus_monticola\male\FR73ABOM120722118_S2.jpg,0.004744654777307556,False
456,c:\Users\Jules\Documents\IEES\idmybee\data\images\crop\organized\Bombus_monticola\male\FR73ABOM120722118_S3.jpg,0.004721235427128771,False
457,c:\Users\Jules\Documents\IEES\idmybee\data\images\crop\organized\Bombus_monticola\male\FR73ABOM130722017_P1.JPG,0.004264875169096152,False
458,c:\Users\Jules\Documents\IEES\idmybee\data\images\crop\organized\Bombus_monticola\male\FR73ABOM130722017_P2.JPG,0.004317732575302411,False
459,c:\Users\Jules\Documents\IEES\idmybee\data\images\crop\organized\Bombus_monticola\male\FR73ABOM130722017_S1.jpg,0.0042589178771525,False
460,c:\Users\Jules\Documents\IEES\idmybee\data\images\crop\organized\Bombus_monticola\male\FR73ABOM130722017_S2.jpg,0.004284511410824946,False
461,c:\Users\Jules\Documents\IEES\idmybee\data\images\crop\organized\Bombus_monticola\male\FR73ABOM130722017_S3.jpg,0.0042096564598695175,False
462,c:\Users\Jules\Documents\IEES\idmybee\data\images\crop\organized\Bombus_monticola\male\FR73ABOM130722037_P1.JPG,0.004358734193298249,False
463,c:\Users\Jules\Documents\IEES\idmybee\data\images\crop\organized\Bombus_monticola\male\FR73ABOM130722037_P2.JPG,0.004323747499885572,False
464,c:\Users\Jules\Documents\IEES\idmybee\data\images\crop\organized\Bombus_monticola\male\FR73ABOM130722037_S1.jpg,0.00435366892367331,False
465,c:\Users\Jules\Documents\IEES\idmybee\data\images\crop\organized\Bombus_monticola\male\FR73ABOM130722037_S2.jpg,0.004306349279529668,False
466,c:\Users\Jules\Documents\IEES\idmybee\data\images\crop\organized\Bombus_monticola\male\FR73ABOM130722037_S3.jpg,0.004373280517145646,False
467,c:\Users\Jules\Documents\IEES\idmybee\data\images\crop\organized\Bombus_monticola\male\FR73ABOM130722039_P1.JPG,0.0045163339569405355,False
468,c:\Users\Jules\Documents\IEES\idmybee\data\images\crop\organized\Bombus_monticola\male\FR73ABOM130722039_P2.JPG,0.004437893015778432,False
469,c:\Users\Jules\Documents\IEES\idmybee\data\images\crop\organized\Bombus_monticola\male\FR73ABOM130722039_S1.jpg,0.004498342936205364,False
470,c:\Users\Jules\Documents\IEES\idmybee\data\images\crop\organized\Bombus_monticola\male\FR73ABOM130722039_S2.jpg,0.004487893963487247,False
471,c:\Users\Jules\Documents\IEES\idmybee\data\images\crop\organized\Bombus_monticola\male\FR73ABOM130722039_S3.jpg,0.004451848747078752,False
472,c:\Users\Jules\Documents\IEES\idmybee\data\images\crop\organized\Bombus_monticola\male\FR73ABOM140722001_P1.JPG,0.004431328463571445,False
473,c:\Users\Jules\Documents\IEES\idmybee\data\images\crop\organized\Bombus_monticola\male\FR73ABOM140722001_P2.JPG,0.004458602042220066,False
474,c:\Users\Jules\Documents\IEES\idmybee\data\images\crop\organized\Bombus_monticola\male\FR73ABOM140722001_S1.jpg,0.004383158324970872,False
475,c:\Users\Jules\Documents\IEES\idmybee\data\images\crop\organized\Bombus_monticola\male\FR73ABOM140722001_S2.jpg,0.004374626464809447,False
476,c:\Users\Jules\Documents\IEES\idmybee\data\images\crop\organized\Bombus_monticola\male\FR73ABOM140722001_S3.jpg,0.004379183152917906,False
477,c:\Users\Jules\Documents\IEES\idmybee\data\images\crop\organized\Bombus_monticola\male\FR73ABOM140722011_P1.JPG,0.004328514486333899,False
478,c:\Users\Jules\Documents\IEES\idmybee\data\images\crop\organized\Bombus_monticola\male\FR73ABOM140722011_P2.JPG,0.004326788123934666,False
479,c:\Users\Jules\Documents\IEES\idmybee\data\images\crop\organized\Bombus_monticola\male\FR73ABOM140722011_S1.jpg,0.0042240588003098385,False
480,c:\Users\Jules\Documents\IEES\idmybee\data\images\crop\organized\Bombus_monticola\male\FR73ABOM140722011_S2.jpg,0.004306365629810554,False
481,c:\Users\Jules\Documents\IEES\idmybee\data\images\crop\organized\Bombus_monticola\male\FR73ABOM140722011_S3.jpg,0.004250646760022537,False
482,c:\Users\Jules\Documents\IEES\idmybee\data\images\crop\organized\Bombus_monticola\male\FR73ABOM140722015_P1.JPG,0.00474464259030809,False
483,c:\Users\Jules\Documents\IEES\idmybee\data\images\crop\organized\Bombus_monticola\male\FR73ABOM140722015_P2.JPG,0.004684958812822392,False
484,c:\Users\Jules\Documents\IEES\idmybee\data\images\crop\organized\Bombus_monticola\male\FR73ABOM140722015_S1.jpg,0.004732894741844056,False
485,c:\Users\Jules\Documents\IEES\idmybee\data\images\crop\organized\Bombus_monticola\male\FR73ABOM140722015_S2.jpg,0.0046645759122881,False
486,c:\Users\Jules\Documents\IEES\idmybee\data\images\crop\organized\Bombus_monticola\male\FR73ABOM140722015_S3.jpg,0.00468453338790384,False
487,c:\Users\Jules\Documents\IEES\idmybee\data\images\crop\organized\Bombus_monticola\male\FR73ABOM140722031_P1.JPG,0.004698419870655716,False
488,c:\Users\Jules\Documents\IEES\idmybee\data\images\crop\organized\Bombus_monticola\male\FR73ABOM140722031_P2.JPG,0.004689540367469064,False
489,c:\Users\Jules\Documents\IEES\idmybee\data\images\crop\organized\Bombus_monticola\male\FR73ABOM140722031_S1.jpg,0.004805953987968151,False
490,c:\Users\Jules\Documents\IEES\idmybee\data\images\crop\organized\Bombus_monticola\male\FR73ABOM140722031_S2.jpg,0.0047561418030360545,False
491,c:\Users\Jules\Documents\IEES\idmybee\data\images\crop\organized\Bombus_monticola\male\FR73ABOM140722031_S3.jpg,0.004760567720028121,False
492,c:\Users\Jules\Documents\IEES\idmybee\data\images\crop\organized\Bombus_monticola\male\FR73ABOM140722032_P1.JPG,0.004686607780047581,False
493,c:\Users\Jules\Documents\IEES\idmybee\data\images\crop\organized\Bombus_monticola\male\FR73ABOM140722032_P2.JPG,0.004701556319659463,False
494,c:\Users\Jules\Documents\IEES\idmybee\data\images\crop\organized\Bombus_monticola\male\FR73ABOM140722032_S1.jpg,0.004645406837549723,False
495,c:\Users\Jules\Documents\IEES\idmybee\data\images\crop\organized\Bombus_monticola\male\FR73ABOM140722032_S2.jpg,0.004659866165915397,False
496,c:\Users\Jules\Documents\IEES\idmybee\data\images\crop\organized\Bombus_monticola\male\FR73ABOM140722032_S3.jpg,0.004659318448410634,False
497,c:\Users\Jules\Documents\IEES\idmybee\data\images\crop\organized\Bombus_monticola\male\FR73ABOM140722033_P1.JPG,0.004593761491006012,False
498,c:\Users\Jules\Documents\IEES\idmybee\data\images\crop\organized\Bombus_monticola\male\FR73ABOM140722033_P2.JPG,0.004518359057984625,False
499,c:\Users\Jules\Documents\IEES\idmybee\data\images\crop\organized\Bombus_monticola\male\FR73ABOM140722033_S1.jpg,0.004406882545204887,False
500,c:\Users\Jules\Documents\IEES\idmybee\data\images\crop\organized\Bombus_monticola\male\FR73ABOM140722033_S2.jpg,0.00456640438434482,False
501,c:\Users\Jules\Documents\IEES\idmybee\data\images\crop\organized\Bombus_monticola\male\FR73ABOM140722033_S3.jpg,0.004529078804321416,False
502,c:\Users\Jules\Documents\IEES\idmybee\data\images\crop\organized\Bombus_monticola\male\FR73ABOM150722001_P1.JPG,0.0044196510466929136,False
503,c:\Users\Jules\Documents\IEES\idmybee\data\images\crop\organized\Bombus_monticola\male\FR73ABOM150722001_P2.JPG,0.004443527275795699,False
504,c:\Users\Jules\Documents\IEES\idmybee\data\images\crop\organized\Bombus_monticola\male\FR73ABOM150722001_S1.jpg,0.0044249613355785405,False
505,c:\Users\Jules\Documents\IEES\idmybee\data\images\crop\organized\Bombus_monticola\male\FR73ABOM150722001_S2.jpg,0.0043646975781933064,False
506,c:\Users\Jules\Documents\IEES\idmybee\data\images\crop\organized\Bombus_monticola\male\FR73ABOM150722001_S3.jpg,0.004381171614554296,False
507,c:\Users\Jules\Documents\IEES\idmybee\data\images\crop\organized\Bombus_monticola\male\FR73ABOM150722006_P1.JPG,0.004631784925709448,False
508,c:\Users\Jules\Documents\IEES\idmybee\data\images\crop\organized\Bombus_monticola\male\FR73ABOM150722006_P2.JPG,0.004576934974020781,False
509,c:\Users\Jules\Documents\IEES\idmybee\data\images\crop\organized\Bombus_monticola\male\FR73ABOM150722006_S1.jpg,0.004551546420321493,False
510,c:\Users\Jules\Documents\IEES\idmybee\data\images\crop\organized\Bombus_monticola\male\FR73ABOM150722006_S2.jpg,0.004593725806857709,False
511,c:\Users\Jules\Documents\IEES\idmybee\data\images\crop\organized\Bombus_monticola\male\FR73ABOM150722006_S3.jpg,0.004595871297616405,False
512,c:\Users\Jules\Documents\IEES\idmybee\data\images\crop\organized\Bombus_monticola\queen\FR73ABOM140722026_P1.JPG,0.0047410569012101755,False
513,c:\Users\Jules\Documents\IEES\idmybee\data\images\crop\organized\Bombus_monticola\queen\FR73ABOM140722026_P2.JPG,0.004754627816716626,False
514,c:\Users\Jules\Documents\IEES\idmybee\data\images\crop\organized\Bombus_monticola\queen\FR73ABOM140722026_S1.jpg,0.00481037934534989,False
515,c:\Users\Jules\Documents\IEES\idmybee\data\images\crop\organized\Bombus_monticola\queen\FR73ABOM140722026_S2.jpg,0.0047718576194656645,False
516,c:\Users\Jules\Documents\IEES\idmybee\data\images\crop\organized\Bombus_monticola\queen\FR73ABOM140722026_S3.jpg,0.004762115829659337,False
517,c:\Users\Jules\Documents\IEES\idmybee\data\images\crop\organized\Bombus_monticola\worker\ABAURA5667_P1.JPG,0.00462774103706347,False
518,c:\Users\Jules\Documents\IEES\idmybee\data\images\crop\organized\Bombus_monticola\worker\ABAURA5667_P2.JPG,0.004669717712759068,False
519,c:\Users\Jules\Documents\IEES\idmybee\data\images\crop\organized\Bombus_monticola\worker\ABAURA5667_S1.jpg,0.00457922642414911,False
520,c:\Users\Jules\Documents\IEES\idmybee\data\images\crop\organized\Bombus_monticola\worker\ABAURA5667_S2.jpg,0.004590414289352642,False
521,c:\Users\Jules\Documents\IEES\idmybee\data\images\crop\organized\Bombus_monticola\worker\ABAURA5667_S3.jpg,0.004559049645627122,False
522,c:\Users\Jules\Documents\IEES\idmybee\data\images\crop\organized\Bombus_monticola\worker\CD388408_P1.JPG,0.004621181644879387,False
523,c:\Users\Jules\Documents\IEES\idmybee\data\images\crop\organized\Bombus_monticola\worker\CD388408_P2.JPG,0.004728286112748078,False
524,c:\Users\Jules\Documents\IEES\idmybee\data\images\crop\organized\Bombus_monticola\worker\CD388408_S1.jpg,0.004586642293068245,False
525,c:\Users\Jules\Documents\IEES\idmybee\data\images\crop\organized\Bombus_monticola\worker\CD388408_S2.jpg,0.004617169154583337,False
526,c:\Users\Jules\Documents\IEES\idmybee\data\images\crop\organized\Bombus_monticola\worker\CD388408_S3.jpg,0.004579388472717619,False
527,c:\Users\Jules\Documents\IEES\idmybee\data\images\crop\organized\Bombus_monticola\worker\CD388623b_P1.JPG,0.004554019761623108,False
528,c:\Users\Jules\Documents\IEES\idmybee\data\images\crop\organized\Bombus_monticola\worker\CD388623b_P2.JPG,0.004663620559115338,False
529,c:\Users\Jules\Documents\IEES\idmybee\data\images\crop\organized\Bombus_monticola\worker\CD388623b_S1.jpg,0.004553594227479062,False
530,c:\Users\Jules\Documents\IEES\idmybee\data\images\crop\organized\Bombus_monticola\worker\CD388623b_S2.jpg,0.004648821817237132,False
531,c:\Users\Jules\Documents\IEES\idmybee\data\images\crop\organized\Bombus_monticola\worker\CD388623b_S3.jpg,0.004521446026889527,False
532,c:\Users\Jules\Documents\IEES\idmybee\data\images\crop\organized\Bombus_monticola\worker\CD388623c_P1.JPG,0.004828660076642583,False
533,c:\Users\Jules\Documents\IEES\idmybee\data\images\crop\organized\Bombus_monticola\worker\CD388623c_P2.JPG,0.004779580235041815,False
534,c:\Users\Jules\Documents\IEES\idmybee\data\images\crop\organized\Bombus_monticola\worker\CD388623c_S1.jpg,0.0047065172848344125,False
535,c:\Users\Jules\Documents\IEES\idmybee\data\images\crop\organized\Bombus_monticola\worker\CD388623c_S2.jpg,0.004737818451647512,False
536,c:\Users\Jules\Documents\IEES\idmybee\data\images\crop\organized\Bombus_monticola\worker\CD388623c_S3.jpg,0.004733884336509232,False
537,c:\Users\Jules\Documents\IEES\idmybee\data\images\crop\organized\Bombus_monticola\worker\CD388623d_P1.JPG,0.004594409852813472,False
538,c:\Users\Jules\Documents\IEES\idmybee\data\images\crop\organized\Bombus_monticola\worker\CD388623d_P2.JPG,0.004621687740551716,False
539,c:\Users\Jules\Documents\IEES\idmybee\data\images\crop\organized\Bombus_monticola\worker\CD388623d_S1.jpg,0.004578265670473886,False
540,c:\Users\Jules\Documents\IEES\idmybee\data\images\crop\organized\Bombus_monticola\worker\CD388623d_S2.jpg,0.0045853211799854665,False
541,c:\Users\Jules\Documents\IEES\idmybee\data\images\crop\organized\Bombus_monticola\worker\CD388623d_S3.jpg,0.004609413102891698,False
542,c:\Users\Jules\Documents\IEES\idmybee\data\images\crop\organized\Bombus_monticola\worker\CollecYvan14_P1.JPG,0.0046630197512103795,False
543,c:\Users\Jules\Documents\IEES\idmybee\data\images\crop\organized\Bombus_monticola\worker\CollecYvan14_P2.JPG,0.004671302940421086,False
544,c:\Users\Jules\Documents\IEES\idmybee\data\images\crop\organized\Bombus_monticola\worker\CollecYvan14_S1.jpg,0.004553265595747295,False
545,c:\Users\Jules\Documents\IEES\idmybee\data\images\crop\organized\Bombus_monticola\worker\CollecYvan14_S2.jpg,0.004620883682561378,False
546,c:\Users\Jules\Documents\IEES\idmybee\data\images\crop\organized\Bombus_monticola\worker\CollecYvan14_S3.jpg,0.004524323611637188,False
547,c:\Users\Jules\Documents\IEES\idmybee\data\images\crop\organized\Bombus_monticola\worker\CollecYvan15_P1.JPG,0.0044645270504685185,False
548,c:\Users\Jules\Documents\IEES\idmybee\data\images\crop\organized\Bombus_monticola\worker\CollecYvan15_P2.JPG,0.004603092946992365,False
549,c:\Users\Jules\Documents\IEES\idmybee\data\images\crop\organized\Bombus_monticola\worker\CollecYvan15_S1.jpg,0.0044637438205765,False
550,c:\Users\Jules\Documents\IEES\idmybee\data\images\crop\organized\Bombus_monticola\worker\CollecYvan15_S2.jpg,0.004540597243382003,False
551,c:\Users\Jules\Documents\IEES\idmybee\data\images\crop\organized\Bombus_monticola\worker\CollecYvan15_S3.jpg,0.004567307869663199,False
552,c:\Users\Jules\Documents\IEES\idmybee\data\images\crop\organized\Bombus_monticola\worker\CollecYvan16_P1.JPG,0.004369990361585756,False
553,c:\Users\Jules\Documents\IEES\idmybee\data\images\crop\organized\Bombus_monticola\worker\CollecYvan16_P2.JPG,0.0043227003668697235,False
554,c:\Users\Jules\Documents\IEES\idmybee\data\images\crop\organized\Bombus_monticola\worker\CollecYvan16_S1.jpg,0.00433245591601281,False
555,c:\Users\Jules\Documents\IEES\idmybee\data\images\crop\organized\Bombus_monticola\worker\CollecYvan16_S2.jpg,0.004365039499106739,False
556,c:\Users\Jules\Documents\IEES\idmybee\data\images\crop\organized\Bombus_monticola\worker\CollecYvan16_S3.jpg,0.004372397568015263,False
557,c:\Users\Jules\Documents\IEES\idmybee\data\images\crop\organized\Bombus_monticola\worker\CollecYvan17_P1.JPG,0.004514812138257745,False
558,c:\Users\Jules\Documents\IEES\idmybee\data\images\crop\organized\Bombus_monticola\worker\CollecYvan17_P2.JPG,0.004660809663049795,False
559,c:\Users\Jules\Documents\IEES\idmybee\data\images\crop\organized\Bombus_monticola\worker\CollecYvan17_S1.jpg,0.004559984982250496,False
560,c:\Users\Jules\Documents\IEES\idmybee\data\images\crop\organized\Bombus_monticola\worker\CollecYvan17_S2.jpg,0.004563788491707768,False
561,c:\Users\Jules\Documents\IEES\idmybee\data\images\crop\organized\Bombus_monticola\worker\CollecYvan17_S3.jpg,0.004523682432766597,False
562,c:\Users\Jules\Documents\IEES\idmybee\data\images\crop\organized\Bombus_monticola\worker\CollecYvan18_P1.JPG,0.004392382498566072,False
563,c:\Users\Jules\Documents\IEES\idmybee\data\images\crop\organized\Bombus_monticola\worker\CollecYvan18_P2.JPG,0.004371172686124961,False
564,c:\Users\Jules\Documents\IEES\idmybee\data\images\crop\organized\Bombus_monticola\worker\CollecYvan18_S1.jpg,0.004384894584956823,False
565,c:\Users\Jules\Documents\IEES\idmybee\data\images\crop\organized\Bombus_monticola\worker\CollecYvan18_S2.jpg,0.004408779033843107,False
566,c:\Users\Jules\Documents\IEES\idmybee\data\images\crop\organized\Bombus_monticola\worker\CollecYvan18_S3.jpg,0.0043882835609181225,False
567,c:\Users\Jules\Documents\IEES\idmybee\data\images\crop\organized\Bombus_monticola\worker\FR04ABOM220722087_P1.JPG,0.004701537357732111,False
568,c:\Users\Jules\Documents\IEES\idmybee\data\images\crop\organized\Bombus_monticola\worker\FR04ABOM220722087_P2.JPG,0.004725698229650914,False
569,c:\Users\Jules\Documents\IEES\idmybee\data\images\crop\organized\Bombus_monticola\worker\FR04ABOM220722087_S1.jpg,0.004827398183939392,False
570,c:\Users\Jules\Documents\IEES\idmybee\data\images\crop\organized\Bombus_monticola\worker\FR04ABOM220722087_S2.jpg,0.0048270435190226925,False
571,c:\Users\Jules\Documents\IEES\idmybee\data\images\crop\organized\Bombus_monticola\worker\FR04ABOM220722087_S3.jpg,0.004825457653332462,False
572,c:\Users\Jules\Documents\IEES\idmybee\data\images\crop\organized\Bombus_monticola\worker\FR73ABOM120722090_P1.JPG,0.004590239158381718,False
573,c:\Users\Jules\Documents\IEES\idmybee\data\images\crop\organized\Bombus_monticola\worker\FR73ABOM120722090_P2.JPG,0.004471947847862872,False
574,c:\Users\Jules\Documents\IEES\idmybee\data\images\crop\organized\Bombus_monticola\worker\FR73ABOM120722090_S1.jpg,0.004551769868056224,False
575,c:\Users\Jules\Documents\IEES\idmybee\data\images\crop\organized\Bombus_monticola\worker\FR73ABOM120722090_S2.jpg,0.004596711385329449,False
576,c:\Users\Jules\Documents\IEES\idmybee\data\images\crop\organized\Bombus_monticola\worker\FR73ABOM120722090_S3.jpg,0.004538179571683693,False
577,c:\Users\Jules\Documents\IEES\idmybee\data\images\crop\organized\Bombus_monticola\worker\FR73ABOM130722001_P1.JPG,0.004614043492487172,False
578,c:\Users\Jules\Documents\IEES\idmybee\data\images\crop\organized\Bombus_monticola\worker\FR73ABOM130722001_P2.JPG,0.004551066043293129,False
579,c:\Users\Jules\Documents\IEES\idmybee\data\images\crop\organized\Bombus_monticola\worker\FR73ABOM130722001_S1.jpg,0.004581680746317221,False
580,c:\Users\Jules\Documents\IEES\idmybee\data\images\crop\organized\Bombus_monticola\worker\FR73ABOM130722001_S2.jpg,0.004647119678097974,False
581,c:\Users\Jules\Documents\IEES\idmybee\data\images\crop\organized\Bombus_monticola\worker\FR73ABOM130722001_S3.jpg,0.00457114443086697,False
582,c:\Users\Jules\Documents\IEES\idmybee\data\images\crop\organized\Bombus_monticola\worker\FR73ABOM130722002_P1.JPG,0.004783425990158577,False
583,c:\Users\Jules\Documents\IEES\idmybee\data\images\crop\organized\Bombus_monticola\worker\FR73ABOM130722002_P2.JPG,0.004777464197273534,False
584,c:\Users\Jules\Documents\IEES\idmybee\data\images\crop\organized\Bombus_monticola\worker\FR73ABOM130722002_S1.jpg,0.004852587634147151,False
585,c:\Users\Jules\Documents\IEES\idmybee\data\images\crop\organized\Bombus_monticola\worker\FR73ABOM130722002_S2.jpg,0.004814374990699223,False
586,c:\Users\Jules\Documents\IEES\idmybee\data\images\crop\organized\Bombus_monticola\worker\FR73ABOM130722002_S3.jpg,0.004872830402543802,False
587,c:\Users\Jules\Documents\IEES\idmybee\data\images\crop\organized\Bombus_monticola\worker\FR73ABOM140722009_P1.JPG,0.004739507271400637,False
588,c:\Users\Jules\Documents\IEES\idmybee\data\images\crop\organized\Bombus_monticola\worker\FR73ABOM140722009_P2.JPG,0.004679592972346343,False
589,c:\Users\Jules\Documents\IEES\idmybee\data\images\crop\organized\Bombus_monticola\worker\FR73ABOM140722009_S1.jpg,0.004704498476479919,False
590,c:\Users\Jules\Documents\IEES\idmybee\data\images\crop\organized\Bombus_monticola\worker\FR73ABOM140722009_S2.jpg,0.0047580856753341805,False
591,c:\Users\Jules\Documents\IEES\idmybee\data\images\crop\organized\Bombus_monticola\worker\FR73ABOM140722009_S3.jpg,0.0047873837794984225,False
592,c:\Users\Jules\Documents\IEES\idmybee\data\images\crop\organized\Bombus_monticola\worker\FR73ABOM200722032_P1.JPG,0.004538160552325833,False
593,c:\Users\Jules\Documents\IEES\idmybee\data\images\crop\organized\Bombus_monticola\worker\FR73ABOM200722032_P2.JPG,0.004551066452512408,False
594,c:\Users\Jules\Documents\IEES\idmybee\data\images\crop\organized\Bombus_monticola\worker\FR73ABOM200722032_S1.jpg,0.0046463009315684855,False
595,c:\Users\Jules\Documents\IEES\idmybee\data\images\crop\organized\Bombus_monticola\worker\FR73ABOM200722032_S2.jpg,0.004587818072020885,False
596,c:\Users\Jules\Documents\IEES\idmybee\data\images\crop\organized\Bombus_monticola\worker\FR73ABOM200722032_S3.jpg,0.004558054932527061,False
597,c:\Users\Jules\Documents\IEES\idmybee\data\images\crop\organized\Bombus_monticola\worker\FR74ABOM160722001_P1.JPG,0.004483076592454904,False
598,c:\Users\Jules\Documents\IEES\idmybee\data\images\crop\organized\Bombus_monticola\worker\FR74ABOM160722001_P2.JPG,0.004478075652658736,False
599,c:\Users\Jules\Documents\IEES\idmybee\data\images\crop\organized\Bombus_monticola\worker\FR74ABOM160722001_S1.jpg,0.004443025056533665,False
600,c:\Users\Jules\Documents\IEES\idmybee\data\images\crop\organized\Bombus_monticola\worker\FR74ABOM160722001_S2.jpg,0.0044763093031962384,False
601,c:\Users\Jules\Documents\IEES\idmybee\data\images\crop\organized\Bombus_monticola\worker\FR74ABOM160722001_S3.jpg,0.004454602510004689,False
602,c:\Users\Jules\Documents\IEES\idmybee\data\images\crop\organized\Bombus_monticola\worker\FR74ABOM160722015_P1.JPG,0.00466055904014877,False
603,c:\Users\Jules\Documents\IEES\idmybee\data\images\crop\organized\Bombus_monticola\worker\FR74ABOM160722015_P2.JPG,0.004707745173559441,False
604,c:\Users\Jules\Documents\IEES\idmybee\data\images\crop\organized\Bombus_monticola\worker\FR74ABOM160722015_S1.jpg,0.004704773901376164,False
605,c:\Users\Jules\Documents\IEES\idmybee\data\images\crop\organized\Bombus_monticola\worker\FR74ABOM160722015_S2.jpg,0.004765885377379202,False
606,c:\Users\Jules\Documents\IEES\idmybee\data\images\crop\organized\Bombus_monticola\worker\FR74ABOM160722015_S3.jpg,0.0046303863539573714,False
607,c:\Users\Jules\Documents\IEES\idmybee\data\images\crop\organized\Bombus_monticola\worker\FR74ABOM170722014_P1.JPG,0.004719324435635445,False
608,c:\Users\Jules\Documents\IEES\idmybee\data\images\crop\organized\Bombus_monticola\worker\FR74ABOM170722014_P2.JPG,0.0046969597504931794,False
609,c:\Users\Jules\Documents\IEES\idmybee\data\images\crop\organized\Bombus_monticola\worker\FR74ABOM170722014_S1.jpg,0.004833897923472787,False
610,c:\Users\Jules\Documents\IEES\idmybee\data\images\crop\organized\Bombus_monticola\worker\FR74ABOM170722014_S2.jpg,0.004775426559693572,False
611,c:\Users\Jules\Documents\IEES\idmybee\data\images\crop\organized\Bombus_monticola\worker\FR74ABOM170722014_S3.jpg,0.004770671446624454,False
612,c:\Users\Jules\Documents\IEES\idmybee\data\images\crop\organized\Bombus_monticola\worker\Polset_1_P1.JPG,0.004502848873159137,False
613,c:\Users\Jules\Documents\IEES\idmybee\data\images\crop\organized\Bombus_monticola\worker\Polset_1_P2.JPG,0.004488011576195716,False
614,c:\Users\Jules\Documents\IEES\idmybee\data\images\crop\organized\Bombus_monticola\worker\Polset_1_S1.jpg,0.0045495138031508425,False
615,c:\Users\Jules\Documents\IEES\idmybee\data\images\crop\organized\Bombus_monticola\worker\Polset_1_S2.jpg,0.004453077383517918,False
616,c:\Users\Jules\Documents\IEES\idmybee\data\images\crop\organized\Bombus_monticola\worker\Polset_1_S3.jpg,0.004485767066821036,False
617,c:\Users\Jules\Documents\IEES\idmybee\data\images\crop\organized\Bombus_pomorum\male\15L2021-1748_P1.JPG,0.004276627804378729,False
618,c:\Users\Jules\Documents\IEES\idmybee\data\images\crop\organized\Bombus_pomorum\male\15L2021-1748_P2.JPG,0.0042637175567999735,False
619,c:\Users\Jules\Documents\IEES\idmybee\data\images\crop\organized\Bombus_pomorum\male\15L2021-1748_S1.jpg,0.004322324914720917,False
620,c:\Users\Jules\Documents\IEES\idmybee\data\images\crop\organized\Bombus_pomorum\male\15L2021-1748_S2.jpg,0.004231763800183211,False
621,c:\Users\Jules\Documents\IEES\idmybee\data\images\crop\organized\Bombus_pomorum\male\15L2021-1748_S3.jpg,0.004256535681952757,False
622,c:\Users\Jules\Documents\IEES\idmybee\data\images\crop\organized\Bombus_pomorum\male\ABAURA8885_P1.JPG,0.004527958741394718,False
623,c:\Users\Jules\Documents\IEES\idmybee\data\images\crop\organized\Bombus_pomorum\male\ABAURA8885_P2.JPG,0.004515566488566507,False
624,c:\Users\Jules\Documents\IEES\idmybee\data\images\crop\organized\Bombus_pomorum\male\ABAURA8885_S1.jpg,0.004480099382221667,False
625,c:\Users\Jules\Documents\IEES\idmybee\data\images\crop\organized\Bombus_pomorum\male\ABAURA8885_S2.jpg,0.004538718706979674,False
626,c:\Users\Jules\Documents\IEES\idmybee\data\images\crop\organized\Bombus_pomorum\male\ABAURA8885_S3.jpg,0.004547960233931347,False
627,c:\Users\Jules\Documents\IEES\idmybee\data\images\crop\organized\Bombus_pomorum\male\FR15ABOM150720008_P1.JPG,0.004457628909909394,False
628,c:\Users\Jules\Documents\IEES\idmybee\data\images\crop\organized\Bombus_pomorum\male\FR15ABOM150720008_P2.JPG,0.004513290452733641,False
629,c:\Users\Jules\Documents\IEES\idmybee\data\images\crop\organized\Bombus_pomorum\male\FR15ABOM150720008_S1.jpg,0.00445476098620584,False
630,c:\Users\Jules\Documents\IEES\idmybee\data\images\crop\organized\Bombus_pomorum\male\FR15ABOM150720008_S2.jpg,0.004517775598588466,False
631,c:\Users\Jules\Documents\IEES\idmybee\data\images\crop\organized\Bombus_pomorum\male\FR15ABOM150720008_S3.jpg,0.00449029566482104,False
632,c:\Users\Jules\Documents\IEES\idmybee\data\images\crop\organized\Bombus_pomorum\male\FR15ABOM170821030_P1.JPG,0.0044008336633645645,False
633,c:\Users\Jules\Documents\IEES\idmybee\data\images\crop\organized\Bombus_pomorum\male\FR15ABOM170821030_P2.JPG,0.004380534048855792,False
634,c:\Users\Jules\Documents\IEES\idmybee\data\images\crop\organized\Bombus_pomorum\male\FR15ABOM170821030_S1.jpg,0.004380952383797638,False
635,c:\Users\Jules\Documents\IEES\idmybee\data\images\crop\organized\Bombus_pomorum\male\FR15ABOM170821030_S2.jpg,0.004383467627392578,False
636,c:\Users\Jules\Documents\IEES\idmybee\data\images\crop\organized\Bombus_pomorum\male\FR15ABOM170821030_S3.jpg,0.0043831666612592565,False
637,c:\Users\Jules\Documents\IEES\idmybee\data\images\crop\organized\Bombus_pomorum\male\FR15ABOM170821030b_P1.JPG,0.004316931336801172,False
638,c:\Users\Jules\Documents\IEES\idmybee\data\images\crop\organized\Bombus_pomorum\male\FR15ABOM170821030b_P2.JPG,0.004408175773291652,False
639,c:\Users\Jules\Documents\IEES\idmybee\data\images\crop\organized\Bombus_pomorum\male\FR15ABOM170821030b_S1.jpg,0.004392424213673491,False
640,c:\Users\Jules\Documents\IEES\idmybee\data\images\crop\organized\Bombus_pomorum\male\FR15ABOM170821030b_S2.jpg,0.004453482682718178,False
641,c:\Users\Jules\Documents\IEES\idmybee\data\images\crop\organized\Bombus_pomorum\male\FR15ABOM170821030b_S3.jpg,0.004346114700643459,False
642,c:\Users\Jules\Documents\IEES\idmybee\data\images\crop\organized\Bombus_pomorum\male\FR15ABOM200821005_P1.JPG,0.004417131378375863,False
643,c:\Users\Jules\Documents\IEES\idmybee\data\images\crop\organized\Bombus_pomorum\male\FR15ABOM200821005_P2.JPG,0.004454631192287426,False
644,c:\Users\Jules\Documents\IEES\idmybee\data\images\crop\organized\Bombus_pomorum\male\FR15ABOM200821005_S1.jpg,0.004419758994751861,False
645,c:\Users\Jules\Documents\IEES\idmybee\data\images\crop\organized\Bombus_pomorum\male\FR15ABOM200821005_S2.jpg,0.004427642276613367,False
646,c:\Users\Jules\Documents\IEES\idmybee\data\images\crop\organized\Bombus_pomorum\male\FR15ABOM200821005_S3.jpg,0.004332099625058917,False
647,c:\Users\Jules\Documents\IEES\idmybee\data\images\crop\organized\Bombus_pomorum\male\FR15ABOM200821010_P1.JPG,0.00437436059264621,False
648,c:\Users\Jules\Documents\IEES\idmybee\data\images\crop\organized\Bombus_pomorum\male\FR15ABOM200821010_P2.JPG,0.004401479932674959,False
649,c:\Users\Jules\Documents\IEES\idmybee\data\images\crop\organized\Bombus_pomorum\male\FR15ABOM200821010_S1.jpg,0.004340989744447183,False
650,c:\Users\Jules\Documents\IEES\idmybee\data\images\crop\organized\Bombus_pomorum\male\FR15ABOM200821010_S2.jpg,0.004291721646832701,False
651,c:\Users\Jules\Documents\IEES\idmybee\data\images\crop\organized\Bombus_pomorum\male\FR15ABOM200821010_S3.jpg,0.004312128176536467,False
652,c:\Users\Jules\Documents\IEES\idmybee\data\images\crop\organized\Bombus_pomorum\male\FR15ABOM200821209_P1.JPG,0.004528672619633838,False
653,c:\Users\Jules\Documents\IEES\idmybee\data\images\crop\organized\Bombus_pomorum\male\FR15ABOM200821209_P2.JPG,0.004430514739345136,False
654,c:\Users\Jules\Documents\IEES\idmybee\data\images\crop\organized\Bombus_pomorum\male\FR15ABOM200821209_S1.jpg,0.004568240058782058,False
655,c:\Users\Jules\Documents\IEES\idmybee\data\images\crop\organized\Bombus_pomorum\male\FR15ABOM200821209_S2.jpg,0.004391748309222819,False
656,c:\Users\Jules\Documents\IEES\idmybee\data\images\crop\organized\Bombus_pomorum\male\FR15ABOM200821209_S3.jpg,0.004556323238299771,False
657,c:\Users\Jules\Documents\IEES\idmybee\data\images\crop\organized\Bombus_pomorum\male\FR15ABOM210821014_P1.JPG,0.004080074986249374,False
658,c:\Users\Jules\Documents\IEES\idmybee\data\images\crop\organized\Bombus_pomorum\male\FR15ABOM210821014_P2.JPG,0.0041054635184027445,False
659,c:\Users\Jules\Documents\IEES\idmybee\data\images\crop\organized\Bombus_pomorum\male\FR15ABOM210821014_S1.jpg,0.004106179343302096,False
660,c:\Users\Jules\Documents\IEES\idmybee\data\images\crop\organized\Bombus_pomorum\male\FR15ABOM210821014_S2.jpg,0.004136053908698178,False
661,c:\Users\Jules\Documents\IEES\idmybee\data\images\crop\organized\Bombus_pomorum\male\FR15ABOM210821014_S3.jpg,0.004084695966888038,False
662,c:\Users\Jules\Documents\IEES\idmybee\data\images\crop\organized\Bombus_pomorum\male\FR15ABOM210821048_P1.JPG,0.004467693332652349,False
663,c:\Users\Jules\Documents\IEES\idmybee\data\images\crop\organized\Bombus_pomorum\male\FR15ABOM210821048_P2.JPG,0.004417346088395574,False
664,c:\Users\Jules\Documents\IEES\idmybee\data\images\crop\organized\Bombus_pomorum\male\FR15ABOM210821048_S1.jpg,0.004348395954863244,False
665,c:\Users\Jules\Documents\IEES\idmybee\data\images\crop\organized\Bombus_pomorum\male\FR15ABOM210821048_S2.jpg,0.0043455508136127485,False
666,c:\Users\Jules\Documents\IEES\idmybee\data\images\crop\organized\Bombus_pomorum\male\FR15ABOM210821048_S3.jpg,0.004406206401749471,False
667,c:\Users\Jules\Documents\IEES\idmybee\data\images\crop\organized\Bombus_pomorum\male\FR15ABOM210821100_P1.JPG,0.004305609621815181,False
668,c:\Users\Jules\Documents\IEES\idmybee\data\images\crop\organized\Bombus_pomorum\male\FR15ABOM210821100_P2.JPG,0.004239574959995286,False
669,c:\Users\Jules\Documents\IEES\idmybee\data\images\crop\organized\Bombus_pomorum\male\FR15ABOM210821100_S1.jpg,0.004297758929633363,False
670,c:\Users\Jules\Documents\IEES\idmybee\data\images\crop\organized\Bombus_pomorum\male\FR15ABOM210821100_S2.jpg,0.004267288173116107,False
671,c:\Users\Jules\Documents\IEES\idmybee\data\images\crop\organized\Bombus_pomorum\male\FR15ABOM210821100_S3.jpg,0.004285961486750883,False
672,c:\Users\Jules\Documents\IEES\idmybee\data\images\crop\organized\Bombus_pomorum\male\FR15ABOM210821107_P1.JPG,0.004319052013207073,False
673,c:\Users\Jules\Documents\IEES\idmybee\data\images\crop\organized\Bombus_pomorum\male\FR15ABOM210821107_P2.JPG,0.004345914771674837,False
674,c:\Users\Jules\Documents\IEES\idmybee\data\images\crop\organized\Bombus_pomorum\male\FR15ABOM210821107_S1.jpg,0.0043043167686866515,False
675,c:\Users\Jules\Documents\IEES\idmybee\data\images\crop\organized\Bombus_pomorum\male\FR15ABOM210821107_S2.jpg,0.004302471411762374,False
676,c:\Users\Jules\Documents\IEES\idmybee\data\images\crop\organized\Bombus_pomorum\male\FR15ABOM210821107_S3.jpg,0.004324565924266191,False
677,c:\Users\Jules\Documents\IEES\idmybee\data\images\crop\organized\Bombus_pomorum\male\FR15ABOM210821110_P1.JPG,0.00442908817018189,False
678,c:\Users\Jules\Documents\IEES\idmybee\data\images\crop\organized\Bombus_pomorum\male\FR15ABOM210821110_P2.JPG,0.004456254423645282,False
679,c:\Users\Jules\Documents\IEES\idmybee\data\images\crop\organized\Bombus_pomorum\male\FR15ABOM210821110_S1.jpg,0.0044559282329102905,False
680,c:\Users\Jules\Documents\IEES\idmybee\data\images\crop\organized\Bombus_pomorum\male\FR15ABOM210821110_S2.jpg,0.004415163610736232,False
681,c:\Users\Jules\Documents\IEES\idmybee\data\images\crop\organized\Bombus_pomorum\male\FR15ABOM210821110_S3.jpg,0.004363466549793273,False
682,c:\Users\Jules\Documents\IEES\idmybee\data\images\crop\organized\Bombus_pomorum\male\FR15ABOM210821115_P1.JPG,0.004365401490514324,False
683,c:\Users\Jules\Documents\IEES\idmybee\data\images\crop\organized\Bombus_pomorum\male\FR15ABOM210821115_P2.JPG,0.00449262084987783,False
684,c:\Users\Jules\Documents\IEES\idmybee\data\images\crop\organized\Bombus_pomorum\male\FR15ABOM210821115_S1.jpg,0.004429800103291236,False
685,c:\Users\Jules\Documents\IEES\idmybee\data\images\crop\organized\Bombus_pomorum\male\FR15ABOM210821115_S2.jpg,0.004406293151384492,False
686,c:\Users\Jules\Documents\IEES\idmybee\data\images\crop\organized\Bombus_pomorum\male\FR15ABOM210821115_S3.jpg,0.004370879090210526,False
687,c:\Users\Jules\Documents\IEES\idmybee\data\images\crop\organized\Bombus_pomorum\male\FR15ABOM210822012_P1.JPG,0.0047577267053419345,False
688,c:\Users\Jules\Documents\IEES\idmybee\data\images\crop\organized\Bombus_pomorum\male\FR15ABOM210822012_P2.JPG,0.004720891189203481,False
689,c:\Users\Jules\Documents\IEES\idmybee\data\images\crop\organized\Bombus_pomorum\male\FR15ABOM210822012_S1.jpg,0.004566906012225032,False
690,c:\Users\Jules\Documents\IEES\idmybee\data\images\crop\organized\Bombus_pomorum\male\FR15ABOM210822012_S2.jpg,0.004600339035416799,False
691,c:\Users\Jules\Documents\IEES\idmybee\data\images\crop\organized\Bombus_pomorum\male\FR15ABOM210822012_S3.jpg,0.004709344776588611,False
692,c:\Users\Jules\Documents\IEES\idmybee\data\images\crop\organized\Bombus_pomorum\male\FR15ABOM210822013_P1.JPG,0.004235797811800299,False
693,c:\Users\Jules\Documents\IEES\idmybee\data\images\crop\organized\Bombus_pomorum\male\FR15ABOM210822013_P2.JPG,0.0043469953554731025,False
694,c:\Users\Jules\Documents\IEES\idmybee\data\images\crop\organized\Bombus_pomorum\male\FR15ABOM210822013_S1.jpg,0.004344458652447498,False
695,c:\Users\Jules\Documents\IEES\idmybee\data\images\crop\organized\Bombus_pomorum\male\FR15ABOM210822013_S2.jpg,0.00429173368063051,False
696,c:\Users\Jules\Documents\IEES\idmybee\data\images\crop\organized\Bombus_pomorum\male\FR15ABOM210822013_S3.jpg,0.004443335577958132,False
697,c:\Users\Jules\Documents\IEES\idmybee\data\images\crop\organized\Bombus_pomorum\male\FR15ABOM210822014_P1.JPG,0.004324868724329344,False
698,c:\Users\Jules\Documents\IEES\idmybee\data\images\crop\organized\Bombus_pomorum\male\FR15ABOM210822014_P2.JPG,0.004265320573595042,False
699,c:\Users\Jules\Documents\IEES\idmybee\data\images\crop\organized\Bombus_pomorum\male\FR15ABOM210822014_S1.jpg,0.004234540840324176,False
700,c:\Users\Jules\Documents\IEES\idmybee\data\images\crop\organized\Bombus_pomorum\male\FR15ABOM210822014_S2.jpg,0.004345403100244874,False
701,c:\Users\Jules\Documents\IEES\idmybee\data\images\crop\organized\Bombus_pomorum\male\FR15ABOM210822014_S3.jpg,0.004263377383517791,False
702,c:\Users\Jules\Documents\IEES\idmybee\data\images\crop\organized\Bombus_pomorum\male\FR15ABOM210822015_P1.JPG,0.0044998156404144375,False
703,c:\Users\Jules\Documents\IEES\idmybee\data\images\crop\organized\Bombus_pomorum\male\FR15ABOM210822015_P2.JPG,0.004448665829322752,False
704,c:\Users\Jules\Documents\IEES\idmybee\data\images\crop\organized\Bombus_pomorum\male\FR15ABOM210822015_S1.jpg,0.004456471149851155,False
705,c:\Users\Jules\Documents\IEES\idmybee\data\images\crop\organized\Bombus_pomorum\male\FR15ABOM210822015_S2.jpg,0.004351653863942322,False
706,c:\Users\Jules\Documents\IEES\idmybee\data\images\crop\organized\Bombus_pomorum\male\FR15ABOM210822015_S3.jpg,0.0044832410297570135,False
707,c:\Users\Jules\Documents\IEES\idmybee\data\images\crop\organized\Bombus_pomorum\male\FR15ABOM210822016_P1.JPG,0.0045757265357506665,False
708,c:\Users\Jules\Documents\IEES\idmybee\data\images\crop\organized\Bombus_pomorum\male\FR15ABOM210822016_P2.JPG,0.004616502736184049,False
709,c:\Users\Jules\Documents\IEES\idmybee\data\images\crop\organized\Bombus_pomorum\male\FR15ABOM210822016_S1.jpg,0.004596105667995381,False
710,c:\Users\Jules\Documents\IEES\idmybee\data\images\crop\organized\Bombus_pomorum\male\FR15ABOM210822016_S2.jpg,0.004663519039270766,False
711,c:\Users\Jules\Documents\IEES\idmybee\data\images\crop\organized\Bombus_pomorum\male\FR15ABOM210822016_S3.jpg,0.00456989530759602,False
712,c:\Users\Jules\Documents\IEES\idmybee\data\images\crop\organized\Bombus_pomorum\male\NoName14_P1.JPG,0.004431055004452159,False
713,c:\Users\Jules\Documents\IEES\idmybee\data\images\crop\organized\Bombus_pomorum\male\NoName14_P2.JPG,0.0044390225699966895,False
714,c:\Users\Jules\Documents\IEES\idmybee\data\images\crop\organized\Bombus_pomorum\male\NoName14_S1.jpg,0.0044443250070902145,False
715,c:\Users\Jules\Documents\IEES\idmybee\data\images\crop\organized\Bombus_pomorum\male\NoName14_S2.jpg,0.004442182352681116,False
716,c:\Users\Jules\Documents\IEES\idmybee\data\images\crop\organized\Bombus_pomorum\male\NoName14_S3.jpg,0.004378316549114072,False
717,c:\Users\Jules\Documents\IEES\idmybee\data\images\crop\organized\Bombus_pomorum\male\NoName15_P1.JPG,0.004419861265674943,False
718,c:\Users\Jules\Documents\IEES\idmybee\data\images\crop\organized\Bombus_pomorum\male\NoName15_P2.JPG,0.00439798059502029,False
719,c:\Users\Jules\Documents\IEES\idmybee\data\images\crop\organized\Bombus_pomorum\male\NoName15_S1.jpg,0.004344069274592416,False
720,c:\Users\Jules\Documents\IEES\idmybee\data\images\crop\organized\Bombus_pomorum\male\NoName15_S2.jpg,0.004400090676391783,False
721,c:\Users\Jules\Documents\IEES\idmybee\data\images\crop\organized\Bombus_pomorum\male\NoName15_S3.jpg,0.004397935559682518,False
722,c:\Users\Jules\Documents\IEES\idmybee\data\images\crop\organized\Bombus_pomorum\male\NoName3_P1.JPG,0.004439779993904602,False
723,c:\Users\Jules\Documents\IEES\idmybee\data\images\crop\organized\Bombus_pomorum\male\NoName3_P2.JPG,0.004317765124803972,False
724,c:\Users\Jules\Documents\IEES\idmybee\data\images\crop\organized\Bombus_pomorum\male\NoName3_S1.jpg,0.004416122682000527,False
725,c:\Users\Jules\Documents\IEES\idmybee\data\images\crop\organized\Bombus_pomorum\male\NoName3_S2.jpg,0.004383512158246651,False
726,c:\Users\Jules\Documents\IEES\idmybee\data\images\crop\organized\Bombus_pomorum\male\NoName3_S3.jpg,0.004416965019740735,False
727,c:\Users\Jules\Documents\IEES\idmybee\data\images\crop\organized\Bombus_pomorum\queen\FR15ABOM100721047_P1.JPG,0.00466208897098811,False
728,c:\Users\Jules\Documents\IEES\idmybee\data\images\crop\organized\Bombus_pomorum\queen\FR15ABOM100721047_P2.JPG,0.004691198789768178,False
729,c:\Users\Jules\Documents\IEES\idmybee\data\images\crop\organized\Bombus_pomorum\queen\FR15ABOM100721047_S1.jpg,0.004613143953073175,False
730,c:\Users\Jules\Documents\IEES\idmybee\data\images\crop\organized\Bombus_pomorum\queen\FR15ABOM100721047_S2.jpg,0.004675518198052263,False
731,c:\Users\Jules\Documents\IEES\idmybee\data\images\crop\organized\Bombus_pomorum\queen\FR15ABOM100721047_S3.jpg,0.004673420515936264,False
732,c:\Users\Jules\Documents\IEES\idmybee\data\images\crop\organized\Bombus_pomorum\worker\FR15_ABOM180720054_P1.JPG,0.004406262166943595,False
733,c:\Users\Jules\Documents\IEES\idmybee\data\images\crop\organized\Bombus_pomorum\worker\FR15_ABOM180720054_P2.JPG,0.004460236541692114,False
734,c:\Users\Jules\Documents\IEES\idmybee\data\images\crop\organized\Bombus_pomorum\worker\FR15_ABOM180720054_S1.jpg,0.004391725041673223,False
735,c:\Users\Jules\Documents\IEES\idmybee\data\images\crop\organized\Bombus_pomorum\worker\FR15_ABOM180720054_S2.jpg,0.004346641693187176,False
736,c:\Users\Jules\Documents\IEES\idmybee\data\images\crop\organized\Bombus_pomorum\worker\FR15_ABOM180720054_S3.jpg,0.004374541507881934,False
737,c:\Users\Jules\Documents\IEES\idmybee\data\images\crop\organized\Bombus_pomorum\worker\FR15_ABOM30072020040_P1.JPG,0.004626407090139183,False
738,c:\Users\Jules\Documents\IEES\idmybee\data\images\crop\organized\Bombus_pomorum\worker\FR15_ABOM30072020040_P2.JPG,0.00462502251780835,False
739,c:\Users\Jules\Documents\IEES\idmybee\data\images\crop\organized\Bombus_pomorum\worker\FR15_ABOM30072020040_S1.jpg,0.004548006749848901,False
740,c:\Users\Jules\Documents\IEES\idmybee\data\images\crop\organized\Bombus_pomorum\worker\FR15_ABOM30072020040_S2.jpg,0.004571089697190806,False
741,c:\Users\Jules\Documents\IEES\idmybee\data\images\crop\organized\Bombus_pomorum\worker\FR15_ABOM30072020040_S3.jpg,0.004557451712560146,False
742,c:\Users\Jules\Documents\IEES\idmybee\data\images\crop\organized\Bombus_pomorum\worker\FR15_ABOM30072020044_P1.JPG,0.004437489656906151,False
743,c:\Users\Jules\Documents\IEES\idmybee\data\images\crop\organized\Bombus_pomorum\worker\FR15_ABOM30072020044_P2.JPG,0.004507756390946277,False
744,c:\Users\Jules\Documents\IEES\idmybee\data\images\crop\organized\Bombus_pomorum\worker\FR15_ABOM30072020044_S1.jpg,0.004509893266864525,False
745,c:\Users\Jules\Documents\IEES\idmybee\data\images\crop\organized\Bombus_pomorum\worker\FR15_ABOM30072020044_S2.jpg,0.0043749556629774896,False
746,c:\Users\Jules\Documents\IEES\idmybee\data\images\crop\organized\Bombus_pomorum\worker\FR15_ABOM30072020044_S3.jpg,0.00444001035490998,False
747,c:\Users\Jules\Documents\IEES\idmybee\data\images\crop\organized\Bombus_pomorum\worker\FR15_ABOM30072020045_P1.JPG,0.004250134756811019,False
748,c:\Users\Jules\Documents\IEES\idmybee\data\images\crop\organized\Bombus_pomorum\worker\FR15_ABOM30072020045_P2.JPG,0.004244505557381981,False
749,c:\Users\Jules\Documents\IEES\idmybee\data\images\crop\organized\Bombus_pomorum\worker\FR15_ABOM30072020045_S1.jpg,0.004122582271840797,False
750,c:\Users\Jules\Documents\IEES\idmybee\data\images\crop\organized\Bombus_pomorum\worker\FR15_ABOM30072020045_S2.jpg,0.004146393194417308,False
751,c:\Users\Jules\Documents\IEES\idmybee\data\images\crop\organized\Bombus_pomorum\worker\FR15_ABOM30072020045_S3.jpg,0.00420690728287491,False
752,c:\Users\Jules\Documents\IEES\idmybee\data\images\crop\organized\Bombus_pomorum\worker\FR15_ABOM30072020048_P1.JPG,0.004332086196827294,False
753,c:\Users\Jules\Documents\IEES\idmybee\data\images\crop\organized\Bombus_pomorum\worker\FR15_ABOM30072020048_P2.JPG,0.00424494821520452,False
754,c:\Users\Jules\Documents\IEES\idmybee\data\images\crop\organized\Bombus_pomorum\worker\FR15_ABOM30072020048_S1.jpg,0.004275257311267482,False
755,c:\Users\Jules\Documents\IEES\idmybee\data\images\crop\organized\Bombus_pomorum\worker\FR15_ABOM30072020048_S2.jpg,0.004398876946546784,False
756,c:\Users\Jules\Documents\IEES\idmybee\data\images\crop\organized\Bombus_pomorum\worker\FR15_ABOM30072020048_S3.jpg,0.004407372552627949,False
757,c:\Users\Jules\Documents\IEES\idmybee\data\images\crop\organized\Bombus_pomorum\worker\FR15_ABOM30072020071_P1.JPG,0.004499791814280076,False
758,c:\Users\Jules\Documents\IEES\idmybee\data\images\crop\organized\Bombus_pomorum\worker\FR15_ABOM30072020071_P2.JPG,0.004521292524301174,False
759,c:\Users\Jules\Documents\IEES\idmybee\data\images\crop\organized\Bombus_pomorum\worker\FR15_ABOM30072020071_S1.jpg,0.0045526983563903365,False
760,c:\Users\Jules\Documents\IEES\idmybee\data\images\crop\organized\Bombus_pomorum\worker\FR15_ABOM30072020071_S2.jpg,0.00454841427718472,False
761,c:\Users\Jules\Documents\IEES\idmybee\data\images\crop\organized\Bombus_pomorum\worker\FR15_ABOM30072020071_S3.jpg,0.004458265414537134,False
762,c:\Users\Jules\Documents\IEES\idmybee\data\images\crop\organized\Bombus_pomorum\worker\FR15ABOM150821068_P1.JPG,0.004477770933532445,False
763,c:\Users\Jules\Documents\IEES\idmybee\data\images\crop\organized\Bombus_pomorum\worker\FR15ABOM150821068_P2.JPG,0.004462908117632873,False
764,c:\Users\Jules\Documents\IEES\idmybee\data\images\crop\organized\Bombus_pomorum\worker\FR15ABOM150821068_S1.jpg,0.00439169248862986,False
765,c:\Users\Jules\Documents\IEES\idmybee\data\images\crop\organized\Bombus_pomorum\worker\FR15ABOM150821068_S2.jpg,0.004424546861478237,False
766,c:\Users\Jules\Documents\IEES\idmybee\data\images\crop\organized\Bombus_pomorum\worker\FR15ABOM150821068_S3.jpg,0.004436289940035108,False
767,c:\Users\Jules\Documents\IEES\idmybee\data\images\crop\organized\Bombus_pomorum\worker\FR15ABOM170821074_P1.JPG,0.0044979016269341525,False
768,c:\Users\Jules\Documents\IEES\idmybee\data\images\crop\organized\Bombus_pomorum\worker\FR15ABOM170821074_P2.JPG,0.004537210436790674,False
769,c:\Users\Jules\Documents\IEES\idmybee\data\images\crop\organized\Bombus_pomorum\worker\FR15ABOM170821074_S1.jpg,0.004486070510301846,False
770,c:\Users\Jules\Documents\IEES\idmybee\data\images\crop\organized\Bombus_pomorum\worker\FR15ABOM170821074_S2.jpg,0.004488413702208989,False
771,c:\Users\Jules\Documents\IEES\idmybee\data\images\crop\organized\Bombus_pomorum\worker\FR15ABOM170821074_S3.jpg,0.004475429059941693,False
772,c:\Users\Jules\Documents\IEES\idmybee\data\images\crop\organized\Bombus_pomorum\worker\FR15ABOM170821123_P1.JPG,0.004455071400827459,False
773,c:\Users\Jules\Documents\IEES\idmybee\data\images\crop\organized\Bombus_pomorum\worker\FR15ABOM170821123_P2.JPG,0.004517106540373649,False
774,c:\Users\Jules\Documents\IEES\idmybee\data\images\crop\organized\Bombus_pomorum\worker\FR15ABOM170821123_S1.jpg,0.004371023271170499,False
775,c:\Users\Jules\Documents\IEES\idmybee\data\images\crop\organized\Bombus_pomorum\worker\FR15ABOM170821123_S2.jpg,0.004426323451204474,False
776,c:\Users\Jules\Documents\IEES\idmybee\data\images\crop\organized\Bombus_pomorum\worker\FR15ABOM170821123_S3.jpg,0.004507760012501732,False
777,c:\Users\Jules\Documents\IEES\idmybee\data\images\crop\organized\Bombus_pomorum\worker\FR15ABOM200821004_P1.JPG,0.004507221815240244,False
778,c:\Users\Jules\Documents\IEES\idmybee\data\images\crop\organized\Bombus_pomorum\worker\FR15ABOM200821004_P2.JPG,0.0045068800304673305,False
779,c:\Users\Jules\Documents\IEES\idmybee\data\images\crop\organized\Bombus_pomorum\worker\FR15ABOM200821004_S1.jpg,0.004437933437943419,False
780,c:\Users\Jules\Documents\IEES\idmybee\data\images\crop\organized\Bombus_pomorum\worker\FR15ABOM200821004_S2.jpg,0.004441834884173084,False
781,c:\Users\Jules\Documents\IEES\idmybee\data\images\crop\organized\Bombus_pomorum\worker\FR15ABOM200821004_S3.jpg,0.004451636169089104,False
782,c:\Users\Jules\Documents\IEES\idmybee\data\images\crop\organized\Bombus_pomorum\worker\FR15ABOM200821014_P1.JPG,0.004439708651514686,False
783,c:\Users\Jules\Documents\IEES\idmybee\data\images\crop\organized\Bombus_pomorum\worker\FR15ABOM200821014_P2.JPG,0.0044793322465609894,False
784,c:\Users\Jules\Documents\IEES\idmybee\data\images\crop\organized\Bombus_pomorum\worker\FR15ABOM200821014_S1.jpg,0.004441791284033991,False
785,c:\Users\Jules\Documents\IEES\idmybee\data\images\crop\organized\Bombus_pomorum\worker\FR15ABOM200821014_S2.jpg,0.004412470353775864,False
786,c:\Users\Jules\Documents\IEES\idmybee\data\images\crop\organized\Bombus_pomorum\worker\FR15ABOM200821014_S3.jpg,0.004434620736866162,False
787,c:\Users\Jules\Documents\IEES\idmybee\data\images\crop\organized\Bombus_pomorum\worker\FR15ABOM200821035_P1.JPG,0.004516159875773366,False
788,c:\Users\Jules\Documents\IEES\idmybee\data\images\crop\organized\Bombus_pomorum\worker\FR15ABOM200821035_P2.JPG,0.004464538547566608,False
789,c:\Users\Jules\Documents\IEES\idmybee\data\images\crop\organized\Bombus_pomorum\worker\FR15ABOM200821035_S1.jpg,0.00450343050823661,False
790,c:\Users\Jules\Documents\IEES\idmybee\data\images\crop\organized\Bombus_pomorum\worker\FR15ABOM200821035_S2.jpg,0.004465314321006382,False
791,c:\Users\Jules\Documents\IEES\idmybee\data\images\crop\organized\Bombus_pomorum\worker\FR15ABOM200821035_S3.jpg,0.0044523066734736,False
792,c:\Users\Jules\Documents\IEES\idmybee\data\images\crop\organized\Bombus_pomorum\worker\FR15ABOM200821126_P1.JPG,0.004482717836348355,False
793,c:\Users\Jules\Documents\IEES\idmybee\data\images\crop\organized\Bombus_pomorum\worker\FR15ABOM200821126_P2.JPG,0.004426981131615175,False
794,c:\Users\Jules\Documents\IEES\idmybee\data\images\crop\organized\Bombus_pomorum\worker\FR15ABOM200821126_S1.jpg,0.0044312794741169954,False
795,c:\Users\Jules\Documents\IEES\idmybee\data\images\crop\organized\Bombus_pomorum\worker\FR15ABOM200821126_S2.jpg,0.00442528844246665,False
796,c:\Users\Jules\Documents\IEES\idmybee\data\images\crop\organized\Bombus_pomorum\worker\FR15ABOM200821126_S3.jpg,0.004364907755667502,False
797,c:\Users\Jules\Documents\IEES\idmybee\data\images\crop\organized\Bombus_pomorum\worker\FR15ABOM200821202_P1.JPG,0.004294772027230088,False
798,c:\Users\Jules\Documents\IEES\idmybee\data\images\crop\organized\Bombus_pomorum\worker\FR15ABOM200821202_P2.JPG,0.004263774643074283,False
799,c:\Users\Jules\Documents\IEES\idmybee\data\images\crop\organized\Bombus_pomorum\worker\FR15ABOM200821202_S1.jpg,0.004222281792723347,False
800,c:\Users\Jules\Documents\IEES\idmybee\data\images\crop\organized\Bombus_pomorum\worker\FR15ABOM200821202_S2.jpg,0.004187539106528263,False
801,c:\Users\Jules\Documents\IEES\idmybee\data\images\crop\organized\Bombus_pomorum\worker\FR15ABOM200821202_S3.jpg,0.004283732363376201,False
802,c:\Users\Jules\Documents\IEES\idmybee\data\images\crop\organized\Bombus_pomorum\worker\FR15ABOM200821215_P1.JPG,0.004329736596993506,False
803,c:\Users\Jules\Documents\IEES\idmybee\data\images\crop\organized\Bombus_pomorum\worker\FR15ABOM200821215_P2.JPG,0.0043634736519202865,False
804,c:\Users\Jules\Documents\IEES\idmybee\data\images\crop\organized\Bombus_pomorum\worker\FR15ABOM200821215_S1.jpg,0.004307180883565656,False
805,c:\Users\Jules\Documents\IEES\idmybee\data\images\crop\organized\Bombus_pomorum\worker\FR15ABOM200821215_S2.jpg,0.004334121326898307,False
806,c:\Users\Jules\Documents\IEES\idmybee\data\images\crop\organized\Bombus_pomorum\worker\FR15ABOM200821215_S3.jpg,0.004348027844770088,False
807,c:\Users\Jules\Documents\IEES\idmybee\data\images\crop\organized\Bombus_pomorum\worker\FR15ABOM200821233_P1.JPG,0.004404399400132039,False
808,c:\Users\Jules\Documents\IEES\idmybee\data\images\crop\organized\Bombus_pomorum\worker\FR15ABOM200821233_P2.JPG,0.0043964912761762604,False
809,c:\Users\Jules\Documents\IEES\idmybee\data\images\crop\organized\Bombus_pomorum\worker\FR15ABOM200821233_S1.jpg,0.004402496484337449,False
810,c:\Users\Jules\Documents\IEES\idmybee\data\images\crop\organized\Bombus_pomorum\worker\FR15ABOM200821233_S2.jpg,0.004438068771306994,False
811,c:\Users\Jules\Documents\IEES\idmybee\data\images\crop\organized\Bombus_pomorum\worker\FR15ABOM200821233_S3.jpg,0.004383318781239532,False
812,c:\Users\Jules\Documents\IEES\idmybee\data\images\crop\organized\Bombus_pomorum\worker\FR15ABOM210821043_P1.JPG,0.004557866713670022,False
813,c:\Users\Jules\Documents\IEES\idmybee\data\images\crop\organized\Bombus_pomorum\worker\FR15ABOM210821043_P2.JPG,0.00456197035825115,False
814,c:\Users\Jules\Documents\IEES\idmybee\data\images\crop\organized\Bombus_pomorum\worker\FR15ABOM210821043_S1.jpg,0.004477073395500722,False
815,c:\Users\Jules\Documents\IEES\idmybee\data\images\crop\organized\Bombus_pomorum\worker\FR15ABOM210821043_S2.jpg,0.004613238422515861,False
816,c:\Users\Jules\Documents\IEES\idmybee\data\images\crop\organized\Bombus_pomorum\worker\FR15ABOM210821043_S3.jpg,0.0044665907353300975,False
817,c:\Users\Jules\Documents\IEES\idmybee\data\images\crop\organized\Bombus_pomorum\worker\FR15ABOM210821119_P1.JPG,0.0040934901824296105,False
818,c:\Users\Jules\Documents\IEES\idmybee\data\images\crop\organized\Bombus_pomorum\worker\FR15ABOM210821119_P2.JPG,0.004099789717640113,False
819,c:\Users\Jules\Documents\IEES\idmybee\data\images\crop\organized\Bombus_pomorum\worker\FR15ABOM210821119_S1.jpg,0.004121865628695134,False
820,c:\Users\Jules\Documents\IEES\idmybee\data\images\crop\organized\Bombus_pomorum\worker\FR15ABOM210821119_S2.jpg,0.004144175253564334,False
821,c:\Users\Jules\Documents\IEES\idmybee\data\images\crop\organized\Bombus_pomorum\worker\FR15ABOM210821119_S3.jpg,0.004086116077390045,False
822,c:\Users\Jules\Documents\IEES\idmybee\data\images\crop\organized\Bombus_pomorum\worker\FR15ABOM220821055_P1.JPG,0.004559536101975751,False
823,c:\Users\Jules\Documents\IEES\idmybee\data\images\crop\organized\Bombus_pomorum\worker\FR15ABOM220821055_P2.JPG,0.0044868481421608975,False
824,c:\Users\Jules\Documents\IEES\idmybee\data\images\crop\organized\Bombus_pomorum\worker\FR15ABOM220821055_S1.jpg,0.004452152432820906,False
825,c:\Users\Jules\Documents\IEES\idmybee\data\images\crop\organized\Bombus_pomorum\worker\FR15ABOM220821055_S2.jpg,0.0045238622746774605,False
826,c:\Users\Jules\Documents\IEES\idmybee\data\images\crop\organized\Bombus_pomorum\worker\FR15ABOM220821055_S3.jpg,0.004402110934214349,False
827,c:\Users\Jules\Documents\IEES\idmybee\data\images\crop\organized\Bombus_pomorum\worker\OPPO.7362_P1.JPG,0.004460618374786369,False
828,c:\Users\Jules\Documents\IEES\idmybee\data\images\crop\organized\Bombus_pomorum\worker\OPPO.7362_P2.JPG,0.004487803209116861,False
829,c:\Users\Jules\Documents\IEES\idmybee\data\images\crop\organized\Bombus_pomorum\worker\OPPO.7362_S1.jpg,0.0044239309807793566,False
830,c:\Users\Jules\Documents\IEES\idmybee\data\images\crop\organized\Bombus_pomorum\worker\OPPO.7362_S2.jpg,0.00442283338968141,False
831,c:\Users\Jules\Documents\IEES\idmybee\data\images\crop\organized\Bombus_pomorum\worker\OPPO.7362_S3.jpg,0.004483317217497533,False
832,c:\Users\Jules\Documents\IEES\idmybee\data\images\crop\organized\Bombus_pomorum\worker\POLLINIS4415_P1.JPG,0.0044624994417394774,False
833,c:\Users\Jules\Documents\IEES\idmybee\data\images\crop\organized\Bombus_pomorum\worker\POLLINIS4415_P2.JPG,0.004487858208716712,False
834,c:\Users\Jules\Documents\IEES\idmybee\data\images\crop\organized\Bombus_pomorum\worker\POLLINIS4415_S1.jpg,0.004451205966944751,False
835,c:\Users\Jules\Documents\IEES\idmybee\data\images\crop\organized\Bombus_pomorum\worker\POLLINIS4415_S2.jpg,0.004451814020744995,False
836,c:\Users\Jules\Documents\IEES\idmybee\data\images\crop\organized\Bombus_pomorum\worker\POLLINIS4415_S3.jpg,0.0043404451111492244,False
837,c:\Users\Jules\Documents\IEES\idmybee\data\images\crop\organized\Bombus_pratorum\male\2007.0008_P1.JPG,0.004891509919185115,False
838,c:\Users\Jules\Documents\IEES\idmybee\data\images\crop\organized\Bombus_pratorum\male\2007.0008_P2.JPG,0.004897669168188936,False
839,c:\Users\Jules\Documents\IEES\idmybee\data\images\crop\organized\Bombus_pratorum\male\2007.0008_S1.jpg,0.004765067222171649,False
840,c:\Users\Jules\Documents\IEES\idmybee\data\images\crop\organized\Bombus_pratorum\male\2007.0008_S2.jpg,0.004756783026855393,False
841,c:\Users\Jules\Documents\IEES\idmybee\data\images\crop\organized\Bombus_pratorum\male\2007.0008_S3.jpg,0.004762710750916374,False
844,c:\Users\Jules\Documents\IEES\idmybee\data\images\crop\organized\Bombus_pratorum\male\2013.0265_S1.jpg,0.004474128462282171,False
845,c:\Users\Jules\Documents\IEES\idmybee\data\images\crop\organized\Bombus_pratorum\male\2013.0265_S2.jpg,0.004298647479320265,False
846,c:\Users\Jules\Documents\IEES\idmybee\data\images\crop\organized\Bombus_pratorum\male\2013.0265_S3.jpg,0.004467648123909727,False
847,c:\Users\Jules\Documents\IEES\idmybee\data\images\crop\organized\Bombus_pratorum\male\2019.02059_P1.JPG,0.0045844639696834225,False
848,c:\Users\Jules\Documents\IEES\idmybee\data\images\crop\organized\Bombus_pratorum\male\2019.02059_P2.JPG,0.004512540165336965,False
849,c:\Users\Jules\Documents\IEES\idmybee\data\images\crop\organized\Bombus_pratorum\male\2019.02059_S1.jpg,0.004505824636910825,False
850,c:\Users\Jules\Documents\IEES\idmybee\data\images\crop\organized\Bombus_pratorum\male\2019.02059_S2.jpg,0.0044245745224300755,False
851,c:\Users\Jules\Documents\IEES\idmybee\data\images\crop\organized\Bombus_pratorum\male\2019.02059_S3.jpg,0.0044342621353057,False
852,c:\Users\Jules\Documents\IEES\idmybee\data\images\crop\organized\Bombus_pratorum\male\2019.02073_P1.JPG,0.004537999471622263,False
853,c:\Users\Jules\Documents\IEES\idmybee\data\images\crop\organized\Bombus_pratorum\male\2019.02073_P2.JPG,0.004631511644480968,False
854,c:\Users\Jules\Documents\IEES\idmybee\data\images\crop\organized\Bombus_pratorum\male\2019.02073_S1.jpg,0.0045761083898832565,False
855,c:\Users\Jules\Documents\IEES\idmybee\data\images\crop\organized\Bombus_pratorum\male\2019.02073_S2.jpg,0.004533573521667927,False
856,c:\Users\Jules\Documents\IEES\idmybee\data\images\crop\organized\Bombus_pratorum\male\2019.02073_S3.jpg,0.004590125923003681,False
857,c:\Users\Jules\Documents\IEES\idmybee\data\images\crop\organized\Bombus_pratorum\male\2019.02080_P1.JPG,0.004476949011948071,False
858,c:\Users\Jules\Documents\IEES\idmybee\data\images\crop\organized\Bombus_pratorum\male\2019.02080_P2.JPG,0.0044901677804926494,False
859,c:\Users\Jules\Documents\IEES\idmybee\data\images\crop\organized\Bombus_pratorum\male\2019.02080_S1.jpg,0.004479846891115875,False
860,c:\Users\Jules\Documents\IEES\idmybee\data\images\crop\organized\Bombus_pratorum\male\2019.02080_S2.jpg,0.004519656996551527,False
861,c:\Users\Jules\Documents\IEES\idmybee\data\images\crop\organized\Bombus_pratorum\male\2019.02080_S3.jpg,0.004420112173496208,False
862,c:\Users\Jules\Documents\IEES\idmybee\data\images\crop\organized\Bombus_pratorum\male\2019.02175_P1.JPG,0.00471344508483142,False
863,c:\Users\Jules\Documents\IEES\idmybee\data\images\crop\organized\Bombus_pratorum\male\2019.02175_P2.JPG,0.0046035558184398685,False
864,c:\Users\Jules\Documents\IEES\idmybee\data\images\crop\organized\Bombus_pratorum\male\2019.02175_S1.jpg,0.0046201280624484425,False
865,c:\Users\Jules\Documents\IEES\idmybee\data\images\crop\organized\Bombus_pratorum\male\2019.02175_S2.jpg,0.004560570046392571,False
866,c:\Users\Jules\Documents\IEES\idmybee\data\images\crop\organized\Bombus_pratorum\male\2019.02175_S3.jpg,0.004580508387071605,False
867,c:\Users\Jules\Documents\IEES\idmybee\data\images\crop\organized\Bombus_pratorum\male\2020.00301_P1.JPG,0.004527041462650854,False
868,c:\Users\Jules\Documents\IEES\idmybee\data\images\crop\organized\Bombus_pratorum\male\2020.00301_P2.JPG,0.004496058689234823,False
869,c:\Users\Jules\Documents\IEES\idmybee\data\images\crop\organized\Bombus_pratorum\male\2020.00301_S1.jpg,0.004494167092412412,False
870,c:\Users\Jules\Documents\IEES\idmybee\data\images\crop\organized\Bombus_pratorum\male\2020.00301_S2.jpg,0.004488130544985887,False
871,c:\Users\Jules\Documents\IEES\idmybee\data\images\crop\organized\Bombus_pratorum\male\2020.00301_S3.jpg,0.004467811236384945,False
872,c:\Users\Jules\Documents\IEES\idmybee\data\images\crop\organized\Bombus_pratorum\male\2020.03926_P1.JPG,0.004768186647973776,False
874,c:\Users\Jules\Documents\IEES\idmybee\data\images\crop\organized\Bombus_pratorum\male\2020.03926_S1.jpg,0.004814070069275287,False
875,c:\Users\Jules\Documents\IEES\idmybee\data\images\crop\organized\Bombus_pratorum\male\2020.03926_S2.jpg,0.004697182091820487,False
876,c:\Users\Jules\Documents\IEES\idmybee\data\images\crop\organized\Bombus_pratorum\male\2020.03926_S3.jpg,0.004529848321788312,False
877,c:\Users\Jules\Documents\IEES\idmybee\data\images\crop\organized\Bombus_pratorum\male\ABAURA8233_P1.JPG,0.004748583185431506,False
878,c:\Users\Jules\Documents\IEES\idmybee\data\images\crop\organized\Bombus_pratorum\male\ABAURA8233_P2.JPG,0.00480277245750115,False
879,c:\Users\Jules\Documents\IEES\idmybee\data\images\crop\organized\Bombus_pratorum\male\ABAURA8233_S1.jpg,0.004755412967824663,False
880,c:\Users\Jules\Documents\IEES\idmybee\data\images\crop\organized\Bombus_pratorum\male\ABAURA8233_S2.jpg,0.004739105032348269,False
881,c:\Users\Jules\Documents\IEES\idmybee\data\images\crop\organized\Bombus_pratorum\male\ABAURA8233_S3.jpg,0.004682049581669944,False
883,c:\Users\Jules\Documents\IEES\idmybee\data\images\crop\organized\Bombus_pratorum\male\ABAURA8238_P2.JPG,0.004726929365907274,False
884,c:\Users\Jules\Documents\IEES\idmybee\data\images\crop\organized\Bombus_pratorum\male\ABAURA8238_S2.jpg,0.004636653702930241,False
885,c:\Users\Jules\Documents\IEES\idmybee\data\images\crop\organized\Bombus_pratorum\male\ABAURA8238_S3.jpg,0.004698022794484568,False
886,c:\Users\Jules\Documents\IEES\idmybee\data\images\crop\organized\Bombus_pratorum\male\ABAURA8607_P1.JPG,0.004640164492793382,False
887,c:\Users\Jules\Documents\IEES\idmybee\data\images\crop\organized\Bombus_pratorum\male\ABAURA8607_P2.JPG,0.004584071807036943,False
888,c:\Users\Jules\Documents\IEES\idmybee\data\images\crop\organized\Bombus_pratorum\male\ABAURA8607_S1.jpg,0.0045611599271230775,False
889,c:\Users\Jules\Documents\IEES\idmybee\data\images\crop\organized\Bombus_pratorum\male\ABAURA8607_S2.jpg,0.00457062321657616,False
890,c:\Users\Jules\Documents\IEES\idmybee\data\images\crop\organized\Bombus_pratorum\male\ABAURA8607_S3.jpg,0.0045380178133434985,False
891,c:\Users\Jules\Documents\IEES\idmybee\data\images\crop\organized\Bombus_pratorum\male\ABAURA8747_P1.JPG,0.004666759502750414,False
892,c:\Users\Jules\Documents\IEES\idmybee\data\images\crop\organized\Bombus_pratorum\male\ABAURA8747_P2.JPG,0.004628763781345799,False
893,c:\Users\Jules\Documents\IEES\idmybee\data\images\crop\organized\Bombus_pratorum\male\ABAURA8747_S1.jpg,0.004592908409002509,False
894,c:\Users\Jules\Documents\IEES\idmybee\data\images\crop\organized\Bombus_pratorum\male\ABAURA8747_S2.jpg,0.004592217628250709,False
895,c:\Users\Jules\Documents\IEES\idmybee\data\images\crop\organized\Bombus_pratorum\male\ABAURA8747_S3.jpg,0.004618873690065639,False
896,c:\Users\Jules\Documents\IEES\idmybee\data\images\crop\organized\Bombus_pratorum\male\ABAURA8764_P1.JPG,0.004600872668224325,False
897,c:\Users\Jules\Documents\IEES\idmybee\data\images\crop\organized\Bombus_pratorum\male\ABAURA8764_P2.JPG,0.004485978178115616,False
898,c:\Users\Jules\Documents\IEES\idmybee\data\images\crop\organized\Bombus_pratorum\male\ABAURA8764_S1.jpg,0.004501991394542551,False
899,c:\Users\Jules\Documents\IEES\idmybee\data\images\crop\organized\Bombus_pratorum\male\ABAURA8764_S2.jpg,0.004528684427060991,False
900,c:\Users\Jules\Documents\IEES\idmybee\data\images\crop\organized\Bombus_pratorum\male\ABAURA8764_S3.jpg,0.004475207514104538,False
901,c:\Users\Jules\Documents\IEES\idmybee\data\images\crop\organized\Bombus_pratorum\male\AGR.2016.1415_P1.JPG,0.004786376161470775,False
902,c:\Users\Jules\Documents\IEES\idmybee\data\images\crop\organized\Bombus_pratorum\male\AGR.2016.1415_P2.JPG,0.004767155572816975,False
903,c:\Users\Jules\Documents\IEES\idmybee\data\images\crop\organized\Bombus_pratorum\male\AGR.2016.1415_S1.jpg,0.004535980844327391,False
904,c:\Users\Jules\Documents\IEES\idmybee\data\images\crop\organized\Bombus_pratorum\male\AGR.2016.1415_S2.jpg,0.004678041214848531,False
905,c:\Users\Jules\Documents\IEES\idmybee\data\images\crop\organized\Bombus_pratorum\male\AGR.2016.1415_S3.jpg,0.00467896072543706,False
906,c:\Users\Jules\Documents\IEES\idmybee\data\images\crop\organized\Bombus_pratorum\male\CD388229_P1.JPG,0.004595100924160272,False
907,c:\Users\Jules\Documents\IEES\idmybee\data\images\crop\organized\Bombus_pratorum\male\CD388229_P2.JPG,0.00463397970519138,False
908,c:\Users\Jules\Documents\IEES\idmybee\data\images\crop\organized\Bombus_pratorum\male\CD388229_S1.jpg,0.004590006004412575,False
909,c:\Users\Jules\Documents\IEES\idmybee\data\images\crop\organized\Bombus_pratorum\male\CD388229_S2.jpg,0.004593694827894688,False
910,c:\Users\Jules\Documents\IEES\idmybee\data\images\crop\organized\Bombus_pratorum\male\CD388229_S3.jpg,0.004570372088578067,False
911,c:\Users\Jules\Documents\IEES\idmybee\data\images\crop\organized\Bombus_pratorum\male\CD388230_P1.JPG,0.004488855306241869,False
912,c:\Users\Jules\Documents\IEES\idmybee\data\images\crop\organized\Bombus_pratorum\male\CD388230_P2.JPG,0.0044415468509784225,False
913,c:\Users\Jules\Documents\IEES\idmybee\data\images\crop\organized\Bombus_pratorum\male\CD388230_S1.jpg,0.00448468047699653,False
914,c:\Users\Jules\Documents\IEES\idmybee\data\images\crop\organized\Bombus_pratorum\male\CD388230_S2.jpg,0.004417441419335648,False
915,c:\Users\Jules\Documents\IEES\idmybee\data\images\crop\organized\Bombus_pratorum\male\CD388230_S3.jpg,0.004398381373045262,False
916,c:\Users\Jules\Documents\IEES\idmybee\data\images\crop\organized\Bombus_pratorum\male\CD388230b_P1.JPG,0.004655624062057313,False
917,c:\Users\Jules\Documents\IEES\idmybee\data\images\crop\organized\Bombus_pratorum\male\CD388230b_P2.JPG,0.004666476741797364,False
918,c:\Users\Jules\Documents\IEES\idmybee\data\images\crop\organized\Bombus_pratorum\male\CD388230b_S1.jpg,0.0045949315200194485,False
919,c:\Users\Jules\Documents\IEES\idmybee\data\images\crop\organized\Bombus_pratorum\male\CD388230b_S2.jpg,0.0046280296639538785,False
920,c:\Users\Jules\Documents\IEES\idmybee\data\images\crop\organized\Bombus_pratorum\male\CD388230b_S3.jpg,0.004640276354222967,False
921,c:\Users\Jules\Documents\IEES\idmybee\data\images\crop\organized\Bombus_pratorum\male\CD388861_P1.JPG,0.004736619851635159,False
922,c:\Users\Jules\Documents\IEES\idmybee\data\images\crop\organized\Bombus_pratorum\male\CD388861_P2.JPG,0.0047280830952052735,False
923,c:\Users\Jules\Documents\IEES\idmybee\data\images\crop\organized\Bombus_pratorum\male\CD388861_S1.jpg,0.004677150381006868,False
924,c:\Users\Jules\Documents\IEES\idmybee\data\images\crop\organized\Bombus_pratorum\male\CD388861_S2.jpg,0.004754209373552735,False
925,c:\Users\Jules\Documents\IEES\idmybee\data\images\crop\organized\Bombus_pratorum\male\CD388861_S3.jpg,0.0046228872284959956,False
926,c:\Users\Jules\Documents\IEES\idmybee\data\images\crop\organized\Bombus_pratorum\male\N126_P1.JPG,0.0044348672517589465,False
927,c:\Users\Jules\Documents\IEES\idmybee\data\images\crop\organized\Bombus_pratorum\male\N126_P2.JPG,0.00436289216531957,False
928,c:\Users\Jules\Documents\IEES\idmybee\data\images\crop\organized\Bombus_pratorum\male\N126_P3.JPG,0.004288761199213254,False
929,c:\Users\Jules\Documents\IEES\idmybee\data\images\crop\organized\Bombus_pratorum\male\N126_P4.JPG,0.004423311815099759,False
930,c:\Users\Jules\Documents\IEES\idmybee\data\images\crop\organized\Bombus_pratorum\male\N126_P5.JPG,0.004360258603011773,False
931,c:\Users\Jules\Documents\IEES\idmybee\data\images\crop\organized\Bombus_pratorum\male\N126_S1.jpg,0.004285155732758755,False
932,c:\Users\Jules\Documents\IEES\idmybee\data\images\crop\organized\Bombus_pratorum\male\N126_S2.jpg,0.00430918049780208,False
933,c:\Users\Jules\Documents\IEES\idmybee\data\images\crop\organized\Bombus_pratorum\male\N126_S3.jpg,0.004328782296730244,False
934,c:\Users\Jules\Documents\IEES\idmybee\data\images\crop\organized\Bombus_pratorum\male\N126_S4.jpg,0.004253358934384032,False
935,c:\Users\Jules\Documents\IEES\idmybee\data\images\crop\organized\Bombus_pratorum\male\N126_S5.jpg,0.004327033771893634,False
936,c:\Users\Jules\Documents\IEES\idmybee\data\images\crop\organized\Bombus_pratorum\male\N384_P1.JPG,0.004615839877154084,False
937,c:\Users\Jules\Documents\IEES\idmybee\data\images\crop\organized\Bombus_pratorum\male\N384_P2.JPG,0.004580719027886693,False
938,c:\Users\Jules\Documents\IEES\idmybee\data\images\crop\organized\Bombus_pratorum\male\N384_P3.JPG,0.004503938826226365,False
939,c:\Users\Jules\Documents\IEES\idmybee\data\images\crop\organized\Bombus_pratorum\male\N384_P4.JPG,0.004450850331861332,False
940,c:\Users\Jules\Documents\IEES\idmybee\data\images\crop\organized\Bombus_pratorum\male\N384_P5.JPG,0.004602520567106975,False
941,c:\Users\Jules\Documents\IEES\idmybee\data\images\crop\organized\Bombus_pratorum\male\N384_S1.jpg,0.004502462239649196,False
942,c:\Users\Jules\Documents\IEES\idmybee\data\images\crop\organized\Bombus_pratorum\male\N384_S2.jpg,0.004525965973316706,False
943,c:\Users\Jules\Documents\IEES\idmybee\data\images\crop\organized\Bombus_pratorum\male\N384_S3.jpg,0.0045213187462138016,False
944,c:\Users\Jules\Documents\IEES\idmybee\data\images\crop\organized\Bombus_pratorum\male\N384_S4.jpg,0.004574592780671405,False
945,c:\Users\Jules\Documents\IEES\idmybee\data\images\crop\organized\Bombus_pratorum\male\N384_S5.jpg,0.0045122226077706756,False
946,c:\Users\Jules\Documents\IEES\idmybee\data\images\crop\organized\Bombus_pratorum\male\N385_P1.JPG,0.0043253607612610085,False
947,c:\Users\Jules\Documents\IEES\idmybee\data\images\crop\organized\Bombus_pratorum\male\N385_P2.JPG,0.004369569869216908,False
948,c:\Users\Jules\Documents\IEES\idmybee\data\images\crop\organized\Bombus_pratorum\male\N385_P3.JPG,0.004317767684764441,False
949,c:\Users\Jules\Documents\IEES\idmybee\data\images\crop\organized\Bombus_pratorum\male\N385_P4.JPG,0.004410829361397828,False
950,c:\Users\Jules\Documents\IEES\idmybee\data\images\crop\organized\Bombus_pratorum\male\N385_P5.JPG,0.004425623339661676,False
951,c:\Users\Jules\Documents\IEES\idmybee\data\images\crop\organized\Bombus_pratorum\male\N385_S1.jpg,0.004330529070511173,False
952,c:\Users\Jules\Documents\IEES\idmybee\data\images\crop\organized\Bombus_pratorum\male\N385_S2.jpg,0.004271836311766881,False
953,c:\Users\Jules\Documents\IEES\idmybee\data\images\crop\organized\Bombus_pratorum\male\N385_S3.jpg,0.004305436780862897,False
954,c:\Users\Jules\Documents\IEES\idmybee\data\images\crop\organized\Bombus_pratorum\male\N385_S4.jpg,0.004285635257888068,False
955,c:\Users\Jules\Documents\IEES\idmybee\data\images\crop\organized\Bombus_pratorum\male\N385_S5.jpg,0.004263000466109941,False
956,c:\Users\Jules\Documents\IEES\idmybee\data\images\crop\organized\Bombus_pratorum\male\N628_P1.JPG,0.004418198571231682,False
957,c:\Users\Jules\Documents\IEES\idmybee\data\images\crop\organized\Bombus_pratorum\male\N628_P2.JPG,0.004499438733553234,False
958,c:\Users\Jules\Documents\IEES\idmybee\data\images\crop\organized\Bombus_pratorum\male\N628_P3.JPG,0.006391841318331187,True
959,c:\Users\Jules\Documents\IEES\idmybee\data\images\crop\organized\Bombus_pratorum\male\N628_P4.JPG,0.004099658088885775,False
962,c:\Users\Jules\Documents\IEES\idmybee\data\images\crop\organized\Bombus_pratorum\male\N628_S2.jpg,0.008415849161753313,True
963,c:\Users\Jules\Documents\IEES\idmybee\data\images\crop\organized\Bombus_pratorum\male\N628_S3.jpg,0.008601121617444335,True
965,c:\Users\Jules\Documents\IEES\idmybee\data\images\crop\organized\Bombus_pratorum\male\N628_S5.jpg,0.005519563585436458,True
967,c:\Users\Jules\Documents\IEES\idmybee\data\images\crop\organized\Bombus_pratorum\male\N815_P2.JPG,0.004776245202147361,False
968,c:\Users\Jules\Documents\IEES\idmybee\data\images\crop\organized\Bombus_pratorum\male\N815_P3.JPG,0.004799094937309776,False
969,c:\Users\Jules\Documents\IEES\idmybee\data\images\crop\organized\Bombus_pratorum\male\N815_P4.JPG,0.004692978720884755,False
970,c:\Users\Jules\Documents\IEES\idmybee\data\images\crop\organized\Bombus_pratorum\male\N815_P5.JPG,0.0047895441199357364,False
971,c:\Users\Jules\Documents\IEES\idmybee\data\images\crop\organized\Bombus_pratorum\male\N815_S1.jpg,0.004784321801652796,False
972,c:\Users\Jules\Documents\IEES\idmybee\data\images\crop\organized\Bombus_pratorum\male\N815_S2.jpg,0.004741330916492032,False
973,c:\Users\Jules\Documents\IEES\idmybee\data\images\crop\organized\Bombus_pratorum\male\N815_S3.jpg,0.004790869004587171,False
974,c:\Users\Jules\Documents\IEES\idmybee\data\images\crop\organized\Bombus_pratorum\male\N815_S4.jpg,0.004659005070099356,False
975,c:\Users\Jules\Documents\IEES\idmybee\data\images\crop\organized\Bombus_pratorum\male\N815_S5.jpg,0.004838885368036738,False
976,c:\Users\Jules\Documents\IEES\idmybee\data\images\crop\organized\Bombus_pratorum\male\POLLINIS4351_P1.JPG,0.004661632905459929,False
977,c:\Users\Jules\Documents\IEES\idmybee\data\images\crop\organized\Bombus_pratorum\male\POLLINIS4351_P2.JPG,0.004710637096819508,False
978,c:\Users\Jules\Documents\IEES\idmybee\data\images\crop\organized\Bombus_pratorum\male\POLLINIS4351_S1.jpg,0.0045762843359639345,False
979,c:\Users\Jules\Documents\IEES\idmybee\data\images\crop\organized\Bombus_pratorum\male\POLLINIS4351_S2.jpg,0.004682747688138205,False
980,c:\Users\Jules\Documents\IEES\idmybee\data\images\crop\organized\Bombus_pratorum\male\POLLINIS4351_S3.jpg,0.004658866420385224,False
981,c:\Users\Jules\Documents\IEES\idmybee\data\images\crop\organized\Bombus_pratorum\queen\2019.01788_P1.JPG,0.004594592500454693,False
982,c:\Users\Jules\Documents\IEES\idmybee\data\images\crop\organized\Bombus_pratorum\queen\2019.01788_P2.JPG,0.004553487218772486,False
983,c:\Users\Jules\Documents\IEES\idmybee\data\images\crop\organized\Bombus_pratorum\queen\2019.01788_S1.jpg,0.004542004288218743,False
984,c:\Users\Jules\Documents\IEES\idmybee\data\images\crop\organized\Bombus_pratorum\queen\2019.01788_S2.jpg,0.00451257376398826,False
985,c:\Users\Jules\Documents\IEES\idmybee\data\images\crop\organized\Bombus_pratorum\queen\2019.01788_S3.jpg,0.004538762305746557,False
986,c:\Users\Jules\Documents\IEES\idmybee\data\images\crop\organized\Bombus_pratorum\queen\2019.02118_P1.JPG,0.00450780147424763,False
987,c:\Users\Jules\Documents\IEES\idmybee\data\images\crop\organized\Bombus_pratorum\queen\2019.02118_P2.JPG,0.004505293489751756,False
988,c:\Users\Jules\Documents\IEES\idmybee\data\images\crop\organized\Bombus_pratorum\queen\2019.02118_S1.jpg,0.004539071254956288,False
989,c:\Users\Jules\Documents\IEES\idmybee\data\images\crop\organized\Bombus_pratorum\queen\2019.02118_S2.jpg,0.004512582077092412,False
990,c:\Users\Jules\Documents\IEES\idmybee\data\images\crop\organized\Bombus_pratorum\queen\2019.02118_S3.jpg,0.004549303578205395,False
991,c:\Users\Jules\Documents\IEES\idmybee\data\images\crop\organized\Bombus_pratorum\queen\2019.02184_P1.JPG,0.004627980120389783,False
992,c:\Users\Jules\Documents\IEES\idmybee\data\images\crop\organized\Bombus_pratorum\queen\2019.02184_P2.JPG,0.004591851773199701,False
993,c:\Users\Jules\Documents\IEES\idmybee\data\images\crop\organized\Bombus_pratorum\queen\2019.02184_S1.jpg,0.004643797377175103,False
994,c:\Users\Jules\Documents\IEES\idmybee\data\images\crop\organized\Bombus_pratorum\queen\2019.02184_S2.jpg,0.0045823669542751095,False
995,c:\Users\Jules\Documents\IEES\idmybee\data\images\crop\organized\Bombus_pratorum\queen\2019.02184_S3.jpg,0.004526958178283146,False
996,c:\Users\Jules\Documents\IEES\idmybee\data\images\crop\organized\Bombus_pratorum\queen\ABAURA5103_P1.JPG,0.004667440969158959,False
997,c:\Users\Jules\Documents\IEES\idmybee\data\images\crop\organized\Bombus_pratorum\queen\ABAURA5103_P2.JPG,0.0050389833592092035,False
998,c:\Users\Jules\Documents\IEES\idmybee\data\images\crop\organized\Bombus_pratorum\queen\ABAURA5103_S1.jpg,0.00474181692451783,False
999,c:\Users\Jules\Documents\IEES\idmybee\data\images\crop\organized\Bombus_pratorum\queen\ABAURA5103_S2.jpg,0.004741677656876705,False
1000,c:\Users\Jules\Documents\IEES\idmybee\data\images\crop\organized\Bombus_pratorum\queen\ABAURA5103_S3.jpg,0.004755796788231881,False
1001,c:\Users\Jules\Documents\IEES\idmybee\data\images\crop\organized\Bombus_pratorum\queen\ABAURA57210_P1.JPG,0.0045076768665202275,False
1002,c:\Users\Jules\Documents\IEES\idmybee\data\images\crop\organized\Bombus_pratorum\queen\ABAURA57210_P2.JPG,0.004514911468649806,False
1003,c:\Users\Jules\Documents\IEES\idmybee\data\images\crop\organized\Bombus_pratorum\queen\ABAURA57210_S1.jpg,0.004458079934566305,False
1004,c:\Users\Jules\Documents\IEES\idmybee\data\images\crop\organized\Bombus_pratorum\queen\ABAURA57210_S2.jpg,0.004418446063339301,False
1005,c:\Users\Jules\Documents\IEES\idmybee\data\images\crop\organized\Bombus_pratorum\queen\ABAURA57210_S3.jpg,0.004531225450850159,False
1006,c:\Users\Jules\Documents\IEES\idmybee\data\images\crop\organized\Bombus_pratorum\queen\ABAURA7155_P1.JPG,0.00452006297758431,False
1007,c:\Users\Jules\Documents\IEES\idmybee\data\images\crop\organized\Bombus_pratorum\queen\ABAURA7155_P2.JPG,0.004663753359205357,False
1008,c:\Users\Jules\Documents\IEES\idmybee\data\images\crop\organized\Bombus_pratorum\queen\ABAURA7155_S1.jpg,0.004477988997365491,False
1010,c:\Users\Jules\Documents\IEES\idmybee\data\images\crop\organized\Bombus_pratorum\queen\ABAURA7155_S3.jpg,0.004473885034890046,False
1011,c:\Users\Jules\Documents\IEES\idmybee\data\images\crop\organized\Bombus_pratorum\queen\ABAURA8201_P1.JPG,0.004686765467081684,False
1012,c:\Users\Jules\Documents\IEES\idmybee\data\images\crop\organized\Bombus_pratorum\queen\ABAURA8201_P2.JPG,0.004609317994824457,False
1013,c:\Users\Jules\Documents\IEES\idmybee\data\images\crop\organized\Bombus_pratorum\queen\ABAURA8201_S1.jpg,0.004556734236395747,False
1014,c:\Users\Jules\Documents\IEES\idmybee\data\images\crop\organized\Bombus_pratorum\queen\ABAURA8201_S2.jpg,0.004561034875996197,False
1015,c:\Users\Jules\Documents\IEES\idmybee\data\images\crop\organized\Bombus_pratorum\queen\ABAURA8201_S3.jpg,0.004525290806481699,False
1016,c:\Users\Jules\Documents\IEES\idmybee\data\images\crop\organized\Bombus_pratorum\queen\D264520_P1.JPG,0.004694167649342428,False
1017,c:\Users\Jules\Documents\IEES\idmybee\data\images\crop\organized\Bombus_pratorum\queen\D264520_P2.JPG,0.004677240404018244,False
1018,c:\Users\Jules\Documents\IEES\idmybee\data\images\crop\organized\Bombus_pratorum\queen\D264520_S1.jpg,0.004612855632285176,False
1019,c:\Users\Jules\Documents\IEES\idmybee\data\images\crop\organized\Bombus_pratorum\queen\D264520_S2.jpg,0.004555332067863319,False
1020,c:\Users\Jules\Documents\IEES\idmybee\data\images\crop\organized\Bombus_pratorum\queen\D264520_S3.jpg,0.004615522283452997,False
1021,c:\Users\Jules\Documents\IEES\idmybee\data\images\crop\organized\Bombus_pratorum\queen\NoName1_P1.JPG,0.00459758699386796,False
1022,c:\Users\Jules\Documents\IEES\idmybee\data\images\crop\organized\Bombus_pratorum\queen\NoName1_P2.JPG,0.004651693076835768,False
1023,c:\Users\Jules\Documents\IEES\idmybee\data\images\crop\organized\Bombus_pratorum\queen\NoName1_S1.jpg,0.004569588602521763,False
1024,c:\Users\Jules\Documents\IEES\idmybee\data\images\crop\organized\Bombus_pratorum\queen\NoName1_S2.jpg,0.004738995801223287,False
1025,c:\Users\Jules\Documents\IEES\idmybee\data\images\crop\organized\Bombus_pratorum\queen\NoName1_S3.jpg,0.004794645317668449,False
1026,c:\Users\Jules\Documents\IEES\idmybee\data\images\crop\organized\Bombus_pratorum\worker\2019.00316_P1.JPG,0.004542741277589884,False
1027,c:\Users\Jules\Documents\IEES\idmybee\data\images\crop\organized\Bombus_pratorum\worker\2019.00316_P2.JPG,0.004457476089264172,False
1028,c:\Users\Jules\Documents\IEES\idmybee\data\images\crop\organized\Bombus_pratorum\worker\2019.00316_S1.jpg,0.004528438957888972,False
1029,c:\Users\Jules\Documents\IEES\idmybee\data\images\crop\organized\Bombus_pratorum\worker\2019.00316_S2.jpg,0.0045435660405522315,False
1030,c:\Users\Jules\Documents\IEES\idmybee\data\images\crop\organized\Bombus_pratorum\worker\2019.00316_S3.jpg,0.004548453634202625,False
1032,c:\Users\Jules\Documents\IEES\idmybee\data\images\crop\organized\Bombus_pratorum\worker\2019.02167_P2.JPG,0.004476257175546854,False
1033,c:\Users\Jules\Documents\IEES\idmybee\data\images\crop\organized\Bombus_pratorum\worker\2019.02167_S1.jpg,0.004521412222439153,False
1034,c:\Users\Jules\Documents\IEES\idmybee\data\images\crop\organized\Bombus_pratorum\worker\2019.02167_S2.jpg,0.004512461808925027,False
1035,c:\Users\Jules\Documents\IEES\idmybee\data\images\crop\organized\Bombus_pratorum\worker\2019.02167_S3.jpg,0.0043680681629042935,False
1036,c:\Users\Jules\Documents\IEES\idmybee\data\images\crop\organized\Bombus_pratorum\worker\2019.02188_P1.JPG,0.004605570957240392,False
1037,c:\Users\Jules\Documents\IEES\idmybee\data\images\crop\organized\Bombus_pratorum\worker\2019.02188_P2.JPG,0.004624030246931532,False
1038,c:\Users\Jules\Documents\IEES\idmybee\data\images\crop\organized\Bombus_pratorum\worker\2019.02188_S1.jpg,0.004468215168265327,False
1039,c:\Users\Jules\Documents\IEES\idmybee\data\images\crop\organized\Bombus_pratorum\worker\2019.02188_S2.jpg,0.004479812001734955,False
1040,c:\Users\Jules\Documents\IEES\idmybee\data\images\crop\organized\Bombus_pratorum\worker\2019.02188_S3.jpg,0.004518190315869016,False
1041,c:\Users\Jules\Documents\IEES\idmybee\data\images\crop\organized\Bombus_pratorum\worker\ABAURA4898_P1.JPG,0.00495259369003352,False
1042,c:\Users\Jules\Documents\IEES\idmybee\data\images\crop\organized\Bombus_pratorum\worker\ABAURA4898_P2.JPG,0.004984861669468265,False
1043,c:\Users\Jules\Documents\IEES\idmybee\data\images\crop\organized\Bombus_pratorum\worker\ABAURA4898_S1.jpg,0.004949890336892548,False
1044,c:\Users\Jules\Documents\IEES\idmybee\data\images\crop\organized\Bombus_pratorum\worker\ABAURA4898_S2.jpg,0.004913068391855669,False
1045,c:\Users\Jules\Documents\IEES\idmybee\data\images\crop\organized\Bombus_pratorum\worker\ABAURA4898_S3.jpg,0.004912115225110657,False
1046,c:\Users\Jules\Documents\IEES\idmybee\data\images\crop\organized\Bombus_pratorum\worker\ABAURA4926_P1.JPG,0.004568582771185461,False
1047,c:\Users\Jules\Documents\IEES\idmybee\data\images\crop\organized\Bombus_pratorum\worker\ABAURA4926_P2.JPG,0.004651637685332703,False
1048,c:\Users\Jules\Documents\IEES\idmybee\data\images\crop\organized\Bombus_pratorum\worker\ABAURA4926_S1.jpg,0.004581491918590477,False
1049,c:\Users\Jules\Documents\IEES\idmybee\data\images\crop\organized\Bombus_pratorum\worker\ABAURA4926_S2.jpg,0.004550818324583372,False
1050,c:\Users\Jules\Documents\IEES\idmybee\data\images\crop\organized\Bombus_pratorum\worker\ABAURA4926_S3.jpg,0.004558529802878737,False
1051,c:\Users\Jules\Documents\IEES\idmybee\data\images\crop\organized\Bombus_pratorum\worker\ABAURA7153_P1.JPG,0.0042698214900570965,False
1052,c:\Users\Jules\Documents\IEES\idmybee\data\images\crop\organized\Bombus_pratorum\worker\ABAURA7153_P2.JPG,0.004236844970087177,False
1053,c:\Users\Jules\Documents\IEES\idmybee\data\images\crop\organized\Bombus_pratorum\worker\ABAURA7153_S1.jpg,0.004207742436899579,False
1054,c:\Users\Jules\Documents\IEES\idmybee\data\images\crop\organized\Bombus_pratorum\worker\ABAURA7153_S2.jpg,0.004246455610167082,False
1055,c:\Users\Jules\Documents\IEES\idmybee\data\images\crop\organized\Bombus_pratorum\worker\ABAURA7153_S3.jpg,0.004234412072365139,False
1056,c:\Users\Jules\Documents\IEES\idmybee\data\images\crop\organized\Bombus_pratorum\worker\ABAURA7548_P1.JPG,0.004457108066850098,False
1057,c:\Users\Jules\Documents\IEES\idmybee\data\images\crop\organized\Bombus_pratorum\worker\ABAURA7548_P2.JPG,0.0044943584723383286,False
1058,c:\Users\Jules\Documents\IEES\idmybee\data\images\crop\organized\Bombus_pratorum\worker\ABAURA7548_S1.jpg,0.004490522715669434,False
1059,c:\Users\Jules\Documents\IEES\idmybee\data\images\crop\organized\Bombus_pratorum\worker\ABAURA7548_S2.jpg,0.004465807496267022,False
1060,c:\Users\Jules\Documents\IEES\idmybee\data\images\crop\organized\Bombus_pratorum\worker\ABAURA7548_S3.jpg,0.004514568734312696,False
1061,c:\Users\Jules\Documents\IEES\idmybee\data\images\crop\organized\Bombus_pratorum\worker\ABAURA8228_P1.JPG,0.004578475782667779,False
1062,c:\Users\Jules\Documents\IEES\idmybee\data\images\crop\organized\Bombus_pratorum\worker\ABAURA8228_P2.JPG,0.0046744729652532435,False
1063,c:\Users\Jules\Documents\IEES\idmybee\data\images\crop\organized\Bombus_pratorum\worker\ABAURA8228_S1.jpg,0.004551880407724357,False
1064,c:\Users\Jules\Documents\IEES\idmybee\data\images\crop\organized\Bombus_pratorum\worker\ABAURA8228_S2.jpg,0.004626992829168095,False
1065,c:\Users\Jules\Documents\IEES\idmybee\data\images\crop\organized\Bombus_pratorum\worker\ABAURA8228_S3.jpg,0.0046309846499304206,False
1066,c:\Users\Jules\Documents\IEES\idmybee\data\images\crop\organized\Bombus_pratorum\worker\ABAURA8239_P1.JPG,0.004587459189079117,False
1067,c:\Users\Jules\Documents\IEES\idmybee\data\images\crop\organized\Bombus_pratorum\worker\ABAURA8239_P2.JPG,0.004609150670415791,False
1068,c:\Users\Jules\Documents\IEES\idmybee\data\images\crop\organized\Bombus_pratorum\worker\ABAURA8239_S1.jpg,0.004591298468357093,False
1069,c:\Users\Jules\Documents\IEES\idmybee\data\images\crop\organized\Bombus_pratorum\worker\ABAURA8239_S2.jpg,0.004599913323282902,False
1070,c:\Users\Jules\Documents\IEES\idmybee\data\images\crop\organized\Bombus_pratorum\worker\ABAURA8239_S3.jpg,0.004530392868291079,False
1071,c:\Users\Jules\Documents\IEES\idmybee\data\images\crop\organized\Bombus_pratorum\worker\ABAURA8239b_P1.JPG,0.004638092541409611,False
1072,c:\Users\Jules\Documents\IEES\idmybee\data\images\crop\organized\Bombus_pratorum\worker\ABAURA8239b_P2.JPG,0.004613004215496531,False
1073,c:\Users\Jules\Documents\IEES\idmybee\data\images\crop\organized\Bombus_pratorum\worker\ABAURA8239b_S1.jpg,0.004645176309993498,False
1074,c:\Users\Jules\Documents\IEES\idmybee\data\images\crop\organized\Bombus_pratorum\worker\ABAURA8239b_S2.jpg,0.00462735562028646,False
1075,c:\Users\Jules\Documents\IEES\idmybee\data\images\crop\organized\Bombus_pratorum\worker\ABAURA8239b_S3.jpg,0.004611451852165983,False
1076,c:\Users\Jules\Documents\IEES\idmybee\data\images\crop\organized\Bombus_pratorum\worker\ABAURA8240_P1.JPG,0.004700616283335291,False
1077,c:\Users\Jules\Documents\IEES\idmybee\data\images\crop\organized\Bombus_pratorum\worker\ABAURA8240_P2.JPG,0.004807429476372938,False
1078,c:\Users\Jules\Documents\IEES\idmybee\data\images\crop\organized\Bombus_pratorum\worker\ABAURA8240_S1.jpg,0.004869153000801415,False
1079,c:\Users\Jules\Documents\IEES\idmybee\data\images\crop\organized\Bombus_pratorum\worker\ABAURA8240_S2.jpg,0.004829342357406994,False
1080,c:\Users\Jules\Documents\IEES\idmybee\data\images\crop\organized\Bombus_pratorum\worker\ABAURA8240_S3.jpg,0.0047446070264616155,False
1081,c:\Users\Jules\Documents\IEES\idmybee\data\images\crop\organized\Bombus_pratorum\worker\ABAURA8240b_P1.JPG,0.004622520289693826,False
1082,c:\Users\Jules\Documents\IEES\idmybee\data\images\crop\organized\Bombus_pratorum\worker\ABAURA8240b_P2.JPG,0.00455192888394638,False
1083,c:\Users\Jules\Documents\IEES\idmybee\data\images\crop\organized\Bombus_pratorum\worker\ABAURA8240b_S1.jpg,0.004591127905606739,False
1084,c:\Users\Jules\Documents\IEES\idmybee\data\images\crop\organized\Bombus_pratorum\worker\ABAURA8240b_S2.jpg,0.004669200169169467,False
1085,c:\Users\Jules\Documents\IEES\idmybee\data\images\crop\organized\Bombus_pratorum\worker\ABAURA8240b_S3.jpg,0.004683536441323396,False
1086,c:\Users\Jules\Documents\IEES\idmybee\data\images\crop\organized\Bombus_pratorum\worker\ABAURA8240c_P1.JPG,0.004862973407745963,False
1087,c:\Users\Jules\Documents\IEES\idmybee\data\images\crop\organized\Bombus_pratorum\worker\ABAURA8240c_P2.JPG,0.004972414284169339,False
1088,c:\Users\Jules\Documents\IEES\idmybee\data\images\crop\organized\Bombus_pratorum\worker\ABAURA8240c_S1.jpg,0.004866891878304585,False
1089,c:\Users\Jules\Documents\IEES\idmybee\data\images\crop\organized\Bombus_pratorum\worker\ABAURA8240c_S2.jpg,0.004802343267714786,False
1090,c:\Users\Jules\Documents\IEES\idmybee\data\images\crop\organized\Bombus_pratorum\worker\ABAURA8240c_S3.jpg,0.004756552745418845,False
1091,c:\Users\Jules\Documents\IEES\idmybee\data\images\crop\organized\Bombus_pratorum\worker\ABB.2017.20260_P1.JPG,0.004648996936473471,False
1092,c:\Users\Jules\Documents\IEES\idmybee\data\images\crop\organized\Bombus_pratorum\worker\ABB.2017.20260_P2.JPG,0.004619664256530587,False
1093,c:\Users\Jules\Documents\IEES\idmybee\data\images\crop\organized\Bombus_pratorum\worker\ABB.2017.20260_S1.jpg,0.00458446773972516,False
1094,c:\Users\Jules\Documents\IEES\idmybee\data\images\crop\organized\Bombus_pratorum\worker\ABB.2017.20260_S2.jpg,0.004582908839179533,False
1095,c:\Users\Jules\Documents\IEES\idmybee\data\images\crop\organized\Bombus_pratorum\worker\ABB.2017.20260_S3.jpg,0.0046066685525186155,False
1096,c:\Users\Jules\Documents\IEES\idmybee\data\images\crop\organized\Bombus_pratorum\worker\CD387770_P1.JPG,0.0047256123247902,False
1097,c:\Users\Jules\Documents\IEES\idmybee\data\images\crop\organized\Bombus_pratorum\worker\CD387770_P2.JPG,0.004748786854732371,False
1098,c:\Users\Jules\Documents\IEES\idmybee\data\images\crop\organized\Bombus_pratorum\worker\CD387770_S1.jpg,0.0047575013364284675,False
1099,c:\Users\Jules\Documents\IEES\idmybee\data\images\crop\organized\Bombus_pratorum\worker\CD387770_S2.jpg,0.004692472466413044,False
1100,c:\Users\Jules\Documents\IEES\idmybee\data\images\crop\organized\Bombus_pratorum\worker\CD387770_S3.jpg,0.004731244541566159,False
1101,c:\Users\Jules\Documents\IEES\idmybee\data\images\crop\organized\Bombus_pratorum\worker\CD388769_P1.JPG,0.004433373946824787,False
1102,c:\Users\Jules\Documents\IEES\idmybee\data\images\crop\organized\Bombus_pratorum\worker\CD388769_P2.JPG,0.004498549454151729,False
1103,c:\Users\Jules\Documents\IEES\idmybee\data\images\crop\organized\Bombus_pratorum\worker\CD388769_S1.jpg,0.004573599512652285,False
1104,c:\Users\Jules\Documents\IEES\idmybee\data\images\crop\organized\Bombus_pratorum\worker\CD388769_S2.jpg,0.004421977481903082,False
1105,c:\Users\Jules\Documents\IEES\idmybee\data\images\crop\organized\Bombus_pratorum\worker\CD388769_S3.jpg,0.004570013187290338,False
1106,c:\Users\Jules\Documents\IEES\idmybee\data\images\crop\organized\Bombus_pratorum\worker\CEN187839_P1.JPG,0.0046251694157491115,False
1107,c:\Users\Jules\Documents\IEES\idmybee\data\images\crop\organized\Bombus_pratorum\worker\CEN187839_P2.JPG,0.004759446183248405,False
1108,c:\Users\Jules\Documents\IEES\idmybee\data\images\crop\organized\Bombus_pratorum\worker\CEN187839_S1.jpg,0.004637862973782518,False
1109,c:\Users\Jules\Documents\IEES\idmybee\data\images\crop\organized\Bombus_pratorum\worker\CEN187839_S2.jpg,0.004524626032087724,False
1110,c:\Users\Jules\Documents\IEES\idmybee\data\images\crop\organized\Bombus_pratorum\worker\CEN187839_S3.jpg,0.004655889839384265,False
1111,c:\Users\Jules\Documents\IEES\idmybee\data\images\crop\organized\Bombus_pratorum\worker\N205_P1.JPG,0.004547880586125413,False
1112,c:\Users\Jules\Documents\IEES\idmybee\data\images\crop\organized\Bombus_pratorum\worker\N205_P2.JPG,0.004644576790233063,False
1113,c:\Users\Jules\Documents\IEES\idmybee\data\images\crop\organized\Bombus_pratorum\worker\N205_P3.JPG,0.004714534474103537,False
1114,c:\Users\Jules\Documents\IEES\idmybee\data\images\crop\organized\Bombus_pratorum\worker\N205_S1.jpg,0.004496614405068201,False
1115,c:\Users\Jules\Documents\IEES\idmybee\data\images\crop\organized\Bombus_pratorum\worker\N205_S2.jpg,0.00455499070313296,False
1116,c:\Users\Jules\Documents\IEES\idmybee\data\images\crop\organized\Bombus_pratorum\worker\N205_S3.jpg,0.004593234514119282,False
1117,c:\Users\Jules\Documents\IEES\idmybee\data\images\crop\organized\Bombus_pratorum\worker\N407_P1.JPG,0.004584925394986621,False
1118,c:\Users\Jules\Documents\IEES\idmybee\data\images\crop\organized\Bombus_pratorum\worker\N407_P2.JPG,0.004533530261429202,False
1119,c:\Users\Jules\Documents\IEES\idmybee\data\images\crop\organized\Bombus_pratorum\worker\N407_P3.JPG,0.0044603736490253475,False
1120,c:\Users\Jules\Documents\IEES\idmybee\data\images\crop\organized\Bombus_pratorum\worker\N407_S1.jpg,0.004470576348681361,False
1121,c:\Users\Jules\Documents\IEES\idmybee\data\images\crop\organized\Bombus_pratorum\worker\N407_S2.jpg,0.004459514907499831,False
1122,c:\Users\Jules\Documents\IEES\idmybee\data\images\crop\organized\Bombus_pratorum\worker\N407_S3.jpg,0.004468453780669523,False
1123,c:\Users\Jules\Documents\IEES\idmybee\data\images\crop\organized\Bombus_pratorum\worker\OPPO.2021.03276_P1.JPG,0.004531994625501177,False
1124,c:\Users\Jules\Documents\IEES\idmybee\data\images\crop\organized\Bombus_pratorum\worker\OPPO.2021.03276_P2.JPG,0.004446417396513025,False
1125,c:\Users\Jules\Documents\IEES\idmybee\data\images\crop\organized\Bombus_pratorum\worker\OPPO.2021.03276_S1.jpg,0.004565053865461527,False
1126,c:\Users\Jules\Documents\IEES\idmybee\data\images\crop\organized\Bombus_pratorum\worker\OPPO.2021.03276_S2.jpg,0.0044898200876169235,False
1127,c:\Users\Jules\Documents\IEES\idmybee\data\images\crop\organized\Bombus_pratorum\worker\OPPO.2021.03276_S3.jpg,0.004457570225384038,False
1128,c:\Users\Jules\Documents\IEES\idmybee\data\images\crop\organized\Bombus_pratorum\worker\POLLINIS4393_P1.JPG,0.004765047134736637,False
1129,c:\Users\Jules\Documents\IEES\idmybee\data\images\crop\organized\Bombus_pratorum\worker\POLLINIS4393_P2.JPG,0.004683181497075433,False
1130,c:\Users\Jules\Documents\IEES\idmybee\data\images\crop\organized\Bombus_pratorum\worker\POLLINIS4393_S1.jpg,0.004659030451688591,False
1131,c:\Users\Jules\Documents\IEES\idmybee\data\images\crop\organized\Bombus_pratorum\worker\POLLINIS4393_S2.jpg,0.004656800281384519,False
1132,c:\Users\Jules\Documents\IEES\idmybee\data\images\crop\organized\Bombus_pratorum\worker\POLLINIS4393_S3.jpg,0.004628259249120694,False
1133,c:\Users\Jules\Documents\IEES\idmybee\data\images\crop\organized\Bombus_pyrenaeus\male\2020.00254_P1.JPG,0.004322599828916609,False
1134,c:\Users\Jules\Documents\IEES\idmybee\data\images\crop\organized\Bombus_pyrenaeus\male\2020.00254_P2.JPG,0.00436855641412071,False
1135,c:\Users\Jules\Documents\IEES\idmybee\data\images\crop\organized\Bombus_pyrenaeus\male\2020.00254_S1.jpg,0.004299574439583915,False
1136,c:\Users\Jules\Documents\IEES\idmybee\data\images\crop\organized\Bombus_pyrenaeus\male\2020.00254_S2.jpg,0.00429908835747795,False
1137,c:\Users\Jules\Documents\IEES\idmybee\data\images\crop\organized\Bombus_pyrenaeus\male\2020.00254_S3.jpg,0.0042486133625681596,False
1138,c:\Users\Jules\Documents\IEES\idmybee\data\images\crop\organized\Bombus_pyrenaeus\male\2020.03936_P1.JPG,0.004653821990362354,False
1139,c:\Users\Jules\Documents\IEES\idmybee\data\images\crop\organized\Bombus_pyrenaeus\male\2020.03936_P2.JPG,0.004735985967683692,False
1140,c:\Users\Jules\Documents\IEES\idmybee\data\images\crop\organized\Bombus_pyrenaeus\male\2020.03936_S1.jpg,0.004722752083555746,False
1141,c:\Users\Jules\Documents\IEES\idmybee\data\images\crop\organized\Bombus_pyrenaeus\male\2020.03936_S2.jpg,0.004747991801130752,False
1142,c:\Users\Jules\Documents\IEES\idmybee\data\images\crop\organized\Bombus_pyrenaeus\male\2020.03936_S3.jpg,0.004662679888545576,False
1143,c:\Users\Jules\Documents\IEES\idmybee\data\images\crop\organized\Bombus_pyrenaeus\male\CD388821b_P1.JPG,0.004764316289496184,False
1144,c:\Users\Jules\Documents\IEES\idmybee\data\images\crop\organized\Bombus_pyrenaeus\male\CD388821b_P2.JPG,0.00481238694708817,False
1145,c:\Users\Jules\Documents\IEES\idmybee\data\images\crop\organized\Bombus_pyrenaeus\male\CD388821b_S1.jpg,0.00471248328306508,False
1146,c:\Users\Jules\Documents\IEES\idmybee\data\images\crop\organized\Bombus_pyrenaeus\male\CD388821b_S2.jpg,0.004742688734467602,False
1147,c:\Users\Jules\Documents\IEES\idmybee\data\images\crop\organized\Bombus_pyrenaeus\male\CD388821b_S3.jpg,0.004645905795433294,False
1148,c:\Users\Jules\Documents\IEES\idmybee\data\images\crop\organized\Bombus_pyrenaeus\male\CD388821c_P1.JPG,0.004681079430651826,False
1149,c:\Users\Jules\Documents\IEES\idmybee\data\images\crop\organized\Bombus_pyrenaeus\male\CD388821c_P2.JPG,0.004654841155912245,False
1150,c:\Users\Jules\Documents\IEES\idmybee\data\images\crop\organized\Bombus_pyrenaeus\male\CD388821c_S1.jpg,0.004571759364819247,False
1151,c:\Users\Jules\Documents\IEES\idmybee\data\images\crop\organized\Bombus_pyrenaeus\male\CD388821c_S2.jpg,0.004613678907857702,False
1152,c:\Users\Jules\Documents\IEES\idmybee\data\images\crop\organized\Bombus_pyrenaeus\male\CD388821c_S3.jpg,0.0046728404087586104,False
1153,c:\Users\Jules\Documents\IEES\idmybee\data\images\crop\organized\Bombus_pyrenaeus\male\CD388821d_P1.JPG,0.004667216170924846,False
1154,c:\Users\Jules\Documents\IEES\idmybee\data\images\crop\organized\Bombus_pyrenaeus\male\CD388821d_P2.JPG,0.0045614703336886945,False
1155,c:\Users\Jules\Documents\IEES\idmybee\data\images\crop\organized\Bombus_pyrenaeus\male\CD388821d_S1.jpg,0.004645994756449271,False
1156,c:\Users\Jules\Documents\IEES\idmybee\data\images\crop\organized\Bombus_pyrenaeus\male\CD388821d_S2.jpg,0.004650067176650772,False
1157,c:\Users\Jules\Documents\IEES\idmybee\data\images\crop\organized\Bombus_pyrenaeus\male\CD388821d_S3.jpg,0.004629292225708913,False
1158,c:\Users\Jules\Documents\IEES\idmybee\data\images\crop\organized\Bombus_pyrenaeus\male\FR04ABOM220722061_P1.JPG,0.004391517657899867,False
1159,c:\Users\Jules\Documents\IEES\idmybee\data\images\crop\organized\Bombus_pyrenaeus\male\FR04ABOM220722061_P2.JPG,0.004419895689780471,False
1160,c:\Users\Jules\Documents\IEES\idmybee\data\images\crop\organized\Bombus_pyrenaeus\male\FR04ABOM220722061_S1.jpg,0.004353851892766249,False
1161,c:\Users\Jules\Documents\IEES\idmybee\data\images\crop\organized\Bombus_pyrenaeus\male\FR04ABOM220722061_S2.jpg,0.004329846976048716,False
1162,c:\Users\Jules\Documents\IEES\idmybee\data\images\crop\organized\Bombus_pyrenaeus\male\FR04ABOM220722061_S3.jpg,0.004330413540567935,False
1163,c:\Users\Jules\Documents\IEES\idmybee\data\images\crop\organized\Bombus_pyrenaeus\male\FR73ABOM120722002_P1.JPG,0.0047837771476492525,False
1164,c:\Users\Jules\Documents\IEES\idmybee\data\images\crop\organized\Bombus_pyrenaeus\male\FR73ABOM120722002_P2.JPG,0.004765864008351815,False
1165,c:\Users\Jules\Documents\IEES\idmybee\data\images\crop\organized\Bombus_pyrenaeus\male\FR73ABOM120722002_S1.jpg,0.004901329100605364,False
1166,c:\Users\Jules\Documents\IEES\idmybee\data\images\crop\organized\Bombus_pyrenaeus\male\FR73ABOM120722002_S2.jpg,0.0047721766564627205,False
1167,c:\Users\Jules\Documents\IEES\idmybee\data\images\crop\organized\Bombus_pyrenaeus\male\FR73ABOM120722002_S3.jpg,0.0048438503857404355,False
1168,c:\Users\Jules\Documents\IEES\idmybee\data\images\crop\organized\Bombus_pyrenaeus\male\FR73ABOM120722072_P1.JPG,0.004552570601988715,False
1169,c:\Users\Jules\Documents\IEES\idmybee\data\images\crop\organized\Bombus_pyrenaeus\male\FR73ABOM120722072_P2.JPG,0.004574564543790229,False
1170,c:\Users\Jules\Documents\IEES\idmybee\data\images\crop\organized\Bombus_pyrenaeus\male\FR73ABOM120722072_S1.jpg,0.004528310380487988,False
1171,c:\Users\Jules\Documents\IEES\idmybee\data\images\crop\organized\Bombus_pyrenaeus\male\FR73ABOM120722072_S2.jpg,0.004466233854184109,False
1172,c:\Users\Jules\Documents\IEES\idmybee\data\images\crop\organized\Bombus_pyrenaeus\male\FR73ABOM120722072_S3.jpg,0.004549644020068297,False
1173,c:\Users\Jules\Documents\IEES\idmybee\data\images\crop\organized\Bombus_pyrenaeus\male\FR73ABOM130722007_P1.JPG,0.00484542624784753,False
1174,c:\Users\Jules\Documents\IEES\idmybee\data\images\crop\organized\Bombus_pyrenaeus\male\FR73ABOM130722007_P2.JPG,0.004838086138374747,False
1175,c:\Users\Jules\Documents\IEES\idmybee\data\images\crop\organized\Bombus_pyrenaeus\male\FR73ABOM130722007_S1.jpg,0.004815469780535245,False
1176,c:\Users\Jules\Documents\IEES\idmybee\data\images\crop\organized\Bombus_pyrenaeus\male\FR73ABOM130722007_S2.jpg,0.0048881802526309975,False
1177,c:\Users\Jules\Documents\IEES\idmybee\data\images\crop\organized\Bombus_pyrenaeus\male\FR73ABOM130722007_S3.jpg,0.00484597357839169,False
1178,c:\Users\Jules\Documents\IEES\idmybee\data\images\crop\organized\Bombus_pyrenaeus\male\FR73ABOM130722009_P1.JPG,0.0045570230900558876,False
1179,c:\Users\Jules\Documents\IEES\idmybee\data\images\crop\organized\Bombus_pyrenaeus\male\FR73ABOM130722009_P2.JPG,0.004570109672491342,False
1180,c:\Users\Jules\Documents\IEES\idmybee\data\images\crop\organized\Bombus_pyrenaeus\male\FR73ABOM130722009_S1.jpg,0.004564525884867941,False
1181,c:\Users\Jules\Documents\IEES\idmybee\data\images\crop\organized\Bombus_pyrenaeus\male\FR73ABOM130722009_S2.jpg,0.0045213471346251845,False
1182,c:\Users\Jules\Documents\IEES\idmybee\data\images\crop\organized\Bombus_pyrenaeus\male\FR73ABOM130722009_S3.jpg,0.004577056626284207,False
1183,c:\Users\Jules\Documents\IEES\idmybee\data\images\crop\organized\Bombus_pyrenaeus\male\FR73ABOM130722018_P1.JPG,0.00464439364057367,False
1184,c:\Users\Jules\Documents\IEES\idmybee\data\images\crop\organized\Bombus_pyrenaeus\male\FR73ABOM130722018_P2.JPG,0.0046220540167194275,False
1185,c:\Users\Jules\Documents\IEES\idmybee\data\images\crop\organized\Bombus_pyrenaeus\male\FR73ABOM130722018_S1.jpg,0.004708487681431379,False
1186,c:\Users\Jules\Documents\IEES\idmybee\data\images\crop\organized\Bombus_pyrenaeus\male\FR73ABOM130722018_S2.jpg,0.004629943170096641,False
1187,c:\Users\Jules\Documents\IEES\idmybee\data\images\crop\organized\Bombus_pyrenaeus\male\FR73ABOM130722018_S3.jpg,0.00466237844933256,False
1188,c:\Users\Jules\Documents\IEES\idmybee\data\images\crop\organized\Bombus_pyrenaeus\male\FR73ABOM130722020_P1.JPG,0.00463941329976331,False
1189,c:\Users\Jules\Documents\IEES\idmybee\data\images\crop\organized\Bombus_pyrenaeus\male\FR73ABOM130722020_P2.JPG,0.004601566101234806,False
1190,c:\Users\Jules\Documents\IEES\idmybee\data\images\crop\organized\Bombus_pyrenaeus\male\FR73ABOM130722020_S1.jpg,0.0045946299336604235,False
1191,c:\Users\Jules\Documents\IEES\idmybee\data\images\crop\organized\Bombus_pyrenaeus\male\FR73ABOM130722020_S2.jpg,0.0046291597589838635,False
1192,c:\Users\Jules\Documents\IEES\idmybee\data\images\crop\organized\Bombus_pyrenaeus\male\FR73ABOM130722020_S3.jpg,0.0046386392712476675,False
1193,c:\Users\Jules\Documents\IEES\idmybee\data\images\crop\organized\Bombus_pyrenaeus\male\FR73ABOM130722021_P1.JPG,0.004402195019405818,False
1194,c:\Users\Jules\Documents\IEES\idmybee\data\images\crop\organized\Bombus_pyrenaeus\male\FR73ABOM130722021_P2.JPG,0.004517340203388709,False
1195,c:\Users\Jules\Documents\IEES\idmybee\data\images\crop\organized\Bombus_pyrenaeus\male\FR73ABOM130722021_S1.jpg,0.00445355329075667,False
1196,c:\Users\Jules\Documents\IEES\idmybee\data\images\crop\organized\Bombus_pyrenaeus\male\FR73ABOM130722021_S2.jpg,0.0045289054267992285,False
1197,c:\Users\Jules\Documents\IEES\idmybee\data\images\crop\organized\Bombus_pyrenaeus\male\FR73ABOM130722021_S3.jpg,0.004523999192615861,False
1198,c:\Users\Jules\Documents\IEES\idmybee\data\images\crop\organized\Bombus_pyrenaeus\male\FR73ABOM130722030_P1.JPG,0.004380334665474099,False
1199,c:\Users\Jules\Documents\IEES\idmybee\data\images\crop\organized\Bombus_pyrenaeus\male\FR73ABOM130722030_P2.JPG,0.004393804929378836,False
1200,c:\Users\Jules\Documents\IEES\idmybee\data\images\crop\organized\Bombus_pyrenaeus\male\FR73ABOM130722030_S1.jpg,0.0044421330626540426,False
1201,c:\Users\Jules\Documents\IEES\idmybee\data\images\crop\organized\Bombus_pyrenaeus\male\FR73ABOM130722030_S2.jpg,0.004383580204665032,False
1202,c:\Users\Jules\Documents\IEES\idmybee\data\images\crop\organized\Bombus_pyrenaeus\male\FR73ABOM130722030_S3.jpg,0.0043858440712132825,False
1203,c:\Users\Jules\Documents\IEES\idmybee\data\images\crop\organized\Bombus_pyrenaeus\male\FR73ABOM130722040_P1.JPG,0.0043547937711729745,False
1204,c:\Users\Jules\Documents\IEES\idmybee\data\images\crop\organized\Bombus_pyrenaeus\male\FR73ABOM130722040_P2.JPG,0.004442104320169893,False
1205,c:\Users\Jules\Documents\IEES\idmybee\data\images\crop\organized\Bombus_pyrenaeus\male\FR73ABOM130722040_S1.jpg,0.00439371661909491,False
1206,c:\Users\Jules\Documents\IEES\idmybee\data\images\crop\organized\Bombus_pyrenaeus\male\FR73ABOM130722040_S2.jpg,0.004421688899780198,False
1207,c:\Users\Jules\Documents\IEES\idmybee\data\images\crop\organized\Bombus_pyrenaeus\male\FR73ABOM130722040_S3.jpg,0.004365540942703305,False
1208,c:\Users\Jules\Documents\IEES\idmybee\data\images\crop\organized\Bombus_pyrenaeus\male\FR73ABOM130722062_P1.JPG,0.004520816769870736,False
1209,c:\Users\Jules\Documents\IEES\idmybee\data\images\crop\organized\Bombus_pyrenaeus\male\FR73ABOM130722062_P2.JPG,0.004534764524827528,False
1210,c:\Users\Jules\Documents\IEES\idmybee\data\images\crop\organized\Bombus_pyrenaeus\male\FR73ABOM130722062_S1.jpg,0.004545312916935278,False
1211,c:\Users\Jules\Documents\IEES\idmybee\data\images\crop\organized\Bombus_pyrenaeus\male\FR73ABOM130722062_S2.jpg,0.004511634715761641,False
1212,c:\Users\Jules\Documents\IEES\idmybee\data\images\crop\organized\Bombus_pyrenaeus\male\FR73ABOM130722062_S3.jpg,0.004494580501776289,False
1213,c:\Users\Jules\Documents\IEES\idmybee\data\images\crop\organized\Bombus_pyrenaeus\male\FR73ABOM130722063_P1.JPG,0.004631944932351115,False
1214,c:\Users\Jules\Documents\IEES\idmybee\data\images\crop\organized\Bombus_pyrenaeus\male\FR73ABOM130722063_P2.JPG,0.004699993319253861,False
1215,c:\Users\Jules\Documents\IEES\idmybee\data\images\crop\organized\Bombus_pyrenaeus\male\FR73ABOM130722063_S1.jpg,0.004679611077651311,False
1216,c:\Users\Jules\Documents\IEES\idmybee\data\images\crop\organized\Bombus_pyrenaeus\male\FR73ABOM130722063_S2.jpg,0.004661134523791477,False
1217,c:\Users\Jules\Documents\IEES\idmybee\data\images\crop\organized\Bombus_pyrenaeus\male\FR73ABOM130722063_S3.jpg,0.004738316928300588,False
1218,c:\Users\Jules\Documents\IEES\idmybee\data\images\crop\organized\Bombus_pyrenaeus\male\FR73ABOM130722064_P1.JPG,0.004555267120063163,False
1219,c:\Users\Jules\Documents\IEES\idmybee\data\images\crop\organized\Bombus_pyrenaeus\male\FR73ABOM130722064_P2.JPG,0.004601580833199979,False
1220,c:\Users\Jules\Documents\IEES\idmybee\data\images\crop\organized\Bombus_pyrenaeus\male\FR73ABOM130722064_S1.jpg,0.00465927995999595,False
1221,c:\Users\Jules\Documents\IEES\idmybee\data\images\crop\organized\Bombus_pyrenaeus\male\FR73ABOM130722064_S2.jpg,0.004619986102928125,False
1222,c:\Users\Jules\Documents\IEES\idmybee\data\images\crop\organized\Bombus_pyrenaeus\male\FR73ABOM130722064_S3.jpg,0.0046032584941497045,False
1223,c:\Users\Jules\Documents\IEES\idmybee\data\images\crop\organized\Bombus_pyrenaeus\male\FR73ABOM130722065_P1.JPG,0.0044535959725864075,False
1224,c:\Users\Jules\Documents\IEES\idmybee\data\images\crop\organized\Bombus_pyrenaeus\male\FR73ABOM130722065_P2.JPG,0.004542116877909372,False
1225,c:\Users\Jules\Documents\IEES\idmybee\data\images\crop\organized\Bombus_pyrenaeus\male\FR73ABOM130722065_S1.jpg,0.004512499877567449,False
1226,c:\Users\Jules\Documents\IEES\idmybee\data\images\crop\organized\Bombus_pyrenaeus\male\FR73ABOM130722065_S2.jpg,0.004517380547115206,False
1227,c:\Users\Jules\Documents\IEES\idmybee\data\images\crop\organized\Bombus_pyrenaeus\male\FR73ABOM130722065_S3.jpg,0.0045918391814121695,False
1228,c:\Users\Jules\Documents\IEES\idmybee\data\images\crop\organized\Bombus_pyrenaeus\male\FR73ABOM130722066_P1.JPG,0.004748408104663727,False
1229,c:\Users\Jules\Documents\IEES\idmybee\data\images\crop\organized\Bombus_pyrenaeus\male\FR73ABOM130722066_P2.JPG,0.004752007833820115,False
1230,c:\Users\Jules\Documents\IEES\idmybee\data\images\crop\organized\Bombus_pyrenaeus\male\FR73ABOM130722066_S1.jpg,0.004768614741605183,False
1231,c:\Users\Jules\Documents\IEES\idmybee\data\images\crop\organized\Bombus_pyrenaeus\male\FR73ABOM130722066_S2.jpg,0.004700236135595536,False
1232,c:\Users\Jules\Documents\IEES\idmybee\data\images\crop\organized\Bombus_pyrenaeus\male\FR73ABOM130722066_S3.jpg,0.004691423355991848,False
1233,c:\Users\Jules\Documents\IEES\idmybee\data\images\crop\organized\Bombus_pyrenaeus\male\FR73ABOM130722067_P1.JPG,0.004430604157040259,False
1234,c:\Users\Jules\Documents\IEES\idmybee\data\images\crop\organized\Bombus_pyrenaeus\male\FR73ABOM130722067_P2.JPG,0.004373672161988766,False
1235,c:\Users\Jules\Documents\IEES\idmybee\data\images\crop\organized\Bombus_pyrenaeus\male\FR73ABOM130722067_S1.jpg,0.004426799538179954,False
1236,c:\Users\Jules\Documents\IEES\idmybee\data\images\crop\organized\Bombus_pyrenaeus\male\FR73ABOM130722067_S2.jpg,0.004392814901751004,False
1237,c:\Users\Jules\Documents\IEES\idmybee\data\images\crop\organized\Bombus_pyrenaeus\male\FR73ABOM130722067_S3.jpg,0.004418130602584543,False
1238,c:\Users\Jules\Documents\IEES\idmybee\data\images\crop\organized\Bombus_pyrenaeus\male\FR73ABOM200722019_P1.JPG,0.004837258471724853,False
1239,c:\Users\Jules\Documents\IEES\idmybee\data\images\crop\organized\Bombus_pyrenaeus\male\FR73ABOM200722019_P2.JPG,0.0047177787093646084,False
1240,c:\Users\Jules\Documents\IEES\idmybee\data\images\crop\organized\Bombus_pyrenaeus\male\FR73ABOM200722019_S1.jpg,0.004781803922406271,False
1241,c:\Users\Jules\Documents\IEES\idmybee\data\images\crop\organized\Bombus_pyrenaeus\male\FR73ABOM200722019_S2.jpg,0.00469388676365185,False
1242,c:\Users\Jules\Documents\IEES\idmybee\data\images\crop\organized\Bombus_pyrenaeus\male\FR73ABOM200722019_S3.jpg,0.004718304701276932,False
1243,c:\Users\Jules\Documents\IEES\idmybee\data\images\crop\organized\Bombus_pyrenaeus\male\FR73ABOM200722028_P1.JPG,0.004653747094951425,False
1244,c:\Users\Jules\Documents\IEES\idmybee\data\images\crop\organized\Bombus_pyrenaeus\male\FR73ABOM200722028_P2.JPG,0.004702127072189798,False
1245,c:\Users\Jules\Documents\IEES\idmybee\data\images\crop\organized\Bombus_pyrenaeus\male\FR73ABOM200722028_S1.jpg,0.004742430841033688,False
1246,c:\Users\Jules\Documents\IEES\idmybee\data\images\crop\organized\Bombus_pyrenaeus\male\FR73ABOM200722028_S2.jpg,0.00470552284749788,False
1247,c:\Users\Jules\Documents\IEES\idmybee\data\images\crop\organized\Bombus_pyrenaeus\male\FR73ABOM200722028_S3.jpg,0.004636005372348734,False
1248,c:\Users\Jules\Documents\IEES\idmybee\data\images\crop\organized\Bombus_pyrenaeus\male\FR73ABOM200722029_P1.JPG,0.004433097001023902,False
1249,c:\Users\Jules\Documents\IEES\idmybee\data\images\crop\organized\Bombus_pyrenaeus\male\FR73ABOM200722029_P2.JPG,0.004441644798495324,False
1250,c:\Users\Jules\Documents\IEES\idmybee\data\images\crop\organized\Bombus_pyrenaeus\male\FR73ABOM200722029_S1.jpg,0.004362940143658449,False
1251,c:\Users\Jules\Documents\IEES\idmybee\data\images\crop\organized\Bombus_pyrenaeus\male\FR73ABOM200722029_S2.jpg,0.004454391549561902,False
1252,c:\Users\Jules\Documents\IEES\idmybee\data\images\crop\organized\Bombus_pyrenaeus\male\FR73ABOM200722029_S3.jpg,0.004458863439858456,False
1253,c:\Users\Jules\Documents\IEES\idmybee\data\images\crop\organized\Bombus_pyrenaeus\queen\FR04ABOM220722089_P1.JPG,0.004419125683544254,False
1254,c:\Users\Jules\Documents\IEES\idmybee\data\images\crop\organized\Bombus_pyrenaeus\queen\FR04ABOM220722089_P2.JPG,0.004518812919102911,False
1255,c:\Users\Jules\Documents\IEES\idmybee\data\images\crop\organized\Bombus_pyrenaeus\queen\FR04ABOM220722089_S1.jpg,0.004423649004796224,False
1256,c:\Users\Jules\Documents\IEES\idmybee\data\images\crop\organized\Bombus_pyrenaeus\queen\FR04ABOM220722089_S2.jpg,0.004385947754323068,False
1257,c:\Users\Jules\Documents\IEES\idmybee\data\images\crop\organized\Bombus_pyrenaeus\queen\FR04ABOM220722089_S3.jpg,0.004442312957606378,False
1258,c:\Users\Jules\Documents\IEES\idmybee\data\images\crop\organized\Bombus_pyrenaeus\worker\ABAURA8206_P1.JPG,0.004656623468878671,False
1259,c:\Users\Jules\Documents\IEES\idmybee\data\images\crop\organized\Bombus_pyrenaeus\worker\ABAURA8206_P2.JPG,0.004653955220547082,False
1260,c:\Users\Jules\Documents\IEES\idmybee\data\images\crop\organized\Bombus_pyrenaeus\worker\ABAURA8206_S1.jpg,0.004577309151160948,False
1261,c:\Users\Jules\Documents\IEES\idmybee\data\images\crop\organized\Bombus_pyrenaeus\worker\ABAURA8206_S2.jpg,0.004541942960094078,False
1262,c:\Users\Jules\Documents\IEES\idmybee\data\images\crop\organized\Bombus_pyrenaeus\worker\ABAURA8206_S3.jpg,0.0046425820769279156,False
1263,c:\Users\Jules\Documents\IEES\idmybee\data\images\crop\organized\Bombus_pyrenaeus\worker\ABAURA8212_P1.JPG,0.00478856124170313,False
1264,c:\Users\Jules\Documents\IEES\idmybee\data\images\crop\organized\Bombus_pyrenaeus\worker\ABAURA8212_P2.JPG,0.004758979274496337,False
1265,c:\Users\Jules\Documents\IEES\idmybee\data\images\crop\organized\Bombus_pyrenaeus\worker\ABAURA8212_S1.jpg,0.004733334745405878,False
1266,c:\Users\Jules\Documents\IEES\idmybee\data\images\crop\organized\Bombus_pyrenaeus\worker\ABAURA8212_S2.jpg,0.004751079460514482,False
1267,c:\Users\Jules\Documents\IEES\idmybee\data\images\crop\organized\Bombus_pyrenaeus\worker\ABAURA8212_S3.jpg,0.0046591457848110494,False
1268,c:\Users\Jules\Documents\IEES\idmybee\data\images\crop\organized\Bombus_pyrenaeus\worker\ABAURA8228b_P1.JPG,0.004452017643742364,False
1269,c:\Users\Jules\Documents\IEES\idmybee\data\images\crop\organized\Bombus_pyrenaeus\worker\ABAURA8228b_P2.JPG,0.004599267565797329,False
1270,c:\Users\Jules\Documents\IEES\idmybee\data\images\crop\organized\Bombus_pyrenaeus\worker\ABAURA8228b_S1.jpg,0.004487911952443079,False
1271,c:\Users\Jules\Documents\IEES\idmybee\data\images\crop\organized\Bombus_pyrenaeus\worker\ABAURA8228b_S2.jpg,0.004509159669989608,False
1272,c:\Users\Jules\Documents\IEES\idmybee\data\images\crop\organized\Bombus_pyrenaeus\worker\ABAURA8228b_S3.jpg,0.004437368902111927,False
1273,c:\Users\Jules\Documents\IEES\idmybee\data\images\crop\organized\Bombus_pyrenaeus\worker\ABAURA8240d_P1.JPG,0.004565954095830071,False
1274,c:\Users\Jules\Documents\IEES\idmybee\data\images\crop\organized\Bombus_pyrenaeus\worker\ABAURA8240d_P2.JPG,0.004549217824491079,False
1275,c:\Users\Jules\Documents\IEES\idmybee\data\images\crop\organized\Bombus_pyrenaeus\worker\ABAURA8240d_S1.jpg,0.004623668382919026,False
1276,c:\Users\Jules\Documents\IEES\idmybee\data\images\crop\organized\Bombus_pyrenaeus\worker\ABAURA8240d_S2.jpg,0.004623875415949186,False
1277,c:\Users\Jules\Documents\IEES\idmybee\data\images\crop\organized\Bombus_pyrenaeus\worker\ABAURA8240d_S3.jpg,0.004524261567545496,False
1278,c:\Users\Jules\Documents\IEES\idmybee\data\images\crop\organized\Bombus_pyrenaeus\worker\CD388623e_P1.JPG,0.00442213297156301,False
1280,c:\Users\Jules\Documents\IEES\idmybee\data\images\crop\organized\Bombus_pyrenaeus\worker\CD388623e_S1.jpg,0.004414323103537954,False
1281,c:\Users\Jules\Documents\IEES\idmybee\data\images\crop\organized\Bombus_pyrenaeus\worker\CD388623e_S2.jpg,0.004475579024897317,False
1282,c:\Users\Jules\Documents\IEES\idmybee\data\images\crop\organized\Bombus_pyrenaeus\worker\CD388623e_S3.jpg,0.0045114595402804235,False
1283,c:\Users\Jules\Documents\IEES\idmybee\data\images\crop\organized\Bombus_pyrenaeus\worker\CD388861b_P1.JPG,0.004565886451892338,False
1284,c:\Users\Jules\Documents\IEES\idmybee\data\images\crop\organized\Bombus_pyrenaeus\worker\CD388861b_P2.JPG,0.004585177276785691,False
1285,c:\Users\Jules\Documents\IEES\idmybee\data\images\crop\organized\Bombus_pyrenaeus\worker\CD388861b_S1.jpg,0.0045811013512319955,False
1286,c:\Users\Jules\Documents\IEES\idmybee\data\images\crop\organized\Bombus_pyrenaeus\worker\CD388861b_S2.jpg,0.004538039913062151,False
1287,c:\Users\Jules\Documents\IEES\idmybee\data\images\crop\organized\Bombus_pyrenaeus\worker\CD388861b_S3.jpg,0.004593992465860525,False
1288,c:\Users\Jules\Documents\IEES\idmybee\data\images\crop\organized\Bombus_pyrenaeus\worker\FR04ABOM220722031_P1.JPG,0.004333179730845942,False
1289,c:\Users\Jules\Documents\IEES\idmybee\data\images\crop\organized\Bombus_pyrenaeus\worker\FR04ABOM220722031_P2.JPG,0.004259805292999713,False
1290,c:\Users\Jules\Documents\IEES\idmybee\data\images\crop\organized\Bombus_pyrenaeus\worker\FR04ABOM220722031_S1.jpg,0.004393310727579358,False
1291,c:\Users\Jules\Documents\IEES\idmybee\data\images\crop\organized\Bombus_pyrenaeus\worker\FR04ABOM220722031_S2.jpg,0.004357446419595531,False
1292,c:\Users\Jules\Documents\IEES\idmybee\data\images\crop\organized\Bombus_pyrenaeus\worker\FR04ABOM220722031_S3.jpg,0.004369694188715154,False
1293,c:\Users\Jules\Documents\IEES\idmybee\data\images\crop\organized\Bombus_pyrenaeus\worker\FR04ABOM220722092_P1.JPG,0.00453526850233494,False
1294,c:\Users\Jules\Documents\IEES\idmybee\data\images\crop\organized\Bombus_pyrenaeus\worker\FR04ABOM220722092_P2.JPG,0.004571938942262311,False
1295,c:\Users\Jules\Documents\IEES\idmybee\data\images\crop\organized\Bombus_pyrenaeus\worker\FR04ABOM220722092_S1.jpg,0.004592614489271241,False
1296,c:\Users\Jules\Documents\IEES\idmybee\data\images\crop\organized\Bombus_pyrenaeus\worker\FR04ABOM220722092_S2.jpg,0.004619810239831288,False
1297,c:\Users\Jules\Documents\IEES\idmybee\data\images\crop\organized\Bombus_pyrenaeus\worker\FR04ABOM220722092_S3.jpg,0.004613775708411116,False
1298,c:\Users\Jules\Documents\IEES\idmybee\data\images\crop\organized\Bombus_pyrenaeus\worker\FR73ABOM120722021_P1.JPG,0.004628112221817464,False
1299,c:\Users\Jules\Documents\IEES\idmybee\data\images\crop\organized\Bombus_pyrenaeus\worker\FR73ABOM120722021_P2.JPG,0.004587212156014136,False
1300,c:\Users\Jules\Documents\IEES\idmybee\data\images\crop\organized\Bombus_pyrenaeus\worker\FR73ABOM120722021_S1.jpg,0.004535600353780726,False
1301,c:\Users\Jules\Documents\IEES\idmybee\data\images\crop\organized\Bombus_pyrenaeus\worker\FR73ABOM120722021_S2.jpg,0.004568558611622308,False
1302,c:\Users\Jules\Documents\IEES\idmybee\data\images\crop\organized\Bombus_pyrenaeus\worker\FR73ABOM120722021_S3.jpg,0.004535653333904394,False
1303,c:\Users\Jules\Documents\IEES\idmybee\data\images\crop\organized\Bombus_pyrenaeus\worker\FR73ABOM120722042_P1.JPG,0.004422969780631621,False
1304,c:\Users\Jules\Documents\IEES\idmybee\data\images\crop\organized\Bombus_pyrenaeus\worker\FR73ABOM120722042_P2.JPG,0.004460748953029271,False
1305,c:\Users\Jules\Documents\IEES\idmybee\data\images\crop\organized\Bombus_pyrenaeus\worker\FR73ABOM120722042_S1.jpg,0.004485665683637552,False
1306,c:\Users\Jules\Documents\IEES\idmybee\data\images\crop\organized\Bombus_pyrenaeus\worker\FR73ABOM120722042_S2.jpg,0.004502130128406531,False
1307,c:\Users\Jules\Documents\IEES\idmybee\data\images\crop\organized\Bombus_pyrenaeus\worker\FR73ABOM120722042_S3.jpg,0.004470159749415359,False
1308,c:\Users\Jules\Documents\IEES\idmybee\data\images\crop\organized\Bombus_pyrenaeus\worker\FR73ABOM120722103_P1.JPG,0.004329203992000283,False
1309,c:\Users\Jules\Documents\IEES\idmybee\data\images\crop\organized\Bombus_pyrenaeus\worker\FR73ABOM120722103_P2.JPG,0.004416678134592758,False
1310,c:\Users\Jules\Documents\IEES\idmybee\data\images\crop\organized\Bombus_pyrenaeus\worker\FR73ABOM120722103_S1.jpg,0.004456794233880766,False
1311,c:\Users\Jules\Documents\IEES\idmybee\data\images\crop\organized\Bombus_pyrenaeus\worker\FR73ABOM120722103_S2.jpg,0.004474245399787722,False
1312,c:\Users\Jules\Documents\IEES\idmybee\data\images\crop\organized\Bombus_pyrenaeus\worker\FR73ABOM120722103_S3.jpg,0.004388591753540096,False
1313,c:\Users\Jules\Documents\IEES\idmybee\data\images\crop\organized\Bombus_pyrenaeus\worker\FR73ABOM130722004_P1.JPG,0.004617588155032705,False
1314,c:\Users\Jules\Documents\IEES\idmybee\data\images\crop\organized\Bombus_pyrenaeus\worker\FR73ABOM130722004_P2.JPG,0.004676519565788109,False
1315,c:\Users\Jules\Documents\IEES\idmybee\data\images\crop\organized\Bombus_pyrenaeus\worker\FR73ABOM130722004_S1.jpg,0.004573855867097435,False
1316,c:\Users\Jules\Documents\IEES\idmybee\data\images\crop\organized\Bombus_pyrenaeus\worker\FR73ABOM130722004_S2.jpg,0.004577226249581328,False
1317,c:\Users\Jules\Documents\IEES\idmybee\data\images\crop\organized\Bombus_pyrenaeus\worker\FR73ABOM130722004_S3.jpg,0.0045466719952761865,False
1318,c:\Users\Jules\Documents\IEES\idmybee\data\images\crop\organized\Bombus_pyrenaeus\worker\FR73ABOM130722005_P1.JPG,0.004480166395397362,False
1319,c:\Users\Jules\Documents\IEES\idmybee\data\images\crop\organized\Bombus_pyrenaeus\worker\FR73ABOM130722005_P2.JPG,0.004461870859518322,False
1320,c:\Users\Jules\Documents\IEES\idmybee\data\images\crop\organized\Bombus_pyrenaeus\worker\FR73ABOM130722005_S1.jpg,0.004480775110547892,False
1321,c:\Users\Jules\Documents\IEES\idmybee\data\images\crop\organized\Bombus_pyrenaeus\worker\FR73ABOM130722005_S2.jpg,0.004449905984296109,False
1322,c:\Users\Jules\Documents\IEES\idmybee\data\images\crop\organized\Bombus_pyrenaeus\worker\FR73ABOM130722005_S3.jpg,0.004493605399489125,False
1323,c:\Users\Jules\Documents\IEES\idmybee\data\images\crop\organized\Bombus_pyrenaeus\worker\FR73ABOM130722006_P1.JPG,0.004634613476201999,False
1324,c:\Users\Jules\Documents\IEES\idmybee\data\images\crop\organized\Bombus_pyrenaeus\worker\FR73ABOM130722006_P2.JPG,0.004602353760169008,False
1325,c:\Users\Jules\Documents\IEES\idmybee\data\images\crop\organized\Bombus_pyrenaeus\worker\FR73ABOM130722006_S1.jpg,0.00456262472135839,False
1326,c:\Users\Jules\Documents\IEES\idmybee\data\images\crop\organized\Bombus_pyrenaeus\worker\FR73ABOM130722006_S2.jpg,0.004533221216700013,False
1327,c:\Users\Jules\Documents\IEES\idmybee\data\images\crop\organized\Bombus_pyrenaeus\worker\FR73ABOM130722006_S3.jpg,0.00461881121149697,False
1328,c:\Users\Jules\Documents\IEES\idmybee\data\images\crop\organized\Bombus_pyrenaeus\worker\FR73ABOM130722027_P1.JPG,0.004518633956313609,False
1329,c:\Users\Jules\Documents\IEES\idmybee\data\images\crop\organized\Bombus_pyrenaeus\worker\FR73ABOM130722027_P2.JPG,0.004613597251964824,False
1330,c:\Users\Jules\Documents\IEES\idmybee\data\images\crop\organized\Bombus_pyrenaeus\worker\FR73ABOM130722027_S1.jpg,0.0045835279482405854,False
1331,c:\Users\Jules\Documents\IEES\idmybee\data\images\crop\organized\Bombus_pyrenaeus\worker\FR73ABOM130722027_S2.jpg,0.004524432703279247,False
1332,c:\Users\Jules\Documents\IEES\idmybee\data\images\crop\organized\Bombus_pyrenaeus\worker\FR73ABOM130722027_S3.jpg,0.004591565580104069,False
1333,c:\Users\Jules\Documents\IEES\idmybee\data\images\crop\organized\Bombus_pyrenaeus\worker\FR73ABOM130722046_P1.JPG,0.0043676745669284575,False
1334,c:\Users\Jules\Documents\IEES\idmybee\data\images\crop\organized\Bombus_pyrenaeus\worker\FR73ABOM130722046_P2.JPG,0.004304832239519853,False
1335,c:\Users\Jules\Documents\IEES\idmybee\data\images\crop\organized\Bombus_pyrenaeus\worker\FR73ABOM130722046_S1.jpg,0.004366831261058428,False
1336,c:\Users\Jules\Documents\IEES\idmybee\data\images\crop\organized\Bombus_pyrenaeus\worker\FR73ABOM130722046_S2.jpg,0.004341044322135772,False
1337,c:\Users\Jules\Documents\IEES\idmybee\data\images\crop\organized\Bombus_pyrenaeus\worker\FR73ABOM130722046_S3.jpg,0.004380888875694183,False
1338,c:\Users\Jules\Documents\IEES\idmybee\data\images\crop\organized\Bombus_pyrenaeus\worker\FR73ABOM140722039_P1.JPG,0.004439779326093299,False
1339,c:\Users\Jules\Documents\IEES\idmybee\data\images\crop\organized\Bombus_pyrenaeus\worker\FR73ABOM140722039_P2.JPG,0.00444441538573664,False
1340,c:\Users\Jules\Documents\IEES\idmybee\data\images\crop\organized\Bombus_pyrenaeus\worker\FR73ABOM140722039_S1.jpg,0.004480041085864414,False
1341,c:\Users\Jules\Documents\IEES\idmybee\data\images\crop\organized\Bombus_pyrenaeus\worker\FR73ABOM140722039_S2.jpg,0.004545619247554532,False
1342,c:\Users\Jules\Documents\IEES\idmybee\data\images\crop\organized\Bombus_pyrenaeus\worker\FR73ABOM140722039_S3.jpg,0.004508532416473668,False
1343,c:\Users\Jules\Documents\IEES\idmybee\data\images\crop\organized\Bombus_pyrenaeus\worker\FR73ABOM200722034_P1.JPG,0.004452117985051557,False
1344,c:\Users\Jules\Documents\IEES\idmybee\data\images\crop\organized\Bombus_pyrenaeus\worker\FR73ABOM200722034_P2.JPG,0.004434470381380684,False
1345,c:\Users\Jules\Documents\IEES\idmybee\data\images\crop\organized\Bombus_pyrenaeus\worker\FR73ABOM200722034_S1.jpg,0.004408392081806629,False
1346,c:\Users\Jules\Documents\IEES\idmybee\data\images\crop\organized\Bombus_pyrenaeus\worker\FR73ABOM200722034_S2.jpg,0.004410713734028563,False
1347,c:\Users\Jules\Documents\IEES\idmybee\data\images\crop\organized\Bombus_pyrenaeus\worker\FR73ABOM200722034_S3.jpg,0.004412997178983539,False
1348,c:\Users\Jules\Documents\IEES\idmybee\data\images\crop\organized\Bombus_pyrenaeus\worker\FR73ABOM200722037_P1.JPG,0.004366252790939131,False
1349,c:\Users\Jules\Documents\IEES\idmybee\data\images\crop\organized\Bombus_pyrenaeus\worker\FR73ABOM200722037_P2.JPG,0.004301516711212687,False
1350,c:\Users\Jules\Documents\IEES\idmybee\data\images\crop\organized\Bombus_pyrenaeus\worker\FR73ABOM200722037_S1.jpg,0.004247541249089444,False
1351,c:\Users\Jules\Documents\IEES\idmybee\data\images\crop\organized\Bombus_pyrenaeus\worker\FR73ABOM200722037_S2.jpg,0.0043665504071560435,False
1352,c:\Users\Jules\Documents\IEES\idmybee\data\images\crop\organized\Bombus_pyrenaeus\worker\FR73ABOM200722037_S3.jpg,0.004335482547079616,False
1353,c:\Users\Jules\Documents\IEES\idmybee\data\images\crop\organized\Bombus_pyrenaeus\worker\FR73ABOM200722038_P1.JPG,0.004615472968788604,False
1354,c:\Users\Jules\Documents\IEES\idmybee\data\images\crop\organized\Bombus_pyrenaeus\worker\FR73ABOM200722038_P2.JPG,0.004585331780276088,False
1355,c:\Users\Jules\Documents\IEES\idmybee\data\images\crop\organized\Bombus_pyrenaeus\worker\FR73ABOM200722038_S1.jpg,0.004719139988776988,False
1356,c:\Users\Jules\Documents\IEES\idmybee\data\images\crop\organized\Bombus_pyrenaeus\worker\FR73ABOM200722038_S2.jpg,0.004503322972559559,False
1357,c:\Users\Jules\Documents\IEES\idmybee\data\images\crop\organized\Bombus_pyrenaeus\worker\FR73ABOM200722038_S3.jpg,0.004666702666831511,False
1358,c:\Users\Jules\Documents\IEES\idmybee\data\images\crop\organized\Bombus_pyrenaeus\worker\FR73ABOM200722039_P1.JPG,0.004485795078543357,False
1359,c:\Users\Jules\Documents\IEES\idmybee\data\images\crop\organized\Bombus_pyrenaeus\worker\FR73ABOM200722039_P2.JPG,0.00444941385766856,False
1360,c:\Users\Jules\Documents\IEES\idmybee\data\images\crop\organized\Bombus_pyrenaeus\worker\FR73ABOM200722039_S1.jpg,0.004543222366535191,False
1361,c:\Users\Jules\Documents\IEES\idmybee\data\images\crop\organized\Bombus_pyrenaeus\worker\FR73ABOM200722039_S2.jpg,0.004542429250361652,False
1362,c:\Users\Jules\Documents\IEES\idmybee\data\images\crop\organized\Bombus_pyrenaeus\worker\FR73ABOM200722039_S3.jpg,0.004481698422107813,False
1363,c:\Users\Jules\Documents\IEES\idmybee\data\images\crop\organized\Bombus_pyrenaeus\worker\FR73ABOM200722040_P1.JPG,0.004526403884343198,False
1364,c:\Users\Jules\Documents\IEES\idmybee\data\images\crop\organized\Bombus_pyrenaeus\worker\FR73ABOM200722040_P2.JPG,0.004545793615967663,False
1365,c:\Users\Jules\Documents\IEES\idmybee\data\images\crop\organized\Bombus_pyrenaeus\worker\FR73ABOM200722040_S1.jpg,0.004457046807826734,False
1366,c:\Users\Jules\Documents\IEES\idmybee\data\images\crop\organized\Bombus_pyrenaeus\worker\FR73ABOM200722040_S2.jpg,0.004389711042196547,False
1367,c:\Users\Jules\Documents\IEES\idmybee\data\images\crop\organized\Bombus_pyrenaeus\worker\FR73ABOM200722040_S3.jpg,0.004592808046116886,False
1368,c:\Users\Jules\Documents\IEES\idmybee\data\images\crop\organized\Bombus_pyrenaeus\worker\FR73ABOM200722041_P1.JPG,0.004513040494969125,False
1369,c:\Users\Jules\Documents\IEES\idmybee\data\images\crop\organized\Bombus_pyrenaeus\worker\FR73ABOM200722041_P2.JPG,0.004540612713502137,False
1370,c:\Users\Jules\Documents\IEES\idmybee\data\images\crop\organized\Bombus_pyrenaeus\worker\FR73ABOM200722041_S1.jpg,0.004529231958136636,False
1371,c:\Users\Jules\Documents\IEES\idmybee\data\images\crop\organized\Bombus_pyrenaeus\worker\FR73ABOM200722041_S2.jpg,0.004506342143558411,False
1372,c:\Users\Jules\Documents\IEES\idmybee\data\images\crop\organized\Bombus_pyrenaeus\worker\FR73ABOM200722041_S3.jpg,0.004500565400289525,False
1373,c:\Users\Jules\Documents\IEES\idmybee\data\images\crop\organized\Bombus_ruderarius\male\ABAURA8204_P1.JPG,0.0047240764358842105,False
1374,c:\Users\Jules\Documents\IEES\idmybee\data\images\crop\organized\Bombus_ruderarius\male\ABAURA8204_P2.JPG,0.004665347384093674,False
1375,c:\Users\Jules\Documents\IEES\idmybee\data\images\crop\organized\Bombus_ruderarius\male\ABAURA8204_S1.jpg,0.004603669190050095,False
1376,c:\Users\Jules\Documents\IEES\idmybee\data\images\crop\organized\Bombus_ruderarius\male\ABAURA8204_S2.jpg,0.004723258881803133,False
1377,c:\Users\Jules\Documents\IEES\idmybee\data\images\crop\organized\Bombus_ruderarius\male\ABAURA8204_S3.jpg,0.0047973908333960435,False
1378,c:\Users\Jules\Documents\IEES\idmybee\data\images\crop\organized\Bombus_ruderarius\male\ABAURA8595_P1.JPG,0.004453953291224103,False
1379,c:\Users\Jules\Documents\IEES\idmybee\data\images\crop\organized\Bombus_ruderarius\male\ABAURA8595_P2.JPG,0.004387888400916643,False
1380,c:\Users\Jules\Documents\IEES\idmybee\data\images\crop\organized\Bombus_ruderarius\male\ABAURA8595_S1.jpg,0.004519523250123116,False
1381,c:\Users\Jules\Documents\IEES\idmybee\data\images\crop\organized\Bombus_ruderarius\male\ABAURA8595_S2.jpg,0.004347646241581763,False
1382,c:\Users\Jules\Documents\IEES\idmybee\data\images\crop\organized\Bombus_ruderarius\male\ABAURA8595_S3.jpg,0.004453738117514476,False
1383,c:\Users\Jules\Documents\IEES\idmybee\data\images\crop\organized\Bombus_ruderarius\male\ABAURA8602_P2.JPG,0.004775315035033869,False
1384,c:\Users\Jules\Documents\IEES\idmybee\data\images\crop\organized\Bombus_ruderarius\male\ABAURA8602_S1.jpg,0.0044884270561556475,False
1385,c:\Users\Jules\Documents\IEES\idmybee\data\images\crop\organized\Bombus_ruderarius\male\ABAURA8602_S2.jpg,0.0045016937776256455,False
1386,c:\Users\Jules\Documents\IEES\idmybee\data\images\crop\organized\Bombus_ruderarius\male\ABAURA8602_S3.jpg,0.004494199407625856,False
1387,c:\Users\Jules\Documents\IEES\idmybee\data\images\crop\organized\Bombus_ruderarius\male\ABAURA8852_P1.JPG,0.00441202372790633,False
1388,c:\Users\Jules\Documents\IEES\idmybee\data\images\crop\organized\Bombus_ruderarius\male\ABAURA8852_P2.JPG,0.004503006483821213,False
1389,c:\Users\Jules\Documents\IEES\idmybee\data\images\crop\organized\Bombus_ruderarius\male\ABAURA8852_S1.jpg,0.0044654283024227704,False
1390,c:\Users\Jules\Documents\IEES\idmybee\data\images\crop\organized\Bombus_ruderarius\male\ABAURA8852_S2.jpg,0.004486911159307676,False
1391,c:\Users\Jules\Documents\IEES\idmybee\data\images\crop\organized\Bombus_ruderarius\male\ABAURA8852_S3.jpg,0.004541293705904998,False
1392,c:\Users\Jules\Documents\IEES\idmybee\data\images\crop\organized\Bombus_ruderarius\male\ABAURA8885b_P1.JPG,0.004505727516599935,False
1393,c:\Users\Jules\Documents\IEES\idmybee\data\images\crop\organized\Bombus_ruderarius\male\ABAURA8885b_P2.JPG,0.008668693818191313,True
1394,c:\Users\Jules\Documents\IEES\idmybee\data\images\crop\organized\Bombus_ruderarius\male\ABAURA8885b_S1.jpg,0.008998532628513932,True
1395,c:\Users\Jules\Documents\IEES\idmybee\data\images\crop\organized\Bombus_ruderarius\male\ABAURA8885b_S2.jpg,0.008800816961715644,True
1396,c:\Users\Jules\Documents\IEES\idmybee\data\images\crop\organized\Bombus_ruderarius\male\ABAURA8885b_S3.jpg,0.008963628453474256,True
1397,c:\Users\Jules\Documents\IEES\idmybee\data\images\crop\organized\Bombus_ruderarius\male\ABAURA8885c_P1.JPG,0.004486684611933867,False
1398,c:\Users\Jules\Documents\IEES\idmybee\data\images\crop\organized\Bombus_ruderarius\male\ABAURA8885c_P2.JPG,0.004405312196824538,False
1399,c:\Users\Jules\Documents\IEES\idmybee\data\images\crop\organized\Bombus_ruderarius\male\ABAURA8885c_S1.jpg,0.00444114785503452,False
1400,c:\Users\Jules\Documents\IEES\idmybee\data\images\crop\organized\Bombus_ruderarius\male\ABAURA8885c_S2.jpg,0.0044040727903006515,False
1401,c:\Users\Jules\Documents\IEES\idmybee\data\images\crop\organized\Bombus_ruderarius\male\ABAURA8885c_S3.jpg,0.004412553228379778,False
1402,c:\Users\Jules\Documents\IEES\idmybee\data\images\crop\organized\Bombus_ruderarius\male\ABAURA8885d_P1.JPG,0.004523801244176883,False
1403,c:\Users\Jules\Documents\IEES\idmybee\data\images\crop\organized\Bombus_ruderarius\male\ABAURA8885d_P2.JPG,0.004563812279774999,False
1404,c:\Users\Jules\Documents\IEES\idmybee\data\images\crop\organized\Bombus_ruderarius\male\ABAURA8885d_S1.jpg,0.004502550465210712,False
1405,c:\Users\Jules\Documents\IEES\idmybee\data\images\crop\organized\Bombus_ruderarius\male\ABAURA8885d_S2.jpg,0.004603451783223026,False
1406,c:\Users\Jules\Documents\IEES\idmybee\data\images\crop\organized\Bombus_ruderarius\male\ABAURA8885d_S3.jpg,0.004581314029667325,False
1407,c:\Users\Jules\Documents\IEES\idmybee\data\images\crop\organized\Bombus_ruderarius\male\ATBI_GR5_P1.JPG,0.0044312572230438664,False
1408,c:\Users\Jules\Documents\IEES\idmybee\data\images\crop\organized\Bombus_ruderarius\male\ATBI_GR5_P2.JPG,0.00445789090557939,False
1409,c:\Users\Jules\Documents\IEES\idmybee\data\images\crop\organized\Bombus_ruderarius\male\ATBI_GR5_S1.jpg,0.00454335753524766,False
1410,c:\Users\Jules\Documents\IEES\idmybee\data\images\crop\organized\Bombus_ruderarius\male\ATBI_GR5_S2.jpg,0.004489596262664584,False
1411,c:\Users\Jules\Documents\IEES\idmybee\data\images\crop\organized\Bombus_ruderarius\male\ATBI_GR5_S3.jpg,0.004508654121099366,False
1412,c:\Users\Jules\Documents\IEES\idmybee\data\images\crop\organized\Bombus_ruderarius\male\CD388018_P1.JPG,0.004491623310219205,False
1413,c:\Users\Jules\Documents\IEES\idmybee\data\images\crop\organized\Bombus_ruderarius\male\CD388018_P2.JPG,0.0045756887835041345,False
1414,c:\Users\Jules\Documents\IEES\idmybee\data\images\crop\organized\Bombus_ruderarius\male\CD388018_S1.jpg,0.004549988112847321,False
1415,c:\Users\Jules\Documents\IEES\idmybee\data\images\crop\organized\Bombus_ruderarius\male\CD388018_S2.jpg,0.004510131183007659,False
1416,c:\Users\Jules\Documents\IEES\idmybee\data\images\crop\organized\Bombus_ruderarius\male\CD388018_S3.jpg,0.0045157394842493155,False
1417,c:\Users\Jules\Documents\IEES\idmybee\data\images\crop\organized\Bombus_ruderarius\male\CD388018b_P1.JPG,0.00457947186582921,False
1418,c:\Users\Jules\Documents\IEES\idmybee\data\images\crop\organized\Bombus_ruderarius\male\CD388018b_P2.JPG,0.004535311647049943,False
1419,c:\Users\Jules\Documents\IEES\idmybee\data\images\crop\organized\Bombus_ruderarius\male\CD388018b_S1.jpg,0.004508184267290329,False
1420,c:\Users\Jules\Documents\IEES\idmybee\data\images\crop\organized\Bombus_ruderarius\male\CD388018b_S2.jpg,0.004585361331287888,False
1421,c:\Users\Jules\Documents\IEES\idmybee\data\images\crop\organized\Bombus_ruderarius\male\CD388018b_S3.jpg,0.004605765773114665,False
1422,c:\Users\Jules\Documents\IEES\idmybee\data\images\crop\organized\Bombus_ruderarius\male\FR04ABOM220722050_P1.JPG,0.004620335679135262,False
1423,c:\Users\Jules\Documents\IEES\idmybee\data\images\crop\organized\Bombus_ruderarius\male\FR04ABOM220722050_P2.JPG,0.004602970003372123,False
1424,c:\Users\Jules\Documents\IEES\idmybee\data\images\crop\organized\Bombus_ruderarius\male\FR04ABOM220722050_S1.jpg,0.0047213160239352285,False
1425,c:\Users\Jules\Documents\IEES\idmybee\data\images\crop\organized\Bombus_ruderarius\male\FR04ABOM220722050_S2.jpg,0.00470131225141135,False
1426,c:\Users\Jules\Documents\IEES\idmybee\data\images\crop\organized\Bombus_ruderarius\male\FR04ABOM220722050_S3.jpg,0.004724640417363735,False
1427,c:\Users\Jules\Documents\IEES\idmybee\data\images\crop\organized\Bombus_ruderarius\male\FR04ABOM220722051_P1.JPG,0.004374363691865932,False
1428,c:\Users\Jules\Documents\IEES\idmybee\data\images\crop\organized\Bombus_ruderarius\male\FR04ABOM220722051_P2.JPG,0.004411289159697957,False
1429,c:\Users\Jules\Documents\IEES\idmybee\data\images\crop\organized\Bombus_ruderarius\male\FR04ABOM220722051_S1.jpg,0.004382739946780914,False
1430,c:\Users\Jules\Documents\IEES\idmybee\data\images\crop\organized\Bombus_ruderarius\male\FR04ABOM220722051_S2.jpg,0.004402482922055465,False
1431,c:\Users\Jules\Documents\IEES\idmybee\data\images\crop\organized\Bombus_ruderarius\male\FR04ABOM220722051_S3.jpg,0.0044544365018373815,False
1432,c:\Users\Jules\Documents\IEES\idmybee\data\images\crop\organized\Bombus_ruderarius\male\FR04ABOM220722054_P1.JPG,0.0045846518933140255,False
1433,c:\Users\Jules\Documents\IEES\idmybee\data\images\crop\organized\Bombus_ruderarius\male\FR04ABOM220722054_P2.JPG,0.004570232299281274,False
1434,c:\Users\Jules\Documents\IEES\idmybee\data\images\crop\organized\Bombus_ruderarius\male\FR04ABOM220722054_S1.jpg,0.00460642374993313,False
1435,c:\Users\Jules\Documents\IEES\idmybee\data\images\crop\organized\Bombus_ruderarius\male\FR04ABOM220722054_S2.jpg,0.00465638328075115,False
1436,c:\Users\Jules\Documents\IEES\idmybee\data\images\crop\organized\Bombus_ruderarius\male\FR04ABOM220722054_S3.jpg,0.004590704251123786,False
1437,c:\Users\Jules\Documents\IEES\idmybee\data\images\crop\organized\Bombus_ruderarius\male\FR04ABOM220722055_P1.JPG,0.004512958587128088,False
1438,c:\Users\Jules\Documents\IEES\idmybee\data\images\crop\organized\Bombus_ruderarius\male\FR04ABOM220722055_P2.JPG,0.004566550850702576,False
1439,c:\Users\Jules\Documents\IEES\idmybee\data\images\crop\organized\Bombus_ruderarius\male\FR04ABOM220722055_S1.jpg,0.004569154036307609,False
1440,c:\Users\Jules\Documents\IEES\idmybee\data\images\crop\organized\Bombus_ruderarius\male\FR04ABOM220722055_S2.jpg,0.00451532076427081,False
1441,c:\Users\Jules\Documents\IEES\idmybee\data\images\crop\organized\Bombus_ruderarius\male\FR04ABOM220722055_S3.jpg,0.004575176909957671,False
1442,c:\Users\Jules\Documents\IEES\idmybee\data\images\crop\organized\Bombus_ruderarius\male\FR04ABOM220722057_P1.JPG,0.004377428564364905,False
1443,c:\Users\Jules\Documents\IEES\idmybee\data\images\crop\organized\Bombus_ruderarius\male\FR04ABOM220722057_P2.JPG,0.004423471172203269,False
1444,c:\Users\Jules\Documents\IEES\idmybee\data\images\crop\organized\Bombus_ruderarius\male\FR04ABOM220722057_S1.jpg,0.0043367432266862155,False
1445,c:\Users\Jules\Documents\IEES\idmybee\data\images\crop\organized\Bombus_ruderarius\male\FR04ABOM220722057_S2.jpg,0.004410215714110018,False
1446,c:\Users\Jules\Documents\IEES\idmybee\data\images\crop\organized\Bombus_ruderarius\male\FR04ABOM220722057_S3.jpg,0.004397064910066941,False
1447,c:\Users\Jules\Documents\IEES\idmybee\data\images\crop\organized\Bombus_ruderarius\male\FR05ABOM220722023_P1.JPG,0.004590480222076369,False
1448,c:\Users\Jules\Documents\IEES\idmybee\data\images\crop\organized\Bombus_ruderarius\male\FR05ABOM220722023_P2.JPG,0.004577394131241793,False
1449,c:\Users\Jules\Documents\IEES\idmybee\data\images\crop\organized\Bombus_ruderarius\male\FR05ABOM220722023_S1.jpg,0.004588478872918861,False
1450,c:\Users\Jules\Documents\IEES\idmybee\data\images\crop\organized\Bombus_ruderarius\male\FR05ABOM220722023_S2.jpg,0.00455716086650011,False
1451,c:\Users\Jules\Documents\IEES\idmybee\data\images\crop\organized\Bombus_ruderarius\male\FR05ABOM220722023_S3.jpg,0.004683765088772418,False
1452,c:\Users\Jules\Documents\IEES\idmybee\data\images\crop\organized\Bombus_ruderarius\male\FR05ABOM220722024_P1.JPG,0.004783633639755948,False
1453,c:\Users\Jules\Documents\IEES\idmybee\data\images\crop\organized\Bombus_ruderarius\male\FR05ABOM220722024_P2.JPG,0.0047203534150906225,False
1454,c:\Users\Jules\Documents\IEES\idmybee\data\images\crop\organized\Bombus_ruderarius\male\FR05ABOM220722024_S1.jpg,0.004754872411406666,False
1455,c:\Users\Jules\Documents\IEES\idmybee\data\images\crop\organized\Bombus_ruderarius\male\FR05ABOM220722024_S2.jpg,0.004688321870506014,False
1456,c:\Users\Jules\Documents\IEES\idmybee\data\images\crop\organized\Bombus_ruderarius\male\FR05ABOM220722024_S3.jpg,0.004815490397387927,False
1457,c:\Users\Jules\Documents\IEES\idmybee\data\images\crop\organized\Bombus_ruderarius\male\FR05ABOM220722025_P1.JPG,0.004558260922290431,False
1458,c:\Users\Jules\Documents\IEES\idmybee\data\images\crop\organized\Bombus_ruderarius\male\FR05ABOM220722025_P2.JPG,0.004509138675351691,False
1459,c:\Users\Jules\Documents\IEES\idmybee\data\images\crop\organized\Bombus_ruderarius\male\FR05ABOM220722025_S1.jpg,0.004515295413679609,False
1460,c:\Users\Jules\Documents\IEES\idmybee\data\images\crop\organized\Bombus_ruderarius\male\FR05ABOM220722025_S2.jpg,0.0046652744245247405,False
1461,c:\Users\Jules\Documents\IEES\idmybee\data\images\crop\organized\Bombus_ruderarius\male\FR05ABOM220722025_S3.jpg,0.004575419245848348,False
1462,c:\Users\Jules\Documents\IEES\idmybee\data\images\crop\organized\Bombus_ruderarius\male\FR05ABOM220722028_P1.JPG,0.004708342672475277,False
1463,c:\Users\Jules\Documents\IEES\idmybee\data\images\crop\organized\Bombus_ruderarius\male\FR05ABOM220722028_P2.JPG,0.004646092032275489,False
1464,c:\Users\Jules\Documents\IEES\idmybee\data\images\crop\organized\Bombus_ruderarius\male\FR05ABOM220722028_S1.jpg,0.004714808584778073,False
1465,c:\Users\Jules\Documents\IEES\idmybee\data\images\crop\organized\Bombus_ruderarius\male\FR05ABOM220722028_S2.jpg,0.004634215720312081,False
1466,c:\Users\Jules\Documents\IEES\idmybee\data\images\crop\organized\Bombus_ruderarius\male\FR05ABOM220722028_S3.jpg,0.0047455993597186495,False
1467,c:\Users\Jules\Documents\IEES\idmybee\data\images\crop\organized\Bombus_ruderarius\male\FR73ABOM120722025_P1.JPG,0.0046165669582603425,False
1468,c:\Users\Jules\Documents\IEES\idmybee\data\images\crop\organized\Bombus_ruderarius\male\FR73ABOM120722025_P2.JPG,0.0045637928199755975,False
1469,c:\Users\Jules\Documents\IEES\idmybee\data\images\crop\organized\Bombus_ruderarius\male\FR73ABOM120722025_S1.jpg,0.004572220952158213,False
1470,c:\Users\Jules\Documents\IEES\idmybee\data\images\crop\organized\Bombus_ruderarius\male\FR73ABOM120722025_S2.jpg,0.004634276234210174,False
1471,c:\Users\Jules\Documents\IEES\idmybee\data\images\crop\organized\Bombus_ruderarius\male\FR73ABOM120722025_S3.jpg,0.0046527589960796145,False
1472,c:\Users\Jules\Documents\IEES\idmybee\data\images\crop\organized\Bombus_ruderarius\queen\ABAURA7150_P1.JPG,0.004594786507514647,False
1473,c:\Users\Jules\Documents\IEES\idmybee\data\images\crop\organized\Bombus_ruderarius\queen\ABAURA7150_P2.JPG,0.004580293293186728,False
1474,c:\Users\Jules\Documents\IEES\idmybee\data\images\crop\organized\Bombus_ruderarius\queen\ABAURA7150_S1.jpg,0.00449269630836446,False
1475,c:\Users\Jules\Documents\IEES\idmybee\data\images\crop\organized\Bombus_ruderarius\queen\ABAURA7150_S2.jpg,0.004536032593520322,False
1476,c:\Users\Jules\Documents\IEES\idmybee\data\images\crop\organized\Bombus_ruderarius\queen\ABAURA7150_S3.jpg,0.0045149335046773265,False
1477,c:\Users\Jules\Documents\IEES\idmybee\data\images\crop\organized\Bombus_ruderarius\queen\ABAURA7163_P1.JPG,0.004870844607754216,False
1478,c:\Users\Jules\Documents\IEES\idmybee\data\images\crop\organized\Bombus_ruderarius\queen\ABAURA7163_P2.JPG,0.004819495335691532,False
1479,c:\Users\Jules\Documents\IEES\idmybee\data\images\crop\organized\Bombus_ruderarius\queen\ABAURA7163_S1.jpg,0.0047025170563437975,False
1480,c:\Users\Jules\Documents\IEES\idmybee\data\images\crop\organized\Bombus_ruderarius\queen\ABAURA7163_S2.jpg,0.004729586503646313,False
1481,c:\Users\Jules\Documents\IEES\idmybee\data\images\crop\organized\Bombus_ruderarius\queen\ABAURA7163_S3.jpg,0.004777969493680694,False
1482,c:\Users\Jules\Documents\IEES\idmybee\data\images\crop\organized\Bombus_ruderarius\queen\ABAURA8150c_P1.JPG,0.004669890852052208,False
1483,c:\Users\Jules\Documents\IEES\idmybee\data\images\crop\organized\Bombus_ruderarius\queen\ABAURA8150c_P2.JPG,0.004680203347093057,False
1484,c:\Users\Jules\Documents\IEES\idmybee\data\images\crop\organized\Bombus_ruderarius\queen\ABAURA8150c_S1.jpg,0.004581826380130272,False
1485,c:\Users\Jules\Documents\IEES\idmybee\data\images\crop\organized\Bombus_ruderarius\queen\ABAURA8150c_S2.jpg,0.004654565638149206,False
1486,c:\Users\Jules\Documents\IEES\idmybee\data\images\crop\organized\Bombus_ruderarius\queen\ABAURA8150c_S3.jpg,0.004707947146047171,False
1487,c:\Users\Jules\Documents\IEES\idmybee\data\images\crop\organized\Bombus_ruderarius\queen\ABAURA8885e_P1.JPG,0.004515480642743145,False
1488,c:\Users\Jules\Documents\IEES\idmybee\data\images\crop\organized\Bombus_ruderarius\queen\ABAURA8885e_P2.JPG,0.004555726294217472,False
1489,c:\Users\Jules\Documents\IEES\idmybee\data\images\crop\organized\Bombus_ruderarius\queen\ABAURA8885e_S1.jpg,0.004554548827940965,False
1490,c:\Users\Jules\Documents\IEES\idmybee\data\images\crop\organized\Bombus_ruderarius\queen\ABAURA8885e_S2.jpg,0.004638754004623479,False
1491,c:\Users\Jules\Documents\IEES\idmybee\data\images\crop\organized\Bombus_ruderarius\queen\ABAURA8885e_S3.jpg,0.004567223919429769,False
1492,c:\Users\Jules\Documents\IEES\idmybee\data\images\crop\organized\Bombus_ruderarius\queen\ABAURA8885f_P1.JPG,0.0045683025612482265,False
1493,c:\Users\Jules\Documents\IEES\idmybee\data\images\crop\organized\Bombus_ruderarius\queen\ABAURA8885f_P2.JPG,0.004551612810354034,False
1494,c:\Users\Jules\Documents\IEES\idmybee\data\images\crop\organized\Bombus_ruderarius\queen\ABAURA8885f_S1.jpg,0.004600358328279415,False
1495,c:\Users\Jules\Documents\IEES\idmybee\data\images\crop\organized\Bombus_ruderarius\queen\ABAURA8885f_S2.jpg,0.004595442486640579,False
1496,c:\Users\Jules\Documents\IEES\idmybee\data\images\crop\organized\Bombus_ruderarius\queen\ABAURA8885f_S3.jpg,0.004560333041350112,False
1497,c:\Users\Jules\Documents\IEES\idmybee\data\images\crop\organized\Bombus_ruderarius\worker\2020.00377_P1.JPG,0.004598877167425613,False
1498,c:\Users\Jules\Documents\IEES\idmybee\data\images\crop\organized\Bombus_ruderarius\worker\2020.00377_P2.JPG,0.004569759036279893,False
1499,c:\Users\Jules\Documents\IEES\idmybee\data\images\crop\organized\Bombus_ruderarius\worker\2020.00377_S1.jpg,0.004635572294763177,False
1500,c:\Users\Jules\Documents\IEES\idmybee\data\images\crop\organized\Bombus_ruderarius\worker\2020.00377_S2.jpg,0.004639880581386347,False
1501,c:\Users\Jules\Documents\IEES\idmybee\data\images\crop\organized\Bombus_ruderarius\worker\2020.00377_S3.jpg,0.004607420341068578,False
1502,c:\Users\Jules\Documents\IEES\idmybee\data\images\crop\organized\Bombus_ruderarius\worker\ABAURA4902_P1.JPG,0.005114217197393517,True
1504,c:\Users\Jules\Documents\IEES\idmybee\data\images\crop\organized\Bombus_ruderarius\worker\ABAURA4902_S1.jpg,0.00451835662985654,False
1505,c:\Users\Jules\Documents\IEES\idmybee\data\images\crop\organized\Bombus_ruderarius\worker\ABAURA4902_S2.jpg,0.004578662659906144,False
1506,c:\Users\Jules\Documents\IEES\idmybee\data\images\crop\organized\Bombus_ruderarius\worker\ABAURA4902_S3.jpg,0.004590026073719201,False
1507,c:\Users\Jules\Documents\IEES\idmybee\data\images\crop\organized\Bombus_ruderarius\worker\ABAURA4904_P1.JPG,0.004530039095729138,False
1508,c:\Users\Jules\Documents\IEES\idmybee\data\images\crop\organized\Bombus_ruderarius\worker\ABAURA4904_P2.JPG,0.004614043064103516,False
1509,c:\Users\Jules\Documents\IEES\idmybee\data\images\crop\organized\Bombus_ruderarius\worker\ABAURA4904_S1.jpg,0.004579665910171438,False
1510,c:\Users\Jules\Documents\IEES\idmybee\data\images\crop\organized\Bombus_ruderarius\worker\ABAURA4904_S2.jpg,0.0046149086414309405,False
1511,c:\Users\Jules\Documents\IEES\idmybee\data\images\crop\organized\Bombus_ruderarius\worker\ABAURA4904_S3.jpg,0.004663867415590896,False
1512,c:\Users\Jules\Documents\IEES\idmybee\data\images\crop\organized\Bombus_ruderarius\worker\ABAURA4915_P1.JPG,0.004676078222306703,False
1513,c:\Users\Jules\Documents\IEES\idmybee\data\images\crop\organized\Bombus_ruderarius\worker\ABAURA4915_P2.JPG,0.0046191853831863295,False
1514,c:\Users\Jules\Documents\IEES\idmybee\data\images\crop\organized\Bombus_ruderarius\worker\ABAURA4915_S1.jpg,0.004561842342662687,False
1515,c:\Users\Jules\Documents\IEES\idmybee\data\images\crop\organized\Bombus_ruderarius\worker\ABAURA4915_S2.jpg,0.00458593287497721,False
1516,c:\Users\Jules\Documents\IEES\idmybee\data\images\crop\organized\Bombus_ruderarius\worker\ABAURA4915_S3.jpg,0.004694465106722694,False
1517,c:\Users\Jules\Documents\IEES\idmybee\data\images\crop\organized\Bombus_ruderarius\worker\ABAURA4923_P1.JPG,0.004566050301875689,False
1518,c:\Users\Jules\Documents\IEES\idmybee\data\images\crop\organized\Bombus_ruderarius\worker\ABAURA4923_P2.JPG,0.004568854970966783,False
1519,c:\Users\Jules\Documents\IEES\idmybee\data\images\crop\organized\Bombus_ruderarius\worker\ABAURA4923_S1.jpg,0.004557918353763079,False
1520,c:\Users\Jules\Documents\IEES\idmybee\data\images\crop\organized\Bombus_ruderarius\worker\ABAURA4923_S2.jpg,0.0045505655079131424,False
1521,c:\Users\Jules\Documents\IEES\idmybee\data\images\crop\organized\Bombus_ruderarius\worker\ABAURA4923_S3.jpg,0.0045584163706338466,False
1522,c:\Users\Jules\Documents\IEES\idmybee\data\images\crop\organized\Bombus_ruderarius\worker\ABAURA4923b_P1.JPG,0.00481897010878447,False
1523,c:\Users\Jules\Documents\IEES\idmybee\data\images\crop\organized\Bombus_ruderarius\worker\ABAURA4923b_P2.JPG,0.004742627441886027,False
1524,c:\Users\Jules\Documents\IEES\idmybee\data\images\crop\organized\Bombus_ruderarius\worker\ABAURA4923b_S1.jpg,0.004847761394363454,False
1525,c:\Users\Jules\Documents\IEES\idmybee\data\images\crop\organized\Bombus_ruderarius\worker\ABAURA4923b_S2.jpg,0.004828163821765232,False
1526,c:\Users\Jules\Documents\IEES\idmybee\data\images\crop\organized\Bombus_ruderarius\worker\ABAURA4923b_S3.jpg,0.004793972740968616,False
1527,c:\Users\Jules\Documents\IEES\idmybee\data\images\crop\organized\Bombus_ruderarius\worker\ABAURA4928_P1.JPG,0.004410642100620853,False
1528,c:\Users\Jules\Documents\IEES\idmybee\data\images\crop\organized\Bombus_ruderarius\worker\ABAURA4928_P2.JPG,0.004376273873217821,False
1529,c:\Users\Jules\Documents\IEES\idmybee\data\images\crop\organized\Bombus_ruderarius\worker\ABAURA4928_S1.jpg,0.004429871312594622,False
1530,c:\Users\Jules\Documents\IEES\idmybee\data\images\crop\organized\Bombus_ruderarius\worker\ABAURA4928_S2.jpg,0.004550023494555506,False
1531,c:\Users\Jules\Documents\IEES\idmybee\data\images\crop\organized\Bombus_ruderarius\worker\ABAURA4928_S3.jpg,0.004467174832577717,False
1532,c:\Users\Jules\Documents\IEES\idmybee\data\images\crop\organized\Bombus_ruderarius\worker\ABAURA4936_P1.JPG,0.004416263521426643,False
1533,c:\Users\Jules\Documents\IEES\idmybee\data\images\crop\organized\Bombus_ruderarius\worker\ABAURA4936_P2.JPG,0.004432691115244816,False
1534,c:\Users\Jules\Documents\IEES\idmybee\data\images\crop\organized\Bombus_ruderarius\worker\ABAURA4936_S1.jpg,0.004388527905390537,False
1535,c:\Users\Jules\Documents\IEES\idmybee\data\images\crop\organized\Bombus_ruderarius\worker\ABAURA4936_S2.jpg,0.004409952129146371,False
1536,c:\Users\Jules\Documents\IEES\idmybee\data\images\crop\organized\Bombus_ruderarius\worker\ABAURA4936_S3.jpg,0.004454051170717622,False
1537,c:\Users\Jules\Documents\IEES\idmybee\data\images\crop\organized\Bombus_ruderarius\worker\ABAURA8150b_P1.JPG,0.004721230960614584,False
1538,c:\Users\Jules\Documents\IEES\idmybee\data\images\crop\organized\Bombus_ruderarius\worker\ABAURA8150b_P2.JPG,0.004744526953073284,False
1539,c:\Users\Jules\Documents\IEES\idmybee\data\images\crop\organized\Bombus_ruderarius\worker\ABAURA8150b_S1.jpg,0.004761070180342704,False
1540,c:\Users\Jules\Documents\IEES\idmybee\data\images\crop\organized\Bombus_ruderarius\worker\ABAURA8150b_S2.jpg,0.004721279359281707,False
1541,c:\Users\Jules\Documents\IEES\idmybee\data\images\crop\organized\Bombus_ruderarius\worker\ABAURA8150b_S3.jpg,0.004703324619828372,False
1542,c:\Users\Jules\Documents\IEES\idmybee\data\images\crop\organized\Bombus_ruderarius\worker\ABAURA8205_P1.JPG,0.004431782273093802,False
1543,c:\Users\Jules\Documents\IEES\idmybee\data\images\crop\organized\Bombus_ruderarius\worker\ABAURA8205_P2.JPG,0.004383024975003301,False
1544,c:\Users\Jules\Documents\IEES\idmybee\data\images\crop\organized\Bombus_ruderarius\worker\ABAURA8205_S1.jpg,0.00435588333924068,False
1545,c:\Users\Jules\Documents\IEES\idmybee\data\images\crop\organized\Bombus_ruderarius\worker\ABAURA8205_S2.jpg,0.004409331280978365,False
1546,c:\Users\Jules\Documents\IEES\idmybee\data\images\crop\organized\Bombus_ruderarius\worker\ABAURA8205_S3.jpg,0.004337268502099301,False
1547,c:\Users\Jules\Documents\IEES\idmybee\data\images\crop\organized\Bombus_ruderarius\worker\ABAURA8205b_P1.JPG,0.004535448616381657,False
1548,c:\Users\Jules\Documents\IEES\idmybee\data\images\crop\organized\Bombus_ruderarius\worker\ABAURA8205b_P2.JPG,0.004589768816739827,False
1549,c:\Users\Jules\Documents\IEES\idmybee\data\images\crop\organized\Bombus_ruderarius\worker\ABAURA8205b_S1.jpg,0.004569446718324733,False
1550,c:\Users\Jules\Documents\IEES\idmybee\data\images\crop\organized\Bombus_ruderarius\worker\ABAURA8205b_S2.jpg,0.004598554848173163,False
1551,c:\Users\Jules\Documents\IEES\idmybee\data\images\crop\organized\Bombus_ruderarius\worker\ABAURA8205b_S3.jpg,0.00462774354677457,False
1552,c:\Users\Jules\Documents\IEES\idmybee\data\images\crop\organized\Bombus_ruderarius\worker\ABAURA8205c_P1.JPG,0.0045424725837110306,False
1553,c:\Users\Jules\Documents\IEES\idmybee\data\images\crop\organized\Bombus_ruderarius\worker\ABAURA8205c_P2.JPG,0.004547012641438806,False
1554,c:\Users\Jules\Documents\IEES\idmybee\data\images\crop\organized\Bombus_ruderarius\worker\ABAURA8205c_S1.jpg,0.004640408943942677,False
1555,c:\Users\Jules\Documents\IEES\idmybee\data\images\crop\organized\Bombus_ruderarius\worker\ABAURA8205c_S2.jpg,0.0044899928710802435,False
1556,c:\Users\Jules\Documents\IEES\idmybee\data\images\crop\organized\Bombus_ruderarius\worker\ABAURA8205c_S3.jpg,0.004460610198049277,False
1557,c:\Users\Jules\Documents\IEES\idmybee\data\images\crop\organized\Bombus_ruderarius\worker\ABAURA8606_P1.JPG,0.004267023728243784,False
1558,c:\Users\Jules\Documents\IEES\idmybee\data\images\crop\organized\Bombus_ruderarius\worker\ABAURA8606_P2.JPG,0.004311109338466514,False
1559,c:\Users\Jules\Documents\IEES\idmybee\data\images\crop\organized\Bombus_ruderarius\worker\ABAURA8606_S1.jpg,0.0042793815068514025,False
1560,c:\Users\Jules\Documents\IEES\idmybee\data\images\crop\organized\Bombus_ruderarius\worker\ABAURA8606_S2.jpg,0.004244581093852867,False
1561,c:\Users\Jules\Documents\IEES\idmybee\data\images\crop\organized\Bombus_ruderarius\worker\ABAURA8606_S3.jpg,0.004246171864260635,False
1564,c:\Users\Jules\Documents\IEES\idmybee\data\images\crop\organized\Bombus_ruderarius\worker\ABAURA8852b_S1.jpg,0.008008223437656474,True
1567,c:\Users\Jules\Documents\IEES\idmybee\data\images\crop\organized\Bombus_ruderarius\worker\ABB-2020.00038_P1.JPG,0.004435187789427288,False
1568,c:\Users\Jules\Documents\IEES\idmybee\data\images\crop\organized\Bombus_ruderarius\worker\ABB-2020.00038_P2.JPG,0.004447928516745505,False
1569,c:\Users\Jules\Documents\IEES\idmybee\data\images\crop\organized\Bombus_ruderarius\worker\ABB-2020.00038_S1.jpg,0.004392776867641438,False
1570,c:\Users\Jules\Documents\IEES\idmybee\data\images\crop\organized\Bombus_ruderarius\worker\ABB-2020.00038_S2.jpg,0.004390601307235267,False
1571,c:\Users\Jules\Documents\IEES\idmybee\data\images\crop\organized\Bombus_ruderarius\worker\ABB-2020.00038_S3.jpg,0.004359098445077378,False
1572,c:\Users\Jules\Documents\IEES\idmybee\data\images\crop\organized\Bombus_ruderarius\worker\CD387313_P1.JPG,0.004362090487848851,False
1573,c:\Users\Jules\Documents\IEES\idmybee\data\images\crop\organized\Bombus_ruderarius\worker\CD387313_P2.JPG,0.004332941116068276,False
1574,c:\Users\Jules\Documents\IEES\idmybee\data\images\crop\organized\Bombus_ruderarius\worker\CD387313_S1.jpg,0.004313210740266682,False
1575,c:\Users\Jules\Documents\IEES\idmybee\data\images\crop\organized\Bombus_ruderarius\worker\CD387313_S2.jpg,0.004327893726594162,False
1576,c:\Users\Jules\Documents\IEES\idmybee\data\images\crop\organized\Bombus_ruderarius\worker\CD387313_S3.jpg,0.004403982245451012,False
1577,c:\Users\Jules\Documents\IEES\idmybee\data\images\crop\organized\Bombus_ruderarius\worker\CD387766b_P1.JPG,0.004477640334125674,False
1578,c:\Users\Jules\Documents\IEES\idmybee\data\images\crop\organized\Bombus_ruderarius\worker\CD387766b_P2.JPG,0.004428533357695661,False
1579,c:\Users\Jules\Documents\IEES\idmybee\data\images\crop\organized\Bombus_ruderarius\worker\CD387766b_S1.jpg,0.004512699808989386,False
1580,c:\Users\Jules\Documents\IEES\idmybee\data\images\crop\organized\Bombus_ruderarius\worker\CD387766b_S2.jpg,0.004727354752549921,False
1581,c:\Users\Jules\Documents\IEES\idmybee\data\images\crop\organized\Bombus_ruderarius\worker\D264515_P1.JPG,0.00439259751031067,False
1582,c:\Users\Jules\Documents\IEES\idmybee\data\images\crop\organized\Bombus_ruderarius\worker\D264515_P2.JPG,0.004314529938543362,False
1583,c:\Users\Jules\Documents\IEES\idmybee\data\images\crop\organized\Bombus_ruderarius\worker\D264515_S1.jpg,0.004386875370775957,False
1584,c:\Users\Jules\Documents\IEES\idmybee\data\images\crop\organized\Bombus_ruderarius\worker\D264515_S2.jpg,0.0044471224944928785,False
1585,c:\Users\Jules\Documents\IEES\idmybee\data\images\crop\organized\Bombus_ruderarius\worker\D264515_S3.jpg,0.004426682501024774,False
1586,c:\Users\Jules\Documents\IEES\idmybee\data\images\crop\organized\Bombus_ruderarius\worker\POLLINIS4402_P1.JPG,0.004471733277654332,False
1587,c:\Users\Jules\Documents\IEES\idmybee\data\images\crop\organized\Bombus_ruderarius\worker\POLLINIS4402_P2.JPG,0.004505706411570791,False
1588,c:\Users\Jules\Documents\IEES\idmybee\data\images\crop\organized\Bombus_ruderarius\worker\POLLINIS4402_S1.jpg,0.004366666704373662,False
1589,c:\Users\Jules\Documents\IEES\idmybee\data\images\crop\organized\Bombus_ruderarius\worker\POLLINIS4402_S2.jpg,0.0044146206843810026,False
1590,c:\Users\Jules\Documents\IEES\idmybee\data\images\crop\organized\Bombus_ruderarius\worker\POLLINIS4402_S3.jpg,0.004426579704327997,False
1591,c:\Users\Jules\Documents\IEES\idmybee\data\images\crop\organized\Bombus_ruderarius\worker\POLLINIS4455_P1.JPG,0.0047305886172218335,False
1592,c:\Users\Jules\Documents\IEES\idmybee\data\images\crop\organized\Bombus_ruderarius\worker\POLLINIS4455_P2.JPG,0.0047197243804626594,False
1593,c:\Users\Jules\Documents\IEES\idmybee\data\images\crop\organized\Bombus_ruderarius\worker\POLLINIS4455_S1.jpg,0.0047571009047600865,False
1594,c:\Users\Jules\Documents\IEES\idmybee\data\images\crop\organized\Bombus_ruderarius\worker\POLLINIS4455_S2.jpg,0.004773041983730623,False
1595,c:\Users\Jules\Documents\IEES\idmybee\data\images\crop\organized\Bombus_ruderarius\worker\POLLINIS4455_S3.jpg,0.0047786870130522375,False
1596,c:\Users\Jules\Documents\IEES\idmybee\data\images\crop\organized\Bombus_ruderarius\worker\VAN-2019.00795_P1.JPG,0.004590783247591537,False
1597,c:\Users\Jules\Documents\IEES\idmybee\data\images\crop\organized\Bombus_ruderarius\worker\VAN-2019.00795_P2.JPG,0.004572648377990711,False
1598,c:\Users\Jules\Documents\IEES\idmybee\data\images\crop\organized\Bombus_ruderarius\worker\VAN-2019.00795_S1.jpg,0.004670715626459917,False
1599,c:\Users\Jules\Documents\IEES\idmybee\data\images\crop\organized\Bombus_ruderarius\worker\VAN-2019.00795_S2.jpg,0.004650372466493615,False
1600,c:\Users\Jules\Documents\IEES\idmybee\data\images\crop\organized\Bombus_ruderarius\worker\VAN-2019.00795_S3.jpg,0.004651304612184982,False
1601,c:\Users\Jules\Documents\IEES\idmybee\data\images\crop\organized\Bombus_rupestris\male\15L2021-1420_P1.JPG,0.004569625332811396,False
1602,c:\Users\Jules\Documents\IEES\idmybee\data\images\crop\organized\Bombus_rupestris\male\15L2021-1420_P2.JPG,0.0045339448619907,False
1603,c:\Users\Jules\Documents\IEES\idmybee\data\images\crop\organized\Bombus_rupestris\male\15L2021-1420_S1.jpg,0.004477708316656288,False
1604,c:\Users\Jules\Documents\IEES\idmybee\data\images\crop\organized\Bombus_rupestris\male\15L2021-1420_S2.jpg,0.004457536870302697,False
1605,c:\Users\Jules\Documents\IEES\idmybee\data\images\crop\organized\Bombus_rupestris\male\15L2021-1420_S3.jpg,0.004509837255522173,False
1606,c:\Users\Jules\Documents\IEES\idmybee\data\images\crop\organized\Bombus_rupestris\male\15L2021-1498_P1.JPG,0.004406379970510318,False
1607,c:\Users\Jules\Documents\IEES\idmybee\data\images\crop\organized\Bombus_rupestris\male\15L2021-1498_P2.JPG,0.004302595776633863,False
1608,c:\Users\Jules\Documents\IEES\idmybee\data\images\crop\organized\Bombus_rupestris\male\15L2021-1498_S1.jpg,0.004375811643826979,False
1609,c:\Users\Jules\Documents\IEES\idmybee\data\images\crop\organized\Bombus_rupestris\male\15L2021-1498_S2.jpg,0.0043853331397885045,False
1610,c:\Users\Jules\Documents\IEES\idmybee\data\images\crop\organized\Bombus_rupestris\male\15L2021-1498_S3.jpg,0.004449282559525343,False
1611,c:\Users\Jules\Documents\IEES\idmybee\data\images\crop\organized\Bombus_rupestris\male\15L2021-1499_P1.JPG,0.004658726629192431,False
1612,c:\Users\Jules\Documents\IEES\idmybee\data\images\crop\organized\Bombus_rupestris\male\15L2021-1499_P2.JPG,0.004622976203756741,False
1613,c:\Users\Jules\Documents\IEES\idmybee\data\images\crop\organized\Bombus_rupestris\male\15L2021-1499_S1.jpg,0.004695978711686723,False
1614,c:\Users\Jules\Documents\IEES\idmybee\data\images\crop\organized\Bombus_rupestris\male\15L2021-1499_S2.jpg,0.00467700385835729,False
1615,c:\Users\Jules\Documents\IEES\idmybee\data\images\crop\organized\Bombus_rupestris\male\15L2021-1499_S3.jpg,0.004668445102270279,False
1616,c:\Users\Jules\Documents\IEES\idmybee\data\images\crop\organized\Bombus_rupestris\male\15L2021-1514_P1.JPG,0.004464292735016899,False
1617,c:\Users\Jules\Documents\IEES\idmybee\data\images\crop\organized\Bombus_rupestris\male\15L2021-1514_P2.JPG,0.004505468156313144,False
1618,c:\Users\Jules\Documents\IEES\idmybee\data\images\crop\organized\Bombus_rupestris\male\15L2021-1514_S1.jpg,0.004455578406054391,False
1619,c:\Users\Jules\Documents\IEES\idmybee\data\images\crop\organized\Bombus_rupestris\male\15L2021-1514_S2.jpg,0.004459419685369486,False
1620,c:\Users\Jules\Documents\IEES\idmybee\data\images\crop\organized\Bombus_rupestris\male\15L2021-1514_S3.jpg,0.004412905704827177,False
1621,c:\Users\Jules\Documents\IEES\idmybee\data\images\crop\organized\Bombus_rupestris\male\15L2021-1546_P1.JPG,0.004454403453500267,False
1622,c:\Users\Jules\Documents\IEES\idmybee\data\images\crop\organized\Bombus_rupestris\male\15L2021-1546_P2.JPG,0.0044754106418862915,False
1623,c:\Users\Jules\Documents\IEES\idmybee\data\images\crop\organized\Bombus_rupestris\male\15L2021-1546_S1.jpg,0.00447582754119236,False
1624,c:\Users\Jules\Documents\IEES\idmybee\data\images\crop\organized\Bombus_rupestris\male\15L2021-1546_S2.jpg,0.004445126066607742,False
1625,c:\Users\Jules\Documents\IEES\idmybee\data\images\crop\organized\Bombus_rupestris\male\15L2021-1546_S3.jpg,0.004468443534114858,False
1626,c:\Users\Jules\Documents\IEES\idmybee\data\images\crop\organized\Bombus_rupestris\male\15L2021-1731_P1.JPG,0.00458004077024586,False
1627,c:\Users\Jules\Documents\IEES\idmybee\data\images\crop\organized\Bombus_rupestris\male\15L2021-1731_P2.JPG,0.005809880405428635,True
1628,c:\Users\Jules\Documents\IEES\idmybee\data\images\crop\organized\Bombus_rupestris\male\15L2021-1731_S1.jpg,0.0046022587284111575,False
1629,c:\Users\Jules\Documents\IEES\idmybee\data\images\crop\organized\Bombus_rupestris\male\15L2021-1731_S2.jpg,0.004630634961399866,False
1630,c:\Users\Jules\Documents\IEES\idmybee\data\images\crop\organized\Bombus_rupestris\male\15L2021-1731_S3.jpg,0.004732598339350729,False
1631,c:\Users\Jules\Documents\IEES\idmybee\data\images\crop\organized\Bombus_rupestris\male\15L2021-1757_P1.JPG,0.004659884968586211,False
1632,c:\Users\Jules\Documents\IEES\idmybee\data\images\crop\organized\Bombus_rupestris\male\15L2021-1757_P2.JPG,0.004689820189011419,False
1633,c:\Users\Jules\Documents\IEES\idmybee\data\images\crop\organized\Bombus_rupestris\male\15L2021-1757_S1.jpg,0.004724008114055975,False
1634,c:\Users\Jules\Documents\IEES\idmybee\data\images\crop\organized\Bombus_rupestris\male\15L2021-1757_S2.jpg,0.0046445859332761635,False
1635,c:\Users\Jules\Documents\IEES\idmybee\data\images\crop\organized\Bombus_rupestris\male\15L2021-1757_S3.jpg,0.004622006399194332,False
1636,c:\Users\Jules\Documents\IEES\idmybee\data\images\crop\organized\Bombus_rupestris\male\15L2021-1758_P1.JPG,0.0046368282446350734,False
1637,c:\Users\Jules\Documents\IEES\idmybee\data\images\crop\organized\Bombus_rupestris\male\15L2021-1758_P2.JPG,0.004568562132554254,False
1638,c:\Users\Jules\Documents\IEES\idmybee\data\images\crop\organized\Bombus_rupestris\male\15L2021-1758_S1.jpg,0.004604456684321277,False
1639,c:\Users\Jules\Documents\IEES\idmybee\data\images\crop\organized\Bombus_rupestris\male\15L2021-1758_S2.jpg,0.004623716198040405,False
1640,c:\Users\Jules\Documents\IEES\idmybee\data\images\crop\organized\Bombus_rupestris\male\15L2021-1758_S3.jpg,0.004531462535965123,False
1641,c:\Users\Jules\Documents\IEES\idmybee\data\images\crop\organized\Bombus_rupestris\male\2020.00470_P1.JPG,0.0044739990433678885,False
1642,c:\Users\Jules\Documents\IEES\idmybee\data\images\crop\organized\Bombus_rupestris\male\2020.00470_P2.JPG,0.004538542328409845,False
1643,c:\Users\Jules\Documents\IEES\idmybee\data\images\crop\organized\Bombus_rupestris\male\2020.00470_P3.JPG,0.004499447301657485,False
1644,c:\Users\Jules\Documents\IEES\idmybee\data\images\crop\organized\Bombus_rupestris\male\2020.00470_S1.jpg,0.004578898641281812,False
1645,c:\Users\Jules\Documents\IEES\idmybee\data\images\crop\organized\Bombus_rupestris\male\2020.00470_S2.jpg,0.004576540821264633,False
1646,c:\Users\Jules\Documents\IEES\idmybee\data\images\crop\organized\Bombus_rupestris\male\2020.00470_S3.jpg,0.004580856983361695,False
1647,c:\Users\Jules\Documents\IEES\idmybee\data\images\crop\organized\Bombus_rupestris\male\2020.00471_P1.JPG,0.004660608678277831,False
1648,c:\Users\Jules\Documents\IEES\idmybee\data\images\crop\organized\Bombus_rupestris\male\2020.00471_P2.JPG,0.0045992359171986765,False
1649,c:\Users\Jules\Documents\IEES\idmybee\data\images\crop\organized\Bombus_rupestris\male\2020.00471_P3.JPG,0.004656646055934658,False
1650,c:\Users\Jules\Documents\IEES\idmybee\data\images\crop\organized\Bombus_rupestris\male\2020.00471_S1.jpg,0.00475934757511545,False
1651,c:\Users\Jules\Documents\IEES\idmybee\data\images\crop\organized\Bombus_rupestris\male\2020.00471_S2.jpg,0.004638846627814764,False
1652,c:\Users\Jules\Documents\IEES\idmybee\data\images\crop\organized\Bombus_rupestris\male\2020.00471_S3.jpg,0.004698843118755865,False
1653,c:\Users\Jules\Documents\IEES\idmybee\data\images\crop\organized\Bombus_rupestris\male\2020.06243_P1.JPG,0.004379723506143387,False
1654,c:\Users\Jules\Documents\IEES\idmybee\data\images\crop\organized\Bombus_rupestris\male\2020.06243_P2.JPG,0.004467552260467998,False
1655,c:\Users\Jules\Documents\IEES\idmybee\data\images\crop\organized\Bombus_rupestris\male\2020.06243_P3.JPG,0.004490991950181723,False
1656,c:\Users\Jules\Documents\IEES\idmybee\data\images\crop\organized\Bombus_rupestris\male\2020.06243_S1.jpg,0.004459048644026709,False
1657,c:\Users\Jules\Documents\IEES\idmybee\data\images\crop\organized\Bombus_rupestris\male\2020.06243_S2.jpg,0.004420392708592908,False
1658,c:\Users\Jules\Documents\IEES\idmybee\data\images\crop\organized\Bombus_rupestris\male\2020.06243_S3.jpg,0.004538003700731567,False
1659,c:\Users\Jules\Documents\IEES\idmybee\data\images\crop\organized\Bombus_rupestris\male\2020.06244_P1.JPG,0.004590123713992606,False
1660,c:\Users\Jules\Documents\IEES\idmybee\data\images\crop\organized\Bombus_rupestris\male\2020.06244_P2.JPG,0.004681429699240432,False
1661,c:\Users\Jules\Documents\IEES\idmybee\data\images\crop\organized\Bombus_rupestris\male\2020.06244_P3.JPG,0.004617349562937045,False
1662,c:\Users\Jules\Documents\IEES\idmybee\data\images\crop\organized\Bombus_rupestris\male\2020.06244_S1.jpg,0.004572149037222673,False
1663,c:\Users\Jules\Documents\IEES\idmybee\data\images\crop\organized\Bombus_rupestris\male\2020.06244_S2.jpg,0.004500559700438073,False
1664,c:\Users\Jules\Documents\IEES\idmybee\data\images\crop\organized\Bombus_rupestris\male\2020.06244_S3.jpg,0.004566057022633086,False
1665,c:\Users\Jules\Documents\IEES\idmybee\data\images\crop\organized\Bombus_rupestris\male\VAN-2019.00781_P1.JPG,0.004543436911133629,False
1666,c:\Users\Jules\Documents\IEES\idmybee\data\images\crop\organized\Bombus_rupestris\male\VAN-2019.00781_P2.JPG,0.004611410501112331,False
1667,c:\Users\Jules\Documents\IEES\idmybee\data\images\crop\organized\Bombus_rupestris\male\VAN-2019.00781_P3.JPG,0.004492291033760528,False
1668,c:\Users\Jules\Documents\IEES\idmybee\data\images\crop\organized\Bombus_rupestris\male\VAN-2019.00781_S1.jpg,0.004480871812753132,False
1669,c:\Users\Jules\Documents\IEES\idmybee\data\images\crop\organized\Bombus_rupestris\male\VAN-2019.00781_S2.jpg,0.004498991686114061,False
1670,c:\Users\Jules\Documents\IEES\idmybee\data\images\crop\organized\Bombus_rupestris\male\VAN-2019.00781_S3.jpg,0.004460525893597326,False
1671,c:\Users\Jules\Documents\IEES\idmybee\data\images\crop\organized\Bombus_rupestris\male\VAN-2019.00783_P1.JPG,0.004709640152106425,False
1672,c:\Users\Jules\Documents\IEES\idmybee\data\images\crop\organized\Bombus_rupestris\male\VAN-2019.00783_P2.JPG,0.004634956016152771,False
1673,c:\Users\Jules\Documents\IEES\idmybee\data\images\crop\organized\Bombus_rupestris\male\VAN-2019.00783_P3.JPG,0.0046643677613365355,False
1674,c:\Users\Jules\Documents\IEES\idmybee\data\images\crop\organized\Bombus_rupestris\male\VAN-2019.00783_S1.jpg,0.004627758646774938,False
1675,c:\Users\Jules\Documents\IEES\idmybee\data\images\crop\organized\Bombus_rupestris\male\VAN-2019.00783_S2.jpg,0.004520463836969461,False
1676,c:\Users\Jules\Documents\IEES\idmybee\data\images\crop\organized\Bombus_rupestris\male\VAN-2019.00783_S3.jpg,0.004504845321051505,False
1677,c:\Users\Jules\Documents\IEES\idmybee\data\images\crop\organized\Bombus_rupestris\male\VAN-2019.00785_P1.JPG,0.004511923320115844,False
1678,c:\Users\Jules\Documents\IEES\idmybee\data\images\crop\organized\Bombus_rupestris\male\VAN-2019.00785_P2.JPG,0.004473007889996892,False
1679,c:\Users\Jules\Documents\IEES\idmybee\data\images\crop\organized\Bombus_rupestris\male\VAN-2019.00785_P3.JPG,0.00722422470024732,True
1680,c:\Users\Jules\Documents\IEES\idmybee\data\images\crop\organized\Bombus_rupestris\male\VAN-2019.00785_S1.jpg,0.004630743957819106,False
1681,c:\Users\Jules\Documents\IEES\idmybee\data\images\crop\organized\Bombus_rupestris\male\VAN-2019.00785_S2.jpg,0.0044340456273478795,False
1682,c:\Users\Jules\Documents\IEES\idmybee\data\images\crop\organized\Bombus_rupestris\male\VAN-2019.00785_S3.jpg,0.004539289558512107,False
1683,c:\Users\Jules\Documents\IEES\idmybee\data\images\crop\organized\Bombus_rupestris\male\VAN-2019.00787_P1.JPG,0.004894109729303538,False
1684,c:\Users\Jules\Documents\IEES\idmybee\data\images\crop\organized\Bombus_rupestris\male\VAN-2019.00787_P2.JPG,0.004854920398660988,False
1685,c:\Users\Jules\Documents\IEES\idmybee\data\images\crop\organized\Bombus_rupestris\male\VAN-2019.00787_P3.JPG,0.004900141454802691,False
1686,c:\Users\Jules\Documents\IEES\idmybee\data\images\crop\organized\Bombus_rupestris\male\VAN-2019.00787_S1.jpg,0.004822559989131515,False
1687,c:\Users\Jules\Documents\IEES\idmybee\data\images\crop\organized\Bombus_rupestris\male\VAN-2019.00787_S2.jpg,0.0049560583304224535,False
1688,c:\Users\Jules\Documents\IEES\idmybee\data\images\crop\organized\Bombus_rupestris\male\VAN-2019.00787_S3.jpg,0.004909677904197617,False
1689,c:\Users\Jules\Documents\IEES\idmybee\data\images\crop\organized\Bombus_rupestris\male\VAN-2019.00788_P1.JPG,0.004556467005552771,False
1690,c:\Users\Jules\Documents\IEES\idmybee\data\images\crop\organized\Bombus_rupestris\male\VAN-2019.00788_P2.JPG,0.004509705696936257,False
1691,c:\Users\Jules\Documents\IEES\idmybee\data\images\crop\organized\Bombus_rupestris\male\VAN-2019.00788_P3.JPG,0.0044517698724335485,False
1692,c:\Users\Jules\Documents\IEES\idmybee\data\images\crop\organized\Bombus_rupestris\male\VAN-2019.00788_S1.jpg,0.004550764191333094,False
1693,c:\Users\Jules\Documents\IEES\idmybee\data\images\crop\organized\Bombus_rupestris\male\VAN-2019.00788_S2.jpg,0.004372227777766526,False
1694,c:\Users\Jules\Documents\IEES\idmybee\data\images\crop\organized\Bombus_rupestris\male\VAN-2019.00788_S3.jpg,0.004583174060248063,False
1695,c:\Users\Jules\Documents\IEES\idmybee\data\images\crop\organized\Bombus_rupestris\male\VAN-2019.00814_P1.JPG,0.004626512338884972,False
1696,c:\Users\Jules\Documents\IEES\idmybee\data\images\crop\organized\Bombus_rupestris\male\VAN-2019.00814_P2.JPG,0.004778970655386047,False
1697,c:\Users\Jules\Documents\IEES\idmybee\data\images\crop\organized\Bombus_rupestris\male\VAN-2019.00814_P3.JPG,0.004538644494401696,False
1698,c:\Users\Jules\Documents\IEES\idmybee\data\images\crop\organized\Bombus_rupestris\male\VAN-2019.00814_S1.jpg,0.004628364485080373,False
1699,c:\Users\Jules\Documents\IEES\idmybee\data\images\crop\organized\Bombus_rupestris\male\VAN-2019.00814_S2.jpg,0.004655841705677485,False
1700,c:\Users\Jules\Documents\IEES\idmybee\data\images\crop\organized\Bombus_rupestris\male\VAN-2019.00814_S3.jpg,0.0045918488435606215,False
1701,c:\Users\Jules\Documents\IEES\idmybee\data\images\crop\organized\Bombus_rupestris\male\VAN-2019.00822_P1.JPG,0.004684314532826594,False
1702,c:\Users\Jules\Documents\IEES\idmybee\data\images\crop\organized\Bombus_rupestris\male\VAN-2019.00822_P2.JPG,0.00470031586328747,False
1703,c:\Users\Jules\Documents\IEES\idmybee\data\images\crop\organized\Bombus_rupestris\male\VAN-2019.00822_P3.JPG,0.00471430951045241,False
1704,c:\Users\Jules\Documents\IEES\idmybee\data\images\crop\organized\Bombus_rupestris\male\VAN-2019.00822_S1.jpg,0.0046604731003336486,False
1705,c:\Users\Jules\Documents\IEES\idmybee\data\images\crop\organized\Bombus_rupestris\male\VAN-2019.00822_S2.jpg,0.004650867401021988,False
1706,c:\Users\Jules\Documents\IEES\idmybee\data\images\crop\organized\Bombus_rupestris\male\VAN-2019.00822_S3.jpg,0.0046738394170012555,False
1707,c:\Users\Jules\Documents\IEES\idmybee\data\images\crop\organized\Bombus_rupestris\male\VAN-2019.00824_P1.JPG,0.0048670081083060646,False
1708,c:\Users\Jules\Documents\IEES\idmybee\data\images\crop\organized\Bombus_rupestris\male\VAN-2019.00824_P2.JPG,0.004880581455823648,False
1709,c:\Users\Jules\Documents\IEES\idmybee\data\images\crop\organized\Bombus_rupestris\male\VAN-2019.00824_P3.JPG,0.004831347052687147,False
1710,c:\Users\Jules\Documents\IEES\idmybee\data\images\crop\organized\Bombus_rupestris\male\VAN-2019.00824_S1.jpg,0.004754862452434546,False
1711,c:\Users\Jules\Documents\IEES\idmybee\data\images\crop\organized\Bombus_rupestris\male\VAN-2019.00824_S2.jpg,0.004890599000337868,False
1712,c:\Users\Jules\Documents\IEES\idmybee\data\images\crop\organized\Bombus_rupestris\male\VAN-2019.00824_S3.jpg,0.006541590683153978,True
1713,c:\Users\Jules\Documents\IEES\idmybee\data\images\crop\organized\Bombus_rupestris\male\VAN-2019.00849_P1.JPG,0.004517029609647363,False
1714,c:\Users\Jules\Documents\IEES\idmybee\data\images\crop\organized\Bombus_rupestris\male\VAN-2019.00849_P2.JPG,0.006899755152737702,True
1715,c:\Users\Jules\Documents\IEES\idmybee\data\images\crop\organized\Bombus_rupestris\male\VAN-2019.00849_P3.JPG,0.004494393791751166,False
1716,c:\Users\Jules\Documents\IEES\idmybee\data\images\crop\organized\Bombus_rupestris\male\VAN-2019.00849_S1.jpg,0.00444085350665167,False
1717,c:\Users\Jules\Documents\IEES\idmybee\data\images\crop\organized\Bombus_rupestris\male\VAN-2019.00849_S2.jpg,0.004499894133545689,False
1718,c:\Users\Jules\Documents\IEES\idmybee\data\images\crop\organized\Bombus_rupestris\male\VAN-2019.00849_S3.jpg,0.004475060020412818,False
1720,c:\Users\Jules\Documents\IEES\idmybee\data\images\crop\organized\Bombus_rupestris\male\VAN-2019.00850_P2.JPG,0.004336800201264628,False
1721,c:\Users\Jules\Documents\IEES\idmybee\data\images\crop\organized\Bombus_rupestris\male\VAN-2019.00850_P3.JPG,0.0044882024435146705,False
1722,c:\Users\Jules\Documents\IEES\idmybee\data\images\crop\organized\Bombus_rupestris\male\VAN-2019.00850_S1.jpg,0.004451389265267589,False
1723,c:\Users\Jules\Documents\IEES\idmybee\data\images\crop\organized\Bombus_rupestris\male\VAN-2019.00850_S2.jpg,0.004465465694695289,False
1724,c:\Users\Jules\Documents\IEES\idmybee\data\images\crop\organized\Bombus_rupestris\male\VAN-2019.00850_S3.jpg,0.0045433853331895025,False
1725,c:\Users\Jules\Documents\IEES\idmybee\data\images\crop\organized\Bombus_rupestris\queen\2007.0712_P1.JPG,0.0050593145678449365,False
1726,c:\Users\Jules\Documents\IEES\idmybee\data\images\crop\organized\Bombus_rupestris\queen\2007.0712_P2.JPG,0.005088929039631804,True
1727,c:\Users\Jules\Documents\IEES\idmybee\data\images\crop\organized\Bombus_rupestris\queen\2007.0712_P3.JPG,0.008079326178984226,True
1728,c:\Users\Jules\Documents\IEES\idmybee\data\images\crop\organized\Bombus_rupestris\queen\2007.0712_P4.JPG,0.004675533687585138,False
1730,c:\Users\Jules\Documents\IEES\idmybee\data\images\crop\organized\Bombus_rupestris\queen\2007.0712_S3.jpg,0.006492355881027058,True
1738,c:\Users\Jules\Documents\IEES\idmybee\data\images\crop\organized\Bombus_rupestris\queen\ABAURA5676_S3.jpg,0.007888390687494789,True
1739,c:\Users\Jules\Documents\IEES\idmybee\data\images\crop\organized\Bombus_rupestris\queen\ABAURA7910_P1.JPG,0.006447977458528106,True
1740,c:\Users\Jules\Documents\IEES\idmybee\data\images\crop\organized\Bombus_rupestris\queen\ABAURA7910_P2.JPG,0.006583677602195678,True
1743,c:\Users\Jules\Documents\IEES\idmybee\data\images\crop\organized\Bombus_rupestris\queen\ABAURA7910_P5.JPG,0.00418951212627088,False
1747,c:\Users\Jules\Documents\IEES\idmybee\data\images\crop\organized\Bombus_rupestris\queen\FR15ABOM100721030_P1.JPG,0.006363918906400354,True
1748,c:\Users\Jules\Documents\IEES\idmybee\data\images\crop\organized\Bombus_rupestris\queen\FR15ABOM100721030_P2.JPG,0.006227989669476118,True
1749,c:\Users\Jules\Documents\IEES\idmybee\data\images\crop\organized\Bombus_rupestris\queen\FR15ABOM100721030_S1.jpg,0.004677991329636629,False
1750,c:\Users\Jules\Documents\IEES\idmybee\data\images\crop\organized\Bombus_rupestris\queen\FR15ABOM100721030_S2.jpg,0.004654922051232781,False
1751,c:\Users\Jules\Documents\IEES\idmybee\data\images\crop\organized\Bombus_rupestris\queen\FR15ABOM100721030_S3.jpg,0.004587919534440746,False
1752,c:\Users\Jules\Documents\IEES\idmybee\data\images\crop\organized\Bombus_rupestris\queen\FR15ABOM100721031_S2.jpg,0.004969245973138144,False
1753,c:\Users\Jules\Documents\IEES\idmybee\data\images\crop\organized\Bombus_rupestris\queen\FR15ABOM100721032_P2.JPG,0.004591486900081416,False
1754,c:\Users\Jules\Documents\IEES\idmybee\data\images\crop\organized\Bombus_rupestris\queen\FR15ABOM100721032_S3.jpg,0.004920219993985675,False
1757,c:\Users\Jules\Documents\IEES\idmybee\data\images\crop\organized\Bombus_rupestris\queen\FR15ABOM120621015_P1.JPG,0.004637574889002702,False
1758,c:\Users\Jules\Documents\IEES\idmybee\data\images\crop\organized\Bombus_rupestris\queen\FR15ABOM120621015_S1.jpg,0.005096186212803447,True
1759,c:\Users\Jules\Documents\IEES\idmybee\data\images\crop\organized\Bombus_rupestris\queen\FR15ABOM130621006_P1.JPG,0.007951626776310753,True
1760,c:\Users\Jules\Documents\IEES\idmybee\data\images\crop\organized\Bombus_rupestris\queen\FR15ABOM130621006_P2.JPG,0.008103212764327246,True
1761,c:\Users\Jules\Documents\IEES\idmybee\data\images\crop\organized\Bombus_rupestris\queen\FR15ABOM130621006_S2.jpg,0.0070417867170860515,True
1762,c:\Users\Jules\Documents\IEES\idmybee\data\images\crop\organized\Bombus_rupestris\queen\FR15ABOM130621006_S3.jpg,0.004482114608923647,False
1763,c:\Users\Jules\Documents\IEES\idmybee\data\images\crop\organized\Bombus_rupestris\queen\FR15ABOM200821156_P1.JPG,0.0048986612487393055,False
1764,c:\Users\Jules\Documents\IEES\idmybee\data\images\crop\organized\Bombus_rupestris\queen\FR15ABOM200821156_S3.jpg,0.006040469905212805,True
1765,c:\Users\Jules\Documents\IEES\idmybee\data\images\crop\organized\Bombus_rupestris\queen\FR15ABOM210821077_P1.JPG,0.004617203762420698,False
1766,c:\Users\Jules\Documents\IEES\idmybee\data\images\crop\organized\Bombus_rupestris\queen\FR15ABOM210821077_P2.JPG,0.004598621387131938,False
1767,c:\Users\Jules\Documents\IEES\idmybee\data\images\crop\organized\Bombus_rupestris\queen\FR15ABOM210821077_S3.jpg,0.00495812860701299,False
1768,c:\Users\Jules\Documents\IEES\idmybee\data\images\crop\organized\Bombus_rupestris\queen\FR15ABOM310520005_P1.JPG,0.004858277329230758,False
1769,c:\Users\Jules\Documents\IEES\idmybee\data\images\crop\organized\Bombus_rupestris\queen\FR15ABOM310520005_P2.JPG,0.005018619414686731,False
1770,c:\Users\Jules\Documents\IEES\idmybee\data\images\crop\organized\Bombus_rupestris\queen\FR15ABOM310520005_S2.jpg,0.004880338746953554,False
1771,c:\Users\Jules\Documents\IEES\idmybee\data\images\crop\organized\Bombus_rupestris\queen\FR15ABOM310520005_S3.jpg,0.005238346241039058,True
1772,c:\Users\Jules\Documents\IEES\idmybee\data\images\crop\organized\Bombus_rupestris\queen\FR15ABOO0712002_P1.JPG,0.004893133789555606,False
1773,c:\Users\Jules\Documents\IEES\idmybee\data\images\crop\organized\Bombus_rupestris\queen\FR15ABOO0712002_S1.jpg,0.004738800675392906,False
1774,c:\Users\Jules\Documents\IEES\idmybee\data\images\crop\organized\Bombus_rupestris\queen\FR15ABOO0712002_S2.jpg,0.004774969700479564,False
1775,c:\Users\Jules\Documents\IEES\idmybee\data\images\crop\organized\Bombus_rupestris\queen\FR15ABOO0712002_S3.jpg,0.0049381794557015616,False
1776,c:\Users\Jules\Documents\IEES\idmybee\data\images\crop\organized\Bombus_rupestris\queen\POLLINIS4982_P1.JPG,0.007628196108984859,True
1778,c:\Users\Jules\Documents\IEES\idmybee\data\images\crop\organized\Bombus_rupestris\queen\POLLINIS4982_P3.JPG,0.004534305271812293,False
1779,c:\Users\Jules\Documents\IEES\idmybee\data\images\crop\organized\Bombus_rupestris\queen\POLLINIS4982_P4.JPG,0.008643041352218099,True
1780,c:\Users\Jules\Documents\IEES\idmybee\data\images\crop\organized\Bombus_rupestris\queen\POLLINIS4982_P5.JPG,0.006460967723027485,True
1781,c:\Users\Jules\Documents\IEES\idmybee\data\images\crop\organized\Bombus_rupestris\queen\POLLINIS4982_S1.jpg,0.0077083882357428,True
1782,c:\Users\Jules\Documents\IEES\idmybee\data\images\crop\organized\Bombus_rupestris\queen\POLLINIS4982_S2.jpg,0.0084557600217273,True
1783,c:\Users\Jules\Documents\IEES\idmybee\data\images\crop\organized\Bombus_rupestris\queen\POLLINIS4982_S3.jpg,0.0059729729785501515,True
1784,c:\Users\Jules\Documents\IEES\idmybee\data\images\crop\organized\Bombus_rupestris\queen\POLLINIS4982_S5.jpg,0.007903882910854162,True
1789,c:\Users\Jules\Documents\IEES\idmybee\data\images\crop\organized\Bombus_rupestris\queen\POLLINIS5133_S2.jpg,0.010506548792570493,True
1790,c:\Users\Jules\Documents\IEES\idmybee\data\images\crop\organized\Bombus_rupestris\queen\POLLINIS5133_S3.jpg,0.01045536628666915,True
1792,c:\Users\Jules\Documents\IEES\idmybee\data\images\crop\organized\Bombus_rupestris\queen\POLLINIS5133_S5.jpg,0.006875863178862587,True
1794,c:\Users\Jules\Documents\IEES\idmybee\data\images\crop\organized\Bombus_rupestris\queen\RuppSupp1_P1.JPG,0.004691775707196028,False
1795,c:\Users\Jules\Documents\IEES\idmybee\data\images\crop\organized\Bombus_rupestris\queen\RuppSupp1_P2.JPG,0.004793503280593361,False
1796,c:\Users\Jules\Documents\IEES\idmybee\data\images\crop\organized\Bombus_rupestris\queen\RuppSupp1_S2.jpg,0.004690104403888515,False
1797,c:\Users\Jules\Documents\IEES\idmybee\data\images\crop\organized\Bombus_rupestris\queen\RuppSupp1_S3.jpg,0.00473570829139108,False
1798,c:\Users\Jules\Documents\IEES\idmybee\data\images\crop\organized\Bombus_rupestris\queen\UBC-2011.0157_P1.JPG,0.004557725483052811,False
1799,c:\Users\Jules\Documents\IEES\idmybee\data\images\crop\organized\Bombus_rupestris\queen\UBC-2011.0157_P2.JPG,0.004499494546866362,False
1800,c:\Users\Jules\Documents\IEES\idmybee\data\images\crop\organized\Bombus_rupestris\queen\UBC-2011.0157_P3.JPG,0.004968578629323366,False
1801,c:\Users\Jules\Documents\IEES\idmybee\data\images\crop\organized\Bombus_rupestris\queen\UBC-2011.0157_P4.JPG,0.00493694869426519,False
1802,c:\Users\Jules\Documents\IEES\idmybee\data\images\crop\organized\Bombus_rupestris\queen\UBC-2011.0157_P5.JPG,0.004397122008630869,False
1803,c:\Users\Jules\Documents\IEES\idmybee\data\images\crop\organized\Bombus_rupestris\queen\UBC-2011.0157_S1.jpg,0.007423827424361046,True
1804,c:\Users\Jules\Documents\IEES\idmybee\data\images\crop\organized\Bombus_rupestris\queen\UBC-2011.0157_S2.jpg,0.00451566721624164,False
1805,c:\Users\Jules\Documents\IEES\idmybee\data\images\crop\organized\Bombus_rupestris\queen\UBC-2011.0157_S4.jpg,0.006583365556287565,True
1806,c:\Users\Jules\Documents\IEES\idmybee\data\images\crop\organized\Bombus_rupestris\queen\UBC-2011.0157_S5.jpg,0.0051255950639989365,True
1807,c:\Users\Jules\Documents\IEES\idmybee\data\images\crop\organized\Bombus_rupestris\queen\UBC-2014.0001_P1.JPG,0.004931937947835287,False
1808,c:\Users\Jules\Documents\IEES\idmybee\data\images\crop\organized\Bombus_rupestris\queen\UBC-2014.0001_P2.JPG,0.004660842139197102,False
1809,c:\Users\Jules\Documents\IEES\idmybee\data\images\crop\organized\Bombus_rupestris\queen\UBC-2014.0001_P3.JPG,0.006223723936559769,True
1810,c:\Users\Jules\Documents\IEES\idmybee\data\images\crop\organized\Bombus_rupestris\queen\UBC-2014.0001_P4.JPG,0.004999215909610445,False
1811,c:\Users\Jules\Documents\IEES\idmybee\data\images\crop\organized\Bombus_rupestris\queen\UBC-2014.0001_P5.JPG,0.0055223993290480534,True
1812,c:\Users\Jules\Documents\IEES\idmybee\data\images\crop\organized\Bombus_rupestris\queen\UBC-2014.0001_S1.jpg,0.005172543894151672,True
1813,c:\Users\Jules\Documents\IEES\idmybee\data\images\crop\organized\Bombus_rupestris\queen\UBC-2014.0001_S2.jpg,0.004954625684713457,False
1814,c:\Users\Jules\Documents\IEES\idmybee\data\images\crop\organized\Bombus_rupestris\queen\UBC-2014.0001_S3.jpg,0.004602508123696208,False
1815,c:\Users\Jules\Documents\IEES\idmybee\data\images\crop\organized\Bombus_rupestris\queen\UBC-2014.0001_S4.jpg,0.004648871100444869,False
1816,c:\Users\Jules\Documents\IEES\idmybee\data\images\crop\organized\Bombus_rupestris\queen\UBC-2014.0001_S5.jpg,0.004925876196441484,False
1817,c:\Users\Jules\Documents\IEES\idmybee\data\images\crop\organized\Bombus_sichelii\male\CD388016_P1.JPG,0.004733730712039389,False
1818,c:\Users\Jules\Documents\IEES\idmybee\data\images\crop\organized\Bombus_sichelii\male\CD388016_P2.JPG,0.004745990541482194,False
1819,c:\Users\Jules\Documents\IEES\idmybee\data\images\crop\organized\Bombus_sichelii\male\CD388016_S1.jpg,0.004704251049985215,False
1820,c:\Users\Jules\Documents\IEES\idmybee\data\images\crop\organized\Bombus_sichelii\male\CD388016_S2.jpg,0.004679864836919538,False
1821,c:\Users\Jules\Documents\IEES\idmybee\data\images\crop\organized\Bombus_sichelii\male\CD388016_S3.jpg,0.004698874031042862,False
1822,c:\Users\Jules\Documents\IEES\idmybee\data\images\crop\organized\Bombus_sichelii\male\CollecYvan1_P1.JPG,0.0045979963458839005,False
1823,c:\Users\Jules\Documents\IEES\idmybee\data\images\crop\organized\Bombus_sichelii\male\CollecYvan1_P2.JPG,0.0044489757674247505,False
1824,c:\Users\Jules\Documents\IEES\idmybee\data\images\crop\organized\Bombus_sichelii\male\CollecYvan1_S1.jpg,0.004512866148131856,False
1825,c:\Users\Jules\Documents\IEES\idmybee\data\images\crop\organized\Bombus_sichelii\male\CollecYvan1_S2.jpg,0.004550816324064843,False
1826,c:\Users\Jules\Documents\IEES\idmybee\data\images\crop\organized\Bombus_sichelii\male\CollecYvan1_S3.jpg,0.004558823203157156,False
1827,c:\Users\Jules\Documents\IEES\idmybee\data\images\crop\organized\Bombus_sichelii\male\CollecYvan2_P1.JPG,0.004344720109920317,False
1828,c:\Users\Jules\Documents\IEES\idmybee\data\images\crop\organized\Bombus_sichelii\male\CollecYvan2_P2.JPG,0.004445630347162399,False
1829,c:\Users\Jules\Documents\IEES\idmybee\data\images\crop\organized\Bombus_sichelii\male\CollecYvan2_S1.jpg,0.004418459575325416,False
1830,c:\Users\Jules\Documents\IEES\idmybee\data\images\crop\organized\Bombus_sichelii\male\CollecYvan2_S2.jpg,0.004463407065682929,False
1831,c:\Users\Jules\Documents\IEES\idmybee\data\images\crop\organized\Bombus_sichelii\male\CollecYvan2_S3.jpg,0.004462924026134456,False
1832,c:\Users\Jules\Documents\IEES\idmybee\data\images\crop\organized\Bombus_sichelii\male\CollecYvan3_P1.JPG,0.004498478882060362,False
1833,c:\Users\Jules\Documents\IEES\idmybee\data\images\crop\organized\Bombus_sichelii\male\CollecYvan3_P2.JPG,0.0045483352796179665,False
1834,c:\Users\Jules\Documents\IEES\idmybee\data\images\crop\organized\Bombus_sichelii\male\CollecYvan3_S1.jpg,0.004545049255998882,False
1835,c:\Users\Jules\Documents\IEES\idmybee\data\images\crop\organized\Bombus_sichelii\male\CollecYvan3_S2.jpg,0.004618039046705643,False
1836,c:\Users\Jules\Documents\IEES\idmybee\data\images\crop\organized\Bombus_sichelii\male\CollecYvan3_S3.jpg,0.004565575495305743,False
1837,c:\Users\Jules\Documents\IEES\idmybee\data\images\crop\organized\Bombus_sichelii\male\CollecYvan4_P1.JPG,0.004517810760149017,False
1838,c:\Users\Jules\Documents\IEES\idmybee\data\images\crop\organized\Bombus_sichelii\male\CollecYvan4_P2.JPG,0.004609052869241816,False
1839,c:\Users\Jules\Documents\IEES\idmybee\data\images\crop\organized\Bombus_sichelii\male\CollecYvan4_S1.jpg,0.004583196672861633,False
1840,c:\Users\Jules\Documents\IEES\idmybee\data\images\crop\organized\Bombus_sichelii\male\CollecYvan4_S2.jpg,0.004564808512911734,False
1841,c:\Users\Jules\Documents\IEES\idmybee\data\images\crop\organized\Bombus_sichelii\male\CollecYvan4_S3.jpg,0.0046056572756396925,False
1842,c:\Users\Jules\Documents\IEES\idmybee\data\images\crop\organized\Bombus_sichelii\male\CollecYvan5_P1.JPG,0.004489493818867382,False
1843,c:\Users\Jules\Documents\IEES\idmybee\data\images\crop\organized\Bombus_sichelii\male\CollecYvan5_P2.JPG,0.004453301932194075,False
1844,c:\Users\Jules\Documents\IEES\idmybee\data\images\crop\organized\Bombus_sichelii\male\CollecYvan5_S1.jpg,0.0043779424499580145,False
1845,c:\Users\Jules\Documents\IEES\idmybee\data\images\crop\organized\Bombus_sichelii\male\CollecYvan5_S2.jpg,0.004376968512846206,False
1846,c:\Users\Jules\Documents\IEES\idmybee\data\images\crop\organized\Bombus_sichelii\male\CollecYvan5_S3.jpg,0.004486715640142715,False
1847,c:\Users\Jules\Documents\IEES\idmybee\data\images\crop\organized\Bombus_sichelii\male\CollecYvan6_P1.JPG,0.004627030651828878,False
1848,c:\Users\Jules\Documents\IEES\idmybee\data\images\crop\organized\Bombus_sichelii\male\CollecYvan6_P2.JPG,0.004637270102731057,False
1849,c:\Users\Jules\Documents\IEES\idmybee\data\images\crop\organized\Bombus_sichelii\male\CollecYvan6_S1.jpg,0.0045613885757648884,False
1850,c:\Users\Jules\Documents\IEES\idmybee\data\images\crop\organized\Bombus_sichelii\male\CollecYvan6_S2.jpg,0.004620531471414319,False
1851,c:\Users\Jules\Documents\IEES\idmybee\data\images\crop\organized\Bombus_sichelii\male\CollecYvan6_S3.jpg,0.004545304728212959,False
1852,c:\Users\Jules\Documents\IEES\idmybee\data\images\crop\organized\Bombus_sichelii\male\FR04ABOM220722046_P1.JPG,0.00461399870627366,False
1853,c:\Users\Jules\Documents\IEES\idmybee\data\images\crop\organized\Bombus_sichelii\male\FR04ABOM220722046_P2.JPG,0.004689622765170511,False
1854,c:\Users\Jules\Documents\IEES\idmybee\data\images\crop\organized\Bombus_sichelii\male\FR04ABOM220722046_S1.jpg,0.004630391607925252,False
1855,c:\Users\Jules\Documents\IEES\idmybee\data\images\crop\organized\Bombus_sichelii\male\FR04ABOM220722046_S2.jpg,0.004612271711886827,False
1856,c:\Users\Jules\Documents\IEES\idmybee\data\images\crop\organized\Bombus_sichelii\male\FR04ABOM220722046_S3.jpg,0.004617474943693365,False
1857,c:\Users\Jules\Documents\IEES\idmybee\data\images\crop\organized\Bombus_sichelii\male\FR04ABOM220722047_P1.JPG,0.004494807654214562,False
1858,c:\Users\Jules\Documents\IEES\idmybee\data\images\crop\organized\Bombus_sichelii\male\FR04ABOM220722047_P2.JPG,0.00444404545843817,False
1859,c:\Users\Jules\Documents\IEES\idmybee\data\images\crop\organized\Bombus_sichelii\male\FR04ABOM220722047_S1.jpg,0.004415642654968556,False
1860,c:\Users\Jules\Documents\IEES\idmybee\data\images\crop\organized\Bombus_sichelii\male\FR04ABOM220722047_S2.jpg,0.0044262671941226696,False
1861,c:\Users\Jules\Documents\IEES\idmybee\data\images\crop\organized\Bombus_sichelii\male\FR04ABOM220722047_S3.jpg,0.004455668691447731,False
1862,c:\Users\Jules\Documents\IEES\idmybee\data\images\crop\organized\Bombus_sichelii\male\FR05ABOM220722026_P1.JPG,0.004575307252927466,False
1863,c:\Users\Jules\Documents\IEES\idmybee\data\images\crop\organized\Bombus_sichelii\male\FR05ABOM220722026_P2.JPG,0.005970543195746588,True
1864,c:\Users\Jules\Documents\IEES\idmybee\data\images\crop\organized\Bombus_sichelii\male\FR05ABOM220722026_S1.jpg,0.004536872077423381,False
1865,c:\Users\Jules\Documents\IEES\idmybee\data\images\crop\organized\Bombus_sichelii\male\FR05ABOM220722026_S2.jpg,0.004463094644617447,False
1866,c:\Users\Jules\Documents\IEES\idmybee\data\images\crop\organized\Bombus_sichelii\male\FR05ABOM220722026_S3.jpg,0.004484813458098487,False
1867,c:\Users\Jules\Documents\IEES\idmybee\data\images\crop\organized\Bombus_sichelii\male\FR05ABOM220722027_P1.JPG,0.004905499669594413,False
1868,c:\Users\Jules\Documents\IEES\idmybee\data\images\crop\organized\Bombus_sichelii\male\FR05ABOM220722027_P2.JPG,0.004922410964163532,False
1869,c:\Users\Jules\Documents\IEES\idmybee\data\images\crop\organized\Bombus_sichelii\male\FR05ABOM220722027_S1.jpg,0.004824398839863773,False
1870,c:\Users\Jules\Documents\IEES\idmybee\data\images\crop\organized\Bombus_sichelii\male\FR05ABOM220722027_S2.jpg,0.00480764510193704,False
1871,c:\Users\Jules\Documents\IEES\idmybee\data\images\crop\organized\Bombus_sichelii\male\FR05ABOM220722027_S3.jpg,0.004844428439837721,False
1872,c:\Users\Jules\Documents\IEES\idmybee\data\images\crop\organized\Bombus_sichelii\male\FR73ABOM120722026_P1.JPG,0.004510368272734804,False
1873,c:\Users\Jules\Documents\IEES\idmybee\data\images\crop\organized\Bombus_sichelii\male\FR73ABOM120722026_P2.JPG,0.004500185605384998,False
1874,c:\Users\Jules\Documents\IEES\idmybee\data\images\crop\organized\Bombus_sichelii\male\FR73ABOM120722026_S1.jpg,0.004466092945694404,False
1875,c:\Users\Jules\Documents\IEES\idmybee\data\images\crop\organized\Bombus_sichelii\male\FR73ABOM120722026_S2.jpg,0.004512722244927621,False
1876,c:\Users\Jules\Documents\IEES\idmybee\data\images\crop\organized\Bombus_sichelii\male\FR73ABOM120722026_S3.jpg,0.004563012287158031,False
1877,c:\Users\Jules\Documents\IEES\idmybee\data\images\crop\organized\Bombus_sichelii\male\FR73ABOM120722028_P1.JPG,0.004486241944565533,False
1878,c:\Users\Jules\Documents\IEES\idmybee\data\images\crop\organized\Bombus_sichelii\male\FR73ABOM120722028_P2.JPG,0.00451824513308059,False
1879,c:\Users\Jules\Documents\IEES\idmybee\data\images\crop\organized\Bombus_sichelii\male\FR73ABOM120722028_S1.jpg,0.004474381619186043,False
1880,c:\Users\Jules\Documents\IEES\idmybee\data\images\crop\organized\Bombus_sichelii\male\FR73ABOM120722028_S2.jpg,0.004492541884034569,False
1881,c:\Users\Jules\Documents\IEES\idmybee\data\images\crop\organized\Bombus_sichelii\male\FR73ABOM120722028_S3.jpg,0.0045148459117568766,False
1882,c:\Users\Jules\Documents\IEES\idmybee\data\images\crop\organized\Bombus_sichelii\male\FR73ABOM130722003_P1.JPG,0.004555685823330113,False
1883,c:\Users\Jules\Documents\IEES\idmybee\data\images\crop\organized\Bombus_sichelii\male\FR73ABOM130722003_P2.JPG,0.004646325832807502,False
1884,c:\Users\Jules\Documents\IEES\idmybee\data\images\crop\organized\Bombus_sichelii\male\FR73ABOM130722003_S1.jpg,0.004548349745569646,False
1885,c:\Users\Jules\Documents\IEES\idmybee\data\images\crop\organized\Bombus_sichelii\male\FR73ABOM130722003_S2.jpg,0.004533318796545916,False
1886,c:\Users\Jules\Documents\IEES\idmybee\data\images\crop\organized\Bombus_sichelii\male\FR73ABOM130722003_S3.jpg,0.004568225832645243,False
1887,c:\Users\Jules\Documents\IEES\idmybee\data\images\crop\organized\Bombus_sichelii\male\FR73ABOM130722029_P1.JPG,0.004587854071994674,False
1888,c:\Users\Jules\Documents\IEES\idmybee\data\images\crop\organized\Bombus_sichelii\male\FR73ABOM130722029_P2.JPG,0.004575808230530917,False
1889,c:\Users\Jules\Documents\IEES\idmybee\data\images\crop\organized\Bombus_sichelii\male\FR73ABOM130722029_S1.jpg,0.004492945677166961,False
1890,c:\Users\Jules\Documents\IEES\idmybee\data\images\crop\organized\Bombus_sichelii\male\FR73ABOM130722029_S2.jpg,0.004534816291368322,False
1891,c:\Users\Jules\Documents\IEES\idmybee\data\images\crop\organized\Bombus_sichelii\male\FR73ABOM130722029_S3.jpg,0.00452041505060476,False
1892,c:\Users\Jules\Documents\IEES\idmybee\data\images\crop\organized\Bombus_sichelii\male\FR73ABOM130722041_P1.JPG,0.0048962322046131905,False
1893,c:\Users\Jules\Documents\IEES\idmybee\data\images\crop\organized\Bombus_sichelii\male\FR73ABOM130722041_P2.JPG,0.004807779974320662,False
1894,c:\Users\Jules\Documents\IEES\idmybee\data\images\crop\organized\Bombus_sichelii\male\FR73ABOM130722041_S1.jpg,0.004538882217662035,False
1895,c:\Users\Jules\Documents\IEES\idmybee\data\images\crop\organized\Bombus_sichelii\male\FR73ABOM130722041_S2.jpg,0.004618378061997682,False
1896,c:\Users\Jules\Documents\IEES\idmybee\data\images\crop\organized\Bombus_sichelii\male\FR73ABOM130722041_S3.jpg,0.004609277007736254,False
1897,c:\Users\Jules\Documents\IEES\idmybee\data\images\crop\organized\Bombus_sichelii\male\FR73ABOM200722017_P1.JPG,0.004533059065723354,False
1898,c:\Users\Jules\Documents\IEES\idmybee\data\images\crop\organized\Bombus_sichelii\male\FR73ABOM200722017_P2.JPG,0.004582715946133045,False
1899,c:\Users\Jules\Documents\IEES\idmybee\data\images\crop\organized\Bombus_sichelii\male\FR73ABOM200722017_S1.jpg,0.004579850672971161,False
1900,c:\Users\Jules\Documents\IEES\idmybee\data\images\crop\organized\Bombus_sichelii\male\FR73ABOM200722017_S2.jpg,0.0045511346735559715,False
1901,c:\Users\Jules\Documents\IEES\idmybee\data\images\crop\organized\Bombus_sichelii\male\FR73ABOM200722017_S3.jpg,0.004543600867974808,False
1902,c:\Users\Jules\Documents\IEES\idmybee\data\images\crop\organized\Bombus_sichelii\male\FR73ABOM200722018_P1.JPG,0.004668649723287813,False
1903,c:\Users\Jules\Documents\IEES\idmybee\data\images\crop\organized\Bombus_sichelii\male\FR73ABOM200722018_P2.JPG,0.00460170876846544,False
1904,c:\Users\Jules\Documents\IEES\idmybee\data\images\crop\organized\Bombus_sichelii\male\FR73ABOM200722018_S1.jpg,0.004481409327108953,False
1905,c:\Users\Jules\Documents\IEES\idmybee\data\images\crop\organized\Bombus_sichelii\male\FR73ABOM200722018_S2.jpg,0.004543695057391469,False
1906,c:\Users\Jules\Documents\IEES\idmybee\data\images\crop\organized\Bombus_sichelii\male\FR73ABOM200722018_S3.jpg,0.004563535590161404,False
1907,c:\Users\Jules\Documents\IEES\idmybee\data\images\crop\organized\Bombus_sichelii\male\FR73ABOM200722030_P1.JPG,0.004345882336907677,False
1908,c:\Users\Jules\Documents\IEES\idmybee\data\images\crop\organized\Bombus_sichelii\male\FR73ABOM200722030_P2.JPG,0.004339309948810081,False
1909,c:\Users\Jules\Documents\IEES\idmybee\data\images\crop\organized\Bombus_sichelii\male\FR73ABOM200722030_S1.jpg,0.004328872226785538,False
1910,c:\Users\Jules\Documents\IEES\idmybee\data\images\crop\organized\Bombus_sichelii\male\FR73ABOM200722030_S2.jpg,0.004403220668354929,False
1911,c:\Users\Jules\Documents\IEES\idmybee\data\images\crop\organized\Bombus_sichelii\male\FR73ABOM200722030_S3.jpg,0.004366573257211813,False
1912,c:\Users\Jules\Documents\IEES\idmybee\data\images\crop\organized\Bombus_sichelii\male\FR73ABOM200722031_P1.JPG,0.004378157088215947,False
1913,c:\Users\Jules\Documents\IEES\idmybee\data\images\crop\organized\Bombus_sichelii\male\FR73ABOM200722031_P2.JPG,0.004385198398507808,False
1914,c:\Users\Jules\Documents\IEES\idmybee\data\images\crop\organized\Bombus_sichelii\male\FR73ABOM200722031_S1.jpg,0.004386493781319483,False
1915,c:\Users\Jules\Documents\IEES\idmybee\data\images\crop\organized\Bombus_sichelii\male\FR73ABOM200722031_S2.jpg,0.004374942728039347,False
1916,c:\Users\Jules\Documents\IEES\idmybee\data\images\crop\organized\Bombus_sichelii\male\FR73ABOM200722031_S3.jpg,0.004366415022597337,False
1917,c:\Users\Jules\Documents\IEES\idmybee\data\images\crop\organized\Bombus_sichelii\queen\FR04ABOM220722001_P1.JPG,0.004722379249515407,False
1918,c:\Users\Jules\Documents\IEES\idmybee\data\images\crop\organized\Bombus_sichelii\queen\FR04ABOM220722001_P2.JPG,0.0047581001269161,False
1919,c:\Users\Jules\Documents\IEES\idmybee\data\images\crop\organized\Bombus_sichelii\queen\FR04ABOM220722001_S1.jpg,0.0046695516415648335,False
1920,c:\Users\Jules\Documents\IEES\idmybee\data\images\crop\organized\Bombus_sichelii\queen\FR04ABOM220722001_S2.jpg,0.004665675394544308,False
1921,c:\Users\Jules\Documents\IEES\idmybee\data\images\crop\organized\Bombus_sichelii\queen\FR04ABOM220722001_S3.jpg,0.004774828136026315,False
1922,c:\Users\Jules\Documents\IEES\idmybee\data\images\crop\organized\Bombus_sichelii\worker\ABAURA8203_P1.JPG,0.00429845575597072,False
1923,c:\Users\Jules\Documents\IEES\idmybee\data\images\crop\organized\Bombus_sichelii\worker\ABAURA8203_P2.JPG,0.004390255272261204,False
1924,c:\Users\Jules\Documents\IEES\idmybee\data\images\crop\organized\Bombus_sichelii\worker\ABAURA8203_S1.jpg,0.004354722775279501,False
1925,c:\Users\Jules\Documents\IEES\idmybee\data\images\crop\organized\Bombus_sichelii\worker\ABAURA8203_S2.jpg,0.004293887615901869,False
1926,c:\Users\Jules\Documents\IEES\idmybee\data\images\crop\organized\Bombus_sichelii\worker\ABAURA8203_S3.jpg,0.004397568991291208,False
1927,c:\Users\Jules\Documents\IEES\idmybee\data\images\crop\organized\Bombus_sichelii\worker\ABAURA8207_P1.JPG,0.004727076426937961,False
1928,c:\Users\Jules\Documents\IEES\idmybee\data\images\crop\organized\Bombus_sichelii\worker\ABAURA8207_P2.JPG,0.004536718100423274,False
1929,c:\Users\Jules\Documents\IEES\idmybee\data\images\crop\organized\Bombus_sichelii\worker\ABAURA8207_S1.jpg,0.004563775295310234,False
1930,c:\Users\Jules\Documents\IEES\idmybee\data\images\crop\organized\Bombus_sichelii\worker\ABAURA8207_S2.jpg,0.004512860828155478,False
1931,c:\Users\Jules\Documents\IEES\idmybee\data\images\crop\organized\Bombus_sichelii\worker\ABAURA8207_S3.jpg,0.004594399552404229,False
1932,c:\Users\Jules\Documents\IEES\idmybee\data\images\crop\organized\Bombus_sichelii\worker\ABAURA8208_P1.JPG,0.00443081141452616,False
1933,c:\Users\Jules\Documents\IEES\idmybee\data\images\crop\organized\Bombus_sichelii\worker\ABAURA8208_P2.JPG,0.004420066882229889,False
1934,c:\Users\Jules\Documents\IEES\idmybee\data\images\crop\organized\Bombus_sichelii\worker\ABAURA8208_S1.jpg,0.0043883138291630226,False
1935,c:\Users\Jules\Documents\IEES\idmybee\data\images\crop\organized\Bombus_sichelii\worker\ABAURA8208_S2.jpg,0.00432892889769523,False
1936,c:\Users\Jules\Documents\IEES\idmybee\data\images\crop\organized\Bombus_sichelii\worker\ABAURA8208_S3.jpg,0.004358049510817199,False
1938,c:\Users\Jules\Documents\IEES\idmybee\data\images\crop\organized\Bombus_sichelii\worker\ABAURA8208b_P2.JPG,0.004668525515699981,False
1939,c:\Users\Jules\Documents\IEES\idmybee\data\images\crop\organized\Bombus_sichelii\worker\ABAURA8208b_S1.jpg,0.004628274270346695,False
1940,c:\Users\Jules\Documents\IEES\idmybee\data\images\crop\organized\Bombus_sichelii\worker\ABAURA8208b_S2.jpg,0.004660830375052949,False
1941,c:\Users\Jules\Documents\IEES\idmybee\data\images\crop\organized\Bombus_sichelii\worker\ABAURA8208b_S3.jpg,0.0047180653235864055,False
1942,c:\Users\Jules\Documents\IEES\idmybee\data\images\crop\organized\Bombus_sichelii\worker\ABAURA8238a_P1.JPG,0.004623842833281889,False
1943,c:\Users\Jules\Documents\IEES\idmybee\data\images\crop\organized\Bombus_sichelii\worker\ABAURA8238a_P2.JPG,0.0045135672539623785,False
1944,c:\Users\Jules\Documents\IEES\idmybee\data\images\crop\organized\Bombus_sichelii\worker\ABAURA8238a_S1.jpg,0.004534091691969309,False
1945,c:\Users\Jules\Documents\IEES\idmybee\data\images\crop\organized\Bombus_sichelii\worker\ABAURA8238a_S2.jpg,0.004424640557891768,False
1946,c:\Users\Jules\Documents\IEES\idmybee\data\images\crop\organized\Bombus_sichelii\worker\ABAURA8238a_S3.jpg,0.004513595501173805,False
1947,c:\Users\Jules\Documents\IEES\idmybee\data\images\crop\organized\Bombus_sichelii\worker\ABAURA8238b_P1.JPG,0.004450480830459667,False
1948,c:\Users\Jules\Documents\IEES\idmybee\data\images\crop\organized\Bombus_sichelii\worker\ABAURA8238b_P2.JPG,0.004482218438100953,False
1949,c:\Users\Jules\Documents\IEES\idmybee\data\images\crop\organized\Bombus_sichelii\worker\ABAURA8238b_S1.jpg,0.0043594330960704695,False
1950,c:\Users\Jules\Documents\IEES\idmybee\data\images\crop\organized\Bombus_sichelii\worker\ABAURA8238b_S2.jpg,0.004410392491576289,False
1951,c:\Users\Jules\Documents\IEES\idmybee\data\images\crop\organized\Bombus_sichelii\worker\ABAURA8238b_S3.jpg,0.004442630360300936,False
1952,c:\Users\Jules\Documents\IEES\idmybee\data\images\crop\organized\Bombus_sichelii\worker\ABAURA8238c_P1.JPG,0.004385936246958754,False
1953,c:\Users\Jules\Documents\IEES\idmybee\data\images\crop\organized\Bombus_sichelii\worker\ABAURA8238c_P2.JPG,0.004380729027319049,False
1954,c:\Users\Jules\Documents\IEES\idmybee\data\images\crop\organized\Bombus_sichelii\worker\ABAURA8238c_S1.jpg,0.004423737084627353,False
1955,c:\Users\Jules\Documents\IEES\idmybee\data\images\crop\organized\Bombus_sichelii\worker\ABAURA8238c_S2.jpg,0.004331004177618203,False
1956,c:\Users\Jules\Documents\IEES\idmybee\data\images\crop\organized\Bombus_sichelii\worker\ABAURA8238c_S3.jpg,0.00431616091552424,False
1957,c:\Users\Jules\Documents\IEES\idmybee\data\images\crop\organized\Bombus_sichelii\worker\ABAURA8238d_P1.JPG,0.004365028348040667,False
1958,c:\Users\Jules\Documents\IEES\idmybee\data\images\crop\organized\Bombus_sichelii\worker\ABAURA8238d_P2.JPG,0.004471162393994172,False
1959,c:\Users\Jules\Documents\IEES\idmybee\data\images\crop\organized\Bombus_sichelii\worker\ABAURA8238d_S1.jpg,0.004415302399708236,False
1960,c:\Users\Jules\Documents\IEES\idmybee\data\images\crop\organized\Bombus_sichelii\worker\ABAURA8238d_S2.jpg,0.0044271905007706065,False
1961,c:\Users\Jules\Documents\IEES\idmybee\data\images\crop\organized\Bombus_sichelii\worker\ABAURA8238d_S3.jpg,0.0044271429006786335,False
1962,c:\Users\Jules\Documents\IEES\idmybee\data\images\crop\organized\Bombus_sichelii\worker\ABAURA8238e_P1.JPG,0.0046764269736344405,False
1963,c:\Users\Jules\Documents\IEES\idmybee\data\images\crop\organized\Bombus_sichelii\worker\ABAURA8238e_P2.JPG,0.00467928460319025,False
1964,c:\Users\Jules\Documents\IEES\idmybee\data\images\crop\organized\Bombus_sichelii\worker\ABAURA8238e_S1.jpg,0.004739368251879495,False
1965,c:\Users\Jules\Documents\IEES\idmybee\data\images\crop\organized\Bombus_sichelii\worker\ABAURA8238e_S2.jpg,0.004789538673207331,False
1966,c:\Users\Jules\Documents\IEES\idmybee\data\images\crop\organized\Bombus_sichelii\worker\ABAURA8238e_S3.jpg,0.004655143523266341,False
1967,c:\Users\Jules\Documents\IEES\idmybee\data\images\crop\organized\Bombus_sichelii\worker\ATBI_GR5b_P1.JPG,0.004576475294317378,False
1968,c:\Users\Jules\Documents\IEES\idmybee\data\images\crop\organized\Bombus_sichelii\worker\ATBI_GR5b_P2.JPG,0.0045508762921157506,False
1969,c:\Users\Jules\Documents\IEES\idmybee\data\images\crop\organized\Bombus_sichelii\worker\ATBI_GR5b_S1.jpg,0.0043158542606634666,False
1970,c:\Users\Jules\Documents\IEES\idmybee\data\images\crop\organized\Bombus_sichelii\worker\ATBI_GR5b_S2.jpg,0.0044175885473625946,False
1971,c:\Users\Jules\Documents\IEES\idmybee\data\images\crop\organized\Bombus_sichelii\worker\ATBI_GR5b_S3.jpg,0.004465002091034762,False
1972,c:\Users\Jules\Documents\IEES\idmybee\data\images\crop\organized\Bombus_sichelii\worker\CD387770d_P1.JPG,0.004552246708563327,False
1973,c:\Users\Jules\Documents\IEES\idmybee\data\images\crop\organized\Bombus_sichelii\worker\CD387770d_P2.JPG,0.004485028893247276,False
1974,c:\Users\Jules\Documents\IEES\idmybee\data\images\crop\organized\Bombus_sichelii\worker\CD387770d_S1.jpg,0.004491467516374537,False
1975,c:\Users\Jules\Documents\IEES\idmybee\data\images\crop\organized\Bombus_sichelii\worker\CD387770d_S2.jpg,0.00444970502902339,False
1976,c:\Users\Jules\Documents\IEES\idmybee\data\images\crop\organized\Bombus_sichelii\worker\CD387770d_S3.jpg,0.004525216254380835,False
1977,c:\Users\Jules\Documents\IEES\idmybee\data\images\crop\organized\Bombus_sichelii\worker\CD388018c_P1.JPG,0.004833205253092558,False
1978,c:\Users\Jules\Documents\IEES\idmybee\data\images\crop\organized\Bombus_sichelii\worker\CD388018c_P2.JPG,0.004748472832647019,False
1979,c:\Users\Jules\Documents\IEES\idmybee\data\images\crop\organized\Bombus_sichelii\worker\CD388018c_S1.jpg,0.004742154016375558,False
1980,c:\Users\Jules\Documents\IEES\idmybee\data\images\crop\organized\Bombus_sichelii\worker\CD388018c_S2.jpg,0.0048402004522693255,False
1981,c:\Users\Jules\Documents\IEES\idmybee\data\images\crop\organized\Bombus_sichelii\worker\CD388018c_S3.jpg,0.0047810157668306975,False
1982,c:\Users\Jules\Documents\IEES\idmybee\data\images\crop\organized\Bombus_sichelii\worker\CD388821e_P1.JPG,0.00467704845381122,False
1983,c:\Users\Jules\Documents\IEES\idmybee\data\images\crop\organized\Bombus_sichelii\worker\CD388821e_P2.JPG,0.004686038828335292,False
1984,c:\Users\Jules\Documents\IEES\idmybee\data\images\crop\organized\Bombus_sichelii\worker\CD388821e_S1.jpg,0.004671220900138198,False
1985,c:\Users\Jules\Documents\IEES\idmybee\data\images\crop\organized\Bombus_sichelii\worker\CD388821e_S2.jpg,0.0046422413624537815,False
1986,c:\Users\Jules\Documents\IEES\idmybee\data\images\crop\organized\Bombus_sichelii\worker\CD388821e_S3.jpg,0.004657498447020858,False
1987,c:\Users\Jules\Documents\IEES\idmybee\data\images\crop\organized\Bombus_sichelii\worker\CD388821f_P1.JPG,0.004629861570153941,False
1988,c:\Users\Jules\Documents\IEES\idmybee\data\images\crop\organized\Bombus_sichelii\worker\CD388821f_P2.JPG,0.004661257590093315,False
1989,c:\Users\Jules\Documents\IEES\idmybee\data\images\crop\organized\Bombus_sichelii\worker\CD388821f_S1.jpg,0.004701044156008684,False
1990,c:\Users\Jules\Documents\IEES\idmybee\data\images\crop\organized\Bombus_sichelii\worker\CD388821f_S2.jpg,0.004630845925343152,False
1991,c:\Users\Jules\Documents\IEES\idmybee\data\images\crop\organized\Bombus_sichelii\worker\CD388821f_S3.jpg,0.004675767150450425,False
1992,c:\Users\Jules\Documents\IEES\idmybee\data\images\crop\organized\Bombus_sichelii\worker\CD388865_P1.JPG,0.004646804668015788,False
1993,c:\Users\Jules\Documents\IEES\idmybee\data\images\crop\organized\Bombus_sichelii\worker\CD388865_P2.JPG,0.0046320019937346815,False
1994,c:\Users\Jules\Documents\IEES\idmybee\data\images\crop\organized\Bombus_sichelii\worker\CD388865_S1.jpg,0.004508516367632244,False
1995,c:\Users\Jules\Documents\IEES\idmybee\data\images\crop\organized\Bombus_sichelii\worker\CD388865_S2.jpg,0.004600008368885088,False
1996,c:\Users\Jules\Documents\IEES\idmybee\data\images\crop\organized\Bombus_sichelii\worker\CD388865_S3.jpg,0.004559063089962173,False
1997,c:\Users\Jules\Documents\IEES\idmybee\data\images\crop\organized\Bombus_sichelii\worker\CD388865b_P1.JPG,0.004616054543793571,False
1998,c:\Users\Jules\Documents\IEES\idmybee\data\images\crop\organized\Bombus_sichelii\worker\CD388865b_P2.JPG,0.00452697841971413,False
1999,c:\Users\Jules\Documents\IEES\idmybee\data\images\crop\organized\Bombus_sichelii\worker\CD388865b_S1.jpg,0.004484731425805564,False
2000,c:\Users\Jules\Documents\IEES\idmybee\data\images\crop\organized\Bombus_sichelii\worker\CD388865b_S2.jpg,0.004517345266959455,False
2001,c:\Users\Jules\Documents\IEES\idmybee\data\images\crop\organized\Bombus_sichelii\worker\CD388865b_S3.jpg,0.0045413359739461985,False
2002,c:\Users\Jules\Documents\IEES\idmybee\data\images\crop\organized\Bombus_sichelii\worker\CD388865c_P1.JPG,0.004494755037895694,False
2003,c:\Users\Jules\Documents\IEES\idmybee\data\images\crop\organized\Bombus_sichelii\worker\CD388865c_P2.JPG,0.004493619528051466,False
2004,c:\Users\Jules\Documents\IEES\idmybee\data\images\crop\organized\Bombus_sichelii\worker\CD388865c_S1.jpg,0.004522616259581444,False
2005,c:\Users\Jules\Documents\IEES\idmybee\data\images\crop\organized\Bombus_sichelii\worker\CD388865c_S2.jpg,0.004418827308034862,False
2006,c:\Users\Jules\Documents\IEES\idmybee\data\images\crop\organized\Bombus_sichelii\worker\CD388865c_S3.jpg,0.004547533898511296,False
2007,c:\Users\Jules\Documents\IEES\idmybee\data\images\crop\organized\Bombus_sichelii\worker\CD388865d_P1.JPG,0.004516172386864744,False
2008,c:\Users\Jules\Documents\IEES\idmybee\data\images\crop\organized\Bombus_sichelii\worker\CD388865d_P2.JPG,0.0045814501206210365,False
2009,c:\Users\Jules\Documents\IEES\idmybee\data\images\crop\organized\Bombus_sichelii\worker\CD388865d_S1.jpg,0.004574185177270169,False
2010,c:\Users\Jules\Documents\IEES\idmybee\data\images\crop\organized\Bombus_sichelii\worker\CD388865d_S2.jpg,0.004568505901037749,False
2011,c:\Users\Jules\Documents\IEES\idmybee\data\images\crop\organized\Bombus_sichelii\worker\CD388865d_S3.jpg,0.004552242909204173,False
2012,c:\Users\Jules\Documents\IEES\idmybee\data\images\crop\organized\Bombus_sichelii\worker\CD388865e_P1.JPG,0.004696983439868294,False
2013,c:\Users\Jules\Documents\IEES\idmybee\data\images\crop\organized\Bombus_sichelii\worker\CD388865e_P2.JPG,0.004786965665521554,False
2014,c:\Users\Jules\Documents\IEES\idmybee\data\images\crop\organized\Bombus_sichelii\worker\CD388865e_S1.jpg,0.0047143319871066946,False
2015,c:\Users\Jules\Documents\IEES\idmybee\data\images\crop\organized\Bombus_sichelii\worker\CD388865e_S2.jpg,0.004823873533060324,False
2016,c:\Users\Jules\Documents\IEES\idmybee\data\images\crop\organized\Bombus_sichelii\worker\CD388865e_S3.jpg,0.004687547749781322,False
2017,c:\Users\Jules\Documents\IEES\idmybee\data\images\crop\organized\Bombus_soroeensis\male\15L2021-1483_P1.JPG,0.004554372069568612,False
2018,c:\Users\Jules\Documents\IEES\idmybee\data\images\crop\organized\Bombus_soroeensis\male\15L2021-1483_P2.JPG,0.004501515554535458,False
2019,c:\Users\Jules\Documents\IEES\idmybee\data\images\crop\organized\Bombus_soroeensis\male\15L2021-1483_S1.jpg,0.004550198290129093,False
2020,c:\Users\Jules\Documents\IEES\idmybee\data\images\crop\organized\Bombus_soroeensis\male\15L2021-1483_S2.jpg,0.004638074138442413,False
2021,c:\Users\Jules\Documents\IEES\idmybee\data\images\crop\organized\Bombus_soroeensis\male\15L2021-1483_S3.jpg,0.0044782183576403305,False
2022,c:\Users\Jules\Documents\IEES\idmybee\data\images\crop\organized\Bombus_soroeensis\male\15L2021-1732_P1.JPG,0.0043615369706767665,False
2023,c:\Users\Jules\Documents\IEES\idmybee\data\images\crop\organized\Bombus_soroeensis\male\15L2021-1732_P2.JPG,0.0042601291250729525,False
2024,c:\Users\Jules\Documents\IEES\idmybee\data\images\crop\organized\Bombus_soroeensis\male\15L2021-1732_S1.jpg,0.0044211725927314266,False
2025,c:\Users\Jules\Documents\IEES\idmybee\data\images\crop\organized\Bombus_soroeensis\male\15L2021-1732_S2.jpg,0.004357959950177754,False
2026,c:\Users\Jules\Documents\IEES\idmybee\data\images\crop\organized\Bombus_soroeensis\male\15L2021-1732_S3.jpg,0.004352377886148905,False
2027,c:\Users\Jules\Documents\IEES\idmybee\data\images\crop\organized\Bombus_soroeensis\male\15L2021-1739_P1.JPG,0.0044362577390001726,False
2028,c:\Users\Jules\Documents\IEES\idmybee\data\images\crop\organized\Bombus_soroeensis\male\15L2021-1739_P2.JPG,0.004458839950871969,False
2029,c:\Users\Jules\Documents\IEES\idmybee\data\images\crop\organized\Bombus_soroeensis\male\15L2021-1739_S1.jpg,0.0043961349852602825,False
2030,c:\Users\Jules\Documents\IEES\idmybee\data\images\crop\organized\Bombus_soroeensis\male\15L2021-1739_S2.jpg,0.004401194242018715,False
2031,c:\Users\Jules\Documents\IEES\idmybee\data\images\crop\organized\Bombus_soroeensis\male\15L2021-1739_S3.jpg,0.004427824900579315,False
2032,c:\Users\Jules\Documents\IEES\idmybee\data\images\crop\organized\Bombus_soroeensis\male\15L2021-1740_P1.JPG,0.004372773762422332,False
2033,c:\Users\Jules\Documents\IEES\idmybee\data\images\crop\organized\Bombus_soroeensis\male\15L2021-1740_P2.JPG,0.0044529744750389615,False
2034,c:\Users\Jules\Documents\IEES\idmybee\data\images\crop\organized\Bombus_soroeensis\male\15L2021-1740_S1.jpg,0.004426149162375738,False
2035,c:\Users\Jules\Documents\IEES\idmybee\data\images\crop\organized\Bombus_soroeensis\male\15L2021-1740_S2.jpg,0.004398200137920019,False
2036,c:\Users\Jules\Documents\IEES\idmybee\data\images\crop\organized\Bombus_soroeensis\male\15L2021-1740_S3.jpg,0.004308152448527813,False
2037,c:\Users\Jules\Documents\IEES\idmybee\data\images\crop\organized\Bombus_soroeensis\male\15L2021-1741_P1.JPG,0.004360043031711256,False
2038,c:\Users\Jules\Documents\IEES\idmybee\data\images\crop\organized\Bombus_soroeensis\male\15L2021-1741_P2.JPG,0.004388587094376211,False
2039,c:\Users\Jules\Documents\IEES\idmybee\data\images\crop\organized\Bombus_soroeensis\male\15L2021-1741_S1.jpg,0.004374707758578578,False
2040,c:\Users\Jules\Documents\IEES\idmybee\data\images\crop\organized\Bombus_soroeensis\male\15L2021-1741_S2.jpg,0.0044305023273095885,False
2041,c:\Users\Jules\Documents\IEES\idmybee\data\images\crop\organized\Bombus_soroeensis\male\15L2021-1741_S3.jpg,0.004388779537396152,False
2042,c:\Users\Jules\Documents\IEES\idmybee\data\images\crop\organized\Bombus_soroeensis\male\15L2021-1742_P1.JPG,0.004713495465041095,False
2043,c:\Users\Jules\Documents\IEES\idmybee\data\images\crop\organized\Bombus_soroeensis\male\15L2021-1742_P2.JPG,0.004707722962172653,False
2044,c:\Users\Jules\Documents\IEES\idmybee\data\images\crop\organized\Bombus_soroeensis\male\15L2021-1742_S1.jpg,0.004724804798553783,False
2045,c:\Users\Jules\Documents\IEES\idmybee\data\images\crop\organized\Bombus_soroeensis\male\15L2021-1742_S2.jpg,0.004788887133933188,False
2046,c:\Users\Jules\Documents\IEES\idmybee\data\images\crop\organized\Bombus_soroeensis\male\15L2021-1742_S3.jpg,0.004790511633144777,False
2047,c:\Users\Jules\Documents\IEES\idmybee\data\images\crop\organized\Bombus_soroeensis\male\15L2021-1743_P1.JPG,0.004399872915119779,False
2048,c:\Users\Jules\Documents\IEES\idmybee\data\images\crop\organized\Bombus_soroeensis\male\15L2021-1743_P2.JPG,0.004390158285689297,False
2049,c:\Users\Jules\Documents\IEES\idmybee\data\images\crop\organized\Bombus_soroeensis\male\15L2021-1743_S1.jpg,0.004480213135347455,False
2050,c:\Users\Jules\Documents\IEES\idmybee\data\images\crop\organized\Bombus_soroeensis\male\15L2021-1743_S2.jpg,0.004319404438650068,False
2051,c:\Users\Jules\Documents\IEES\idmybee\data\images\crop\organized\Bombus_soroeensis\male\15L2021-1743_S3.jpg,0.004363045499579042,False
2052,c:\Users\Jules\Documents\IEES\idmybee\data\images\crop\organized\Bombus_soroeensis\male\2020.06207_P1.JPG,0.004600236784519915,False
2053,c:\Users\Jules\Documents\IEES\idmybee\data\images\crop\organized\Bombus_soroeensis\male\2020.06207_P2.JPG,0.004485311615834325,False
2054,c:\Users\Jules\Documents\IEES\idmybee\data\images\crop\organized\Bombus_soroeensis\male\2020.06207_S1.jpg,0.0043800563557969685,False
2055,c:\Users\Jules\Documents\IEES\idmybee\data\images\crop\organized\Bombus_soroeensis\male\2020.06207_S2.jpg,0.004490660697358818,False
2056,c:\Users\Jules\Documents\IEES\idmybee\data\images\crop\organized\Bombus_soroeensis\male\2020.06207_S3.jpg,0.004467927906682433,False
2057,c:\Users\Jules\Documents\IEES\idmybee\data\images\crop\organized\Bombus_soroeensis\male\ABAURA5633_P1.JPG,0.004549421164324937,False
2058,c:\Users\Jules\Documents\IEES\idmybee\data\images\crop\organized\Bombus_soroeensis\male\ABAURA5633_P2.JPG,0.004630602853148361,False
2059,c:\Users\Jules\Documents\IEES\idmybee\data\images\crop\organized\Bombus_soroeensis\male\ABAURA5633_S1.jpg,0.0045699994541596265,False
2060,c:\Users\Jules\Documents\IEES\idmybee\data\images\crop\organized\Bombus_soroeensis\male\ABAURA5633_S2.jpg,0.004574506017448231,False
2061,c:\Users\Jules\Documents\IEES\idmybee\data\images\crop\organized\Bombus_soroeensis\male\ABAURA5633_S3.jpg,0.004651527790638437,False
2062,c:\Users\Jules\Documents\IEES\idmybee\data\images\crop\organized\Bombus_soroeensis\male\ABAURA8526_P1.JPG,0.0046673580012581845,False
2063,c:\Users\Jules\Documents\IEES\idmybee\data\images\crop\organized\Bombus_soroeensis\male\ABAURA8526_P2.JPG,0.004589212224194671,False
2064,c:\Users\Jules\Documents\IEES\idmybee\data\images\crop\organized\Bombus_soroeensis\male\ABAURA8526_S1.jpg,0.004522742582790472,False
2065,c:\Users\Jules\Documents\IEES\idmybee\data\images\crop\organized\Bombus_soroeensis\male\ABAURA8526_S2.jpg,0.004546855719822254,False
2066,c:\Users\Jules\Documents\IEES\idmybee\data\images\crop\organized\Bombus_soroeensis\male\ABAURA8526_S3.jpg,0.004543991648918286,False
2067,c:\Users\Jules\Documents\IEES\idmybee\data\images\crop\organized\Bombus_soroeensis\male\CD387759_P1.JPG,0.004571832094839347,False
2068,c:\Users\Jules\Documents\IEES\idmybee\data\images\crop\organized\Bombus_soroeensis\male\CD387759_P2.JPG,0.004661181877471027,False
2069,c:\Users\Jules\Documents\IEES\idmybee\data\images\crop\organized\Bombus_soroeensis\male\CD387759_S1.jpg,0.004544446517811984,False
2070,c:\Users\Jules\Documents\IEES\idmybee\data\images\crop\organized\Bombus_soroeensis\male\CD387759_S2.jpg,0.004539776552338854,False
2071,c:\Users\Jules\Documents\IEES\idmybee\data\images\crop\organized\Bombus_soroeensis\male\CD387759_S3.jpg,0.00459415439009958,False
2072,c:\Users\Jules\Documents\IEES\idmybee\data\images\crop\organized\Bombus_soroeensis\male\CD387804c_P1.JPG,0.00463991353378893,False
2073,c:\Users\Jules\Documents\IEES\idmybee\data\images\crop\organized\Bombus_soroeensis\male\CD387804c_P2.JPG,0.0047501775001303065,False
2074,c:\Users\Jules\Documents\IEES\idmybee\data\images\crop\organized\Bombus_soroeensis\male\CD387804c_S1.jpg,0.004736395345493745,False
2075,c:\Users\Jules\Documents\IEES\idmybee\data\images\crop\organized\Bombus_soroeensis\male\CD387804c_S2.jpg,0.004646773961323296,False
2076,c:\Users\Jules\Documents\IEES\idmybee\data\images\crop\organized\Bombus_soroeensis\male\CD387804c_S3.jpg,0.004714175814454874,False
2077,c:\Users\Jules\Documents\IEES\idmybee\data\images\crop\organized\Bombus_soroeensis\male\CD388145_P1.JPG,0.004389077597137521,False
2078,c:\Users\Jules\Documents\IEES\idmybee\data\images\crop\organized\Bombus_soroeensis\male\CD388145_P2.JPG,0.004452159297176338,False
2079,c:\Users\Jules\Documents\IEES\idmybee\data\images\crop\organized\Bombus_soroeensis\male\CD388145_S1.jpg,0.004379950536699446,False
2080,c:\Users\Jules\Documents\IEES\idmybee\data\images\crop\organized\Bombus_soroeensis\male\CD388145_S2.jpg,0.00433161713546279,False
2081,c:\Users\Jules\Documents\IEES\idmybee\data\images\crop\organized\Bombus_soroeensis\male\CD388145_S3.jpg,0.004388514903668668,False
2082,c:\Users\Jules\Documents\IEES\idmybee\data\images\crop\organized\Bombus_soroeensis\male\CD388145b_P1.JPG,0.004535771572161888,False
2083,c:\Users\Jules\Documents\IEES\idmybee\data\images\crop\organized\Bombus_soroeensis\male\CD388145b_P2.JPG,0.00451916568414526,False
2084,c:\Users\Jules\Documents\IEES\idmybee\data\images\crop\organized\Bombus_soroeensis\male\CD388145b_S1.jpg,0.004497024882625504,False
2085,c:\Users\Jules\Documents\IEES\idmybee\data\images\crop\organized\Bombus_soroeensis\male\CD388145b_S2.jpg,0.004572806056090377,False
2086,c:\Users\Jules\Documents\IEES\idmybee\data\images\crop\organized\Bombus_soroeensis\male\CD388145b_S3.jpg,0.004414371728664487,False
2087,c:\Users\Jules\Documents\IEES\idmybee\data\images\crop\organized\Bombus_soroeensis\male\CD388229c_P1.JPG,0.004425424075751315,False
2088,c:\Users\Jules\Documents\IEES\idmybee\data\images\crop\organized\Bombus_soroeensis\male\CD388229c_P2.JPG,0.004433396042174528,False
2089,c:\Users\Jules\Documents\IEES\idmybee\data\images\crop\organized\Bombus_soroeensis\male\CD388229c_S1.jpg,0.004379620807069113,False
2090,c:\Users\Jules\Documents\IEES\idmybee\data\images\crop\organized\Bombus_soroeensis\male\CD388229c_S2.jpg,0.0043028229286578255,False
2091,c:\Users\Jules\Documents\IEES\idmybee\data\images\crop\organized\Bombus_soroeensis\male\CD388229c_S3.jpg,0.004367024853159684,False
2092,c:\Users\Jules\Documents\IEES\idmybee\data\images\crop\organized\Bombus_soroeensis\male\CD388860_P1.JPG,0.004540759767646495,False
2093,c:\Users\Jules\Documents\IEES\idmybee\data\images\crop\organized\Bombus_soroeensis\male\CD388860_P2.JPG,0.004547274024963327,False
2094,c:\Users\Jules\Documents\IEES\idmybee\data\images\crop\organized\Bombus_soroeensis\male\CD388860_S1.jpg,0.004390333508821823,False
2095,c:\Users\Jules\Documents\IEES\idmybee\data\images\crop\organized\Bombus_soroeensis\male\CD388860_S2.jpg,0.004436428567966842,False
2096,c:\Users\Jules\Documents\IEES\idmybee\data\images\crop\organized\Bombus_soroeensis\male\CD388860_S3.jpg,0.0045238306917167355,False
2097,c:\Users\Jules\Documents\IEES\idmybee\data\images\crop\organized\Bombus_soroeensis\male\CD388860b_P1.JPG,0.0046237671201532415,False
2098,c:\Users\Jules\Documents\IEES\idmybee\data\images\crop\organized\Bombus_soroeensis\male\CD388860b_P2.JPG,0.00469753408636892,False
2099,c:\Users\Jules\Documents\IEES\idmybee\data\images\crop\organized\Bombus_soroeensis\male\CD388860b_S1.jpg,0.004650345252927409,False
2100,c:\Users\Jules\Documents\IEES\idmybee\data\images\crop\organized\Bombus_soroeensis\male\CD388860b_S2.jpg,0.004657198572526547,False
2101,c:\Users\Jules\Documents\IEES\idmybee\data\images\crop\organized\Bombus_soroeensis\male\CD388860b_S3.jpg,0.00464864500705036,False
2102,c:\Users\Jules\Documents\IEES\idmybee\data\images\crop\organized\Bombus_soroeensis\male\POLLINIS4384_P1.JPG,0.0043798747887954775,False
2103,c:\Users\Jules\Documents\IEES\idmybee\data\images\crop\organized\Bombus_soroeensis\male\POLLINIS4384_P2.JPG,0.0044253028360793,False
2104,c:\Users\Jules\Documents\IEES\idmybee\data\images\crop\organized\Bombus_soroeensis\male\POLLINIS4384_S1.jpg,0.004361867824291486,False
2105,c:\Users\Jules\Documents\IEES\idmybee\data\images\crop\organized\Bombus_soroeensis\male\POLLINIS4384_S2.jpg,0.004362002644639112,False
2106,c:\Users\Jules\Documents\IEES\idmybee\data\images\crop\organized\Bombus_soroeensis\male\POLLINIS4384_S3.jpg,0.004364666340346046,False
2107,c:\Users\Jules\Documents\IEES\idmybee\data\images\crop\organized\Bombus_soroeensis\male\POLLINIS5943_P1.JPG,0.004432623591798313,False
2108,c:\Users\Jules\Documents\IEES\idmybee\data\images\crop\organized\Bombus_soroeensis\male\POLLINIS5943_P2.JPG,0.004548732646500148,False
2109,c:\Users\Jules\Documents\IEES\idmybee\data\images\crop\organized\Bombus_soroeensis\male\POLLINIS5943_S1.jpg,0.0045201542706402205,False
2110,c:\Users\Jules\Documents\IEES\idmybee\data\images\crop\organized\Bombus_soroeensis\male\POLLINIS5943_S2.jpg,0.004528232503702285,False
2111,c:\Users\Jules\Documents\IEES\idmybee\data\images\crop\organized\Bombus_soroeensis\male\POLLINIS5943_S3.jpg,0.004485781334832779,False
2112,c:\Users\Jules\Documents\IEES\idmybee\data\images\crop\organized\Bombus_soroeensis\male\POLLINIS5983_P1.JPG,0.004530955481977529,False
2113,c:\Users\Jules\Documents\IEES\idmybee\data\images\crop\organized\Bombus_soroeensis\male\POLLINIS5983_P2.JPG,0.004547421971748988,False
2114,c:\Users\Jules\Documents\IEES\idmybee\data\images\crop\organized\Bombus_soroeensis\male\POLLINIS5983_S1.jpg,0.0045047857838770395,False
2115,c:\Users\Jules\Documents\IEES\idmybee\data\images\crop\organized\Bombus_soroeensis\male\POLLINIS5983_S2.jpg,0.0044877641867217535,False
2116,c:\Users\Jules\Documents\IEES\idmybee\data\images\crop\organized\Bombus_soroeensis\male\POLLINIS5983_S3.jpg,0.004513692899967919,False
2117,c:\Users\Jules\Documents\IEES\idmybee\data\images\crop\organized\Bombus_soroeensis\male\POLLINIS5985_P1.JPG,0.004325903824791008,False
2118,c:\Users\Jules\Documents\IEES\idmybee\data\images\crop\organized\Bombus_soroeensis\male\POLLINIS5985_P2.JPG,0.004431902188167266,False
2119,c:\Users\Jules\Documents\IEES\idmybee\data\images\crop\organized\Bombus_soroeensis\male\POLLINIS5985_S1.jpg,0.004392336959128061,False
2120,c:\Users\Jules\Documents\IEES\idmybee\data\images\crop\organized\Bombus_soroeensis\male\POLLINIS5985_S2.jpg,0.00430743268580559,False
2121,c:\Users\Jules\Documents\IEES\idmybee\data\images\crop\organized\Bombus_soroeensis\male\POLLINIS5985_S3.jpg,0.004279188235366304,False
2122,c:\Users\Jules\Documents\IEES\idmybee\data\images\crop\organized\Bombus_soroeensis\queen\ABAURA8625_P1.JPG,0.004504228112425798,False
2123,c:\Users\Jules\Documents\IEES\idmybee\data\images\crop\organized\Bombus_soroeensis\queen\ABAURA8625_P2.JPG,0.00449703465769742,False
2124,c:\Users\Jules\Documents\IEES\idmybee\data\images\crop\organized\Bombus_soroeensis\queen\ABAURA8625_S1.jpg,0.004459145195613563,False
2125,c:\Users\Jules\Documents\IEES\idmybee\data\images\crop\organized\Bombus_soroeensis\queen\ABAURA8625_S2.jpg,0.004520797257351243,False
2126,c:\Users\Jules\Documents\IEES\idmybee\data\images\crop\organized\Bombus_soroeensis\queen\ABAURA8625_S3.jpg,0.0044340491800465166,False
2127,c:\Users\Jules\Documents\IEES\idmybee\data\images\crop\organized\Bombus_soroeensis\queen\CD388391_P1.JPG,0.004396522012990829,False
2128,c:\Users\Jules\Documents\IEES\idmybee\data\images\crop\organized\Bombus_soroeensis\queen\CD388391_P2.JPG,0.0043929552339417996,False
2129,c:\Users\Jules\Documents\IEES\idmybee\data\images\crop\organized\Bombus_soroeensis\queen\CD388391_S1.jpg,0.004451721179613995,False
2130,c:\Users\Jules\Documents\IEES\idmybee\data\images\crop\organized\Bombus_soroeensis\queen\CD388391_S2.jpg,0.004462148067807188,False
2131,c:\Users\Jules\Documents\IEES\idmybee\data\images\crop\organized\Bombus_soroeensis\queen\CD388391_S3.jpg,0.004439311597111698,False
2132,c:\Users\Jules\Documents\IEES\idmybee\data\images\crop\organized\Bombus_soroeensis\queen\CD388872c_P1.JPG,0.0043729229257744185,False
2133,c:\Users\Jules\Documents\IEES\idmybee\data\images\crop\organized\Bombus_soroeensis\queen\CD388872c_P2.JPG,0.004357724246622968,False
2134,c:\Users\Jules\Documents\IEES\idmybee\data\images\crop\organized\Bombus_soroeensis\queen\CD388872c_S1.jpg,0.004374556872671452,False
2135,c:\Users\Jules\Documents\IEES\idmybee\data\images\crop\organized\Bombus_soroeensis\queen\CD388872c_S2.jpg,0.004424908113135801,False
2136,c:\Users\Jules\Documents\IEES\idmybee\data\images\crop\organized\Bombus_soroeensis\queen\CD388872c_S3.jpg,0.004336298868549601,False
2137,c:\Users\Jules\Documents\IEES\idmybee\data\images\crop\organized\Bombus_soroeensis\queen\D264520b_P1.JPG,0.004838781720523554,False
2138,c:\Users\Jules\Documents\IEES\idmybee\data\images\crop\organized\Bombus_soroeensis\queen\D264520b_P2.JPG,0.004679554779313817,False
2139,c:\Users\Jules\Documents\IEES\idmybee\data\images\crop\organized\Bombus_soroeensis\queen\D264520b_S2.jpg,0.004656540067249906,False
2140,c:\Users\Jules\Documents\IEES\idmybee\data\images\crop\organized\Bombus_soroeensis\queen\D264520b_S3.jpg,0.004694859574796352,False
2141,c:\Users\Jules\Documents\IEES\idmybee\data\images\crop\organized\Bombus_soroeensis\queen\POLLINIS4981_P1.JPG,0.004616828017683848,False
2142,c:\Users\Jules\Documents\IEES\idmybee\data\images\crop\organized\Bombus_soroeensis\queen\POLLINIS4981_P2.JPG,0.004668734902645137,False
2143,c:\Users\Jules\Documents\IEES\idmybee\data\images\crop\organized\Bombus_soroeensis\queen\POLLINIS4981_S1.jpg,0.004642430567427734,False
2144,c:\Users\Jules\Documents\IEES\idmybee\data\images\crop\organized\Bombus_soroeensis\queen\POLLINIS4981_S2.jpg,0.004643569412125469,False
2145,c:\Users\Jules\Documents\IEES\idmybee\data\images\crop\organized\Bombus_soroeensis\queen\POLLINIS4981_S3.jpg,0.004679238011290074,False
2146,c:\Users\Jules\Documents\IEES\idmybee\data\images\crop\organized\Bombus_soroeensis\worker\2020.00294_P1.JPG,0.004636353802860097,False
2147,c:\Users\Jules\Documents\IEES\idmybee\data\images\crop\organized\Bombus_soroeensis\worker\2020.00294_P2.JPG,0.00473995353156923,False
2148,c:\Users\Jules\Documents\IEES\idmybee\data\images\crop\organized\Bombus_soroeensis\worker\2020.00294_S1.jpg,0.004605056391230059,False
2149,c:\Users\Jules\Documents\IEES\idmybee\data\images\crop\organized\Bombus_soroeensis\worker\2020.00294_S2.jpg,0.004649673522841697,False
2150,c:\Users\Jules\Documents\IEES\idmybee\data\images\crop\organized\Bombus_soroeensis\worker\2020.00294_S3.jpg,0.004629647926207428,False
2151,c:\Users\Jules\Documents\IEES\idmybee\data\images\crop\organized\Bombus_soroeensis\worker\2020.00339_P1.JPG,0.004698849497488948,False
2152,c:\Users\Jules\Documents\IEES\idmybee\data\images\crop\organized\Bombus_soroeensis\worker\2020.00339_P2.JPG,0.004713211574904314,False
2153,c:\Users\Jules\Documents\IEES\idmybee\data\images\crop\organized\Bombus_soroeensis\worker\2020.00339_S1.jpg,0.004652792349344497,False
2154,c:\Users\Jules\Documents\IEES\idmybee\data\images\crop\organized\Bombus_soroeensis\worker\2020.00339_S2.jpg,0.004645604735360766,False
2155,c:\Users\Jules\Documents\IEES\idmybee\data\images\crop\organized\Bombus_soroeensis\worker\2020.00339_S3.jpg,0.004690682031560793,False
2156,c:\Users\Jules\Documents\IEES\idmybee\data\images\crop\organized\Bombus_soroeensis\worker\2020.00410_P1.JPG,0.004468101482212556,False
2157,c:\Users\Jules\Documents\IEES\idmybee\data\images\crop\organized\Bombus_soroeensis\worker\2020.00410_P2.JPG,0.004580490849402569,False
2158,c:\Users\Jules\Documents\IEES\idmybee\data\images\crop\organized\Bombus_soroeensis\worker\2020.00410_S1.jpg,0.0044758637791236814,False
2159,c:\Users\Jules\Documents\IEES\idmybee\data\images\crop\organized\Bombus_soroeensis\worker\2020.00410_S2.jpg,0.004482465641508383,False
2160,c:\Users\Jules\Documents\IEES\idmybee\data\images\crop\organized\Bombus_soroeensis\worker\2020.00410_S3.jpg,0.004551504146230294,False
2161,c:\Users\Jules\Documents\IEES\idmybee\data\images\crop\organized\Bombus_soroeensis\worker\2020.00449_P1.JPG,0.004643506553831235,False
2162,c:\Users\Jules\Documents\IEES\idmybee\data\images\crop\organized\Bombus_soroeensis\worker\2020.00449_P2.JPG,0.004642240854270297,False
2163,c:\Users\Jules\Documents\IEES\idmybee\data\images\crop\organized\Bombus_soroeensis\worker\2020.00449_S1.jpg,0.004726625037021506,False
2164,c:\Users\Jules\Documents\IEES\idmybee\data\images\crop\organized\Bombus_soroeensis\worker\2020.00449_S2.jpg,0.004790928084034785,False
2165,c:\Users\Jules\Documents\IEES\idmybee\data\images\crop\organized\Bombus_soroeensis\worker\2020.00449_S3.jpg,0.004662157131931642,False
2166,c:\Users\Jules\Documents\IEES\idmybee\data\images\crop\organized\Bombus_soroeensis\worker\ABAURA5591_P1.JPG,0.004511449610665334,False
2167,c:\Users\Jules\Documents\IEES\idmybee\data\images\crop\organized\Bombus_soroeensis\worker\ABAURA5591_P2.JPG,0.004534703827531832,False
2168,c:\Users\Jules\Documents\IEES\idmybee\data\images\crop\organized\Bombus_soroeensis\worker\ABAURA5591_S1.jpg,0.004532421772041692,False
2169,c:\Users\Jules\Documents\IEES\idmybee\data\images\crop\organized\Bombus_soroeensis\worker\ABAURA5591_S2.jpg,0.004493157952429073,False
2170,c:\Users\Jules\Documents\IEES\idmybee\data\images\crop\organized\Bombus_soroeensis\worker\ABAURA5591_S3.jpg,0.004446185238010509,False
2171,c:\Users\Jules\Documents\IEES\idmybee\data\images\crop\organized\Bombus_soroeensis\worker\ABAURA8150_P1.JPG,0.004677510007543132,False
2172,c:\Users\Jules\Documents\IEES\idmybee\data\images\crop\organized\Bombus_soroeensis\worker\ABAURA8150_P2.JPG,0.004702685441397428,False
2173,c:\Users\Jules\Documents\IEES\idmybee\data\images\crop\organized\Bombus_soroeensis\worker\ABAURA8150_S1.jpg,0.004658340856533342,False
2174,c:\Users\Jules\Documents\IEES\idmybee\data\images\crop\organized\Bombus_soroeensis\worker\ABAURA8150_S2.jpg,0.004656819665651991,False
2175,c:\Users\Jules\Documents\IEES\idmybee\data\images\crop\organized\Bombus_soroeensis\worker\ABAURA8150_S3.jpg,0.004652893182637603,False
2176,c:\Users\Jules\Documents\IEES\idmybee\data\images\crop\organized\Bombus_soroeensis\worker\ABAURA8151_P1.JPG,0.004765148905973519,False
2177,c:\Users\Jules\Documents\IEES\idmybee\data\images\crop\organized\Bombus_soroeensis\worker\ABAURA8151_P2.JPG,0.004799064118441295,False
2178,c:\Users\Jules\Documents\IEES\idmybee\data\images\crop\organized\Bombus_soroeensis\worker\ABAURA8151_S1.jpg,0.004764790065908543,False
2179,c:\Users\Jules\Documents\IEES\idmybee\data\images\crop\organized\Bombus_soroeensis\worker\ABAURA8151_S2.jpg,0.004734191830433333,False
2180,c:\Users\Jules\Documents\IEES\idmybee\data\images\crop\organized\Bombus_soroeensis\worker\ABAURA8151_S3.jpg,0.004721331639644457,False
2181,c:\Users\Jules\Documents\IEES\idmybee\data\images\crop\organized\Bombus_soroeensis\worker\ABAURA8239c_P1.JPG,0.004521534957876268,False
2182,c:\Users\Jules\Documents\IEES\idmybee\data\images\crop\organized\Bombus_soroeensis\worker\ABAURA8239c_P2.JPG,0.004550677305992034,False
2183,c:\Users\Jules\Documents\IEES\idmybee\data\images\crop\organized\Bombus_soroeensis\worker\ABAURA8239c_S1.jpg,0.004463827183108841,False
2184,c:\Users\Jules\Documents\IEES\idmybee\data\images\crop\organized\Bombus_soroeensis\worker\ABAURA8239c_S2.jpg,0.004489118163807878,False
2185,c:\Users\Jules\Documents\IEES\idmybee\data\images\crop\organized\Bombus_soroeensis\worker\ABAURA8239c_S3.jpg,0.004506038494283457,False
2186,c:\Users\Jules\Documents\IEES\idmybee\data\images\crop\organized\Bombus_soroeensis\worker\ABAURA8627_P1.JPG,0.0046938372852313864,False
2187,c:\Users\Jules\Documents\IEES\idmybee\data\images\crop\organized\Bombus_soroeensis\worker\ABAURA8627_P2.JPG,0.004581895015805167,False
2188,c:\Users\Jules\Documents\IEES\idmybee\data\images\crop\organized\Bombus_soroeensis\worker\ABAURA8627_S1.jpg,0.004620802806841389,False
2189,c:\Users\Jules\Documents\IEES\idmybee\data\images\crop\organized\Bombus_soroeensis\worker\ABAURA8627_S2.jpg,0.004441732971026119,False
2190,c:\Users\Jules\Documents\IEES\idmybee\data\images\crop\organized\Bombus_soroeensis\worker\ABAURA8627_S3.jpg,0.00458033057572934,False
2191,c:\Users\Jules\Documents\IEES\idmybee\data\images\crop\organized\Bombus_soroeensis\worker\ABAURA8672b_P1.JPG,0.004592985714810388,False
2192,c:\Users\Jules\Documents\IEES\idmybee\data\images\crop\organized\Bombus_soroeensis\worker\ABAURA8672b_P2.JPG,0.004584738010765632,False
2193,c:\Users\Jules\Documents\IEES\idmybee\data\images\crop\organized\Bombus_soroeensis\worker\ABAURA8672b_S1.jpg,0.004620385903885223,False
2194,c:\Users\Jules\Documents\IEES\idmybee\data\images\crop\organized\Bombus_soroeensis\worker\ABAURA8672b_S2.jpg,0.004579263998478104,False
2195,c:\Users\Jules\Documents\IEES\idmybee\data\images\crop\organized\Bombus_soroeensis\worker\ABAURA8672b_S3.jpg,0.004625775840681683,False
2196,c:\Users\Jules\Documents\IEES\idmybee\data\images\crop\organized\Bombus_soroeensis\worker\ABAURA8867_P1.JPG,0.004778131379982065,False
2197,c:\Users\Jules\Documents\IEES\idmybee\data\images\crop\organized\Bombus_soroeensis\worker\ABAURA8867_S1.jpg,0.0047047907371439955,False
2198,c:\Users\Jules\Documents\IEES\idmybee\data\images\crop\organized\Bombus_soroeensis\worker\ABAURA8867_S2.jpg,0.004730102544891025,False
2199,c:\Users\Jules\Documents\IEES\idmybee\data\images\crop\organized\Bombus_soroeensis\worker\ABAURA8867_S3.jpg,0.004735426899750638,False
2200,c:\Users\Jules\Documents\IEES\idmybee\data\images\crop\organized\Bombus_soroeensis\worker\CD387287_P1.JPG,0.004503771797524221,False
2201,c:\Users\Jules\Documents\IEES\idmybee\data\images\crop\organized\Bombus_soroeensis\worker\CD387287_P2.JPG,0.004472218877747175,False
2202,c:\Users\Jules\Documents\IEES\idmybee\data\images\crop\organized\Bombus_soroeensis\worker\CD387287_S1.jpg,0.004421088909807732,False
2203,c:\Users\Jules\Documents\IEES\idmybee\data\images\crop\organized\Bombus_soroeensis\worker\CD387287_S2.jpg,0.004480973323006325,False
2204,c:\Users\Jules\Documents\IEES\idmybee\data\images\crop\organized\Bombus_soroeensis\worker\CD387287_S3.jpg,0.004545565041026538,False
2205,c:\Users\Jules\Documents\IEES\idmybee\data\images\crop\organized\Bombus_soroeensis\worker\CD387577_P1.JPG,0.004750946753072905,False
2206,c:\Users\Jules\Documents\IEES\idmybee\data\images\crop\organized\Bombus_soroeensis\worker\CD387577_P2.JPG,0.0046037362047568415,False
2207,c:\Users\Jules\Documents\IEES\idmybee\data\images\crop\organized\Bombus_soroeensis\worker\CD387577_S2.jpg,0.004578405411776562,False
2208,c:\Users\Jules\Documents\IEES\idmybee\data\images\crop\organized\Bombus_soroeensis\worker\CD387577_S3.jpg,0.004641986360693957,False
2209,c:\Users\Jules\Documents\IEES\idmybee\data\images\crop\organized\Bombus_soroeensis\worker\CD387577b_P1.JPG,0.004630416499462709,False
2210,c:\Users\Jules\Documents\IEES\idmybee\data\images\crop\organized\Bombus_soroeensis\worker\CD387577b_P2.JPG,0.004592571402423048,False
2211,c:\Users\Jules\Documents\IEES\idmybee\data\images\crop\organized\Bombus_soroeensis\worker\CD387577b_S1.jpg,0.00454784928528543,False
2212,c:\Users\Jules\Documents\IEES\idmybee\data\images\crop\organized\Bombus_soroeensis\worker\CD387577b_S2.jpg,0.004584176106538172,False
2213,c:\Users\Jules\Documents\IEES\idmybee\data\images\crop\organized\Bombus_soroeensis\worker\CD387577b_S3.jpg,0.004555613443500601,False
2214,c:\Users\Jules\Documents\IEES\idmybee\data\images\crop\organized\Bombus_soroeensis\worker\CD387770c_P1.JPG,0.004560642216440602,False
2215,c:\Users\Jules\Documents\IEES\idmybee\data\images\crop\organized\Bombus_soroeensis\worker\CD387770c_P2.JPG,0.004668419550671526,False
2216,c:\Users\Jules\Documents\IEES\idmybee\data\images\crop\organized\Bombus_soroeensis\worker\CD387770c_S1.jpg,0.004638094880352848,False
2217,c:\Users\Jules\Documents\IEES\idmybee\data\images\crop\organized\Bombus_soroeensis\worker\CD387770c_S2.jpg,0.004579021864986103,False
2218,c:\Users\Jules\Documents\IEES\idmybee\data\images\crop\organized\Bombus_soroeensis\worker\CD387770c_S3.jpg,0.00458164578078456,False
2219,c:\Users\Jules\Documents\IEES\idmybee\data\images\crop\organized\Bombus_soroeensis\worker\CD388229b_P1.JPG,0.004815438013294924,False
2220,c:\Users\Jules\Documents\IEES\idmybee\data\images\crop\organized\Bombus_soroeensis\worker\CD388229b_P2.JPG,0.004807332132542964,False
2221,c:\Users\Jules\Documents\IEES\idmybee\data\images\crop\organized\Bombus_soroeensis\worker\CD388229b_S1.jpg,0.004770297931241344,False
2222,c:\Users\Jules\Documents\IEES\idmybee\data\images\crop\organized\Bombus_soroeensis\worker\CD388229b_S2.jpg,0.00478745759790702,False
2223,c:\Users\Jules\Documents\IEES\idmybee\data\images\crop\organized\Bombus_soroeensis\worker\CD388229b_S3.jpg,0.00474130963821719,False
2224,c:\Users\Jules\Documents\IEES\idmybee\data\images\crop\organized\Bombus_soroeensis\worker\CD388235_P1.JPG,0.004574991748790214,False
2225,c:\Users\Jules\Documents\IEES\idmybee\data\images\crop\organized\Bombus_soroeensis\worker\CD388235_P2.JPG,0.004578847750333032,False
2226,c:\Users\Jules\Documents\IEES\idmybee\data\images\crop\organized\Bombus_soroeensis\worker\CD388235_S1.jpg,0.004507081601837983,False
2227,c:\Users\Jules\Documents\IEES\idmybee\data\images\crop\organized\Bombus_soroeensis\worker\CD388235_S2.jpg,0.004489162009923568,False
2228,c:\Users\Jules\Documents\IEES\idmybee\data\images\crop\organized\Bombus_soroeensis\worker\CD388235_S3.jpg,0.004509739509592897,False
2229,c:\Users\Jules\Documents\IEES\idmybee\data\images\crop\organized\Bombus_soroeensis\worker\CD388235b_P1.JPG,0.004663502221502092,False
2230,c:\Users\Jules\Documents\IEES\idmybee\data\images\crop\organized\Bombus_soroeensis\worker\CD388235b_P2.JPG,0.004610681640457685,False
2231,c:\Users\Jules\Documents\IEES\idmybee\data\images\crop\organized\Bombus_soroeensis\worker\CD388235b_S1.jpg,0.004591806678241849,False
2232,c:\Users\Jules\Documents\IEES\idmybee\data\images\crop\organized\Bombus_soroeensis\worker\CD388235b_S2.jpg,0.004663558116024457,False
2233,c:\Users\Jules\Documents\IEES\idmybee\data\images\crop\organized\Bombus_soroeensis\worker\CD388235b_S3.jpg,0.004626657182503483,False
2234,c:\Users\Jules\Documents\IEES\idmybee\data\images\crop\organized\Bombus_soroeensis\worker\CD388612_P1.JPG,0.004662386070829066,False
2235,c:\Users\Jules\Documents\IEES\idmybee\data\images\crop\organized\Bombus_soroeensis\worker\CD388612_P2.JPG,0.004626335810309685,False
2236,c:\Users\Jules\Documents\IEES\idmybee\data\images\crop\organized\Bombus_soroeensis\worker\CD388612_S1.jpg,0.004655663903557745,False
2237,c:\Users\Jules\Documents\IEES\idmybee\data\images\crop\organized\Bombus_soroeensis\worker\CD388612_S2.jpg,0.004650949588508877,False
2238,c:\Users\Jules\Documents\IEES\idmybee\data\images\crop\organized\Bombus_soroeensis\worker\CD388612_S3.jpg,0.004602836778592366,False
2239,c:\Users\Jules\Documents\IEES\idmybee\data\images\crop\organized\Bombus_soroeensis\worker\CD388809_P1.JPG,0.004707500019437933,False
2240,c:\Users\Jules\Documents\IEES\idmybee\data\images\crop\organized\Bombus_soroeensis\worker\CD388809_P2.JPG,0.004690684299990106,False
2241,c:\Users\Jules\Documents\IEES\idmybee\data\images\crop\organized\Bombus_soroeensis\worker\CD388809_S1.jpg,0.0045972614965993485,False
2242,c:\Users\Jules\Documents\IEES\idmybee\data\images\crop\organized\Bombus_soroeensis\worker\CD388809_S2.jpg,0.004560962795246842,False
2243,c:\Users\Jules\Documents\IEES\idmybee\data\images\crop\organized\Bombus_soroeensis\worker\CD388809_S3.jpg,0.0045781549450265285,False
2244,c:\Users\Jules\Documents\IEES\idmybee\data\images\crop\organized\Bombus_soroeensis\worker\CD388862_P1.JPG,0.004335234334380925,False
2245,c:\Users\Jules\Documents\IEES\idmybee\data\images\crop\organized\Bombus_soroeensis\worker\CD388862_P2.JPG,0.004413761659790549,False
2246,c:\Users\Jules\Documents\IEES\idmybee\data\images\crop\organized\Bombus_soroeensis\worker\CD388862_S1.jpg,0.0043395548753270875,False
2247,c:\Users\Jules\Documents\IEES\idmybee\data\images\crop\organized\Bombus_soroeensis\worker\CD388862_S2.jpg,0.004381602684885259,False
2248,c:\Users\Jules\Documents\IEES\idmybee\data\images\crop\organized\Bombus_soroeensis\worker\CD388862_S3.jpg,0.004388178732850842,False
2249,c:\Users\Jules\Documents\IEES\idmybee\data\images\crop\organized\Bombus_soroeensis\worker\CD388872_P1.JPG,0.004675750562873669,False
2250,c:\Users\Jules\Documents\IEES\idmybee\data\images\crop\organized\Bombus_soroeensis\worker\CD388872_P2.JPG,0.00464917075686702,False
2251,c:\Users\Jules\Documents\IEES\idmybee\data\images\crop\organized\Bombus_soroeensis\worker\CD388872_S1.jpg,0.004691920108758443,False
2252,c:\Users\Jules\Documents\IEES\idmybee\data\images\crop\organized\Bombus_soroeensis\worker\CD388872_S2.jpg,0.00458091900567313,False
2253,c:\Users\Jules\Documents\IEES\idmybee\data\images\crop\organized\Bombus_soroeensis\worker\CD388872_S3.jpg,0.0045442280510323155,False
2254,c:\Users\Jules\Documents\IEES\idmybee\data\images\crop\organized\Bombus_soroeensis\worker\CD388872b_P1.JPG,0.004381515124235538,False
2255,c:\Users\Jules\Documents\IEES\idmybee\data\images\crop\organized\Bombus_soroeensis\worker\CD388872b_S1.jpg,0.004385429543262115,False
2256,c:\Users\Jules\Documents\IEES\idmybee\data\images\crop\organized\Bombus_soroeensis\worker\CD388872b_S2.jpg,0.004431462153824825,False
2257,c:\Users\Jules\Documents\IEES\idmybee\data\images\crop\organized\Bombus_soroeensis\worker\CD388872b_S3.jpg,0.004403783541230006,False
2258,c:\Users\Jules\Documents\IEES\idmybee\data\images\crop\organized\Bombus_soroeensis\worker\POLLINIS4343_P1.JPG,0.004746189512382555,False
2259,c:\Users\Jules\Documents\IEES\idmybee\data\images\crop\organized\Bombus_soroeensis\worker\POLLINIS4343_P2.JPG,0.004589765783340005,False
2260,c:\Users\Jules\Documents\IEES\idmybee\data\images\crop\organized\Bombus_soroeensis\worker\POLLINIS4343_S1.jpg,0.004675702654707684,False
2261,c:\Users\Jules\Documents\IEES\idmybee\data\images\crop\organized\Bombus_soroeensis\worker\POLLINIS4343_S2.jpg,0.004625503900722413,False
2262,c:\Users\Jules\Documents\IEES\idmybee\data\images\crop\organized\Bombus_soroeensis\worker\POLLINIS4343_S3.jpg,0.004627824471097746,False
2263,c:\Users\Jules\Documents\IEES\idmybee\data\images\crop\organized\Bombus_sylvarum\male\15G2021-1200_P1.JPG,0.004318344484776259,False
2264,c:\Users\Jules\Documents\IEES\idmybee\data\images\crop\organized\Bombus_sylvarum\male\15G2021-1200_P2.JPG,0.004308776645660181,False
2265,c:\Users\Jules\Documents\IEES\idmybee\data\images\crop\organized\Bombus_sylvarum\male\15G2021-1200_S1.jpg,0.004306944046229235,False
2266,c:\Users\Jules\Documents\IEES\idmybee\data\images\crop\organized\Bombus_sylvarum\male\15G2021-1200_S2.jpg,0.004314096943183905,False
2267,c:\Users\Jules\Documents\IEES\idmybee\data\images\crop\organized\Bombus_sylvarum\male\15G2021-1200_S3.jpg,0.004360838783802801,False
2270,c:\Users\Jules\Documents\IEES\idmybee\data\images\crop\organized\Bombus_sylvarum\male\15L2021-1585_S1.jpg,0.008582168329362974,True
2272,c:\Users\Jules\Documents\IEES\idmybee\data\images\crop\organized\Bombus_sylvarum\male\15L2021-1585_S3.jpg,0.012389629451632021,True
2273,c:\Users\Jules\Documents\IEES\idmybee\data\images\crop\organized\Bombus_sylvarum\male\2020.03930_P1.JPG,0.004488800401820031,False
2274,c:\Users\Jules\Documents\IEES\idmybee\data\images\crop\organized\Bombus_sylvarum\male\2020.03930_P2.JPG,0.004422786018540313,False
2275,c:\Users\Jules\Documents\IEES\idmybee\data\images\crop\organized\Bombus_sylvarum\male\2020.03930_S1.jpg,0.004405043761944047,False
2276,c:\Users\Jules\Documents\IEES\idmybee\data\images\crop\organized\Bombus_sylvarum\male\2020.03930_S2.jpg,0.00438150068897804,False
2277,c:\Users\Jules\Documents\IEES\idmybee\data\images\crop\organized\Bombus_sylvarum\male\2020.03930_S3.jpg,0.004444570739603695,False
2278,c:\Users\Jules\Documents\IEES\idmybee\data\images\crop\organized\Bombus_sylvarum\male\2020.06348_P1.JPG,0.004458324444639225,False
2279,c:\Users\Jules\Documents\IEES\idmybee\data\images\crop\organized\Bombus_sylvarum\male\2020.06348_P2.JPG,0.004519882877910631,False
2280,c:\Users\Jules\Documents\IEES\idmybee\data\images\crop\organized\Bombus_sylvarum\male\2020.06348_S1.jpg,0.004478318984945593,False
2281,c:\Users\Jules\Documents\IEES\idmybee\data\images\crop\organized\Bombus_sylvarum\male\2020.06348_S2.jpg,0.004387039595372204,False
2282,c:\Users\Jules\Documents\IEES\idmybee\data\images\crop\organized\Bombus_sylvarum\male\2020.06348_S3.jpg,0.00442382669898045,False
2283,c:\Users\Jules\Documents\IEES\idmybee\data\images\crop\organized\Bombus_sylvarum\male\FR15_ABOM09082020078_P1.JPG,0.004370487388598146,False
2284,c:\Users\Jules\Documents\IEES\idmybee\data\images\crop\organized\Bombus_sylvarum\male\FR15_ABOM09082020078_P2.JPG,0.004387137752443187,False
2285,c:\Users\Jules\Documents\IEES\idmybee\data\images\crop\organized\Bombus_sylvarum\male\FR15_ABOM09082020078_S1.jpg,0.004363880781700156,False
2286,c:\Users\Jules\Documents\IEES\idmybee\data\images\crop\organized\Bombus_sylvarum\male\FR15_ABOM09082020078_S2.jpg,0.0043414128157337065,False
2287,c:\Users\Jules\Documents\IEES\idmybee\data\images\crop\organized\Bombus_sylvarum\male\FR15_ABOM09082020078_S3.jpg,0.004398232948778778,False
2288,c:\Users\Jules\Documents\IEES\idmybee\data\images\crop\organized\Bombus_sylvarum\male\FR15_ABOM17082020015_P1.JPG,0.0045524544918811,False
2289,c:\Users\Jules\Documents\IEES\idmybee\data\images\crop\organized\Bombus_sylvarum\male\FR15_ABOM17082020015_P2.JPG,0.004582673189831154,False
2290,c:\Users\Jules\Documents\IEES\idmybee\data\images\crop\organized\Bombus_sylvarum\male\FR15_ABOM17082020015_S1.jpg,0.004545974742521641,False
2291,c:\Users\Jules\Documents\IEES\idmybee\data\images\crop\organized\Bombus_sylvarum\male\FR15_ABOM17082020015_S2.jpg,0.004579475410497463,False
2292,c:\Users\Jules\Documents\IEES\idmybee\data\images\crop\organized\Bombus_sylvarum\male\FR15_ABOM17082020015_S3.jpg,0.004553547191124855,False
2293,c:\Users\Jules\Documents\IEES\idmybee\data\images\crop\organized\Bombus_sylvarum\male\FR15_ABOM25082020007_P1.JPG,0.004472740509571731,False
2294,c:\Users\Jules\Documents\IEES\idmybee\data\images\crop\organized\Bombus_sylvarum\male\FR15_ABOM25082020007_P2.JPG,0.0044967576480862345,False
2295,c:\Users\Jules\Documents\IEES\idmybee\data\images\crop\organized\Bombus_sylvarum\male\FR15_ABOM25082020007_S1.jpg,0.0046063486644937306,False
2296,c:\Users\Jules\Documents\IEES\idmybee\data\images\crop\organized\Bombus_sylvarum\male\FR15_ABOM25082020007_S2.jpg,0.004500904020089892,False
2297,c:\Users\Jules\Documents\IEES\idmybee\data\images\crop\organized\Bombus_sylvarum\male\FR15_ABOM25082020007_S3.jpg,0.004478837243610648,False
2298,c:\Users\Jules\Documents\IEES\idmybee\data\images\crop\organized\Bombus_sylvarum\male\FR15_ABOM25082020008_P1.JPG,0.004484145744360346,False
2299,c:\Users\Jules\Documents\IEES\idmybee\data\images\crop\organized\Bombus_sylvarum\male\FR15_ABOM25082020008_P2.JPG,0.0045631465542041545,False
2300,c:\Users\Jules\Documents\IEES\idmybee\data\images\crop\organized\Bombus_sylvarum\male\FR15_ABOM25082020008_S1.jpg,0.004543414006557331,False
2301,c:\Users\Jules\Documents\IEES\idmybee\data\images\crop\organized\Bombus_sylvarum\male\FR15_ABOM25082020008_S2.jpg,0.0044732864294890345,False
2302,c:\Users\Jules\Documents\IEES\idmybee\data\images\crop\organized\Bombus_sylvarum\male\FR15_ABOM25082020008_S3.jpg,0.004554384892817219,False
2303,c:\Users\Jules\Documents\IEES\idmybee\data\images\crop\organized\Bombus_sylvarum\male\FR15_ABOM25082020010_P1.JPG,0.004578570784755189,False
2304,c:\Users\Jules\Documents\IEES\idmybee\data\images\crop\organized\Bombus_sylvarum\male\FR15_ABOM25082020010_P2.JPG,0.004535830169843303,False
2305,c:\Users\Jules\Documents\IEES\idmybee\data\images\crop\organized\Bombus_sylvarum\male\FR15_ABOM25082020010_S1.jpg,0.0045226030860567494,False
2306,c:\Users\Jules\Documents\IEES\idmybee\data\images\crop\organized\Bombus_sylvarum\male\FR15_ABOM25082020010_S2.jpg,0.0045354543129012105,False
2307,c:\Users\Jules\Documents\IEES\idmybee\data\images\crop\organized\Bombus_sylvarum\male\FR15_ABOM25082020010_S3.jpg,0.004510703105384922,False
2308,c:\Users\Jules\Documents\IEES\idmybee\data\images\crop\organized\Bombus_sylvarum\male\FR15_ABOM30072020036_P1.JPG,0.004108864713534118,False
2309,c:\Users\Jules\Documents\IEES\idmybee\data\images\crop\organized\Bombus_sylvarum\male\FR15_ABOM30072020036_P2.JPG,0.00421689415812024,False
2310,c:\Users\Jules\Documents\IEES\idmybee\data\images\crop\organized\Bombus_sylvarum\male\FR15_ABOM30072020036_S1.jpg,0.004128081691704927,False
2311,c:\Users\Jules\Documents\IEES\idmybee\data\images\crop\organized\Bombus_sylvarum\male\FR15_ABOM30072020036_S2.jpg,0.004177479709367973,False
2312,c:\Users\Jules\Documents\IEES\idmybee\data\images\crop\organized\Bombus_sylvarum\male\FR15_ABOM30072020036_S3.jpg,0.004123485312258188,False
2313,c:\Users\Jules\Documents\IEES\idmybee\data\images\crop\organized\Bombus_sylvarum\male\FR15_ABOM30072020042_P1.JPG,0.00448496581902794,False
2314,c:\Users\Jules\Documents\IEES\idmybee\data\images\crop\organized\Bombus_sylvarum\male\FR15_ABOM30072020042_P2.JPG,0.004441549594516305,False
2315,c:\Users\Jules\Documents\IEES\idmybee\data\images\crop\organized\Bombus_sylvarum\male\FR15_ABOM30072020042_S1.jpg,0.004463850695558203,False
2316,c:\Users\Jules\Documents\IEES\idmybee\data\images\crop\organized\Bombus_sylvarum\male\FR15_ABOM30072020042_S2.jpg,0.004521706794085355,False
2317,c:\Users\Jules\Documents\IEES\idmybee\data\images\crop\organized\Bombus_sylvarum\male\FR15_ABOM30072020042_S3.jpg,0.00448480451951001,False
2318,c:\Users\Jules\Documents\IEES\idmybee\data\images\crop\organized\Bombus_sylvarum\male\FR15_STPONCY300921002_P1.JPG,0.00470452946121122,False
2319,c:\Users\Jules\Documents\IEES\idmybee\data\images\crop\organized\Bombus_sylvarum\male\FR15_STPONCY300921002_P2.JPG,0.004679274716420129,False
2320,c:\Users\Jules\Documents\IEES\idmybee\data\images\crop\organized\Bombus_sylvarum\male\FR15_STPONCY300921002_S1.jpg,0.004675742851059598,False
2321,c:\Users\Jules\Documents\IEES\idmybee\data\images\crop\organized\Bombus_sylvarum\male\FR15_STPONCY300921002_S2.jpg,0.004713011486314774,False
2322,c:\Users\Jules\Documents\IEES\idmybee\data\images\crop\organized\Bombus_sylvarum\male\FR15_STPONCY300921002_S3.jpg,0.0047214707749575115,False
2323,c:\Users\Jules\Documents\IEES\idmybee\data\images\crop\organized\Bombus_sylvarum\male\FR15_STPONCY300921024_P1.JPG,0.004346741807375545,False
2324,c:\Users\Jules\Documents\IEES\idmybee\data\images\crop\organized\Bombus_sylvarum\male\FR15_STPONCY300921024_P2.JPG,0.00441982677682601,False
2325,c:\Users\Jules\Documents\IEES\idmybee\data\images\crop\organized\Bombus_sylvarum\male\FR15_STPONCY300921024_S1.jpg,0.0044717496862730615,False
2326,c:\Users\Jules\Documents\IEES\idmybee\data\images\crop\organized\Bombus_sylvarum\male\FR15_STPONCY300921024_S2.jpg,0.004365418949101949,False
2327,c:\Users\Jules\Documents\IEES\idmybee\data\images\crop\organized\Bombus_sylvarum\male\FR15_STPONCY300921024_S3.jpg,0.004442568413556434,False
2328,c:\Users\Jules\Documents\IEES\idmybee\data\images\crop\organized\Bombus_sylvarum\male\FR15ABOM170821009_P1.JPG,0.004304865015323506,False
2329,c:\Users\Jules\Documents\IEES\idmybee\data\images\crop\organized\Bombus_sylvarum\male\FR15ABOM170821009_P2.JPG,0.004357305274064414,False
2330,c:\Users\Jules\Documents\IEES\idmybee\data\images\crop\organized\Bombus_sylvarum\male\FR15ABOM170821009_S1.jpg,0.004415506475593032,False
2331,c:\Users\Jules\Documents\IEES\idmybee\data\images\crop\organized\Bombus_sylvarum\male\FR15ABOM170821009_S2.jpg,0.004238114143909242,False
2332,c:\Users\Jules\Documents\IEES\idmybee\data\images\crop\organized\Bombus_sylvarum\male\FR15ABOM170821009_S3.jpg,0.00433000421722823,False
2333,c:\Users\Jules\Documents\IEES\idmybee\data\images\crop\organized\Bombus_sylvarum\male\FR15ABOM210821128_P1.JPG,0.004389837414187776,False
2334,c:\Users\Jules\Documents\IEES\idmybee\data\images\crop\organized\Bombus_sylvarum\male\FR15ABOM210821128_P2.JPG,0.004380614877313792,False
2335,c:\Users\Jules\Documents\IEES\idmybee\data\images\crop\organized\Bombus_sylvarum\male\FR15ABOM210821128_S1.jpg,0.0043413926392703184,False
2336,c:\Users\Jules\Documents\IEES\idmybee\data\images\crop\organized\Bombus_sylvarum\male\FR15ABOM210821128_S2.jpg,0.00435967490995259,False
2337,c:\Users\Jules\Documents\IEES\idmybee\data\images\crop\organized\Bombus_sylvarum\male\FR15ABOM210821128_S3.jpg,0.00434617238280528,False
2338,c:\Users\Jules\Documents\IEES\idmybee\data\images\crop\organized\Bombus_sylvarum\male\FR15ABOM210821143_P1.JPG,0.004556890116857361,False
2339,c:\Users\Jules\Documents\IEES\idmybee\data\images\crop\organized\Bombus_sylvarum\male\FR15ABOM210821143_P2.JPG,0.004532281558468741,False
2340,c:\Users\Jules\Documents\IEES\idmybee\data\images\crop\organized\Bombus_sylvarum\male\FR15ABOM210821143_S1.jpg,0.0045575882294382,False
2341,c:\Users\Jules\Documents\IEES\idmybee\data\images\crop\organized\Bombus_sylvarum\male\FR15ABOM210821143_S2.jpg,0.004478111080833836,False
2342,c:\Users\Jules\Documents\IEES\idmybee\data\images\crop\organized\Bombus_sylvarum\male\FR15ABOM210821143_S3.jpg,0.0044938181324763946,False
2343,c:\Users\Jules\Documents\IEES\idmybee\data\images\crop\organized\Bombus_sylvarum\male\FR15ABOM210821174_P1.JPG,0.0045618043298330645,False
2344,c:\Users\Jules\Documents\IEES\idmybee\data\images\crop\organized\Bombus_sylvarum\male\FR15ABOM210821174_P2.JPG,0.004496874849372879,False
2345,c:\Users\Jules\Documents\IEES\idmybee\data\images\crop\organized\Bombus_sylvarum\male\FR15ABOM210821174_S1.jpg,0.004557569802282258,False
2346,c:\Users\Jules\Documents\IEES\idmybee\data\images\crop\organized\Bombus_sylvarum\male\FR15ABOM210821174_S2.jpg,0.004431429161552279,False
2347,c:\Users\Jules\Documents\IEES\idmybee\data\images\crop\organized\Bombus_sylvarum\male\FR15ABOM210821174_S3.jpg,0.00447991210392057,False
2348,c:\Users\Jules\Documents\IEES\idmybee\data\images\crop\organized\Bombus_sylvarum\male\FR15ABOM210821177_P1.JPG,0.004426523517310845,False
2349,c:\Users\Jules\Documents\IEES\idmybee\data\images\crop\organized\Bombus_sylvarum\male\FR15ABOM210821177_P2.JPG,0.004478597971816299,False
2350,c:\Users\Jules\Documents\IEES\idmybee\data\images\crop\organized\Bombus_sylvarum\male\FR15ABOM210821177_S1.jpg,0.004439026759195455,False
2351,c:\Users\Jules\Documents\IEES\idmybee\data\images\crop\organized\Bombus_sylvarum\male\FR15ABOM210821177_S2.jpg,0.004422819674347949,False
2352,c:\Users\Jules\Documents\IEES\idmybee\data\images\crop\organized\Bombus_sylvarum\male\FR15ABOM210821177_S3.jpg,0.004447835730779331,False
2353,c:\Users\Jules\Documents\IEES\idmybee\data\images\crop\organized\Bombus_sylvarum\male\NoName10_P1.JPG,0.004418982102134369,False
2354,c:\Users\Jules\Documents\IEES\idmybee\data\images\crop\organized\Bombus_sylvarum\male\NoName10_P2.JPG,0.004436051530963763,False
2355,c:\Users\Jules\Documents\IEES\idmybee\data\images\crop\organized\Bombus_sylvarum\male\NoName10_S1.jpg,0.004417280816890332,False
2356,c:\Users\Jules\Documents\IEES\idmybee\data\images\crop\organized\Bombus_sylvarum\male\NoName10_S2.jpg,0.004466970673449979,False
2357,c:\Users\Jules\Documents\IEES\idmybee\data\images\crop\organized\Bombus_sylvarum\male\NoName10_S3.jpg,0.00451164950436934,False
2358,c:\Users\Jules\Documents\IEES\idmybee\data\images\crop\organized\Bombus_sylvarum\male\NoName11_P1.JPG,0.004226687473656736,False
2359,c:\Users\Jules\Documents\IEES\idmybee\data\images\crop\organized\Bombus_sylvarum\male\NoName11_P2.JPG,0.004230247343605975,False
2360,c:\Users\Jules\Documents\IEES\idmybee\data\images\crop\organized\Bombus_sylvarum\male\NoName11_S1.jpg,0.004256896286906815,False
2361,c:\Users\Jules\Documents\IEES\idmybee\data\images\crop\organized\Bombus_sylvarum\male\NoName11_S2.jpg,0.004267836738026561,False
2362,c:\Users\Jules\Documents\IEES\idmybee\data\images\crop\organized\Bombus_sylvarum\male\NoName11_S3.jpg,0.004246352419319925,False
2363,c:\Users\Jules\Documents\IEES\idmybee\data\images\crop\organized\Bombus_sylvarum\male\NoName12_P1.JPG,0.004511243282959914,False
2364,c:\Users\Jules\Documents\IEES\idmybee\data\images\crop\organized\Bombus_sylvarum\male\NoName12_P2.JPG,0.004538927187611934,False
2365,c:\Users\Jules\Documents\IEES\idmybee\data\images\crop\organized\Bombus_sylvarum\male\NoName12_S1.jpg,0.004495133680807011,False
2366,c:\Users\Jules\Documents\IEES\idmybee\data\images\crop\organized\Bombus_sylvarum\male\NoName12_S2.jpg,0.0045393086416552295,False
2367,c:\Users\Jules\Documents\IEES\idmybee\data\images\crop\organized\Bombus_sylvarum\male\NoName12_S3.jpg,0.004478903484359643,False
2368,c:\Users\Jules\Documents\IEES\idmybee\data\images\crop\organized\Bombus_sylvarum\male\NoName13_P1.JPG,0.004394252715244949,False
2369,c:\Users\Jules\Documents\IEES\idmybee\data\images\crop\organized\Bombus_sylvarum\male\NoName13_P2.JPG,0.004452317110745794,False
2370,c:\Users\Jules\Documents\IEES\idmybee\data\images\crop\organized\Bombus_sylvarum\male\NoName13_S1.jpg,0.004395925441031612,False
2371,c:\Users\Jules\Documents\IEES\idmybee\data\images\crop\organized\Bombus_sylvarum\male\NoName13_S2.jpg,0.004474520882213281,False
2372,c:\Users\Jules\Documents\IEES\idmybee\data\images\crop\organized\Bombus_sylvarum\male\NoName13_S3.jpg,0.0044978391625859725,False
2373,c:\Users\Jules\Documents\IEES\idmybee\data\images\crop\organized\Bombus_sylvarum\male\NoName9_P1.JPG,0.0044194273890624325,False
2374,c:\Users\Jules\Documents\IEES\idmybee\data\images\crop\organized\Bombus_sylvarum\male\NoName9_P2.JPG,0.004418363712229636,False
2375,c:\Users\Jules\Documents\IEES\idmybee\data\images\crop\organized\Bombus_sylvarum\male\NoName9_S1.jpg,0.0044286374622076055,False
2376,c:\Users\Jules\Documents\IEES\idmybee\data\images\crop\organized\Bombus_sylvarum\male\NoName9_S2.jpg,0.004408729475589571,False
2377,c:\Users\Jules\Documents\IEES\idmybee\data\images\crop\organized\Bombus_sylvarum\male\NoName9_S3.jpg,0.004465629755931224,False
2378,c:\Users\Jules\Documents\IEES\idmybee\data\images\crop\organized\Bombus_sylvarum\queen\20A.07897_P1.JPG,0.004594950693946483,False
2379,c:\Users\Jules\Documents\IEES\idmybee\data\images\crop\organized\Bombus_sylvarum\queen\20A.07897_P2.JPG,0.004611418023991652,False
2380,c:\Users\Jules\Documents\IEES\idmybee\data\images\crop\organized\Bombus_sylvarum\queen\20A.07897_S1.jpg,0.004554639719526948,False
2381,c:\Users\Jules\Documents\IEES\idmybee\data\images\crop\organized\Bombus_sylvarum\queen\20A.07897_S2.jpg,0.004644387396513631,False
2382,c:\Users\Jules\Documents\IEES\idmybee\data\images\crop\organized\Bombus_sylvarum\queen\20A.07897_S3.jpg,0.004730317429781892,False
2383,c:\Users\Jules\Documents\IEES\idmybee\data\images\crop\organized\Bombus_sylvarum\queen\ABAURA7151_P1.JPG,0.004482593601514886,False
2384,c:\Users\Jules\Documents\IEES\idmybee\data\images\crop\organized\Bombus_sylvarum\queen\ABAURA7151_P2.JPG,0.004628009644947025,False
2385,c:\Users\Jules\Documents\IEES\idmybee\data\images\crop\organized\Bombus_sylvarum\queen\ABAURA7151_S1.jpg,0.004535345375047168,False
2386,c:\Users\Jules\Documents\IEES\idmybee\data\images\crop\organized\Bombus_sylvarum\queen\ABAURA7151_S2.jpg,0.0053229534670594485,True
2387,c:\Users\Jules\Documents\IEES\idmybee\data\images\crop\organized\Bombus_sylvarum\queen\ABAURA7151_S3.jpg,0.004591357361666288,False
2388,c:\Users\Jules\Documents\IEES\idmybee\data\images\crop\organized\Bombus_sylvarum\queen\NoName2_P1.JPG,0.004498068622808633,False
2389,c:\Users\Jules\Documents\IEES\idmybee\data\images\crop\organized\Bombus_sylvarum\queen\NoName2_P2.JPG,0.004473742694986377,False
2390,c:\Users\Jules\Documents\IEES\idmybee\data\images\crop\organized\Bombus_sylvarum\queen\NoName2_S1.jpg,0.004505997487917083,False
2391,c:\Users\Jules\Documents\IEES\idmybee\data\images\crop\organized\Bombus_sylvarum\queen\NoName2_S2.jpg,0.004584445868143359,False
2392,c:\Users\Jules\Documents\IEES\idmybee\data\images\crop\organized\Bombus_sylvarum\queen\NoName2_S3.jpg,0.004486965587486566,False
2393,c:\Users\Jules\Documents\IEES\idmybee\data\images\crop\organized\Bombus_sylvarum\queen\POLLINIS4982b_P1.JPG,0.004357708263945815,False
2394,c:\Users\Jules\Documents\IEES\idmybee\data\images\crop\organized\Bombus_sylvarum\queen\POLLINIS4982b_P2.JPG,0.004352048222377442,False
2395,c:\Users\Jules\Documents\IEES\idmybee\data\images\crop\organized\Bombus_sylvarum\queen\POLLINIS4982b_S1.jpg,0.004468200484044159,False
2396,c:\Users\Jules\Documents\IEES\idmybee\data\images\crop\organized\Bombus_sylvarum\queen\POLLINIS4982b_S2.jpg,0.004490812762301965,False
2397,c:\Users\Jules\Documents\IEES\idmybee\data\images\crop\organized\Bombus_sylvarum\queen\POLLINIS4982b_S3.jpg,0.0044661462785202145,False
2398,c:\Users\Jules\Documents\IEES\idmybee\data\images\crop\organized\Bombus_sylvarum\queen\POLLINIS4984_P1.JPG,0.004437892054058595,False
2399,c:\Users\Jules\Documents\IEES\idmybee\data\images\crop\organized\Bombus_sylvarum\queen\POLLINIS4984_P2.JPG,0.004483851156267642,False
2400,c:\Users\Jules\Documents\IEES\idmybee\data\images\crop\organized\Bombus_sylvarum\queen\POLLINIS4984_S1.jpg,0.004470537785387595,False
2401,c:\Users\Jules\Documents\IEES\idmybee\data\images\crop\organized\Bombus_sylvarum\queen\POLLINIS4984_S2.jpg,0.004497885283488751,False
2402,c:\Users\Jules\Documents\IEES\idmybee\data\images\crop\organized\Bombus_sylvarum\queen\POLLINIS4984_S3.jpg,0.004516766020527643,False
2404,c:\Users\Jules\Documents\IEES\idmybee\data\images\crop\organized\Bombus_sylvarum\worker\1036L_P2.JPG,0.007446842433540389,True
2405,c:\Users\Jules\Documents\IEES\idmybee\data\images\crop\organized\Bombus_sylvarum\worker\1036L_S1.jpg,0.006734584453504854,True
2406,c:\Users\Jules\Documents\IEES\idmybee\data\images\crop\organized\Bombus_sylvarum\worker\1036L_S2.jpg,0.007302819857145508,True
2407,c:\Users\Jules\Documents\IEES\idmybee\data\images\crop\organized\Bombus_sylvarum\worker\1036L_S3.jpg,0.005060316499174515,False
2408,c:\Users\Jules\Documents\IEES\idmybee\data\images\crop\organized\Bombus_sylvarum\worker\15G2021-1826_P1.JPG,0.004883969822178153,False
2409,c:\Users\Jules\Documents\IEES\idmybee\data\images\crop\organized\Bombus_sylvarum\worker\15G2021-1826_P2.JPG,0.004873805644312218,False
2410,c:\Users\Jules\Documents\IEES\idmybee\data\images\crop\organized\Bombus_sylvarum\worker\15G2021-1826_S1.jpg,0.004901775276962776,False
2411,c:\Users\Jules\Documents\IEES\idmybee\data\images\crop\organized\Bombus_sylvarum\worker\15G2021-1826_S2.jpg,0.004820233853831678,False
2412,c:\Users\Jules\Documents\IEES\idmybee\data\images\crop\organized\Bombus_sylvarum\worker\15G2021-1826_S3.jpg,0.004894620902743001,False
2413,c:\Users\Jules\Documents\IEES\idmybee\data\images\crop\organized\Bombus_sylvarum\worker\2012.0034_P1.JPG,0.0048841632469718115,False
2414,c:\Users\Jules\Documents\IEES\idmybee\data\images\crop\organized\Bombus_sylvarum\worker\2012.0034_P2.JPG,0.004781271035321896,False
2415,c:\Users\Jules\Documents\IEES\idmybee\data\images\crop\organized\Bombus_sylvarum\worker\2012.0034_S1.jpg,0.004901625390354938,False
2416,c:\Users\Jules\Documents\IEES\idmybee\data\images\crop\organized\Bombus_sylvarum\worker\2012.0034_S2.jpg,0.0048501834066359256,False
2417,c:\Users\Jules\Documents\IEES\idmybee\data\images\crop\organized\Bombus_sylvarum\worker\2012.0034_S3.jpg,0.004843396010268831,False
2418,c:\Users\Jules\Documents\IEES\idmybee\data\images\crop\organized\Bombus_sylvarum\worker\2017.06254_P1.JPG,0.00451637081075376,False
2419,c:\Users\Jules\Documents\IEES\idmybee\data\images\crop\organized\Bombus_sylvarum\worker\2017.06254_P2.JPG,0.004602461879358828,False
2420,c:\Users\Jules\Documents\IEES\idmybee\data\images\crop\organized\Bombus_sylvarum\worker\2017.06254_S1.jpg,0.004546776067499885,False
2421,c:\Users\Jules\Documents\IEES\idmybee\data\images\crop\organized\Bombus_sylvarum\worker\2017.06254_S2.jpg,0.004583287699805086,False
2422,c:\Users\Jules\Documents\IEES\idmybee\data\images\crop\organized\Bombus_sylvarum\worker\2017.06254_S3.jpg,0.004563331206449491,False
2423,c:\Users\Jules\Documents\IEES\idmybee\data\images\crop\organized\Bombus_sylvarum\worker\2020.03886_P1.JPG,0.004313827617477787,False
2424,c:\Users\Jules\Documents\IEES\idmybee\data\images\crop\organized\Bombus_sylvarum\worker\2020.03886_P2.JPG,0.00436809777686419,False
2425,c:\Users\Jules\Documents\IEES\idmybee\data\images\crop\organized\Bombus_sylvarum\worker\2020.03886_S1.jpg,0.004360948311602661,False
2426,c:\Users\Jules\Documents\IEES\idmybee\data\images\crop\organized\Bombus_sylvarum\worker\2020.03886_S2.jpg,0.004359970124341972,False
2427,c:\Users\Jules\Documents\IEES\idmybee\data\images\crop\organized\Bombus_sylvarum\worker\2020.03886_S3.jpg,0.00435968130049573,False
2428,c:\Users\Jules\Documents\IEES\idmybee\data\images\crop\organized\Bombus_sylvarum\worker\2020.04010_P1.JPG,0.004633941247954605,False
2429,c:\Users\Jules\Documents\IEES\idmybee\data\images\crop\organized\Bombus_sylvarum\worker\2020.04010_P2.JPG,0.004524329677489788,False
2430,c:\Users\Jules\Documents\IEES\idmybee\data\images\crop\organized\Bombus_sylvarum\worker\2020.04010_S1.jpg,0.004556603267617764,False
2431,c:\Users\Jules\Documents\IEES\idmybee\data\images\crop\organized\Bombus_sylvarum\worker\2020.04010_S2.jpg,0.0044885465019978334,False
2432,c:\Users\Jules\Documents\IEES\idmybee\data\images\crop\organized\Bombus_sylvarum\worker\2020.04010_S3.jpg,0.00458884174525637,False
2433,c:\Users\Jules\Documents\IEES\idmybee\data\images\crop\organized\Bombus_sylvarum\worker\2020.04013_P1.JPG,0.004562281043444119,False
2434,c:\Users\Jules\Documents\IEES\idmybee\data\images\crop\organized\Bombus_sylvarum\worker\2020.04013_P2.JPG,0.0046668449333310885,False
2435,c:\Users\Jules\Documents\IEES\idmybee\data\images\crop\organized\Bombus_sylvarum\worker\2020.04013_S1.jpg,0.004653799498089309,False
2436,c:\Users\Jules\Documents\IEES\idmybee\data\images\crop\organized\Bombus_sylvarum\worker\2020.04013_S2.jpg,0.004671278030537247,False
2437,c:\Users\Jules\Documents\IEES\idmybee\data\images\crop\organized\Bombus_sylvarum\worker\2020.04013_S3.jpg,0.004727475175620667,False
2438,c:\Users\Jules\Documents\IEES\idmybee\data\images\crop\organized\Bombus_sylvarum\worker\2020.04044_P1.JPG,0.004644587476502699,False
2439,c:\Users\Jules\Documents\IEES\idmybee\data\images\crop\organized\Bombus_sylvarum\worker\2020.04044_P2.JPG,0.004513080634870503,False
2440,c:\Users\Jules\Documents\IEES\idmybee\data\images\crop\organized\Bombus_sylvarum\worker\2020.04044_S1.jpg,0.004544601413183793,False
2441,c:\Users\Jules\Documents\IEES\idmybee\data\images\crop\organized\Bombus_sylvarum\worker\2020.04044_S2.jpg,0.004577106469608641,False
2442,c:\Users\Jules\Documents\IEES\idmybee\data\images\crop\organized\Bombus_sylvarum\worker\2020.04044_S3.jpg,0.004553706513177143,False
2443,c:\Users\Jules\Documents\IEES\idmybee\data\images\crop\organized\Bombus_sylvarum\worker\ABAURA5593_P1.JPG,0.004666684579005098,False
2444,c:\Users\Jules\Documents\IEES\idmybee\data\images\crop\organized\Bombus_sylvarum\worker\ABAURA5593_P2.JPG,0.004701417036395928,False
2445,c:\Users\Jules\Documents\IEES\idmybee\data\images\crop\organized\Bombus_sylvarum\worker\ABAURA5593_S1.jpg,0.004665452289817807,False
2446,c:\Users\Jules\Documents\IEES\idmybee\data\images\crop\organized\Bombus_sylvarum\worker\ABAURA5593_S2.jpg,0.004682728543525667,False
2447,c:\Users\Jules\Documents\IEES\idmybee\data\images\crop\organized\Bombus_sylvarum\worker\ABAURA5593_S3.jpg,0.004730807716494722,False
2448,c:\Users\Jules\Documents\IEES\idmybee\data\images\crop\organized\Bombus_sylvarum\worker\ABB-2020.00032_P1.JPG,0.004326728839180859,False
2449,c:\Users\Jules\Documents\IEES\idmybee\data\images\crop\organized\Bombus_sylvarum\worker\ABB-2020.00032_P2.JPG,0.004302006372114543,False
2450,c:\Users\Jules\Documents\IEES\idmybee\data\images\crop\organized\Bombus_sylvarum\worker\ABB-2020.00032_S1.jpg,0.00435851878603705,False
2451,c:\Users\Jules\Documents\IEES\idmybee\data\images\crop\organized\Bombus_sylvarum\worker\ABB-2020.00032_S2.jpg,0.004414921619809242,False
2452,c:\Users\Jules\Documents\IEES\idmybee\data\images\crop\organized\Bombus_sylvarum\worker\ABB-2020.00032_S3.jpg,0.004292479656645412,False
2453,c:\Users\Jules\Documents\IEES\idmybee\data\images\crop\organized\Bombus_sylvarum\worker\ABB-2020.00106_P1.JPG,0.004507976798005606,False
2454,c:\Users\Jules\Documents\IEES\idmybee\data\images\crop\organized\Bombus_sylvarum\worker\ABB-2020.00106_P2.JPG,0.004491577786373262,False
2455,c:\Users\Jules\Documents\IEES\idmybee\data\images\crop\organized\Bombus_sylvarum\worker\ABB-2020.00106_S1.jpg,0.004454164158838151,False
2456,c:\Users\Jules\Documents\IEES\idmybee\data\images\crop\organized\Bombus_sylvarum\worker\ABB-2020.00106_S2.jpg,0.00450287020782626,False
2457,c:\Users\Jules\Documents\IEES\idmybee\data\images\crop\organized\Bombus_sylvarum\worker\ABB-2020.00106_S3.jpg,0.0045186684882922695,False
2458,c:\Users\Jules\Documents\IEES\idmybee\data\images\crop\organized\Bombus_sylvarum\worker\BAR-2018.00332_P1.JPG,0.004661910282817435,False
2459,c:\Users\Jules\Documents\IEES\idmybee\data\images\crop\organized\Bombus_sylvarum\worker\BAR-2018.00332_P2.JPG,0.004616471523112193,False
2460,c:\Users\Jules\Documents\IEES\idmybee\data\images\crop\organized\Bombus_sylvarum\worker\BAR-2018.00332_S1.jpg,0.004653341191362095,False
2461,c:\Users\Jules\Documents\IEES\idmybee\data\images\crop\organized\Bombus_sylvarum\worker\BAR-2018.00332_S2.jpg,0.004646681492422166,False
2462,c:\Users\Jules\Documents\IEES\idmybee\data\images\crop\organized\Bombus_sylvarum\worker\BAR-2018.00332_S3.jpg,0.0045917193749627,False
2463,c:\Users\Jules\Documents\IEES\idmybee\data\images\crop\organized\Bombus_sylvarum\worker\BAR-2018.00871_P1.JPG,0.004508435940944574,False
2464,c:\Users\Jules\Documents\IEES\idmybee\data\images\crop\organized\Bombus_sylvarum\worker\BAR-2018.00871_P2.JPG,0.004513598405399274,False
2465,c:\Users\Jules\Documents\IEES\idmybee\data\images\crop\organized\Bombus_sylvarum\worker\BAR-2018.00871_S1.jpg,0.004555214192612251,False
2466,c:\Users\Jules\Documents\IEES\idmybee\data\images\crop\organized\Bombus_sylvarum\worker\BAR-2018.00871_S2.jpg,0.004477279548434043,False
2467,c:\Users\Jules\Documents\IEES\idmybee\data\images\crop\organized\Bombus_sylvarum\worker\BAR-2018.00871_S3.jpg,0.004573183107509646,False
2468,c:\Users\Jules\Documents\IEES\idmybee\data\images\crop\organized\Bombus_sylvarum\worker\BAR.2018.00342_P1.JPG,0.007049267436063701,True
2469,c:\Users\Jules\Documents\IEES\idmybee\data\images\crop\organized\Bombus_sylvarum\worker\BAR.2018.00342_P2.JPG,0.004419773567059242,False
2470,c:\Users\Jules\Documents\IEES\idmybee\data\images\crop\organized\Bombus_sylvarum\worker\BAR.2018.00342_S1.jpg,0.004380433980133644,False
2471,c:\Users\Jules\Documents\IEES\idmybee\data\images\crop\organized\Bombus_sylvarum\worker\BAR.2018.00342_S2.jpg,0.004405989908582409,False
2472,c:\Users\Jules\Documents\IEES\idmybee\data\images\crop\organized\Bombus_sylvarum\worker\BAR.2018.00342_S3.jpg,0.00444274328243022,False
2473,c:\Users\Jules\Documents\IEES\idmybee\data\images\crop\organized\Bombus_sylvarum\worker\CD387303_P1.JPG,0.004456278307908837,False
2474,c:\Users\Jules\Documents\IEES\idmybee\data\images\crop\organized\Bombus_sylvarum\worker\CD387303_P2.JPG,0.0045608843371548295,False
2475,c:\Users\Jules\Documents\IEES\idmybee\data\images\crop\organized\Bombus_sylvarum\worker\CD387303_S1.jpg,0.004544565179944171,False
2476,c:\Users\Jules\Documents\IEES\idmybee\data\images\crop\organized\Bombus_sylvarum\worker\CD387303_S2.jpg,0.004565148099151009,False
2477,c:\Users\Jules\Documents\IEES\idmybee\data\images\crop\organized\Bombus_sylvarum\worker\CD387303_S3.jpg,0.0037270976362974617,False
2478,c:\Users\Jules\Documents\IEES\idmybee\data\images\crop\organized\Bombus_sylvarum\worker\CD387324_P1.JPG,0.004547808143339561,False
2479,c:\Users\Jules\Documents\IEES\idmybee\data\images\crop\organized\Bombus_sylvarum\worker\CD387324_P2.JPG,0.004637199440172207,False
2480,c:\Users\Jules\Documents\IEES\idmybee\data\images\crop\organized\Bombus_sylvarum\worker\CD387324_S1.jpg,0.004545639330096026,False
2481,c:\Users\Jules\Documents\IEES\idmybee\data\images\crop\organized\Bombus_sylvarum\worker\CD387324_S2.jpg,0.004535466995724281,False
2482,c:\Users\Jules\Documents\IEES\idmybee\data\images\crop\organized\Bombus_sylvarum\worker\CD387324_S3.jpg,0.00459937169104462,False
2483,c:\Users\Jules\Documents\IEES\idmybee\data\images\crop\organized\Bombus_sylvarum\worker\CD387766_P1.JPG,0.004623701450945616,False
2484,c:\Users\Jules\Documents\IEES\idmybee\data\images\crop\organized\Bombus_sylvarum\worker\CD387766_P2.JPG,0.0046321400750856485,False
2485,c:\Users\Jules\Documents\IEES\idmybee\data\images\crop\organized\Bombus_sylvarum\worker\CD387766_S1.jpg,0.004678442962842964,False
2486,c:\Users\Jules\Documents\IEES\idmybee\data\images\crop\organized\Bombus_sylvarum\worker\CD387766_S3.jpg,0.004692728728970308,False
2487,c:\Users\Jules\Documents\IEES\idmybee\data\images\crop\organized\Bombus_sylvarum\worker\CD388135_P1.JPG,0.0045033511901383105,False
2488,c:\Users\Jules\Documents\IEES\idmybee\data\images\crop\organized\Bombus_sylvarum\worker\CD388135_P2.JPG,0.00447239671775932,False
2489,c:\Users\Jules\Documents\IEES\idmybee\data\images\crop\organized\Bombus_sylvarum\worker\CD388135_S1.jpg,0.004536772194241924,False
2490,c:\Users\Jules\Documents\IEES\idmybee\data\images\crop\organized\Bombus_sylvarum\worker\CD388135_S2.jpg,0.00454393963730174,False
2491,c:\Users\Jules\Documents\IEES\idmybee\data\images\crop\organized\Bombus_sylvarum\worker\CD388135_S3.jpg,0.004516209957916026,False
2492,c:\Users\Jules\Documents\IEES\idmybee\data\images\crop\organized\Bombus_sylvarum\worker\CD388146_P1.JPG,0.0044353766846287074,False
2493,c:\Users\Jules\Documents\IEES\idmybee\data\images\crop\organized\Bombus_sylvarum\worker\CD388146_P2.JPG,0.004496304727939855,False
2494,c:\Users\Jules\Documents\IEES\idmybee\data\images\crop\organized\Bombus_sylvarum\worker\CD388146_S1.jpg,0.004479825009011663,False
2495,c:\Users\Jules\Documents\IEES\idmybee\data\images\crop\organized\Bombus_sylvarum\worker\CD388146_S2.jpg,0.004526942741848037,False
2496,c:\Users\Jules\Documents\IEES\idmybee\data\images\crop\organized\Bombus_sylvarum\worker\CD388146_S3.jpg,0.004418729450334966,False
2497,c:\Users\Jules\Documents\IEES\idmybee\data\images\crop\organized\Bombus_sylvarum\worker\CD388862b_P1.JPG,0.004534247620573339,False
2498,c:\Users\Jules\Documents\IEES\idmybee\data\images\crop\organized\Bombus_sylvarum\worker\CD388862b_P2.JPG,0.004492079784892825,False
2499,c:\Users\Jules\Documents\IEES\idmybee\data\images\crop\organized\Bombus_sylvarum\worker\CD388862b_S1.jpg,0.004609702150282172,False
2500,c:\Users\Jules\Documents\IEES\idmybee\data\images\crop\organized\Bombus_sylvarum\worker\CD388862b_S2.jpg,0.00456467636282492,False
2501,c:\Users\Jules\Documents\IEES\idmybee\data\images\crop\organized\Bombus_sylvarum\worker\CD388862b_S3.jpg,0.004498460455551063,False
2502,c:\Users\Jules\Documents\IEES\idmybee\data\images\crop\organized\Bombus_sylvarum\worker\NoName4_P1.JPG,0.004376157639670965,False
2503,c:\Users\Jules\Documents\IEES\idmybee\data\images\crop\organized\Bombus_sylvarum\worker\NoName4_P2.JPG,0.004458250078658793,False
2504,c:\Users\Jules\Documents\IEES\idmybee\data\images\crop\organized\Bombus_sylvarum\worker\NoName4_S1.jpg,0.00455498794446437,False
2505,c:\Users\Jules\Documents\IEES\idmybee\data\images\crop\organized\Bombus_sylvarum\worker\NoName4_S2.jpg,0.004464659842004163,False
2506,c:\Users\Jules\Documents\IEES\idmybee\data\images\crop\organized\Bombus_sylvarum\worker\NoName4_S3.jpg,0.0044185858263294025,False
2507,c:\Users\Jules\Documents\IEES\idmybee\data\images\crop\organized\Bombus_sylvarum\worker\NoName5_P1.JPG,0.004411949221446319,False
2508,c:\Users\Jules\Documents\IEES\idmybee\data\images\crop\organized\Bombus_sylvarum\worker\NoName5_P2.JPG,0.004451424849897993,False
2509,c:\Users\Jules\Documents\IEES\idmybee\data\images\crop\organized\Bombus_sylvarum\worker\NoName5_S1.jpg,0.004326263427670892,False
2510,c:\Users\Jules\Documents\IEES\idmybee\data\images\crop\organized\Bombus_sylvarum\worker\NoName5_S2.jpg,0.004355294392714738,False
2511,c:\Users\Jules\Documents\IEES\idmybee\data\images\crop\organized\Bombus_sylvarum\worker\NoName5_S3.jpg,0.004327174891025032,False
2512,c:\Users\Jules\Documents\IEES\idmybee\data\images\crop\organized\Bombus_sylvarum\worker\OPPO_5923_P1.JPG,0.004671408595005594,False
2513,c:\Users\Jules\Documents\IEES\idmybee\data\images\crop\organized\Bombus_sylvarum\worker\OPPO_5923_P2.JPG,0.004670694471429555,False
2514,c:\Users\Jules\Documents\IEES\idmybee\data\images\crop\organized\Bombus_sylvarum\worker\OPPO_5923_S1.jpg,0.004626671852970495,False
2515,c:\Users\Jules\Documents\IEES\idmybee\data\images\crop\organized\Bombus_sylvarum\worker\OPPO_5923_S2.jpg,0.004663258362299837,False
2516,c:\Users\Jules\Documents\IEES\idmybee\data\images\crop\organized\Bombus_sylvarum\worker\OPPO_5923_S3.jpg,0.00469117265937461,False
2517,c:\Users\Jules\Documents\IEES\idmybee\data\images\crop\organized\Bombus_wurflenii\male\ABAURA7781_P1.JPG,0.00441904611093404,False
2518,c:\Users\Jules\Documents\IEES\idmybee\data\images\crop\organized\Bombus_wurflenii\male\ABAURA7781_P2.JPG,0.0043729402748822616,False
2519,c:\Users\Jules\Documents\IEES\idmybee\data\images\crop\organized\Bombus_wurflenii\male\ABAURA7781_S1.jpg,0.0043448540071737134,False
2520,c:\Users\Jules\Documents\IEES\idmybee\data\images\crop\organized\Bombus_wurflenii\male\ABAURA7781_S2.jpg,0.004393847085206571,False
2521,c:\Users\Jules\Documents\IEES\idmybee\data\images\crop\organized\Bombus_wurflenii\male\ABAURA7781_S3.jpg,0.004391278058189469,False
2522,c:\Users\Jules\Documents\IEES\idmybee\data\images\crop\organized\Bombus_wurflenii\male\ABAURA7781b_P1.JPG,0.004744024931855311,False
2523,c:\Users\Jules\Documents\IEES\idmybee\data\images\crop\organized\Bombus_wurflenii\male\ABAURA7781b_P2.JPG,0.004613667077054764,False
2524,c:\Users\Jules\Documents\IEES\idmybee\data\images\crop\organized\Bombus_wurflenii\male\ABAURA7781b_S1.jpg,0.0046610729261659725,False
2525,c:\Users\Jules\Documents\IEES\idmybee\data\images\crop\organized\Bombus_wurflenii\male\ABAURA7781b_S2.jpg,0.004687684181078084,False
2526,c:\Users\Jules\Documents\IEES\idmybee\data\images\crop\organized\Bombus_wurflenii\male\ABAURA7781b_S3.jpg,0.00465328397736417,False
2527,c:\Users\Jules\Documents\IEES\idmybee\data\images\crop\organized\Bombus_wurflenii\male\CollecYvan19_P1.JPG,0.004485462150658493,False
2528,c:\Users\Jules\Documents\IEES\idmybee\data\images\crop\organized\Bombus_wurflenii\male\CollecYvan19_P2.JPG,0.004440648692267898,False
2529,c:\Users\Jules\Documents\IEES\idmybee\data\images\crop\organized\Bombus_wurflenii\male\CollecYvan19_S1.jpg,0.004420444632127363,False
2530,c:\Users\Jules\Documents\IEES\idmybee\data\images\crop\organized\Bombus_wurflenii\male\CollecYvan19_S2.jpg,0.004392933486209594,False
2531,c:\Users\Jules\Documents\IEES\idmybee\data\images\crop\organized\Bombus_wurflenii\male\CollecYvan19_S3.jpg,0.00447142914757231,False
2532,c:\Users\Jules\Documents\IEES\idmybee\data\images\crop\organized\Bombus_wurflenii\male\CollecYvan20_P1.JPG,0.0043361862340840045,False
2533,c:\Users\Jules\Documents\IEES\idmybee\data\images\crop\organized\Bombus_wurflenii\male\CollecYvan20_P2.JPG,0.004309044570623051,False
2534,c:\Users\Jules\Documents\IEES\idmybee\data\images\crop\organized\Bombus_wurflenii\male\CollecYvan20_S1.jpg,0.0043044559881147545,False
2535,c:\Users\Jules\Documents\IEES\idmybee\data\images\crop\organized\Bombus_wurflenii\male\CollecYvan20_S2.jpg,0.004345452310523264,False
2536,c:\Users\Jules\Documents\IEES\idmybee\data\images\crop\organized\Bombus_wurflenii\male\CollecYvan20_S3.jpg,0.004338941985598722,False
2537,c:\Users\Jules\Documents\IEES\idmybee\data\images\crop\organized\Bombus_wurflenii\male\CollecYvan21_P1.JPG,0.004543161462910837,False
2538,c:\Users\Jules\Documents\IEES\idmybee\data\images\crop\organized\Bombus_wurflenii\male\CollecYvan21_P2.JPG,0.004484819428225529,False
2539,c:\Users\Jules\Documents\IEES\idmybee\data\images\crop\organized\Bombus_wurflenii\male\CollecYvan21_S1.jpg,0.004414664853062345,False
2540,c:\Users\Jules\Documents\IEES\idmybee\data\images\crop\organized\Bombus_wurflenii\male\CollecYvan21_S2.jpg,0.0044750626257635965,False
2541,c:\Users\Jules\Documents\IEES\idmybee\data\images\crop\organized\Bombus_wurflenii\male\CollecYvan21_S3.jpg,0.004535716266739718,False
2542,c:\Users\Jules\Documents\IEES\idmybee\data\images\crop\organized\Bombus_wurflenii\male\CollecYvan22_P1.JPG,0.004413744113841079,False
2543,c:\Users\Jules\Documents\IEES\idmybee\data\images\crop\organized\Bombus_wurflenii\male\CollecYvan22_P2.JPG,0.004406286502499021,False
2544,c:\Users\Jules\Documents\IEES\idmybee\data\images\crop\organized\Bombus_wurflenii\male\CollecYvan22_S1.jpg,0.004471970236658976,False
2545,c:\Users\Jules\Documents\IEES\idmybee\data\images\crop\organized\Bombus_wurflenii\male\CollecYvan22_S2.jpg,0.00443665264409737,False
2546,c:\Users\Jules\Documents\IEES\idmybee\data\images\crop\organized\Bombus_wurflenii\male\CollecYvan22_S3.jpg,0.004421573235196621,False
2547,c:\Users\Jules\Documents\IEES\idmybee\data\images\crop\organized\Bombus_wurflenii\male\CollecYvan23_P1.JPG,0.004151096631983678,False
2548,c:\Users\Jules\Documents\IEES\idmybee\data\images\crop\organized\Bombus_wurflenii\male\CollecYvan23_P2.JPG,0.0042492715841956265,False
2549,c:\Users\Jules\Documents\IEES\idmybee\data\images\crop\organized\Bombus_wurflenii\male\CollecYvan23_S1.jpg,0.004242939899710746,False
2550,c:\Users\Jules\Documents\IEES\idmybee\data\images\crop\organized\Bombus_wurflenii\male\CollecYvan23_S2.jpg,0.004256240513757951,False
2551,c:\Users\Jules\Documents\IEES\idmybee\data\images\crop\organized\Bombus_wurflenii\male\CollecYvan23_S3.jpg,0.004222126311097807,False
2552,c:\Users\Jules\Documents\IEES\idmybee\data\images\crop\organized\Bombus_wurflenii\male\CollecYvan24_P1.JPG,0.004462288260194683,False
2553,c:\Users\Jules\Documents\IEES\idmybee\data\images\crop\organized\Bombus_wurflenii\male\CollecYvan24_P2.JPG,0.004459073237004563,False
2554,c:\Users\Jules\Documents\IEES\idmybee\data\images\crop\organized\Bombus_wurflenii\male\CollecYvan24_S1.jpg,0.004422875431674609,False
2555,c:\Users\Jules\Documents\IEES\idmybee\data\images\crop\organized\Bombus_wurflenii\male\CollecYvan24_S2.jpg,0.004407319538423263,False
2556,c:\Users\Jules\Documents\IEES\idmybee\data\images\crop\organized\Bombus_wurflenii\male\CollecYvan24_S3.jpg,0.004391929623636614,False
2557,c:\Users\Jules\Documents\IEES\idmybee\data\images\crop\organized\Bombus_wurflenii\male\FR15_AB210818002_P1.JPG,0.004399025856922834,False
2558,c:\Users\Jules\Documents\IEES\idmybee\data\images\crop\organized\Bombus_wurflenii\male\FR15_AB210818002_P2.JPG,0.004414489577555123,False
2559,c:\Users\Jules\Documents\IEES\idmybee\data\images\crop\organized\Bombus_wurflenii\male\FR15_AB210818002_S1.jpg,0.004386632429507897,False
2560,c:\Users\Jules\Documents\IEES\idmybee\data\images\crop\organized\Bombus_wurflenii\male\FR15_AB210818002_S2.jpg,0.004391390336662266,False
2561,c:\Users\Jules\Documents\IEES\idmybee\data\images\crop\organized\Bombus_wurflenii\male\FR15_AB210818002_S3.jpg,0.004404040392261289,False
2562,c:\Users\Jules\Documents\IEES\idmybee\data\images\crop\organized\Bombus_wurflenii\male\FR15_ABOM180720046_P1.JPG,0.004376996458398488,False
2563,c:\Users\Jules\Documents\IEES\idmybee\data\images\crop\organized\Bombus_wurflenii\male\FR15_ABOM180720046_P2.JPG,0.004329431600896449,False
2564,c:\Users\Jules\Documents\IEES\idmybee\data\images\crop\organized\Bombus_wurflenii\male\FR15_ABOM180720046_S1.jpg,0.004422948881222579,False
2565,c:\Users\Jules\Documents\IEES\idmybee\data\images\crop\organized\Bombus_wurflenii\male\FR15_ABOM180720046_S2.jpg,0.004367063362078717,False
2566,c:\Users\Jules\Documents\IEES\idmybee\data\images\crop\organized\Bombus_wurflenii\male\FR15_ABOM180720046_S3.jpg,0.004389338161458124,False
2567,c:\Users\Jules\Documents\IEES\idmybee\data\images\crop\organized\Bombus_wurflenii\male\FR15_ABOM180720047_P1.JPG,0.004551957053509256,False
2568,c:\Users\Jules\Documents\IEES\idmybee\data\images\crop\organized\Bombus_wurflenii\male\FR15_ABOM180720047_P2.JPG,0.0045101248322472025,False
2569,c:\Users\Jules\Documents\IEES\idmybee\data\images\crop\organized\Bombus_wurflenii\male\FR15_ABOM180720047_S1.jpg,0.00446599451846438,False
2570,c:\Users\Jules\Documents\IEES\idmybee\data\images\crop\organized\Bombus_wurflenii\male\FR15_ABOM180720047_S2.jpg,0.004511258572708446,False
2571,c:\Users\Jules\Documents\IEES\idmybee\data\images\crop\organized\Bombus_wurflenii\male\FR15_ABOM180720047_S3.jpg,0.004531791989418481,False
2572,c:\Users\Jules\Documents\IEES\idmybee\data\images\crop\organized\Bombus_wurflenii\male\FR15_ABOM180720048_P1.JPG,0.004379110127064174,False
2573,c:\Users\Jules\Documents\IEES\idmybee\data\images\crop\organized\Bombus_wurflenii\male\FR15_ABOM180720048_P2.JPG,0.004378996428989317,False
2574,c:\Users\Jules\Documents\IEES\idmybee\data\images\crop\organized\Bombus_wurflenii\male\FR15_ABOM180720048_S1.jpg,0.004349025029537764,False
2575,c:\Users\Jules\Documents\IEES\idmybee\data\images\crop\organized\Bombus_wurflenii\male\FR15_ABOM180720048_S2.jpg,0.004390104555333615,False
2576,c:\Users\Jules\Documents\IEES\idmybee\data\images\crop\organized\Bombus_wurflenii\male\FR15_ABOM180720048_S3.jpg,0.004380191561952445,False
2577,c:\Users\Jules\Documents\IEES\idmybee\data\images\crop\organized\Bombus_wurflenii\male\FR15_ABOM180720053_P1.JPG,0.00438532346071415,False
2578,c:\Users\Jules\Documents\IEES\idmybee\data\images\crop\organized\Bombus_wurflenii\male\FR15_ABOM180720053_P2.JPG,0.004415501313000043,False
2579,c:\Users\Jules\Documents\IEES\idmybee\data\images\crop\organized\Bombus_wurflenii\male\FR15_ABOM180720053_S1.jpg,0.004467429359359462,False
2580,c:\Users\Jules\Documents\IEES\idmybee\data\images\crop\organized\Bombus_wurflenii\male\FR15_ABOM180720053_S2.jpg,0.0043677025770197855,False
2581,c:\Users\Jules\Documents\IEES\idmybee\data\images\crop\organized\Bombus_wurflenii\male\FR15_ABOM180720053_S3.jpg,0.004418799215770462,False
2582,c:\Users\Jules\Documents\IEES\idmybee\data\images\crop\organized\Bombus_wurflenii\male\FR15ABOM120722071_P1.JPG,0.00415252120117355,False
2583,c:\Users\Jules\Documents\IEES\idmybee\data\images\crop\organized\Bombus_wurflenii\male\FR15ABOM120722071_P2.JPG,0.004208021418383275,False
2584,c:\Users\Jules\Documents\IEES\idmybee\data\images\crop\organized\Bombus_wurflenii\male\FR15ABOM120722071_S1.jpg,0.004141869259967534,False
2585,c:\Users\Jules\Documents\IEES\idmybee\data\images\crop\organized\Bombus_wurflenii\male\FR15ABOM120722071_S2.jpg,0.0041440678629482445,False
2586,c:\Users\Jules\Documents\IEES\idmybee\data\images\crop\organized\Bombus_wurflenii\male\FR15ABOM120722071_S3.jpg,0.00416589592975151,False
2587,c:\Users\Jules\Documents\IEES\idmybee\data\images\crop\organized\Bombus_wurflenii\male\FR15ABOM130722047_P1.JPG,0.004029791284985488,False
2588,c:\Users\Jules\Documents\IEES\idmybee\data\images\crop\organized\Bombus_wurflenii\male\FR15ABOM130722047_P2.JPG,0.0039933830459950225,False
2589,c:\Users\Jules\Documents\IEES\idmybee\data\images\crop\organized\Bombus_wurflenii\male\FR15ABOM130722047_S1.jpg,0.004079834046414936,False
2590,c:\Users\Jules\Documents\IEES\idmybee\data\images\crop\organized\Bombus_wurflenii\male\FR15ABOM130722047_S2.jpg,0.004117766698766145,False
2591,c:\Users\Jules\Documents\IEES\idmybee\data\images\crop\organized\Bombus_wurflenii\male\FR15ABOM130722047_S3.jpg,0.004111137639014083,False
2592,c:\Users\Jules\Documents\IEES\idmybee\data\images\crop\organized\Bombus_wurflenii\male\FR15ABOM200722026_P1.JPG,0.004126309773914042,False
2593,c:\Users\Jules\Documents\IEES\idmybee\data\images\crop\organized\Bombus_wurflenii\male\FR15ABOM200722026_P2.JPG,0.0041177997652758255,False
2594,c:\Users\Jules\Documents\IEES\idmybee\data\images\crop\organized\Bombus_wurflenii\male\FR15ABOM200722026_S1.jpg,0.004145678947308277,False
2595,c:\Users\Jules\Documents\IEES\idmybee\data\images\crop\organized\Bombus_wurflenii\male\FR15ABOM200722026_S2.jpg,0.004094777869127819,False
2596,c:\Users\Jules\Documents\IEES\idmybee\data\images\crop\organized\Bombus_wurflenii\male\FR15ABOM200722026_S3.jpg,0.004101771246601733,False
2597,c:\Users\Jules\Documents\IEES\idmybee\data\images\crop\organized\Bombus_wurflenii\male\FR15ABOM200722062_P1.JPG,0.004325049997931445,False
2598,c:\Users\Jules\Documents\IEES\idmybee\data\images\crop\organized\Bombus_wurflenii\male\FR15ABOM200722062_P2.JPG,0.00431549572115487,False
2599,c:\Users\Jules\Documents\IEES\idmybee\data\images\crop\organized\Bombus_wurflenii\male\FR15ABOM200722062_S1.jpg,0.00433519921492998,False
2600,c:\Users\Jules\Documents\IEES\idmybee\data\images\crop\organized\Bombus_wurflenii\male\FR15ABOM200722062_S2.jpg,0.004302652136957639,False
2601,c:\Users\Jules\Documents\IEES\idmybee\data\images\crop\organized\Bombus_wurflenii\male\FR15ABOM200722062_S3.jpg,0.004317952802492798,False
2602,c:\Users\Jules\Documents\IEES\idmybee\data\images\crop\organized\Bombus_wurflenii\male\FR15ABOM200722063_P1.JPG,0.004270365562436433,False
2603,c:\Users\Jules\Documents\IEES\idmybee\data\images\crop\organized\Bombus_wurflenii\male\FR15ABOM200722063_P2.JPG,0.004271163467685367,False
2604,c:\Users\Jules\Documents\IEES\idmybee\data\images\crop\organized\Bombus_wurflenii\male\FR15ABOM200722063_S1.jpg,0.004242158960471635,False
2605,c:\Users\Jules\Documents\IEES\idmybee\data\images\crop\organized\Bombus_wurflenii\male\FR15ABOM200722063_S2.jpg,0.004334591877942244,False
2606,c:\Users\Jules\Documents\IEES\idmybee\data\images\crop\organized\Bombus_wurflenii\male\FR15ABOM200722063_S3.jpg,0.004211302230218508,False
2607,c:\Users\Jules\Documents\IEES\idmybee\data\images\crop\organized\Bombus_wurflenii\male\FR15ABOM200722064_P1.JPG,0.00422829295624237,False
2608,c:\Users\Jules\Documents\IEES\idmybee\data\images\crop\organized\Bombus_wurflenii\male\FR15ABOM200722064_P2.JPG,0.00425371952839487,False
2609,c:\Users\Jules\Documents\IEES\idmybee\data\images\crop\organized\Bombus_wurflenii\male\FR15ABOM200722064_S1.jpg,0.004238955497681601,False
2610,c:\Users\Jules\Documents\IEES\idmybee\data\images\crop\organized\Bombus_wurflenii\male\FR15ABOM200722064_S2.jpg,0.0042363391412912725,False
2611,c:\Users\Jules\Documents\IEES\idmybee\data\images\crop\organized\Bombus_wurflenii\male\FR15ABOM200722064_S3.jpg,0.004229392798083344,False
2612,c:\Users\Jules\Documents\IEES\idmybee\data\images\crop\organized\Bombus_wurflenii\male\FR15ABOM200722065_P1.JPG,0.004332068652064457,False
2613,c:\Users\Jules\Documents\IEES\idmybee\data\images\crop\organized\Bombus_wurflenii\male\FR15ABOM200722065_P2.JPG,0.0042726412648357096,False
2614,c:\Users\Jules\Documents\IEES\idmybee\data\images\crop\organized\Bombus_wurflenii\male\FR15ABOM200722065_S1.jpg,0.004302681845159639,False
2615,c:\Users\Jules\Documents\IEES\idmybee\data\images\crop\organized\Bombus_wurflenii\male\FR15ABOM200722065_S2.jpg,0.004336527459570771,False
2616,c:\Users\Jules\Documents\IEES\idmybee\data\images\crop\organized\Bombus_wurflenii\male\FR15ABOM200722065_S3.jpg,0.004323800744231357,False
2617,c:\Users\Jules\Documents\IEES\idmybee\data\images\crop\organized\Bombus_wurflenii\male\FR15ABOM200722066_P1.JPG,0.00414767671492695,False
2618,c:\Users\Jules\Documents\IEES\idmybee\data\images\crop\organized\Bombus_wurflenii\male\FR15ABOM200722066_P2.JPG,0.004178201309251468,False
2619,c:\Users\Jules\Documents\IEES\idmybee\data\images\crop\organized\Bombus_wurflenii\male\FR15ABOM200722066_S1.jpg,0.0041792934528866845,False
2620,c:\Users\Jules\Documents\IEES\idmybee\data\images\crop\organized\Bombus_wurflenii\male\FR15ABOM200722066_S2.jpg,0.004154315814147144,False
2621,c:\Users\Jules\Documents\IEES\idmybee\data\images\crop\organized\Bombus_wurflenii\male\FR15ABOM200722066_S3.jpg,0.004212441722491727,False
2622,c:\Users\Jules\Documents\IEES\idmybee\data\images\crop\organized\Bombus_wurflenii\queen\FR15AB100518002_P1.JPG,0.004576493899976829,False
2623,c:\Users\Jules\Documents\IEES\idmybee\data\images\crop\organized\Bombus_wurflenii\queen\FR15AB100518002_P2.JPG,0.004549131109408893,False
2624,c:\Users\Jules\Documents\IEES\idmybee\data\images\crop\organized\Bombus_wurflenii\queen\FR15AB100518002_S1.jpg,0.004558538271924189,False
2625,c:\Users\Jules\Documents\IEES\idmybee\data\images\crop\organized\Bombus_wurflenii\queen\FR15AB100518002_S2.jpg,0.004561932739626247,False
2626,c:\Users\Jules\Documents\IEES\idmybee\data\images\crop\organized\Bombus_wurflenii\queen\FR15AB100518002_S3.jpg,0.004525822864715952,False
2627,c:\Users\Jules\Documents\IEES\idmybee\data\images\crop\organized\Bombus_wurflenii\worker\ABAURA8150d_P1.JPG,0.004416012669153872,False
2628,c:\Users\Jules\Documents\IEES\idmybee\data\images\crop\organized\Bombus_wurflenii\worker\ABAURA8150d_P2.JPG,0.00430707063945224,False
2629,c:\Users\Jules\Documents\IEES\idmybee\data\images\crop\organized\Bombus_wurflenii\worker\ABAURA8150d_S1.jpg,0.004327232572590156,False
2630,c:\Users\Jules\Documents\IEES\idmybee\data\images\crop\organized\Bombus_wurflenii\worker\ABAURA8150d_S3.jpg,0.0043355175583625885,False
2631,c:\Users\Jules\Documents\IEES\idmybee\data\images\crop\organized\Bombus_wurflenii\worker\ABAURA8205d_P1.JPG,0.004578909001830451,False
2632,c:\Users\Jules\Documents\IEES\idmybee\data\images\crop\organized\Bombus_wurflenii\worker\ABAURA8205d_P2.JPG,0.004522547321555489,False
2633,c:\Users\Jules\Documents\IEES\idmybee\data\images\crop\organized\Bombus_wurflenii\worker\ABAURA8205d_S1.jpg,0.004562327916690891,False
2634,c:\Users\Jules\Documents\IEES\idmybee\data\images\crop\organized\Bombus_wurflenii\worker\ABAURA8205d_S2.jpg,0.00459246512559438,False
2635,c:\Users\Jules\Documents\IEES\idmybee\data\images\crop\organized\Bombus_wurflenii\worker\ABAURA8205d_S3.jpg,0.004561764291260141,False
2636,c:\Users\Jules\Documents\IEES\idmybee\data\images\crop\organized\Bombus_wurflenii\worker\ABAURA8207b_P1.JPG,0.004501298773545261,False
2637,c:\Users\Jules\Documents\IEES\idmybee\data\images\crop\organized\Bombus_wurflenii\worker\ABAURA8207b_P2.JPG,0.004550892831319656,False
2638,c:\Users\Jules\Documents\IEES\idmybee\data\images\crop\organized\Bombus_wurflenii\worker\ABAURA8207b_S1.jpg,0.004575272477696927,False
2639,c:\Users\Jules\Documents\IEES\idmybee\data\images\crop\organized\Bombus_wurflenii\worker\ABAURA8207b_S2.jpg,0.004606911442688097,False
2640,c:\Users\Jules\Documents\IEES\idmybee\data\images\crop\organized\Bombus_wurflenii\worker\ABAURA8207b_S3.jpg,0.004479432397375376,False
2641,c:\Users\Jules\Documents\IEES\idmybee\data\images\crop\organized\Bombus_wurflenii\worker\ABAURA8207c_P1.JPG,0.004489931427392008,False
2642,c:\Users\Jules\Documents\IEES\idmybee\data\images\crop\organized\Bombus_wurflenii\worker\ABAURA8207c_P2.JPG,0.004474308519649483,False
2643,c:\Users\Jules\Documents\IEES\idmybee\data\images\crop\organized\Bombus_wurflenii\worker\ABAURA8207c_S1.jpg,0.00449085817589413,False
2644,c:\Users\Jules\Documents\IEES\idmybee\data\images\crop\organized\Bombus_wurflenii\worker\ABAURA8207c_S2.jpg,0.004518186399194616,False
2645,c:\Users\Jules\Documents\IEES\idmybee\data\images\crop\organized\Bombus_wurflenii\worker\ABAURA8207c_S3.jpg,0.004488063125521763,False
2646,c:\Users\Jules\Documents\IEES\idmybee\data\images\crop\organized\Bombus_wurflenii\worker\ABAURA8207d_P1.JPG,0.004576390883119152,False
2647,c:\Users\Jules\Documents\IEES\idmybee\data\images\crop\organized\Bombus_wurflenii\worker\ABAURA8207d_P2.JPG,0.004606850386098038,False
2648,c:\Users\Jules\Documents\IEES\idmybee\data\images\crop\organized\Bombus_wurflenii\worker\ABAURA8207d_S1.jpg,0.004578629821924049,False
2649,c:\Users\Jules\Documents\IEES\idmybee\data\images\crop\organized\Bombus_wurflenii\worker\ABAURA8207d_S2.jpg,0.004650175764911602,False
2650,c:\Users\Jules\Documents\IEES\idmybee\data\images\crop\organized\Bombus_wurflenii\worker\ABAURA8207d_S3.jpg,0.004590610899607551,False
2651,c:\Users\Jules\Documents\IEES\idmybee\data\images\crop\organized\Bombus_wurflenii\worker\ABAURA8207e_P1.JPG,0.0044172948231646,False
2652,c:\Users\Jules\Documents\IEES\idmybee\data\images\crop\organized\Bombus_wurflenii\worker\ABAURA8207e_P2.JPG,0.0045099759592349175,False
2653,c:\Users\Jules\Documents\IEES\idmybee\data\images\crop\organized\Bombus_wurflenii\worker\ABAURA8207e_S1.jpg,0.004457424275903472,False
2654,c:\Users\Jules\Documents\IEES\idmybee\data\images\crop\organized\Bombus_wurflenii\worker\ABAURA8207e_S2.jpg,0.004502613756096823,False
2655,c:\Users\Jules\Documents\IEES\idmybee\data\images\crop\organized\Bombus_wurflenii\worker\ABAURA8207e_S3.jpg,0.004376634355668997,False
2656,c:\Users\Jules\Documents\IEES\idmybee\data\images\crop\organized\Bombus_wurflenii\worker\ABAURA8207f_P1.JPG,0.004621539946988411,False
2657,c:\Users\Jules\Documents\IEES\idmybee\data\images\crop\organized\Bombus_wurflenii\worker\ABAURA8207f_P2.JPG,0.004725140192164364,False
2658,c:\Users\Jules\Documents\IEES\idmybee\data\images\crop\organized\Bombus_wurflenii\worker\ABAURA8207f_S1.jpg,0.004678523868797409,False
2659,c:\Users\Jules\Documents\IEES\idmybee\data\images\crop\organized\Bombus_wurflenii\worker\ABAURA8207f_S2.jpg,0.004773945083614148,False
2660,c:\Users\Jules\Documents\IEES\idmybee\data\images\crop\organized\Bombus_wurflenii\worker\ABAURA8207f_S3.jpg,0.004815416289908831,False
2661,c:\Users\Jules\Documents\IEES\idmybee\data\images\crop\organized\Bombus_wurflenii\worker\ABAURA8239d_P1.JPG,0.004377373704535063,False
2662,c:\Users\Jules\Documents\IEES\idmybee\data\images\crop\organized\Bombus_wurflenii\worker\ABAURA8239d_P2.JPG,0.004379530847643761,False
2663,c:\Users\Jules\Documents\IEES\idmybee\data\images\crop\organized\Bombus_wurflenii\worker\ABAURA8239d_S1.jpg,0.004415914549772484,False
2664,c:\Users\Jules\Documents\IEES\idmybee\data\images\crop\organized\Bombus_wurflenii\worker\ABAURA8239d_S2.jpg,0.00441590524833986,False
2665,c:\Users\Jules\Documents\IEES\idmybee\data\images\crop\organized\Bombus_wurflenii\worker\ABAURA8239d_S3.jpg,0.004399881950341465,False
2666,c:\Users\Jules\Documents\IEES\idmybee\data\images\crop\organized\Bombus_wurflenii\worker\ABAURA8526b_P1.JPG,0.004466505383807623,False
2667,c:\Users\Jules\Documents\IEES\idmybee\data\images\crop\organized\Bombus_wurflenii\worker\ABAURA8526b_P2.JPG,0.004454126040338654,False
2668,c:\Users\Jules\Documents\IEES\idmybee\data\images\crop\organized\Bombus_wurflenii\worker\ABAURA8526b_S1.jpg,0.004431247354299236,False
2669,c:\Users\Jules\Documents\IEES\idmybee\data\images\crop\organized\Bombus_wurflenii\worker\ABAURA8526b_S2.jpg,0.0043885092164468115,False
2670,c:\Users\Jules\Documents\IEES\idmybee\data\images\crop\organized\Bombus_wurflenii\worker\ABAURA8526b_S3.jpg,0.004506801052399385,False
2671,c:\Users\Jules\Documents\IEES\idmybee\data\images\crop\organized\Bombus_wurflenii\worker\ABAURA8599_P1.JPG,0.004279462143851383,False
2672,c:\Users\Jules\Documents\IEES\idmybee\data\images\crop\organized\Bombus_wurflenii\worker\ABAURA8599_P2.JPG,0.004299427581786048,False
2673,c:\Users\Jules\Documents\IEES\idmybee\data\images\crop\organized\Bombus_wurflenii\worker\ABAURA8599_S1.jpg,0.004343644995164448,False
2674,c:\Users\Jules\Documents\IEES\idmybee\data\images\crop\organized\Bombus_wurflenii\worker\ABAURA8599_S2.jpg,0.0042261492747348115,False
2675,c:\Users\Jules\Documents\IEES\idmybee\data\images\crop\organized\Bombus_wurflenii\worker\ABAURA8599_S3.jpg,0.004244716517083588,False
2676,c:\Users\Jules\Documents\IEES\idmybee\data\images\crop\organized\Bombus_wurflenii\worker\ABAURA8604_P1.JPG,0.004274731760370556,False
2677,c:\Users\Jules\Documents\IEES\idmybee\data\images\crop\organized\Bombus_wurflenii\worker\ABAURA8604_P2.JPG,0.004284771023641148,False
2678,c:\Users\Jules\Documents\IEES\idmybee\data\images\crop\organized\Bombus_wurflenii\worker\ABAURA8604_S1.jpg,0.004274589226421636,False
2679,c:\Users\Jules\Documents\IEES\idmybee\data\images\crop\organized\Bombus_wurflenii\worker\ABAURA8604_S2.jpg,0.004307389732554692,False
2680,c:\Users\Jules\Documents\IEES\idmybee\data\images\crop\organized\Bombus_wurflenii\worker\ABAURA8604_S3.jpg,0.004301059565254854,False
2681,c:\Users\Jules\Documents\IEES\idmybee\data\images\crop\organized\Bombus_wurflenii\worker\CD388003_P1.JPG,0.004300749054088637,False
2682,c:\Users\Jules\Documents\IEES\idmybee\data\images\crop\organized\Bombus_wurflenii\worker\CD388003_P2.JPG,0.0043255565602719976,False
2683,c:\Users\Jules\Documents\IEES\idmybee\data\images\crop\organized\Bombus_wurflenii\worker\CD388003_S1.jpg,0.004344858755621798,False
2684,c:\Users\Jules\Documents\IEES\idmybee\data\images\crop\organized\Bombus_wurflenii\worker\CD388003_S2.jpg,0.004317536438110723,False
2685,c:\Users\Jules\Documents\IEES\idmybee\data\images\crop\organized\Bombus_wurflenii\worker\CD388003_S3.jpg,0.0043080636789619604,False
2686,c:\Users\Jules\Documents\IEES\idmybee\data\images\crop\organized\Bombus_wurflenii\worker\CD388003b_P1.JPG,0.004316116443446587,False
2687,c:\Users\Jules\Documents\IEES\idmybee\data\images\crop\organized\Bombus_wurflenii\worker\CD388003b_P2.JPG,0.0043233163657308725,False
2688,c:\Users\Jules\Documents\IEES\idmybee\data\images\crop\organized\Bombus_wurflenii\worker\CD388003b_S1.jpg,0.004337367807300473,False
2689,c:\Users\Jules\Documents\IEES\idmybee\data\images\crop\organized\Bombus_wurflenii\worker\CD388003b_S2.jpg,0.004302671850130717,False
2690,c:\Users\Jules\Documents\IEES\idmybee\data\images\crop\organized\Bombus_wurflenii\worker\CD388003b_S3.jpg,0.004234026781295707,False
2691,c:\Users\Jules\Documents\IEES\idmybee\data\images\crop\organized\Bombus_wurflenii\worker\CD388013_P1.JPG,0.004516839914286769,False
2692,c:\Users\Jules\Documents\IEES\idmybee\data\images\crop\organized\Bombus_wurflenii\worker\CD388013_P2.JPG,0.0045159977171941885,False
2693,c:\Users\Jules\Documents\IEES\idmybee\data\images\crop\organized\Bombus_wurflenii\worker\CD388013_S1.jpg,0.004581550179139151,False
2694,c:\Users\Jules\Documents\IEES\idmybee\data\images\crop\organized\Bombus_wurflenii\worker\CD388013_S2.jpg,0.004526561982840977,False
2695,c:\Users\Jules\Documents\IEES\idmybee\data\images\crop\organized\Bombus_wurflenii\worker\CD388013_S3.jpg,0.004620234545040659,False
2696,c:\Users\Jules\Documents\IEES\idmybee\data\images\crop\organized\Bombus_wurflenii\worker\CD388016b_P1.JPG,0.00432483317931234,False
2697,c:\Users\Jules\Documents\IEES\idmybee\data\images\crop\organized\Bombus_wurflenii\worker\CD388016b_P2.JPG,0.004428759188388537,False
2698,c:\Users\Jules\Documents\IEES\idmybee\data\images\crop\organized\Bombus_wurflenii\worker\CD388016b_S1.jpg,0.004440015508796125,False
2699,c:\Users\Jules\Documents\IEES\idmybee\data\images\crop\organized\Bombus_wurflenii\worker\CD388016b_S2.jpg,0.004349104104377979,False
2700,c:\Users\Jules\Documents\IEES\idmybee\data\images\crop\organized\Bombus_wurflenii\worker\CD388016b_S3.jpg,0.004384231569768837,False
2701,c:\Users\Jules\Documents\IEES\idmybee\data\images\crop\organized\Bombus_wurflenii\worker\CD388018d_P1.JPG,0.0044491866476117645,False
2702,c:\Users\Jules\Documents\IEES\idmybee\data\images\crop\organized\Bombus_wurflenii\worker\CD388018d_P2.JPG,0.004459339408463346,False
2703,c:\Users\Jules\Documents\IEES\idmybee\data\images\crop\organized\Bombus_wurflenii\worker\CD388018d_S1.jpg,0.004442139319755484,False
2704,c:\Users\Jules\Documents\IEES\idmybee\data\images\crop\organized\Bombus_wurflenii\worker\CD388018d_S2.jpg,0.004522226279485536,False
2705,c:\Users\Jules\Documents\IEES\idmybee\data\images\crop\organized\Bombus_wurflenii\worker\CD388018d_S3.jpg,0.004492557476763707,False
2706,c:\Users\Jules\Documents\IEES\idmybee\data\images\crop\organized\Bombus_wurflenii\worker\CD388018e_P1.JPG,0.004619524176218932,False
2707,c:\Users\Jules\Documents\IEES\idmybee\data\images\crop\organized\Bombus_wurflenii\worker\CD388018e_P2.JPG,0.004533631781772961,False
2708,c:\Users\Jules\Documents\IEES\idmybee\data\images\crop\organized\Bombus_wurflenii\worker\CD388018e_S1.jpg,0.004536520577591168,False
2709,c:\Users\Jules\Documents\IEES\idmybee\data\images\crop\organized\Bombus_wurflenii\worker\CD388018e_S2.jpg,0.004610221573124668,False
2710,c:\Users\Jules\Documents\IEES\idmybee\data\images\crop\organized\Bombus_wurflenii\worker\CD388018e_S3.jpg,0.0045556066289691634,False
2711,c:\Users\Jules\Documents\IEES\idmybee\data\images\crop\organized\Bombus_wurflenii\worker\CD388391b_P1.JPG,0.004452362736689922,False
2712,c:\Users\Jules\Documents\IEES\idmybee\data\images\crop\organized\Bombus_wurflenii\worker\CD388391b_P2.JPG,0.004396613815324511,False
2713,c:\Users\Jules\Documents\IEES\idmybee\data\images\crop\organized\Bombus_wurflenii\worker\CD388391b_S1.jpg,0.004486216701354593,False
2714,c:\Users\Jules\Documents\IEES\idmybee\data\images\crop\organized\Bombus_wurflenii\worker\CD388391b_S2.jpg,0.004520075592902722,False
2715,c:\Users\Jules\Documents\IEES\idmybee\data\images\crop\organized\Bombus_wurflenii\worker\CD388391b_S3.jpg,0.004585592437952995,False
2716,c:\Users\Jules\Documents\IEES\idmybee\data\images\crop\organized\Bombus_wurflenii\worker\CD388820_P1.JPG,0.004574711810447883,False
2717,c:\Users\Jules\Documents\IEES\idmybee\data\images\crop\organized\Bombus_wurflenii\worker\CD388820_P2.JPG,0.004590377963871363,False
2718,c:\Users\Jules\Documents\IEES\idmybee\data\images\crop\organized\Bombus_wurflenii\worker\CD388820_S1.jpg,0.004539724584723229,False
2719,c:\Users\Jules\Documents\IEES\idmybee\data\images\crop\organized\Bombus_wurflenii\worker\CD388820_S2.jpg,0.004520269412901489,False
2720,c:\Users\Jules\Documents\IEES\idmybee\data\images\crop\organized\Bombus_wurflenii\worker\CD388820_S3.jpg,0.0045681655015633385,False
2721,c:\Users\Jules\Documents\IEES\idmybee\data\images\crop\organized\Bombus_wurflenii\worker\CD388820b_P1.JPG,0.004326863353385789,False
2722,c:\Users\Jules\Documents\IEES\idmybee\data\images\crop\organized\Bombus_wurflenii\worker\CD388820b_P2.JPG,0.004427647463113643,False
2723,c:\Users\Jules\Documents\IEES\idmybee\data\images\crop\organized\Bombus_wurflenii\worker\CD388820b_S1.jpg,0.004286056395241109,False
2724,c:\Users\Jules\Documents\IEES\idmybee\data\images\crop\organized\Bombus_wurflenii\worker\CD388820b_S2.jpg,0.004401681388210827,False
2725,c:\Users\Jules\Documents\IEES\idmybee\data\images\crop\organized\Bombus_wurflenii\worker\CD388820b_S3.jpg,0.004432077712610275,False
2726,c:\Users\Jules\Documents\IEES\idmybee\data\images\crop\organized\Bombus_wurflenii\worker\Znieff_galibier_P1.JPG,0.004464245418189906,False
2727,c:\Users\Jules\Documents\IEES\idmybee\data\images\crop\organized\Bombus_wurflenii\worker\Znieff_galibier_P2.JPG,0.004458265694468929,False
2728,c:\Users\Jules\Documents\IEES\idmybee\data\images\crop\organized\Bombus_wurflenii\worker\Znieff_galibier_S1.jpg,0.004467643607555522,False
2729,c:\Users\Jules\Documents\IEES\idmybee\data\images\crop\organized\Bombus_wurflenii\worker\Znieff_galibier_S2.jpg,0.004499939797897592,False
2730,c:\Users\Jules\Documents\IEES\idmybee\data\images\crop\organized\Bombus_wurflenii\worker\Znieff_galibier_S3.jpg,0.0045173843556405874,False
