tps_id,photo_id,inv_id,image_path,predicted_species,confidence,second_choice,second_confidence,third_choice,third_confidence,true_species,correct_top1,correct_top3
1,,ARLY_0001,/Volumes/EXT DATA/IDMB/derived/Bombus/collection/images/ARLY_0001_S_3.jpg,ruderarius,0.9998426754051094,rupestris,0.0001234208660067859,pyrenaeus,1.8065202553588577e-05,rupestris,False,True
2,,ARLY_0004,/Volumes/EXT DATA/IDMB/derived/Bombus/collection/images/ARLY_0004_S_3.jpg,rupestris,0.9999999999474944,ruderarius,3.0304861856581154e-11,sichelii,1.5584487363774977e-11,rupestris,True,True
3,,ARLY_0004,/Volumes/EXT DATA/IDMB/derived/Bombus/collection/images/ARLY_0004_S_4.jpg,rupestris,0.999999999997365,sichelii,2.211907338444958e-12,lapidarius,4.119302940663398e-13,rupestris,True,True
4,,ARLY_0005,/Volumes/EXT DATA/IDMB/derived/Bombus/collection/images/ARLY_0005_P_1.jpg,rupestris,0.9999998846761748,pomorum,7.092815475409922e-08,ruderarius,2.8810134423766237e-08,rupestris,True,True
5,,ARLY_0005,/Volumes/EXT DATA/IDMB/derived/Bombus/collection/images/ARLY_0005_P_2.jpg,rupestris,0.9999999999698266,sichelii,2.216900977021431e-11,ruderarius,6.871997722473806e-12,rupestris,True,True
6,,ARLY_0005,/Volumes/EXT DATA/IDMB/derived/Bombus/collection/images/ARLY_0005_S_2.jpg,rupestris,0.9999997981017571,sichelii,1.8448697300154704e-07,monticola,6.420032278346502e-09,rupestris,True,True
7,,ARLY_0006,/Volumes/EXT DATA/IDMB/derived/Bombus/collection/images/ARLY_0006_P_1.jpg,rupestris,0.9999999643064429,sichelii,2.0811028008406934e-08,lapidarius,1.4877675384462271e-08,rupestris,True,True
8,,ARLY_0006,/Volumes/EXT DATA/IDMB/derived/Bombus/collection/images/ARLY_0006_P_2.jpg,rupestris,0.9999999986302579,lapidarius,9.158583478799324e-10,sichelii,4.538581132360762e-10,rupestris,True,True
9,,ARLY_0006,/Volumes/EXT DATA/IDMB/derived/Bombus/collection/images/ARLY_0006_P_3.jpg,rupestris,0.9999999792708807,lapidarius,1.5104107535243225e-08,sichelii,5.616997765472148e-09,rupestris,True,True
10,,ARLY_0006,/Volumes/EXT DATA/IDMB/derived/Bombus/collection/images/ARLY_0006_S_1.jpg,rupestris,0.999999993256762,sichelii,5.247178869633401e-09,lapidarius,1.4958271245871125e-09,rupestris,True,True
11,,ARLY_0006,/Volumes/EXT DATA/IDMB/derived/Bombus/collection/images/ARLY_0006_S_2.jpg,rupestris,0.9999999998217699,sichelii,1.482054769008786e-10,lapidarius,3.002109717212641e-11,rupestris,True,True
12,,ARLY_0006,/Volumes/EXT DATA/IDMB/derived/Bombus/collection/images/ARLY_0006_S_3.jpg,rupestris,0.9999999639351889,sichelii,3.204476025259264e-08,lapidarius,3.874938757963174e-09,rupestris,True,True
13,,ARLY_0007,/Volumes/EXT DATA/IDMB/derived/Bombus/collection/images/ARLY_0007_P_1.jpg,rupestris,0.9999999912024401,wurflenii,4.509306613747523e-09,sichelii,3.751504343832346e-09,rupestris,True,True
14,,ARLY_0007,/Volumes/EXT DATA/IDMB/derived/Bombus/collection/images/ARLY_0007_P_2.jpg,rupestris,0.9999990423659553,wurflenii,9.286268705558404e-07,sichelii,2.382303524866891e-08,rupestris,True,True
15,,ARLY_0007,/Volumes/EXT DATA/IDMB/derived/Bombus/collection/images/ARLY_0007_P_3.jpg,rupestris,0.9999999630380185,wurflenii,1.9680169049113646e-08,ruderarius,1.011181723436097e-08,rupestris,True,True
16,,ARLY_0007,/Volumes/EXT DATA/IDMB/derived/Bombus/collection/images/ARLY_0007_S_1.jpg,rupestris,0.9999999933137096,wurflenii,6.505255971748974e-09,sichelii,1.6691358204641032e-10,rupestris,True,True
17,,ARLY_0007,/Volumes/EXT DATA/IDMB/derived/Bombus/collection/images/ARLY_0007_S_2.jpg,rupestris,0.9999999919198844,sichelii,5.413397676321145e-09,wurflenii,2.6549451123021683e-09,rupestris,True,True
18,,ARLY_0008,/Volumes/EXT DATA/IDMB/derived/Bombus/collection/images/ARLY_0008_P_1.jpg,rupestris,0.9997761068790733,wurflenii,0.00021450381645124022,sichelii,9.297192809687188e-06,rupestris,True,True
19,,ARLY_0008,/Volumes/EXT DATA/IDMB/derived/Bombus/collection/images/ARLY_0008_P_2.jpg,rupestris,0.9998388005041424,wurflenii,0.00015582766757902416,sichelii,5.205839815210106e-06,rupestris,True,True
20,,ARLY_0008,/Volumes/EXT DATA/IDMB/derived/Bombus/collection/images/ARLY_0008_P_3.jpg,rupestris,0.9998159354249271,wurflenii,9.793811450452352e-05,sichelii,8.47230883132665e-05,rupestris,True,True
21,,ARLY_0008,/Volumes/EXT DATA/IDMB/derived/Bombus/collection/images/ARLY_0008_S_1.jpg,rupestris,0.9999998933000759,wurflenii,6.383691801741219e-08,sichelii,4.0895578749410477e-08,rupestris,True,True
22,,ARLY_0008,/Volumes/EXT DATA/IDMB/derived/Bombus/collection/images/ARLY_0008_S_2.jpg,rupestris,0.9999938514236485,sichelii,4.2319515157974306e-06,wurflenii,1.8692694250885245e-06,rupestris,True,True
23,,ARLY_0008,/Volumes/EXT DATA/IDMB/derived/Bombus/collection/images/ARLY_0008_S_3.jpg,rupestris,0.9999992240034243,wurflenii,4.947031238827512e-07,sichelii,2.752068922941443e-07,rupestris,True,True
24,,ARLY_0009,/Volumes/EXT DATA/IDMB/derived/Bombus/collection/images/ARLY_0009_P_1.jpg,rupestris,0.9999999999999993,sichelii,6.75409813800513e-16,lapidarius,4.637951376396735e-19,rupestris,True,True
25,,ARLY_0009,/Volumes/EXT DATA/IDMB/derived/Bombus/collection/images/ARLY_0009_P_2.jpg,rupestris,0.9999999999999833,sichelii,1.6666228766933974e-14,lapidarius,3.5401202581967935e-17,rupestris,True,True
26,,ARLY_0009,/Volumes/EXT DATA/IDMB/derived/Bombus/collection/images/ARLY_0009_P_3.jpg,rupestris,0.9999999999999989,sichelii,1.0194633076909331e-15,ruderarius,2.999277482633582e-18,rupestris,True,True
27,,ARLY_0009,/Volumes/EXT DATA/IDMB/derived/Bombus/collection/images/ARLY_0009_S_1.jpg,rupestris,0.9999999999999967,sichelii,3.301481190357034e-15,lapidarius,8.52881499375814e-19,rupestris,True,True
28,,ARLY_0009,/Volumes/EXT DATA/IDMB/derived/Bombus/collection/images/ARLY_0009_S_2.jpg,rupestris,0.9999999999999567,sichelii,4.340496646750392e-14,lapidarius,2.4617271536762527e-17,rupestris,True,True
29,,ARLY_0009,/Volumes/EXT DATA/IDMB/derived/Bombus/collection/images/ARLY_0009_S_3.jpg,rupestris,0.9999999999993017,sichelii,6.984131608394818e-13,lapidarius,8.309443719808914e-17,rupestris,True,True
30,,ARLY_0010,/Volumes/EXT DATA/IDMB/derived/Bombus/collection/images/ARLY_0010_P_1.jpg,rupestris,0.9999999983818524,sichelii,1.5093179153552795e-09,lapidarius,1.0856042192352402e-10,rupestris,True,True
31,,ARLY_0010,/Volumes/EXT DATA/IDMB/derived/Bombus/collection/images/ARLY_0010_P_2.jpg,rupestris,0.9999999993318485,sichelii,6.528599253674695e-10,lapidarius,1.2318697006170397e-11,rupestris,True,True
32,,ARLY_0010,/Volumes/EXT DATA/IDMB/derived/Bombus/collection/images/ARLY_0010_P_3.jpg,rupestris,0.9999999999953859,sichelii,3.371645270717427e-12,lapidarius,1.2136096801147052e-12,rupestris,True,True
33,,ARLY_0010,/Volumes/EXT DATA/IDMB/derived/Bombus/collection/images/ARLY_0010_S_1.jpg,rupestris,0.9999999999688931,sichelii,2.988223593270782e-11,lapidarius,1.1931968034224915e-12,rupestris,True,True
34,,ARLY_0010,/Volumes/EXT DATA/IDMB/derived/Bombus/collection/images/ARLY_0010_S_2.jpg,rupestris,0.9999999999432243,sichelii,5.436404536006301e-11,lapidarius,2.410772507033399e-12,rupestris,True,True
35,,ARLY_0010,/Volumes/EXT DATA/IDMB/derived/Bombus/collection/images/ARLY_0010_S_3.jpg,rupestris,0.9999999999998643,sichelii,1.2955118278456866e-13,lapidarius,6.152674152635792e-15,rupestris,True,True
36,,ARLY_0011,/Volumes/EXT DATA/IDMB/derived/Bombus/collection/images/ARLY_0011_P_1.jpg,rupestris,0.9999999918815575,sichelii,6.9997403155126935e-09,wurflenii,5.592279788400189e-10,rupestris,True,True
37,,ARLY_0011,/Volumes/EXT DATA/IDMB/derived/Bombus/collection/images/ARLY_0011_P_2.jpg,rupestris,0.9999999924171498,sichelii,6.040462909198295e-09,wurflenii,1.0450380013963377e-09,rupestris,True,True
38,,ARLY_0011,/Volumes/EXT DATA/IDMB/derived/Bombus/collection/images/ARLY_0011_P_3.jpg,rupestris,0.9999999999642091,sichelii,2.2064828794787995e-11,lapidarius,1.3349624733750014e-11,rupestris,True,True
39,,ARLY_0011,/Volumes/EXT DATA/IDMB/derived/Bombus/collection/images/ARLY_0011_S_1.jpg,rupestris,0.9999999774431615,sichelii,1.9978848634948587e-08,lapidarius,2.382496215867802e-09,rupestris,True,True
40,,ARLY_0011,/Volumes/EXT DATA/IDMB/derived/Bombus/collection/images/ARLY_0011_S_2.jpg,rupestris,0.9999999944831401,sichelii,5.426655020603098e-09,wurflenii,4.565535032687775e-11,rupestris,True,True
41,,ARLY_0011,/Volumes/EXT DATA/IDMB/derived/Bombus/collection/images/ARLY_0011_S_3.jpg,rupestris,0.9999999996519882,sichelii,2.9871072439803417e-10,lapidarius,4.65732650957532e-11,rupestris,True,True
42,,ARLY_0012,/Volumes/EXT DATA/IDMB/derived/Bombus/collection/images/ARLY_0012_P_1.jpg,rupestris,1.0,sichelii,6.340933810428635e-19,lapidarius,4.321469347007441e-20,rupestris,True,True
43,,ARLY_0012,/Volumes/EXT DATA/IDMB/derived/Bombus/collection/images/ARLY_0012_P_2.jpg,rupestris,1.0,sichelii,5.960779417925338e-21,lapidarius,6.521392621379443e-23,rupestris,True,True
44,,ARLY_0012,/Volumes/EXT DATA/IDMB/derived/Bombus/collection/images/ARLY_0012_P_3.jpg,rupestris,1.0,sichelii,9.800209154580832e-20,lapidarius,1.3741072041559804e-20,rupestris,True,True
45,,ARLY_0012,/Volumes/EXT DATA/IDMB/derived/Bombus/collection/images/ARLY_0012_S_1.jpg,rupestris,1.0,sichelii,3.287691462642606e-19,lapidarius,2.635956296738063e-20,rupestris,True,True
46,,ARLY_0012,/Volumes/EXT DATA/IDMB/derived/Bombus/collection/images/ARLY_0012_S_2.jpg,rupestris,1.0,sichelii,5.878305973197203e-19,lapidarius,3.193513783180763e-20,rupestris,True,True
47,,ARLY_0012,/Volumes/EXT DATA/IDMB/derived/Bombus/collection/images/ARLY_0012_S_3.jpg,rupestris,1.0,sichelii,9.694330504913625e-20,lapidarius,6.256281402964335e-21,rupestris,True,True
48,,ARLY_0013,/Volumes/EXT DATA/IDMB/derived/Bombus/collection/images/ARLY_0013_P_1.jpg,rupestris,0.9999999999999798,sichelii,2.0194081717172846e-14,wurflenii,4.12434566483948e-18,rupestris,True,True
49,,ARLY_0013,/Volumes/EXT DATA/IDMB/derived/Bombus/collection/images/ARLY_0013_P_2.jpg,rupestris,0.9999999999999458,sichelii,5.1857286015067397e-14,wurflenii,2.192241687356613e-15,rupestris,True,True
50,,ARLY_0013,/Volumes/EXT DATA/IDMB/derived/Bombus/collection/images/ARLY_0013_P_3.jpg,rupestris,0.9999999999999427,sichelii,5.5207150130495505e-14,wurflenii,1.949722226751373e-15,rupestris,True,True
51,,ARLY_0013,/Volumes/EXT DATA/IDMB/derived/Bombus/collection/images/ARLY_0013_S_1.jpg,rupestris,0.9999999999966003,sichelii,3.3672023210708595e-12,wurflenii,3.244031580050653e-14,rupestris,True,True
52,,ARLY_0013,/Volumes/EXT DATA/IDMB/derived/Bombus/collection/images/ARLY_0013_S_3.jpg,rupestris,0.9999999999914695,sichelii,8.46703756658677e-12,wurflenii,6.329417668823471e-14,rupestris,True,True
53,,ARLY_0014,/Volumes/EXT DATA/IDMB/derived/Bombus/collection/images/ARLY_0014_P_1.jpg,rupestris,0.9999999994003914,lapidarius,5.645401134838981e-10,sichelii,3.4899231043357433e-11,rupestris,True,True
54,,ARLY_0014,/Volumes/EXT DATA/IDMB/derived/Bombus/collection/images/ARLY_0014_P_2.jpg,rupestris,0.9999999997962101,sichelii,1.491632624894306e-10,lapidarius,5.4345340694939813e-11,rupestris,True,True
55,,ARLY_0014,/Volumes/EXT DATA/IDMB/derived/Bombus/collection/images/ARLY_0014_P_3.jpg,rupestris,0.999999999997127,sichelii,1.9982938519085942e-12,lapidarius,8.730944187308241e-13,rupestris,True,True
56,,ARLY_0014,/Volumes/EXT DATA/IDMB/derived/Bombus/collection/images/ARLY_0014_S_1.jpg,rupestris,0.9999999971113731,lapidarius,2.6661867206044123e-09,sichelii,2.224242840638873e-10,rupestris,True,True
57,,ARLY_0014,/Volumes/EXT DATA/IDMB/derived/Bombus/collection/images/ARLY_0014_S_2.jpg,rupestris,0.999999999491445,lapidarius,2.6802199873770216e-10,sichelii,2.403782815525757e-10,rupestris,True,True
58,,ARLY_0014,/Volumes/EXT DATA/IDMB/derived/Bombus/collection/images/ARLY_0014_S_3.jpg,rupestris,0.9999999999990552,sichelii,8.156948335532441e-13,lapidarius,1.2903779436887866e-13,rupestris,True,True
59,,ARLY_0015,/Volumes/EXT DATA/IDMB/derived/Bombus/collection/images/ARLY_0015_P_1.jpg,rupestris,0.9999999999999998,sichelii,1.4146291607831796e-16,ruderarius,8.173446127228302e-18,rupestris,True,True
60,,ARLY_0015,/Volumes/EXT DATA/IDMB/derived/Bombus/collection/images/ARLY_0015_P_2.jpg,rupestris,1.0,sichelii,3.620510243305196e-18,ruderarius,1.9211402516870923e-19,rupestris,True,True
61,,ARLY_0015,/Volumes/EXT DATA/IDMB/derived/Bombus/collection/images/ARLY_0015_P_3.jpg,rupestris,0.9999999999999996,sichelii,5.168533175846125e-16,lapidarius,2.247889489425432e-19,rupestris,True,True
62,,ARLY_0015,/Volumes/EXT DATA/IDMB/derived/Bombus/collection/images/ARLY_0015_S_1.jpg,rupestris,1.0,sichelii,2.541428658273124e-17,wurflenii,1.196298186252081e-19,rupestris,True,True
63,,ARLY_0015,/Volumes/EXT DATA/IDMB/derived/Bombus/collection/images/ARLY_0015_S_2.jpg,rupestris,1.0,ruderarius,9.725652441624595e-18,sichelii,5.6985963565077876e-18,rupestris,True,True
64,,ARLY_0015,/Volumes/EXT DATA/IDMB/derived/Bombus/collection/images/ARLY_0015_S_3.jpg,rupestris,0.9999999999999998,sichelii,1.3231650748973742e-16,ruderarius,9.214578208295725e-18,rupestris,True,True
65,,ARLY_0028,/Volumes/EXT DATA/IDMB/derived/Bombus/collection/images/ARLY_0028_P_1.jpg,rupestris,0.999999999865522,sichelii,9.482936891368487e-11,pomorum,3.885269274051454e-11,rupestris,True,True
66,,ARLY_0028,/Volumes/EXT DATA/IDMB/derived/Bombus/collection/images/ARLY_0028_P_2.jpg,rupestris,0.9999999995224762,sichelii,4.738577952101131e-10,pomorum,2.796409129243341e-12,rupestris,True,True
67,,ARLY_0028,/Volumes/EXT DATA/IDMB/derived/Bombus/collection/images/ARLY_0028_P_3.jpg,rupestris,0.9999999999866058,sichelii,9.196365885392551e-12,pomorum,4.117116027967155e-12,rupestris,True,True
68,,ARLY_0028,/Volumes/EXT DATA/IDMB/derived/Bombus/collection/images/ARLY_0028_S_1.jpg,rupestris,0.9999999999978062,sichelii,2.18818206254274e-12,pomorum,3.9495591707329776e-15,rupestris,True,True
69,,ARLY_0028,/Volumes/EXT DATA/IDMB/derived/Bombus/collection/images/ARLY_0028_S_2.jpg,rupestris,0.9999999999984153,sichelii,1.5721012989150533e-12,lapidarius,8.642039912433775e-15,rupestris,True,True
70,,ARLY_0028,/Volumes/EXT DATA/IDMB/derived/Bombus/collection/images/ARLY_0028_S_3.jpg,rupestris,0.9999999999968787,sichelii,1.9523907584303283e-12,pomorum,7.190823050017175e-13,rupestris,True,True
71,,ARLY_0029,/Volumes/EXT DATA/IDMB/derived/Bombus/collection/images/ARLY_0029_P_1.jpg,rupestris,0.9999999999797338,sichelii,2.0044248919209182e-11,lapidarius,2.2200738661168197e-13,rupestris,True,True
72,,ARLY_0029,/Volumes/EXT DATA/IDMB/derived/Bombus/collection/images/ARLY_0029_P_2.jpg,rupestris,0.99999999993723,sichelii,6.129732278652509e-11,lapidarius,1.4610260810576834e-12,rupestris,True,True
73,,ARLY_0029,/Volumes/EXT DATA/IDMB/derived/Bombus/collection/images/ARLY_0029_P_3.jpg,rupestris,0.9999999997480249,sichelii,2.3904922307596505e-10,lapidarius,1.2883197650938832e-11,rupestris,True,True
74,,ARLY_0029,/Volumes/EXT DATA/IDMB/derived/Bombus/collection/images/ARLY_0029_S_1.jpg,rupestris,0.9999999992290445,sichelii,7.661106352466817e-10,lapidarius,4.6825537172370014e-12,rupestris,True,True
75,,ARLY_0029,/Volumes/EXT DATA/IDMB/derived/Bombus/collection/images/ARLY_0029_S_2.jpg,rupestris,0.9999999973570746,sichelii,2.5490781686271304e-09,lapidarius,9.174549816734946e-11,rupestris,True,True
76,,ARLY_0029,/Volumes/EXT DATA/IDMB/derived/Bombus/collection/images/ARLY_0029_S_3.jpg,rupestris,0.9999999995194762,sichelii,4.693864564429483e-10,lapidarius,1.0325680335871006e-11,rupestris,True,True
77,,ARLY_0036,/Volumes/EXT DATA/IDMB/derived/Bombus/collection/images/ARLY_0036_P_1.jpg,rupestris,0.9999999954837375,sichelii,4.263907728547966e-09,lapidarius,1.6634560752321904e-10,rupestris,True,True
78,,ARLY_0036,/Volumes/EXT DATA/IDMB/derived/Bombus/collection/images/ARLY_0036_P_2.jpg,rupestris,0.9999999994172049,sichelii,5.122951612954308e-10,wurflenii,5.450477070379855e-11,rupestris,True,True
79,,ARLY_0036,/Volumes/EXT DATA/IDMB/derived/Bombus/collection/images/ARLY_0036_P_3.jpg,rupestris,0.9999999966747837,sichelii,2.608199130947668e-09,lapidarius,7.082010652159919e-10,rupestris,True,True
80,,ARLY_0036,/Volumes/EXT DATA/IDMB/derived/Bombus/collection/images/ARLY_0036_S_1.jpg,rupestris,0.9999999924042736,sichelii,7.2694491967951984e-09,lapidarius,3.064154324494793e-10,rupestris,True,True
81,,ARLY_0036,/Volumes/EXT DATA/IDMB/derived/Bombus/collection/images/ARLY_0036_S_2.jpg,rupestris,0.9999999973011531,sichelii,2.1755548683938117e-09,lapidarius,5.128068301062875e-10,rupestris,True,True
82,,ARLY_0036,/Volumes/EXT DATA/IDMB/derived/Bombus/collection/images/ARLY_0036_S_3.jpg,rupestris,0.9999998109035759,sichelii,1.431540983153207e-07,lapidarius,4.5723240639877404e-08,rupestris,True,True
83,,ARLY_0037,/Volumes/EXT DATA/IDMB/derived/Bombus/collection/images/ARLY_0037_P_1.jpg,rupestris,0.9999999994157105,sichelii,5.59574172978435e-10,lapidarius,2.432890524823313e-11,rupestris,True,True
84,,ARLY_0037,/Volumes/EXT DATA/IDMB/derived/Bombus/collection/images/ARLY_0037_P_2.jpg,rupestris,0.9999999998843001,sichelii,8.818243159090878e-11,lapidarius,1.9915029910680496e-11,rupestris,True,True
85,,ARLY_0037,/Volumes/EXT DATA/IDMB/derived/Bombus/collection/images/ARLY_0037_P_3.jpg,rupestris,0.9999997277116579,sichelii,2.5763530578273085e-07,lapidarius,1.4583029048131499e-08,rupestris,True,True
86,,ARLY_0037,/Volumes/EXT DATA/IDMB/derived/Bombus/collection/images/ARLY_0037_S_1.jpg,rupestris,0.9999998990981243,sichelii,9.658883504008242e-08,lapidarius,4.222830926427478e-09,rupestris,True,True
87,,ARLY_0037,/Volumes/EXT DATA/IDMB/derived/Bombus/collection/images/ARLY_0037_S_2.jpg,rupestris,0.9999998447272845,sichelii,8.091901998996441e-08,lapidarius,6.696977361645459e-08,rupestris,True,True
88,,ARLY_0037,/Volumes/EXT DATA/IDMB/derived/Bombus/collection/images/ARLY_0037_S_3.jpg,rupestris,0.9999999991941442,lapidarius,4.506762504000236e-10,sichelii,3.5514556431947065e-10,rupestris,True,True
89,,ARLY_0049,/Volumes/EXT DATA/IDMB/derived/Bombus/collection/images/ARLY_0049_P_1.jpg,pratorum,0.9999996448341317,pyrenaeus,3.437533019666338e-07,ruderarius,4.25701785118504e-09,lucorum,False,False
90,,ARLY_0049,/Volumes/EXT DATA/IDMB/derived/Bombus/collection/images/ARLY_0049_P_2.jpg,pratorum,0.9999963966084069,pyrenaeus,3.5946937379302824e-06,sylvarum,5.0700577558453614e-09,lucorum,False,False
91,,ARLY_0049,/Volumes/EXT DATA/IDMB/derived/Bombus/collection/images/ARLY_0049_S_1.jpg,pratorum,0.9999905668203775,pyrenaeus,6.253482485810883e-06,sylvarum,2.6764778223242336e-06,lucorum,False,False
92,,ARLY_0049,/Volumes/EXT DATA/IDMB/derived/Bombus/collection/images/ARLY_0049_S_2.jpg,pratorum,0.9999960147458945,pyrenaeus,2.5069417492786745e-06,lapidarius,9.221236095886401e-07,lucorum,False,False
93,,ARLY_0049,/Volumes/EXT DATA/IDMB/derived/Bombus/collection/images/ARLY_0049_S_3.jpg,pratorum,0.99986331904652,pyrenaeus,0.00013298508010218662,sichelii,1.1676170589225109e-06,lucorum,False,False
94,,ARLY_0054,/Volumes/EXT DATA/IDMB/derived/Bombus/collection/images/ARLY_0054_S_3.jpg,monticola,0.9696329951884295,soroeensis,0.025800289397151482,sichelii,0.0037579639719135787,rupestris,False,False
95,,ARLY_PRAT_0001,/Volumes/EXT DATA/IDMB/derived/Bombus/collection/images/ARLY_PRAT_0001_P_1.jpg,pratorum,0.9987703848349759,soroeensis,0.0012082410012358837,pyrenaeus,1.9238724462046456e-05,pratorum,True,True
96,,ARLY_PRAT_0001,/Volumes/EXT DATA/IDMB/derived/Bombus/collection/images/ARLY_PRAT_0001_P_2.jpg,pratorum,0.9996589278387564,soroeensis,0.00033387221619826207,pyrenaeus,7.048388582042657e-06,pratorum,True,True
97,,ARLY_PRAT_0001,/Volumes/EXT DATA/IDMB/derived/Bombus/collection/images/ARLY_PRAT_0001_S_1.jpg,pratorum,0.9997285741193286,soroeensis,0.0002712271219859364,pyrenaeus,1.9163458798686884e-07,pratorum,True,True
98,,ARLY_PRAT_0001,/Volumes/EXT DATA/IDMB/derived/Bombus/collection/images/ARLY_PRAT_0001_S_2.jpg,pratorum,0.9999636234531357,soroeensis,3.613669207181906e-05,pyrenaeus,2.1278209733470818e-07,pratorum,True,True
99,,ARLY_PRAT_0001,/Volumes/EXT DATA/IDMB/derived/Bombus/collection/images/ARLY_PRAT_0001_S_3.jpg,pratorum,0.9995632142605718,soroeensis,0.0004360527733842009,lucorum,4.706775592985693e-07,pratorum,True,True
100,,ARLY_PRAT_0002,/Volumes/EXT DATA/IDMB/derived/Bombus/collection/images/ARLY_PRAT_0002_P_1.jpg,monticola,0.9985706639939037,pyrenaeus,0.001397493763142482,soroeensis,3.156178768204682e-05,monticola,True,True
101,,ARLY_PRAT_0002,/Volumes/EXT DATA/IDMB/derived/Bombus/collection/images/ARLY_PRAT_0002_P_2.jpg,monticola,0.9971479261863677,pyrenaeus,0.0025273695651363247,soroeensis,0.0003240837850844425,monticola,True,True
102,,ARLY_PRAT_0002,/Volumes/EXT DATA/IDMB/derived/Bombus/collection/images/ARLY_PRAT_0002_S_1.jpg,monticola,0.9996769251651579,pyrenaeus,0.00023147301252540397,soroeensis,9.157933979413056e-05,monticola,True,True
103,,ARLY_PRAT_0002,/Volumes/EXT DATA/IDMB/derived/Bombus/collection/images/ARLY_PRAT_0002_S_2.jpg,monticola,0.9991903164779679,pyrenaeus,0.0007417305032985206,soroeensis,6.317523450290279e-05,monticola,True,True
104,,ARLY_PRAT_0002,/Volumes/EXT DATA/IDMB/derived/Bombus/collection/images/ARLY_PRAT_0002_S_3.jpg,monticola,0.9991992689650449,pyrenaeus,0.0007076741195393991,soroeensis,9.206958527269018e-05,monticola,True,True
105,,ARLY_PRAT_0003,/Volumes/EXT DATA/IDMB/derived/Bombus/collection/images/ARLY_PRAT_0003_P_1.jpg,pratorum,0.9999919125667177,soroeensis,7.957621766174492e-06,pyrenaeus,1.27288158911337e-07,pratorum,True,True
106,,ARLY_PRAT_0003,/Volumes/EXT DATA/IDMB/derived/Bombus/collection/images/ARLY_PRAT_0003_S_1.jpg,pratorum,0.9982032469299257,soroeensis,0.0017360911031477583,pyrenaeus,3.9184791103731036e-05,pratorum,True,True
107,,ARLY_PRAT_0003,/Volumes/EXT DATA/IDMB/derived/Bombus/collection/images/ARLY_PRAT_0003_S_2.jpg,pratorum,0.9999896397526239,soroeensis,7.092275665277076e-06,wurflenii,1.8313341219125058e-06,pratorum,True,True
108,,ARLY_PRAT_0003,/Volumes/EXT DATA/IDMB/derived/Bombus/collection/images/ARLY_PRAT_0003_S_3.jpg,pratorum,0.9998769723013213,soroeensis,0.00012062413803892697,wurflenii,1.1931095979499674e-06,pratorum,True,True
109,,ARLY_PRAT_0004,/Volumes/EXT DATA/IDMB/derived/Bombus/collection/images/ARLY_PRAT_0004_P_1.jpg,pratorum,0.9701079536334357,pyrenaeus,0.02958457563546684,monticola,0.00025220620622982916,pratorum,True,True
110,,ARLY_PRAT_0004,/Volumes/EXT DATA/IDMB/derived/Bombus/collection/images/ARLY_PRAT_0004_P_2.jpg,pratorum,0.9958266218105777,pyrenaeus,0.0036609815829562633,soroeensis,0.00028193399448526736,pratorum,True,True
111,,ARLY_PRAT_0004,/Volumes/EXT DATA/IDMB/derived/Bombus/collection/images/ARLY_PRAT_0004_S_1.jpg,pratorum,0.873252338160022,pyrenaeus,0.09017837874948935,soroeensis,0.028269088860820035,pratorum,True,True
112,,ARLY_PRAT_0004,/Volumes/EXT DATA/IDMB/derived/Bombus/collection/images/ARLY_PRAT_0004_S_2.jpg,pratorum,0.9342068465252068,pyrenaeus,0.062039271984542364,soroeensis,0.003602806399909156,pratorum,True,True
113,,ARLY_PRAT_0004,/Volumes/EXT DATA/IDMB/derived/Bombus/collection/images/ARLY_PRAT_0004_S_3.jpg,pratorum,0.9843546394073256,pyrenaeus,0.01515445421282863,soroeensis,0.00035537559520039,pratorum,True,True
114,,ARLY_PRAT_0005,/Volumes/EXT DATA/IDMB/derived/Bombus/collection/images/ARLY_PRAT_0005_P_1.jpg,pratorum,0.9993842440448564,pyrenaeus,0.0005089588214699855,monticola,0.0001020651334400873,pratorum,True,True
115,,ARLY_PRAT_0005,/Volumes/EXT DATA/IDMB/derived/Bombus/collection/images/ARLY_PRAT_0005_P_2.jpg,pratorum,0.929604045329498,pyrenaeus,0.056630999233999266,monticola,0.009650565765561813,pratorum,True,True
116,,ARLY_PRAT_0005,/Volumes/EXT DATA/IDMB/derived/Bombus/collection/images/ARLY_PRAT_0005_S_1.jpg,pratorum,0.9903352813511284,pyrenaeus,0.009617927829691243,monticola,3.60653884505815e-05,pratorum,True,True
117,,ARLY_PRAT_0005,/Volumes/EXT DATA/IDMB/derived/Bombus/collection/images/ARLY_PRAT_0005_S_2.jpg,pratorum,0.9851246264246213,pyrenaeus,0.014831938988748813,pomorum,3.508116824247282e-05,pratorum,True,True
118,,ARLY_PRAT_0005,/Volumes/EXT DATA/IDMB/derived/Bombus/collection/images/ARLY_PRAT_0005_S_3.jpg,pyrenaeus,0.7355325222437913,pratorum,0.2637138094058194,monticola,0.000665930752806149,pratorum,False,True
119,,ARLY_PRAT_0006,/Volumes/EXT DATA/IDMB/derived/Bombus/collection/images/ARLY_PRAT_0006_P_1.jpg,pratorum,0.9999514261531248,soroeensis,3.243573495130643e-05,lucorum,7.1887338034558174e-06,pratorum,True,True
120,,ARLY_PRAT_0006,/Volumes/EXT DATA/IDMB/derived/Bombus/collection/images/ARLY_PRAT_0006_P_2.jpg,pratorum,0.9999638564268892,soroeensis,3.4973237193862e-05,pyrenaeus,5.555188515456622e-07,pratorum,True,True
121,,ARLY_PRAT_0006,/Volumes/EXT DATA/IDMB/derived/Bombus/collection/images/ARLY_PRAT_0006_S_2.jpg,pratorum,0.9999514513780222,soroeensis,4.006527468081634e-05,lucorum,7.720342158019347e-06,pratorum,True,True
122,,ARLY_PRAT_0006,/Volumes/EXT DATA/IDMB/derived/Bombus/collection/images/ARLY_PRAT_0006_S_3.jpg,pratorum,0.9998312085437239,soroeensis,0.00014821253422266008,lucorum,1.949634545618049e-05,pratorum,True,True
123,,ARLY_PRAT_0007,/Volumes/EXT DATA/IDMB/derived/Bombus/collection/images/ARLY_PRAT_0007_P_1.jpg,pratorum,0.9999977942782752,soroeensis,1.751088722608596e-06,pyrenaeus,4.0323223792171474e-07,pratorum,True,True
124,,ARLY_PRAT_0007,/Volumes/EXT DATA/IDMB/derived/Bombus/collection/images/ARLY_PRAT_0007_P_2.jpg,pratorum,0.9999993308964826,soroeensis,3.402779135275267e-07,pyrenaeus,3.241498322933724e-07,pratorum,True,True
125,,ARLY_PRAT_0007,/Volumes/EXT DATA/IDMB/derived/Bombus/collection/images/ARLY_PRAT_0007_S_1.jpg,pratorum,0.9999940307670498,pyrenaeus,3.4893174937913956e-06,soroeensis,2.4457139785515186e-06,pratorum,True,True
126,,ARLY_PRAT_0007,/Volumes/EXT DATA/IDMB/derived/Bombus/collection/images/ARLY_PRAT_0007_S_2.jpg,pratorum,0.9999985128685618,pyrenaeus,1.1977179198883128e-06,soroeensis,2.2459820465248828e-07,pratorum,True,True
127,,ARLY_PRAT_0007,/Volumes/EXT DATA/IDMB/derived/Bombus/collection/images/ARLY_PRAT_0007_S_3.jpg,pratorum,0.9999592554373283,soroeensis,3.9115713448556114e-05,wurflenii,1.0072738033017365e-06,pratorum,True,True
128,,ARLY_PRAT_0008,/Volumes/EXT DATA/IDMB/derived/Bombus/collection/images/ARLY_PRAT_0008_P_1.jpg,pratorum,0.9999579598972167,pyrenaeus,4.1997132866492695e-05,soroeensis,3.999063034908249e-08,pratorum,True,True
129,,ARLY_PRAT_0008,/Volumes/EXT DATA/IDMB/derived/Bombus/collection/images/ARLY_PRAT_0008_P_2.jpg,pratorum,0.9999866057542064,pyrenaeus,1.3380180617662676e-05,soroeensis,1.2808669492361855e-08,pratorum,True,True
130,,ARLY_PRAT_0008,/Volumes/EXT DATA/IDMB/derived/Bombus/collection/images/ARLY_PRAT_0008_S_2.jpg,pratorum,0.9999749480544955,pyrenaeus,2.4259011429322813e-05,soroeensis,7.639910022434205e-07,pratorum,True,True
131,,ARLY_PRAT_0008,/Volumes/EXT DATA/IDMB/derived/Bombus/collection/images/ARLY_PRAT_0008_S_3.jpg,pratorum,0.9999551326700029,pyrenaeus,4.459676765640138e-05,soroeensis,1.8766606104050775e-07,pratorum,True,True
132,,ARLY_PRAT_0009,/Volumes/EXT DATA/IDMB/derived/Bombus/collection/images/ARLY_PRAT_0009_P_1.jpg,pratorum,0.9999941838456101,soroeensis,5.4068988968535645e-06,lucorum,1.8304813157134602e-07,pratorum,True,True
133,,ARLY_PRAT_0009,/Volumes/EXT DATA/IDMB/derived/Bombus/collection/images/ARLY_PRAT_0009_P_2.jpg,pratorum,0.9999618036191337,soroeensis,2.9169904058108436e-05,pyrenaeus,7.050646481804742e-06,pratorum,True,True
134,,ARLY_PRAT_0009,/Volumes/EXT DATA/IDMB/derived/Bombus/collection/images/ARLY_PRAT_0009_S_1.jpg,pratorum,0.9999558929592149,soroeensis,4.0598894448732345e-05,pyrenaeus,1.9780676897980784e-06,pratorum,True,True
135,,ARLY_PRAT_0009,/Volumes/EXT DATA/IDMB/derived/Bombus/collection/images/ARLY_PRAT_0009_S_2.jpg,pratorum,0.9999718399163519,soroeensis,1.7455273045928676e-05,pyrenaeus,5.456994090653885e-06,pratorum,True,True
136,,ARLY_PRAT_0009,/Volumes/EXT DATA/IDMB/derived/Bombus/collection/images/ARLY_PRAT_0009_S_3.jpg,pratorum,0.9999316983084546,pyrenaeus,3.1656418321242687e-05,soroeensis,2.2996871460051343e-05,pratorum,True,True
137,,ARLY_PRAT_0010,/Volumes/EXT DATA/IDMB/derived/Bombus/collection/images/ARLY_PRAT_0010_P_1.jpg,pratorum,0.9996756250313609,lucorum,0.0003079332027870241,soroeensis,1.5406917562022823e-05,pratorum,True,True
138,,ARLY_PRAT_0010,/Volumes/EXT DATA/IDMB/derived/Bombus/collection/images/ARLY_PRAT_0010_P_2.jpg,pratorum,0.9996599122418234,lucorum,0.0002076694832270531,soroeensis,9.235395584200914e-05,pratorum,True,True
139,,ARLY_PRAT_0010,/Volumes/EXT DATA/IDMB/derived/Bombus/collection/images/ARLY_PRAT_0010_S_1.jpg,pratorum,0.9995503059136186,lucorum,0.00044882198557274865,pyrenaeus,4.0655217510708037e-07,pratorum,True,True
140,,ARLY_PRAT_0010,/Volumes/EXT DATA/IDMB/derived/Bombus/collection/images/ARLY_PRAT_0010_S_2.jpg,pratorum,0.999976081934908,pyrenaeus,1.4739556561611055e-05,lucorum,6.859098870357049e-06,pratorum,True,True
141,,ARLY_PRAT_0010,/Volumes/EXT DATA/IDMB/derived/Bombus/collection/images/ARLY_PRAT_0010_S_3.jpg,pratorum,0.9999783826374292,lucorum,2.1341286817755386e-05,soroeensis,1.269280412804263e-07,pratorum,True,True
142,,ARLY_PRAT_0011,/Volumes/EXT DATA/IDMB/derived/Bombus/collection/images/ARLY_PRAT_0011_P_1.jpg,pratorum,0.999737189979601,pyrenaeus,0.00023519247772598795,monticola,2.512116915185214e-05,pratorum,True,True
143,,ARLY_PRAT_0011,/Volumes/EXT DATA/IDMB/derived/Bombus/collection/images/ARLY_PRAT_0011_P_2.jpg,pratorum,0.9999862225981132,pyrenaeus,1.231278309725175e-05,soroeensis,9.517177662534377e-07,pratorum,True,True
144,,ARLY_PRAT_0011,/Volumes/EXT DATA/IDMB/derived/Bombus/collection/images/ARLY_PRAT_0011_S_1.jpg,pratorum,0.9999893728984569,pyrenaeus,8.122045248571487e-06,soroeensis,2.2927277399776404e-06,pratorum,True,True
145,,ARLY_PRAT_0011,/Volumes/EXT DATA/IDMB/derived/Bombus/collection/images/ARLY_PRAT_0011_S_2.jpg,pratorum,0.9999912404178491,soroeensis,4.490938303072386e-06,pyrenaeus,4.236376581151435e-06,pratorum,True,True
146,,ARLY_PRAT_0012,/Volumes/EXT DATA/IDMB/derived/Bombus/collection/images/ARLY_PRAT_0012_P_1.jpg,pratorum,0.9970072524111844,soroeensis,0.0014653496287486082,monticola,0.0012768829483441164,pratorum,True,True
147,,ARLY_PRAT_0012,/Volumes/EXT DATA/IDMB/derived/Bombus/collection/images/ARLY_PRAT_0012_P_2.jpg,pratorum,0.9938663618850514,pyrenaeus,0.004085838862572964,monticola,0.0015326353070785562,pratorum,True,True
148,,ARLY_PRAT_0012,/Volumes/EXT DATA/IDMB/derived/Bombus/collection/images/ARLY_PRAT_0012_S_1.jpg,pratorum,0.9993815638032816,pyrenaeus,0.00038434413001484015,soroeensis,0.00012049478453540278,pratorum,True,True
149,,ARLY_PRAT_0012,/Volumes/EXT DATA/IDMB/derived/Bombus/collection/images/ARLY_PRAT_0012_S_2.jpg,pratorum,0.9962479384564806,pyrenaeus,0.0007025214219621653,sylvarum,0.0006301331872529323,pratorum,True,True
150,,ARLY_PRAT_0012,/Volumes/EXT DATA/IDMB/derived/Bombus/collection/images/ARLY_PRAT_0012_S_3.jpg,pratorum,0.9931308072033947,pyrenaeus,0.0059936587213643665,soroeensis,0.0003496944085992963,pratorum,True,True
151,,ARLY_PRAT_0013,/Volumes/EXT DATA/IDMB/derived/Bombus/collection/images/ARLY_PRAT_0013_P_1.jpg,pratorum,0.9999670977423224,sylvarum,2.9608077100328036e-05,ruderarius,1.1101955999125658e-06,pratorum,True,True
152,,ARLY_PRAT_0013,/Volumes/EXT DATA/IDMB/derived/Bombus/collection/images/ARLY_PRAT_0013_P_2.jpg,pratorum,0.9985390632104608,sylvarum,0.0014219932958935107,ruderarius,2.8777982734180178e-05,pratorum,True,True
153,,ARLY_PRAT_0013,/Volumes/EXT DATA/IDMB/derived/Bombus/collection/images/ARLY_PRAT_0013_S_1.jpg,pratorum,0.9999496939232742,sylvarum,4.778678784681257e-05,pyrenaeus,1.6477933216778482e-06,pratorum,True,True
154,,ARLY_PRAT_0013,/Volumes/EXT DATA/IDMB/derived/Bombus/collection/images/ARLY_PRAT_0013_S_2.jpg,pratorum,0.9998863517868394,sylvarum,9.30539048285758e-05,soroeensis,1.179200043462273e-05,pratorum,True,True
155,,ARLY_PRAT_0014,/Volumes/EXT DATA/IDMB/derived/Bombus/collection/images/ARLY_PRAT_0014_P_1.jpg,pratorum,0.9970077425862717,pyrenaeus,0.0029741746857452084,soroeensis,1.584509778172918e-05,pratorum,True,True
156,,ARLY_PRAT_0014,/Volumes/EXT DATA/IDMB/derived/Bombus/collection/images/ARLY_PRAT_0014_P_2.jpg,pratorum,0.9190865246936258,pyrenaeus,0.0803379330458704,soroeensis,0.0005409949463125712,pratorum,True,True
157,,ARLY_PRAT_0014,/Volumes/EXT DATA/IDMB/derived/Bombus/collection/images/ARLY_PRAT_0014_S_1.jpg,pratorum,0.9999324071577357,pyrenaeus,5.9414312552171296e-05,soroeensis,7.72461284977477e-06,pratorum,True,True
158,,ARLY_PRAT_0014,/Volumes/EXT DATA/IDMB/derived/Bombus/collection/images/ARLY_PRAT_0014_S_2.jpg,pratorum,0.9998000965060825,pyrenaeus,0.0001325757693699309,soroeensis,6.672960096666958e-05,pratorum,True,True
159,,ARLY_PRAT_0014,/Volumes/EXT DATA/IDMB/derived/Bombus/collection/images/ARLY_PRAT_0014_S_3.jpg,pratorum,0.9998867382016027,pyrenaeus,9.92759025799897e-05,soroeensis,1.3705859407956175e-05,pratorum,True,True
160,,ARLY_PRAT_0015,/Volumes/EXT DATA/IDMB/derived/Bombus/collection/images/ARLY_PRAT_0015_P_1.jpg,pratorum,0.9999975073604543,soroeensis,1.3508242774728326e-06,pyrenaeus,5.270896984651647e-07,pratorum,True,True
161,,ARLY_PRAT_0015,/Volumes/EXT DATA/IDMB/derived/Bombus/collection/images/ARLY_PRAT_0015_P_2.jpg,pratorum,0.9999979651595868,soroeensis,1.3308842227581762e-06,pyrenaeus,2.9521199472075785e-07,pratorum,True,True
162,,ARLY_PRAT_0015,/Volumes/EXT DATA/IDMB/derived/Bombus/collection/images/ARLY_PRAT_0015_S_1.jpg,pratorum,0.9999988786121757,soroeensis,5.155656374212851e-07,pyrenaeus,3.513433583507484e-07,pratorum,True,True
163,,ARLY_PRAT_0015,/Volumes/EXT DATA/IDMB/derived/Bombus/collection/images/ARLY_PRAT_0015_S_2.jpg,pratorum,0.9999997035132251,pyrenaeus,2.4503788608736937e-07,soroeensis,3.487091657378562e-08,pratorum,True,True
164,,ARLY_PRAT_0015,/Volumes/EXT DATA/IDMB/derived/Bombus/collection/images/ARLY_PRAT_0015_S_3.jpg,pratorum,0.9999992013746198,soroeensis,2.512464485767236e-07,pyrenaeus,1.5549926868342414e-07,pratorum,True,True
165,,ARLY_PRAT_0016,/Volumes/EXT DATA/IDMB/derived/Bombus/collection/images/ARLY_PRAT_0016_P_1.jpg,pratorum,0.9999617628956755,soroeensis,3.807213510838e-05,pyrenaeus,1.6183416764253364e-07,pratorum,True,True
166,,ARLY_PRAT_0016,/Volumes/EXT DATA/IDMB/derived/Bombus/collection/images/ARLY_PRAT_0016_P_2.jpg,pratorum,0.9999741405259925,soroeensis,2.5685758165747233e-05,pyrenaeus,1.6244164339571693e-07,pratorum,True,True
167,,ARLY_PRAT_0016,/Volumes/EXT DATA/IDMB/derived/Bombus/collection/images/ARLY_PRAT_0016_S_1.jpg,pratorum,0.9997124761901852,soroeensis,0.0002870725949018483,pyrenaeus,4.3709338117320526e-07,pratorum,True,True
168,,ARLY_PRAT_0016,/Volumes/EXT DATA/IDMB/derived/Bombus/collection/images/ARLY_PRAT_0016_S_2.jpg,pratorum,0.9999899499447221,soroeensis,9.99819530547293e-06,lucorum,3.4767795114264495e-08,pratorum,True,True
169,,ARLY_PRAT_0016,/Volumes/EXT DATA/IDMB/derived/Bombus/collection/images/ARLY_PRAT_0016_S_3.jpg,pratorum,0.9999938774230509,soroeensis,6.01695803310895e-06,pyrenaeus,9.249973524990268e-08,pratorum,True,True
170,,ARLY_PRAT_0017,/Volumes/EXT DATA/IDMB/derived/Bombus/collection/images/ARLY_PRAT_0017_P_1.jpg,pratorum,0.9997354080117613,soroeensis,0.0001459252657466951,lapidarius,8.876820629316829e-05,pratorum,True,True
171,,ARLY_PRAT_0017,/Volumes/EXT DATA/IDMB/derived/Bombus/collection/images/ARLY_PRAT_0017_P_2.jpg,pratorum,0.9999382130480898,soroeensis,5.2014847214983336e-05,pyrenaeus,9.61916650182693e-06,pratorum,True,True
172,,ARLY_PRAT_0017,/Volumes/EXT DATA/IDMB/derived/Bombus/collection/images/ARLY_PRAT_0017_S_1.jpg,pratorum,0.9994474335781109,pyrenaeus,0.00025656876448178033,lapidarius,0.00017137354288361325,pratorum,True,True
173,,ARLY_PRAT_0017,/Volumes/EXT DATA/IDMB/derived/Bombus/collection/images/ARLY_PRAT_0017_S_2.jpg,pratorum,0.9999113723167485,soroeensis,7.117374219910505e-05,pyrenaeus,1.658630909345566e-05,pratorum,True,True
174,,ARLY_PRAT_0017,/Volumes/EXT DATA/IDMB/derived/Bombus/collection/images/ARLY_PRAT_0017_S_3.jpg,pratorum,0.9991787715399498,soroeensis,0.0005506215397949663,pyrenaeus,0.00023449400615405366,pratorum,True,True
175,,ARLY_PRAT_0018,/Volumes/EXT DATA/IDMB/derived/Bombus/collection/images/ARLY_PRAT_0018_P_1.jpg,pratorum,0.9999236434072012,pomorum,6.689119504841638e-05,sylvarum,3.980884486904705e-06,pratorum,True,True
176,,ARLY_PRAT_0018,/Volumes/EXT DATA/IDMB/derived/Bombus/collection/images/ARLY_PRAT_0018_P_2.jpg,pratorum,0.9994000544164352,pomorum,0.00028994412724803756,sylvarum,0.0001782412362369926,pratorum,True,True
177,,ARLY_PRAT_0018,/Volumes/EXT DATA/IDMB/derived/Bombus/collection/images/ARLY_PRAT_0018_S_1.jpg,pratorum,0.9522712984357136,ruderarius,0.04038305841595152,sylvarum,0.007235594281664056,pratorum,True,True
178,,ARLY_PRAT_0018,/Volumes/EXT DATA/IDMB/derived/Bombus/collection/images/ARLY_PRAT_0018_S_2.jpg,pratorum,0.9897349404707588,ruderarius,0.00956315554650019,soroeensis,0.0003758232893068922,pratorum,True,True
179,,ARLY_PRAT_0018,/Volumes/EXT DATA/IDMB/derived/Bombus/collection/images/ARLY_PRAT_0018_S_3.jpg,pratorum,0.9923365113252792,ruderarius,0.007028001737493635,sylvarum,0.0005194297352622141,pratorum,True,True
180,,ARLY_PRAT_0019,/Volumes/EXT DATA/IDMB/derived/Bombus/collection/images/ARLY_PRAT_0019_P_1.jpg,pratorum,0.7865769101637831,ruderarius,0.20272588232974628,pomorum,0.005896220411043327,pratorum,True,True
181,,ARLY_PRAT_0019,/Volumes/EXT DATA/IDMB/derived/Bombus/collection/images/ARLY_PRAT_0019_P_2.jpg,pratorum,0.8070405087808015,ruderarius,0.17702558895113985,pyrenaeus,0.00902756972000885,pratorum,True,True
182,,ARLY_PRAT_0019,/Volumes/EXT DATA/IDMB/derived/Bombus/collection/images/ARLY_PRAT_0019_S_1.jpg,pratorum,0.8838621570155788,ruderarius,0.08590461705713114,pomorum,0.02412750959002732,pratorum,True,True
183,,ARLY_PRAT_0019,/Volumes/EXT DATA/IDMB/derived/Bombus/collection/images/ARLY_PRAT_0019_S_2.jpg,pratorum,0.9646244824649407,ruderarius,0.017180220062382567,wurflenii,0.012066915213294812,pratorum,True,True
184,,ARLY_PRAT_0019,/Volumes/EXT DATA/IDMB/derived/Bombus/collection/images/ARLY_PRAT_0019_S_3.jpg,pratorum,0.999519354406093,wurflenii,0.0003713714466059871,ruderarius,4.1723810759615646e-05,pratorum,True,True
185,,ARLY_PRAT_0020,/Volumes/EXT DATA/IDMB/derived/Bombus/collection/images/ARLY_PRAT_0020_P_1.jpg,pratorum,0.9964102600013512,pyrenaeus,0.0024606480446676946,lapidarius,0.0006827674251980832,pratorum,True,True
186,,ARLY_PRAT_0020,/Volumes/EXT DATA/IDMB/derived/Bombus/collection/images/ARLY_PRAT_0020_P_2.jpg,pratorum,0.9967719029412876,lucorum,0.0031250114475993482,soroeensis,5.8266565817737926e-05,pratorum,True,True
187,,ARLY_PRAT_0020,/Volumes/EXT DATA/IDMB/derived/Bombus/collection/images/ARLY_PRAT_0020_S_1.jpg,pratorum,0.7534162770275966,pyrenaeus,0.19614262880567557,lucorum,0.02462159108981476,pratorum,True,True
188,,ARLY_PRAT_0020,/Volumes/EXT DATA/IDMB/derived/Bombus/collection/images/ARLY_PRAT_0020_S_2.jpg,pratorum,0.7556324763592632,wurflenii,0.16576571816707925,pyrenaeus,0.02562572362544868,pratorum,True,True
189,,ARLY_PRAT_0020,/Volumes/EXT DATA/IDMB/derived/Bombus/collection/images/ARLY_PRAT_0020_S_3.jpg,pratorum,0.9848276653253843,pyrenaeus,0.006424122616615651,soroeensis,0.004794260597311128,pratorum,True,True
190,,ARLY_PRAT_0021,/Volumes/EXT DATA/IDMB/derived/Bombus/collection/images/ARLY_PRAT_0021_P_1.jpg,pratorum,0.9940113357242417,sylvarum,0.005895552412667415,soroeensis,4.494764596707134e-05,pratorum,True,True
191,,ARLY_PRAT_0021,/Volumes/EXT DATA/IDMB/derived/Bombus/collection/images/ARLY_PRAT_0021_P_2.jpg,pratorum,0.9720310295286227,sylvarum,0.024208792952639686,soroeensis,0.0024532636271582297,pratorum,True,True
192,,ARLY_PRAT_0021,/Volumes/EXT DATA/IDMB/derived/Bombus/collection/images/ARLY_PRAT_0021_S_1.jpg,pratorum,0.9806721720151566,soroeensis,0.012135381774999681,pyrenaeus,0.006558135738570691,pratorum,True,True
193,,ARLY_PRAT_0021,/Volumes/EXT DATA/IDMB/derived/Bombus/collection/images/ARLY_PRAT_0021_S_2.jpg,pratorum,0.9930327952487211,soroeensis,0.003917157639075981,pyrenaeus,0.0030190086622307777,pratorum,True,True
194,,ARLY_PRAT_0021,/Volumes/EXT DATA/IDMB/derived/Bombus/collection/images/ARLY_PRAT_0021_S_3.jpg,pratorum,0.9918882753166363,soroeensis,0.00472938480526203,pyrenaeus,0.003370052174949458,pratorum,True,True
195,,ARLY_PRAT_0022,/Volumes/EXT DATA/IDMB/derived/Bombus/collection/images/ARLY_PRAT_0022_P_1.jpg,pratorum,0.9997897088498532,pyrenaeus,0.00019024638480832716,lucorum,1.5751189072579494e-05,pratorum,True,True
196,,ARLY_PRAT_0022,/Volumes/EXT DATA/IDMB/derived/Bombus/collection/images/ARLY_PRAT_0022_P_2.jpg,pratorum,0.9994430269330262,lucorum,0.0004135484449223975,pyrenaeus,0.0001413150329192348,pratorum,True,True
197,,ARLY_PRAT_0022,/Volumes/EXT DATA/IDMB/derived/Bombus/collection/images/ARLY_PRAT_0022_S_1.jpg,pratorum,0.9997775676069027,pyrenaeus,0.00020955035596469893,lucorum,8.092229536150759e-06,pratorum,True,True
198,,ARLY_PRAT_0022,/Volumes/EXT DATA/IDMB/derived/Bombus/collection/images/ARLY_PRAT_0022_S_2.jpg,pratorum,0.9988749676878881,pyrenaeus,0.0006364302593106252,lucorum,0.0004814026941611197,pratorum,True,True
199,,ARLY_PRAT_0022,/Volumes/EXT DATA/IDMB/derived/Bombus/collection/images/ARLY_PRAT_0022_S_3.jpg,pratorum,0.9998928481312286,pyrenaeus,8.644707008872162e-05,lucorum,2.0080640080938577e-05,pratorum,True,True
200,,ARLY_PRAT_0023,/Volumes/EXT DATA/IDMB/derived/Bombus/collection/images/ARLY_PRAT_0023_P_1.jpg,pratorum,0.9976862137987087,pyrenaeus,0.0020362673679537586,soroeensis,0.00017985957088925654,pratorum,True,True
201,,ARLY_PRAT_0023,/Volumes/EXT DATA/IDMB/derived/Bombus/collection/images/ARLY_PRAT_0023_P_2.jpg,pratorum,0.9997194589665086,pyrenaeus,0.00019976833709486625,soroeensis,6.646319117426646e-05,pratorum,True,True
202,,ARLY_PRAT_0023,/Volumes/EXT DATA/IDMB/derived/Bombus/collection/images/ARLY_PRAT_0023_S_1.jpg,pratorum,0.9991640708861793,sylvarum,0.00037850808351138097,pyrenaeus,0.000272305431420603,pratorum,True,True
203,,ARLY_PRAT_0023,/Volumes/EXT DATA/IDMB/derived/Bombus/collection/images/ARLY_PRAT_0023_S_2.jpg,pratorum,0.9999884600632398,pyrenaeus,8.433216935412215e-06,soroeensis,2.0362209305147898e-06,pratorum,True,True
204,,ARLY_PRAT_0023,/Volumes/EXT DATA/IDMB/derived/Bombus/collection/images/ARLY_PRAT_0023_S_3.jpg,pratorum,0.9994432420705708,sylvarum,0.0003168552207843057,soroeensis,0.00017995176667991665,pratorum,True,True
205,,ARLY_PRAT_0024,/Volumes/EXT DATA/IDMB/derived/Bombus/collection/images/ARLY_PRAT_0024_P_1.jpg,pyrenaeus,0.9857794038552551,monticola,0.011108194835380692,soroeensis,0.0021698667976864172,pyrenaeus,True,True
206,,ARLY_PRAT_0024,/Volumes/EXT DATA/IDMB/derived/Bombus/collection/images/ARLY_PRAT_0024_P_2.jpg,pyrenaeus,0.9921793890422432,monticola,0.006819445679390606,pratorum,0.0007925717743266663,pyrenaeus,True,True
207,,ARLY_PRAT_0024,/Volumes/EXT DATA/IDMB/derived/Bombus/collection/images/ARLY_PRAT_0024_S_1.jpg,pyrenaeus,0.99612430219348,monticola,0.0031391853557415947,soroeensis,0.000717740394407913,pyrenaeus,True,True
208,,ARLY_PRAT_0024,/Volumes/EXT DATA/IDMB/derived/Bombus/collection/images/ARLY_PRAT_0024_S_2.jpg,pyrenaeus,0.9988057704291629,monticola,0.0010650619716786392,pratorum,0.00011110492065928047,pyrenaeus,True,True
209,,ARLY_PRAT_0024,/Volumes/EXT DATA/IDMB/derived/Bombus/collection/images/ARLY_PRAT_0024_S_3.jpg,pyrenaeus,0.9998895768638643,pratorum,0.00010383773423109587,monticola,5.70124409974121e-06,pyrenaeus,True,True
210,,ARLY_PRAT_0025,/Volumes/EXT DATA/IDMB/derived/Bombus/collection/images/ARLY_PRAT_0025_P_1.jpg,pyrenaeus,0.950749406881554,monticola,0.04292966263674552,soroeensis,0.003969787433042868,pyrenaeus,True,True
211,,ARLY_PRAT_0025,/Volumes/EXT DATA/IDMB/derived/Bombus/collection/images/ARLY_PRAT_0025_P_2.jpg,pyrenaeus,0.9889473497894724,monticola,0.008623423180834556,soroeensis,0.001123912785871691,pyrenaeus,True,True
212,,ARLY_PRAT_0025,/Volumes/EXT DATA/IDMB/derived/Bombus/collection/images/ARLY_PRAT_0025_S_1.jpg,pyrenaeus,0.9991311991371309,lapidarius,0.00035039764325373024,sichelii,0.0003114945096212358,pyrenaeus,True,True
213,,ARLY_PRAT_0025,/Volumes/EXT DATA/IDMB/derived/Bombus/collection/images/ARLY_PRAT_0025_S_2.jpg,pyrenaeus,0.9976759572800993,lapidarius,0.0007822299483138641,sichelii,0.0007540119310648491,pyrenaeus,True,True
214,,ARLY_PRAT_0025,/Volumes/EXT DATA/IDMB/derived/Bombus/collection/images/ARLY_PRAT_0025_S_3.jpg,pyrenaeus,0.9827023795004842,monticola,0.014022858843020427,soroeensis,0.0017230345732039288,pyrenaeus,True,True
215,,ARLY_PRAT_0026,/Volumes/EXT DATA/IDMB/derived/Bombus/collection/images/ARLY_PRAT_0026_P_1.jpg,pratorum,0.9998733811406859,soroeensis,0.0001265992382816394,pyrenaeus,1.9587807059822517e-08,pratorum,True,True
216,,ARLY_PRAT_0026,/Volumes/EXT DATA/IDMB/derived/Bombus/collection/images/ARLY_PRAT_0026_P_2.jpg,pratorum,0.9999900297417282,soroeensis,9.968063133622711e-06,pyrenaeus,2.1935016643590184e-09,pratorum,True,True
217,,ARLY_PRAT_0026,/Volumes/EXT DATA/IDMB/derived/Bombus/collection/images/ARLY_PRAT_0026_S_1.jpg,pratorum,0.9998815916520771,soroeensis,0.00011834041110433723,pyrenaeus,6.767103343278125e-08,pratorum,True,True
218,,ARLY_PRAT_0026,/Volumes/EXT DATA/IDMB/derived/Bombus/collection/images/ARLY_PRAT_0026_S_2.jpg,pratorum,0.9999683775197422,soroeensis,3.113534234606354e-05,pyrenaeus,4.859858143845109e-07,pratorum,True,True
219,,ARLY_PRAT_0026,/Volumes/EXT DATA/IDMB/derived/Bombus/collection/images/ARLY_PRAT_0026_S_3.jpg,pratorum,0.9999721523802684,soroeensis,2.0210506462255524e-05,pyrenaeus,7.635760788182997e-06,pratorum,True,True
220,,ARLY_PRAT_0027,/Volumes/EXT DATA/IDMB/derived/Bombus/collection/images/ARLY_PRAT_0027_P_1.jpg,pyrenaeus,0.9919738982456979,soroeensis,0.006928704914901366,pratorum,0.0007964304947292577,pyrenaeus,True,True
221,,ARLY_PRAT_0027,/Volumes/EXT DATA/IDMB/derived/Bombus/collection/images/ARLY_PRAT_0027_P_2.jpg,pyrenaeus,0.9956103122179429,soroeensis,0.00255931262096418,pratorum,0.001538674600791564,pyrenaeus,True,True
222,,ARLY_PRAT_0027,/Volumes/EXT DATA/IDMB/derived/Bombus/collection/images/ARLY_PRAT_0027_S_1.jpg,pyrenaeus,0.9718352740136065,soroeensis,0.026554185383163467,monticola,0.0009225858562025641,pyrenaeus,True,True
223,,ARLY_PRAT_0027,/Volumes/EXT DATA/IDMB/derived/Bombus/collection/images/ARLY_PRAT_0027_S_2.jpg,pyrenaeus,0.9984794640925884,soroeensis,0.0014477697235603727,monticola,5.959755291282949e-05,pyrenaeus,True,True
224,,ARLY_PRAT_0027,/Volumes/EXT DATA/IDMB/derived/Bombus/collection/images/ARLY_PRAT_0027_S_3.jpg,pyrenaeus,0.9975510333410411,soroeensis,0.002377982568515967,pratorum,3.4567650877983444e-05,pyrenaeus,True,True
225,,ARLY_PRAT_0028,/Volumes/EXT DATA/IDMB/derived/Bombus/collection/images/ARLY_PRAT_0028_P_1.jpg,pratorum,0.9992962144797299,sylvarum,0.0003770519134083553,pyrenaeus,0.0002729990866913599,pratorum,True,True
226,,ARLY_PRAT_0028,/Volumes/EXT DATA/IDMB/derived/Bombus/collection/images/ARLY_PRAT_0028_P_2.jpg,pratorum,0.9995723737622461,pyrenaeus,0.00029216085191462545,sylvarum,7.781215329150226e-05,pratorum,True,True
227,,ARLY_PRAT_0028,/Volumes/EXT DATA/IDMB/derived/Bombus/collection/images/ARLY_PRAT_0028_S_1.jpg,pratorum,0.9982330380400476,sylvarum,0.0016639386736411437,soroeensis,6.956377939841245e-05,pratorum,True,True
228,,ARLY_PRAT_0028,/Volumes/EXT DATA/IDMB/derived/Bombus/collection/images/ARLY_PRAT_0028_S_2.jpg,pratorum,0.999752108697491,soroeensis,0.00019134489524041758,pyrenaeus,2.8205140963642667e-05,pratorum,True,True
229,,ARLY_PRAT_0028,/Volumes/EXT DATA/IDMB/derived/Bombus/collection/images/ARLY_PRAT_0028_S_3.jpg,pratorum,0.9998664669013002,sylvarum,7.27299796098021e-05,soroeensis,4.614368646664683e-05,pratorum,True,True
230,,ARLY_PRAT_0029,/Volumes/EXT DATA/IDMB/derived/Bombus/collection/images/ARLY_PRAT_0029_P_1.jpg,pratorum,0.9983304859613371,sylvarum,0.0014006107657502558,lucorum,0.0002609619624634511,pratorum,True,True
231,,ARLY_PRAT_0029,/Volumes/EXT DATA/IDMB/derived/Bombus/collection/images/ARLY_PRAT_0029_P_2.jpg,pratorum,0.9997678644533197,sylvarum,0.00018487409813786848,lucorum,4.646855893924299e-05,pratorum,True,True
232,,ARLY_PRAT_0029,/Volumes/EXT DATA/IDMB/derived/Bombus/collection/images/ARLY_PRAT_0029_S_1.jpg,pratorum,0.9967992923067512,lucorum,0.003013251266460127,pyrenaeus,0.00013027560733605423,pratorum,True,True
233,,ARLY_PRAT_0029,/Volumes/EXT DATA/IDMB/derived/Bombus/collection/images/ARLY_PRAT_0029_S_2.jpg,pratorum,0.8697463680083699,lucorum,0.1297914634512372,sylvarum,0.0004508822956787202,pratorum,True,True
234,,ARLY_PRAT_0029,/Volumes/EXT DATA/IDMB/derived/Bombus/collection/images/ARLY_PRAT_0029_S_3.jpg,pratorum,0.9939169590907104,lucorum,0.005498797325553037,sylvarum,0.0004270058592348678,pratorum,True,True
235,,ARLY_PRAT_0030,/Volumes/EXT DATA/IDMB/derived/Bombus/collection/images/ARLY_PRAT_0030_P_1.jpg,pratorum,0.9999942257252155,soroeensis,4.0815367160454895e-06,pyrenaeus,1.6003132279412691e-06,pratorum,True,True
236,,ARLY_PRAT_0030,/Volumes/EXT DATA/IDMB/derived/Bombus/collection/images/ARLY_PRAT_0030_P_2.jpg,pratorum,0.9998147141575143,soroeensis,0.0001819428324196791,pyrenaeus,2.572577327068248e-06,pratorum,True,True
237,,ARLY_PRAT_0030,/Volumes/EXT DATA/IDMB/derived/Bombus/collection/images/ARLY_PRAT_0030_S_1.jpg,pratorum,0.9998881685171144,soroeensis,0.000111479455192218,pyrenaeus,1.6043443584879113e-07,pratorum,True,True
238,,ARLY_PRAT_0030,/Volumes/EXT DATA/IDMB/derived/Bombus/collection/images/ARLY_PRAT_0030_S_2.jpg,pratorum,0.999797424338691,soroeensis,0.0001796607195942053,pyrenaeus,2.1827384765345994e-05,pratorum,True,True
239,,ARLY_PRAT_0030,/Volumes/EXT DATA/IDMB/derived/Bombus/collection/images/ARLY_PRAT_0030_S_3.jpg,pratorum,0.9997849537623529,soroeensis,0.00019120480207168378,pyrenaeus,1.0967504436200164e-05,pratorum,True,True
240,,ARLY_PRAT_0031,/Volumes/EXT DATA/IDMB/derived/Bombus/collection/images/ARLY_PRAT_0031_P_1.jpg,pratorum,0.9985411938029999,soroeensis,0.0013429608422829485,pyrenaeus,8.22542929485901e-05,pratorum,True,True
241,,ARLY_PRAT_0031,/Volumes/EXT DATA/IDMB/derived/Bombus/collection/images/ARLY_PRAT_0031_P_2.jpg,pratorum,0.9988292031733388,pyrenaeus,0.0011407694067586088,sichelii,1.1414716644866737e-05,pratorum,True,True
242,,ARLY_PRAT_0031,/Volumes/EXT DATA/IDMB/derived/Bombus/collection/images/ARLY_PRAT_0031_S_1.jpg,pratorum,0.999889470232487,lucorum,7.22181505001396e-05,soroeensis,3.711352655948078e-05,pratorum,True,True
243,,ARLY_PRAT_0031,/Volumes/EXT DATA/IDMB/derived/Bombus/collection/images/ARLY_PRAT_0031_S_2.jpg,pratorum,0.9999963021031807,soroeensis,2.1831651817979486e-06,pyrenaeus,8.263830769161604e-07,pratorum,True,True
244,,ARLY_PRAT_0031,/Volumes/EXT DATA/IDMB/derived/Bombus/collection/images/ARLY_PRAT_0031_S_3.jpg,pratorum,0.9999809520309992,pyrenaeus,1.3112852540376635e-05,lucorum,4.4670487073624415e-06,pratorum,True,True
245,,ARLY_PRAT_0032,/Volumes/EXT DATA/IDMB/derived/Bombus/collection/images/ARLY_PRAT_0032_P_1.jpg,pratorum,0.9997314411804445,lucorum,0.00025549656074618773,pyrenaeus,8.501861783599975e-06,pratorum,True,True
246,,ARLY_PRAT_0032,/Volumes/EXT DATA/IDMB/derived/Bombus/collection/images/ARLY_PRAT_0032_P_2.jpg,pratorum,0.9999762718066421,lucorum,1.997629666730062e-05,pyrenaeus,3.3435116317077754e-06,pratorum,True,True
247,,ARLY_PRAT_0032,/Volumes/EXT DATA/IDMB/derived/Bombus/collection/images/ARLY_PRAT_0032_S_1.jpg,pratorum,0.9998929814066688,lucorum,0.00010480214357745361,soroeensis,1.8000809153448657e-06,pratorum,True,True
248,,ARLY_PRAT_0032,/Volumes/EXT DATA/IDMB/derived/Bombus/collection/images/ARLY_PRAT_0032_S_2.jpg,pratorum,0.9994870330214866,lucorum,0.0005123943721116041,sylvarum,3.0116309260965437e-07,pratorum,True,True
249,,ARLY_PRAT_0032,/Volumes/EXT DATA/IDMB/derived/Bombus/collection/images/ARLY_PRAT_0032_S_3.jpg,pratorum,0.992467311355963,lucorum,0.007532436314152669,pyrenaeus,1.5464194678324687e-07,pratorum,True,True
250,,ARLY_PRAT_0033,/Volumes/EXT DATA/IDMB/derived/Bombus/collection/images/ARLY_PRAT_0033_P_1.jpg,pratorum,0.9990070711936818,soroeensis,0.0008040830147363011,pyrenaeus,0.00018594614489011687,pratorum,True,True
251,,ARLY_PRAT_0033,/Volumes/EXT DATA/IDMB/derived/Bombus/collection/images/ARLY_PRAT_0033_P_2.jpg,pratorum,0.9894600992641789,pyrenaeus,0.008052275044064576,soroeensis,0.002204014222340674,pratorum,True,True
252,,ARLY_PRAT_0033,/Volumes/EXT DATA/IDMB/derived/Bombus/collection/images/ARLY_PRAT_0033_S_1.jpg,pratorum,0.548583500041621,soroeensis,0.44177970600076055,sichelii,0.004933747348572207,pratorum,True,True
253,,ARLY_PRAT_0033,/Volumes/EXT DATA/IDMB/derived/Bombus/collection/images/ARLY_PRAT_0033_S_2.jpg,pratorum,0.9250845291788719,soroeensis,0.06246614491964488,pyrenaeus,0.01002036164289085,pratorum,True,True
254,,ARLY_PRAT_0033,/Volumes/EXT DATA/IDMB/derived/Bombus/collection/images/ARLY_PRAT_0033_S_3.jpg,pratorum,0.873650323709113,soroeensis,0.11859330082441259,pyrenaeus,0.007629328586749555,pratorum,True,True
255,,ARLY_PRAT_0034,/Volumes/EXT DATA/IDMB/derived/Bombus/collection/images/ARLY_PRAT_0034_P_1.jpg,pratorum,0.9999984960977808,soroeensis,8.98074058479223e-07,lucorum,5.779639246254537e-07,pratorum,True,True
256,,ARLY_PRAT_0034,/Volumes/EXT DATA/IDMB/derived/Bombus/collection/images/ARLY_PRAT_0034_P_2.jpg,pratorum,0.9999999704171452,lucorum,2.546521067976665e-08,pyrenaeus,1.989566685946083e-09,pratorum,True,True
257,,ARLY_PRAT_0034,/Volumes/EXT DATA/IDMB/derived/Bombus/collection/images/ARLY_PRAT_0034_S_1.jpg,pratorum,0.9999995364496387,lucorum,2.5979314014056145e-07,soroeensis,1.2582980373895825e-07,pratorum,True,True
258,,ARLY_PRAT_0034,/Volumes/EXT DATA/IDMB/derived/Bombus/collection/images/ARLY_PRAT_0034_S_2.jpg,pratorum,0.9999584881500376,soroeensis,3.916105754352175e-05,pyrenaeus,2.147654113770702e-06,pratorum,True,True
259,,ARLY_PRAT_0034,/Volumes/EXT DATA/IDMB/derived/Bombus/collection/images/ARLY_PRAT_0034_S_3.jpg,pratorum,0.9999984174123443,soroeensis,1.4337105725209746e-06,pyrenaeus,1.023564694078616e-07,pratorum,True,True
260,,ARLY_PRAT_0035,/Volumes/EXT DATA/IDMB/derived/Bombus/collection/images/ARLY_PRAT_0035_P_1.jpg,pyrenaeus,0.9995698800565735,monticola,0.00027784552159490646,soroeensis,9.928508967464332e-05,pyrenaeus,True,True
261,,ARLY_PRAT_0035,/Volumes/EXT DATA/IDMB/derived/Bombus/collection/images/ARLY_PRAT_0035_P_2.jpg,pyrenaeus,0.9941531333469024,monticola,0.003515344133531423,sichelii,0.0017788750078845648,pyrenaeus,True,True
262,,ARLY_PRAT_0035,/Volumes/EXT DATA/IDMB/derived/Bombus/collection/images/ARLY_PRAT_0035_S_1.jpg,pyrenaeus,0.99530776538816,monticola,0.00432697702822291,soroeensis,0.0003036757712927938,pyrenaeus,True,True
263,,ARLY_PRAT_0035,/Volumes/EXT DATA/IDMB/derived/Bombus/collection/images/ARLY_PRAT_0035_S_2.jpg,pyrenaeus,0.9855873597046502,soroeensis,0.005396438670385195,sichelii,0.004308986931716086,pyrenaeus,True,True
264,,ARLY_PRAT_0035,/Volumes/EXT DATA/IDMB/derived/Bombus/collection/images/ARLY_PRAT_0035_S_3.jpg,pyrenaeus,0.987465956195865,monticola,0.00691623399423597,sichelii,0.004290164835712426,pyrenaeus,True,True
265,,ARLY_PRAT_0036,/Volumes/EXT DATA/IDMB/derived/Bombus/collection/images/ARLY_PRAT_0036_P_1.jpg,pratorum,0.999831689118952,wurflenii,0.00010306215920858502,lucorum,5.914031014057215e-05,pratorum,True,True
266,,ARLY_PRAT_0036,/Volumes/EXT DATA/IDMB/derived/Bombus/collection/images/ARLY_PRAT_0036_P_2.jpg,pratorum,0.9967606384900479,lucorum,0.0031161138628245837,pyrenaeus,0.0001015293903022609,pratorum,True,True
267,,ARLY_PRAT_0036,/Volumes/EXT DATA/IDMB/derived/Bombus/collection/images/ARLY_PRAT_0036_S_1.jpg,pratorum,0.9933900488695376,lucorum,0.006597537387047213,wurflenii,1.0137400089748215e-05,pratorum,True,True
268,,ARLY_PRAT_0036,/Volumes/EXT DATA/IDMB/derived/Bombus/collection/images/ARLY_PRAT_0036_S_2.jpg,pratorum,0.9627369279033534,lucorum,0.03719063079829622,wurflenii,7.03886144528577e-05,pratorum,True,True
269,,ARLY_PRAT_0036,/Volumes/EXT DATA/IDMB/derived/Bombus/collection/images/ARLY_PRAT_0036_S_3.jpg,pratorum,0.995244471751926,lucorum,0.0036576644212125875,wurflenii,0.001013958940754224,pratorum,True,True
270,,ARLY_PRAT_0037,/Volumes/EXT DATA/IDMB/derived/Bombus/collection/images/ARLY_PRAT_0037_P_1.jpg,pratorum,0.999775622260664,pyrenaeus,0.0002208388980205222,pomorum,2.3778745815536454e-06,pratorum,True,True
271,,ARLY_PRAT_0037,/Volumes/EXT DATA/IDMB/derived/Bombus/collection/images/ARLY_PRAT_0037_P_2.jpg,pratorum,0.9995846788708663,pyrenaeus,0.00041249136977704494,soroeensis,2.237053299161704e-06,pratorum,True,True
272,,ARLY_PRAT_0037,/Volumes/EXT DATA/IDMB/derived/Bombus/collection/images/ARLY_PRAT_0037_S_1.jpg,pratorum,0.9992489352034069,pyrenaeus,0.0007345950678252262,soroeensis,1.3000265353231134e-05,pratorum,True,True
273,,ARLY_PRAT_0037,/Volumes/EXT DATA/IDMB/derived/Bombus/collection/images/ARLY_PRAT_0037_S_2.jpg,pratorum,0.9999835070988184,pyrenaeus,1.3979348053021343e-05,soroeensis,2.1849852808653956e-06,pratorum,True,True
274,,ARLY_PRAT_0037,/Volumes/EXT DATA/IDMB/derived/Bombus/collection/images/ARLY_PRAT_0037_S_3.jpg,pratorum,0.9985358511201159,pyrenaeus,0.0014313240462630807,soroeensis,3.209180637777649e-05,pratorum,True,True
275,,ARLY_PRAT_0038,/Volumes/EXT DATA/IDMB/derived/Bombus/collection/images/ARLY_PRAT_0038_P_1.jpg,pratorum,0.9999998249344004,lucorum,7.706772834216161e-08,pyrenaeus,6.631060808485491e-08,pratorum,True,True
276,,ARLY_PRAT_0038,/Volumes/EXT DATA/IDMB/derived/Bombus/collection/images/ARLY_PRAT_0038_P_2.jpg,pratorum,0.9999985409788179,pyrenaeus,4.7366409927332733e-07,sylvarum,4.541727525361074e-07,pratorum,True,True
277,,ARLY_PRAT_0038,/Volumes/EXT DATA/IDMB/derived/Bombus/collection/images/ARLY_PRAT_0038_S_1.jpg,pratorum,0.9998742120180004,pyrenaeus,0.00011655258600610676,sichelii,4.735301911302066e-06,pratorum,True,True
278,,ARLY_PRAT_0038,/Volumes/EXT DATA/IDMB/derived/Bombus/collection/images/ARLY_PRAT_0038_S_2.jpg,pratorum,0.9999955996822115,pyrenaeus,2.2832390095373835e-06,lucorum,1.5795140153481966e-06,pratorum,True,True
279,,ARLY_PRAT_0038,/Volumes/EXT DATA/IDMB/derived/Bombus/collection/images/ARLY_PRAT_0038_S_3.jpg,pratorum,0.9999766918123416,pomorum,9.954083056598644e-06,lucorum,6.627698536087662e-06,pratorum,True,True
280,,ARLY_PRAT_0039,/Volumes/EXT DATA/IDMB/derived/Bombus/collection/images/ARLY_PRAT_0039_P_1.jpg,pratorum,0.9997051333555622,pyrenaeus,0.0002914805751445749,soroeensis,3.187515987051928e-06,pratorum,True,True
281,,ARLY_PRAT_0039,/Volumes/EXT DATA/IDMB/derived/Bombus/collection/images/ARLY_PRAT_0039_P_2.jpg,pratorum,0.9999205736043134,pyrenaeus,7.776611868825283e-05,soroeensis,1.4622892891842027e-06,pratorum,True,True
282,,ARLY_PRAT_0039,/Volumes/EXT DATA/IDMB/derived/Bombus/collection/images/ARLY_PRAT_0039_S_1.jpg,pratorum,0.986515707711445,pyrenaeus,0.013254294325349381,soroeensis,0.00022806660679428918,pratorum,True,True
283,,ARLY_PRAT_0039,/Volumes/EXT DATA/IDMB/derived/Bombus/collection/images/ARLY_PRAT_0039_S_2.jpg,pratorum,0.9999855620304053,pyrenaeus,1.0792256628687565e-05,soroeensis,3.6023412617949386e-06,pratorum,True,True
284,,ARLY_PRAT_0039,/Volumes/EXT DATA/IDMB/derived/Bombus/collection/images/ARLY_PRAT_0039_S_3.jpg,pratorum,0.9996885629436844,pyrenaeus,0.00031036177567566215,soroeensis,1.0423837384480491e-06,pratorum,True,True
285,,ARLY_PRAT_0040,/Volumes/EXT DATA/IDMB/derived/Bombus/collection/images/ARLY_PRAT_0040_P_1.jpg,pratorum,0.9999595035230718,pyrenaeus,2.9131137943438237e-05,lucorum,8.024712587766376e-06,pratorum,True,True
286,,ARLY_PRAT_0040,/Volumes/EXT DATA/IDMB/derived/Bombus/collection/images/ARLY_PRAT_0040_P_2.jpg,pratorum,0.9999706631074269,lucorum,2.2818902657902696e-05,lapidarius,2.8840125791304997e-06,pratorum,True,True
287,,ARLY_PRAT_0040,/Volumes/EXT DATA/IDMB/derived/Bombus/collection/images/ARLY_PRAT_0040_S_1.jpg,pratorum,0.9996849192372091,lapidarius,0.00022777264533865746,pyrenaeus,6.673243111473111e-05,pratorum,True,True
288,,ARLY_PRAT_0040,/Volumes/EXT DATA/IDMB/derived/Bombus/collection/images/ARLY_PRAT_0040_S_2.jpg,pratorum,0.9999973046004088,lucorum,1.2631006676038534e-06,pyrenaeus,8.056944991581865e-07,pratorum,True,True
289,,ARLY_PRAT_0040,/Volumes/EXT DATA/IDMB/derived/Bombus/collection/images/ARLY_PRAT_0040_S_3.jpg,pratorum,0.9999163035619671,lapidarius,5.2172036613890306e-05,pyrenaeus,2.4381134127544204e-05,pratorum,True,True
290,,ARLY_PRAT_0041,/Volumes/EXT DATA/IDMB/derived/Bombus/collection/images/ARLY_PRAT_0041_P_1.jpg,pratorum,0.9954011244395197,lucorum,0.004592923918385735,pyrenaeus,4.831124859110296e-06,pratorum,True,True
291,,ARLY_PRAT_0041,/Volumes/EXT DATA/IDMB/derived/Bombus/collection/images/ARLY_PRAT_0041_P_2.jpg,pratorum,0.6422446535344315,lucorum,0.357746257085194,lapidarius,5.325332249762174e-06,pratorum,True,True
292,,ARLY_PRAT_0041,/Volumes/EXT DATA/IDMB/derived/Bombus/collection/images/ARLY_PRAT_0041_S_1.jpg,pratorum,0.8703389524977974,lucorum,0.12965526585713186,pyrenaeus,5.643057850964302e-06,pratorum,True,True
293,,ARLY_PRAT_0041,/Volumes/EXT DATA/IDMB/derived/Bombus/collection/images/ARLY_PRAT_0041_S_2.jpg,pratorum,0.853946533925465,lucorum,0.14597634600480316,pyrenaeus,3.534509872250994e-05,pratorum,True,True
294,,ARLY_PRAT_0041,/Volumes/EXT DATA/IDMB/derived/Bombus/collection/images/ARLY_PRAT_0041_S_3.jpg,pratorum,0.9029953161103894,lucorum,0.09697988758501117,pyrenaeus,1.508480527424673e-05,pratorum,True,True
295,,ARLY_PRAT_0042,/Volumes/EXT DATA/IDMB/derived/Bombus/collection/images/ARLY_PRAT_0042_P_1.jpg,monticola,0.9575058316723418,pyrenaeus,0.041334157486497256,sichelii,0.0008276224160721644,monticola,True,True
296,,ARLY_PRAT_0042,/Volumes/EXT DATA/IDMB/derived/Bombus/collection/images/ARLY_PRAT_0042_P_2.jpg,pyrenaeus,0.5855159884701531,monticola,0.4134790645176526,lapidarius,0.0005450458504107784,monticola,False,True
297,,ARLY_PRAT_0042,/Volumes/EXT DATA/IDMB/derived/Bombus/collection/images/ARLY_PRAT_0042_S_1.jpg,monticola,0.5317837743338336,pyrenaeus,0.4681279443857126,lapidarius,4.8562504540718375e-05,monticola,True,True
298,,ARLY_PRAT_0042,/Volumes/EXT DATA/IDMB/derived/Bombus/collection/images/ARLY_PRAT_0042_S_2.jpg,pyrenaeus,0.8561642061020815,monticola,0.14167951511746177,lapidarius,0.0016324421748905309,monticola,False,True
299,,ARLY_PRAT_0042,/Volumes/EXT DATA/IDMB/derived/Bombus/collection/images/ARLY_PRAT_0042_S_3.jpg,monticola,0.9072211604654263,pyrenaeus,0.09233344514866042,sichelii,0.0001663228329666165,monticola,True,True
300,,ARLY_PRAT_0043,/Volumes/EXT DATA/IDMB/derived/Bombus/collection/images/ARLY_PRAT_0043_P_1.jpg,monticola,0.999691700645041,lapidarius,0.0002038539539599772,pyrenaeus,8.894407772273966e-05,monticola,True,True
301,,ARLY_PRAT_0043,/Volumes/EXT DATA/IDMB/derived/Bombus/collection/images/ARLY_PRAT_0043_P_2.jpg,monticola,0.9984676515167166,pyrenaeus,0.001188629450678065,soroeensis,0.0002731200770756853,monticola,True,True
302,,ARLY_PRAT_0043,/Volumes/EXT DATA/IDMB/derived/Bombus/collection/images/ARLY_PRAT_0043_S_1.jpg,monticola,0.995821295187325,lapidarius,0.0018659110760832188,pyrenaeus,0.0012236936809491635,monticola,True,True
303,,ARLY_PRAT_0043,/Volumes/EXT DATA/IDMB/derived/Bombus/collection/images/ARLY_PRAT_0043_S_2.jpg,monticola,0.9987067799821358,lapidarius,0.0007239783417785977,pyrenaeus,0.00040170315868231723,monticola,True,True
304,,ARLY_PRAT_0043,/Volumes/EXT DATA/IDMB/derived/Bombus/collection/images/ARLY_PRAT_0043_S_3.jpg,monticola,0.994016065717537,lapidarius,0.0038080572688711,pyrenaeus,0.0014820913135745926,monticola,True,True
305,,ARLY_PRAT_0044,/Volumes/EXT DATA/IDMB/derived/Bombus/collection/images/ARLY_PRAT_0044_P_1.jpg,pratorum,0.9999986706025925,lucorum,8.507702881337779e-07,soroeensis,3.378041304344016e-07,pratorum,True,True
306,,ARLY_PRAT_0044,/Volumes/EXT DATA/IDMB/derived/Bombus/collection/images/ARLY_PRAT_0044_P_2.jpg,pratorum,0.9999779025974639,lucorum,1.2271100969514281e-05,soroeensis,8.753557319775659e-06,pratorum,True,True
307,,ARLY_PRAT_0044,/Volumes/EXT DATA/IDMB/derived/Bombus/collection/images/ARLY_PRAT_0044_S_1.jpg,pratorum,0.9999969727340835,wurflenii,1.3980125329888338e-06,soroeensis,1.371222767341281e-06,pratorum,True,True
308,,ARLY_PRAT_0044,/Volumes/EXT DATA/IDMB/derived/Bombus/collection/images/ARLY_PRAT_0044_S_2.jpg,pratorum,0.9999226245271352,soroeensis,7.193449579246976e-05,lucorum,2.5101702908987275e-06,pratorum,True,True
309,,ARLY_PRAT_0044,/Volumes/EXT DATA/IDMB/derived/Bombus/collection/images/ARLY_PRAT_0044_S_3.jpg,pratorum,0.9999840348492643,soroeensis,1.0217422982903146e-05,wurflenii,3.5850658961769093e-06,pratorum,True,True
310,,ARLY_PRAT_0045,/Volumes/EXT DATA/IDMB/derived/Bombus/collection/images/ARLY_PRAT_0045_P_1.jpg,pratorum,0.9984413036556029,pomorum,0.000853509499285755,sylvarum,0.0007017913650304835,pratorum,True,True
311,,ARLY_PRAT_0045,/Volumes/EXT DATA/IDMB/derived/Bombus/collection/images/ARLY_PRAT_0045_P_2.jpg,pratorum,0.9999712040490139,pomorum,1.5676367568069898e-05,sylvarum,1.2008919779067765e-05,pratorum,True,True
312,,ARLY_PRAT_0045,/Volumes/EXT DATA/IDMB/derived/Bombus/collection/images/ARLY_PRAT_0045_S_1.jpg,pratorum,0.9996111796072202,pomorum,0.00023281625293633692,sylvarum,0.00013612445886688785,pratorum,True,True
313,,ARLY_PRAT_0045,/Volumes/EXT DATA/IDMB/derived/Bombus/collection/images/ARLY_PRAT_0045_S_2.jpg,pratorum,0.9999725961941038,sylvarum,1.3689690563543706e-05,pomorum,1.0831416537148698e-05,pratorum,True,True
314,,ARLY_PRAT_0045,/Volumes/EXT DATA/IDMB/derived/Bombus/collection/images/ARLY_PRAT_0045_S_3.jpg,pratorum,0.999494988756467,sylvarum,0.0003959822922502445,pomorum,0.00010001046375374095,pratorum,True,True
315,,ARLY_PRAT_0046,/Volumes/EXT DATA/IDMB/derived/Bombus/collection/images/ARLY_PRAT_0046_P_1.jpg,soroeensis,0.9999557066059541,monticola,2.8755520668603523e-05,pyrenaeus,8.476161961438484e-06,pratorum,False,False
316,,ARLY_PRAT_0046,/Volumes/EXT DATA/IDMB/derived/Bombus/collection/images/ARLY_PRAT_0046_P_2.jpg,pratorum,0.9999631035960398,lucorum,1.712041399821415e-05,sylvarum,1.3957709010873597e-05,pratorum,True,True
317,,ARLY_PRAT_0046,/Volumes/EXT DATA/IDMB/derived/Bombus/collection/images/ARLY_PRAT_0046_P_3.jpg,soroeensis,0.9989456840580013,pyrenaeus,0.00048389215915183086,monticola,0.00040277366607301596,pratorum,False,False
318,,ARLY_PRAT_0046,/Volumes/EXT DATA/IDMB/derived/Bombus/collection/images/ARLY_PRAT_0046_P_4.jpg,pratorum,0.9998187363094062,sylvarum,9.928215860167272e-05,lucorum,7.040627601499286e-05,pratorum,True,True
319,,ARLY_PRAT_0046,/Volumes/EXT DATA/IDMB/derived/Bombus/collection/images/ARLY_PRAT_0046_S_1.jpg,pratorum,0.9997685948739469,sylvarum,0.00018981966160902696,lucorum,3.902421073120977e-05,pratorum,True,True
320,,ARLY_PRAT_0046,/Volumes/EXT DATA/IDMB/derived/Bombus/collection/images/ARLY_PRAT_0046_S_2.jpg,soroeensis,0.99978883606157,pyrenaeus,0.0001762078512994052,monticola,1.847821508784351e-05,pratorum,False,False
321,,ARLY_PRAT_0046,/Volumes/EXT DATA/IDMB/derived/Bombus/collection/images/ARLY_PRAT_0046_S_3.jpg,soroeensis,0.9942226031234472,pyrenaeus,0.004776849518212049,sichelii,0.0008953103748517022,pratorum,False,False
322,,ARLY_PRAT_0046,/Volumes/EXT DATA/IDMB/derived/Bombus/collection/images/ARLY_PRAT_0046_S_4.jpg,pratorum,0.9997951696596453,lucorum,0.00010876120421771142,sylvarum,8.683216570066685e-05,pratorum,True,True
323,,ARLY_PRAT_0046,/Volumes/EXT DATA/IDMB/derived/Bombus/collection/images/ARLY_PRAT_0046_S_5.jpg,pratorum,0.9995822233676344,lucorum,0.0003190656744992263,sylvarum,9.717232989461042e-05,pratorum,True,True
324,,ARLY_PRAT_0046,/Volumes/EXT DATA/IDMB/derived/Bombus/collection/images/ARLY_PRAT_0046_S_6.jpg,soroeensis,0.9997289954692136,pyrenaeus,0.0002113541369850791,lapidarius,4.417646923312844e-05,pratorum,False,False
325,,ARLY_PRAT_0047,/Volumes/EXT DATA/IDMB/derived/Bombus/collection/images/ARLY_PRAT_0047_P_1.jpg,monticola,0.9970537039799264,soroeensis,0.002048730047134304,sichelii,0.0004488187391699547,monticola,True,True
326,,ARLY_PRAT_0047,/Volumes/EXT DATA/IDMB/derived/Bombus/collection/images/ARLY_PRAT_0047_P_2.jpg,monticola,0.998023566176211,pyrenaeus,0.0009249974248111361,soroeensis,0.0008977317246106393,monticola,True,True
327,,ARLY_PRAT_0047,/Volumes/EXT DATA/IDMB/derived/Bombus/collection/images/ARLY_PRAT_0047_S_1.jpg,monticola,0.9990344981433537,pyrenaeus,0.0007924031876576764,sichelii,9.987647762356174e-05,monticola,True,True
328,,ARLY_PRAT_0047,/Volumes/EXT DATA/IDMB/derived/Bombus/collection/images/ARLY_PRAT_0047_S_2.jpg,monticola,0.9995276291880633,pyrenaeus,0.0004155696409456619,soroeensis,3.610674890541562e-05,monticola,True,True
329,,ARLY_PRAT_0047,/Volumes/EXT DATA/IDMB/derived/Bombus/collection/images/ARLY_PRAT_0047_S_3.jpg,monticola,0.9902534341713171,pyrenaeus,0.008584478222213296,lapidarius,0.0011041522591992911,monticola,True,True
330,,ARLY_PRAT_0048,/Volumes/EXT DATA/IDMB/derived/Bombus/collection/images/ARLY_PRAT_0048_P_1.jpg,monticola,0.9712775774793239,soroeensis,0.028429864930462054,pyrenaeus,0.00026199498852117506,monticola,True,True
331,,ARLY_PRAT_0048,/Volumes/EXT DATA/IDMB/derived/Bombus/collection/images/ARLY_PRAT_0048_P_2.jpg,monticola,0.9425555369097184,soroeensis,0.05626470072137609,pyrenaeus,0.0011609811455954415,monticola,True,True
332,,ARLY_PRAT_0048,/Volumes/EXT DATA/IDMB/derived/Bombus/collection/images/ARLY_PRAT_0048_S_1.jpg,monticola,0.9717124320579416,soroeensis,0.028249124982345736,lapidarius,3.492676897581987e-05,monticola,True,True
333,,ARLY_PRAT_0048,/Volumes/EXT DATA/IDMB/derived/Bombus/collection/images/ARLY_PRAT_0048_S_2.jpg,monticola,0.9554166896744738,soroeensis,0.0445546840015944,pyrenaeus,1.884403568239281e-05,monticola,True,True
334,,ARLY_PRAT_0048,/Volumes/EXT DATA/IDMB/derived/Bombus/collection/images/ARLY_PRAT_0048_S_3.jpg,monticola,0.9255451902543583,soroeensis,0.0742972559161295,pyrenaeus,0.00011528757412496953,monticola,True,True
335,,ARLY_PRAT_0049,/Volumes/EXT DATA/IDMB/derived/Bombus/collection/images/ARLY_PRAT_0049_P_1.jpg,monticola,0.954509062960576,pyrenaeus,0.04540835254769201,lapidarius,5.8265765042880214e-05,monticola,True,True
336,,ARLY_PRAT_0049,/Volumes/EXT DATA/IDMB/derived/Bombus/collection/images/ARLY_PRAT_0049_P_2.jpg,monticola,0.9746686855014527,pyrenaeus,0.024890644037254342,lapidarius,0.0002985421973454988,monticola,True,True
337,,ARLY_PRAT_0049,/Volumes/EXT DATA/IDMB/derived/Bombus/collection/images/ARLY_PRAT_0049_S_1.jpg,monticola,0.9987233670561473,lapidarius,0.0006366281164852322,pyrenaeus,0.0005447147052275319,monticola,True,True
338,,ARLY_PRAT_0049,/Volumes/EXT DATA/IDMB/derived/Bombus/collection/images/ARLY_PRAT_0049_S_2.jpg,monticola,0.9980056023082419,pyrenaeus,0.0014264295473427355,soroeensis,0.0004725685579785686,monticola,True,True
339,,ARLY_PRAT_0049,/Volumes/EXT DATA/IDMB/derived/Bombus/collection/images/ARLY_PRAT_0049_S_3.jpg,monticola,0.9945837810588861,pyrenaeus,0.005266418756985268,lapidarius,0.00013497442429985987,monticola,True,True
340,,ARLY_PRAT_0050,/Volumes/EXT DATA/IDMB/derived/Bombus/collection/images/ARLY_PRAT_0050_P_1.jpg,monticola,0.9693079545827958,soroeensis,0.030529726751521782,pyrenaeus,0.00015408757169381324,monticola,True,True
341,,ARLY_PRAT_0050,/Volumes/EXT DATA/IDMB/derived/Bombus/collection/images/ARLY_PRAT_0050_P_2.jpg,monticola,0.934733512776474,soroeensis,0.04930445683387344,lapidarius,0.011723998742285711,monticola,True,True
342,,ARLY_PRAT_0050,/Volumes/EXT DATA/IDMB/derived/Bombus/collection/images/ARLY_PRAT_0050_S_1.jpg,monticola,0.8539338178411752,soroeensis,0.14480240389965482,lapidarius,0.001130104571095849,monticola,True,True
343,,ARLY_PRAT_0050,/Volumes/EXT DATA/IDMB/derived/Bombus/collection/images/ARLY_PRAT_0050_S_2.jpg,monticola,0.9750900048992457,soroeensis,0.022530710472310273,lapidarius,0.002093448889132776,monticola,True,True
344,,ARLY_PRAT_0050,/Volumes/EXT DATA/IDMB/derived/Bombus/collection/images/ARLY_PRAT_0050_S_3.jpg,monticola,0.908054060115918,soroeensis,0.08977156091506935,lapidarius,0.0010433472713292685,monticola,True,True
345,,ARLY_PRAT_0051,/Volumes/EXT DATA/IDMB/derived/Bombus/collection/images/ARLY_PRAT_0051_P_1.jpg,monticola,0.9998082951394586,pyrenaeus,0.0001889633995139418,soroeensis,2.5362335707975543e-06,monticola,True,True
346,,ARLY_PRAT_0051,/Volumes/EXT DATA/IDMB/derived/Bombus/collection/images/ARLY_PRAT_0051_P_2.jpg,monticola,0.9926211311329527,pyrenaeus,0.006882338078485917,soroeensis,0.0004947500594521603,monticola,True,True
347,,ARLY_PRAT_0051,/Volumes/EXT DATA/IDMB/derived/Bombus/collection/images/ARLY_PRAT_0051_S_1.jpg,monticola,0.9966433926989295,pyrenaeus,0.002763559192384151,soroeensis,0.0005917401396355359,monticola,True,True
348,,ARLY_PRAT_0051,/Volumes/EXT DATA/IDMB/derived/Bombus/collection/images/ARLY_PRAT_0051_S_2.jpg,monticola,0.9915702703992705,pyrenaeus,0.00805766499228932,soroeensis,0.0003636340673310309,monticola,True,True
349,,ARLY_PRAT_0051,/Volumes/EXT DATA/IDMB/derived/Bombus/collection/images/ARLY_PRAT_0051_S_3.jpg,monticola,0.9986419252707095,soroeensis,0.0006882631877823326,pyrenaeus,0.0006676067903173933,monticola,True,True
350,,ARLY_PRAT_0052,/Volumes/EXT DATA/IDMB/derived/Bombus/collection/images/ARLY_PRAT_0052_P_1.jpg,monticola,0.9999967292050738,pyrenaeus,1.5398821566999577e-06,soroeensis,9.49812151334658e-07,monticola,True,True
351,,ARLY_PRAT_0052,/Volumes/EXT DATA/IDMB/derived/Bombus/collection/images/ARLY_PRAT_0052_P_2.jpg,monticola,0.9999902998565381,soroeensis,7.946337530466787e-06,pyrenaeus,1.3701830480404883e-06,monticola,True,True
352,,ARLY_PRAT_0052,/Volumes/EXT DATA/IDMB/derived/Bombus/collection/images/ARLY_PRAT_0052_S_1.jpg,monticola,0.9999971882165934,pyrenaeus,1.984472874893819e-06,soroeensis,4.5625677535248957e-07,monticola,True,True
353,,ARLY_PRAT_0052,/Volumes/EXT DATA/IDMB/derived/Bombus/collection/images/ARLY_PRAT_0052_S_2.jpg,monticola,0.9998474954272601,pyrenaeus,0.00014651596322365294,lapidarius,4.796328452685484e-06,monticola,True,True
354,,ARLY_PRAT_0052,/Volumes/EXT DATA/IDMB/derived/Bombus/collection/images/ARLY_PRAT_0052_S_3.jpg,monticola,0.9996746216376667,pyrenaeus,0.00029698118724059454,soroeensis,2.775254937958644e-05,monticola,True,True
355,,ARLY_PRAT_0053,/Volumes/EXT DATA/IDMB/derived/Bombus/collection/images/ARLY_PRAT_0053_P_1.jpg,pyrenaeus,0.9993497228184479,lapidarius,0.000388469992167291,sichelii,0.0001670868175805346,pyrenaeus,True,True
356,,ARLY_PRAT_0053,/Volumes/EXT DATA/IDMB/derived/Bombus/collection/images/ARLY_PRAT_0053_P_2.jpg,pyrenaeus,0.9999064034176226,monticola,6.212094776583232e-05,sichelii,1.571586591127702e-05,pyrenaeus,True,True
357,,ARLY_PRAT_0053,/Volumes/EXT DATA/IDMB/derived/Bombus/collection/images/ARLY_PRAT_0053_S_1.jpg,pyrenaeus,0.9996910904681932,sichelii,0.00026197667202962143,lapidarius,3.834247230056527e-05,pyrenaeus,True,True
358,,ARLY_PRAT_0053,/Volumes/EXT DATA/IDMB/derived/Bombus/collection/images/ARLY_PRAT_0053_S_2.jpg,pyrenaeus,0.9999734764265733,monticola,1.3683258888352976e-05,lapidarius,7.5530316883113804e-06,pyrenaeus,True,True
359,,ARLY_PRAT_0053,/Volumes/EXT DATA/IDMB/derived/Bombus/collection/images/ARLY_PRAT_0053_S_3.jpg,pyrenaeus,0.9999010782872951,sichelii,8.13077070309767e-05,monticola,8.64480469321786e-06,pyrenaeus,True,True
360,,ARLY_PRAT_0054,/Volumes/EXT DATA/IDMB/derived/Bombus/collection/images/ARLY_PRAT_0054_P_1.jpg,pratorum,0.9999202245457091,soroeensis,7.7173248351372e-05,pyrenaeus,2.4895137223686665e-06,pratorum,True,True
361,,ARLY_PRAT_0054,/Volumes/EXT DATA/IDMB/derived/Bombus/collection/images/ARLY_PRAT_0054_P_2.jpg,pratorum,0.9989776250648634,soroeensis,0.0010121471626785374,pyrenaeus,5.560765450158055e-06,pratorum,True,True
362,,ARLY_PRAT_0054,/Volumes/EXT DATA/IDMB/derived/Bombus/collection/images/ARLY_PRAT_0054_S_1.jpg,pratorum,0.9999579749078963,pyrenaeus,2.5484276640601586e-05,soroeensis,1.6289990693969778e-05,pratorum,True,True
363,,ARLY_PRAT_0054,/Volumes/EXT DATA/IDMB/derived/Bombus/collection/images/ARLY_PRAT_0054_S_2.jpg,pratorum,0.9999594742421783,soroeensis,3.862896860634278e-05,pyrenaeus,1.039330409725611e-06,pratorum,True,True
364,,ARLY_PRAT_0054,/Volumes/EXT DATA/IDMB/derived/Bombus/collection/images/ARLY_PRAT_0054_S_3.jpg,pratorum,0.999702554889591,soroeensis,0.0002900194512117462,pyrenaeus,4.875103302343206e-06,pratorum,True,True
365,,ARLY_PRAT_0055,/Volumes/EXT DATA/IDMB/derived/Bombus/collection/images/ARLY_PRAT_0055_P_1.jpg,monticola,0.9994590787564208,pyrenaeus,0.00024452077835752017,soroeensis,0.00020722024652528674,monticola,True,True
366,,ARLY_PRAT_0055,/Volumes/EXT DATA/IDMB/derived/Bombus/collection/images/ARLY_PRAT_0055_P_2.jpg,monticola,0.999178939919444,pyrenaeus,0.00039276619705206495,soroeensis,0.0003399748787981544,monticola,True,True
367,,ARLY_PRAT_0055,/Volumes/EXT DATA/IDMB/derived/Bombus/collection/images/ARLY_PRAT_0055_S_1.jpg,monticola,0.9994141153357041,pyrenaeus,0.0002649196429672932,soroeensis,0.00024225110961031903,monticola,True,True
368,,ARLY_PRAT_0055,/Volumes/EXT DATA/IDMB/derived/Bombus/collection/images/ARLY_PRAT_0055_S_2.jpg,monticola,0.9998874400024903,pyrenaeus,5.825383507746867e-05,soroeensis,4.200338349670801e-05,monticola,True,True
369,,ARLY_PRAT_0055,/Volumes/EXT DATA/IDMB/derived/Bombus/collection/images/ARLY_PRAT_0055_S_3.jpg,monticola,0.99873606440354,pyrenaeus,0.0007408442891499927,soroeensis,0.00046744888412419896,monticola,True,True
370,,ARLY_PRAT_0056,/Volumes/EXT DATA/IDMB/derived/Bombus/collection/images/ARLY_PRAT_0056_P_1.jpg,pyrenaeus,0.9860419672886096,sichelii,0.007909589985350086,lapidarius,0.005799736412284709,pyrenaeus,True,True
371,,ARLY_PRAT_0056,/Volumes/EXT DATA/IDMB/derived/Bombus/collection/images/ARLY_PRAT_0056_P_2.jpg,pyrenaeus,0.992057731497937,lapidarius,0.00496462749748619,sichelii,0.002469660816712291,pyrenaeus,True,True
372,,ARLY_PRAT_0056,/Volumes/EXT DATA/IDMB/derived/Bombus/collection/images/ARLY_PRAT_0056_S_1.jpg,pyrenaeus,0.881285998382171,sichelii,0.10448844422490142,lapidarius,0.013569945008185832,pyrenaeus,True,True
373,,ARLY_PRAT_0056,/Volumes/EXT DATA/IDMB/derived/Bombus/collection/images/ARLY_PRAT_0056_S_2.jpg,pyrenaeus,0.9594983699017243,sichelii,0.022842330117468,lapidarius,0.01727028886897082,pyrenaeus,True,True
374,,ARLY_PRAT_0056,/Volumes/EXT DATA/IDMB/derived/Bombus/collection/images/ARLY_PRAT_0056_S_3.jpg,pyrenaeus,0.9941619515390893,lapidarius,0.0038360860651200103,sichelii,0.0016579767248203997,pyrenaeus,True,True
375,,ARLY_PRAT_0057,/Volumes/EXT DATA/IDMB/derived/Bombus/collection/images/ARLY_PRAT_0057_P_1.jpg,pyrenaeus,0.8288345636427984,soroeensis,0.09292463455164801,pratorum,0.07608052196531061,pyrenaeus,True,True
376,,ARLY_PRAT_0057,/Volumes/EXT DATA/IDMB/derived/Bombus/collection/images/ARLY_PRAT_0057_P_2.jpg,pyrenaeus,0.9801839661188622,pratorum,0.010651959844708821,soroeensis,0.008936144675667819,pyrenaeus,True,True
377,,ARLY_PRAT_0057,/Volumes/EXT DATA/IDMB/derived/Bombus/collection/images/ARLY_PRAT_0057_S_1.jpg,pyrenaeus,0.5400412087590363,soroeensis,0.40383509076127294,pratorum,0.04803617820738456,pyrenaeus,True,True
378,,ARLY_PRAT_0057,/Volumes/EXT DATA/IDMB/derived/Bombus/collection/images/ARLY_PRAT_0057_S_2.jpg,pyrenaeus,0.9075795283470552,soroeensis,0.0512578378807017,pratorum,0.04095297085478913,pyrenaeus,True,True
379,,ARLY_PRAT_0057,/Volumes/EXT DATA/IDMB/derived/Bombus/collection/images/ARLY_PRAT_0057_S_3.jpg,pyrenaeus,0.7997013635991004,soroeensis,0.1425484883921249,pratorum,0.05613559737525737,pyrenaeus,True,True
380,,ARLY_PRAT_0058,/Volumes/EXT DATA/IDMB/derived/Bombus/collection/images/ARLY_PRAT_0058_P_1.jpg,pyrenaeus,0.7787809174243615,pratorum,0.22119155054304743,monticola,1.6641757048123543e-05,pyrenaeus,True,True
381,,ARLY_PRAT_0058,/Volumes/EXT DATA/IDMB/derived/Bombus/collection/images/ARLY_PRAT_0058_P_2.jpg,pyrenaeus,0.9217967484290759,pratorum,0.07816929464084303,soroeensis,1.46117509542657e-05,pyrenaeus,True,True
382,,ARLY_PRAT_0058,/Volumes/EXT DATA/IDMB/derived/Bombus/collection/images/ARLY_PRAT_0058_S_1.jpg,pratorum,0.6403900024574659,pyrenaeus,0.35959969320313306,monticola,8.299307767355437e-06,pyrenaeus,False,True
383,,ARLY_PRAT_0058,/Volumes/EXT DATA/IDMB/derived/Bombus/collection/images/ARLY_PRAT_0058_S_2.jpg,pyrenaeus,0.9241922775519289,pratorum,0.07580542722868669,soroeensis,1.1315688369559406e-06,pyrenaeus,True,True
384,,ARLY_PRAT_0058,/Volumes/EXT DATA/IDMB/derived/Bombus/collection/images/ARLY_PRAT_0058_S_3.jpg,pyrenaeus,0.7930623034635608,pratorum,0.20693196953855458,sichelii,4.55255855332946e-06,pyrenaeus,True,True
385,,ARLY_PRAT_0059,/Volumes/EXT DATA/IDMB/derived/Bombus/collection/images/ARLY_PRAT_0059_P_1.jpg,pyrenaeus,0.9866089077108733,monticola,0.012576916230996806,soroeensis,0.0006490793865116378,pyrenaeus,True,True
386,,ARLY_PRAT_0059,/Volumes/EXT DATA/IDMB/derived/Bombus/collection/images/ARLY_PRAT_0059_P_2.jpg,pyrenaeus,0.9648539023808961,soroeensis,0.020611601647806982,monticola,0.014063144392717962,pyrenaeus,True,True
387,,ARLY_PRAT_0059,/Volumes/EXT DATA/IDMB/derived/Bombus/collection/images/ARLY_PRAT_0059_S_1.jpg,pyrenaeus,0.9946797711444584,monticola,0.0038974768905329386,soroeensis,0.0012541044054618236,pyrenaeus,True,True
388,,ARLY_PRAT_0059,/Volumes/EXT DATA/IDMB/derived/Bombus/collection/images/ARLY_PRAT_0059_S_2.jpg,pyrenaeus,0.9716324868045338,monticola,0.022214027755058575,soroeensis,0.006059143438394047,pyrenaeus,True,True
389,,ARLY_PRAT_0059,/Volumes/EXT DATA/IDMB/derived/Bombus/collection/images/ARLY_PRAT_0059_S_3.jpg,pyrenaeus,0.9967694425887896,monticola,0.003175390272431891,soroeensis,2.92422561598408e-05,pyrenaeus,True,True
390,,ARLY_PRAT_0060,/Volumes/EXT DATA/IDMB/derived/Bombus/collection/images/ARLY_PRAT_0060_P_1.jpg,ruderarius,0.9998381342920359,sylvarum,0.00016186151006675217,pomorum,4.19747756659667e-09,pratorum,False,False
391,,ARLY_PRAT_0060,/Volumes/EXT DATA/IDMB/derived/Bombus/collection/images/ARLY_PRAT_0060_P_2.jpg,ruderarius,0.999950663363315,sylvarum,4.933625532746931e-05,pomorum,3.8127928024990217e-10,pratorum,False,False
392,,ARLY_PRAT_0060,/Volumes/EXT DATA/IDMB/derived/Bombus/collection/images/ARLY_PRAT_0060_S_1.jpg,ruderarius,0.9990784970082524,sylvarum,0.0009214977752588325,pomorum,4.425752430538834e-09,pratorum,False,False
393,,ARLY_PRAT_0060,/Volumes/EXT DATA/IDMB/derived/Bombus/collection/images/ARLY_PRAT_0060_S_2.jpg,ruderarius,0.9999586489573133,sylvarum,4.131978576750322e-05,pomorum,3.099696074993533e-08,pratorum,False,False
394,,ARLY_PRAT_0060,/Volumes/EXT DATA/IDMB/derived/Bombus/collection/images/ARLY_PRAT_0060_S_3.jpg,ruderarius,0.9990170825676774,sylvarum,0.0009828913771809538,pomorum,2.4878033964746026e-08,pratorum,False,False
395,,ARLY_PRAT_0061,/Volumes/EXT DATA/IDMB/derived/Bombus/collection/images/ARLY_PRAT_0061_P_1.jpg,pratorum,0.9999975694190002,soroeensis,1.5640330847946051e-06,pomorum,4.0276887153417485e-07,pratorum,True,True
396,,ARLY_PRAT_0061,/Volumes/EXT DATA/IDMB/derived/Bombus/collection/images/ARLY_PRAT_0061_P_2.jpg,pratorum,0.999994296052425,pomorum,5.015723949852326e-06,soroeensis,3.380714411561117e-07,pratorum,True,True
397,,ARLY_PRAT_0061,/Volumes/EXT DATA/IDMB/derived/Bombus/collection/images/ARLY_PRAT_0061_S_1.jpg,pratorum,0.9999945977535678,pyrenaeus,2.41379318015954e-06,pomorum,2.396536175085855e-06,pratorum,True,True
398,,ARLY_PRAT_0061,/Volumes/EXT DATA/IDMB/derived/Bombus/collection/images/ARLY_PRAT_0061_S_2.jpg,pratorum,0.9999498154298253,pyrenaeus,3.2574998385173074e-05,soroeensis,9.231696731455006e-06,pratorum,True,True
399,,ARLY_PRAT_0061,/Volumes/EXT DATA/IDMB/derived/Bombus/collection/images/ARLY_PRAT_0061_S_3.jpg,pratorum,0.9999206922300672,pyrenaeus,3.7848382686095e-05,pomorum,2.2416628979935207e-05,pratorum,True,True
400,,ARLY_PRAT_0062,/Volumes/EXT DATA/IDMB/derived/Bombus/collection/images/ARLY_PRAT_0062_P_1.jpg,pratorum,0.9938675313080392,sylvarum,0.004882779386113813,ruderarius,0.0012348515208353077,pratorum,True,True
401,,ARLY_PRAT_0062,/Volumes/EXT DATA/IDMB/derived/Bombus/collection/images/ARLY_PRAT_0062_P_2.jpg,pratorum,0.9725925992073116,ruderarius,0.023947096285805092,sylvarum,0.003447347226650121,pratorum,True,True
402,,ARLY_PRAT_0062,/Volumes/EXT DATA/IDMB/derived/Bombus/collection/images/ARLY_PRAT_0062_S_1.jpg,pratorum,0.9982427636161043,ruderarius,0.001279656508541416,pyrenaeus,0.00031329411898896233,pratorum,True,True
403,,ARLY_PRAT_0062,/Volumes/EXT DATA/IDMB/derived/Bombus/collection/images/ARLY_PRAT_0062_S_2.jpg,pratorum,0.9965923938235723,ruderarius,0.0027722609712350355,sylvarum,0.00021823007273882335,pratorum,True,True
404,,ARLY_PRAT_0062,/Volumes/EXT DATA/IDMB/derived/Bombus/collection/images/ARLY_PRAT_0062_S_3.jpg,pratorum,0.9992858218796343,ruderarius,0.0006225460855394702,pyrenaeus,5.242684212543322e-05,pratorum,True,True
405,,ARLY_PRAT_0063,/Volumes/EXT DATA/IDMB/derived/Bombus/collection/images/ARLY_PRAT_0063_P_1.jpg,pratorum,0.999824158637414,pyrenaeus,7.557384317177334e-05,soroeensis,6.0928012707891803e-05,pratorum,True,True
406,,ARLY_PRAT_0063,/Volumes/EXT DATA/IDMB/derived/Bombus/collection/images/ARLY_PRAT_0063_P_2.jpg,pratorum,0.9997218127336656,pyrenaeus,0.00018536948034126625,soroeensis,8.866289393855321e-05,pratorum,True,True
407,,ARLY_PRAT_0063,/Volumes/EXT DATA/IDMB/derived/Bombus/collection/images/ARLY_PRAT_0063_S_1.jpg,pratorum,0.9992536099163645,lucorum,0.0007057524909703102,pyrenaeus,2.0345089637986164e-05,pratorum,True,True
408,,ARLY_PRAT_0063,/Volumes/EXT DATA/IDMB/derived/Bombus/collection/images/ARLY_PRAT_0063_S_2.jpg,pratorum,0.9999503693416575,pyrenaeus,2.5906924165342434e-05,lucorum,1.7760783022982092e-05,pratorum,True,True
409,,ARLY_PRAT_0063,/Volumes/EXT DATA/IDMB/derived/Bombus/collection/images/ARLY_PRAT_0063_S_3.jpg,pratorum,0.9996509321249069,soroeensis,0.0002015169900404783,pyrenaeus,0.00014469784830782554,pratorum,True,True
410,,ARLY_PRAT_0064,/Volumes/EXT DATA/IDMB/derived/Bombus/collection/images/ARLY_PRAT_0064_P_1.jpg,pratorum,0.9996336858696601,soroeensis,0.00025008270121420985,pyrenaeus,0.00011608072343007587,pratorum,True,True
411,,ARLY_PRAT_0064,/Volumes/EXT DATA/IDMB/derived/Bombus/collection/images/ARLY_PRAT_0064_P_2.jpg,pratorum,0.9999834595082234,soroeensis,1.1931515577401383e-05,pyrenaeus,4.513970731258779e-06,pratorum,True,True
412,,ARLY_PRAT_0064,/Volumes/EXT DATA/IDMB/derived/Bombus/collection/images/ARLY_PRAT_0064_S_1.jpg,pratorum,0.9995515545339319,pyrenaeus,0.00024156560383305605,soroeensis,0.00020656106381744326,pratorum,True,True
413,,ARLY_PRAT_0064,/Volumes/EXT DATA/IDMB/derived/Bombus/collection/images/ARLY_PRAT_0064_S_2.jpg,pratorum,0.9986241814758949,soroeensis,0.0008159202825423341,pyrenaeus,0.0005598564023409771,pratorum,True,True
414,,ARLY_PRAT_0064,/Volumes/EXT DATA/IDMB/derived/Bombus/collection/images/ARLY_PRAT_0064_S_3.jpg,pratorum,0.997470747722598,pyrenaeus,0.0019302415830707424,soroeensis,0.0005980759858750981,pratorum,True,True
415,,ARLY_PRAT_0065,/Volumes/EXT DATA/IDMB/derived/Bombus/collection/images/ARLY_PRAT_0065_P_1.jpg,pratorum,0.9949699047573886,sylvarum,0.004807622782625525,soroeensis,0.00015698156650677058,pratorum,True,True
416,,ARLY_PRAT_0065,/Volumes/EXT DATA/IDMB/derived/Bombus/collection/images/ARLY_PRAT_0065_P_2.jpg,pratorum,0.7913516475207684,sylvarum,0.20842914169234653,pomorum,0.00014607537593744346,pratorum,True,True
417,,ARLY_PRAT_0065,/Volumes/EXT DATA/IDMB/derived/Bombus/collection/images/ARLY_PRAT_0065_S_1.jpg,pratorum,0.9918063729435755,sylvarum,0.008101637789537722,soroeensis,6.666530953525326e-05,pratorum,True,True
418,,ARLY_PRAT_0065,/Volumes/EXT DATA/IDMB/derived/Bombus/collection/images/ARLY_PRAT_0065_S_2.jpg,pratorum,0.9341328194931395,sylvarum,0.06563984093285637,soroeensis,0.00011815648628974847,pratorum,True,True
419,,ARLY_PRAT_0065,/Volumes/EXT DATA/IDMB/derived/Bombus/collection/images/ARLY_PRAT_0065_S_3.jpg,pratorum,0.9588887661075604,sylvarum,0.0409748766069851,soroeensis,0.00010179798878683961,pratorum,True,True
420,,ARLY_SORO_0002,/Volumes/EXT DATA/IDMB/derived/Bombus/collection/images/ARLY_SORO_0002_P_1.jpg,sylvarum,0.81841626353715,ruderarius,0.17179946668162072,pomorum,0.009784129539436125,sylvarum,True,True
421,,ARLY_SORO_0002,/Volumes/EXT DATA/IDMB/derived/Bombus/collection/images/ARLY_SORO_0002_P_2.jpg,pomorum,0.8591384122256734,sylvarum,0.12437824220490004,ruderarius,0.016473739754438672,sylvarum,False,True
422,,ARLY_SORO_0002,/Volumes/EXT DATA/IDMB/derived/Bombus/collection/images/ARLY_SORO_0002_S_1.jpg,sylvarum,0.87470972215539,ruderarius,0.11904500071944428,pomorum,0.00623970854234467,sylvarum,True,True
423,,ARLY_SORO_0002,/Volumes/EXT DATA/IDMB/derived/Bombus/collection/images/ARLY_SORO_0002_S_2.jpg,sylvarum,0.9568517896210811,pomorum,0.03363135266500704,ruderarius,0.009516297494298075,sylvarum,True,True
424,,ARLY_SORO_0002,/Volumes/EXT DATA/IDMB/derived/Bombus/collection/images/ARLY_SORO_0002_S_3.jpg,sylvarum,0.9916062503562287,ruderarius,0.008371565699888537,pomorum,2.2176167667397726e-05,sylvarum,True,True
425,,ARLY_SORO_0003,/Volumes/EXT DATA/IDMB/derived/Bombus/collection/images/ARLY_SORO_0003_P_1.jpg,ruderarius,0.999665753007454,sylvarum,0.00033367511921252496,wurflenii,4.7334168170418305e-07,ruderarius,True,True
426,,ARLY_SORO_0003,/Volumes/EXT DATA/IDMB/derived/Bombus/collection/images/ARLY_SORO_0003_P_2.jpg,ruderarius,0.9996396581505795,sylvarum,0.0003603187397395655,pratorum,1.583936718045347e-08,ruderarius,True,True
427,,ARLY_SORO_0003,/Volumes/EXT DATA/IDMB/derived/Bombus/collection/images/ARLY_SORO_0003_S_1.jpg,ruderarius,0.9997799646010012,sylvarum,0.00021994847644760102,pomorum,5.9508094276756226e-08,ruderarius,True,True
428,,ARLY_SORO_0003,/Volumes/EXT DATA/IDMB/derived/Bombus/collection/images/ARLY_SORO_0003_S_2.jpg,ruderarius,0.9968318802430597,sylvarum,0.003168115185220192,wurflenii,3.750687729248809e-09,ruderarius,True,True
429,,ARLY_SORO_0003,/Volumes/EXT DATA/IDMB/derived/Bombus/collection/images/ARLY_SORO_0003_S_3.jpg,ruderarius,0.9993272183496233,sylvarum,0.0006727795162617914,pomorum,1.6699382040968338e-09,ruderarius,True,True
430,,ARLY_SORO_0004,/Volumes/EXT DATA/IDMB/derived/Bombus/collection/images/ARLY_SORO_0004_P_1.jpg,ruderarius,0.999958809258357,sylvarum,4.117571806531807e-05,pratorum,1.2040967437383963e-08,ruderarius,True,True
431,,ARLY_SORO_0004,/Volumes/EXT DATA/IDMB/derived/Bombus/collection/images/ARLY_SORO_0004_P_2.jpg,ruderarius,0.9998263999819825,sylvarum,0.00017348606626579947,pomorum,1.0979830531498152e-07,ruderarius,True,True
432,,ARLY_SORO_0004,/Volumes/EXT DATA/IDMB/derived/Bombus/collection/images/ARLY_SORO_0004_S_1.jpg,ruderarius,0.9999747958053102,sylvarum,2.5117685870119648e-05,pomorum,8.625937806069028e-08,ruderarius,True,True
433,,ARLY_SORO_0004,/Volumes/EXT DATA/IDMB/derived/Bombus/collection/images/ARLY_SORO_0004_S_2.jpg,ruderarius,0.9999620020221294,sylvarum,3.78445802033078e-05,pomorum,1.4085678890321474e-07,ruderarius,True,True
434,,ARLY_SORO_0004,/Volumes/EXT DATA/IDMB/derived/Bombus/collection/images/ARLY_SORO_0004_S_3.jpg,ruderarius,0.9999861091504002,sylvarum,1.3826975404644114e-05,pomorum,6.230317160409235e-08,ruderarius,True,True
435,,ARLY_SORO_0005,/Volumes/EXT DATA/IDMB/derived/Bombus/collection/images/ARLY_SORO_0005_P_1.jpg,sichelii,0.834911309713177,lapidarius,0.16480493281328693,soroeensis,0.00014984802675536166,sichelii,True,True
436,,ARLY_SORO_0005,/Volumes/EXT DATA/IDMB/derived/Bombus/collection/images/ARLY_SORO_0005_P_2.jpg,sichelii,0.9059588590231828,lapidarius,0.09231060769781779,soroeensis,0.0012435927678054188,sichelii,True,True
437,,ARLY_SORO_0005,/Volumes/EXT DATA/IDMB/derived/Bombus/collection/images/ARLY_SORO_0005_S_1.jpg,sichelii,0.962168749901262,lapidarius,0.018537046529772835,pyrenaeus,0.012503176901441641,sichelii,True,True
438,,ARLY_SORO_0005,/Volumes/EXT DATA/IDMB/derived/Bombus/collection/images/ARLY_SORO_0005_S_2.jpg,sichelii,0.9994614981130135,lapidarius,0.0003360565070732816,soroeensis,0.00012941318274222463,sichelii,True,True
439,,ARLY_SORO_0005,/Volumes/EXT DATA/IDMB/derived/Bombus/collection/images/ARLY_SORO_0005_S_3.jpg,sichelii,0.9888122180635069,lapidarius,0.009382128115181701,pyrenaeus,0.0013923594922416974,sichelii,True,True
440,,ARLY_SORO_0006,/Volumes/EXT DATA/IDMB/derived/Bombus/collection/images/ARLY_SORO_0006_P_1.jpg,sylvarum,0.999985909019971,ruderarius,1.4090978881238798e-05,pomorum,1.0649214839362665e-12,sylvarum,True,True
441,,ARLY_SORO_0006,/Volumes/EXT DATA/IDMB/derived/Bombus/collection/images/ARLY_SORO_0006_P_2.jpg,sylvarum,0.9999554168427808,ruderarius,4.458315640538458e-05,pomorum,8.070624061794896e-13,sylvarum,True,True
442,,ARLY_SORO_0006,/Volumes/EXT DATA/IDMB/derived/Bombus/collection/images/ARLY_SORO_0006_S_1.jpg,sylvarum,0.9999638980067747,ruderarius,3.610193267463848e-05,pomorum,5.967635661040209e-11,sylvarum,True,True
443,,ARLY_SORO_0006,/Volumes/EXT DATA/IDMB/derived/Bombus/collection/images/ARLY_SORO_0006_S_2.jpg,sylvarum,0.9992309851697614,ruderarius,0.0007690147867828313,pomorum,4.345581912503935e-11,sylvarum,True,True
444,,ARLY_SORO_0006,/Volumes/EXT DATA/IDMB/derived/Bombus/collection/images/ARLY_SORO_0006_S_3.jpg,sylvarum,0.999905573756461,ruderarius,9.442621454308656e-05,pomorum,2.8985730902828766e-11,sylvarum,True,True
445,,ARLY_SORO_0007,/Volumes/EXT DATA/IDMB/derived/Bombus/collection/images/ARLY_SORO_0007_P_1.jpg,ruderarius,0.6744002563498713,pomorum,0.3248684995673487,sylvarum,0.0005479401779580664,pomorum,False,True
446,,ARLY_SORO_0007,/Volumes/EXT DATA/IDMB/derived/Bombus/collection/images/ARLY_SORO_0007_P_2.jpg,ruderarius,0.781003404041616,pomorum,0.21807356081026638,sylvarum,0.0006532580473396484,pomorum,False,True
447,,ARLY_SORO_0007,/Volumes/EXT DATA/IDMB/derived/Bombus/collection/images/ARLY_SORO_0007_S_1.jpg,pomorum,0.5231168902200601,ruderarius,0.4767301715850503,sylvarum,0.0001379144694086339,pomorum,True,True
448,,ARLY_SORO_0007,/Volumes/EXT DATA/IDMB/derived/Bombus/collection/images/ARLY_SORO_0007_S_2.jpg,pomorum,0.9954164749170268,ruderarius,0.004572182391210589,pratorum,7.088850043679633e-06,pomorum,True,True
449,,ARLY_SORO_0007,/Volumes/EXT DATA/IDMB/derived/Bombus/collection/images/ARLY_SORO_0007_S_3.jpg,pomorum,0.9886606451962708,ruderarius,0.01133188262042479,sylvarum,4.776712187399075e-06,pomorum,True,True
450,,ARLY_SORO_0008,/Volumes/EXT DATA/IDMB/derived/Bombus/collection/images/ARLY_SORO_0008_P_1.jpg,sylvarum,0.9911051242478454,ruderarius,0.008894580379912828,pomorum,2.9534922756955576e-07,sylvarum,True,True
451,,ARLY_SORO_0008,/Volumes/EXT DATA/IDMB/derived/Bombus/collection/images/ARLY_SORO_0008_P_2.jpg,sylvarum,0.9836156801107282,ruderarius,0.016384088258247723,pomorum,2.3155400617505485e-07,sylvarum,True,True
452,,ARLY_SORO_0008,/Volumes/EXT DATA/IDMB/derived/Bombus/collection/images/ARLY_SORO_0008_S_1.jpg,sylvarum,0.94269504185611,ruderarius,0.05730491042875502,pomorum,4.771341620084824e-08,sylvarum,True,True
453,,ARLY_SORO_0008,/Volumes/EXT DATA/IDMB/derived/Bombus/collection/images/ARLY_SORO_0008_S_2.jpg,sylvarum,0.9765946905900287,ruderarius,0.023394978189588498,pomorum,1.033108010629471e-05,sylvarum,True,True
454,,ARLY_SORO_0008,/Volumes/EXT DATA/IDMB/derived/Bombus/collection/images/ARLY_SORO_0008_S_3.jpg,sylvarum,0.9903048975640282,ruderarius,0.009694450236291586,pomorum,6.521993581600815e-07,sylvarum,True,True
455,,ARLY_SORO_0009,/Volumes/EXT DATA/IDMB/derived/Bombus/collection/images/ARLY_SORO_0009_P_1.jpg,sylvarum,0.9998396910026516,ruderarius,0.00015886959405290798,pomorum,1.4276937609149547e-06,sylvarum,True,True
456,,ARLY_SORO_0009,/Volumes/EXT DATA/IDMB/derived/Bombus/collection/images/ARLY_SORO_0009_P_2.jpg,sylvarum,0.9994119730611172,ruderarius,0.0005870040050439957,pratorum,8.856967497526151e-07,sylvarum,True,True
457,,ARLY_SORO_0009,/Volumes/EXT DATA/IDMB/derived/Bombus/collection/images/ARLY_SORO_0009_S_1.jpg,sylvarum,0.9990498640045944,ruderarius,0.0009498614194318927,pomorum,2.7422815634406846e-07,sylvarum,True,True
458,,ARLY_SORO_0009,/Volumes/EXT DATA/IDMB/derived/Bombus/collection/images/ARLY_SORO_0009_S_2.jpg,sylvarum,0.9994022354786798,ruderarius,0.0005976688201196227,pratorum,8.150218449430888e-08,sylvarum,True,True
459,,ARLY_SORO_0009,/Volumes/EXT DATA/IDMB/derived/Bombus/collection/images/ARLY_SORO_0009_S_3.jpg,sylvarum,0.999626706206938,ruderarius,0.00037312282615736245,pomorum,1.4596208859279902e-07,sylvarum,True,True
460,,ARLY_SORO_0010,/Volumes/EXT DATA/IDMB/derived/Bombus/collection/images/ARLY_SORO_0010_P_1.jpg,soroeensis,0.9999889916599247,monticola,8.45676039740605e-06,pratorum,1.716652518069558e-06,soroeensis,True,True
461,,ARLY_SORO_0010,/Volumes/EXT DATA/IDMB/derived/Bombus/collection/images/ARLY_SORO_0010_P_2.jpg,soroeensis,0.9999775763453436,pratorum,2.0364089421822364e-05,pyrenaeus,1.618092142616772e-06,soroeensis,True,True
462,,ARLY_SORO_0010,/Volumes/EXT DATA/IDMB/derived/Bombus/collection/images/ARLY_SORO_0010_S_1.jpg,soroeensis,0.9999910088481712,monticola,6.210835122254094e-06,pratorum,1.8022743792064776e-06,soroeensis,True,True
463,,ARLY_SORO_0010,/Volumes/EXT DATA/IDMB/derived/Bombus/collection/images/ARLY_SORO_0010_S_2.jpg,soroeensis,0.9998185717159874,pyrenaeus,0.00013282663175100676,pratorum,2.7783660609236244e-05,soroeensis,True,True
464,,ARLY_SORO_0010,/Volumes/EXT DATA/IDMB/derived/Bombus/collection/images/ARLY_SORO_0010_S_3.jpg,soroeensis,0.9999216268220572,pyrenaeus,3.631437178427113e-05,pratorum,2.119955019476945e-05,soroeensis,True,True
465,,ARLY_SORO_0011,/Volumes/EXT DATA/IDMB/derived/Bombus/collection/images/ARLY_SORO_0011_P_1.jpg,soroeensis,0.9984739478275904,sichelii,0.0009162649937852164,pyrenaeus,0.00041231182447935887,soroeensis,True,True
466,,ARLY_SORO_0011,/Volumes/EXT DATA/IDMB/derived/Bombus/collection/images/ARLY_SORO_0011_P_2.jpg,soroeensis,0.9974916190880749,sichelii,0.0016253159457937576,pyrenaeus,0.0005869179965023033,soroeensis,True,True
467,,ARLY_SORO_0011,/Volumes/EXT DATA/IDMB/derived/Bombus/collection/images/ARLY_SORO_0011_S_1.jpg,soroeensis,0.9858531864986685,sichelii,0.011506438891217496,monticola,0.0022873349941876482,soroeensis,True,True
468,,ARLY_SORO_0011,/Volumes/EXT DATA/IDMB/derived/Bombus/collection/images/ARLY_SORO_0011_S_2.jpg,soroeensis,0.9908617530512283,pyrenaeus,0.005143988695946458,sichelii,0.0022116164218574704,soroeensis,True,True
469,,ARLY_SORO_0011,/Volumes/EXT DATA/IDMB/derived/Bombus/collection/images/ARLY_SORO_0011_S_3.jpg,soroeensis,0.9967735347148143,sichelii,0.0022218220206997033,pyrenaeus,0.0006751984609308386,soroeensis,True,True
470,,ARLY_SORO_0012,/Volumes/EXT DATA/IDMB/derived/Bombus/collection/images/ARLY_SORO_0012_P_1.jpg,ruderarius,0.8789853642124047,sylvarum,0.1210140859505373,pratorum,5.149175327963588e-07,ruderarius,True,True
471,,ARLY_SORO_0012,/Volumes/EXT DATA/IDMB/derived/Bombus/collection/images/ARLY_SORO_0012_P_2.jpg,ruderarius,0.8405550657320878,sylvarum,0.15944389283866164,pratorum,1.0091944497262019e-06,ruderarius,True,True
472,,ARLY_SORO_0012,/Volumes/EXT DATA/IDMB/derived/Bombus/collection/images/ARLY_SORO_0012_S_1.jpg,ruderarius,0.9729988671873627,sylvarum,0.027000866304411085,pratorum,2.53124797034922e-07,ruderarius,True,True
473,,ARLY_SORO_0012,/Volumes/EXT DATA/IDMB/derived/Bombus/collection/images/ARLY_SORO_0012_S_2.jpg,ruderarius,0.8110978941270952,sylvarum,0.1889021003939211,pratorum,4.195538272064627e-09,ruderarius,True,True
474,,ARLY_SORO_0012,/Volumes/EXT DATA/IDMB/derived/Bombus/collection/images/ARLY_SORO_0012_S_3.jpg,ruderarius,0.5343966931835953,sylvarum,0.46560317811106,pomorum,1.1513435376155073e-07,ruderarius,True,True
475,,ARLY_SORO_0013,/Volumes/EXT DATA/IDMB/derived/Bombus/collection/images/ARLY_SORO_0013_P_1.jpg,soroeensis,0.9589168286724994,pyrenaeus,0.02360965008670851,pratorum,0.013977969757825824,soroeensis,True,True
476,,ARLY_SORO_0013,/Volumes/EXT DATA/IDMB/derived/Bombus/collection/images/ARLY_SORO_0013_P_2.jpg,soroeensis,0.82453823109327,pyrenaeus,0.15977823227763324,pratorum,0.014706776511610635,soroeensis,True,True
477,,ARLY_SORO_0013,/Volumes/EXT DATA/IDMB/derived/Bombus/collection/images/ARLY_SORO_0013_S_1.jpg,soroeensis,0.9779140440443098,monticola,0.016373377123089217,pyrenaeus,0.0032468940111486442,soroeensis,True,True
478,,ARLY_SORO_0013,/Volumes/EXT DATA/IDMB/derived/Bombus/collection/images/ARLY_SORO_0013_S_2.jpg,soroeensis,0.5679257718557942,pyrenaeus,0.3518967316977421,pratorum,0.07425891677779126,soroeensis,True,True
479,,ARLY_SORO_0013,/Volumes/EXT DATA/IDMB/derived/Bombus/collection/images/ARLY_SORO_0013_S_3.jpg,soroeensis,0.9574958984439467,pratorum,0.027840893740015023,pyrenaeus,0.013339100277966413,soroeensis,True,True
480,,ARLY_SORO_0014,/Volumes/EXT DATA/IDMB/derived/Bombus/collection/images/ARLY_SORO_0014_P_1.jpg,soroeensis,0.9995735269673408,monticola,0.0003397869249787964,lapidarius,6.111889910851077e-05,soroeensis,True,True
481,,ARLY_SORO_0014,/Volumes/EXT DATA/IDMB/derived/Bombus/collection/images/ARLY_SORO_0014_P_2.jpg,soroeensis,0.9998583091242125,monticola,8.463631553556516e-05,sichelii,3.927266021716409e-05,soroeensis,True,True
482,,ARLY_SORO_0014,/Volumes/EXT DATA/IDMB/derived/Bombus/collection/images/ARLY_SORO_0014_S_1.jpg,soroeensis,0.999905022555847,monticola,9.102286966616793e-05,sichelii,2.6589069082404592e-06,soroeensis,True,True
483,,ARLY_SORO_0014,/Volumes/EXT DATA/IDMB/derived/Bombus/collection/images/ARLY_SORO_0014_S_2.jpg,soroeensis,0.99842348561252,monticola,0.001512447423718295,pyrenaeus,4.238716483639685e-05,soroeensis,True,True
484,,ARLY_SORO_0014,/Volumes/EXT DATA/IDMB/derived/Bombus/collection/images/ARLY_SORO_0014_S_3.jpg,soroeensis,0.9998238097982779,pyrenaeus,0.000125554951650598,monticola,3.741160122710362e-05,soroeensis,True,True
485,,ARLY_SORO_0015,/Volumes/EXT DATA/IDMB/derived/Bombus/collection/images/ARLY_SORO_0015_P_1.jpg,sylvarum,0.9825946070896929,pomorum,0.013769852839204556,ruderarius,0.0036355284402884466,sylvarum,True,True
486,,ARLY_SORO_0015,/Volumes/EXT DATA/IDMB/derived/Bombus/collection/images/ARLY_SORO_0015_P_2.jpg,sylvarum,0.9715812906785699,pomorum,0.0176493658658611,ruderarius,0.010769341123960307,sylvarum,True,True
487,,ARLY_SORO_0015,/Volumes/EXT DATA/IDMB/derived/Bombus/collection/images/ARLY_SORO_0015_S_1.jpg,sylvarum,0.9988204852752557,ruderarius,0.0006773881393933801,pomorum,0.0005021265354532281,sylvarum,True,True
488,,ARLY_SORO_0015,/Volumes/EXT DATA/IDMB/derived/Bombus/collection/images/ARLY_SORO_0015_S_2.jpg,sylvarum,0.9923174705761488,pomorum,0.006661088567098264,ruderarius,0.0010214393822300838,sylvarum,True,True
489,,ARLY_SORO_0015,/Volumes/EXT DATA/IDMB/derived/Bombus/collection/images/ARLY_SORO_0015_S_3.jpg,sylvarum,0.9957174180161149,pomorum,0.003324727440165869,ruderarius,0.0009578511035384438,sylvarum,True,True
490,,ARLY_SORO_0016,/Volumes/EXT DATA/IDMB/derived/Bombus/collection/images/ARLY_SORO_0016_P_1.jpg,sylvarum,0.9998725056359729,ruderarius,0.0001273448701526296,pomorum,1.485642872025019e-07,sylvarum,True,True
491,,ARLY_SORO_0016,/Volumes/EXT DATA/IDMB/derived/Bombus/collection/images/ARLY_SORO_0016_P_2.jpg,sylvarum,0.9992007347774847,ruderarius,0.0007988914483686028,pomorum,3.726160432508452e-07,sylvarum,True,True
492,,ARLY_SORO_0016,/Volumes/EXT DATA/IDMB/derived/Bombus/collection/images/ARLY_SORO_0016_S_1.jpg,sylvarum,0.999656842824484,ruderarius,0.00034295361276139643,pomorum,1.9954532674056167e-07,sylvarum,True,True
493,,ARLY_SORO_0016,/Volumes/EXT DATA/IDMB/derived/Bombus/collection/images/ARLY_SORO_0016_S_2.jpg,sylvarum,0.990626034758094,ruderarius,0.009373266693157323,pomorum,6.744816089858456e-07,sylvarum,True,True
494,,ARLY_SORO_0016,/Volumes/EXT DATA/IDMB/derived/Bombus/collection/images/ARLY_SORO_0016_S_3.jpg,sylvarum,0.9994752524756904,ruderarius,0.0005247449537826443,pomorum,2.5077174674150223e-09,sylvarum,True,True
495,,ARLY_SORO_0017,/Volumes/EXT DATA/IDMB/derived/Bombus/collection/images/ARLY_SORO_0017_P_1.jpg,sylvarum,0.9996705620714283,ruderarius,0.0003281417550519917,pomorum,1.2622574924398732e-06,sylvarum,True,True
496,,ARLY_SORO_0017,/Volumes/EXT DATA/IDMB/derived/Bombus/collection/images/ARLY_SORO_0017_P_2.jpg,sylvarum,0.9994146004914979,ruderarius,0.0005789822282347075,pomorum,6.38554742004992e-06,sylvarum,True,True
497,,ARLY_SORO_0017,/Volumes/EXT DATA/IDMB/derived/Bombus/collection/images/ARLY_SORO_0017_S_1.jpg,sylvarum,0.999860967412986,ruderarius,9.823355660475868e-05,pomorum,4.034854590092999e-05,sylvarum,True,True
498,,ARLY_SORO_0017,/Volumes/EXT DATA/IDMB/derived/Bombus/collection/images/ARLY_SORO_0017_S_2.jpg,sylvarum,0.9984326190824669,ruderarius,0.0013639096366495208,pomorum,0.00020346429440086058,sylvarum,True,True
499,,ARLY_SORO_0017,/Volumes/EXT DATA/IDMB/derived/Bombus/collection/images/ARLY_SORO_0017_S_3.jpg,sylvarum,0.9995175115807265,ruderarius,0.0004759409420693652,pomorum,6.4158707490369445e-06,sylvarum,True,True
500,,ARLY_SORO_0018,/Volumes/EXT DATA/IDMB/derived/Bombus/collection/images/ARLY_SORO_0018_P_1.jpg,sylvarum,0.9968958918453471,ruderarius,0.003101410280321948,pomorum,2.5113896032701225e-06,sylvarum,True,True
501,,ARLY_SORO_0018,/Volumes/EXT DATA/IDMB/derived/Bombus/collection/images/ARLY_SORO_0018_P_2.jpg,sylvarum,0.999864751330757,ruderarius,0.00013433784732064314,pomorum,6.949083826182047e-07,sylvarum,True,True
502,,ARLY_SORO_0018,/Volumes/EXT DATA/IDMB/derived/Bombus/collection/images/ARLY_SORO_0018_S_1.jpg,sylvarum,0.9989891620892289,ruderarius,0.0009907567047676633,pratorum,1.9842541036962015e-05,sylvarum,True,True
503,,ARLY_SORO_0018,/Volumes/EXT DATA/IDMB/derived/Bombus/collection/images/ARLY_SORO_0018_S_2.jpg,sylvarum,0.9986994822541049,ruderarius,0.0012995689006961172,pratorum,6.629507259260999e-07,sylvarum,True,True
504,,ARLY_SORO_0018,/Volumes/EXT DATA/IDMB/derived/Bombus/collection/images/ARLY_SORO_0018_S_3.jpg,sylvarum,0.9989540881042751,ruderarius,0.0010434154104202792,pratorum,2.3877700998930924e-06,sylvarum,True,True
505,,ARLY_SORO_0019,/Volumes/EXT DATA/IDMB/derived/Bombus/collection/images/ARLY_SORO_0019_P_1.jpg,sylvarum,0.9999112419113435,ruderarius,8.85994373436323e-05,pomorum,8.445488717608882e-08,sylvarum,True,True
506,,ARLY_SORO_0019,/Volumes/EXT DATA/IDMB/derived/Bombus/collection/images/ARLY_SORO_0019_P_2.jpg,sylvarum,0.9995803083747143,ruderarius,0.00041968767607210685,pratorum,2.7360098761087296e-09,sylvarum,True,True
507,,ARLY_SORO_0019,/Volumes/EXT DATA/IDMB/derived/Bombus/collection/images/ARLY_SORO_0019_S_1.jpg,sylvarum,0.999748613541641,ruderarius,0.00025121696147554617,pratorum,8.497139753368655e-08,sylvarum,True,True
508,,ARLY_SORO_0019,/Volumes/EXT DATA/IDMB/derived/Bombus/collection/images/ARLY_SORO_0019_S_2.jpg,sylvarum,0.9998262313098598,ruderarius,0.00017366780550906184,pomorum,9.281569313048198e-08,sylvarum,True,True
509,,ARLY_SORO_0019,/Volumes/EXT DATA/IDMB/derived/Bombus/collection/images/ARLY_SORO_0019_S_3.jpg,sylvarum,0.9999649534322795,ruderarius,3.503656433952467e-05,pomorum,9.503614711339432e-09,sylvarum,True,True
510,,ARLY_SORO_0020,/Volumes/EXT DATA/IDMB/derived/Bombus/collection/images/ARLY_SORO_0020_P_1.jpg,soroeensis,0.9979378943465546,pyrenaeus,0.0019492500650178822,monticola,9.044111612344942e-05,soroeensis,True,True
511,,ARLY_SORO_0020,/Volumes/EXT DATA/IDMB/derived/Bombus/collection/images/ARLY_SORO_0020_P_2.jpg,soroeensis,0.9745806282475602,pyrenaeus,0.025198866642429124,monticola,0.00010984986763029744,soroeensis,True,True
512,,ARLY_SORO_0020,/Volumes/EXT DATA/IDMB/derived/Bombus/collection/images/ARLY_SORO_0020_S_1.jpg,soroeensis,0.9992450808754703,pyrenaeus,0.0007432619912580967,monticola,5.874252778097781e-06,soroeensis,True,True
513,,ARLY_SORO_0020,/Volumes/EXT DATA/IDMB/derived/Bombus/collection/images/ARLY_SORO_0020_S_2.jpg,soroeensis,0.9980904036292318,pyrenaeus,0.0018697171289612856,monticola,1.9426850877124577e-05,soroeensis,True,True
514,,ARLY_SORO_0020,/Volumes/EXT DATA/IDMB/derived/Bombus/collection/images/ARLY_SORO_0020_S_3.jpg,soroeensis,0.999614687543049,pyrenaeus,0.0003319822913856249,monticola,4.846175119518697e-05,soroeensis,True,True
515,,ARLY_SORO_0021,/Volumes/EXT DATA/IDMB/derived/Bombus/collection/images/ARLY_SORO_0021_P_1.jpg,sylvarum,0.9999999965508677,ruderarius,3.4252908925704665e-09,pomorum,1.6943865643356908e-11,sylvarum,True,True
516,,ARLY_SORO_0021,/Volumes/EXT DATA/IDMB/derived/Bombus/collection/images/ARLY_SORO_0021_P_2.jpg,sylvarum,0.9999999978141947,ruderarius,2.1681717147133342e-09,pomorum,1.760123836605534e-11,sylvarum,True,True
517,,ARLY_SORO_0021,/Volumes/EXT DATA/IDMB/derived/Bombus/collection/images/ARLY_SORO_0021_S_1.jpg,sylvarum,0.999999998539779,ruderarius,1.4592290541406784e-09,pomorum,8.117720682406687e-13,sylvarum,True,True
518,,ARLY_SORO_0021,/Volumes/EXT DATA/IDMB/derived/Bombus/collection/images/ARLY_SORO_0021_S_2.jpg,sylvarum,0.9999999981299277,ruderarius,1.8669557654685403e-09,pomorum,3.0085233313708818e-12,sylvarum,True,True
519,,ARLY_SORO_0021,/Volumes/EXT DATA/IDMB/derived/Bombus/collection/images/ARLY_SORO_0021_S_3.jpg,sylvarum,0.9999999877225029,ruderarius,1.2241302462356512e-08,pomorum,3.477191342510566e-11,sylvarum,True,True
520,,ARLY_SORO_0022,/Volumes/EXT DATA/IDMB/derived/Bombus/collection/images/ARLY_SORO_0022_P_1.jpg,sylvarum,0.9480165470529164,pomorum,0.043359183384311564,ruderarius,0.008619565759156974,sylvarum,True,True
521,,ARLY_SORO_0022,/Volumes/EXT DATA/IDMB/derived/Bombus/collection/images/ARLY_SORO_0022_P_2.jpg,pomorum,0.5266638501109602,sylvarum,0.4644959872717418,ruderarius,0.008839053936101758,sylvarum,False,True
522,,ARLY_SORO_0022,/Volumes/EXT DATA/IDMB/derived/Bombus/collection/images/ARLY_SORO_0022_S_1.jpg,sylvarum,0.9894475869253854,ruderarius,0.009869622441057893,pomorum,0.0006809342070565915,sylvarum,True,True
523,,ARLY_SORO_0022,/Volumes/EXT DATA/IDMB/derived/Bombus/collection/images/ARLY_SORO_0022_S_2.jpg,sylvarum,0.9799133939543747,ruderarius,0.01571909594858331,pomorum,0.0043580302456614275,sylvarum,True,True
524,,ARLY_SORO_0022,/Volumes/EXT DATA/IDMB/derived/Bombus/collection/images/ARLY_SORO_0022_S_3.jpg,sylvarum,0.9880363530542565,ruderarius,0.01189015039239904,pomorum,7.349571230588599e-05,sylvarum,True,True
525,,ARLY_SORO_0023,/Volumes/EXT DATA/IDMB/derived/Bombus/collection/images/ARLY_SORO_0023_P_1.jpg,ruderarius,0.9999992403101343,sylvarum,6.831107609309255e-07,pomorum,7.657907709140002e-08,ruderarius,True,True
526,,ARLY_SORO_0023,/Volumes/EXT DATA/IDMB/derived/Bombus/collection/images/ARLY_SORO_0023_P_2.jpg,ruderarius,0.9999995297588391,sylvarum,4.689276131305074e-07,pomorum,1.3135316490394365e-09,ruderarius,True,True
527,,ARLY_SORO_0023,/Volumes/EXT DATA/IDMB/derived/Bombus/collection/images/ARLY_SORO_0023_S_1.jpg,ruderarius,0.9999928666913842,sylvarum,7.106074995498305e-06,pomorum,2.7233329937354647e-08,ruderarius,True,True
528,,ARLY_SORO_0023,/Volumes/EXT DATA/IDMB/derived/Bombus/collection/images/ARLY_SORO_0023_S_2.jpg,ruderarius,0.9999141712205235,sylvarum,8.579829206017018e-05,pomorum,3.0395758042059406e-08,ruderarius,True,True
529,,ARLY_SORO_0023,/Volumes/EXT DATA/IDMB/derived/Bombus/collection/images/ARLY_SORO_0023_S_3.jpg,ruderarius,0.9999841741010477,sylvarum,1.5803858813999548e-05,pomorum,2.202251986992085e-08,ruderarius,True,True
530,,ARLY_SORO_0024,/Volumes/EXT DATA/IDMB/derived/Bombus/collection/images/ARLY_SORO_0024_P_1.jpg,ruderarius,0.9999307949377757,sylvarum,6.905509689203657e-05,pomorum,1.481261094470162e-07,ruderarius,True,True
531,,ARLY_SORO_0024,/Volumes/EXT DATA/IDMB/derived/Bombus/collection/images/ARLY_SORO_0024_P_2.jpg,ruderarius,0.9996120337253669,sylvarum,0.000386952288596379,pomorum,1.0139632663563483e-06,ruderarius,True,True
532,,ARLY_SORO_0024,/Volumes/EXT DATA/IDMB/derived/Bombus/collection/images/ARLY_SORO_0024_S_2.jpg,ruderarius,0.9995039490315882,sylvarum,0.000496039053519675,pomorum,1.1914882202307232e-08,ruderarius,True,True
533,,ARLY_SORO_0024,/Volumes/EXT DATA/IDMB/derived/Bombus/collection/images/ARLY_SORO_0024_S_3.jpg,ruderarius,0.9998435135123567,sylvarum,0.0001564640192249582,pomorum,2.2468414958248435e-08,ruderarius,True,True
534,,ARLY_SORO_0025,/Volumes/EXT DATA/IDMB/derived/Bombus/collection/images/ARLY_SORO_0025_P_1.jpg,ruderarius,0.994952684958757,sylvarum,0.0049320490261162845,pomorum,8.852157041236673e-05,ruderarius,True,True
535,,ARLY_SORO_0025,/Volumes/EXT DATA/IDMB/derived/Bombus/collection/images/ARLY_SORO_0025_P_2.jpg,ruderarius,0.9995664437026603,sylvarum,0.0004007291792334837,pomorum,2.651988233133047e-05,ruderarius,True,True
536,,ARLY_SORO_0025,/Volumes/EXT DATA/IDMB/derived/Bombus/collection/images/ARLY_SORO_0025_S_1.jpg,ruderarius,0.9999552001211377,sylvarum,4.039556317829265e-05,pomorum,3.770821795228154e-06,ruderarius,True,True
537,,ARLY_SORO_0025,/Volumes/EXT DATA/IDMB/derived/Bombus/collection/images/ARLY_SORO_0025_S_2.jpg,ruderarius,0.9981430874707173,sylvarum,0.0018387617434085964,pomorum,1.6985928567112586e-05,ruderarius,True,True
538,,ARLY_SORO_0025,/Volumes/EXT DATA/IDMB/derived/Bombus/collection/images/ARLY_SORO_0025_S_3.jpg,ruderarius,0.9976986812885935,sylvarum,0.0022950236020468167,pomorum,6.23505494170953e-06,ruderarius,True,True
539,,ARLY_SORO_0026,/Volumes/EXT DATA/IDMB/derived/Bombus/collection/images/ARLY_SORO_0026_P_1.jpg,ruderarius,0.9990107662793497,sylvarum,0.0009792595719480199,wurflenii,9.504869196194697e-06,ruderarius,True,True
540,,ARLY_SORO_0026,/Volumes/EXT DATA/IDMB/derived/Bombus/collection/images/ARLY_SORO_0026_P_2.jpg,ruderarius,0.9944676255569774,sylvarum,0.005477684797745012,pratorum,5.3068144759619724e-05,ruderarius,True,True
541,,ARLY_SORO_0026,/Volumes/EXT DATA/IDMB/derived/Bombus/collection/images/ARLY_SORO_0026_S_1.jpg,ruderarius,0.9992049095701312,sylvarum,0.0007461541208493763,wurflenii,2.6384890948484375e-05,ruderarius,True,True
542,,ARLY_SORO_0026,/Volumes/EXT DATA/IDMB/derived/Bombus/collection/images/ARLY_SORO_0026_S_2.jpg,ruderarius,0.999418477400039,sylvarum,0.000580573271361742,pratorum,6.455266987118853e-07,ruderarius,True,True
543,,ARLY_SORO_0026,/Volumes/EXT DATA/IDMB/derived/Bombus/collection/images/ARLY_SORO_0026_S_3.jpg,ruderarius,0.9996440949465059,sylvarum,0.0003558426296204896,pratorum,3.579577763198099e-08,ruderarius,True,True
544,,ARLY_SORO_0027,/Volumes/EXT DATA/IDMB/derived/Bombus/collection/images/ARLY_SORO_0027_P_1.jpg,ruderarius,0.99709659850113,sylvarum,0.002903401308205527,pomorum,1.9064274151545718e-10,ruderarius,True,True
545,,ARLY_SORO_0027,/Volumes/EXT DATA/IDMB/derived/Bombus/collection/images/ARLY_SORO_0027_P_2.jpg,ruderarius,0.9872986963616791,sylvarum,0.012701303594330316,pomorum,3.728541297191736e-11,ruderarius,True,True
546,,ARLY_SORO_0027,/Volumes/EXT DATA/IDMB/derived/Bombus/collection/images/ARLY_SORO_0027_S_1.jpg,ruderarius,0.9996630755812204,sylvarum,0.00033692440634408,wurflenii,6.460698401474459e-12,ruderarius,True,True
547,,ARLY_SORO_0027,/Volumes/EXT DATA/IDMB/derived/Bombus/collection/images/ARLY_SORO_0027_S_2.jpg,ruderarius,0.9915706842816217,sylvarum,0.00842931472446076,pomorum,9.932629760451252e-10,ruderarius,True,True
548,,ARLY_SORO_0027,/Volumes/EXT DATA/IDMB/derived/Bombus/collection/images/ARLY_SORO_0027_S_3.jpg,ruderarius,0.9992244738913924,sylvarum,0.0007755261038892295,pomorum,4.615917997717095e-12,ruderarius,True,True
549,,ARLY_SORO_0028,/Volumes/EXT DATA/IDMB/derived/Bombus/collection/images/ARLY_SORO_0028_P_1.jpg,ruderarius,0.9976231719586702,sylvarum,0.0018281227719689952,pomorum,0.0005459288339011853,ruderarius,True,True
550,,ARLY_SORO_0028,/Volumes/EXT DATA/IDMB/derived/Bombus/collection/images/ARLY_SORO_0028_P_2.jpg,ruderarius,0.9925262067564744,sylvarum,0.007473636765386254,pomorum,1.5254326718754155e-07,ruderarius,True,True
551,,ARLY_SORO_0028,/Volumes/EXT DATA/IDMB/derived/Bombus/collection/images/ARLY_SORO_0028_S_1.jpg,ruderarius,0.9933679748010337,sylvarum,0.006626700326761761,pomorum,5.171958127833499e-06,ruderarius,True,True
552,,ARLY_SORO_0028,/Volumes/EXT DATA/IDMB/derived/Bombus/collection/images/ARLY_SORO_0028_S_2.jpg,ruderarius,0.998343752413152,sylvarum,0.0016439475470186162,pomorum,1.2276460390252211e-05,ruderarius,True,True
553,,ARLY_SORO_0028,/Volumes/EXT DATA/IDMB/derived/Bombus/collection/images/ARLY_SORO_0028_S_3.jpg,ruderarius,0.9908370136442468,sylvarum,0.009125385022077612,pomorum,3.7594527673548736e-05,ruderarius,True,True
554,,ARLY_SORO_0029,/Volumes/EXT DATA/IDMB/derived/Bombus/collection/images/ARLY_SORO_0029_P_1.jpg,ruderarius,0.9962419270547845,wurflenii,0.003513114124822327,sylvarum,0.00024369411893264813,ruderarius,True,True
555,,ARLY_SORO_0029,/Volumes/EXT DATA/IDMB/derived/Bombus/collection/images/ARLY_SORO_0029_P_2.jpg,ruderarius,0.9969271233379278,sylvarum,0.00281372105778003,wurflenii,0.0002587276800774092,ruderarius,True,True
556,,ARLY_SORO_0029,/Volumes/EXT DATA/IDMB/derived/Bombus/collection/images/ARLY_SORO_0029_S_1.jpg,wurflenii,0.9502566601520605,ruderarius,0.04967164885144019,sylvarum,6.381024633610378e-05,ruderarius,False,True
557,,ARLY_SORO_0029,/Volumes/EXT DATA/IDMB/derived/Bombus/collection/images/ARLY_SORO_0029_S_2.jpg,wurflenii,0.6847072897481397,ruderarius,0.3147743958512258,sylvarum,0.0004995255172904111,ruderarius,False,True
558,,ARLY_SORO_0029,/Volumes/EXT DATA/IDMB/derived/Bombus/collection/images/ARLY_SORO_0029_S_3.jpg,ruderarius,0.9842531866407245,wurflenii,0.014028229045114391,sylvarum,0.0016875004835646525,ruderarius,True,True
559,,ARLY_SORO_0030,/Volumes/EXT DATA/IDMB/derived/Bombus/collection/images/ARLY_SORO_0030_P_1.jpg,soroeensis,0.990136464464325,monticola,0.009216790646868402,pratorum,0.0003389771213949061,soroeensis,True,True
560,,ARLY_SORO_0030,/Volumes/EXT DATA/IDMB/derived/Bombus/collection/images/ARLY_SORO_0030_P_2.jpg,soroeensis,0.9847040219345122,monticola,0.014256716729093843,pyrenaeus,0.001023759461497241,soroeensis,True,True
561,,ARLY_SORO_0030,/Volumes/EXT DATA/IDMB/derived/Bombus/collection/images/ARLY_SORO_0030_S_1.jpg,soroeensis,0.9327041020369311,monticola,0.06303681785675981,pyrenaeus,0.0042298541774791745,soroeensis,True,True
562,,ARLY_SORO_0030,/Volumes/EXT DATA/IDMB/derived/Bombus/collection/images/ARLY_SORO_0030_S_2.jpg,soroeensis,0.9976615074932852,monticola,0.0017360559657252216,pyrenaeus,0.000594179206815791,soroeensis,True,True
563,,ARLY_SORO_0030,/Volumes/EXT DATA/IDMB/derived/Bombus/collection/images/ARLY_SORO_0030_S_3.jpg,soroeensis,0.9959009084384318,pyrenaeus,0.0027517237074560514,monticola,0.0013464064323031174,soroeensis,True,True
564,,ARLY_SORO_0031,/Volumes/EXT DATA/IDMB/derived/Bombus/collection/images/ARLY_SORO_0031_P_1.jpg,sylvarum,0.9940970857129048,ruderarius,0.0058670877362130384,pomorum,3.574679324442054e-05,sylvarum,True,True
565,,ARLY_SORO_0031,/Volumes/EXT DATA/IDMB/derived/Bombus/collection/images/ARLY_SORO_0031_P_2.jpg,sylvarum,0.8943314377787733,ruderarius,0.1054018454640971,pomorum,0.00026629481444067883,sylvarum,True,True
566,,ARLY_SORO_0031,/Volumes/EXT DATA/IDMB/derived/Bombus/collection/images/ARLY_SORO_0031_S_1.jpg,sylvarum,0.9262130794587315,ruderarius,0.06579247144679716,pomorum,0.007981319577239807,sylvarum,True,True
567,,ARLY_SORO_0031,/Volumes/EXT DATA/IDMB/derived/Bombus/collection/images/ARLY_SORO_0031_S_2.jpg,sylvarum,0.9768380927102283,ruderarius,0.01915440469234697,pomorum,0.004006210959325935,sylvarum,True,True
568,,ARLY_SORO_0031,/Volumes/EXT DATA/IDMB/derived/Bombus/collection/images/ARLY_SORO_0031_S_3.jpg,sylvarum,0.5623520286463788,ruderarius,0.4374821356233343,pomorum,0.00016499916768432753,sylvarum,True,True
569,,ARLY_SORO_0032,/Volumes/EXT DATA/IDMB/derived/Bombus/collection/images/ARLY_SORO_0032_P_1.jpg,ruderarius,0.9995772974990126,sylvarum,0.0003334768722636034,pomorum,8.922181280875371e-05,soroeensis,False,False
570,,ARLY_SORO_0032,/Volumes/EXT DATA/IDMB/derived/Bombus/collection/images/ARLY_SORO_0032_P_2.jpg,ruderarius,0.9979468484004695,sylvarum,0.0018808162385368242,pomorum,0.00017231952903612048,soroeensis,False,False
571,,ARLY_SORO_0032,/Volumes/EXT DATA/IDMB/derived/Bombus/collection/images/ARLY_SORO_0032_S_1.jpg,ruderarius,0.988101042902558,sylvarum,0.011781756467678267,pomorum,0.00011103195485930899,soroeensis,False,False
572,,ARLY_SORO_0032,/Volumes/EXT DATA/IDMB/derived/Bombus/collection/images/ARLY_SORO_0032_S_2.jpg,ruderarius,0.9983616312518587,sylvarum,0.0016271904613559046,pomorum,9.692734546762169e-06,soroeensis,False,False
573,,ARLY_SORO_0032,/Volumes/EXT DATA/IDMB/derived/Bombus/collection/images/ARLY_SORO_0032_S_3.jpg,ruderarius,0.999892292885575,sylvarum,6.419023587982727e-05,pomorum,4.337747551618655e-05,soroeensis,False,False
574,,ARLY_SORO_0033,/Volumes/EXT DATA/IDMB/derived/Bombus/collection/images/ARLY_SORO_0033_P_1.jpg,ruderarius,0.9978636605118002,sylvarum,0.002132592928909883,pomorum,3.746559253232276e-06,ruderarius,True,True
575,,ARLY_SORO_0033,/Volumes/EXT DATA/IDMB/derived/Bombus/collection/images/ARLY_SORO_0033_P_2.jpg,ruderarius,0.9993823775398724,sylvarum,0.0004323876218347875,pomorum,0.00018523483516530182,ruderarius,True,True
576,,ARLY_SORO_0033,/Volumes/EXT DATA/IDMB/derived/Bombus/collection/images/ARLY_SORO_0033_S_1.jpg,ruderarius,0.9983464425390193,sylvarum,0.0016490753641014064,pomorum,4.482096398805434e-06,ruderarius,True,True
577,,ARLY_SORO_0033,/Volumes/EXT DATA/IDMB/derived/Bombus/collection/images/ARLY_SORO_0033_S_2.jpg,ruderarius,0.9814499155963209,sylvarum,0.018423123714588718,pomorum,0.00012696068029017778,ruderarius,True,True
578,,ARLY_SORO_0033,/Volumes/EXT DATA/IDMB/derived/Bombus/collection/images/ARLY_SORO_0033_S_3.jpg,ruderarius,0.9940032357885702,sylvarum,0.0059905245085326644,pomorum,6.239700078750089e-06,ruderarius,True,True
579,,ARLY_SORO_0034,/Volumes/EXT DATA/IDMB/derived/Bombus/collection/images/ARLY_SORO_0034_P_1.jpg,sylvarum,0.5789600282635458,ruderarius,0.42103628115616043,pomorum,2.839623420742787e-06,sylvarum,True,True
580,,ARLY_SORO_0034,/Volumes/EXT DATA/IDMB/derived/Bombus/collection/images/ARLY_SORO_0034_P_2.jpg,ruderarius,0.9298703082266954,sylvarum,0.07012755248662476,pratorum,1.6479035841803907e-06,sylvarum,False,True
581,,ARLY_SORO_0034,/Volumes/EXT DATA/IDMB/derived/Bombus/collection/images/ARLY_SORO_0034_S_1.jpg,ruderarius,0.8786856988905439,sylvarum,0.12129802328319625,pomorum,1.5458991483377523e-05,sylvarum,False,True
582,,ARLY_SORO_0034,/Volumes/EXT DATA/IDMB/derived/Bombus/collection/images/ARLY_SORO_0034_S_2.jpg,ruderarius,0.7910880107002098,sylvarum,0.20891125211106484,pratorum,5.006657429929287e-07,sylvarum,False,True
583,,ARLY_SORO_0034,/Volumes/EXT DATA/IDMB/derived/Bombus/collection/images/ARLY_SORO_0034_S_3.jpg,ruderarius,0.8839566772030203,sylvarum,0.1160421935427978,pomorum,8.745968549897093e-07,sylvarum,False,True
584,,ARLY_SORO_0035,/Volumes/EXT DATA/IDMB/derived/Bombus/collection/images/ARLY_SORO_0035_P_1.jpg,ruderarius,0.9996907249240241,sylvarum,0.0001986789607124245,pomorum,0.00011059497075308431,ruderarius,True,True
585,,ARLY_SORO_0035,/Volumes/EXT DATA/IDMB/derived/Bombus/collection/images/ARLY_SORO_0035_P_2.jpg,ruderarius,0.9997335212952663,pomorum,0.00020525962450800722,sylvarum,6.12182706537639e-05,ruderarius,True,True
586,,ARLY_SORO_0035,/Volumes/EXT DATA/IDMB/derived/Bombus/collection/images/ARLY_SORO_0035_S_1.jpg,ruderarius,0.9985673417285889,pomorum,0.0014210483237997247,sylvarum,1.1607222140798716e-05,ruderarius,True,True
587,,ARLY_SORO_0035,/Volumes/EXT DATA/IDMB/derived/Bombus/collection/images/ARLY_SORO_0035_S_2.jpg,ruderarius,0.9351039134614312,pomorum,0.0637071350156007,sylvarum,0.0011888564594127703,ruderarius,True,True
588,,ARLY_SORO_0035,/Volumes/EXT DATA/IDMB/derived/Bombus/collection/images/ARLY_SORO_0035_S_3.jpg,ruderarius,0.9999456525683252,pomorum,5.181738102519013e-05,sylvarum,2.5293481909240822e-06,ruderarius,True,True
589,,ARLY_SORO_0036,/Volumes/EXT DATA/IDMB/derived/Bombus/collection/images/ARLY_SORO_0036_P_1.jpg,soroeensis,0.999958779679469,monticola,2.790698897394871e-05,sichelii,7.438519179700116e-06,soroeensis,True,True
590,,ARLY_SORO_0036,/Volumes/EXT DATA/IDMB/derived/Bombus/collection/images/ARLY_SORO_0036_P_2.jpg,soroeensis,0.9999820555650946,monticola,8.087691009929153e-06,sichelii,4.012742455336761e-06,soroeensis,True,True
591,,ARLY_SORO_0036,/Volumes/EXT DATA/IDMB/derived/Bombus/collection/images/ARLY_SORO_0036_S_1.jpg,soroeensis,0.9998179907526894,sichelii,0.00015441638199524115,monticola,2.4455389459429396e-05,soroeensis,True,True
592,,ARLY_SORO_0036,/Volumes/EXT DATA/IDMB/derived/Bombus/collection/images/ARLY_SORO_0036_S_2.jpg,soroeensis,0.9999871430363131,sichelii,9.464712485542124e-06,monticola,2.351346234576017e-06,soroeensis,True,True
593,,ARLY_SORO_0036,/Volumes/EXT DATA/IDMB/derived/Bombus/collection/images/ARLY_SORO_0036_S_3.jpg,soroeensis,0.9999852682428968,sichelii,1.0092484480228338e-05,monticola,2.858848345323897e-06,soroeensis,True,True
594,,ARLY_SORO_0037,/Volumes/EXT DATA/IDMB/derived/Bombus/collection/images/ARLY_SORO_0037_P_1.jpg,ruderarius,0.9992025659102209,sylvarum,0.0007972480131776154,pratorum,1.4346938504991382e-07,ruderarius,True,True
595,,ARLY_SORO_0037,/Volumes/EXT DATA/IDMB/derived/Bombus/collection/images/ARLY_SORO_0037_P_2.jpg,ruderarius,0.9983580019773866,sylvarum,0.001641796559637429,pratorum,1.9970297895291415e-07,ruderarius,True,True
596,,ARLY_SORO_0037,/Volumes/EXT DATA/IDMB/derived/Bombus/collection/images/ARLY_SORO_0037_S_2.jpg,ruderarius,0.9993062127852418,sylvarum,0.0006937063281477741,pomorum,7.021709633300095e-08,ruderarius,True,True
597,,ARLY_SORO_0037,/Volumes/EXT DATA/IDMB/derived/Bombus/collection/images/ARLY_SORO_0037_S_3.jpg,ruderarius,0.9998073784956137,sylvarum,0.00019260838275098697,pratorum,1.2294681653813308e-08,ruderarius,True,True
598,,ARLY_SORO_0038,/Volumes/EXT DATA/IDMB/derived/Bombus/collection/images/ARLY_SORO_0038_P_1.jpg,ruderarius,0.9997099414859775,sylvarum,0.00028998638558759283,pomorum,7.211040267090142e-08,ruderarius,True,True
599,,ARLY_SORO_0038,/Volumes/EXT DATA/IDMB/derived/Bombus/collection/images/ARLY_SORO_0038_P_2.jpg,ruderarius,0.9998967657035244,sylvarum,0.00010290678749220707,pomorum,3.2750748343028414e-07,ruderarius,True,True
600,,ARLY_SORO_0038,/Volumes/EXT DATA/IDMB/derived/Bombus/collection/images/ARLY_SORO_0038_S_1.jpg,ruderarius,0.9999599810220401,sylvarum,3.821663926927218e-05,pomorum,1.8023203774535533e-06,ruderarius,True,True
601,,ARLY_SORO_0038,/Volumes/EXT DATA/IDMB/derived/Bombus/collection/images/ARLY_SORO_0038_S_2.jpg,ruderarius,0.9999332851185032,sylvarum,6.630227685494884e-05,pomorum,4.125933016354897e-07,ruderarius,True,True
602,,ARLY_SORO_0038,/Volumes/EXT DATA/IDMB/derived/Bombus/collection/images/ARLY_SORO_0038_S_3.jpg,ruderarius,0.999899102716143,sylvarum,9.899013619825727e-05,pomorum,1.9071464143343478e-06,ruderarius,True,True
603,,ARLY_SORO_0039,/Volumes/EXT DATA/IDMB/derived/Bombus/collection/images/ARLY_SORO_0039_P_1.jpg,wurflenii,0.9997990378648848,sichelii,0.00017900093335490656,lapidarius,2.080656791505765e-05,wurflenii,True,True
604,,ARLY_SORO_0039,/Volumes/EXT DATA/IDMB/derived/Bombus/collection/images/ARLY_SORO_0039_P_2.jpg,wurflenii,0.9998155011812498,sichelii,0.0001487447124285617,lapidarius,2.3528284567529855e-05,wurflenii,True,True
605,,ARLY_SORO_0039,/Volumes/EXT DATA/IDMB/derived/Bombus/collection/images/ARLY_SORO_0039_S_1.jpg,wurflenii,0.9999519347570275,sichelii,2.9008057789264385e-05,lapidarius,1.682452732968677e-05,wurflenii,True,True
606,,ARLY_SORO_0039,/Volumes/EXT DATA/IDMB/derived/Bombus/collection/images/ARLY_SORO_0039_S_2.jpg,wurflenii,0.999937195448599,pratorum,5.384756639584345e-05,lapidarius,6.491864698476365e-06,wurflenii,True,True
607,,ARLY_SORO_0039,/Volumes/EXT DATA/IDMB/derived/Bombus/collection/images/ARLY_SORO_0039_S_3.jpg,wurflenii,0.999980116613733,pratorum,1.4893048723472219e-05,sichelii,3.6685943224957945e-06,wurflenii,True,True
608,,ARLY_SORO_0040,/Volumes/EXT DATA/IDMB/derived/Bombus/collection/images/ARLY_SORO_0040_P_1.jpg,soroeensis,0.9987260658166445,monticola,0.0006353803838857185,lapidarius,0.00020524209250293203,soroeensis,True,True
609,,ARLY_SORO_0040,/Volumes/EXT DATA/IDMB/derived/Bombus/collection/images/ARLY_SORO_0040_P_2.jpg,soroeensis,0.9660194112243222,pratorum,0.02345515926389132,pyrenaeus,0.00806449761564644,soroeensis,True,True
610,,ARLY_SORO_0040,/Volumes/EXT DATA/IDMB/derived/Bombus/collection/images/ARLY_SORO_0040_S_1.jpg,soroeensis,0.999096187258758,pratorum,0.0004277392118715929,pyrenaeus,0.00033500667832912957,soroeensis,True,True
611,,ARLY_SORO_0040,/Volumes/EXT DATA/IDMB/derived/Bombus/collection/images/ARLY_SORO_0040_S_2.jpg,soroeensis,0.9735636076420607,pyrenaeus,0.018318948269132083,pratorum,0.007535220176453443,soroeensis,True,True
612,,ARLY_SORO_0040,/Volumes/EXT DATA/IDMB/derived/Bombus/collection/images/ARLY_SORO_0040_S_3.jpg,soroeensis,0.9998438490572117,pyrenaeus,9.903310572041243e-05,sichelii,4.0388690594907784e-05,soroeensis,True,True
613,,ARLY_SORO_0041,/Volumes/EXT DATA/IDMB/derived/Bombus/collection/images/ARLY_SORO_0041_P_1.jpg,sichelii,0.7775665739611027,lapidarius,0.21982937505739342,soroeensis,0.002167548068074563,sichelii,True,True
614,,ARLY_SORO_0041,/Volumes/EXT DATA/IDMB/derived/Bombus/collection/images/ARLY_SORO_0041_P_2.jpg,sichelii,0.6609258054255605,lapidarius,0.3334241920919468,monticola,0.0037907555688813602,sichelii,True,True
615,,ARLY_SORO_0041,/Volumes/EXT DATA/IDMB/derived/Bombus/collection/images/ARLY_SORO_0041_S_1.jpg,sichelii,0.930746627218442,lapidarius,0.05720342733609629,soroeensis,0.011041301404367005,sichelii,True,True
616,,ARLY_SORO_0041,/Volumes/EXT DATA/IDMB/derived/Bombus/collection/images/ARLY_SORO_0041_S_2.jpg,sichelii,0.8249296925590826,lapidarius,0.160797910501869,soroeensis,0.014223083266744629,sichelii,True,True
617,,ARLY_SORO_0041,/Volumes/EXT DATA/IDMB/derived/Bombus/collection/images/ARLY_SORO_0041_S_3.jpg,sichelii,0.7254705847939945,soroeensis,0.18595361753957243,lapidarius,0.07888365400403491,sichelii,True,True
618,,ARLY_SORO_0042,/Volumes/EXT DATA/IDMB/derived/Bombus/collection/images/ARLY_SORO_0042_P_1.jpg,ruderarius,0.9999657245895806,pomorum,1.5931692137055454e-05,sylvarum,1.540771812146923e-05,ruderarius,True,True
619,,ARLY_SORO_0042,/Volumes/EXT DATA/IDMB/derived/Bombus/collection/images/ARLY_SORO_0042_P_2.jpg,ruderarius,0.9998462375511737,sylvarum,0.00010773858267204456,pomorum,4.082051062928503e-05,ruderarius,True,True
620,,ARLY_SORO_0042,/Volumes/EXT DATA/IDMB/derived/Bombus/collection/images/ARLY_SORO_0042_S_1.jpg,ruderarius,0.9999697352486225,sylvarum,2.925000960201516e-05,pomorum,9.554649080487145e-07,ruderarius,True,True
621,,ARLY_SORO_0042,/Volumes/EXT DATA/IDMB/derived/Bombus/collection/images/ARLY_SORO_0042_S_2.jpg,ruderarius,0.9999974525252027,sylvarum,2.0653865467086467e-06,pomorum,2.683819964231139e-07,ruderarius,True,True
622,,ARLY_SORO_0042,/Volumes/EXT DATA/IDMB/derived/Bombus/collection/images/ARLY_SORO_0042_S_3.jpg,ruderarius,0.9999618317305221,sylvarum,2.1620613001072574e-05,pomorum,1.644544979711051e-05,ruderarius,True,True
623,,ARLY_SORO_0043,/Volumes/EXT DATA/IDMB/derived/Bombus/collection/images/ARLY_SORO_0043_P_1.jpg,ruderarius,0.9940328288247301,sylvarum,0.005966775299249234,pomorum,2.3323332339246032e-07,ruderarius,True,True
624,,ARLY_SORO_0043,/Volumes/EXT DATA/IDMB/derived/Bombus/collection/images/ARLY_SORO_0043_P_2.jpg,ruderarius,0.9842506916129006,sylvarum,0.01574924128397558,pomorum,6.64039385845743e-08,ruderarius,True,True
625,,ARLY_SORO_0043,/Volumes/EXT DATA/IDMB/derived/Bombus/collection/images/ARLY_SORO_0043_S_1.jpg,ruderarius,0.9981342933739189,sylvarum,0.0018657014718532607,pomorum,4.404852699552811e-09,ruderarius,True,True
626,,ARLY_SORO_0043,/Volumes/EXT DATA/IDMB/derived/Bombus/collection/images/ARLY_SORO_0043_S_2.jpg,ruderarius,0.9977299788426934,sylvarum,0.002268538850896138,pomorum,1.4767229084647374e-06,ruderarius,True,True
627,,ARLY_SORO_0043,/Volumes/EXT DATA/IDMB/derived/Bombus/collection/images/ARLY_SORO_0043_S_3.jpg,ruderarius,0.9235620304616956,sylvarum,0.07643785123957145,pomorum,1.0906225626299541e-07,ruderarius,True,True
628,,ARLY_SORO_0044,/Volumes/EXT DATA/IDMB/derived/Bombus/collection/images/ARLY_SORO_0044_P_1.jpg,ruderarius,0.9984646132102546,sylvarum,0.001535382633222109,pomorum,3.92641786699168e-09,ruderarius,True,True
629,,ARLY_SORO_0044,/Volumes/EXT DATA/IDMB/derived/Bombus/collection/images/ARLY_SORO_0044_P_2.jpg,ruderarius,0.9993389613220338,sylvarum,0.0006610326321779296,pomorum,5.907425325881155e-09,ruderarius,True,True
630,,ARLY_SORO_0044,/Volumes/EXT DATA/IDMB/derived/Bombus/collection/images/ARLY_SORO_0044_S_1.jpg,ruderarius,0.9984124660281898,sylvarum,0.001587514678152525,pomorum,1.7713140264026442e-08,ruderarius,True,True
631,,ARLY_SORO_0044,/Volumes/EXT DATA/IDMB/derived/Bombus/collection/images/ARLY_SORO_0044_S_2.jpg,ruderarius,0.9991667956400956,sylvarum,0.0008331358467873166,pomorum,6.851077982268871e-08,ruderarius,True,True
632,,ARLY_SORO_0044,/Volumes/EXT DATA/IDMB/derived/Bombus/collection/images/ARLY_SORO_0044_S_3.jpg,ruderarius,0.9999090893984076,sylvarum,9.089291873252374e-05,pomorum,1.7560001973620615e-08,ruderarius,True,True
633,,ARLY_SORO_0045,/Volumes/EXT DATA/IDMB/derived/Bombus/collection/images/ARLY_SORO_0045_P_1.jpg,ruderarius,0.9885369053453957,sylvarum,0.011338093260385521,pomorum,7.745769255312912e-05,ruderarius,True,True
634,,ARLY_SORO_0045,/Volumes/EXT DATA/IDMB/derived/Bombus/collection/images/ARLY_SORO_0045_P_2.jpg,ruderarius,0.9859878202388995,sylvarum,0.013974642197485303,pomorum,2.4236935131335993e-05,ruderarius,True,True
635,,ARLY_SORO_0045,/Volumes/EXT DATA/IDMB/derived/Bombus/collection/images/ARLY_SORO_0045_S_1.jpg,ruderarius,0.9850272009849385,sylvarum,0.014935460960179506,wurflenii,3.31989825339015e-05,ruderarius,True,True
636,,ARLY_SORO_0045,/Volumes/EXT DATA/IDMB/derived/Bombus/collection/images/ARLY_SORO_0045_S_2.jpg,ruderarius,0.9979161184544596,sylvarum,0.0020735779324578575,pomorum,8.91719590104776e-06,ruderarius,True,True
637,,ARLY_SORO_0045,/Volumes/EXT DATA/IDMB/derived/Bombus/collection/images/ARLY_SORO_0045_S_3.jpg,ruderarius,0.9990851333175074,sylvarum,0.0009071464255489576,pomorum,6.728089931994364e-06,ruderarius,True,True
638,,ARLY_SORO_0046,/Volumes/EXT DATA/IDMB/derived/Bombus/collection/images/ARLY_SORO_0046_P_1.jpg,wurflenii,0.9999934266722627,sichelii,5.4849475431166135e-06,lapidarius,9.870266504441747e-07,wurflenii,True,True
639,,ARLY_SORO_0046,/Volumes/EXT DATA/IDMB/derived/Bombus/collection/images/ARLY_SORO_0046_P_2.jpg,wurflenii,0.9999954880988285,sichelii,3.5681019860634156e-06,lapidarius,6.45712065518302e-07,wurflenii,True,True
640,,ARLY_SORO_0046,/Volumes/EXT DATA/IDMB/derived/Bombus/collection/images/ARLY_SORO_0046_S_1.jpg,wurflenii,0.9999998413092624,sichelii,9.548659476638721e-08,pratorum,2.312602044544932e-08,wurflenii,True,True
641,,ARLY_SORO_0046,/Volumes/EXT DATA/IDMB/derived/Bombus/collection/images/ARLY_SORO_0046_S_2.jpg,wurflenii,0.9999969444530837,pratorum,2.8600838701657115e-06,sichelii,7.248403378629988e-08,wurflenii,True,True
642,,ARLY_SORO_0046,/Volumes/EXT DATA/IDMB/derived/Bombus/collection/images/ARLY_SORO_0046_S_3.jpg,wurflenii,0.9999998355789386,sichelii,1.047956723745861e-07,pratorum,3.420615980968657e-08,wurflenii,True,True
643,,ARLY_SORO_0047,/Volumes/EXT DATA/IDMB/derived/Bombus/collection/images/ARLY_SORO_0047_P_1.jpg,sichelii,0.9448281563952073,lapidarius,0.05510683545684357,soroeensis,6.0345266531813736e-05,sichelii,True,True
644,,ARLY_SORO_0047,/Volumes/EXT DATA/IDMB/derived/Bombus/collection/images/ARLY_SORO_0047_P_2.jpg,sichelii,0.9761179335772927,lapidarius,0.02388074956031494,wurflenii,9.548690316640253e-07,sichelii,True,True
645,,ARLY_SORO_0047,/Volumes/EXT DATA/IDMB/derived/Bombus/collection/images/ARLY_SORO_0047_S_1.jpg,sichelii,0.9924047549797157,lapidarius,0.007584432087770435,pyrenaeus,5.481797112766874e-06,sichelii,True,True
646,,ARLY_SORO_0047,/Volumes/EXT DATA/IDMB/derived/Bombus/collection/images/ARLY_SORO_0047_S_2.jpg,sichelii,0.7323415054930229,lapidarius,0.2676446740848307,soroeensis,1.275493929201966e-05,sichelii,True,True
647,,ARLY_SORO_0047,/Volumes/EXT DATA/IDMB/derived/Bombus/collection/images/ARLY_SORO_0047_S_3.jpg,sichelii,0.9690097517103259,lapidarius,0.03087052358296281,soroeensis,7.543262304077294e-05,sichelii,True,True
648,,ARLY_SORO_0048,/Volumes/EXT DATA/IDMB/derived/Bombus/collection/images/ARLY_SORO_0048_P_1.jpg,wurflenii,0.999977333590253,sichelii,2.1493459170020137e-05,pratorum,9.143312250169623e-07,wurflenii,True,True
649,,ARLY_SORO_0048,/Volumes/EXT DATA/IDMB/derived/Bombus/collection/images/ARLY_SORO_0048_P_2.jpg,wurflenii,0.9999596094373067,sichelii,3.6917803650709124e-05,rupestris,3.0867633472470884e-06,wurflenii,True,True
650,,ARLY_SORO_0048,/Volumes/EXT DATA/IDMB/derived/Bombus/collection/images/ARLY_SORO_0048_S_1.jpg,wurflenii,0.9999939611226975,sichelii,4.031214566404484e-06,ruderarius,9.73514506571043e-07,wurflenii,True,True
651,,ARLY_SORO_0048,/Volumes/EXT DATA/IDMB/derived/Bombus/collection/images/ARLY_SORO_0048_S_2.jpg,wurflenii,0.9999999911791165,sichelii,8.404003582636855e-09,pratorum,3.990475567693381e-10,wurflenii,True,True
652,,ARLY_SORO_0048,/Volumes/EXT DATA/IDMB/derived/Bombus/collection/images/ARLY_SORO_0048_S_3.jpg,wurflenii,0.9999995871189492,rupestris,3.557428256714731e-07,sichelii,4.8709238755010374e-08,wurflenii,True,True
653,,ARLY_SORO_0049,/Volumes/EXT DATA/IDMB/derived/Bombus/collection/images/ARLY_SORO_0049_P_1.jpg,wurflenii,0.9999797936948059,pratorum,2.0048397861907874e-05,sichelii,1.5396582161690895e-07,wurflenii,True,True
654,,ARLY_SORO_0049,/Volumes/EXT DATA/IDMB/derived/Bombus/collection/images/ARLY_SORO_0049_P_2.jpg,wurflenii,0.9999657663249529,pratorum,1.787809989756532e-05,sichelii,1.626087077026805e-05,wurflenii,True,True
655,,ARLY_SORO_0049,/Volumes/EXT DATA/IDMB/derived/Bombus/collection/images/ARLY_SORO_0049_S_1.jpg,wurflenii,0.9999459201887919,pratorum,5.1284806765779926e-05,sichelii,2.5738285788890207e-06,wurflenii,True,True
656,,ARLY_SORO_0049,/Volumes/EXT DATA/IDMB/derived/Bombus/collection/images/ARLY_SORO_0049_S_2.jpg,wurflenii,0.9999907378416065,pratorum,9.187637901809436e-06,sichelii,6.630982192041599e-08,wurflenii,True,True
657,,ARLY_SORO_0049,/Volumes/EXT DATA/IDMB/derived/Bombus/collection/images/ARLY_SORO_0049_S_3.jpg,wurflenii,0.9999914323047682,pratorum,8.551829631537617e-06,sichelii,1.1523226146555031e-08,wurflenii,True,True
658,,ARLY_SORO_0050,/Volumes/EXT DATA/IDMB/derived/Bombus/collection/images/ARLY_SORO_0050_P_1.jpg,wurflenii,0.999999621517311,pratorum,3.574191090594251e-07,sichelii,2.102804152222696e-08,wurflenii,True,True
659,,ARLY_SORO_0050,/Volumes/EXT DATA/IDMB/derived/Bombus/collection/images/ARLY_SORO_0050_P_2.jpg,wurflenii,0.9999952371135195,pratorum,2.6191227734615774e-06,sichelii,2.1430156935316035e-06,wurflenii,True,True
660,,ARLY_SORO_0050,/Volumes/EXT DATA/IDMB/derived/Bombus/collection/images/ARLY_SORO_0050_S_1.jpg,wurflenii,0.9999993188735185,pratorum,6.624103179892486e-07,sichelii,1.8615639172345023e-08,wurflenii,True,True
661,,ARLY_SORO_0050,/Volumes/EXT DATA/IDMB/derived/Bombus/collection/images/ARLY_SORO_0050_S_2.jpg,wurflenii,0.9999998331315264,pratorum,1.296836020842616e-07,sichelii,3.6859328513848664e-08,wurflenii,True,True
662,,ARLY_SORO_0050,/Volumes/EXT DATA/IDMB/derived/Bombus/collection/images/ARLY_SORO_0050_S_3.jpg,wurflenii,0.9999998024932918,sichelii,1.4622052080802893e-07,pratorum,5.0702040736951916e-08,wurflenii,True,True
663,,ARLY_SORO_0051,/Volumes/EXT DATA/IDMB/derived/Bombus/collection/images/ARLY_SORO_0051_P_1.jpg,wurflenii,0.9994974907118487,sichelii,0.000496962258359035,lapidarius,4.624803415945496e-06,wurflenii,True,True
664,,ARLY_SORO_0051,/Volumes/EXT DATA/IDMB/derived/Bombus/collection/images/ARLY_SORO_0051_P_2.jpg,wurflenii,0.9999540063104614,sichelii,4.586240006139851e-05,pratorum,5.621040640012775e-08,wurflenii,True,True
665,,ARLY_SORO_0051,/Volumes/EXT DATA/IDMB/derived/Bombus/collection/images/ARLY_SORO_0051_S_1.jpg,wurflenii,0.9997317219701082,sichelii,0.0002668677491423762,pyrenaeus,7.884789935321304e-07,wurflenii,True,True
666,,ARLY_SORO_0051,/Volumes/EXT DATA/IDMB/derived/Bombus/collection/images/ARLY_SORO_0051_S_2.jpg,wurflenii,0.9994084195584928,sichelii,0.0005900540991434954,lapidarius,8.949497520606319e-07,wurflenii,True,True
667,,ARLY_SORO_0051,/Volumes/EXT DATA/IDMB/derived/Bombus/collection/images/ARLY_SORO_0051_S_3.jpg,wurflenii,0.9999228912749631,sichelii,7.646593079642685e-05,lapidarius,4.363699068102739e-07,wurflenii,True,True
668,,ARLY_SORO_0052,/Volumes/EXT DATA/IDMB/derived/Bombus/collection/images/ARLY_SORO_0052_P_1.jpg,wurflenii,0.9959754919484844,sichelii,0.003990170961629284,pyrenaeus,2.6486563103363146e-05,wurflenii,True,True
669,,ARLY_SORO_0052,/Volumes/EXT DATA/IDMB/derived/Bombus/collection/images/ARLY_SORO_0052_P_2.jpg,wurflenii,0.9919368445883707,sichelii,0.0075198219517456965,pratorum,0.0004913514171469109,wurflenii,True,True
670,,ARLY_SORO_0052,/Volumes/EXT DATA/IDMB/derived/Bombus/collection/images/ARLY_SORO_0052_S_1.jpg,wurflenii,0.9967421049284299,pratorum,0.002936381258007491,sichelii,0.00027002385266124466,wurflenii,True,True
671,,ARLY_SORO_0052,/Volumes/EXT DATA/IDMB/derived/Bombus/collection/images/ARLY_SORO_0052_S_2.jpg,wurflenii,0.9995840569162936,pratorum,0.00038647770653067135,sichelii,2.2980866831001357e-05,wurflenii,True,True
672,,ARLY_SORO_0052,/Volumes/EXT DATA/IDMB/derived/Bombus/collection/images/ARLY_SORO_0052_S_3.jpg,wurflenii,0.9999798684806758,pratorum,1.683248678705328e-05,sichelii,3.155075056196217e-06,wurflenii,True,True
673,,ARLY_SORO_0053,/Volumes/EXT DATA/IDMB/derived/Bombus/collection/images/ARLY_SORO_0053_P_1.jpg,sichelii,0.929509808035866,lapidarius,0.06957136616503556,pyrenaeus,0.000914634728405988,sichelii,True,True
674,,ARLY_SORO_0053,/Volumes/EXT DATA/IDMB/derived/Bombus/collection/images/ARLY_SORO_0053_P_2.jpg,sichelii,0.956249955858223,lapidarius,0.04374709870205985,pyrenaeus,2.1072766046784683e-06,sichelii,True,True
675,,ARLY_SORO_0053,/Volumes/EXT DATA/IDMB/derived/Bombus/collection/images/ARLY_SORO_0053_S_1.jpg,sichelii,0.9821213167874996,lapidarius,0.017841606802465573,monticola,2.2097518383707767e-05,sichelii,True,True
676,,ARLY_SORO_0053,/Volumes/EXT DATA/IDMB/derived/Bombus/collection/images/ARLY_SORO_0053_S_2.jpg,sichelii,0.9901848183339689,lapidarius,0.009806839590935717,pyrenaeus,8.005159651789227e-06,sichelii,True,True
677,,ARLY_SORO_0053,/Volumes/EXT DATA/IDMB/derived/Bombus/collection/images/ARLY_SORO_0053_S_3.jpg,sichelii,0.9950631719899833,lapidarius,0.0049236934454183895,pyrenaeus,1.2703971728882442e-05,sichelii,True,True
678,,ARLY_SORO_0054,/Volumes/EXT DATA/IDMB/derived/Bombus/collection/images/ARLY_SORO_0054_P_1.jpg,sichelii,0.9853678253177406,lapidarius,0.014268879128210668,monticola,0.00018626426492310562,sichelii,True,True
679,,ARLY_SORO_0054,/Volumes/EXT DATA/IDMB/derived/Bombus/collection/images/ARLY_SORO_0054_P_2.jpg,sichelii,0.9619005489097958,lapidarius,0.035475813591178115,monticola,0.0017786755389987245,sichelii,True,True
680,,ARLY_SORO_0054,/Volumes/EXT DATA/IDMB/derived/Bombus/collection/images/ARLY_SORO_0054_S_1.jpg,sichelii,0.9976078660952918,lapidarius,0.0023210715067691523,soroeensis,5.855024066605643e-05,sichelii,True,True
681,,ARLY_SORO_0054,/Volumes/EXT DATA/IDMB/derived/Bombus/collection/images/ARLY_SORO_0054_S_2.jpg,sichelii,0.97559639199465,lapidarius,0.02268347746404233,pyrenaeus,0.0008219698951436212,sichelii,True,True
682,,ARLY_SORO_0054,/Volumes/EXT DATA/IDMB/derived/Bombus/collection/images/ARLY_SORO_0054_S_3.jpg,sichelii,0.9300624635168899,lapidarius,0.06958717828780599,pyrenaeus,0.00017673797122313165,sichelii,True,True
683,,ARLY_SORO_0055,/Volumes/EXT DATA/IDMB/derived/Bombus/collection/images/ARLY_SORO_0055_P_1.jpg,sichelii,0.7390412875619173,lapidarius,0.2608179060859841,wurflenii,9.031599343231156e-05,sichelii,True,True
684,,ARLY_SORO_0055,/Volumes/EXT DATA/IDMB/derived/Bombus/collection/images/ARLY_SORO_0055_P_2.jpg,sichelii,0.9532390839590092,lapidarius,0.043038105231807865,wurflenii,0.003228416896927471,sichelii,True,True
685,,ARLY_SORO_0055,/Volumes/EXT DATA/IDMB/derived/Bombus/collection/images/ARLY_SORO_0055_S_1.jpg,sichelii,0.9866901672613737,wurflenii,0.008440941798600046,lapidarius,0.004635934155293003,sichelii,True,True
686,,ARLY_SORO_0055,/Volumes/EXT DATA/IDMB/derived/Bombus/collection/images/ARLY_SORO_0055_S_2.jpg,sichelii,0.820690035221498,lapidarius,0.17861251189689126,pyrenaeus,0.00037457170261619957,sichelii,True,True
687,,ARLY_SORO_0055,/Volumes/EXT DATA/IDMB/derived/Bombus/collection/images/ARLY_SORO_0055_S_3.jpg,sichelii,0.8915072358204696,lapidarius,0.10825028671842131,wurflenii,0.00017757433826770145,sichelii,True,True
688,,ARLY_SORO_0056,/Volumes/EXT DATA/IDMB/derived/Bombus/collection/images/ARLY_SORO_0056_P_1.jpg,sichelii,0.9855937462604081,lapidarius,0.0143931718060021,wurflenii,8.452351376750751e-06,sichelii,True,True
689,,ARLY_SORO_0056,/Volumes/EXT DATA/IDMB/derived/Bombus/collection/images/ARLY_SORO_0056_P_2.jpg,sichelii,0.8942273295130809,lapidarius,0.10567092874531459,rupestris,9.46737384211851e-05,sichelii,True,True
690,,ARLY_SORO_0056,/Volumes/EXT DATA/IDMB/derived/Bombus/collection/images/ARLY_SORO_0056_S_1.jpg,sichelii,0.9300950558767154,lapidarius,0.06892839584241595,rupestris,0.0009727712618981214,sichelii,True,True
691,,ARLY_SORO_0056,/Volumes/EXT DATA/IDMB/derived/Bombus/collection/images/ARLY_SORO_0056_S_2.jpg,sichelii,0.9616194102256114,lapidarius,0.0383548771496584,rupestris,2.313585912922498e-05,sichelii,True,True
692,,ARLY_SORO_0056,/Volumes/EXT DATA/IDMB/derived/Bombus/collection/images/ARLY_SORO_0056_S_3.jpg,sichelii,0.7249335615526104,lapidarius,0.275046933020335,rupestris,1.260608296019809e-05,sichelii,True,True
693,,ARLY_SORO_0057,/Volumes/EXT DATA/IDMB/derived/Bombus/collection/images/ARLY_SORO_0057_P_1.jpg,lapidarius,0.7650742697279863,sichelii,0.2348097450849409,soroeensis,0.00010750425790752405,sichelii,False,True
694,,ARLY_SORO_0057,/Volumes/EXT DATA/IDMB/derived/Bombus/collection/images/ARLY_SORO_0057_P_2.jpg,sichelii,0.7757434053041897,lapidarius,0.22421076205244814,rupestris,4.373242252451036e-05,sichelii,True,True
695,,ARLY_SORO_0057,/Volumes/EXT DATA/IDMB/derived/Bombus/collection/images/ARLY_SORO_0057_S_1.jpg,sichelii,0.8554501383735937,lapidarius,0.1442353985493815,rupestris,0.00030651198760790467,sichelii,True,True
696,,ARLY_SORO_0057,/Volumes/EXT DATA/IDMB/derived/Bombus/collection/images/ARLY_SORO_0057_S_2.jpg,sichelii,0.8899489689893781,lapidarius,0.10998927717384728,pyrenaeus,2.5211120989912333e-05,sichelii,True,True
697,,ARLY_SORO_0057,/Volumes/EXT DATA/IDMB/derived/Bombus/collection/images/ARLY_SORO_0057_S_3.jpg,lapidarius,0.7372629256951518,sichelii,0.26270032911055446,rupestris,2.7079288029409113e-05,sichelii,False,True
698,,ARLY_SORO_0058,/Volumes/EXT DATA/IDMB/derived/Bombus/collection/images/ARLY_SORO_0058_P_1.jpg,sichelii,0.9848478978999082,pyrenaeus,0.006455138094316987,wurflenii,0.005568742230048145,sichelii,True,True
699,,ARLY_SORO_0058,/Volumes/EXT DATA/IDMB/derived/Bombus/collection/images/ARLY_SORO_0058_P_2.jpg,sichelii,0.9700844081434845,lapidarius,0.02569095182608187,pyrenaeus,0.003971240609171156,sichelii,True,True
700,,ARLY_SORO_0058,/Volumes/EXT DATA/IDMB/derived/Bombus/collection/images/ARLY_SORO_0058_S_1.jpg,sichelii,0.9846605467561008,pyrenaeus,0.007422516614146118,lapidarius,0.006438122439017429,sichelii,True,True
701,,ARLY_SORO_0058,/Volumes/EXT DATA/IDMB/derived/Bombus/collection/images/ARLY_SORO_0058_S_2.jpg,sichelii,0.9877379825618572,lapidarius,0.011824770362132857,wurflenii,0.00022462984631540473,sichelii,True,True
702,,ARLY_SORO_0058,/Volumes/EXT DATA/IDMB/derived/Bombus/collection/images/ARLY_SORO_0058_S_3.jpg,sichelii,0.9665831839568598,lapidarius,0.02479120999776934,pyrenaeus,0.007366210576247464,sichelii,True,True
703,,ARLY_SORO_0059,/Volumes/EXT DATA/IDMB/derived/Bombus/collection/images/ARLY_SORO_0059_P_1.jpg,sichelii,0.9791665340435103,lapidarius,0.013018388994352526,rupestris,0.0034279914166370946,sichelii,True,True
704,,ARLY_SORO_0059,/Volumes/EXT DATA/IDMB/derived/Bombus/collection/images/ARLY_SORO_0059_P_2.jpg,sichelii,0.9918701358425189,soroeensis,0.004857387975047983,lapidarius,0.0030530887769736445,sichelii,True,True
705,,ARLY_SORO_0059,/Volumes/EXT DATA/IDMB/derived/Bombus/collection/images/ARLY_SORO_0059_S_1.jpg,sichelii,0.9922226480228133,soroeensis,0.0046546622890561665,lapidarius,0.0015442206145054437,sichelii,True,True
706,,ARLY_SORO_0059,/Volumes/EXT DATA/IDMB/derived/Bombus/collection/images/ARLY_SORO_0059_S_2.jpg,sichelii,0.9872196748035038,soroeensis,0.009379530852035335,wurflenii,0.0022525907623770283,sichelii,True,True
707,,ARLY_SORO_0059,/Volumes/EXT DATA/IDMB/derived/Bombus/collection/images/ARLY_SORO_0059_S_3.jpg,sichelii,0.9961944064495857,lapidarius,0.003744804342941846,rupestris,3.277303639138481e-05,sichelii,True,True
708,,ARLY_SORO_0060,/Volumes/EXT DATA/IDMB/derived/Bombus/collection/images/ARLY_SORO_0060_P_1.jpg,soroeensis,0.9524529874070016,sichelii,0.03642611826616993,pyrenaeus,0.0060242671336666965,soroeensis,True,True
709,,ARLY_SORO_0060,/Volumes/EXT DATA/IDMB/derived/Bombus/collection/images/ARLY_SORO_0060_P_2.jpg,sichelii,0.5587954865643766,soroeensis,0.4315279113807901,monticola,0.005161631299026821,soroeensis,False,True
710,,ARLY_SORO_0060,/Volumes/EXT DATA/IDMB/derived/Bombus/collection/images/ARLY_SORO_0060_S_1.jpg,soroeensis,0.9442640736978324,monticola,0.029470720405877258,sichelii,0.02315476066187476,soroeensis,True,True
711,,ARLY_SORO_0060,/Volumes/EXT DATA/IDMB/derived/Bombus/collection/images/ARLY_SORO_0060_S_2.jpg,soroeensis,0.8983394089910797,sichelii,0.09447005281454193,monticola,0.0055350463326251965,soroeensis,True,True
712,,ARLY_SORO_0060,/Volumes/EXT DATA/IDMB/derived/Bombus/collection/images/ARLY_SORO_0060_S_3.jpg,soroeensis,0.9904344730366939,sichelii,0.008563192281072761,monticola,0.0005663314283273391,soroeensis,True,True
713,,ARLY_SORO_0061,/Volumes/EXT DATA/IDMB/derived/Bombus/collection/images/ARLY_SORO_0061_P_1.jpg,wurflenii,0.9979187706789215,sichelii,0.0020792304931879094,lapidarius,1.8688374429564303e-06,wurflenii,True,True
714,,ARLY_SORO_0061,/Volumes/EXT DATA/IDMB/derived/Bombus/collection/images/ARLY_SORO_0061_P_2.jpg,wurflenii,0.9999964054058187,sichelii,3.593238483587192e-06,lapidarius,1.3088646850852365e-09,wurflenii,True,True
715,,ARLY_SORO_0061,/Volumes/EXT DATA/IDMB/derived/Bombus/collection/images/ARLY_SORO_0061_S_1.jpg,wurflenii,0.9732753733154945,sichelii,0.026710809397416463,lapidarius,1.34958589080432e-05,wurflenii,True,True
716,,ARLY_SORO_0061,/Volumes/EXT DATA/IDMB/derived/Bombus/collection/images/ARLY_SORO_0061_S_2.jpg,wurflenii,0.9970346413717378,sichelii,0.002953851608661613,lapidarius,1.0896440275421745e-05,wurflenii,True,True
717,,ARLY_SORO_0061,/Volumes/EXT DATA/IDMB/derived/Bombus/collection/images/ARLY_SORO_0061_S_3.jpg,wurflenii,0.9731873905751133,sichelii,0.026635242857051444,lapidarius,0.00017254552859267925,wurflenii,True,True
718,,ARLY_SORO_0062,/Volumes/EXT DATA/IDMB/derived/Bombus/collection/images/ARLY_SORO_0062_P_1.jpg,soroeensis,0.99996614674389,monticola,3.3674807928536406e-05,pyrenaeus,7.661632583140607e-08,soroeensis,True,True
719,,ARLY_SORO_0062,/Volumes/EXT DATA/IDMB/derived/Bombus/collection/images/ARLY_SORO_0062_P_2.jpg,soroeensis,0.9999585967161282,monticola,4.118177977729083e-05,pratorum,1.3342731597170185e-07,soroeensis,True,True
720,,ARLY_SORO_0062,/Volumes/EXT DATA/IDMB/derived/Bombus/collection/images/ARLY_SORO_0062_S_1.jpg,soroeensis,0.9999516551971601,monticola,3.153611140623626e-05,pyrenaeus,1.63856860462194e-05,soroeensis,True,True
721,,ARLY_SORO_0062,/Volumes/EXT DATA/IDMB/derived/Bombus/collection/images/ARLY_SORO_0062_S_2.jpg,soroeensis,0.9997668869899452,monticola,0.0002180414713061864,pyrenaeus,1.4198831401440335e-05,soroeensis,True,True
722,,ARLY_SORO_0062,/Volumes/EXT DATA/IDMB/derived/Bombus/collection/images/ARLY_SORO_0062_S_3.jpg,soroeensis,0.9999845067327267,pyrenaeus,1.1747497241467949e-05,monticola,3.6568764385889297e-06,soroeensis,True,True
723,,ARLY_SORO_0063,/Volumes/EXT DATA/IDMB/derived/Bombus/collection/images/ARLY_SORO_0063_P_1.jpg,wurflenii,0.9999822315422546,lapidarius,1.0253427375488026e-05,sichelii,6.613962369899228e-06,wurflenii,True,True
724,,ARLY_SORO_0063,/Volumes/EXT DATA/IDMB/derived/Bombus/collection/images/ARLY_SORO_0063_P_2.jpg,wurflenii,0.9999967292500993,lapidarius,1.991819066589055e-06,sichelii,1.1789804361723723e-06,wurflenii,True,True
725,,ARLY_SORO_0063,/Volumes/EXT DATA/IDMB/derived/Bombus/collection/images/ARLY_SORO_0063_S_1.jpg,wurflenii,0.9999690655485947,lapidarius,2.0384396822659134e-05,sichelii,1.0242900236928796e-05,wurflenii,True,True
726,,ARLY_SORO_0063,/Volumes/EXT DATA/IDMB/derived/Bombus/collection/images/ARLY_SORO_0063_S_2.jpg,wurflenii,0.9999983076962222,sichelii,7.195245184602778e-07,lapidarius,7.016204697557784e-07,wurflenii,True,True
727,,ARLY_SORO_0063,/Volumes/EXT DATA/IDMB/derived/Bombus/collection/images/ARLY_SORO_0063_S_3.jpg,wurflenii,0.9999943439307732,lapidarius,3.7770477294487426e-06,sichelii,1.5369531884488395e-06,wurflenii,True,True
728,,ARLY_SORO_0064,/Volumes/EXT DATA/IDMB/derived/Bombus/collection/images/ARLY_SORO_0064_P_1.jpg,ruderarius,0.9977322193847746,sylvarum,0.00226748297024644,pomorum,2.9763659259076084e-07,ruderarius,True,True
729,,ARLY_SORO_0064,/Volumes/EXT DATA/IDMB/derived/Bombus/collection/images/ARLY_SORO_0064_P_2.jpg,ruderarius,0.9998380477243919,sylvarum,0.00016086573821973567,pomorum,1.08653500377616e-06,ruderarius,True,True
730,,ARLY_SORO_0064,/Volumes/EXT DATA/IDMB/derived/Bombus/collection/images/ARLY_SORO_0064_S_1.jpg,ruderarius,0.999662058765942,sylvarum,0.0003378191628097808,pomorum,1.220695818502408e-07,ruderarius,True,True
731,,ARLY_SORO_0064,/Volumes/EXT DATA/IDMB/derived/Bombus/collection/images/ARLY_SORO_0064_S_2.jpg,ruderarius,0.9995003996104203,sylvarum,0.0004993078085659401,pomorum,2.9257938074445696e-07,ruderarius,True,True
732,,ARLY_SORO_0064,/Volumes/EXT DATA/IDMB/derived/Bombus/collection/images/ARLY_SORO_0064_S_3.jpg,ruderarius,0.9975623321324985,sylvarum,0.002435737612665553,pomorum,1.930127015201056e-06,ruderarius,True,True
733,,ARLY_SORO_0065,/Volumes/EXT DATA/IDMB/derived/Bombus/collection/images/ARLY_SORO_0065_P_1.jpg,wurflenii,0.999998867435528,pratorum,6.308891827907626e-07,sichelii,4.913548072518351e-07,wurflenii,True,True
734,,ARLY_SORO_0065,/Volumes/EXT DATA/IDMB/derived/Bombus/collection/images/ARLY_SORO_0065_P_2.jpg,wurflenii,0.9999999167335043,sichelii,4.285921024949824e-08,pratorum,4.0115730935949205e-08,wurflenii,True,True
735,,ARLY_SORO_0065,/Volumes/EXT DATA/IDMB/derived/Bombus/collection/images/ARLY_SORO_0065_S_1.jpg,wurflenii,0.9999999885855896,pratorum,1.0007048854201708e-08,sichelii,1.3819396386712706e-09,wurflenii,True,True
736,,ARLY_SORO_0065,/Volumes/EXT DATA/IDMB/derived/Bombus/collection/images/ARLY_SORO_0065_S_2.jpg,wurflenii,0.9999999971239661,pratorum,2.6925826074490346e-09,sichelii,1.762320485350908e-10,wurflenii,True,True
737,,ARLY_SORO_0065,/Volumes/EXT DATA/IDMB/derived/Bombus/collection/images/ARLY_SORO_0065_S_3.jpg,wurflenii,0.9999975536386049,sichelii,2.1123676697939268e-06,pratorum,3.2488955330588754e-07,wurflenii,True,True
738,,ARLY_SORO_0066,/Volumes/EXT DATA/IDMB/derived/Bombus/collection/images/ARLY_SORO_0066_P_1.jpg,sylvarum,0.650920912988509,ruderarius,0.3480767360641358,pratorum,0.0008600207962744311,ruderarius,False,True
739,,ARLY_SORO_0066,/Volumes/EXT DATA/IDMB/derived/Bombus/collection/images/ARLY_SORO_0066_P_2.jpg,sylvarum,0.5239081649327414,ruderarius,0.4747879417271096,pomorum,0.001299484673939977,ruderarius,False,True
740,,ARLY_SORO_0066,/Volumes/EXT DATA/IDMB/derived/Bombus/collection/images/ARLY_SORO_0066_S_1.jpg,ruderarius,0.750798246145857,sylvarum,0.24870484230878537,pomorum,0.00047063391589572534,ruderarius,True,True
741,,ARLY_SORO_0066,/Volumes/EXT DATA/IDMB/derived/Bombus/collection/images/ARLY_SORO_0066_S_2.jpg,ruderarius,0.6301870124759403,sylvarum,0.3696759868443431,pomorum,0.0001365678479911856,ruderarius,True,True
742,,ARLY_SORO_0066,/Volumes/EXT DATA/IDMB/derived/Bombus/collection/images/ARLY_SORO_0066_S_3.jpg,ruderarius,0.6986467830551722,sylvarum,0.30134860624935367,pomorum,4.504541440332573e-06,ruderarius,True,True
743,,ARLY_SORO_0067,/Volumes/EXT DATA/IDMB/derived/Bombus/collection/images/ARLY_SORO_0067_P_1.jpg,wurflenii,0.9999844939128067,sichelii,1.4771200341231138e-05,lapidarius,4.60297486869048e-07,wurflenii,True,True
744,,ARLY_SORO_0067,/Volumes/EXT DATA/IDMB/derived/Bombus/collection/images/ARLY_SORO_0067_P_2.jpg,wurflenii,0.9999740609050883,sichelii,2.4745159200783905e-05,lapidarius,6.227205052652353e-07,wurflenii,True,True
745,,ARLY_SORO_0067,/Volumes/EXT DATA/IDMB/derived/Bombus/collection/images/ARLY_SORO_0067_S_1.jpg,wurflenii,0.9999922877560824,sichelii,7.464225026623502e-06,pyrenaeus,2.115916410845638e-07,wurflenii,True,True
746,,ARLY_SORO_0067,/Volumes/EXT DATA/IDMB/derived/Bombus/collection/images/ARLY_SORO_0067_S_2.jpg,wurflenii,0.9998062482752391,sichelii,0.00014449654495458388,pyrenaeus,3.5155535698835095e-05,wurflenii,True,True
747,,ARLY_SORO_0067,/Volumes/EXT DATA/IDMB/derived/Bombus/collection/images/ARLY_SORO_0067_S_3.jpg,wurflenii,0.9999897986842976,sichelii,9.442914126984956e-06,lapidarius,6.179061306250132e-07,wurflenii,True,True
748,,ARLY_SORO_0068,/Volumes/EXT DATA/IDMB/derived/Bombus/collection/images/ARLY_SORO_0068_P_1.jpg,ruderarius,0.9925348004427877,sylvarum,0.007462800354907121,pomorum,1.4074108887789808e-06,ruderarius,True,True
749,,ARLY_SORO_0068,/Volumes/EXT DATA/IDMB/derived/Bombus/collection/images/ARLY_SORO_0068_P_2.jpg,ruderarius,0.9954528117915137,sylvarum,0.0045162063762090275,pomorum,3.075758085855887e-05,ruderarius,True,True
750,,ARLY_SORO_0068,/Volumes/EXT DATA/IDMB/derived/Bombus/collection/images/ARLY_SORO_0068_S_1.jpg,ruderarius,0.9873313935473425,sylvarum,0.012416941253384464,pomorum,0.0002515811641880435,ruderarius,True,True
751,,ARLY_SORO_0068,/Volumes/EXT DATA/IDMB/derived/Bombus/collection/images/ARLY_SORO_0068_S_2.jpg,ruderarius,0.9669399845608281,sylvarum,0.03302097761453908,pomorum,3.9020597807860074e-05,ruderarius,True,True
752,,ARLY_SORO_0068,/Volumes/EXT DATA/IDMB/derived/Bombus/collection/images/ARLY_SORO_0068_S_3.jpg,ruderarius,0.9899459489969971,sylvarum,0.009999224098870649,pomorum,5.4773803197544254e-05,ruderarius,True,True
753,,ARLY_SORO_0069,/Volumes/EXT DATA/IDMB/derived/Bombus/collection/images/ARLY_SORO_0069_P_1.jpg,soroeensis,0.9986595130340193,pratorum,0.0007052128251851369,monticola,0.00047015398183442725,soroeensis,True,True
754,,ARLY_SORO_0069,/Volumes/EXT DATA/IDMB/derived/Bombus/collection/images/ARLY_SORO_0069_P_2.jpg,soroeensis,0.9967405779139379,monticola,0.0030083714372647163,pratorum,0.0001359526542081276,soroeensis,True,True
755,,ARLY_SORO_0069,/Volumes/EXT DATA/IDMB/derived/Bombus/collection/images/ARLY_SORO_0069_S_1.jpg,soroeensis,0.9935813217472358,monticola,0.006026170126211098,pyrenaeus,0.00014555517345892112,soroeensis,True,True
756,,ARLY_SORO_0069,/Volumes/EXT DATA/IDMB/derived/Bombus/collection/images/ARLY_SORO_0069_S_2.jpg,soroeensis,0.9994857047727619,pratorum,0.0003127391865217382,pomorum,0.00012393120246230612,soroeensis,True,True
757,,ARLY_SORO_0069,/Volumes/EXT DATA/IDMB/derived/Bombus/collection/images/ARLY_SORO_0069_S_3.jpg,soroeensis,0.9523401070423,pomorum,0.04067253685173181,pyrenaeus,0.0023758031452110412,soroeensis,True,True
758,,ARLY_SORO_0070,/Volumes/EXT DATA/IDMB/derived/Bombus/collection/images/ARLY_SORO_0070_P_1.jpg,soroeensis,0.9997703778292121,pyrenaeus,0.00015255990793424575,pratorum,4.982028527101374e-05,soroeensis,True,True
759,,ARLY_SORO_0070,/Volumes/EXT DATA/IDMB/derived/Bombus/collection/images/ARLY_SORO_0070_P_2.jpg,soroeensis,0.9999266150685222,pratorum,2.9254110510842713e-05,pyrenaeus,2.792661953261117e-05,soroeensis,True,True
760,,ARLY_SORO_0070,/Volumes/EXT DATA/IDMB/derived/Bombus/collection/images/ARLY_SORO_0070_S_1.jpg,soroeensis,0.9998369528874893,pyrenaeus,0.00015558820201244344,pratorum,5.880650456799362e-06,soroeensis,True,True
761,,ARLY_SORO_0070,/Volumes/EXT DATA/IDMB/derived/Bombus/collection/images/ARLY_SORO_0070_S_2.jpg,soroeensis,0.9996089323619374,pyrenaeus,0.00037156292518270587,pratorum,1.783954306715225e-05,soroeensis,True,True
762,,ARLY_SORO_0071,/Volumes/EXT DATA/IDMB/derived/Bombus/collection/images/ARLY_SORO_0071_P_1.jpg,soroeensis,0.9955999484239099,monticola,0.003197371277432815,sichelii,0.0007605681369083842,soroeensis,True,True
763,,ARLY_SORO_0071,/Volumes/EXT DATA/IDMB/derived/Bombus/collection/images/ARLY_SORO_0071_P_2.jpg,soroeensis,0.9870613624424617,sichelii,0.010237415349971161,monticola,0.0019693371120035573,soroeensis,True,True
764,,ARLY_SORO_0071,/Volumes/EXT DATA/IDMB/derived/Bombus/collection/images/ARLY_SORO_0071_S_1.jpg,soroeensis,0.9998400878871851,sichelii,7.65555114071879e-05,pyrenaeus,7.093815574380647e-05,soroeensis,True,True
765,,ARLY_SORO_0071,/Volumes/EXT DATA/IDMB/derived/Bombus/collection/images/ARLY_SORO_0071_S_2.jpg,soroeensis,0.9992903657503966,sichelii,0.00045997989412887094,pyrenaeus,0.0002454280461308367,soroeensis,True,True
766,,ARLY_SORO_0071,/Volumes/EXT DATA/IDMB/derived/Bombus/collection/images/ARLY_SORO_0071_S_3.jpg,soroeensis,0.9984160189432476,pyrenaeus,0.0008092514665987528,sichelii,0.0005983434742417093,soroeensis,True,True
767,,ARLY_SORO_0072,/Volumes/EXT DATA/IDMB/derived/Bombus/collection/images/ARLY_SORO_0072_P_1.jpg,ruderarius,0.9998371082385668,sylvarum,0.00015967411234443644,pomorum,3.217635632605806e-06,ruderarius,True,True
768,,ARLY_SORO_0072,/Volumes/EXT DATA/IDMB/derived/Bombus/collection/images/ARLY_SORO_0072_P_2.jpg,ruderarius,0.9975813834317467,sylvarum,0.0024168417345590406,pomorum,1.7746354828060703e-06,ruderarius,True,True
769,,ARLY_SORO_0072,/Volumes/EXT DATA/IDMB/derived/Bombus/collection/images/ARLY_SORO_0072_S_1.jpg,ruderarius,0.9978997950553746,sylvarum,0.002098900224306933,pomorum,1.304585093383691e-06,ruderarius,True,True
770,,ARLY_SORO_0072,/Volumes/EXT DATA/IDMB/derived/Bombus/collection/images/ARLY_SORO_0072_S_2.jpg,ruderarius,0.9996262098379759,sylvarum,0.0003734702816798439,pomorum,3.1987914713531384e-07,ruderarius,True,True
771,,ARLY_SORO_0072,/Volumes/EXT DATA/IDMB/derived/Bombus/collection/images/ARLY_SORO_0072_S_3.jpg,ruderarius,0.9998648589364927,sylvarum,0.00013325647166670027,pomorum,1.8845916895645129e-06,ruderarius,True,True
772,,ARLY_SORO_0074,/Volumes/EXT DATA/IDMB/derived/Bombus/collection/images/ARLY_SORO_0074_P_1.jpg,soroeensis,0.9942694880712448,pratorum,0.005718700197983313,pyrenaeus,7.291927817665501e-06,soroeensis,True,True
773,,ARLY_SORO_0074,/Volumes/EXT DATA/IDMB/derived/Bombus/collection/images/ARLY_SORO_0074_P_2.jpg,soroeensis,0.9992728368791075,pratorum,0.0007214175377210216,pyrenaeus,3.932834803118075e-06,soroeensis,True,True
774,,ARLY_SORO_0074,/Volumes/EXT DATA/IDMB/derived/Bombus/collection/images/ARLY_SORO_0074_S_1.jpg,soroeensis,0.9993741977029827,pratorum,0.00046820641196213003,pyrenaeus,0.00015122378736926877,soroeensis,True,True
775,,ARLY_SORO_0074,/Volumes/EXT DATA/IDMB/derived/Bombus/collection/images/ARLY_SORO_0074_S_2.jpg,soroeensis,0.9942171390170581,pratorum,0.00516205320684934,pyrenaeus,0.0003376221160172729,soroeensis,True,True
776,,ARLY_SORO_0074,/Volumes/EXT DATA/IDMB/derived/Bombus/collection/images/ARLY_SORO_0074_S_3.jpg,soroeensis,0.9974732541913579,sichelii,0.0012345821071418075,pyrenaeus,0.001125468261956156,soroeensis,True,True
777,,ARLY_SORO_0075,/Volumes/EXT DATA/IDMB/derived/Bombus/collection/images/ARLY_SORO_0075_P_1.jpg,pomorum,0.999997571366834,ruderarius,1.553004030026915e-06,sylvarum,8.735399711415995e-07,pomorum,True,True
778,,ARLY_SORO_0075,/Volumes/EXT DATA/IDMB/derived/Bombus/collection/images/ARLY_SORO_0075_P_2.jpg,pomorum,0.9999553460799253,sylvarum,3.915507230980714e-05,ruderarius,5.479616327182319e-06,pomorum,True,True
779,,ARLY_SORO_0075,/Volumes/EXT DATA/IDMB/derived/Bombus/collection/images/ARLY_SORO_0075_S_2.jpg,pomorum,0.9999818367703756,ruderarius,1.4841377628502897e-05,sylvarum,3.321185141299837e-06,pomorum,True,True
780,,ARLY_SORO_0075,/Volumes/EXT DATA/IDMB/derived/Bombus/collection/images/ARLY_SORO_0075_S_3.jpg,pomorum,0.9999980631073538,sylvarum,1.5107937862113037e-06,ruderarius,4.258031631621337e-07,pomorum,True,True
781,,ARLY_SORO_0076,/Volumes/EXT DATA/IDMB/derived/Bombus/collection/images/ARLY_SORO_0076_P_1.jpg,ruderarius,0.9899469803913759,sylvarum,0.010052769181510799,pomorum,2.481742165325627e-07,ruderarius,True,True
782,,ARLY_SORO_0076,/Volumes/EXT DATA/IDMB/derived/Bombus/collection/images/ARLY_SORO_0076_P_2.jpg,ruderarius,0.9732825022837519,sylvarum,0.02671608283473527,pomorum,1.414876363585096e-06,ruderarius,True,True
783,,ARLY_SORO_0076,/Volumes/EXT DATA/IDMB/derived/Bombus/collection/images/ARLY_SORO_0076_S_1.jpg,ruderarius,0.9859864321892957,sylvarum,0.014010841518325136,pomorum,2.6745681848953185e-06,ruderarius,True,True
784,,ARLY_SORO_0076,/Volumes/EXT DATA/IDMB/derived/Bombus/collection/images/ARLY_SORO_0076_S_2.jpg,ruderarius,0.981599567912425,sylvarum,0.018399982203934708,pomorum,4.4985509763207804e-07,ruderarius,True,True
785,,ARLY_SORO_0076,/Volumes/EXT DATA/IDMB/derived/Bombus/collection/images/ARLY_SORO_0076_S_3.jpg,ruderarius,0.9893130923469147,sylvarum,0.010676574419799502,pomorum,1.0325717510337793e-05,ruderarius,True,True
786,,ARLY_SORO_0077,/Volumes/EXT DATA/IDMB/derived/Bombus/collection/images/ARLY_SORO_0077_P_1.jpg,ruderarius,0.8660696303363034,sylvarum,0.13357963336606848,pomorum,0.00031300252265660446,ruderarius,True,True
787,,ARLY_SORO_0077,/Volumes/EXT DATA/IDMB/derived/Bombus/collection/images/ARLY_SORO_0077_P_2.jpg,ruderarius,0.8438241816300636,sylvarum,0.1559683204286818,pomorum,0.00018169272896305526,ruderarius,True,True
788,,ARLY_SORO_0077,/Volumes/EXT DATA/IDMB/derived/Bombus/collection/images/ARLY_SORO_0077_S_1.jpg,ruderarius,0.7883906039906108,sylvarum,0.21157175933326203,pomorum,3.639314109176183e-05,ruderarius,True,True
789,,ARLY_SORO_0077,/Volumes/EXT DATA/IDMB/derived/Bombus/collection/images/ARLY_SORO_0077_S_2.jpg,ruderarius,0.9162872260590773,sylvarum,0.08368621484931807,pomorum,2.4702721494112388e-05,ruderarius,True,True
790,,ARLY_SORO_0077,/Volumes/EXT DATA/IDMB/derived/Bombus/collection/images/ARLY_SORO_0077_S_3.jpg,ruderarius,0.8302138580054431,sylvarum,0.1691481227913574,pomorum,0.00044826736447058503,ruderarius,True,True
791,,ARLY_SORO_0078,/Volumes/EXT DATA/IDMB/derived/Bombus/collection/images/ARLY_SORO_0078_P_1.jpg,ruderarius,0.9996404197453513,sylvarum,0.00035936938424049793,pratorum,2.099306146162477e-07,ruderarius,True,True
792,,ARLY_SORO_0078,/Volumes/EXT DATA/IDMB/derived/Bombus/collection/images/ARLY_SORO_0078_P_2.jpg,ruderarius,0.9991733877653957,sylvarum,0.0008266116819092966,pratorum,4.916066853710063e-10,ruderarius,True,True
793,,ARLY_SORO_0078,/Volumes/EXT DATA/IDMB/derived/Bombus/collection/images/ARLY_SORO_0078_S_1.jpg,ruderarius,0.9977700560145705,sylvarum,0.002229746913402249,pratorum,1.9618163576381493e-07,ruderarius,True,True
794,,ARLY_SORO_0078,/Volumes/EXT DATA/IDMB/derived/Bombus/collection/images/ARLY_SORO_0078_S_2.jpg,ruderarius,0.9978514039703916,sylvarum,0.0021482989128358194,pratorum,2.9568224302330293e-07,ruderarius,True,True
795,,ARLY_SORO_0078,/Volumes/EXT DATA/IDMB/derived/Bombus/collection/images/ARLY_SORO_0078_S_3.jpg,ruderarius,0.9957159215653931,sylvarum,0.004284077380771775,pratorum,9.87775502548922e-10,ruderarius,True,True
796,,ARLY_SORO_0079,/Volumes/EXT DATA/IDMB/derived/Bombus/collection/images/ARLY_SORO_0079_P_1.jpg,ruderarius,0.9999588695389506,sylvarum,4.112257506705693e-05,pomorum,7.784836532263874e-09,ruderarius,True,True
797,,ARLY_SORO_0079,/Volumes/EXT DATA/IDMB/derived/Bombus/collection/images/ARLY_SORO_0079_P_2.jpg,ruderarius,0.9999774716310018,sylvarum,2.2466680596823617e-05,pomorum,6.092878088826566e-08,ruderarius,True,True
798,,ARLY_SORO_0079,/Volumes/EXT DATA/IDMB/derived/Bombus/collection/images/ARLY_SORO_0079_S_1.jpg,ruderarius,0.9999704937820789,sylvarum,2.950510678241233e-05,pomorum,1.0431001897336504e-09,ruderarius,True,True
799,,ARLY_SORO_0079,/Volumes/EXT DATA/IDMB/derived/Bombus/collection/images/ARLY_SORO_0079_S_2.jpg,ruderarius,0.999999508974257,sylvarum,4.889474206580577e-07,pomorum,2.0783114683256716e-09,ruderarius,True,True
800,,ARLY_SORO_0079,/Volumes/EXT DATA/IDMB/derived/Bombus/collection/images/ARLY_SORO_0079_S_3.jpg,ruderarius,0.9999960985866413,sylvarum,3.888873294231346e-06,pomorum,1.2538390172391158e-08,ruderarius,True,True
801,,ARLY_SORO_0080,/Volumes/EXT DATA/IDMB/derived/Bombus/collection/images/ARLY_SORO_0080_P_1.jpg,ruderarius,0.999999957764595,sylvarum,2.577816354735596e-08,pomorum,1.5937570361440478e-08,ruderarius,True,True
802,,ARLY_SORO_0080,/Volumes/EXT DATA/IDMB/derived/Bombus/collection/images/ARLY_SORO_0080_P_2.jpg,ruderarius,0.9999999382583893,sylvarum,5.0686372371087365e-08,pomorum,1.0473847582074028e-08,ruderarius,True,True
803,,ARLY_SORO_0080,/Volumes/EXT DATA/IDMB/derived/Bombus/collection/images/ARLY_SORO_0080_S_1.jpg,ruderarius,0.9999998140107225,sylvarum,1.421272783674105e-07,pomorum,4.383662242976506e-08,ruderarius,True,True
804,,ARLY_SORO_0080,/Volumes/EXT DATA/IDMB/derived/Bombus/collection/images/ARLY_SORO_0080_S_2.jpg,ruderarius,0.9999999548008407,sylvarum,4.173965144849453e-08,pomorum,3.455380134639389e-09,ruderarius,True,True
805,,ARLY_SORO_0080,/Volumes/EXT DATA/IDMB/derived/Bombus/collection/images/ARLY_SORO_0080_S_3.jpg,ruderarius,0.9999995652362136,sylvarum,3.368579343150766e-07,pomorum,9.596008332692125e-08,ruderarius,True,True
806,,ARLY_SORO_0081,/Volumes/EXT DATA/IDMB/derived/Bombus/collection/images/ARLY_SORO_0081_P_1.jpg,sylvarum,0.9997741028016012,ruderarius,0.00022587641820554725,pomorum,1.8332191050771585e-08,sylvarum,True,True
807,,ARLY_SORO_0081,/Volumes/EXT DATA/IDMB/derived/Bombus/collection/images/ARLY_SORO_0081_P_2.jpg,sylvarum,0.9988539230132947,ruderarius,0.0011460572124240465,pomorum,1.7713335750228902e-08,sylvarum,True,True
808,,ARLY_SORO_0081,/Volumes/EXT DATA/IDMB/derived/Bombus/collection/images/ARLY_SORO_0081_S_1.jpg,sylvarum,0.9967679078225778,ruderarius,0.003231378497187432,wurflenii,5.506825486256579e-07,sylvarum,True,True
809,,ARLY_SORO_0081,/Volumes/EXT DATA/IDMB/derived/Bombus/collection/images/ARLY_SORO_0081_S_2.jpg,sylvarum,0.9984496360429057,ruderarius,0.001549843313885223,pomorum,3.0250226937024534e-07,sylvarum,True,True
810,,ARLY_SORO_0081,/Volumes/EXT DATA/IDMB/derived/Bombus/collection/images/ARLY_SORO_0081_S_3.jpg,sylvarum,0.9999522726124426,ruderarius,4.763300424010841e-05,pomorum,9.344676392191974e-08,sylvarum,True,True
811,,ARLY_SORO_0082,/Volumes/EXT DATA/IDMB/derived/Bombus/collection/images/ARLY_SORO_0082_P_1.jpg,ruderarius,0.8885872251830944,sylvarum,0.11055082700575465,pomorum,0.0008618784268234179,ruderarius,True,True
812,,ARLY_SORO_0082,/Volumes/EXT DATA/IDMB/derived/Bombus/collection/images/ARLY_SORO_0082_P_2.jpg,ruderarius,0.802801840200084,sylvarum,0.1932569355832087,pomorum,0.00394075768050153,ruderarius,True,True
813,,ARLY_SORO_0082,/Volumes/EXT DATA/IDMB/derived/Bombus/collection/images/ARLY_SORO_0082_S_2.jpg,ruderarius,0.6841294945411858,sylvarum,0.31422581407824784,pomorum,0.0016445977552959309,ruderarius,True,True
814,,ARLY_SORO_0083,/Volumes/EXT DATA/IDMB/derived/Bombus/collection/images/ARLY_SORO_0083_P_1.jpg,sylvarum,0.9404568916398341,sichelii,0.044405226316154324,ruderarius,0.010841617867243629,sylvarum,True,True
815,,ARLY_SORO_0083,/Volumes/EXT DATA/IDMB/derived/Bombus/collection/images/ARLY_SORO_0083_P_2.jpg,sylvarum,0.9974752894519604,ruderarius,0.002441355247475687,sichelii,7.506947443323849e-05,sylvarum,True,True
816,,ARLY_SORO_0083,/Volumes/EXT DATA/IDMB/derived/Bombus/collection/images/ARLY_SORO_0083_S_1.jpg,sylvarum,0.8929818275174366,ruderarius,0.10700697571490847,wurflenii,8.990451175608103e-06,sylvarum,True,True
817,,ARLY_SORO_0083,/Volumes/EXT DATA/IDMB/derived/Bombus/collection/images/ARLY_SORO_0083_S_2.jpg,sylvarum,0.8322007599672704,ruderarius,0.16639258542577173,wurflenii,0.0013843907696195145,sylvarum,True,True
818,,ARLY_SORO_0083,/Volumes/EXT DATA/IDMB/derived/Bombus/collection/images/ARLY_SORO_0083_S_3.jpg,sylvarum,0.5540259970933522,ruderarius,0.4459232221109803,wurflenii,4.5584902476285444e-05,sylvarum,True,True
819,,ARLY_SORO_0084,/Volumes/EXT DATA/IDMB/derived/Bombus/collection/images/ARLY_SORO_0084_P_1.jpg,sylvarum,0.9999835681940881,ruderarius,1.5339225780117794e-05,pomorum,1.0259631753200365e-06,sylvarum,True,True
820,,ARLY_SORO_0084,/Volumes/EXT DATA/IDMB/derived/Bombus/collection/images/ARLY_SORO_0084_P_2.jpg,sylvarum,0.9978121727442252,ruderarius,0.0021469857949223637,pomorum,2.5729103490991998e-05,sylvarum,True,True
821,,ARLY_SORO_0084,/Volumes/EXT DATA/IDMB/derived/Bombus/collection/images/ARLY_SORO_0084_S_1.jpg,sylvarum,0.9999048134824302,ruderarius,5.4466910535112915e-05,pomorum,4.051930573185941e-05,sylvarum,True,True
822,,ARLY_SORO_0084,/Volumes/EXT DATA/IDMB/derived/Bombus/collection/images/ARLY_SORO_0084_S_2.jpg,sylvarum,0.9998422864888751,pratorum,7.903594559634805e-05,ruderarius,7.147269732272712e-05,sylvarum,True,True
823,,ARLY_SORO_0084,/Volumes/EXT DATA/IDMB/derived/Bombus/collection/images/ARLY_SORO_0084_S_3.jpg,sylvarum,0.9997276289598774,ruderarius,0.00023996286702026112,pratorum,2.735093656089985e-05,sylvarum,True,True
824,,ARLY_SORO_0085,/Volumes/EXT DATA/IDMB/derived/Bombus/collection/images/ARLY_SORO_0085_P_1.jpg,sylvarum,0.9999999954170518,ruderarius,4.567704545086892e-09,pomorum,1.5132584140144444e-11,sylvarum,True,True
825,,ARLY_SORO_0085,/Volumes/EXT DATA/IDMB/derived/Bombus/collection/images/ARLY_SORO_0085_P_2.jpg,sylvarum,0.9999999614641574,ruderarius,3.784621782168491e-08,pomorum,6.892453977575378e-10,sylvarum,True,True
826,,ARLY_SORO_0085,/Volumes/EXT DATA/IDMB/derived/Bombus/collection/images/ARLY_SORO_0085_S_1.jpg,sylvarum,0.9999998812389318,ruderarius,1.1811336149834328e-07,pomorum,6.451099268741219e-10,sylvarum,True,True
827,,ARLY_SORO_0085,/Volumes/EXT DATA/IDMB/derived/Bombus/collection/images/ARLY_SORO_0085_S_2.jpg,sylvarum,0.9999994772874371,ruderarius,5.143248155358202e-07,pomorum,8.385605954766038e-09,sylvarum,True,True
828,,ARLY_SORO_0085,/Volumes/EXT DATA/IDMB/derived/Bombus/collection/images/ARLY_SORO_0085_S_3.jpg,sylvarum,0.9999993137069538,ruderarius,6.816880882862464e-07,pomorum,4.603190988335795e-09,sylvarum,True,True
829,,ARLY_SORO_0086,/Volumes/EXT DATA/IDMB/derived/Bombus/collection/images/ARLY_SORO_0086_P_1.jpg,soroeensis,0.9984072047546108,pyrenaeus,0.0009987169772165921,monticola,0.00037306645840226647,soroeensis,True,True
830,,ARLY_SORO_0086,/Volumes/EXT DATA/IDMB/derived/Bombus/collection/images/ARLY_SORO_0086_P_2.jpg,soroeensis,0.9280008056451521,pyrenaeus,0.06719486353287842,monticola,0.003849296659369561,soroeensis,True,True
831,,ARLY_SORO_0086,/Volumes/EXT DATA/IDMB/derived/Bombus/collection/images/ARLY_SORO_0086_S_1.jpg,soroeensis,0.9469217401337076,monticola,0.03908902381915499,sichelii,0.0077275021109523235,soroeensis,True,True
832,,ARLY_SORO_0086,/Volumes/EXT DATA/IDMB/derived/Bombus/collection/images/ARLY_SORO_0086_S_2.jpg,monticola,0.3565569443353146,soroeensis,0.3287240773879356,pyrenaeus,0.30599836460043933,soroeensis,False,True
833,,ARLY_SORO_0086,/Volumes/EXT DATA/IDMB/derived/Bombus/collection/images/ARLY_SORO_0086_S_3.jpg,soroeensis,0.89644705390277,monticola,0.04872852284736453,sichelii,0.026319974237250226,soroeensis,True,True
834,,ARLY_SORO_0087,/Volumes/EXT DATA/IDMB/derived/Bombus/collection/images/ARLY_SORO_0087_P_1.jpg,ruderarius,0.8857780846176057,sylvarum,0.10924297845035817,pomorum,0.004978838863574257,sylvarum,False,True
835,,ARLY_SORO_0087,/Volumes/EXT DATA/IDMB/derived/Bombus/collection/images/ARLY_SORO_0087_P_2.jpg,ruderarius,0.5365738316248988,pomorum,0.45544244807403106,sylvarum,0.007942198778373164,sylvarum,False,True
836,,ARLY_SORO_0087,/Volumes/EXT DATA/IDMB/derived/Bombus/collection/images/ARLY_SORO_0087_S_1.jpg,ruderarius,0.8917775297917606,sylvarum,0.06854862297571927,pomorum,0.03967211184143504,sylvarum,False,True
837,,ARLY_SORO_0087,/Volumes/EXT DATA/IDMB/derived/Bombus/collection/images/ARLY_SORO_0087_S_2.jpg,ruderarius,0.7871615426481823,sylvarum,0.18278263355534327,pomorum,0.03005492355252667,sylvarum,False,True
838,,ARLY_SORO_0087,/Volumes/EXT DATA/IDMB/derived/Bombus/collection/images/ARLY_SORO_0087_S_3.jpg,ruderarius,0.993140631117904,sylvarum,0.006802810336758942,pomorum,5.655387881343465e-05,sylvarum,False,True
839,,ARLY_SORO_0088,/Volumes/EXT DATA/IDMB/derived/Bombus/collection/images/ARLY_SORO_0088_P_1.jpg,sylvarum,0.505568241170088,ruderarius,0.49440473252727735,pomorum,2.620910858140742e-05,ruderarius,False,True
840,,ARLY_SORO_0088,/Volumes/EXT DATA/IDMB/derived/Bombus/collection/images/ARLY_SORO_0088_P_2.jpg,ruderarius,0.7630762174717448,sylvarum,0.23650825678758278,pomorum,0.0004136633940032908,ruderarius,True,True
841,,ARLY_SORO_0088,/Volumes/EXT DATA/IDMB/derived/Bombus/collection/images/ARLY_SORO_0088_S_1.jpg,ruderarius,0.9442063536802825,sylvarum,0.055760236150988275,pomorum,3.092972088984566e-05,ruderarius,True,True
842,,ARLY_SORO_0088,/Volumes/EXT DATA/IDMB/derived/Bombus/collection/images/ARLY_SORO_0088_S_2.jpg,ruderarius,0.8641781629266628,sylvarum,0.1357877968174662,pomorum,3.403481229578438e-05,ruderarius,True,True
843,,ARLY_SORO_0088,/Volumes/EXT DATA/IDMB/derived/Bombus/collection/images/ARLY_SORO_0088_S_3.jpg,sylvarum,0.6808703518867039,ruderarius,0.31871076259580644,pomorum,0.0004182215782538293,ruderarius,False,True
844,,ARLY_SORO_0089,/Volumes/EXT DATA/IDMB/derived/Bombus/collection/images/ARLY_SORO_0089_P_1.jpg,sylvarum,0.6453908667804197,ruderarius,0.3454105928529343,pomorum,0.004776978773041914,sylvarum,True,True
845,,ARLY_SORO_0089,/Volumes/EXT DATA/IDMB/derived/Bombus/collection/images/ARLY_SORO_0089_P_2.jpg,sylvarum,0.6417638466779729,ruderarius,0.23272621913094738,pomorum,0.08243073934768846,sylvarum,True,True
846,,ARLY_SORO_0089,/Volumes/EXT DATA/IDMB/derived/Bombus/collection/images/ARLY_SORO_0089_S_1.jpg,ruderarius,0.7650991590169263,sylvarum,0.2226392769987468,pomorum,0.011853009263807291,sylvarum,False,True
847,,ARLY_SORO_0089,/Volumes/EXT DATA/IDMB/derived/Bombus/collection/images/ARLY_SORO_0089_S_2.jpg,ruderarius,0.5223879204341049,sylvarum,0.2829801693771162,pratorum,0.15238740774284812,sylvarum,False,True
848,,ARLY_SORO_0089,/Volumes/EXT DATA/IDMB/derived/Bombus/collection/images/ARLY_SORO_0089_S_3.jpg,sylvarum,0.7450331294356425,ruderarius,0.2506524502965355,wurflenii,0.0018704012954403658,sylvarum,True,True
849,,ARLY_SORO_0090,/Volumes/EXT DATA/IDMB/derived/Bombus/collection/images/ARLY_SORO_0090_P_1.jpg,soroeensis,0.9991481977409227,sichelii,0.00037071060555189363,pyrenaeus,0.0003455319813516665,soroeensis,True,True
850,,ARLY_SORO_0090,/Volumes/EXT DATA/IDMB/derived/Bombus/collection/images/ARLY_SORO_0090_P_2.jpg,soroeensis,0.995882705970975,wurflenii,0.003797041122097343,sichelii,0.0002273601704322293,soroeensis,True,True
851,,ARLY_SORO_0090,/Volumes/EXT DATA/IDMB/derived/Bombus/collection/images/ARLY_SORO_0090_S_1.jpg,soroeensis,0.999366265853737,pyrenaeus,0.0002663876917966628,wurflenii,0.0002585425351509162,soroeensis,True,True
852,,ARLY_SORO_0090,/Volumes/EXT DATA/IDMB/derived/Bombus/collection/images/ARLY_SORO_0090_S_2.jpg,soroeensis,0.9998129289786025,pyrenaeus,8.633522613431642e-05,sichelii,7.21015520070177e-05,soroeensis,True,True
853,,ARLY_SORO_0090,/Volumes/EXT DATA/IDMB/derived/Bombus/collection/images/ARLY_SORO_0090_S_3.jpg,soroeensis,0.9909350630174979,pyrenaeus,0.005272197523794579,sichelii,0.002744689947716862,soroeensis,True,True
854,,ARLY_SORO_0091,/Volumes/EXT DATA/IDMB/derived/Bombus/collection/images/ARLY_SORO_0091_P_1.jpg,soroeensis,0.9996371599918673,sichelii,0.00015251963590274715,pratorum,6.598985754787527e-05,soroeensis,True,True
855,,ARLY_SORO_0091,/Volumes/EXT DATA/IDMB/derived/Bombus/collection/images/ARLY_SORO_0091_P_2.jpg,soroeensis,0.995472595878137,wurflenii,0.002153283308152101,sichelii,0.0020142164392641113,soroeensis,True,True
856,,ARLY_SORO_0091,/Volumes/EXT DATA/IDMB/derived/Bombus/collection/images/ARLY_SORO_0091_S_1.jpg,soroeensis,0.9966335698100329,wurflenii,0.002178739642448277,sichelii,0.0011113857444023992,soroeensis,True,True
857,,ARLY_SORO_0091,/Volumes/EXT DATA/IDMB/derived/Bombus/collection/images/ARLY_SORO_0091_S_2.jpg,soroeensis,0.9999499392154784,sichelii,1.8326633109637243e-05,pratorum,1.1396629273478385e-05,soroeensis,True,True
858,,ARLY_SORO_0091,/Volumes/EXT DATA/IDMB/derived/Bombus/collection/images/ARLY_SORO_0091_S_3.jpg,soroeensis,0.9991202619791395,wurflenii,0.0005308694874715005,monticola,0.00021276369419568868,soroeensis,True,True
859,,ARLY_SORO_0092,/Volumes/EXT DATA/IDMB/derived/Bombus/collection/images/ARLY_SORO_0092_P_1.jpg,soroeensis,0.9992038501902948,pratorum,0.0007954714299755724,monticola,5.328964155073266e-07,soroeensis,True,True
860,,ARLY_SORO_0092,/Volumes/EXT DATA/IDMB/derived/Bombus/collection/images/ARLY_SORO_0092_P_2.jpg,soroeensis,0.9993464122834015,pratorum,0.0006524134909734605,monticola,6.501929397062887e-07,soroeensis,True,True
861,,ARLY_SORO_0092,/Volumes/EXT DATA/IDMB/derived/Bombus/collection/images/ARLY_SORO_0092_S_1.jpg,soroeensis,0.9982344967751418,pratorum,0.0017651851406789792,pyrenaeus,2.1414245175919916e-07,soroeensis,True,True
862,,ARLY_SORO_0092,/Volumes/EXT DATA/IDMB/derived/Bombus/collection/images/ARLY_SORO_0092_S_2.jpg,soroeensis,0.9999265570785513,pratorum,7.161645148904092e-05,lapidarius,7.886355790146598e-07,soroeensis,True,True
863,,ARLY_SORO_0092,/Volumes/EXT DATA/IDMB/derived/Bombus/collection/images/ARLY_SORO_0092_S_3.jpg,soroeensis,0.9985208981804975,pratorum,0.0014790329056741755,pyrenaeus,3.83666262552242e-08,soroeensis,True,True
864,,ARLY_SORO_0093,/Volumes/EXT DATA/IDMB/derived/Bombus/collection/images/ARLY_SORO_0093_P_1.jpg,sylvarum,0.9866888153240861,ruderarius,0.013310740818323065,pratorum,2.7623687952452864e-07,sylvarum,True,True
865,,ARLY_SORO_0093,/Volumes/EXT DATA/IDMB/derived/Bombus/collection/images/ARLY_SORO_0093_P_2.jpg,sylvarum,0.9847563327385859,ruderarius,0.01412090960418959,pratorum,0.0011206416257051354,sylvarum,True,True
866,,ARLY_SORO_0093,/Volumes/EXT DATA/IDMB/derived/Bombus/collection/images/ARLY_SORO_0093_S_1.jpg,sylvarum,0.9957555492767607,ruderarius,0.004140481367615137,pratorum,0.0001036419879460915,sylvarum,True,True
867,,ARLY_SORO_0093,/Volumes/EXT DATA/IDMB/derived/Bombus/collection/images/ARLY_SORO_0093_S_2.jpg,sylvarum,0.998739564882474,ruderarius,0.0012596695950363517,pratorum,7.569476122061475e-07,sylvarum,True,True
868,,ARLY_SORO_0094,/Volumes/EXT DATA/IDMB/derived/Bombus/collection/images/ARLY_SORO_0094_P_1.jpg,pomorum,0.9978650491650884,ruderarius,0.0015024202571853906,sylvarum,0.0006324233655573535,ruderarius,False,True
869,,ARLY_SORO_0094,/Volumes/EXT DATA/IDMB/derived/Bombus/collection/images/ARLY_SORO_0094_P_2.jpg,pomorum,0.999969547824865,ruderarius,2.034139367556323e-05,sylvarum,9.542175837609819e-06,ruderarius,False,True
870,,ARLY_SORO_0094,/Volumes/EXT DATA/IDMB/derived/Bombus/collection/images/ARLY_SORO_0094_S_1.jpg,pomorum,0.950497803402968,ruderarius,0.04430631850624935,sylvarum,0.00518820879668302,ruderarius,False,True
871,,ARLY_SORO_0094,/Volumes/EXT DATA/IDMB/derived/Bombus/collection/images/ARLY_SORO_0094_S_2.jpg,sylvarum,0.9978140214375623,ruderarius,0.0016054587740695766,pratorum,0.0005762926555786356,ruderarius,False,True
872,,ARLY_SORO_0095,/Volumes/EXT DATA/IDMB/derived/Bombus/collection/images/ARLY_SORO_0095_P_1.jpg,soroeensis,0.9959978630232984,pratorum,0.003453002704127811,lapidarius,0.0004218042509822761,soroeensis,True,True
873,,ARLY_SORO_0095,/Volumes/EXT DATA/IDMB/derived/Bombus/collection/images/ARLY_SORO_0095_P_2.jpg,soroeensis,0.9994474729541247,pratorum,0.000301522837303871,monticola,9.71967468091025e-05,soroeensis,True,True
874,,ARLY_SORO_0095,/Volumes/EXT DATA/IDMB/derived/Bombus/collection/images/ARLY_SORO_0095_S_1.jpg,soroeensis,0.9998563608642075,sichelii,0.00012978651962773286,lapidarius,7.335240707584949e-06,soroeensis,True,True
875,,ARLY_SORO_0095,/Volumes/EXT DATA/IDMB/derived/Bombus/collection/images/ARLY_SORO_0095_S_2.jpg,soroeensis,0.9999377445258094,pratorum,5.334723915279209e-05,sichelii,3.865552778244495e-06,soroeensis,True,True
876,,ARLY_SORO_0095,/Volumes/EXT DATA/IDMB/derived/Bombus/collection/images/ARLY_SORO_0095_S_3.jpg,soroeensis,0.9996120577512824,pratorum,0.00038508000516450553,pyrenaeus,1.8462912579977614e-06,soroeensis,True,True
877,,ARLY_SORO_0096,/Volumes/EXT DATA/IDMB/derived/Bombus/collection/images/ARLY_SORO_0096_P_1.jpg,pratorum,0.6352942558081093,sichelii,0.33040004595134953,lapidarius,0.029108629524688862,sichelii,False,True
878,,ARLY_SORO_0096,/Volumes/EXT DATA/IDMB/derived/Bombus/collection/images/ARLY_SORO_0096_P_2.jpg,sichelii,0.9230997723896237,pratorum,0.049699440896735426,wurflenii,0.021084688787266652,sichelii,True,True
879,,ARLY_SORO_0096,/Volumes/EXT DATA/IDMB/derived/Bombus/collection/images/ARLY_SORO_0096_S_1.jpg,sichelii,0.5454859376460571,pratorum,0.3857744356041149,wurflenii,0.04316695768540578,sichelii,True,True
880,,ARLY_SORO_0096,/Volumes/EXT DATA/IDMB/derived/Bombus/collection/images/ARLY_SORO_0096_S_2.jpg,sichelii,0.8741632072566722,pratorum,0.07114511952719012,lapidarius,0.03795611440693153,sichelii,True,True
881,,ARLY_SORO_0096,/Volumes/EXT DATA/IDMB/derived/Bombus/collection/images/ARLY_SORO_0096_S_3.jpg,sichelii,0.7545566408096998,pratorum,0.20526408350993267,lapidarius,0.017971628913315996,sichelii,True,True
882,,ARLY_SORO_0097,/Volumes/EXT DATA/IDMB/derived/Bombus/collection/images/ARLY_SORO_0097_P_1.jpg,soroeensis,0.5371333106536692,pyrenaeus,0.4574259538721448,monticola,0.0051535941322194585,soroeensis,True,True
883,,ARLY_SORO_0097,/Volumes/EXT DATA/IDMB/derived/Bombus/collection/images/ARLY_SORO_0097_P_2.jpg,soroeensis,0.8716880845936533,pyrenaeus,0.11195172066327815,monticola,0.01626719213861744,soroeensis,True,True
884,,ARLY_SORO_0097,/Volumes/EXT DATA/IDMB/derived/Bombus/collection/images/ARLY_SORO_0097_S_1.jpg,soroeensis,0.9771063353321254,pyrenaeus,0.021486050177669105,monticola,0.0013973915232329537,soroeensis,True,True
885,,ARLY_SORO_0097,/Volumes/EXT DATA/IDMB/derived/Bombus/collection/images/ARLY_SORO_0097_S_2.jpg,soroeensis,0.9793973943923805,pyrenaeus,0.020165341962830312,monticola,0.00029038044448577254,soroeensis,True,True
886,,ARLY_SORO_0097,/Volumes/EXT DATA/IDMB/derived/Bombus/collection/images/ARLY_SORO_0097_S_3.jpg,soroeensis,0.8584165212067738,pyrenaeus,0.13174948811176326,monticola,0.009580300529608824,soroeensis,True,True
887,,ARLY_SORO_0099,/Volumes/EXT DATA/IDMB/derived/Bombus/collection/images/ARLY_SORO_0099_P_1.jpg,wurflenii,0.9991078851637082,sichelii,0.0004736424898276029,lapidarius,0.0003041241515400484,wurflenii,True,True
888,,ARLY_SORO_0099,/Volumes/EXT DATA/IDMB/derived/Bombus/collection/images/ARLY_SORO_0099_P_2.jpg,wurflenii,0.9970393196571665,sichelii,0.00288591598899447,lapidarius,7.224567488944278e-05,wurflenii,True,True
889,,ARLY_SORO_0099,/Volumes/EXT DATA/IDMB/derived/Bombus/collection/images/ARLY_SORO_0099_S_1.jpg,wurflenii,0.9999560786559952,sichelii,2.600631529374578e-05,lapidarius,1.6602776878693742e-05,wurflenii,True,True
890,,ARLY_SORO_0099,/Volumes/EXT DATA/IDMB/derived/Bombus/collection/images/ARLY_SORO_0099_S_2.jpg,wurflenii,0.9999906106011794,sichelii,4.702613071972369e-06,lapidarius,3.7671719059630076e-06,wurflenii,True,True
891,,ARLY_SORO_0099,/Volumes/EXT DATA/IDMB/derived/Bombus/collection/images/ARLY_SORO_0099_S_3.jpg,wurflenii,0.9999672243465703,sichelii,2.493521516032153e-05,lapidarius,5.78331903803766e-06,wurflenii,True,True
892,,ARLY_SORO_0100,/Volumes/EXT DATA/IDMB/derived/Bombus/collection/images/ARLY_SORO_0100_P_1.jpg,wurflenii,0.9999712665447301,sichelii,2.870179000950743e-05,lapidarius,2.962487019547484e-08,wurflenii,True,True
893,,ARLY_SORO_0100,/Volumes/EXT DATA/IDMB/derived/Bombus/collection/images/ARLY_SORO_0100_P_2.jpg,wurflenii,0.999995263366581,sichelii,4.691286799958164e-06,lapidarius,4.524399609087159e-08,wurflenii,True,True
894,,ARLY_SORO_0100,/Volumes/EXT DATA/IDMB/derived/Bombus/collection/images/ARLY_SORO_0100_S_1.jpg,wurflenii,0.9999999978482663,sichelii,2.0887970380132885e-09,lapidarius,3.595982249999463e-11,wurflenii,True,True
895,,ARLY_SORO_0100,/Volumes/EXT DATA/IDMB/derived/Bombus/collection/images/ARLY_SORO_0100_S_2.jpg,wurflenii,0.9999762984057536,sichelii,2.3222360609769532e-05,lapidarius,4.769889275383895e-07,wurflenii,True,True
896,,ARLY_SORO_0100,/Volumes/EXT DATA/IDMB/derived/Bombus/collection/images/ARLY_SORO_0100_S_3.jpg,wurflenii,0.99933661556066,sichelii,0.0006534705955785134,lapidarius,9.900851022718079e-06,wurflenii,True,True
897,,ARLY_SORO_0101,/Volumes/EXT DATA/IDMB/derived/Bombus/collection/images/ARLY_SORO_0101_P_1.jpg,wurflenii,0.9999989668712104,sichelii,1.0266432414886803e-06,ruderarius,2.110727465938323e-09,wurflenii,True,True
898,,ARLY_SORO_0101,/Volumes/EXT DATA/IDMB/derived/Bombus/collection/images/ARLY_SORO_0101_P_2.jpg,wurflenii,0.9999950342439919,sichelii,4.928137572078864e-06,pyrenaeus,3.5163943521453296e-08,wurflenii,True,True
899,,ARLY_SORO_0101,/Volumes/EXT DATA/IDMB/derived/Bombus/collection/images/ARLY_SORO_0101_S_1.jpg,wurflenii,0.9999995502291625,sichelii,4.458161963714622e-07,lapidarius,3.851051859708493e-09,wurflenii,True,True
900,,ARLY_SORO_0101,/Volumes/EXT DATA/IDMB/derived/Bombus/collection/images/ARLY_SORO_0101_S_2.jpg,wurflenii,0.9999998927227323,sichelii,9.836740022849205e-08,pratorum,7.622690436381384e-09,wurflenii,True,True
901,,ARLY_SORO_0101,/Volumes/EXT DATA/IDMB/derived/Bombus/collection/images/ARLY_SORO_0101_S_3.jpg,wurflenii,0.9999999808051304,sichelii,1.9057651761332892e-08,pyrenaeus,8.953918525001737e-11,wurflenii,True,True
902,,ARLY_SORO_0102,/Volumes/EXT DATA/IDMB/derived/Bombus/collection/images/ARLY_SORO_0102_P_1.jpg,sichelii,0.9654762138301032,monticola,0.017735807852369494,pyrenaeus,0.015907403565878112,sichelii,True,True
903,,ARLY_SORO_0102,/Volumes/EXT DATA/IDMB/derived/Bombus/collection/images/ARLY_SORO_0102_P_2.jpg,sichelii,0.9607367150304406,monticola,0.036633097590638354,pyrenaeus,0.0019667432910936635,sichelii,True,True
904,,ARLY_SORO_0102,/Volumes/EXT DATA/IDMB/derived/Bombus/collection/images/ARLY_SORO_0102_S_1.jpg,pyrenaeus,0.5012276770008398,sichelii,0.4479732920967348,monticola,0.04759236542625366,sichelii,False,True
905,,ARLY_SORO_0102,/Volumes/EXT DATA/IDMB/derived/Bombus/collection/images/ARLY_SORO_0102_S_2.jpg,sichelii,0.8488604755765603,pyrenaeus,0.10522700456286979,monticola,0.044439530739148525,sichelii,True,True
906,,ARLY_SORO_0102,/Volumes/EXT DATA/IDMB/derived/Bombus/collection/images/ARLY_SORO_0102_S_3.jpg,sichelii,0.7370122336698358,pyrenaeus,0.2105004246101542,monticola,0.05091218484424602,sichelii,True,True
907,,ARLY_SORO_0103,/Volumes/EXT DATA/IDMB/derived/Bombus/collection/images/ARLY_SORO_0103_P_1.jpg,wurflenii,0.9999763185215415,sichelii,2.3653576797820077e-05,lapidarius,2.0441855892007064e-08,wurflenii,True,True
908,,ARLY_SORO_0103,/Volumes/EXT DATA/IDMB/derived/Bombus/collection/images/ARLY_SORO_0103_P_2.jpg,wurflenii,0.9999879953075229,sichelii,1.1950582883186486e-05,pratorum,3.815591866609555e-08,wurflenii,True,True
909,,ARLY_SORO_0103,/Volumes/EXT DATA/IDMB/derived/Bombus/collection/images/ARLY_SORO_0103_S_1.jpg,wurflenii,0.9999961390653026,sichelii,3.3417348784586766e-06,pratorum,4.97987348671801e-07,wurflenii,True,True
910,,ARLY_SORO_0103,/Volumes/EXT DATA/IDMB/derived/Bombus/collection/images/ARLY_SORO_0103_S_2.jpg,wurflenii,0.9999991347564751,pratorum,6.526917904803133e-07,sichelii,2.0637481865774882e-07,wurflenii,True,True
911,,ARLY_SORO_0103,/Volumes/EXT DATA/IDMB/derived/Bombus/collection/images/ARLY_SORO_0103_S_3.jpg,wurflenii,0.999999925371174,sichelii,6.599776483991279e-08,pratorum,8.392451030899087e-09,wurflenii,True,True
912,,ARLY_SORO_0104,/Volumes/EXT DATA/IDMB/derived/Bombus/collection/images/ARLY_SORO_0104_P_1.jpg,ruderarius,0.999244496090996,sylvarum,0.0007436503077693275,pomorum,1.185357633384825e-05,ruderarius,True,True
913,,ARLY_SORO_0104,/Volumes/EXT DATA/IDMB/derived/Bombus/collection/images/ARLY_SORO_0104_P_2.jpg,ruderarius,0.9997597982727715,sylvarum,0.00022314838416558723,pomorum,1.705333997430069e-05,ruderarius,True,True
914,,ARLY_SORO_0104,/Volumes/EXT DATA/IDMB/derived/Bombus/collection/images/ARLY_SORO_0104_S_1.jpg,ruderarius,0.9964107367704491,sylvarum,0.0035881990472379954,pomorum,1.0640683483647073e-06,ruderarius,True,True
915,,ARLY_SORO_0104,/Volumes/EXT DATA/IDMB/derived/Bombus/collection/images/ARLY_SORO_0104_S_2.jpg,ruderarius,0.9967369039489244,sylvarum,0.0032288001028569673,pomorum,3.42959435602132e-05,ruderarius,True,True
916,,ARLY_SORO_0104,/Volumes/EXT DATA/IDMB/derived/Bombus/collection/images/ARLY_SORO_0104_S_3.jpg,ruderarius,0.9884851182552837,sylvarum,0.01150313696318848,pomorum,1.1744777498411938e-05,ruderarius,True,True
917,,ARLY_SORO_0105,/Volumes/EXT DATA/IDMB/derived/Bombus/collection/images/ARLY_SORO_0105_P_1.jpg,ruderarius,0.9999725482728867,sylvarum,2.6726306820790696e-05,pomorum,7.253858687560914e-07,ruderarius,True,True
918,,ARLY_SORO_0105,/Volumes/EXT DATA/IDMB/derived/Bombus/collection/images/ARLY_SORO_0105_P_2.jpg,ruderarius,0.9999503732125317,sylvarum,4.946749334286346e-05,pomorum,1.592245405782282e-07,ruderarius,True,True
919,,ARLY_SORO_0105,/Volumes/EXT DATA/IDMB/derived/Bombus/collection/images/ARLY_SORO_0105_S_1.jpg,ruderarius,0.9999976367545597,sylvarum,2.3450353071500915e-06,pomorum,1.6364612849836123e-08,ruderarius,True,True
920,,ARLY_SORO_0105,/Volumes/EXT DATA/IDMB/derived/Bombus/collection/images/ARLY_SORO_0105_S_2.jpg,ruderarius,0.9999947759099936,sylvarum,4.93540662138949e-06,pomorum,2.886263990226229e-07,ruderarius,True,True
921,,ARLY_SORO_0105,/Volumes/EXT DATA/IDMB/derived/Bombus/collection/images/ARLY_SORO_0105_S_3.jpg,ruderarius,0.9999906456426694,sylvarum,9.142635770636402e-06,pomorum,2.104244652626437e-07,ruderarius,True,True
922,,ARLY_SORO_0106,/Volumes/EXT DATA/IDMB/derived/Bombus/collection/images/ARLY_SORO_0106_P_1.jpg,lapidarius,0.7541526431454442,sichelii,0.245842935635989,pyrenaeus,2.7230860506923116e-06,sichelii,False,True
923,,ARLY_SORO_0106,/Volumes/EXT DATA/IDMB/derived/Bombus/collection/images/ARLY_SORO_0106_P_2.jpg,sichelii,0.7619621677750201,lapidarius,0.23802053994866862,wurflenii,1.1733208032847272e-05,sichelii,True,True
924,,ARLY_SORO_0106,/Volumes/EXT DATA/IDMB/derived/Bombus/collection/images/ARLY_SORO_0106_S_1.jpg,sichelii,0.8916701072836106,lapidarius,0.10812752867752845,wurflenii,0.00018875875182752726,sichelii,True,True
925,,ARLY_SORO_0106,/Volumes/EXT DATA/IDMB/derived/Bombus/collection/images/ARLY_SORO_0106_S_2.jpg,sichelii,0.8030982200375079,lapidarius,0.19657981879759684,wurflenii,0.000300559765065818,sichelii,True,True
926,,ARLY_SORO_0106,/Volumes/EXT DATA/IDMB/derived/Bombus/collection/images/ARLY_SORO_0106_S_3.jpg,sichelii,0.7294345333258485,lapidarius,0.27055357482116915,wurflenii,6.121072046776237e-06,sichelii,True,True
927,,ARLY_SORO_0107,/Volumes/EXT DATA/IDMB/derived/Bombus/collection/images/ARLY_SORO_0107_P_1.jpg,wurflenii,0.9999999991967463,sichelii,4.28864878397567e-10,soroeensis,2.6264547357197154e-10,wurflenii,True,True
928,,ARLY_SORO_0107,/Volumes/EXT DATA/IDMB/derived/Bombus/collection/images/ARLY_SORO_0107_P_2.jpg,wurflenii,0.9999999997162923,sichelii,2.636877110402662e-10,soroeensis,1.381030552021232e-11,wurflenii,True,True
929,,ARLY_SORO_0107,/Volumes/EXT DATA/IDMB/derived/Bombus/collection/images/ARLY_SORO_0107_S_1.jpg,wurflenii,0.9999999996300855,soroeensis,3.157640247865027e-10,sichelii,3.776400471080831e-11,wurflenii,True,True
930,,ARLY_SORO_0107,/Volumes/EXT DATA/IDMB/derived/Bombus/collection/images/ARLY_SORO_0107_S_2.jpg,wurflenii,0.9999999998449078,soroeensis,1.2329560150981526e-10,sichelii,2.8925966279275004e-11,wurflenii,True,True
931,,ARLY_SORO_0107,/Volumes/EXT DATA/IDMB/derived/Bombus/collection/images/ARLY_SORO_0107_S_3.jpg,wurflenii,0.9999999919466948,soroeensis,7.773720894851323e-09,sichelii,2.697053176335561e-10,wurflenii,True,True
932,,ARLY_SORO_0108,/Volumes/EXT DATA/IDMB/derived/Bombus/collection/images/ARLY_SORO_0108_P_1.jpg,wurflenii,0.9999913028591377,sichelii,6.2246151623706305e-06,lapidarius,1.583535986408629e-06,wurflenii,True,True
933,,ARLY_SORO_0108,/Volumes/EXT DATA/IDMB/derived/Bombus/collection/images/ARLY_SORO_0108_P_2.jpg,wurflenii,0.9998700349739799,sichelii,7.876597798538782e-05,pyrenaeus,3.8842084617578744e-05,wurflenii,True,True
934,,ARLY_SORO_0108,/Volumes/EXT DATA/IDMB/derived/Bombus/collection/images/ARLY_SORO_0108_S_1.jpg,wurflenii,0.992947516473285,pratorum,0.006912758673667993,pyrenaeus,6.122872115984235e-05,wurflenii,True,True
935,,ARLY_SORO_0108,/Volumes/EXT DATA/IDMB/derived/Bombus/collection/images/ARLY_SORO_0108_S_2.jpg,wurflenii,0.9999963315871877,pratorum,2.8338099315988138e-06,sichelii,6.397313537258901e-07,wurflenii,True,True
936,,ARLY_SORO_0108,/Volumes/EXT DATA/IDMB/derived/Bombus/collection/images/ARLY_SORO_0108_S_3.jpg,wurflenii,0.999819766188605,pratorum,0.00017235427468554536,sichelii,3.4359630743389393e-06,wurflenii,True,True
937,,ARLY_SORO_0109,/Volumes/EXT DATA/IDMB/derived/Bombus/collection/images/ARLY_SORO_0109_P_1.jpg,sylvarum,0.9908755186046757,ruderarius,0.009118286137101748,pomorum,4.0108547962941076e-06,sylvarum,True,True
938,,ARLY_SORO_0109,/Volumes/EXT DATA/IDMB/derived/Bombus/collection/images/ARLY_SORO_0109_P_2.jpg,sylvarum,0.9966312962538286,ruderarius,0.0033652449305300405,pratorum,2.9239314817589392e-06,sylvarum,True,True
939,,ARLY_SORO_0109,/Volumes/EXT DATA/IDMB/derived/Bombus/collection/images/ARLY_SORO_0109_S_1.jpg,sylvarum,0.9930430377301858,ruderarius,0.006956590425943766,pomorum,3.1281425944103025e-07,sylvarum,True,True
940,,ARLY_SORO_0109,/Volumes/EXT DATA/IDMB/derived/Bombus/collection/images/ARLY_SORO_0109_S_2.jpg,sylvarum,0.9905241326654407,ruderarius,0.009475838106632628,pomorum,2.4154789232172392e-08,sylvarum,True,True
941,,ARLY_SORO_0109,/Volumes/EXT DATA/IDMB/derived/Bombus/collection/images/ARLY_SORO_0109_S_3.jpg,sylvarum,0.9605811398342476,ruderarius,0.039418396169726415,pomorum,3.8837667752602636e-07,sylvarum,True,True
942,,ARLY_SORO_0110,/Volumes/EXT DATA/IDMB/derived/Bombus/collection/images/ARLY_SORO_0110_P_1.jpg,soroeensis,0.9999240980541589,monticola,3.562754529586457e-05,pyrenaeus,2.4271821734066505e-05,soroeensis,True,True
943,,ARLY_SORO_0110,/Volumes/EXT DATA/IDMB/derived/Bombus/collection/images/ARLY_SORO_0110_P_2.jpg,soroeensis,0.9999536926628836,monticola,2.73817398151521e-05,pyrenaeus,8.866113908532212e-06,soroeensis,True,True
944,,ARLY_SORO_0110,/Volumes/EXT DATA/IDMB/derived/Bombus/collection/images/ARLY_SORO_0110_S_1.jpg,soroeensis,0.9999772377694013,pyrenaeus,2.030728034096007e-05,lapidarius,8.045634677684223e-07,soroeensis,True,True
945,,ARLY_SORO_0110,/Volumes/EXT DATA/IDMB/derived/Bombus/collection/images/ARLY_SORO_0110_S_2.jpg,soroeensis,0.9999971098705125,pyrenaeus,1.8489119649559097e-06,monticola,4.761555758400505e-07,soroeensis,True,True
946,,ARLY_SORO_0110,/Volumes/EXT DATA/IDMB/derived/Bombus/collection/images/ARLY_SORO_0110_S_3.jpg,soroeensis,0.999549933891941,pyrenaeus,0.0004310148812181827,monticola,1.0791211373772205e-05,soroeensis,True,True
947,,ARLY_SORO_0111,/Volumes/EXT DATA/IDMB/derived/Bombus/collection/images/ARLY_SORO_0111_P_1.jpg,soroeensis,0.9999667453263928,monticola,2.3306855814981125e-05,pyrenaeus,7.035978041619207e-06,soroeensis,True,True
948,,ARLY_SORO_0111,/Volumes/EXT DATA/IDMB/derived/Bombus/collection/images/ARLY_SORO_0111_P_2.jpg,soroeensis,0.9998864307834396,monticola,8.164316178405751e-05,pyrenaeus,2.5778049387268146e-05,soroeensis,True,True
949,,ARLY_SORO_0111,/Volumes/EXT DATA/IDMB/derived/Bombus/collection/images/ARLY_SORO_0111_S_1.jpg,soroeensis,0.9983665831041382,monticola,0.0012728347809549596,pyrenaeus,0.0002818765491938642,soroeensis,True,True
950,,ARLY_SORO_0111,/Volumes/EXT DATA/IDMB/derived/Bombus/collection/images/ARLY_SORO_0111_S_2.jpg,soroeensis,0.9997359923128918,monticola,0.0001035155877586982,pyrenaeus,8.488519031807735e-05,soroeensis,True,True
951,,ARLY_SORO_0111,/Volumes/EXT DATA/IDMB/derived/Bombus/collection/images/ARLY_SORO_0111_S_3.jpg,soroeensis,0.9994858313849627,lapidarius,0.00017177791891071826,monticola,0.00015871713750989844,soroeensis,True,True
952,,ARLY_SORO_0112,/Volumes/EXT DATA/IDMB/derived/Bombus/collection/images/ARLY_SORO_0112_P_1.jpg,sylvarum,0.9230984377783867,ruderarius,0.07689576262225434,pomorum,5.798772036513058e-06,sylvarum,True,True
953,,ARLY_SORO_0112,/Volumes/EXT DATA/IDMB/derived/Bombus/collection/images/ARLY_SORO_0112_P_2.jpg,sylvarum,0.8806912257002079,ruderarius,0.11930619320291608,pomorum,2.5809351497341925e-06,sylvarum,True,True
954,,ARLY_SORO_0112,/Volumes/EXT DATA/IDMB/derived/Bombus/collection/images/ARLY_SORO_0112_S_1.jpg,sylvarum,0.9900296306774244,ruderarius,0.009958635968428749,pomorum,1.1732041359178374e-05,sylvarum,True,True
955,,ARLY_SORO_0112,/Volumes/EXT DATA/IDMB/derived/Bombus/collection/images/ARLY_SORO_0112_S_2.jpg,sylvarum,0.9582113054737912,ruderarius,0.04178864426714678,pomorum,5.025821607977101e-08,sylvarum,True,True
956,,ARLY_SORO_0112,/Volumes/EXT DATA/IDMB/derived/Bombus/collection/images/ARLY_SORO_0112_S_3.jpg,sylvarum,0.788251834072786,ruderarius,0.2117481093572998,pomorum,5.655892577456074e-08,sylvarum,True,True
957,,ARLY_SORO_0113,/Volumes/EXT DATA/IDMB/derived/Bombus/collection/images/ARLY_SORO_0113_P_1.jpg,soroeensis,0.9966616169893056,monticola,0.003192757289838177,pyrenaeus,0.0001421963547258674,soroeensis,True,True
958,,ARLY_SORO_0113,/Volumes/EXT DATA/IDMB/derived/Bombus/collection/images/ARLY_SORO_0113_P_2.jpg,soroeensis,0.9965463816320058,monticola,0.0022618698502589463,pyrenaeus,0.001142512548493716,soroeensis,True,True
959,,ARLY_SORO_0113,/Volumes/EXT DATA/IDMB/derived/Bombus/collection/images/ARLY_SORO_0113_S_1.jpg,soroeensis,0.9984996115340434,monticola,0.001450875932870651,pyrenaeus,4.849019427722667e-05,soroeensis,True,True
960,,ARLY_SORO_0113,/Volumes/EXT DATA/IDMB/derived/Bombus/collection/images/ARLY_SORO_0113_S_2.jpg,soroeensis,0.9950824210652927,monticola,0.003924657051233936,pyrenaeus,0.0009822416002793265,soroeensis,True,True
961,,ARLY_SORO_0113,/Volumes/EXT DATA/IDMB/derived/Bombus/collection/images/ARLY_SORO_0113_S_3.jpg,soroeensis,0.999796138744882,monticola,0.00011814210175306636,pyrenaeus,8.524552571732773e-05,soroeensis,True,True
962,,ARLY_SORO_0114,/Volumes/EXT DATA/IDMB/derived/Bombus/collection/images/ARLY_SORO_0114_P_1.jpg,soroeensis,0.9987017240273923,pratorum,0.0012763579429435584,pyrenaeus,2.1713064850405303e-05,soroeensis,True,True
963,,ARLY_SORO_0114,/Volumes/EXT DATA/IDMB/derived/Bombus/collection/images/ARLY_SORO_0114_P_2.jpg,soroeensis,0.9999085949712136,pratorum,8.904660866264355e-05,pyrenaeus,2.2996414689922835e-06,soroeensis,True,True
964,,ARLY_SORO_0114,/Volumes/EXT DATA/IDMB/derived/Bombus/collection/images/ARLY_SORO_0114_S_1.jpg,soroeensis,0.999530631383841,pratorum,0.0004429473260666719,pyrenaeus,2.4269532576164824e-05,soroeensis,True,True
965,,ARLY_SORO_0114,/Volumes/EXT DATA/IDMB/derived/Bombus/collection/images/ARLY_SORO_0114_S_2.jpg,soroeensis,0.999845215871213,pratorum,0.0001487014367782183,pyrenaeus,5.9237171461494385e-06,soroeensis,True,True
966,,ARLY_SORO_0114,/Volumes/EXT DATA/IDMB/derived/Bombus/collection/images/ARLY_SORO_0114_S_3.jpg,soroeensis,0.9974832822315631,pratorum,0.0024662570676031253,pyrenaeus,5.033460090073073e-05,soroeensis,True,True
967,,ARLY_SORO_0116,/Volumes/EXT DATA/IDMB/derived/Bombus/collection/images/ARLY_SORO_0116_P_1.jpg,soroeensis,0.9917028454981546,pyrenaeus,0.0060066275472331265,monticola,0.0019661809039372286,soroeensis,True,True
968,,ARLY_SORO_0116,/Volumes/EXT DATA/IDMB/derived/Bombus/collection/images/ARLY_SORO_0116_P_2.jpg,soroeensis,0.9321089789014666,monticola,0.06497942981620941,pyrenaeus,0.002436337937152125,soroeensis,True,True
969,,ARLY_SORO_0116,/Volumes/EXT DATA/IDMB/derived/Bombus/collection/images/ARLY_SORO_0116_S_1.jpg,soroeensis,0.9685969226074352,monticola,0.028827595389787408,pyrenaeus,0.0025678024095796455,soroeensis,True,True
970,,ARLY_SORO_0116,/Volumes/EXT DATA/IDMB/derived/Bombus/collection/images/ARLY_SORO_0116_S_2.jpg,soroeensis,0.9980192464519261,monticola,0.0010421582420545145,pyrenaeus,0.0009085886930660358,soroeensis,True,True
971,,ARLY_SORO_0116,/Volumes/EXT DATA/IDMB/derived/Bombus/collection/images/ARLY_SORO_0116_S_3.jpg,soroeensis,0.9883012102076458,monticola,0.009669108969299848,pyrenaeus,0.001896166459836848,soroeensis,True,True
972,,ARLY_SORO_0117,/Volumes/EXT DATA/IDMB/derived/Bombus/collection/images/ARLY_SORO_0117_P_1.jpg,soroeensis,0.9839490648983102,monticola,0.009250746111566935,pyrenaeus,0.005923546135779589,soroeensis,True,True
973,,ARLY_SORO_0117,/Volumes/EXT DATA/IDMB/derived/Bombus/collection/images/ARLY_SORO_0117_P_2.jpg,soroeensis,0.9703952399737253,monticola,0.020866497436809836,pyrenaeus,0.005222104722175365,soroeensis,True,True
974,,ARLY_SORO_0117,/Volumes/EXT DATA/IDMB/derived/Bombus/collection/images/ARLY_SORO_0117_S_1.jpg,soroeensis,0.9835935049553178,pyrenaeus,0.013780216620174477,monticola,0.0013365989496579608,soroeensis,True,True
975,,ARLY_SORO_0117,/Volumes/EXT DATA/IDMB/derived/Bombus/collection/images/ARLY_SORO_0117_S_2.jpg,soroeensis,0.9218042970756839,pyrenaeus,0.06978847198152736,monticola,0.00770956378457348,soroeensis,True,True
976,,ARLY_SORO_0117,/Volumes/EXT DATA/IDMB/derived/Bombus/collection/images/ARLY_SORO_0117_S_3.jpg,soroeensis,0.6760294290384248,pyrenaeus,0.276549481692512,monticola,0.04268629514625054,soroeensis,True,True
977,,ARLY_SORO_0118,/Volumes/EXT DATA/IDMB/derived/Bombus/collection/images/ARLY_SORO_0118_P_1.jpg,soroeensis,0.9998038970092044,monticola,0.00011916174689141192,pratorum,6.147823421365975e-05,soroeensis,True,True
978,,ARLY_SORO_0118,/Volumes/EXT DATA/IDMB/derived/Bombus/collection/images/ARLY_SORO_0118_P_2.jpg,soroeensis,0.9991621863678257,monticola,0.0007193865781250893,sichelii,8.57661261415088e-05,soroeensis,True,True
979,,ARLY_SORO_0118,/Volumes/EXT DATA/IDMB/derived/Bombus/collection/images/ARLY_SORO_0118_S_1.jpg,soroeensis,0.9994407870048375,monticola,0.0004594877687373487,pyrenaeus,6.625586042614527e-05,soroeensis,True,True
980,,ARLY_SORO_0118,/Volumes/EXT DATA/IDMB/derived/Bombus/collection/images/ARLY_SORO_0118_S_2.jpg,soroeensis,0.9983970712456839,monticola,0.0015493395475140552,pyrenaeus,4.159919637497036e-05,soroeensis,True,True
981,,ARLY_SORO_0118,/Volumes/EXT DATA/IDMB/derived/Bombus/collection/images/ARLY_SORO_0118_S_3.jpg,soroeensis,0.996707928602314,monticola,0.0030616798556172466,pyrenaeus,0.00012900021795905038,soroeensis,True,True
982,,ARLY_SORO_0119,/Volumes/EXT DATA/IDMB/derived/Bombus/collection/images/ARLY_SORO_0119_P_1.jpg,wurflenii,0.999999559804242,sichelii,4.163300255959053e-07,lapidarius,1.450920393710673e-08,wurflenii,True,True
983,,ARLY_SORO_0119,/Volumes/EXT DATA/IDMB/derived/Bombus/collection/images/ARLY_SORO_0119_P_2.jpg,wurflenii,0.9999918424882467,lapidarius,2.8344873445805614e-06,pratorum,2.7250536905808887e-06,wurflenii,True,True
984,,ARLY_SORO_0119,/Volumes/EXT DATA/IDMB/derived/Bombus/collection/images/ARLY_SORO_0119_S_1.jpg,wurflenii,0.999999493496739,pratorum,3.23862758321237e-07,sichelii,1.614389146171552e-07,wurflenii,True,True
985,,ARLY_SORO_0119,/Volumes/EXT DATA/IDMB/derived/Bombus/collection/images/ARLY_SORO_0119_S_2.jpg,wurflenii,0.9999988650938866,pratorum,7.603246418096456e-07,sichelii,2.6038346917255225e-07,wurflenii,True,True
986,,ARLY_SORO_0119,/Volumes/EXT DATA/IDMB/derived/Bombus/collection/images/ARLY_SORO_0119_S_3.jpg,wurflenii,0.9999985355703527,pratorum,1.0983159068225118e-06,sichelii,1.646162112621474e-07,wurflenii,True,True
987,,ARLY_SORO_0120,/Volumes/EXT DATA/IDMB/derived/Bombus/collection/images/ARLY_SORO_0120_P_1.jpg,soroeensis,0.9917471572140629,monticola,0.007445517884385874,pyrenaeus,0.0008047224629581326,soroeensis,True,True
988,,ARLY_SORO_0120,/Volumes/EXT DATA/IDMB/derived/Bombus/collection/images/ARLY_SORO_0120_P_2.jpg,soroeensis,0.9968303253126661,monticola,0.0029134164846758015,pyrenaeus,0.0002432657884817306,soroeensis,True,True
989,,ARLY_SORO_0120,/Volumes/EXT DATA/IDMB/derived/Bombus/collection/images/ARLY_SORO_0120_S_1.jpg,soroeensis,0.9994770451879659,pyrenaeus,0.0004231351936209113,monticola,8.563887674696991e-05,soroeensis,True,True
990,,ARLY_SORO_0120,/Volumes/EXT DATA/IDMB/derived/Bombus/collection/images/ARLY_SORO_0120_S_2.jpg,soroeensis,0.9999541386305604,pyrenaeus,4.1360810791002456e-05,sichelii,2.7492701966496285e-06,soroeensis,True,True
991,,ARLY_SORO_0120,/Volumes/EXT DATA/IDMB/derived/Bombus/collection/images/ARLY_SORO_0120_S_3.jpg,soroeensis,0.9997960774244438,pyrenaeus,0.00016055547710457424,monticola,3.0898937602506907e-05,soroeensis,True,True
992,,ARLY_SORO_0121,/Volumes/EXT DATA/IDMB/derived/Bombus/collection/images/ARLY_SORO_0121_P_1.jpg,soroeensis,0.9328174307125808,monticola,0.06677786879831205,pyrenaeus,0.00031771333775954143,soroeensis,True,True
993,,ARLY_SORO_0121,/Volumes/EXT DATA/IDMB/derived/Bombus/collection/images/ARLY_SORO_0121_P_2.jpg,monticola,0.5073227572021037,soroeensis,0.481652771779336,pyrenaeus,0.006874064828547923,soroeensis,False,True
994,,ARLY_SORO_0121,/Volumes/EXT DATA/IDMB/derived/Bombus/collection/images/ARLY_SORO_0121_S_1.jpg,soroeensis,0.8291519615124185,monticola,0.158813088927797,pyrenaeus,0.011881782416065263,soroeensis,True,True
995,,ARLY_SORO_0121,/Volumes/EXT DATA/IDMB/derived/Bombus/collection/images/ARLY_SORO_0121_S_2.jpg,soroeensis,0.63827673353935,monticola,0.3332485481233058,pyrenaeus,0.027731814238735508,soroeensis,True,True
996,,ARLY_SORO_0121,/Volumes/EXT DATA/IDMB/derived/Bombus/collection/images/ARLY_SORO_0121_S_3.jpg,soroeensis,0.8833414870441465,pyrenaeus,0.09104180015402291,monticola,0.02518472521375996,soroeensis,True,True
997,,ARLY_SORO_0122,/Volumes/EXT DATA/IDMB/derived/Bombus/collection/images/ARLY_SORO_0122_P_1.jpg,wurflenii,0.9999999988317807,sichelii,1.099827585545377e-09,lapidarius,3.411720973879019e-11,wurflenii,True,True
998,,ARLY_SORO_0122,/Volumes/EXT DATA/IDMB/derived/Bombus/collection/images/ARLY_SORO_0122_P_2.jpg,wurflenii,0.9999999972838871,sichelii,1.9814507344897926e-09,lapidarius,6.050771168513317e-10,wurflenii,True,True
999,,ARLY_SORO_0122,/Volumes/EXT DATA/IDMB/derived/Bombus/collection/images/ARLY_SORO_0122_S_1.jpg,wurflenii,0.9999999956177184,sichelii,3.949515286497836e-09,lapidarius,3.329393577424031e-10,wurflenii,True,True
1000,,ARLY_SORO_0122,/Volumes/EXT DATA/IDMB/derived/Bombus/collection/images/ARLY_SORO_0122_S_2.jpg,wurflenii,0.9999999972211162,ruderarius,9.490674848462666e-10,sichelii,9.168253964004963e-10,wurflenii,True,True
1001,,ARLY_SORO_0122,/Volumes/EXT DATA/IDMB/derived/Bombus/collection/images/ARLY_SORO_0122_S_3.jpg,wurflenii,0.9999999935118566,lapidarius,2.8191440105971584e-09,sichelii,1.3273475045762587e-09,wurflenii,True,True
1002,,ARLY_SORO_0123,/Volumes/EXT DATA/IDMB/derived/Bombus/collection/images/ARLY_SORO_0123_P_1.jpg,wurflenii,0.9999997650233946,sichelii,2.2774760003173786e-07,ruderarius,3.6064268421635636e-09,wurflenii,True,True
1003,,ARLY_SORO_0123,/Volumes/EXT DATA/IDMB/derived/Bombus/collection/images/ARLY_SORO_0123_P_2.jpg,wurflenii,0.9999999244801988,sichelii,6.78911554568198e-08,pyrenaeus,5.782299821022493e-09,wurflenii,True,True
1004,,ARLY_SORO_0123,/Volumes/EXT DATA/IDMB/derived/Bombus/collection/images/ARLY_SORO_0123_S_1.jpg,wurflenii,0.999998565666847,sichelii,1.2753175150267533e-06,ruderarius,1.4973858595871656e-07,wurflenii,True,True
1005,,ARLY_SORO_0123,/Volumes/EXT DATA/IDMB/derived/Bombus/collection/images/ARLY_SORO_0123_S_2.jpg,wurflenii,0.9999999939350852,ruderarius,4.933657219443035e-09,pratorum,9.894483494235205e-10,wurflenii,True,True
1006,,ARLY_SORO_0123,/Volumes/EXT DATA/IDMB/derived/Bombus/collection/images/ARLY_SORO_0123_S_3.jpg,wurflenii,0.9999999274768269,sichelii,6.843585732948076e-08,ruderarius,3.3520065827235657e-09,wurflenii,True,True
1007,,ARLY_SORO_0124,/Volumes/EXT DATA/IDMB/derived/Bombus/collection/images/ARLY_SORO_0124_P_1.jpg,sichelii,0.9948137687890458,lapidarius,0.0050017171980801245,soroeensis,0.00016324605291644006,sichelii,True,True
1008,,ARLY_SORO_0124,/Volumes/EXT DATA/IDMB/derived/Bombus/collection/images/ARLY_SORO_0124_P_2.jpg,sichelii,0.9965293917347449,lapidarius,0.0032013014659616956,soroeensis,0.0002205393562254595,sichelii,True,True
1009,,ARLY_SORO_0124,/Volumes/EXT DATA/IDMB/derived/Bombus/collection/images/ARLY_SORO_0124_S_1.jpg,sichelii,0.9978550166358704,lapidarius,0.002133293700135845,soroeensis,8.341801811533774e-06,sichelii,True,True
1010,,ARLY_SORO_0124,/Volumes/EXT DATA/IDMB/derived/Bombus/collection/images/ARLY_SORO_0124_S_2.jpg,sichelii,0.9982901739348994,lapidarius,0.0015743411693212661,soroeensis,0.00012671968933562826,sichelii,True,True
1011,,ARLY_SORO_0124,/Volumes/EXT DATA/IDMB/derived/Bombus/collection/images/ARLY_SORO_0124_S_3.jpg,sichelii,0.9960002821433693,lapidarius,0.0019847074169513958,soroeensis,0.0019705519744890555,sichelii,True,True
1012,,ARLY_SORO_0125,/Volumes/EXT DATA/IDMB/derived/Bombus/collection/images/ARLY_SORO_0125_P_1.jpg,sichelii,0.9071211845894263,lapidarius,0.0927867279738417,pyrenaeus,5.635326226891361e-05,sichelii,True,True
1013,,ARLY_SORO_0125,/Volumes/EXT DATA/IDMB/derived/Bombus/collection/images/ARLY_SORO_0125_P_2.jpg,sichelii,0.9735105880414449,lapidarius,0.02600895813445617,wurflenii,0.0002990583210675736,sichelii,True,True
1014,,ARLY_SORO_0125,/Volumes/EXT DATA/IDMB/derived/Bombus/collection/images/ARLY_SORO_0125_S_1.jpg,sichelii,0.9837648350010983,lapidarius,0.010313411817537513,soroeensis,0.0031089560430323294,sichelii,True,True
1015,,ARLY_SORO_0125,/Volumes/EXT DATA/IDMB/derived/Bombus/collection/images/ARLY_SORO_0125_S_2.jpg,sichelii,0.9912010611556046,lapidarius,0.008529346784939613,pyrenaeus,0.00022905943989096777,sichelii,True,True
1016,,ARLY_SORO_0125,/Volumes/EXT DATA/IDMB/derived/Bombus/collection/images/ARLY_SORO_0125_S_3.jpg,sichelii,0.9656286942305063,lapidarius,0.027782367143182458,pyrenaeus,0.004047991147666537,sichelii,True,True
1017,,ARLY_SORO_0126,/Volumes/EXT DATA/IDMB/derived/Bombus/collection/images/ARLY_SORO_0126_P_1.jpg,soroeensis,0.9999321806086573,lapidarius,5.9142890247300476e-05,monticola,3.142047464453628e-06,soroeensis,True,True
1018,,ARLY_SORO_0126,/Volumes/EXT DATA/IDMB/derived/Bombus/collection/images/ARLY_SORO_0126_P_2.jpg,soroeensis,0.9999784449263476,lapidarius,1.2419257105308258e-05,pratorum,8.481557847411853e-06,soroeensis,True,True
1019,,ARLY_SORO_0126,/Volumes/EXT DATA/IDMB/derived/Bombus/collection/images/ARLY_SORO_0126_S_1.jpg,soroeensis,0.9999600645325913,lapidarius,3.59757057152845e-05,sichelii,2.1679013911008004e-06,soroeensis,True,True
1020,,ARLY_SORO_0126,/Volumes/EXT DATA/IDMB/derived/Bombus/collection/images/ARLY_SORO_0126_S_2.jpg,soroeensis,0.999810194582189,pratorum,0.00018609942047567016,pyrenaeus,1.8264997126062183e-06,soroeensis,True,True
1021,,ARLY_SORO_0126,/Volumes/EXT DATA/IDMB/derived/Bombus/collection/images/ARLY_SORO_0126_S_3.jpg,soroeensis,0.9988984895671658,pratorum,0.0007186245345706655,lapidarius,0.0003251742610663495,soroeensis,True,True
1022,,ARLY_SORO_0127,/Volumes/EXT DATA/IDMB/derived/Bombus/collection/images/ARLY_SORO_0127_P_1.jpg,soroeensis,0.999785022280067,monticola,0.00020198305633144933,lapidarius,1.1145891921205201e-05,soroeensis,True,True
1023,,ARLY_SORO_0127,/Volumes/EXT DATA/IDMB/derived/Bombus/collection/images/ARLY_SORO_0127_P_2.jpg,soroeensis,0.991595337242872,monticola,0.00783698949785526,sichelii,0.00032757923659865813,soroeensis,True,True
1024,,ARLY_SORO_0127,/Volumes/EXT DATA/IDMB/derived/Bombus/collection/images/ARLY_SORO_0127_S_1.jpg,soroeensis,0.9976395972286661,monticola,0.0022608216837185662,sichelii,5.7444672698588464e-05,soroeensis,True,True
1025,,ARLY_SORO_0127,/Volumes/EXT DATA/IDMB/derived/Bombus/collection/images/ARLY_SORO_0127_S_2.jpg,soroeensis,0.9982729052937303,lapidarius,0.0006389075972946644,monticola,0.0005609474842025188,soroeensis,True,True
1026,,ARLY_SORO_0127,/Volumes/EXT DATA/IDMB/derived/Bombus/collection/images/ARLY_SORO_0127_S_3.jpg,soroeensis,0.9990852669510988,sichelii,0.0006652884121767165,monticola,0.00016267111123048443,soroeensis,True,True
1027,,ARLY_SORO_0128,/Volumes/EXT DATA/IDMB/derived/Bombus/collection/images/ARLY_SORO_0128_P_1.jpg,soroeensis,0.9992789194502536,lapidarius,0.00026935531243249035,pyrenaeus,0.00025702320774599835,soroeensis,True,True
1028,,ARLY_SORO_0128,/Volumes/EXT DATA/IDMB/derived/Bombus/collection/images/ARLY_SORO_0128_P_2.jpg,soroeensis,0.99089855271273,pyrenaeus,0.0073538237430301225,lapidarius,0.0012432818051097984,soroeensis,True,True
1029,,ARLY_SORO_0128,/Volumes/EXT DATA/IDMB/derived/Bombus/collection/images/ARLY_SORO_0128_S_1.jpg,soroeensis,0.9976302754838029,pyrenaeus,0.0021313525355436944,pratorum,0.0001508018957760601,soroeensis,True,True
1030,,ARLY_SORO_0128,/Volumes/EXT DATA/IDMB/derived/Bombus/collection/images/ARLY_SORO_0128_S_2.jpg,soroeensis,0.999870867659202,pyrenaeus,9.183546971407969e-05,sichelii,3.398577931662062e-05,soroeensis,True,True
1031,,ARLY_SORO_0128,/Volumes/EXT DATA/IDMB/derived/Bombus/collection/images/ARLY_SORO_0128_S_3.jpg,soroeensis,0.9981725015258582,pyrenaeus,0.0013473150686509788,pratorum,0.0002942509360048815,soroeensis,True,True
1032,,ARLY_SORO_0129,/Volumes/EXT DATA/IDMB/derived/Bombus/collection/images/ARLY_SORO_0129_P_1.jpg,sylvarum,0.6556645217821769,pomorum,0.34114173485827876,ruderarius,0.003190263883883844,sylvarum,True,True
1033,,ARLY_SORO_0129,/Volumes/EXT DATA/IDMB/derived/Bombus/collection/images/ARLY_SORO_0129_P_2.jpg,sylvarum,0.9724457371137283,pomorum,0.02557592027754552,ruderarius,0.0019443390792634283,sylvarum,True,True
1034,,ARLY_SORO_0129,/Volumes/EXT DATA/IDMB/derived/Bombus/collection/images/ARLY_SORO_0129_S_1.jpg,sylvarum,0.9989905969014121,ruderarius,0.0005430626343918703,pomorum,0.00046628788955555586,sylvarum,True,True
1035,,ARLY_SORO_0129,/Volumes/EXT DATA/IDMB/derived/Bombus/collection/images/ARLY_SORO_0129_S_2.jpg,sylvarum,0.9982752923484458,ruderarius,0.0017157492358843127,pomorum,8.79329417344507e-06,sylvarum,True,True
1036,,ARLY_SORO_0129,/Volumes/EXT DATA/IDMB/derived/Bombus/collection/images/ARLY_SORO_0129_S_3.jpg,sylvarum,0.9983214399102813,ruderarius,0.0015800708989742315,pomorum,9.808350856132684e-05,sylvarum,True,True
1037,,ARLY_SORO_0130,/Volumes/EXT DATA/IDMB/derived/Bombus/collection/images/ARLY_SORO_0130_P_1.jpg,sichelii,0.8879086408249592,lapidarius,0.11208386365086305,pyrenaeus,6.791665485825472e-06,sichelii,True,True
1038,,ARLY_SORO_0130,/Volumes/EXT DATA/IDMB/derived/Bombus/collection/images/ARLY_SORO_0130_P_2.jpg,lapidarius,0.5195332479823955,sichelii,0.4804540108297087,pyrenaeus,1.0569196668122656e-05,sichelii,False,True
1039,,ARLY_SORO_0130,/Volumes/EXT DATA/IDMB/derived/Bombus/collection/images/ARLY_SORO_0130_S_1.jpg,sichelii,0.7355538284875636,lapidarius,0.2643484994057125,pyrenaeus,9.465193851978393e-05,sichelii,True,True
1040,,ARLY_SORO_0130,/Volumes/EXT DATA/IDMB/derived/Bombus/collection/images/ARLY_SORO_0130_S_2.jpg,lapidarius,0.7962369258458183,sichelii,0.2037375940439392,pyrenaeus,1.5752451043889298e-05,sichelii,False,True
1041,,ARLY_SORO_0130,/Volumes/EXT DATA/IDMB/derived/Bombus/collection/images/ARLY_SORO_0130_S_3.jpg,sichelii,0.7600753471935079,lapidarius,0.2399076961697258,pyrenaeus,1.3218837508241499e-05,sichelii,True,True
1042,,ARLY_SORO_0131,/Volumes/EXT DATA/IDMB/derived/Bombus/collection/images/ARLY_SORO_0131_P_1.jpg,sichelii,0.8591384308565848,pyrenaeus,0.07030377927120773,lapidarius,0.06662099800750863,sichelii,True,True
1043,,ARLY_SORO_0131,/Volumes/EXT DATA/IDMB/derived/Bombus/collection/images/ARLY_SORO_0131_P_2.jpg,pyrenaeus,0.48665617069588424,sichelii,0.4766709134516353,lapidarius,0.034970951170615876,sichelii,False,True
1044,,ARLY_SORO_0131,/Volumes/EXT DATA/IDMB/derived/Bombus/collection/images/ARLY_SORO_0131_S_1.jpg,sichelii,0.8985865287534203,lapidarius,0.0844435167010085,pyrenaeus,0.016497842949171206,sichelii,True,True
1045,,ARLY_SORO_0131,/Volumes/EXT DATA/IDMB/derived/Bombus/collection/images/ARLY_SORO_0131_S_2.jpg,sichelii,0.6879878046330707,lapidarius,0.23878054292756307,pyrenaeus,0.07292548536220521,sichelii,True,True
1046,,ARLY_SORO_0131,/Volumes/EXT DATA/IDMB/derived/Bombus/collection/images/ARLY_SORO_0131_S_3.jpg,sichelii,0.6776197523236113,lapidarius,0.26986756199536266,pyrenaeus,0.05224742941101167,sichelii,True,True
1047,,ARLY_SORO_0132,/Volumes/EXT DATA/IDMB/derived/Bombus/collection/images/ARLY_SORO_0132_P_1.jpg,sichelii,0.9970949693792093,lapidarius,0.002886163012809115,wurflenii,1.772568073993628e-05,sichelii,True,True
1048,,ARLY_SORO_0132,/Volumes/EXT DATA/IDMB/derived/Bombus/collection/images/ARLY_SORO_0132_P_2.jpg,sichelii,0.9995476338894668,lapidarius,0.0004027070225176576,wurflenii,4.583663344879351e-05,sichelii,True,True
1049,,ARLY_SORO_0132,/Volumes/EXT DATA/IDMB/derived/Bombus/collection/images/ARLY_SORO_0132_S_1.jpg,sichelii,0.9989773802710643,lapidarius,0.000950885773933736,wurflenii,6.527515581454504e-05,sichelii,True,True
1050,,ARLY_SORO_0132,/Volumes/EXT DATA/IDMB/derived/Bombus/collection/images/ARLY_SORO_0132_S_2.jpg,sichelii,0.9964474228912564,wurflenii,0.0027846035405291827,lapidarius,0.000745418079806127,sichelii,True,True
1051,,ARLY_SORO_0132,/Volumes/EXT DATA/IDMB/derived/Bombus/collection/images/ARLY_SORO_0132_S_3.jpg,sichelii,0.9940950786799545,lapidarius,0.005450400002827352,wurflenii,0.00023017737273921048,sichelii,True,True
1052,,ARLY_SORO_0133,/Volumes/EXT DATA/IDMB/derived/Bombus/collection/images/ARLY_SORO_0133_P_1.jpg,sichelii,0.9607196065682647,pyrenaeus,0.0264257594154252,lapidarius,0.012682310870865226,sichelii,True,True
1053,,ARLY_SORO_0133,/Volumes/EXT DATA/IDMB/derived/Bombus/collection/images/ARLY_SORO_0133_P_2.jpg,sichelii,0.8515673298792267,lapidarius,0.14441989133141275,pyrenaeus,0.00399773468701473,sichelii,True,True
1054,,ARLY_SORO_0133,/Volumes/EXT DATA/IDMB/derived/Bombus/collection/images/ARLY_SORO_0133_S_1.jpg,sichelii,0.9317509158039785,lapidarius,0.06425766060758863,pyrenaeus,0.003958637314774418,sichelii,True,True
1055,,ARLY_SORO_0133,/Volumes/EXT DATA/IDMB/derived/Bombus/collection/images/ARLY_SORO_0133_S_2.jpg,sichelii,0.9319482956465488,lapidarius,0.06439654315689847,pyrenaeus,0.0036510760406256687,sichelii,True,True
1056,,ARLY_SORO_0133,/Volumes/EXT DATA/IDMB/derived/Bombus/collection/images/ARLY_SORO_0133_S_3.jpg,sichelii,0.9316204137492025,lapidarius,0.06764541070523145,pyrenaeus,0.000732551201836594,sichelii,True,True
1057,,ARLY_SORO_0134,/Volumes/EXT DATA/IDMB/derived/Bombus/collection/images/ARLY_SORO_0134_P_1.jpg,sichelii,0.9711749418170759,lapidarius,0.02845762639417246,monticola,0.0003241023457513132,sichelii,True,True
1058,,ARLY_SORO_0134,/Volumes/EXT DATA/IDMB/derived/Bombus/collection/images/ARLY_SORO_0134_P_2.jpg,sichelii,0.9738622340557278,lapidarius,0.02601011380493122,monticola,0.00010862407210149715,sichelii,True,True
1059,,ARLY_SORO_0134,/Volumes/EXT DATA/IDMB/derived/Bombus/collection/images/ARLY_SORO_0134_S_1.jpg,sichelii,0.9922495649060835,lapidarius,0.007527533738155973,monticola,0.0001195316815452845,sichelii,True,True
1060,,ARLY_SORO_0134,/Volumes/EXT DATA/IDMB/derived/Bombus/collection/images/ARLY_SORO_0134_S_2.jpg,sichelii,0.982566539506301,lapidarius,0.017326950679820197,monticola,6.22820648346699e-05,sichelii,True,True
1061,,ARLY_SORO_0134,/Volumes/EXT DATA/IDMB/derived/Bombus/collection/images/ARLY_SORO_0134_S_3.jpg,sichelii,0.9695156840606939,lapidarius,0.030388014157606807,soroeensis,5.191761696679602e-05,sichelii,True,True
1062,,ARLY_SORO_0135,/Volumes/EXT DATA/IDMB/derived/Bombus/collection/images/ARLY_SORO_0135_P_1.jpg,soroeensis,0.9941109249770473,sichelii,0.004879533801879035,pyrenaeus,0.000601092916112507,soroeensis,True,True
1063,,ARLY_SORO_0135,/Volumes/EXT DATA/IDMB/derived/Bombus/collection/images/ARLY_SORO_0135_P_2.jpg,sichelii,0.655517765825338,soroeensis,0.3274580580729629,pyrenaeus,0.00941286405091151,soroeensis,False,True
1064,,ARLY_SORO_0135,/Volumes/EXT DATA/IDMB/derived/Bombus/collection/images/ARLY_SORO_0135_S_1.jpg,soroeensis,0.6605104320332931,sichelii,0.31091948820380166,pyrenaeus,0.02693209685774872,soroeensis,True,True
1065,,ARLY_SORO_0135,/Volumes/EXT DATA/IDMB/derived/Bombus/collection/images/ARLY_SORO_0135_S_2.jpg,soroeensis,0.9891154585481597,sichelii,0.009655160001539927,lapidarius,0.000574505067399211,soroeensis,True,True
1066,,ARLY_SORO_0135,/Volumes/EXT DATA/IDMB/derived/Bombus/collection/images/ARLY_SORO_0135_S_3.jpg,soroeensis,0.9994416310696974,sichelii,0.0002846008105217966,pratorum,0.0002021046488615529,soroeensis,True,True
1067,,ARLY_SORO_0136,/Volumes/EXT DATA/IDMB/derived/Bombus/collection/images/ARLY_SORO_0136_P_1.jpg,soroeensis,0.9736121766999233,sichelii,0.012280547159655162,lapidarius,0.008173225430013772,soroeensis,True,True
1068,,ARLY_SORO_0136,/Volumes/EXT DATA/IDMB/derived/Bombus/collection/images/ARLY_SORO_0136_P_2.jpg,soroeensis,0.9428569974061112,lapidarius,0.050689161174511964,sichelii,0.002895483830601218,soroeensis,True,True
1069,,ARLY_SORO_0136,/Volumes/EXT DATA/IDMB/derived/Bombus/collection/images/ARLY_SORO_0136_S_1.jpg,soroeensis,0.9510208732685286,lapidarius,0.0368202484717079,sichelii,0.008011667821921873,soroeensis,True,True
1070,,ARLY_SORO_0136,/Volumes/EXT DATA/IDMB/derived/Bombus/collection/images/ARLY_SORO_0136_S_2.jpg,lapidarius,0.38650023625135155,sichelii,0.2848657568914244,pyrenaeus,0.2539821032823869,soroeensis,False,False
1071,,ARLY_SORO_0136,/Volumes/EXT DATA/IDMB/derived/Bombus/collection/images/ARLY_SORO_0136_S_3.jpg,soroeensis,0.8035063200384995,sichelii,0.10269011773422049,pyrenaeus,0.07009919827469527,soroeensis,True,True
1072,,ARLY_SORO_0137,/Volumes/EXT DATA/IDMB/derived/Bombus/collection/images/ARLY_SORO_0137_P_1.jpg,soroeensis,0.9699886044232582,monticola,0.029510804520309578,pyrenaeus,0.00045380924115339045,soroeensis,True,True
1073,,ARLY_SORO_0137,/Volumes/EXT DATA/IDMB/derived/Bombus/collection/images/ARLY_SORO_0137_P_2.jpg,soroeensis,0.9991606112451,monticola,0.0008273655173386999,pyrenaeus,9.809288338125978e-06,soroeensis,True,True
1074,,ARLY_SORO_0137,/Volumes/EXT DATA/IDMB/derived/Bombus/collection/images/ARLY_SORO_0137_S_1.jpg,soroeensis,0.9799496032422106,monticola,0.01483244240625501,pomorum,0.0044934097642491365,soroeensis,True,True
1075,,ARLY_SORO_0137,/Volumes/EXT DATA/IDMB/derived/Bombus/collection/images/ARLY_SORO_0137_S_2.jpg,soroeensis,0.9999571911788674,monticola,4.017506753220925e-05,pyrenaeus,2.3353313323925244e-06,soroeensis,True,True
1076,,ARLY_SORO_0137,/Volumes/EXT DATA/IDMB/derived/Bombus/collection/images/ARLY_SORO_0137_S_3.jpg,soroeensis,0.8830289497527009,pomorum,0.11401461396550636,monticola,0.0016245297791119238,soroeensis,True,True
1077,,ARLY_SORO_0139,/Volumes/EXT DATA/IDMB/derived/Bombus/collection/images/ARLY_SORO_0139_P_1.jpg,ruderarius,0.9955340445300956,sylvarum,0.00446453102328684,pomorum,1.4244465675210834e-06,ruderarius,True,True
1078,,ARLY_SORO_0139,/Volumes/EXT DATA/IDMB/derived/Bombus/collection/images/ARLY_SORO_0139_P_2.jpg,ruderarius,0.9965247928149626,sylvarum,0.003452274431269143,pomorum,2.2932753644639263e-05,ruderarius,True,True
1079,,ARLY_SORO_0139,/Volumes/EXT DATA/IDMB/derived/Bombus/collection/images/ARLY_SORO_0139_S_1.jpg,ruderarius,0.9905594380192955,sylvarum,0.0094220820459096,pomorum,1.847992852774906e-05,ruderarius,True,True
1080,,ARLY_SORO_0139,/Volumes/EXT DATA/IDMB/derived/Bombus/collection/images/ARLY_SORO_0139_S_2.jpg,ruderarius,0.995222887801095,sylvarum,0.004686203745915518,pomorum,9.090844458622216e-05,ruderarius,True,True
1081,,ARLY_SORO_0139,/Volumes/EXT DATA/IDMB/derived/Bombus/collection/images/ARLY_SORO_0139_S_3.jpg,ruderarius,0.9473551566365079,sylvarum,0.052625088686279735,pomorum,1.97543425686128e-05,ruderarius,True,True
1082,,ARLY_SORO_0140,/Volumes/EXT DATA/IDMB/derived/Bombus/collection/images/ARLY_SORO_0140_P_1.jpg,soroeensis,0.34858308123625265,monticola,0.3448681596155808,pyrenaeus,0.30495026127452474,soroeensis,True,True
1083,,ARLY_SORO_0140,/Volumes/EXT DATA/IDMB/derived/Bombus/collection/images/ARLY_SORO_0140_P_2.jpg,pyrenaeus,0.6960342165979079,soroeensis,0.15432435690695395,monticola,0.1494163678755539,soroeensis,False,True
1084,,ARLY_SORO_0140,/Volumes/EXT DATA/IDMB/derived/Bombus/collection/images/ARLY_SORO_0140_S_1.jpg,soroeensis,0.7721458744180388,monticola,0.15246368950304603,pyrenaeus,0.0743674474757343,soroeensis,True,True
1085,,ARLY_SORO_0140,/Volumes/EXT DATA/IDMB/derived/Bombus/collection/images/ARLY_SORO_0140_S_3.jpg,soroeensis,0.528752318187036,pyrenaeus,0.4332002136678639,monticola,0.029391440149580478,soroeensis,True,True
1086,,ARLY_SORO_0141,/Volumes/EXT DATA/IDMB/derived/Bombus/collection/images/ARLY_SORO_0141_P_1.jpg,sylvarum,0.998644622012285,ruderarius,0.0013553776260999606,pomorum,3.543855308254171e-10,sylvarum,True,True
1087,,ARLY_SORO_0141,/Volumes/EXT DATA/IDMB/derived/Bombus/collection/images/ARLY_SORO_0141_P_2.jpg,sylvarum,0.9992515779280475,ruderarius,0.0007484218379308484,pomorum,2.332711947887963e-10,sylvarum,True,True
1088,,ARLY_SORO_0141,/Volumes/EXT DATA/IDMB/derived/Bombus/collection/images/ARLY_SORO_0141_S_1.jpg,sylvarum,0.9994518196571037,ruderarius,0.0005481774753259281,pomorum,2.8663355896974445e-09,sylvarum,True,True
1089,,ARLY_SORO_0141,/Volumes/EXT DATA/IDMB/derived/Bombus/collection/images/ARLY_SORO_0141_S_2.jpg,sylvarum,0.997203722054337,ruderarius,0.0027962716310541403,pomorum,6.31333993375448e-09,sylvarum,True,True
1090,,ARLY_SORO_0141,/Volumes/EXT DATA/IDMB/derived/Bombus/collection/images/ARLY_SORO_0141_S_3.jpg,sylvarum,0.9990684220261311,ruderarius,0.0009315775592026287,pomorum,4.1339149604073036e-10,sylvarum,True,True
1091,,ARLY_SORO_0142,/Volumes/EXT DATA/IDMB/derived/Bombus/collection/images/ARLY_SORO_0142_P_1.jpg,soroeensis,0.9345695357846558,pyrenaeus,0.06205752492508619,pratorum,0.003368055772010449,soroeensis,True,True
1092,,ARLY_SORO_0142,/Volumes/EXT DATA/IDMB/derived/Bombus/collection/images/ARLY_SORO_0142_P_2.jpg,soroeensis,0.7400072180480088,pyrenaeus,0.2582476906473268,pratorum,0.0017238458310279967,soroeensis,True,True
1093,,ARLY_SORO_0142,/Volumes/EXT DATA/IDMB/derived/Bombus/collection/images/ARLY_SORO_0142_S_1.jpg,soroeensis,0.7732162661211461,pyrenaeus,0.19834936350835464,pratorum,0.028422587926982858,soroeensis,True,True
1094,,ARLY_SORO_0142,/Volumes/EXT DATA/IDMB/derived/Bombus/collection/images/ARLY_SORO_0142_S_2.jpg,soroeensis,0.89424013437022,pratorum,0.07769696180010925,pyrenaeus,0.02804190357403527,soroeensis,True,True
1095,,ARLY_SORO_0142,/Volumes/EXT DATA/IDMB/derived/Bombus/collection/images/ARLY_SORO_0142_S_3.jpg,soroeensis,0.9410942677162806,pratorum,0.030401965622845428,pyrenaeus,0.028439053653887214,soroeensis,True,True
1096,,ARLY_SORO_0143,/Volumes/EXT DATA/IDMB/derived/Bombus/collection/images/ARLY_SORO_0143_P_1.jpg,soroeensis,0.9971336495667674,lapidarius,0.0018869008409242044,pratorum,0.0004149909024595838,soroeensis,True,True
1097,,ARLY_SORO_0143,/Volumes/EXT DATA/IDMB/derived/Bombus/collection/images/ARLY_SORO_0143_P_2.jpg,soroeensis,0.9995632052777894,pratorum,0.00033503379103162566,pyrenaeus,4.708164598558373e-05,soroeensis,True,True
1098,,ARLY_SORO_0143,/Volumes/EXT DATA/IDMB/derived/Bombus/collection/images/ARLY_SORO_0143_S_1.jpg,soroeensis,0.9967680623607186,lapidarius,0.0020440051245865756,sichelii,0.0006635712813843645,soroeensis,True,True
1099,,ARLY_SORO_0143,/Volumes/EXT DATA/IDMB/derived/Bombus/collection/images/ARLY_SORO_0143_S_3.jpg,soroeensis,0.998192879461463,pratorum,0.0010030449010030554,lapidarius,0.0005277186134942616,soroeensis,True,True
1100,,ARLY_SORO_0144,/Volumes/EXT DATA/IDMB/derived/Bombus/collection/images/ARLY_SORO_0144_P_1.jpg,ruderarius,0.9195524867221484,sylvarum,0.08042098572297006,pomorum,2.652660972504723e-05,ruderarius,True,True
1101,,ARLY_SORO_0144,/Volumes/EXT DATA/IDMB/derived/Bombus/collection/images/ARLY_SORO_0144_P_2.jpg,ruderarius,0.9484170175616531,sylvarum,0.05154765446065674,pomorum,3.532588069887288e-05,ruderarius,True,True
1102,,ARLY_SORO_0144,/Volumes/EXT DATA/IDMB/derived/Bombus/collection/images/ARLY_SORO_0144_S_1.jpg,ruderarius,0.8457502206676198,sylvarum,0.15421314007613443,pomorum,3.6460876356476265e-05,ruderarius,True,True
1103,,ARLY_SORO_0144,/Volumes/EXT DATA/IDMB/derived/Bombus/collection/images/ARLY_SORO_0144_S_2.jpg,ruderarius,0.694130038067187,sylvarum,0.30581669202631423,pomorum,5.305085802808767e-05,ruderarius,True,True
1104,,ARLY_SORO_0144,/Volumes/EXT DATA/IDMB/derived/Bombus/collection/images/ARLY_SORO_0144_S_3.jpg,ruderarius,0.9853460229675068,sylvarum,0.014647465896434075,pomorum,6.4127994765309025e-06,ruderarius,True,True
1105,,ARLY_SORO_0145,/Volumes/EXT DATA/IDMB/derived/Bombus/collection/images/ARLY_SORO_0145_P_1.jpg,ruderarius,0.993766909820932,sylvarum,0.006233090174542327,pomorum,2.717345186919484e-12,pomorum,False,True
1106,,ARLY_SORO_0145,/Volumes/EXT DATA/IDMB/derived/Bombus/collection/images/ARLY_SORO_0145_P_2.jpg,ruderarius,0.9189199478666982,sylvarum,0.08108005180485639,pomorum,2.7828235230888486e-10,pomorum,False,True
1107,,ARLY_SORO_0145,/Volumes/EXT DATA/IDMB/derived/Bombus/collection/images/ARLY_SORO_0145_S_1.jpg,ruderarius,0.9967736560866817,sylvarum,0.003226343875034797,wurflenii,3.6460026116026173e-11,pomorum,False,False
1108,,ARLY_SORO_0145,/Volumes/EXT DATA/IDMB/derived/Bombus/collection/images/ARLY_SORO_0145_S_2.jpg,ruderarius,0.9981547575063641,sylvarum,0.001845242365757879,wurflenii,1.2535619952920141e-10,pomorum,False,False
1109,,ARLY_SORO_0145,/Volumes/EXT DATA/IDMB/derived/Bombus/collection/images/ARLY_SORO_0145_S_3.jpg,ruderarius,0.9966309629273451,sylvarum,0.003369031339089937,wurflenii,5.731151714253693e-09,pomorum,False,False
1110,,ARLY_SORO_0146,/Volumes/EXT DATA/IDMB/derived/Bombus/collection/images/ARLY_SORO_0146_P_1.jpg,ruderarius,0.9851710346591138,sylvarum,0.014828847658239826,pratorum,1.1130322049552788e-07,ruderarius,True,True
1111,,ARLY_SORO_0146,/Volumes/EXT DATA/IDMB/derived/Bombus/collection/images/ARLY_SORO_0146_P_2.jpg,ruderarius,0.9148401830828654,sylvarum,0.08515980105019254,pratorum,1.3031478252661815e-08,ruderarius,True,True
1112,,ARLY_SORO_0146,/Volumes/EXT DATA/IDMB/derived/Bombus/collection/images/ARLY_SORO_0146_S_1.jpg,ruderarius,0.9932787814031989,sylvarum,0.00671804280225461,pratorum,3.0555673166746677e-06,ruderarius,True,True
1113,,ARLY_SORO_0146,/Volumes/EXT DATA/IDMB/derived/Bombus/collection/images/ARLY_SORO_0146_S_2.jpg,ruderarius,0.9961874232367853,sylvarum,0.0038125108296980397,pratorum,5.872008322877035e-08,ruderarius,True,True
1114,,ARLY_SORO_0146,/Volumes/EXT DATA/IDMB/derived/Bombus/collection/images/ARLY_SORO_0146_S_3.jpg,ruderarius,0.9897963101770687,sylvarum,0.01020344658777677,pratorum,1.377108524233083e-07,ruderarius,True,True
1115,,ARLY_SORO_0147,/Volumes/EXT DATA/IDMB/derived/Bombus/collection/images/ARLY_SORO_0147_P_1.jpg,soroeensis,0.9986829601924003,monticola,0.0012438914812703669,lapidarius,4.043120128765923e-05,soroeensis,True,True
1116,,ARLY_SORO_0147,/Volumes/EXT DATA/IDMB/derived/Bombus/collection/images/ARLY_SORO_0147_P_2.jpg,soroeensis,0.9986792400391614,pratorum,0.0007983073285200974,monticola,0.0004198879407322062,soroeensis,True,True
1117,,ARLY_SORO_0147,/Volumes/EXT DATA/IDMB/derived/Bombus/collection/images/ARLY_SORO_0147_S_2.jpg,soroeensis,0.9970960629220115,monticola,0.0027346429047196827,pratorum,0.0001390919534135326,soroeensis,True,True
1118,,ARLY_SORO_0147,/Volumes/EXT DATA/IDMB/derived/Bombus/collection/images/ARLY_SORO_0147_S_3.jpg,soroeensis,0.9994209458359801,monticola,0.0003625548766762217,sichelii,8.079085891320682e-05,soroeensis,True,True
1119,,ARLY_SORO_0148,/Volumes/EXT DATA/IDMB/derived/Bombus/collection/images/ARLY_SORO_0148_P_1.jpg,pomorum,0.9810680924346875,ruderarius,0.01747923035177043,sylvarum,0.0014522968847970478,sylvarum,False,True
1120,,ARLY_SORO_0148,/Volumes/EXT DATA/IDMB/derived/Bombus/collection/images/ARLY_SORO_0148_P_2.jpg,pomorum,0.9437707106231262,ruderarius,0.05550293613246495,sylvarum,0.0007263458944414802,sylvarum,False,True
1121,,ARLY_SORO_0148,/Volumes/EXT DATA/IDMB/derived/Bombus/collection/images/ARLY_SORO_0148_S_1.jpg,ruderarius,0.5696560240920848,pomorum,0.4291193401556416,sylvarum,0.0012246169262001851,sylvarum,False,True
1122,,ARLY_SORO_0148,/Volumes/EXT DATA/IDMB/derived/Bombus/collection/images/ARLY_SORO_0148_S_2.jpg,ruderarius,0.9832206841304686,pomorum,0.013478955252344984,sylvarum,0.003299112107696903,sylvarum,False,True
1123,,ARLY_SORO_0148,/Volumes/EXT DATA/IDMB/derived/Bombus/collection/images/ARLY_SORO_0148_S_3.jpg,ruderarius,0.5854011421197108,pomorum,0.38993602777511704,sylvarum,0.024661595997696347,sylvarum,False,True
1124,,ARLY_SORO_0149,/Volumes/EXT DATA/IDMB/derived/Bombus/collection/images/ARLY_SORO_0149_P_1.jpg,sylvarum,0.9635929938933931,ruderarius,0.036388591011858484,pomorum,1.838078796869171e-05,sylvarum,True,True
1125,,ARLY_SORO_0149,/Volumes/EXT DATA/IDMB/derived/Bombus/collection/images/ARLY_SORO_0149_P_2.jpg,sylvarum,0.9936370764837619,ruderarius,0.006219654397559934,pomorum,0.00014322104406198558,sylvarum,True,True
1126,,ARLY_SORO_0149,/Volumes/EXT DATA/IDMB/derived/Bombus/collection/images/ARLY_SORO_0149_S_1.jpg,sylvarum,0.9945679852855083,ruderarius,0.005071013609724495,pomorum,0.00036066998908031124,sylvarum,True,True
1127,,ARLY_SORO_0149,/Volumes/EXT DATA/IDMB/derived/Bombus/collection/images/ARLY_SORO_0149_S_2.jpg,sylvarum,0.9610466891649158,ruderarius,0.03765349506020641,pomorum,0.001299815751201933,sylvarum,True,True
1128,,ARLY_SORO_0149,/Volumes/EXT DATA/IDMB/derived/Bombus/collection/images/ARLY_SORO_0149_S_3.jpg,sylvarum,0.9638291709104415,ruderarius,0.0359416859598854,pomorum,0.00022912096469681598,sylvarum,True,True
1129,,ARLY_SORO_0150,/Volumes/EXT DATA/IDMB/derived/Bombus/collection/images/ARLY_SORO_0150_P_1.jpg,soroeensis,0.9999814745223965,lapidarius,6.990104564939016e-06,pyrenaeus,5.478956936299019e-06,soroeensis,True,True
1130,,ARLY_SORO_0150,/Volumes/EXT DATA/IDMB/derived/Bombus/collection/images/ARLY_SORO_0150_P_2.jpg,soroeensis,0.9999186759688148,lapidarius,3.16682914654304e-05,pyrenaeus,2.80917042279924e-05,soroeensis,True,True
1131,,ARLY_SORO_0150,/Volumes/EXT DATA/IDMB/derived/Bombus/collection/images/ARLY_SORO_0150_S_1.jpg,soroeensis,0.9999442515590243,pyrenaeus,4.7575363260047664e-05,sichelii,5.6370164832506855e-06,soroeensis,True,True
1132,,ARLY_SORO_0150,/Volumes/EXT DATA/IDMB/derived/Bombus/collection/images/ARLY_SORO_0150_S_2.jpg,soroeensis,0.9999372449309776,pyrenaeus,5.5743920854931124e-05,lapidarius,3.739873880975275e-06,soroeensis,True,True
1133,,ARLY_SORO_0150,/Volumes/EXT DATA/IDMB/derived/Bombus/collection/images/ARLY_SORO_0150_S_3.jpg,soroeensis,0.9999358360330378,pyrenaeus,3.619378730482999e-05,pratorum,2.6856011772448188e-05,soroeensis,True,True
1134,,ARLY_SORO_0151,/Volumes/EXT DATA/IDMB/derived/Bombus/collection/images/ARLY_SORO_0151_P_1.jpg,soroeensis,0.9983335326600571,monticola,0.0016634611765292226,pyrenaeus,1.5596867953590547e-06,soroeensis,True,True
1135,,ARLY_SORO_0151,/Volumes/EXT DATA/IDMB/derived/Bombus/collection/images/ARLY_SORO_0151_P_2.jpg,soroeensis,0.9897306392965332,monticola,0.010244837494655462,pyrenaeus,2.1104580376894103e-05,soroeensis,True,True
1136,,ARLY_SORO_0151,/Volumes/EXT DATA/IDMB/derived/Bombus/collection/images/ARLY_SORO_0151_S_1.jpg,soroeensis,0.9846006959930831,monticola,0.015368774502644213,pyrenaeus,2.1655660649372592e-05,soroeensis,True,True
1137,,ARLY_SORO_0151,/Volumes/EXT DATA/IDMB/derived/Bombus/collection/images/ARLY_SORO_0151_S_2.jpg,soroeensis,0.999835884118893,monticola,0.00014106598985757916,pratorum,1.2786241645712914e-05,soroeensis,True,True
1138,,ARLY_SORO_0151,/Volumes/EXT DATA/IDMB/derived/Bombus/collection/images/ARLY_SORO_0151_S_3.jpg,soroeensis,0.9987252870431114,monticola,0.0012688218342052212,pratorum,4.854435613697984e-06,soroeensis,True,True
1139,,ARLY_SORO_0152,/Volumes/EXT DATA/IDMB/derived/Bombus/collection/images/ARLY_SORO_0152_P_1.jpg,soroeensis,0.9992609170989833,sichelii,0.0006446230911854073,lapidarius,8.490570680270407e-05,soroeensis,True,True
1140,,ARLY_SORO_0152,/Volumes/EXT DATA/IDMB/derived/Bombus/collection/images/ARLY_SORO_0152_P_2.jpg,soroeensis,0.9992510641555986,sichelii,0.0006190451446980032,lapidarius,7.259826023482148e-05,soroeensis,True,True
1141,,ARLY_SORO_0152,/Volumes/EXT DATA/IDMB/derived/Bombus/collection/images/ARLY_SORO_0152_S_1.jpg,soroeensis,0.5539665609565423,sylvarum,0.23735173932926495,lapidarius,0.20863127896163375,soroeensis,True,True
1142,,ARLY_SORO_0152,/Volumes/EXT DATA/IDMB/derived/Bombus/collection/images/ARLY_SORO_0152_S_2.jpg,soroeensis,0.9987998395517831,sichelii,0.0010975596808916446,lapidarius,0.00010119379998019476,soroeensis,True,True
1143,,ARLY_SORO_0153,/Volumes/EXT DATA/IDMB/derived/Bombus/collection/images/ARLY_SORO_0153_P_1.jpg,wurflenii,0.999937545731562,sichelii,6.205209932247357e-05,lapidarius,3.638349445252236e-07,wurflenii,True,True
1144,,ARLY_SORO_0153,/Volumes/EXT DATA/IDMB/derived/Bombus/collection/images/ARLY_SORO_0153_P_2.jpg,wurflenii,0.997851077068879,sichelii,0.002114494717231585,lapidarius,3.379386085406086e-05,wurflenii,True,True
1145,,ARLY_SORO_0153,/Volumes/EXT DATA/IDMB/derived/Bombus/collection/images/ARLY_SORO_0153_S_1.jpg,wurflenii,0.9996381874800433,sichelii,0.00034954899333265656,lapidarius,1.2110815436720401e-05,wurflenii,True,True
1146,,ARLY_SORO_0153,/Volumes/EXT DATA/IDMB/derived/Bombus/collection/images/ARLY_SORO_0153_S_2.jpg,wurflenii,0.9997621437691566,sichelii,0.00022759437448551602,lapidarius,9.910900351225114e-06,wurflenii,True,True
1147,,ARLY_SORO_0153,/Volumes/EXT DATA/IDMB/derived/Bombus/collection/images/ARLY_SORO_0153_S_3.jpg,wurflenii,0.9999955908804259,sichelii,4.296337453726566e-06,lapidarius,5.958986195761397e-08,wurflenii,True,True
1148,,ARTHRO_0001,/Volumes/EXT DATA/IDMB/derived/Bombus/collection/images/ARTHRO_0001_P_1.jpg,pyrenaeus,0.9936694607188887,monticola,0.006153459573420335,soroeensis,7.722001597447753e-05,pyrenaeus,True,True
1149,,ARTHRO_0001,/Volumes/EXT DATA/IDMB/derived/Bombus/collection/images/ARTHRO_0001_P_2.jpg,pyrenaeus,0.9600704777918245,monticola,0.038606073522324,soroeensis,0.0009438675010646551,pyrenaeus,True,True
1150,,ARTHRO_0001,/Volumes/EXT DATA/IDMB/derived/Bombus/collection/images/ARTHRO_0001_S_1.jpg,pyrenaeus,0.9014711057392233,monticola,0.09542945687550665,soroeensis,0.0020208412661900745,pyrenaeus,True,True
1151,,ARTHRO_0001,/Volumes/EXT DATA/IDMB/derived/Bombus/collection/images/ARTHRO_0001_S_2.jpg,pyrenaeus,0.9991013205565464,soroeensis,0.0003684210208139598,monticola,0.00033748108054521177,pyrenaeus,True,True
1152,,ARTHRO_0001,/Volumes/EXT DATA/IDMB/derived/Bombus/collection/images/ARTHRO_0001_S_3.jpg,pyrenaeus,0.9930046074783978,monticola,0.0067699369840467614,pratorum,0.00012850724716095642,pyrenaeus,True,True
1153,,ARTHRO_0002,/Volumes/EXT DATA/IDMB/derived/Bombus/collection/images/ARTHRO_0002_P_1.jpg,pyrenaeus,0.999635997301989,monticola,0.00023442513989684912,sichelii,5.934272462636097e-05,pyrenaeus,True,True
1154,,ARTHRO_0002,/Volumes/EXT DATA/IDMB/derived/Bombus/collection/images/ARTHRO_0002_P_2.jpg,pyrenaeus,0.9996712204771697,sichelii,0.0001505347647847055,monticola,0.00012187807230800816,pyrenaeus,True,True
1155,,ARTHRO_0002,/Volumes/EXT DATA/IDMB/derived/Bombus/collection/images/ARTHRO_0002_S_1.jpg,pyrenaeus,0.9928321558788777,sichelii,0.0061787824514473256,soroeensis,0.0007653011719217673,pyrenaeus,True,True
1156,,ARTHRO_0002,/Volumes/EXT DATA/IDMB/derived/Bombus/collection/images/ARTHRO_0002_S_2.jpg,pyrenaeus,0.9996403965224923,sichelii,0.0002565660252943168,monticola,6.52154572703303e-05,pyrenaeus,True,True
1157,,ARTHRO_0002,/Volumes/EXT DATA/IDMB/derived/Bombus/collection/images/ARTHRO_0002_S_3.jpg,pyrenaeus,0.9977270436170504,monticola,0.0021094195584736727,soroeensis,7.277612117467383e-05,pyrenaeus,True,True
1158,,ARTHRO_0003,/Volumes/EXT DATA/IDMB/derived/Bombus/collection/images/ARTHRO_0003_P_1.jpg,wurflenii,0.9992535213650625,lapidarius,0.00042989563493380856,sichelii,0.00029719416391521796,wurflenii,True,True
1159,,ARTHRO_0003,/Volumes/EXT DATA/IDMB/derived/Bombus/collection/images/ARTHRO_0003_P_2.jpg,wurflenii,0.9676567356603399,lapidarius,0.028963925463995878,sichelii,0.003180131815459822,wurflenii,True,True
1160,,ARTHRO_0003,/Volumes/EXT DATA/IDMB/derived/Bombus/collection/images/ARTHRO_0003_S_1.jpg,wurflenii,0.9960443634313692,lapidarius,0.003224188223540645,soroeensis,0.0005678042023334228,wurflenii,True,True
1161,,ARTHRO_0003,/Volumes/EXT DATA/IDMB/derived/Bombus/collection/images/ARTHRO_0003_S_2.jpg,wurflenii,0.9998243477674535,lapidarius,0.00012747880391288365,sichelii,4.500450873001176e-05,wurflenii,True,True
1162,,ARTHRO_0003,/Volumes/EXT DATA/IDMB/derived/Bombus/collection/images/ARTHRO_0003_S_3.jpg,wurflenii,0.932898175863469,lapidarius,0.06478032758249254,sichelii,0.0020675186214391674,wurflenii,True,True
1163,,ARTHRO_0004,/Volumes/EXT DATA/IDMB/derived/Bombus/collection/images/ARTHRO_0004_P_1.jpg,wurflenii,0.9986322265580959,sichelii,0.0010675546333592841,soroeensis,0.00023862071636411496,wurflenii,True,True
1164,,ARTHRO_0004,/Volumes/EXT DATA/IDMB/derived/Bombus/collection/images/ARTHRO_0004_P_2.jpg,wurflenii,0.989988701783394,sichelii,0.009120779452643179,lapidarius,0.0007407188559131585,wurflenii,True,True
1165,,ARTHRO_0004,/Volumes/EXT DATA/IDMB/derived/Bombus/collection/images/ARTHRO_0004_S_1.jpg,wurflenii,0.8782589639755424,sichelii,0.11703023131660585,soroeensis,0.0038191676249223422,wurflenii,True,True
1166,,ARTHRO_0004,/Volumes/EXT DATA/IDMB/derived/Bombus/collection/images/ARTHRO_0004_S_2.jpg,wurflenii,0.9979299393960857,soroeensis,0.001649984963969719,sichelii,0.0002931253399877829,wurflenii,True,True
1167,,ARTHRO_0004,/Volumes/EXT DATA/IDMB/derived/Bombus/collection/images/ARTHRO_0004_S_3.jpg,wurflenii,0.7372061474832248,sichelii,0.23308853585589048,soroeensis,0.021992063694165894,wurflenii,True,True
1168,,BRUGEROLLES_0002,/Volumes/EXT DATA/IDMB/derived/Bombus/collection/images/BRUGEROLLES_0002_P_1.jpg,monticola,0.9961360693422082,pyrenaeus,0.0038620520395609777,soroeensis,1.4069745123275067e-06,monticola,True,True
1169,,BRUGEROLLES_0002,/Volumes/EXT DATA/IDMB/derived/Bombus/collection/images/BRUGEROLLES_0002_P_2.jpg,monticola,0.9932433271059201,pyrenaeus,0.0067545879656900195,soroeensis,1.0269779705833772e-06,monticola,True,True
1170,,BRUGEROLLES_0002,/Volumes/EXT DATA/IDMB/derived/Bombus/collection/images/BRUGEROLLES_0002_S_1.jpg,monticola,0.9849367020554326,pyrenaeus,0.01500669516266116,soroeensis,5.186356369920454e-05,monticola,True,True
1171,,BRUGEROLLES_0002,/Volumes/EXT DATA/IDMB/derived/Bombus/collection/images/BRUGEROLLES_0002_S_2.jpg,monticola,0.990011574907807,pyrenaeus,0.009932786165923219,soroeensis,5.3196751276928624e-05,monticola,True,True
1172,,BRUGEROLLES_0002,/Volumes/EXT DATA/IDMB/derived/Bombus/collection/images/BRUGEROLLES_0002_S_3.jpg,monticola,0.9737650784813825,pyrenaeus,0.026202102813804105,soroeensis,3.1547900586745215e-05,monticola,True,True
1173,,BRUGEROLLES_0003,/Volumes/EXT DATA/IDMB/derived/Bombus/collection/images/BRUGEROLLES_0003_P_1.jpg,monticola,0.8845374190716372,pyrenaeus,0.11510934769242247,soroeensis,0.0002894701144620972,monticola,True,True
1174,,BRUGEROLLES_0003,/Volumes/EXT DATA/IDMB/derived/Bombus/collection/images/BRUGEROLLES_0003_P_2.jpg,monticola,0.9591160456603871,pyrenaeus,0.040563766011133075,soroeensis,0.0002580387290532753,monticola,True,True
1175,,BRUGEROLLES_0003,/Volumes/EXT DATA/IDMB/derived/Bombus/collection/images/BRUGEROLLES_0003_S_1.jpg,monticola,0.9478895410767602,soroeensis,0.026617343111757934,pyrenaeus,0.024927426013505817,monticola,True,True
1176,,BRUGEROLLES_0003,/Volumes/EXT DATA/IDMB/derived/Bombus/collection/images/BRUGEROLLES_0003_S_2.jpg,monticola,0.9074674569443202,pyrenaeus,0.0710311879509162,soroeensis,0.0213689300102764,monticola,True,True
1177,,BRUGEROLLES_0003,/Volumes/EXT DATA/IDMB/derived/Bombus/collection/images/BRUGEROLLES_0003_S_3.jpg,monticola,0.981453030579171,pyrenaeus,0.013390964919771313,soroeensis,0.005111684565524959,monticola,True,True
1178,,BRUGEROLLES_0004,/Volumes/EXT DATA/IDMB/derived/Bombus/collection/images/BRUGEROLLES_0004_P_1.jpg,wurflenii,0.9999959818452712,sichelii,3.623711497359452e-06,lapidarius,2.824625747438843e-07,wurflenii,True,True
1179,,BRUGEROLLES_0004,/Volumes/EXT DATA/IDMB/derived/Bombus/collection/images/BRUGEROLLES_0004_P_2.jpg,wurflenii,0.9999998616416172,sichelii,1.2235452520086757e-07,pyrenaeus,9.208254747680776e-09,wurflenii,True,True
1180,,BRUGEROLLES_0004,/Volumes/EXT DATA/IDMB/derived/Bombus/collection/images/BRUGEROLLES_0004_S_1.jpg,wurflenii,0.9999945163275621,pratorum,3.0891192876916485e-06,sichelii,1.0648723526707197e-06,wurflenii,True,True
1181,,BRUGEROLLES_0004,/Volumes/EXT DATA/IDMB/derived/Bombus/collection/images/BRUGEROLLES_0004_S_2.jpg,wurflenii,0.9999483671197125,sichelii,4.5290791012947494e-05,lapidarius,2.561066035479438e-06,wurflenii,True,True
1182,,BRUGEROLLES_0004,/Volumes/EXT DATA/IDMB/derived/Bombus/collection/images/BRUGEROLLES_0004_S_3.jpg,wurflenii,0.9999954786535997,sichelii,2.2561630590700984e-06,soroeensis,1.9507048190386226e-06,wurflenii,True,True
1183,,BRUGEROLLES_0006,/Volumes/EXT DATA/IDMB/derived/Bombus/collection/images/BRUGEROLLES_0006_P_2.jpg,monticola,0.9701765276860329,pyrenaeus,0.026856435485714314,soroeensis,0.0026260220401210684,monticola,True,True
1184,,BRUGEROLLES_0006,/Volumes/EXT DATA/IDMB/derived/Bombus/collection/images/BRUGEROLLES_0006_S_1.jpg,monticola,0.9589584230115507,pyrenaeus,0.04013330650706836,sichelii,0.0007031654191679011,monticola,True,True
1185,,BRUGEROLLES_0006,/Volumes/EXT DATA/IDMB/derived/Bombus/collection/images/BRUGEROLLES_0006_S_2.jpg,monticola,0.9981764055850855,pyrenaeus,0.0014400175283045314,sichelii,0.0002608461382148884,monticola,True,True
1186,,BRUGEROLLES_0006,/Volumes/EXT DATA/IDMB/derived/Bombus/collection/images/BRUGEROLLES_0006_S_3.jpg,monticola,0.9964919149789346,soroeensis,0.0019504506834029825,pyrenaeus,0.0015357733464882195,monticola,True,True
1187,,BRUGEROLLES_0007,/Volumes/EXT DATA/IDMB/derived/Bombus/collection/images/BRUGEROLLES_0007_P_1.jpg,monticola,0.9999147842978029,confusus,4.627852630019338e-05,soroeensis,3.173229743853491e-05,monticola,True,True
1188,,BRUGEROLLES_0007,/Volumes/EXT DATA/IDMB/derived/Bombus/collection/images/BRUGEROLLES_0007_P_2.jpg,monticola,0.9940042750351049,confusus,0.005970116727326265,soroeensis,2.200257817825183e-05,monticola,True,True
1189,,BRUGEROLLES_0007,/Volumes/EXT DATA/IDMB/derived/Bombus/collection/images/BRUGEROLLES_0007_S_1.jpg,monticola,0.9992665502566885,soroeensis,0.0006381458194269058,pyrenaeus,9.38378101104346e-05,monticola,True,True
1190,,BRUGEROLLES_0007,/Volumes/EXT DATA/IDMB/derived/Bombus/collection/images/BRUGEROLLES_0007_S_2.jpg,monticola,0.9949528519030426,soroeensis,0.004963719335935894,pyrenaeus,8.190935354435387e-05,monticola,True,True
1191,,BRUGEROLLES_0007,/Volumes/EXT DATA/IDMB/derived/Bombus/collection/images/BRUGEROLLES_0007_S_3.jpg,monticola,0.9989754887443365,soroeensis,0.0008866753480440614,confusus,8.690971772606844e-05,monticola,True,True
1192,,BRUGEROLLES_0009,/Volumes/EXT DATA/IDMB/derived/Bombus/collection/images/BRUGEROLLES_0009_P_2.jpg,wurflenii,0.9999999999226297,sichelii,7.014510544746202e-11,pratorum,6.365835135289184e-12,wurflenii,True,True
1193,,BRUGEROLLES_0009,/Volumes/EXT DATA/IDMB/derived/Bombus/collection/images/BRUGEROLLES_0009_S_1.jpg,wurflenii,0.9999999957721295,sichelii,4.204834815605878e-09,lapidarius,2.071980529943973e-11,wurflenii,True,True
1194,,BRUGEROLLES_0009,/Volumes/EXT DATA/IDMB/derived/Bombus/collection/images/BRUGEROLLES_0009_S_2.jpg,wurflenii,0.9999999999169855,sichelii,8.172763028082147e-11,lapidarius,8.268515582391534e-13,wurflenii,True,True
1195,,BRUGEROLLES_0009,/Volumes/EXT DATA/IDMB/derived/Bombus/collection/images/BRUGEROLLES_0009_S_3.jpg,wurflenii,0.9999999999861295,pratorum,6.962911689588256e-12,sichelii,6.836120548550043e-12,wurflenii,True,True
1196,,BRUGEROLLES_0010,/Volumes/EXT DATA/IDMB/derived/Bombus/collection/images/BRUGEROLLES_0010_P_1.jpg,wurflenii,0.9996906291331149,sichelii,0.0001778117980318513,lapidarius,0.0001314815590582576,wurflenii,True,True
1197,,BRUGEROLLES_0010,/Volumes/EXT DATA/IDMB/derived/Bombus/collection/images/BRUGEROLLES_0010_P_2.jpg,wurflenii,0.9998743048157771,sichelii,9.044861312471285e-05,lapidarius,3.521445818169674e-05,wurflenii,True,True
1198,,BRUGEROLLES_0010,/Volumes/EXT DATA/IDMB/derived/Bombus/collection/images/BRUGEROLLES_0010_S_1.jpg,wurflenii,0.9999947102046303,sichelii,4.794654658220558e-06,lapidarius,4.87952791812345e-07,wurflenii,True,True
1199,,BRUGEROLLES_0010,/Volumes/EXT DATA/IDMB/derived/Bombus/collection/images/BRUGEROLLES_0010_S_2.jpg,wurflenii,0.9999866289085048,sichelii,9.6032348798139e-06,lapidarius,3.764233621184516e-06,wurflenii,True,True
1200,,BRUGEROLLES_0010,/Volumes/EXT DATA/IDMB/derived/Bombus/collection/images/BRUGEROLLES_0010_S_3.jpg,wurflenii,0.9999999322509118,sichelii,4.6254760215221876e-08,lapidarius,2.082983277180659e-08,wurflenii,True,True
1201,,BRUGEROLLES_0011,/Volumes/EXT DATA/IDMB/derived/Bombus/collection/images/BRUGEROLLES_0011_P_1.jpg,wurflenii,0.9999999487991009,sichelii,4.3891655324378096e-08,pratorum,3.5314129171806038e-09,wurflenii,True,True
1202,,BRUGEROLLES_0011,/Volumes/EXT DATA/IDMB/derived/Bombus/collection/images/BRUGEROLLES_0011_P_2.jpg,wurflenii,0.9999999846090657,sichelii,1.4912576367836825e-08,pratorum,2.50472319582623e-10,wurflenii,True,True
1203,,BRUGEROLLES_0011,/Volumes/EXT DATA/IDMB/derived/Bombus/collection/images/BRUGEROLLES_0011_S_1.jpg,wurflenii,0.9999999696585915,pratorum,1.4017281427406857e-08,sichelii,1.0377975782290785e-08,wurflenii,True,True
1204,,BRUGEROLLES_0011,/Volumes/EXT DATA/IDMB/derived/Bombus/collection/images/BRUGEROLLES_0011_S_2.jpg,wurflenii,0.99999985915667,sichelii,1.3866653250184505e-07,lapidarius,1.1838313819233579e-09,wurflenii,True,True
1205,,BRUGEROLLES_0011,/Volumes/EXT DATA/IDMB/derived/Bombus/collection/images/BRUGEROLLES_0011_S_3.jpg,wurflenii,0.999999993815958,sichelii,5.118520627155035e-09,pratorum,4.4038415964470546e-10,wurflenii,True,True
1206,,BRUGEROLLES_0012,/Volumes/EXT DATA/IDMB/derived/Bombus/collection/images/BRUGEROLLES_0012_P_1.jpg,wurflenii,0.9999997629135302,sichelii,2.3639113143022337e-07,lapidarius,5.431716143105083e-10,wurflenii,True,True
1207,,BRUGEROLLES_0012,/Volumes/EXT DATA/IDMB/derived/Bombus/collection/images/BRUGEROLLES_0012_P_2.jpg,wurflenii,0.9999999928823762,sichelii,6.929755867163772e-09,pratorum,1.0757591220521592e-10,wurflenii,True,True
1208,,BRUGEROLLES_0012,/Volumes/EXT DATA/IDMB/derived/Bombus/collection/images/BRUGEROLLES_0012_S_1.jpg,wurflenii,0.9999999957728474,pratorum,2.1168141480540662e-09,sichelii,1.931730209936409e-09,wurflenii,True,True
1209,,BRUGEROLLES_0012,/Volumes/EXT DATA/IDMB/derived/Bombus/collection/images/BRUGEROLLES_0012_S_2.jpg,wurflenii,0.9999999973854996,sichelii,1.874274168500164e-09,pratorum,6.002473601124372e-10,wurflenii,True,True
1210,,BRUGEROLLES_0012,/Volumes/EXT DATA/IDMB/derived/Bombus/collection/images/BRUGEROLLES_0012_S_3.jpg,wurflenii,0.9999999724545733,sichelii,2.6334743984071914e-08,pratorum,9.622122515940877e-10,wurflenii,True,True
1211,,BRUGEROLLES_0013,/Volumes/EXT DATA/IDMB/derived/Bombus/collection/images/BRUGEROLLES_0013_P_1.jpg,lapidarius,0.8126781369680973,sichelii,0.18639889342610147,pyrenaeus,0.0008717210775679402,sichelii,False,True
1212,,BRUGEROLLES_0013,/Volumes/EXT DATA/IDMB/derived/Bombus/collection/images/BRUGEROLLES_0013_P_2.jpg,lapidarius,0.7393613674442474,sichelii,0.2604066035649319,wurflenii,0.0001227880416829151,sichelii,False,True
1213,,BRUGEROLLES_0013,/Volumes/EXT DATA/IDMB/derived/Bombus/collection/images/BRUGEROLLES_0013_S_1.jpg,sichelii,0.7165444506765272,lapidarius,0.28151522496478515,pyrenaeus,0.0017506382383983324,sichelii,True,True
1214,,BRUGEROLLES_0013,/Volumes/EXT DATA/IDMB/derived/Bombus/collection/images/BRUGEROLLES_0013_S_2.jpg,sichelii,0.5537654487801636,lapidarius,0.44447828077641716,pyrenaeus,0.0015763240034836696,sichelii,True,True
1215,,BRUGEROLLES_0013,/Volumes/EXT DATA/IDMB/derived/Bombus/collection/images/BRUGEROLLES_0013_S_3.jpg,lapidarius,0.6289687255789803,sichelii,0.3708881693133469,pyrenaeus,0.00012531199815300106,sichelii,False,True
1216,,BRUGEROLLES_0014,/Volumes/EXT DATA/IDMB/derived/Bombus/collection/images/BRUGEROLLES_0014_P_1.jpg,pyrenaeus,0.9971643959934234,monticola,0.0012932098025410827,soroeensis,0.0008132312583507797,monticola,False,True
1217,,BRUGEROLLES_0014,/Volumes/EXT DATA/IDMB/derived/Bombus/collection/images/BRUGEROLLES_0014_P_2.jpg,pyrenaeus,0.9990722552360285,monticola,0.0006711862537740589,sichelii,0.00014662922368223445,monticola,False,True
1218,,BRUGEROLLES_0014,/Volumes/EXT DATA/IDMB/derived/Bombus/collection/images/BRUGEROLLES_0014_S_1.jpg,pyrenaeus,0.9881160899155885,soroeensis,0.008920433090193058,monticola,0.0012299156158589936,monticola,False,True
1219,,BRUGEROLLES_0014,/Volumes/EXT DATA/IDMB/derived/Bombus/collection/images/BRUGEROLLES_0014_S_2.jpg,pyrenaeus,0.9800364597890091,soroeensis,0.018068981921316774,monticola,0.001260223886387942,monticola,False,True
1220,,BRUGEROLLES_0014,/Volumes/EXT DATA/IDMB/derived/Bombus/collection/images/BRUGEROLLES_0014_S_3.jpg,pyrenaeus,0.9998430607049398,monticola,0.00014357930187096428,soroeensis,9.634198355658455e-06,monticola,False,True
1221,,BRUGEROLLES_0015,/Volumes/EXT DATA/IDMB/derived/Bombus/collection/images/BRUGEROLLES_0015_P_1.jpg,sichelii,0.9995430351229275,lapidarius,0.000413430571440917,monticola,2.2297442540719626e-05,sichelii,True,True
1222,,BRUGEROLLES_0015,/Volumes/EXT DATA/IDMB/derived/Bombus/collection/images/BRUGEROLLES_0015_P_2.jpg,sichelii,0.9976187158365076,wurflenii,0.0009213216791088202,lapidarius,0.0008914053725862292,sichelii,True,True
1223,,BRUGEROLLES_0015,/Volumes/EXT DATA/IDMB/derived/Bombus/collection/images/BRUGEROLLES_0015_S_1.jpg,sichelii,0.9971656517957684,wurflenii,0.0013414118820924094,lapidarius,0.0013355392655959417,sichelii,True,True
1224,,BRUGEROLLES_0015,/Volumes/EXT DATA/IDMB/derived/Bombus/collection/images/BRUGEROLLES_0015_S_2.jpg,sichelii,0.9979996519432375,lapidarius,0.001147026387901432,wurflenii,0.0007182917843028414,sichelii,True,True
1225,,BRUGEROLLES_0015,/Volumes/EXT DATA/IDMB/derived/Bombus/collection/images/BRUGEROLLES_0015_S_3.jpg,sichelii,0.9894409933588656,lapidarius,0.005926120310714485,wurflenii,0.004337459364528365,sichelii,True,True
1226,,BRUGEROLLES_0016,/Volumes/EXT DATA/IDMB/derived/Bombus/collection/images/BRUGEROLLES_0016_P_1.jpg,sichelii,0.9814342275362063,lapidarius,0.018543814426965222,pyrenaeus,2.136718460864667e-05,sichelii,True,True
1227,,BRUGEROLLES_0016,/Volumes/EXT DATA/IDMB/derived/Bombus/collection/images/BRUGEROLLES_0016_P_2.jpg,sichelii,0.971691906565198,lapidarius,0.028306917357371997,pyrenaeus,1.0129724728472718e-06,sichelii,True,True
1228,,BRUGEROLLES_0016,/Volumes/EXT DATA/IDMB/derived/Bombus/collection/images/BRUGEROLLES_0016_S_1.jpg,sichelii,0.9746489961775253,lapidarius,0.025350715334817826,pyrenaeus,2.3143762408321357e-07,sichelii,True,True
1229,,BRUGEROLLES_0016,/Volumes/EXT DATA/IDMB/derived/Bombus/collection/images/BRUGEROLLES_0016_S_2.jpg,sichelii,0.774780980962179,lapidarius,0.22521640977113264,pyrenaeus,2.2085258362635016e-06,sichelii,True,True
1230,,BRUGEROLLES_0016,/Volumes/EXT DATA/IDMB/derived/Bombus/collection/images/BRUGEROLLES_0016_S_3.jpg,sichelii,0.9557132913714297,lapidarius,0.044284850354466485,pyrenaeus,1.8225869583129417e-06,sichelii,True,True
1231,,BRUGEROLLES_0018,/Volumes/EXT DATA/IDMB/derived/Bombus/collection/images/BRUGEROLLES_0018_P_1.jpg,confusus,1.0,monticola,2.3174997910488115e-21,pyrenaeus,6.832806918272683e-24,confusus,True,True
1232,,BRUGEROLLES_0018,/Volumes/EXT DATA/IDMB/derived/Bombus/collection/images/BRUGEROLLES_0018_P_2.jpg,confusus,1.0,monticola,6.621583023266346e-21,pyrenaeus,3.3399594695103403e-23,confusus,True,True
1233,,BRUGEROLLES_0018,/Volumes/EXT DATA/IDMB/derived/Bombus/collection/images/BRUGEROLLES_0018_S_1.jpg,confusus,1.0,monticola,1.3205464631023655e-20,pyrenaeus,1.9503130280559698e-22,confusus,True,True
1234,,BRUGEROLLES_0018,/Volumes/EXT DATA/IDMB/derived/Bombus/collection/images/BRUGEROLLES_0018_S_2.jpg,confusus,1.0,monticola,4.584904914251159e-19,pyrenaeus,2.679823804516891e-21,confusus,True,True
1235,,BRUGEROLLES_0018,/Volumes/EXT DATA/IDMB/derived/Bombus/collection/images/BRUGEROLLES_0018_S_3.jpg,confusus,1.0,monticola,3.5616485836479824e-20,pyrenaeus,2.480079810316533e-22,confusus,True,True
1236,,BRUGEROLLES_0019,/Volumes/EXT DATA/IDMB/derived/Bombus/collection/images/BRUGEROLLES_0019_P_1.jpg,confusus,1.0,monticola,7.748641940296015e-17,sichelii,9.252396558254925e-21,confusus,True,True
1237,,BRUGEROLLES_0019,/Volumes/EXT DATA/IDMB/derived/Bombus/collection/images/BRUGEROLLES_0019_P_2.jpg,confusus,1.0,monticola,3.5825609193913315e-17,pyrenaeus,1.3915497778148436e-20,confusus,True,True
1238,,BRUGEROLLES_0019,/Volumes/EXT DATA/IDMB/derived/Bombus/collection/images/BRUGEROLLES_0019_S_1.jpg,confusus,0.9999999999997764,monticola,2.236564712232186e-13,pyrenaeus,6.278743244335418e-18,confusus,True,True
1239,,BRUGEROLLES_0019,/Volumes/EXT DATA/IDMB/derived/Bombus/collection/images/BRUGEROLLES_0019_S_2.jpg,confusus,0.9999999999997351,monticola,2.6486308659979905e-13,sichelii,1.5908987370813993e-17,confusus,True,True
1240,,BRUGEROLLES_0019,/Volumes/EXT DATA/IDMB/derived/Bombus/collection/images/BRUGEROLLES_0019_S_3.jpg,confusus,0.9999999999998004,monticola,1.9957596041869573e-13,sichelii,4.591152879647928e-17,confusus,True,True
1241,,BRUGEROLLES_0020,/Volumes/EXT DATA/IDMB/derived/Bombus/collection/images/BRUGEROLLES_0020_P_1.jpg,confusus,0.9999999999996951,monticola,3.048688400817006e-13,soroeensis,9.56804769793362e-17,confusus,True,True
1242,,BRUGEROLLES_0020,/Volumes/EXT DATA/IDMB/derived/Bombus/collection/images/BRUGEROLLES_0020_P_2.jpg,confusus,0.9999999999999996,monticola,3.672454473752931e-16,sichelii,6.054252876464299e-21,confusus,True,True
1243,,BRUGEROLLES_0020,/Volumes/EXT DATA/IDMB/derived/Bombus/collection/images/BRUGEROLLES_0020_S_1.jpg,confusus,0.9999999999929525,monticola,7.0466497981249455e-12,pyrenaeus,5.648654637774596e-16,confusus,True,True
1244,,BRUGEROLLES_0020,/Volumes/EXT DATA/IDMB/derived/Bombus/collection/images/BRUGEROLLES_0020_S_2.jpg,confusus,0.9999999999977107,monticola,2.2889622979703816e-12,pyrenaeus,2.2819093774405724e-16,confusus,True,True
1245,,BRUGEROLLES_0020,/Volumes/EXT DATA/IDMB/derived/Bombus/collection/images/BRUGEROLLES_0020_S_3.jpg,confusus,0.9999999999997407,monticola,2.592972477603061e-13,soroeensis,1.4772513194510495e-17,confusus,True,True
1246,,BRUGEROLLES_0021,/Volumes/EXT DATA/IDMB/derived/Bombus/collection/images/BRUGEROLLES_0021_P_1.jpg,wurflenii,0.9999847395031928,sichelii,1.35345610968415e-05,lapidarius,1.6925003040916682e-06,wurflenii,True,True
1247,,BRUGEROLLES_0021,/Volumes/EXT DATA/IDMB/derived/Bombus/collection/images/BRUGEROLLES_0021_P_2.jpg,wurflenii,0.9999815483985159,sichelii,1.0542442742109352e-05,lapidarius,7.811047647688584e-06,wurflenii,True,True
1248,,BRUGEROLLES_0021,/Volumes/EXT DATA/IDMB/derived/Bombus/collection/images/BRUGEROLLES_0021_S_1.jpg,wurflenii,0.9999390528937698,sichelii,6.046660280146833e-05,lapidarius,3.5198442078273875e-07,wurflenii,True,True
1249,,BRUGEROLLES_0021,/Volumes/EXT DATA/IDMB/derived/Bombus/collection/images/BRUGEROLLES_0021_S_2.jpg,wurflenii,0.9999991117318391,sichelii,8.633575639173514e-07,lapidarius,1.3706928204460408e-08,wurflenii,True,True
1250,,BRUGEROLLES_0021,/Volumes/EXT DATA/IDMB/derived/Bombus/collection/images/BRUGEROLLES_0021_S_3.jpg,wurflenii,0.9996273243500171,sichelii,0.00032054545422867647,lapidarius,4.952039232831351e-05,wurflenii,True,True
1251,,BRUGEROLLES_0022,/Volumes/EXT DATA/IDMB/derived/Bombus/collection/images/BRUGEROLLES_0022_P_1.jpg,confusus,1.0,monticola,2.655238425795234e-17,sichelii,1.0189445792045493e-21,confusus,True,True
1252,,BRUGEROLLES_0022,/Volumes/EXT DATA/IDMB/derived/Bombus/collection/images/BRUGEROLLES_0022_P_2.jpg,confusus,1.0,monticola,3.528130950631621e-17,sichelii,6.983710823622404e-22,confusus,True,True
1253,,BRUGEROLLES_0022,/Volumes/EXT DATA/IDMB/derived/Bombus/collection/images/BRUGEROLLES_0022_S_1.jpg,confusus,0.9999999999999998,monticola,3.181344319084362e-16,sichelii,1.3511776745207225e-18,confusus,True,True
1254,,BRUGEROLLES_0022,/Volumes/EXT DATA/IDMB/derived/Bombus/collection/images/BRUGEROLLES_0022_S_2.jpg,confusus,1.0,monticola,2.0143410074591456e-17,sichelii,3.395659837052653e-20,confusus,True,True
1255,,BRUGEROLLES_0022,/Volumes/EXT DATA/IDMB/derived/Bombus/collection/images/BRUGEROLLES_0022_S_3.jpg,confusus,1.0,monticola,6.065664565641631e-17,sichelii,3.485492587331836e-19,confusus,True,True
1256,,BRUGEROLLES_0023,/Volumes/EXT DATA/IDMB/derived/Bombus/collection/images/BRUGEROLLES_0023_P_1.jpg,confusus,0.9999999999999998,monticola,3.213641957431711e-16,pyrenaeus,5.3404753298570906e-21,confusus,True,True
1257,,BRUGEROLLES_0023,/Volumes/EXT DATA/IDMB/derived/Bombus/collection/images/BRUGEROLLES_0023_P_2.jpg,confusus,1.0,monticola,2.601311495658151e-17,soroeensis,2.9098333976844376e-21,confusus,True,True
1258,,BRUGEROLLES_0023,/Volumes/EXT DATA/IDMB/derived/Bombus/collection/images/BRUGEROLLES_0023_S_1.jpg,confusus,0.999999999999994,monticola,5.933569361703362e-15,soroeensis,2.455696579646558e-19,confusus,True,True
1259,,BRUGEROLLES_0023,/Volumes/EXT DATA/IDMB/derived/Bombus/collection/images/BRUGEROLLES_0023_S_2.jpg,confusus,1.0,monticola,7.477208221014724e-18,soroeensis,4.097724107883671e-22,confusus,True,True
1260,,BRUGEROLLES_0023,/Volumes/EXT DATA/IDMB/derived/Bombus/collection/images/BRUGEROLLES_0023_S_3.jpg,confusus,0.9999999999974352,monticola,2.5646301019101783e-12,soroeensis,1.877249570619389e-16,confusus,True,True
1261,,BRUGEROLLES_0024,/Volumes/EXT DATA/IDMB/derived/Bombus/collection/images/BRUGEROLLES_0024_P_1.jpg,sichelii,0.9857346838730059,lapidarius,0.014236811212267433,soroeensis,2.531442200531112e-05,sichelii,True,True
1262,,BRUGEROLLES_0024,/Volumes/EXT DATA/IDMB/derived/Bombus/collection/images/BRUGEROLLES_0024_P_2.jpg,sichelii,0.9719053863136667,lapidarius,0.02770884762277697,pyrenaeus,0.0003306776645824565,sichelii,True,True
1263,,BRUGEROLLES_0024,/Volumes/EXT DATA/IDMB/derived/Bombus/collection/images/BRUGEROLLES_0024_S_1.jpg,sichelii,0.7812115929059404,lapidarius,0.21847548326930225,soroeensis,0.00025481632407270557,sichelii,True,True
1264,,BRUGEROLLES_0024,/Volumes/EXT DATA/IDMB/derived/Bombus/collection/images/BRUGEROLLES_0024_S_2.jpg,sichelii,0.9547488413720967,lapidarius,0.0452263886360525,soroeensis,2.1017082731205928e-05,sichelii,True,True
1265,,BRUGEROLLES_0024,/Volumes/EXT DATA/IDMB/derived/Bombus/collection/images/BRUGEROLLES_0024_S_3.jpg,sichelii,0.9170139402885564,lapidarius,0.061718192008941394,soroeensis,0.021239530285744563,sichelii,True,True
1266,,BRUGEROLLES_0025,/Volumes/EXT DATA/IDMB/derived/Bombus/collection/images/BRUGEROLLES_0025_P_1.jpg,sichelii,0.9906689025504177,lapidarius,0.007839148246225077,pyrenaeus,0.0014834989373980853,sichelii,True,True
1267,,BRUGEROLLES_0025,/Volumes/EXT DATA/IDMB/derived/Bombus/collection/images/BRUGEROLLES_0025_P_2.jpg,sichelii,0.9635440070226393,lapidarius,0.03617922103984818,pyrenaeus,0.0002656826520772008,sichelii,True,True
1268,,BRUGEROLLES_0025,/Volumes/EXT DATA/IDMB/derived/Bombus/collection/images/BRUGEROLLES_0025_S_1.jpg,sichelii,0.9702951173857316,lapidarius,0.023646573623653064,pyrenaeus,0.005875036864911662,sichelii,True,True
1269,,BRUGEROLLES_0025,/Volumes/EXT DATA/IDMB/derived/Bombus/collection/images/BRUGEROLLES_0025_S_2.jpg,sichelii,0.9522700640817897,lapidarius,0.04270044125654613,pyrenaeus,0.004872482559373365,sichelii,True,True
1270,,BRUGEROLLES_0025,/Volumes/EXT DATA/IDMB/derived/Bombus/collection/images/BRUGEROLLES_0025_S_3.jpg,sichelii,0.9324004274059154,lapidarius,0.06490925839174784,pyrenaeus,0.002674309566617362,sichelii,True,True
1271,,BRUGEROLLES_0027,/Volumes/EXT DATA/IDMB/derived/Bombus/collection/images/BRUGEROLLES_0027_P_1.jpg,sichelii,0.9992646426090772,lapidarius,0.00048529320502598835,soroeensis,0.00018491712105547456,sichelii,True,True
1272,,BRUGEROLLES_0027,/Volumes/EXT DATA/IDMB/derived/Bombus/collection/images/BRUGEROLLES_0027_P_2.jpg,sichelii,0.9990645118220054,lapidarius,0.0005728748113309548,pyrenaeus,0.00016436945578875018,sichelii,True,True
1273,,BRUGEROLLES_0027,/Volumes/EXT DATA/IDMB/derived/Bombus/collection/images/BRUGEROLLES_0027_S_1.jpg,sichelii,0.9896904614808254,soroeensis,0.00619803330106094,lapidarius,0.0038895827755986243,sichelii,True,True
1274,,BRUGEROLLES_0027,/Volumes/EXT DATA/IDMB/derived/Bombus/collection/images/BRUGEROLLES_0027_S_2.jpg,sichelii,0.9934458010932098,lapidarius,0.005373521528167293,soroeensis,0.0011175650267462123,sichelii,True,True
1275,,BRUGEROLLES_0027,/Volumes/EXT DATA/IDMB/derived/Bombus/collection/images/BRUGEROLLES_0027_S_3.jpg,sichelii,0.9606967446596626,lapidarius,0.03864032766941073,soroeensis,0.0006507981509725218,sichelii,True,True
1276,,BRUGEROLLES_0029,/Volumes/EXT DATA/IDMB/derived/Bombus/collection/images/BRUGEROLLES_0029_P_1.jpg,monticola,0.6983711526622842,pyrenaeus,0.30157371975235725,sichelii,4.5248143891472086e-05,monticola,True,True
1277,,BRUGEROLLES_0029,/Volumes/EXT DATA/IDMB/derived/Bombus/collection/images/BRUGEROLLES_0029_P_2.jpg,pyrenaeus,0.6748494332680395,monticola,0.32375865048991415,sichelii,0.0013556334252340955,monticola,False,True
1278,,BRUGEROLLES_0029,/Volumes/EXT DATA/IDMB/derived/Bombus/collection/images/BRUGEROLLES_0029_S_1.jpg,monticola,0.8389513558306942,pyrenaeus,0.1599419025729456,soroeensis,0.0008976678682521097,monticola,True,True
1279,,BRUGEROLLES_0029,/Volumes/EXT DATA/IDMB/derived/Bombus/collection/images/BRUGEROLLES_0029_S_2.jpg,pyrenaeus,0.6209243451750202,monticola,0.3662806233819205,sichelii,0.01024545310041227,monticola,False,True
1280,,BRUGEROLLES_0029,/Volumes/EXT DATA/IDMB/derived/Bombus/collection/images/BRUGEROLLES_0029_S_3.jpg,monticola,0.9113682952913454,pyrenaeus,0.08846518417453796,sichelii,0.00010921282024771096,monticola,True,True
1281,,CPIE15_0001,/Volumes/EXT DATA/IDMB/derived/Bombus/collection/images/CPIE15_0001_P_1.jpg,sylvarum,0.9998167921365189,ruderarius,0.00018318768786118988,pomorum,1.5110479112012585e-08,sylvarum,True,True
1282,,CPIE15_0001,/Volumes/EXT DATA/IDMB/derived/Bombus/collection/images/CPIE15_0001_P_2.jpg,sylvarum,0.9996065356229086,ruderarius,0.0003921037210390622,pomorum,1.0173411988664988e-06,sylvarum,True,True
1283,,CPIE15_0001,/Volumes/EXT DATA/IDMB/derived/Bombus/collection/images/CPIE15_0001_S_1.jpg,sylvarum,0.9957797444479762,ruderarius,0.004220221659586838,pomorum,2.175896987712424e-08,sylvarum,True,True
1284,,CPIE15_0001,/Volumes/EXT DATA/IDMB/derived/Bombus/collection/images/CPIE15_0001_S_2.jpg,sylvarum,0.9982303749934278,ruderarius,0.0017694438778580379,pratorum,1.559593106539446e-07,sylvarum,True,True
1285,,CPIE15_0001,/Volumes/EXT DATA/IDMB/derived/Bombus/collection/images/CPIE15_0001_S_3.jpg,sylvarum,0.9974061698856141,ruderarius,0.0025936587014300824,pratorum,1.6382575045006944e-07,sylvarum,True,True
1286,,CPIE15_0002,/Volumes/EXT DATA/IDMB/derived/Bombus/collection/images/CPIE15_0002_P_1.jpg,sylvarum,0.9993603297471229,pomorum,0.0005650220829712456,ruderarius,7.383884572305195e-05,sylvarum,True,True
1287,,CPIE15_0002,/Volumes/EXT DATA/IDMB/derived/Bombus/collection/images/CPIE15_0002_P_2.jpg,sylvarum,0.9997444487454974,pomorum,0.00017953576265558008,ruderarius,7.601318214425152e-05,sylvarum,True,True
1288,,CPIE15_0002,/Volumes/EXT DATA/IDMB/derived/Bombus/collection/images/CPIE15_0002_S_1.jpg,sylvarum,0.9985904530659531,pomorum,0.001110949924625781,ruderarius,0.0002945784764620203,sylvarum,True,True
1289,,CPIE15_0002,/Volumes/EXT DATA/IDMB/derived/Bombus/collection/images/CPIE15_0002_S_2.jpg,sylvarum,0.999032102011431,pomorum,0.0008288624545594556,ruderarius,0.00013855220430698272,sylvarum,True,True
1290,,CPIE15_0002,/Volumes/EXT DATA/IDMB/derived/Bombus/collection/images/CPIE15_0002_S_3.jpg,sylvarum,0.9949468672536119,pomorum,0.004796343387759205,ruderarius,0.0002562021705164434,sylvarum,True,True
1291,,CPIE15_0003,/Volumes/EXT DATA/IDMB/derived/Bombus/collection/images/CPIE15_0003_P_1.jpg,sylvarum,0.9999992998930344,ruderarius,6.983805958418894e-07,pomorum,1.7212698183260793e-09,sylvarum,True,True
1292,,CPIE15_0003,/Volumes/EXT DATA/IDMB/derived/Bombus/collection/images/CPIE15_0003_P_2.jpg,sylvarum,0.9999983972428887,ruderarius,1.5963521088217164e-06,pomorum,6.392545934754845e-09,sylvarum,True,True
1293,,CPIE15_0003,/Volumes/EXT DATA/IDMB/derived/Bombus/collection/images/CPIE15_0003_S_1.jpg,sylvarum,0.9999521631901982,ruderarius,4.779808022807267e-05,pomorum,3.748953548348332e-08,sylvarum,True,True
1294,,CPIE15_0003,/Volumes/EXT DATA/IDMB/derived/Bombus/collection/images/CPIE15_0003_S_2.jpg,sylvarum,0.9999646892553596,ruderarius,3.5305341452252074e-05,pomorum,5.370799185574638e-09,sylvarum,True,True
1295,,CPIE15_0003,/Volumes/EXT DATA/IDMB/derived/Bombus/collection/images/CPIE15_0003_S_3.jpg,sylvarum,0.999993165502322,ruderarius,6.833197165874326e-06,pomorum,1.2871491566786947e-09,sylvarum,True,True
1296,,CPIE15_0004,/Volumes/EXT DATA/IDMB/derived/Bombus/collection/images/CPIE15_0004_P_1.jpg,confusus,1.0,monticola,5.028245169055397e-19,sichelii,1.7360205648047245e-23,confusus,True,True
1297,,CPIE15_0004,/Volumes/EXT DATA/IDMB/derived/Bombus/collection/images/CPIE15_0004_P_2.jpg,confusus,1.0,monticola,1.0497858516917335e-20,sichelii,1.3339301656570485e-24,confusus,True,True
1298,,CPIE15_0004,/Volumes/EXT DATA/IDMB/derived/Bombus/collection/images/CPIE15_0004_S_1.jpg,confusus,0.9999999999999973,monticola,2.591742814909069e-15,soroeensis,1.9547609685692466e-19,confusus,True,True
1299,,CPIE15_0004,/Volumes/EXT DATA/IDMB/derived/Bombus/collection/images/CPIE15_0004_S_2.jpg,confusus,1.0,monticola,4.830343661914532e-18,soroeensis,5.088914586070471e-23,confusus,True,True
1300,,CPIE15_0004,/Volumes/EXT DATA/IDMB/derived/Bombus/collection/images/CPIE15_0004_S_3.jpg,confusus,0.9999999999999998,monticola,2.022365928889984e-16,pyrenaeus,3.5543880250217815e-21,confusus,True,True
1301,,CPIE15_0005,/Volumes/EXT DATA/IDMB/derived/Bombus/collection/images/CPIE15_0005_P_1.jpg,confusus,1.0,monticola,5.334460955172304e-24,pyrenaeus,6.040890262998607e-32,confusus,True,True
1302,,CPIE15_0005,/Volumes/EXT DATA/IDMB/derived/Bombus/collection/images/CPIE15_0005_P_2.jpg,confusus,1.0,monticola,3.387553983419617e-27,pyrenaeus,3.648441321414126e-34,confusus,True,True
1303,,CPIE15_0005,/Volumes/EXT DATA/IDMB/derived/Bombus/collection/images/CPIE15_0005_S_1.jpg,confusus,1.0,monticola,3.817979622151051e-25,soroeensis,1.773960471586968e-30,confusus,True,True
1304,,CPIE15_0005,/Volumes/EXT DATA/IDMB/derived/Bombus/collection/images/CPIE15_0005_S_2.jpg,confusus,1.0,monticola,5.192522547517147e-25,sichelii,1.3931194281620965e-32,confusus,True,True
1305,,CPIE15_0005,/Volumes/EXT DATA/IDMB/derived/Bombus/collection/images/CPIE15_0005_S_3.jpg,confusus,1.0,monticola,2.9446391018985646e-22,pyrenaeus,4.951541531413684e-31,confusus,True,True
1306,,CPIE15_0006,/Volumes/EXT DATA/IDMB/derived/Bombus/collection/images/CPIE15_0006_P_1.jpg,confusus,0.9999999999999969,monticola,3.205732010360498e-15,soroeensis,6.386368585726851e-20,confusus,True,True
1307,,CPIE15_0006,/Volumes/EXT DATA/IDMB/derived/Bombus/collection/images/CPIE15_0006_P_2.jpg,confusus,0.9999999999999842,monticola,1.5800365254013246e-14,pyrenaeus,9.78667675439165e-19,confusus,True,True
1308,,CPIE15_0006,/Volumes/EXT DATA/IDMB/derived/Bombus/collection/images/CPIE15_0006_S_1.jpg,confusus,0.9999999999999665,monticola,3.343116117249468e-14,soroeensis,2.485446315749417e-18,confusus,True,True
1309,,CPIE15_0006,/Volumes/EXT DATA/IDMB/derived/Bombus/collection/images/CPIE15_0006_S_2.jpg,confusus,1.0,monticola,8.383534720732024e-18,soroeensis,3.1516576822018933e-21,confusus,True,True
1310,,CPIE15_0006,/Volumes/EXT DATA/IDMB/derived/Bombus/collection/images/CPIE15_0006_S_3.jpg,confusus,0.9999999999999598,monticola,4.0297178152772626e-14,soroeensis,1.7052525970623415e-17,confusus,True,True
1311,,CPIE15_0007,/Volumes/EXT DATA/IDMB/derived/Bombus/collection/images/CPIE15_0007_P_1.jpg,sylvarum,0.9998103464864901,ruderarius,0.00018777627036518213,pratorum,1.3774933815641896e-06,sylvarum,True,True
1312,,CPIE15_0007,/Volumes/EXT DATA/IDMB/derived/Bombus/collection/images/CPIE15_0007_P_2.jpg,sylvarum,0.9994585285728194,ruderarius,0.0005413353217046104,pomorum,1.1505028571275875e-07,sylvarum,True,True
1313,,CPIE15_0007,/Volumes/EXT DATA/IDMB/derived/Bombus/collection/images/CPIE15_0007_S_1.jpg,sylvarum,0.9984470003903378,ruderarius,0.0015485689245549057,pomorum,2.9844224318642844e-06,sylvarum,True,True
1314,,CPIE15_0007,/Volumes/EXT DATA/IDMB/derived/Bombus/collection/images/CPIE15_0007_S_2.jpg,sylvarum,0.9990547673733848,ruderarius,0.0009289972776781602,pomorum,1.4634632797833443e-05,sylvarum,True,True
1315,,CPIE15_0007,/Volumes/EXT DATA/IDMB/derived/Bombus/collection/images/CPIE15_0007_S_3.jpg,sylvarum,0.9994618622800957,ruderarius,0.0005332998608540482,pomorum,4.381624916936235e-06,sylvarum,True,True
1316,,CPIE15_0008,/Volumes/EXT DATA/IDMB/derived/Bombus/collection/images/CPIE15_0008_P_1.jpg,sylvarum,0.999947779104441,ruderarius,3.85196201242508e-05,pomorum,1.224397017831228e-05,sylvarum,True,True
1317,,CPIE15_0008,/Volumes/EXT DATA/IDMB/derived/Bombus/collection/images/CPIE15_0008_P_2.jpg,sylvarum,0.9997262952606281,ruderarius,0.00014651987228397,pomorum,0.0001262767630472351,sylvarum,True,True
1318,,CPIE15_0008,/Volumes/EXT DATA/IDMB/derived/Bombus/collection/images/CPIE15_0008_S_1.jpg,sylvarum,0.999958201098458,ruderarius,3.799778076570921e-05,pomorum,3.301759388274843e-06,sylvarum,True,True
1319,,CPIE15_0008,/Volumes/EXT DATA/IDMB/derived/Bombus/collection/images/CPIE15_0008_S_2.jpg,sylvarum,0.99990202026038,ruderarius,6.460914178383992e-05,pomorum,3.233463720186482e-05,sylvarum,True,True
1320,,CPIE15_0008,/Volumes/EXT DATA/IDMB/derived/Bombus/collection/images/CPIE15_0008_S_3.jpg,sylvarum,0.9998911617808195,pomorum,5.757203834977002e-05,ruderarius,5.1007199718209596e-05,sylvarum,True,True
1321,,CPIE15_0009,/Volumes/EXT DATA/IDMB/derived/Bombus/collection/images/CPIE15_0009_P_1.jpg,sylvarum,0.9995313848830188,ruderarius,0.00046210577941765177,pratorum,5.677780246114569e-06,sylvarum,True,True
1322,,CPIE15_0009,/Volumes/EXT DATA/IDMB/derived/Bombus/collection/images/CPIE15_0009_P_2.jpg,sylvarum,0.999381212916344,ruderarius,0.0006171895064408703,pratorum,1.3521055286098816e-06,sylvarum,True,True
1323,,CPIE15_0009,/Volumes/EXT DATA/IDMB/derived/Bombus/collection/images/CPIE15_0009_S_1.jpg,sylvarum,0.9944066159444959,ruderarius,0.005592586582762729,pomorum,5.377385548538022e-07,sylvarum,True,True
1324,,CPIE15_0009,/Volumes/EXT DATA/IDMB/derived/Bombus/collection/images/CPIE15_0009_S_2.jpg,sylvarum,0.9923590489753695,ruderarius,0.007566072033422588,pratorum,7.275878145906588e-05,sylvarum,True,True
1325,,CPIE15_0009,/Volumes/EXT DATA/IDMB/derived/Bombus/collection/images/CPIE15_0009_S_3.jpg,sylvarum,0.9854635812439558,ruderarius,0.014375411261100103,pomorum,8.497584964659358e-05,sylvarum,True,True
1326,,CPIE15_0010,/Volumes/EXT DATA/IDMB/derived/Bombus/collection/images/CPIE15_0010_P_1.jpg,sylvarum,0.9969509367895178,pratorum,0.0030064322520158312,ruderarius,3.610042945878788e-05,sylvarum,True,True
1327,,CPIE15_0010,/Volumes/EXT DATA/IDMB/derived/Bombus/collection/images/CPIE15_0010_P_2.jpg,sylvarum,0.9993023173321838,ruderarius,0.00041216137607867815,pratorum,0.00027643146822059397,sylvarum,True,True
1328,,CPIE15_0010,/Volumes/EXT DATA/IDMB/derived/Bombus/collection/images/CPIE15_0010_S_1.jpg,sylvarum,0.9983822986762034,pratorum,0.0015265859485590208,ruderarius,9.01309057020115e-05,sylvarum,True,True
1329,,CPIE15_0010,/Volumes/EXT DATA/IDMB/derived/Bombus/collection/images/CPIE15_0010_S_2.jpg,sylvarum,0.9943436788063963,pratorum,0.005619594273585801,ruderarius,3.33779258633357e-05,sylvarum,True,True
1330,,CPIE15_0010,/Volumes/EXT DATA/IDMB/derived/Bombus/collection/images/CPIE15_0010_S_3.jpg,sylvarum,0.9527192690663461,pratorum,0.045615662646237336,ruderarius,0.0014124998029867123,sylvarum,True,True
1331,,CPIE15_0011,/Volumes/EXT DATA/IDMB/derived/Bombus/collection/images/CPIE15_0011_P_1.jpg,rupestris,0.9999984844372819,lapidarius,9.843295432790613e-07,sichelii,5.312256973398707e-07,rupestris,True,True
1332,,CPIE15_0011,/Volumes/EXT DATA/IDMB/derived/Bombus/collection/images/CPIE15_0011_P_2.jpg,rupestris,0.9999999306165478,lapidarius,6.541114100480127e-08,sichelii,3.969424271011753e-09,rupestris,True,True
1333,,CPIE15_0011,/Volumes/EXT DATA/IDMB/derived/Bombus/collection/images/CPIE15_0011_S_1.jpg,rupestris,0.9999999647689007,sichelii,1.912767942225284e-08,lapidarius,1.6103405420546216e-08,rupestris,True,True
1334,,CPIE15_0011,/Volumes/EXT DATA/IDMB/derived/Bombus/collection/images/CPIE15_0011_S_2.jpg,rupestris,0.999999989970565,lapidarius,8.039127810871499e-09,sichelii,1.989860977131444e-09,rupestris,True,True
1335,,CPIE15_0011,/Volumes/EXT DATA/IDMB/derived/Bombus/collection/images/CPIE15_0011_S_3.jpg,rupestris,0.9999996082336555,lapidarius,3.773067490424076e-07,sichelii,1.4459303805184915e-08,rupestris,True,True
1336,,CPIE15_0012,/Volumes/EXT DATA/IDMB/derived/Bombus/collection/images/CPIE15_0012_P_1.jpg,soroeensis,0.999975860133723,pyrenaeus,1.3518644801505468e-05,monticola,7.572635527666976e-06,soroeensis,True,True
1337,,CPIE15_0012,/Volumes/EXT DATA/IDMB/derived/Bombus/collection/images/CPIE15_0012_P_2.jpg,soroeensis,0.99998292964555,pyrenaeus,8.480968797689014e-06,monticola,6.556753117736223e-06,soroeensis,True,True
1338,,CPIE15_0012,/Volumes/EXT DATA/IDMB/derived/Bombus/collection/images/CPIE15_0012_S_1.jpg,soroeensis,0.9999808407027293,pyrenaeus,1.534999457237563e-05,pratorum,2.2463871166066438e-06,soroeensis,True,True
1339,,CPIE15_0012,/Volumes/EXT DATA/IDMB/derived/Bombus/collection/images/CPIE15_0012_S_2.jpg,soroeensis,0.9999971258776345,monticola,1.6933374794538064e-06,pyrenaeus,1.1002446311118711e-06,soroeensis,True,True
1340,,CPIE15_0012,/Volumes/EXT DATA/IDMB/derived/Bombus/collection/images/CPIE15_0012_S_3.jpg,soroeensis,0.9999689695194369,pyrenaeus,2.4519445299862817e-05,monticola,4.598104446932047e-06,soroeensis,True,True
1341,,CPIE15_0013,/Volumes/EXT DATA/IDMB/derived/Bombus/collection/images/CPIE15_0013_P_1.jpg,rupestris,0.9998233990402224,sichelii,0.0001305842169065771,lapidarius,4.531416962693144e-05,rupestris,True,True
1342,,CPIE15_0013,/Volumes/EXT DATA/IDMB/derived/Bombus/collection/images/CPIE15_0013_P_2.jpg,rupestris,0.9989600439555999,sichelii,0.0008097507158544548,lapidarius,0.0001206753706752435,rupestris,True,True
1343,,CPIE15_0013,/Volumes/EXT DATA/IDMB/derived/Bombus/collection/images/CPIE15_0013_S_1.jpg,rupestris,0.9995274477181694,ruderarius,0.0002807039404007468,sichelii,0.00012430543904723388,rupestris,True,True
1344,,CPIE15_0013,/Volumes/EXT DATA/IDMB/derived/Bombus/collection/images/CPIE15_0013_S_2.jpg,rupestris,0.99433541699172,ruderarius,0.0050369857752610705,sichelii,0.00036769006700701663,rupestris,True,True
1345,,CPIE15_0013,/Volumes/EXT DATA/IDMB/derived/Bombus/collection/images/CPIE15_0013_S_3.jpg,rupestris,0.999249404110363,ruderarius,0.0006419046855547173,sichelii,7.320697148087883e-05,rupestris,True,True
1346,,CPIE15_0014,/Volumes/EXT DATA/IDMB/derived/Bombus/collection/images/CPIE15_0014_P_1.jpg,rupestris,0.9995605401256832,sichelii,0.0004394464362744921,lapidarius,1.3435837909298708e-08,rupestris,True,True
1347,,CPIE15_0014,/Volumes/EXT DATA/IDMB/derived/Bombus/collection/images/CPIE15_0014_P_2.jpg,rupestris,0.9999618029348447,sichelii,3.819659367221671e-05,lapidarius,4.6497386601429895e-10,rupestris,True,True
1348,,CPIE15_0014,/Volumes/EXT DATA/IDMB/derived/Bombus/collection/images/CPIE15_0014_S_1.jpg,rupestris,0.9972989012332044,sichelii,0.0027009824455330373,lapidarius,1.1626453412958927e-07,rupestris,True,True
1349,,CPIE15_0014,/Volumes/EXT DATA/IDMB/derived/Bombus/collection/images/CPIE15_0014_S_2.jpg,rupestris,0.9850264228586948,sichelii,0.014966504254096064,lapidarius,7.069266475819358e-06,rupestris,True,True
1350,,CPIE15_0014,/Volumes/EXT DATA/IDMB/derived/Bombus/collection/images/CPIE15_0014_S_3.jpg,rupestris,0.9825910411240453,sichelii,0.01740752775116527,lapidarius,1.4174720173953073e-06,rupestris,True,True
1351,,CPIE15_0015,/Volumes/EXT DATA/IDMB/derived/Bombus/collection/images/CPIE15_0015_P_1.jpg,rupestris,0.9999862632678693,sichelii,1.3702887638299992e-05,lapidarius,3.371013549774155e-08,rupestris,True,True
1352,,CPIE15_0015,/Volumes/EXT DATA/IDMB/derived/Bombus/collection/images/CPIE15_0015_P_2.jpg,rupestris,0.9993948460263938,sichelii,0.0005696952208823843,lapidarius,3.5278025269267246e-05,rupestris,True,True
1353,,CPIE15_0015,/Volumes/EXT DATA/IDMB/derived/Bombus/collection/images/CPIE15_0015_S_1.jpg,rupestris,0.9998188983329717,sichelii,0.00017097945358071447,lapidarius,1.0112701320704526e-05,rupestris,True,True
1354,,CPIE15_0015,/Volumes/EXT DATA/IDMB/derived/Bombus/collection/images/CPIE15_0015_S_2.jpg,rupestris,0.9998305125199938,sichelii,0.00016031285144384915,lapidarius,8.015678629184054e-06,rupestris,True,True
1355,,CPIE15_0015,/Volumes/EXT DATA/IDMB/derived/Bombus/collection/images/CPIE15_0015_S_3.jpg,rupestris,0.9999347100862307,sichelii,5.592233931912578e-05,lapidarius,9.288359736853592e-06,rupestris,True,True
1356,,CPIE15_0016,/Volumes/EXT DATA/IDMB/derived/Bombus/collection/images/CPIE15_0016_P_1.jpg,rupestris,0.9999999856921036,sichelii,1.4267214107106967e-08,wurflenii,2.5802096578760774e-11,rupestris,True,True
1357,,CPIE15_0016,/Volumes/EXT DATA/IDMB/derived/Bombus/collection/images/CPIE15_0016_P_2.jpg,rupestris,0.999999977250036,sichelii,1.629963130636937e-08,wurflenii,6.44259561009933e-09,rupestris,True,True
1358,,CPIE15_0016,/Volumes/EXT DATA/IDMB/derived/Bombus/collection/images/CPIE15_0016_S_1.jpg,rupestris,0.9999988175077262,sichelii,1.1543090762505394e-06,pratorum,2.2805826992180364e-08,rupestris,True,True
1359,,CPIE15_0016,/Volumes/EXT DATA/IDMB/derived/Bombus/collection/images/CPIE15_0016_S_2.jpg,rupestris,0.9999999970191975,sichelii,2.9754161904195045e-09,lapidarius,3.240463001383886e-12,rupestris,True,True
1360,,CPIE15_0016,/Volumes/EXT DATA/IDMB/derived/Bombus/collection/images/CPIE15_0016_S_3.jpg,rupestris,0.9999999895769692,sichelii,1.0411833031661617e-08,lapidarius,1.0526946848892344e-11,rupestris,True,True
1361,,CPIE15_0018,/Volumes/EXT DATA/IDMB/derived/Bombus/collection/images/CPIE15_0018_P_2.jpg,rupestris,0.9999999999999973,sichelii,2.5802465757102776e-15,confusus,5.565697540781469e-23,rupestris,True,True
1362,,CPIE15_0018,/Volumes/EXT DATA/IDMB/derived/Bombus/collection/images/CPIE15_0018_S_1.jpg,lucorum,0.9999999996687658,rupestris,3.196927073985392e-10,soroeensis,1.1541374081990303e-11,rupestris,False,True
1363,,CPIE15_0018,/Volumes/EXT DATA/IDMB/derived/Bombus/collection/images/CPIE15_0018_S_3.jpg,confusus,1.0,ruderarius,2.5502217600997334e-70,monticola,1.9217211292521986e-79,rupestris,False,False
1364,,CPIE15_0019,/Volumes/EXT DATA/IDMB/derived/Bombus/collection/images/CPIE15_0019_P_1.jpg,soroeensis,0.9874828659769593,monticola,0.008094645007689118,lapidarius,0.0027996508164501574,soroeensis,True,True
1365,,CPIE15_0019,/Volumes/EXT DATA/IDMB/derived/Bombus/collection/images/CPIE15_0019_P_2.jpg,soroeensis,0.9994734024833697,monticola,0.0003585577259409453,pyrenaeus,7.432290694268638e-05,soroeensis,True,True
1366,,CPIE15_0019,/Volumes/EXT DATA/IDMB/derived/Bombus/collection/images/CPIE15_0019_S_1.jpg,soroeensis,0.9953493740327183,monticola,0.0030423635630851664,lapidarius,0.0008413856448112928,soroeensis,True,True
1367,,CPIE15_0019,/Volumes/EXT DATA/IDMB/derived/Bombus/collection/images/CPIE15_0019_S_2.jpg,soroeensis,0.8473093964220431,monticola,0.14533363724528228,lapidarius,0.006028148113420083,soroeensis,True,True
1368,,CPIE15_0019,/Volumes/EXT DATA/IDMB/derived/Bombus/collection/images/CPIE15_0019_S_3.jpg,soroeensis,0.9987453880279678,monticola,0.0011617009767310095,lapidarius,3.3244657387080646e-05,soroeensis,True,True
1369,,CPIE15_0020,/Volumes/EXT DATA/IDMB/derived/Bombus/collection/images/CPIE15_0020_P_1.jpg,pyrenaeus,0.6946753921820679,soroeensis,0.2975522117953144,pratorum,0.005007863147009251,soroeensis,False,True
1370,,CPIE15_0020,/Volumes/EXT DATA/IDMB/derived/Bombus/collection/images/CPIE15_0020_P_2.jpg,pyrenaeus,0.5297802439187267,soroeensis,0.39721067236202856,monticola,0.06552273020747364,soroeensis,False,True
1371,,CPIE15_0020,/Volumes/EXT DATA/IDMB/derived/Bombus/collection/images/CPIE15_0020_S_1.jpg,soroeensis,0.8630536190131938,pratorum,0.06758769072717333,pyrenaeus,0.06589421278708128,soroeensis,True,True
1372,,CPIE15_0020,/Volumes/EXT DATA/IDMB/derived/Bombus/collection/images/CPIE15_0020_S_2.jpg,soroeensis,0.7312119144974428,pratorum,0.2056221616035124,pyrenaeus,0.0621948459125749,soroeensis,True,True
1373,,CPIE15_0020,/Volumes/EXT DATA/IDMB/derived/Bombus/collection/images/CPIE15_0020_S_3.jpg,soroeensis,0.7705058986810237,pyrenaeus,0.2181938129658497,pratorum,0.006670524404068834,soroeensis,True,True
1374,,CPIE15_0021,/Volumes/EXT DATA/IDMB/derived/Bombus/collection/images/CPIE15_0021_P_1.jpg,soroeensis,0.9997201626606069,lapidarius,0.00018684787275426585,pyrenaeus,4.6719568279307235e-05,soroeensis,True,True
1375,,CPIE15_0021,/Volumes/EXT DATA/IDMB/derived/Bombus/collection/images/CPIE15_0021_P_2.jpg,soroeensis,0.9508335188202038,lapidarius,0.04717224232267088,pyrenaeus,0.0015217556264290272,soroeensis,True,True
1376,,CPIE15_0021,/Volumes/EXT DATA/IDMB/derived/Bombus/collection/images/CPIE15_0021_S_1.jpg,soroeensis,0.9999721488923866,lapidarius,2.103464126031973e-05,pyrenaeus,3.1259039953707135e-06,soroeensis,True,True
1377,,CPIE15_0021,/Volumes/EXT DATA/IDMB/derived/Bombus/collection/images/CPIE15_0021_S_2.jpg,soroeensis,0.9987148871516363,lapidarius,0.0012461061726613022,pyrenaeus,1.7756096141751923e-05,soroeensis,True,True
1378,,CPIE15_0021,/Volumes/EXT DATA/IDMB/derived/Bombus/collection/images/CPIE15_0021_S_3.jpg,soroeensis,0.9999469269832352,lapidarius,4.734475375749671e-05,pyrenaeus,2.9512049897689327e-06,soroeensis,True,True
1379,,CPIE15_0022,/Volumes/EXT DATA/IDMB/derived/Bombus/collection/images/CPIE15_0022_P_1.jpg,soroeensis,0.995560286661404,pyrenaeus,0.0016462812686023653,lapidarius,0.0015183083727590618,soroeensis,True,True
1380,,CPIE15_0022,/Volumes/EXT DATA/IDMB/derived/Bombus/collection/images/CPIE15_0022_P_2.jpg,soroeensis,0.999424839446389,sichelii,0.00028585858893489917,pyrenaeus,0.00024750751071925394,soroeensis,True,True
1381,,CPIE15_0022,/Volumes/EXT DATA/IDMB/derived/Bombus/collection/images/CPIE15_0022_S_1.jpg,soroeensis,0.9998575355586252,lapidarius,6.311056775110965e-05,pratorum,5.7394282216725425e-05,soroeensis,True,True
1382,,CPIE15_0022,/Volumes/EXT DATA/IDMB/derived/Bombus/collection/images/CPIE15_0022_S_3.jpg,soroeensis,0.9967821327459713,lapidarius,0.002681895102824609,sichelii,0.00027219049439049594,soroeensis,True,True
1383,,CPIE15_0023,/Volumes/EXT DATA/IDMB/derived/Bombus/collection/images/CPIE15_0023_P_1.jpg,soroeensis,0.8979570590542039,pratorum,0.10197900148566107,pyrenaeus,5.9489591643991576e-05,soroeensis,True,True
1384,,CPIE15_0023,/Volumes/EXT DATA/IDMB/derived/Bombus/collection/images/CPIE15_0023_P_2.jpg,soroeensis,0.9018435977207422,pratorum,0.09793802572602756,pyrenaeus,0.00018850152988772746,soroeensis,True,True
1385,,CPIE15_0023,/Volumes/EXT DATA/IDMB/derived/Bombus/collection/images/CPIE15_0023_S_1.jpg,soroeensis,0.9785620295629438,pratorum,0.02141484747710207,pyrenaeus,1.2263057859537094e-05,soroeensis,True,True
1386,,CPIE15_0023,/Volumes/EXT DATA/IDMB/derived/Bombus/collection/images/CPIE15_0023_S_2.jpg,soroeensis,0.8023391143141374,pratorum,0.19762351234787423,pyrenaeus,3.571830004826667e-05,soroeensis,True,True
1387,,CPIE15_0023,/Volumes/EXT DATA/IDMB/derived/Bombus/collection/images/CPIE15_0023_S_3.jpg,soroeensis,0.9134176323332829,pratorum,0.08657278236108287,pyrenaeus,7.70030670268798e-06,soroeensis,True,True
1388,,CPIE15_0024,/Volumes/EXT DATA/IDMB/derived/Bombus/collection/images/CPIE15_0024_P_1.jpg,soroeensis,0.9999155091949221,pratorum,5.275938405625182e-05,pyrenaeus,2.2955077003418452e-05,soroeensis,True,True
1389,,CPIE15_0024,/Volumes/EXT DATA/IDMB/derived/Bombus/collection/images/CPIE15_0024_P_2.jpg,soroeensis,0.9999916268882248,pratorum,3.6332356064625003e-06,pyrenaeus,3.477194299710571e-06,soroeensis,True,True
1390,,CPIE15_0024,/Volumes/EXT DATA/IDMB/derived/Bombus/collection/images/CPIE15_0024_S_1.jpg,soroeensis,0.9998340988596343,pratorum,0.00016535518520010555,pyrenaeus,4.237163735350608e-07,soroeensis,True,True
1391,,CPIE15_0024,/Volumes/EXT DATA/IDMB/derived/Bombus/collection/images/CPIE15_0024_S_2.jpg,soroeensis,0.9999054323524753,pratorum,9.421962678882282e-05,lapidarius,2.0241465675754699e-07,soroeensis,True,True
1392,,CPIE15_0024,/Volumes/EXT DATA/IDMB/derived/Bombus/collection/images/CPIE15_0024_S_3.jpg,soroeensis,0.9996178626048334,pratorum,0.0003774725691920741,pyrenaeus,2.652491006390225e-06,soroeensis,True,True
1393,,CPIE15_0025,/Volumes/EXT DATA/IDMB/derived/Bombus/collection/images/CPIE15_0025_P_1.jpg,rupestris,0.9999999999996669,sichelii,3.1212064820617196e-13,lapidarius,2.0814986781599712e-14,rupestris,True,True
1394,,CPIE15_0025,/Volumes/EXT DATA/IDMB/derived/Bombus/collection/images/CPIE15_0025_P_2.jpg,rupestris,0.9999999999999929,sichelii,6.913377563329445e-15,lapidarius,1.4659464778300997e-16,rupestris,True,True
1395,,CPIE15_0025,/Volumes/EXT DATA/IDMB/derived/Bombus/collection/images/CPIE15_0025_S_1.jpg,rupestris,0.9999999999999933,sichelii,5.698229945045967e-15,lapidarius,7.998838269353077e-16,rupestris,True,True
1396,,CPIE15_0025,/Volumes/EXT DATA/IDMB/derived/Bombus/collection/images/CPIE15_0025_S_3.jpg,rupestris,0.9999999999999916,sichelii,8.051259463032487e-15,lapidarius,5.047937364899306e-16,rupestris,True,True
1397,,CPIE15_0026,/Volumes/EXT DATA/IDMB/derived/Bombus/collection/images/CPIE15_0026_P_1.jpg,rupestris,0.999999474707327,sichelii,5.238297814368406e-07,lapidarius,1.3709307572024092e-09,rupestris,True,True
1398,,CPIE15_0026,/Volumes/EXT DATA/IDMB/derived/Bombus/collection/images/CPIE15_0026_P_2.jpg,rupestris,0.9999972984483003,sichelii,2.566039339787689e-06,wurflenii,1.2346087752539408e-07,rupestris,True,True
1399,,CPIE15_0026,/Volumes/EXT DATA/IDMB/derived/Bombus/collection/images/CPIE15_0026_S_1.jpg,rupestris,0.9999993375554731,sichelii,6.605042840839077e-07,wurflenii,1.4385241632510597e-09,rupestris,True,True
1400,,CPIE15_0026,/Volumes/EXT DATA/IDMB/derived/Bombus/collection/images/CPIE15_0026_S_2.jpg,rupestris,0.9999842029560836,sichelii,1.5781061506380006e-05,lapidarius,1.5215147960673562e-08,rupestris,True,True
1401,,CPIE15_0026,/Volumes/EXT DATA/IDMB/derived/Bombus/collection/images/CPIE15_0026_S_3.jpg,rupestris,0.9999883081218776,sichelii,1.1664427894748824e-05,wurflenii,2.266846416991083e-08,rupestris,True,True
1402,,CPIE15_0027,/Volumes/EXT DATA/IDMB/derived/Bombus/collection/images/CPIE15_0027_P_1.jpg,sylvarum,0.9921959754136105,ruderarius,0.007794801004877798,pratorum,9.138166782813811e-06,sylvarum,True,True
1403,,CPIE15_0027,/Volumes/EXT DATA/IDMB/derived/Bombus/collection/images/CPIE15_0027_P_2.jpg,sylvarum,0.9965931812173117,ruderarius,0.003397687274909854,pratorum,8.892261727842436e-06,sylvarum,True,True
1404,,CPIE15_0027,/Volumes/EXT DATA/IDMB/derived/Bombus/collection/images/CPIE15_0027_S_1.jpg,sylvarum,0.9854358325745372,ruderarius,0.014448356579269158,pratorum,0.00011567814997759459,sylvarum,True,True
1405,,CPIE15_0027,/Volumes/EXT DATA/IDMB/derived/Bombus/collection/images/CPIE15_0027_S_2.jpg,sylvarum,0.9975935538977245,ruderarius,0.002374534437271151,pratorum,3.174228604049591e-05,sylvarum,True,True
1406,,CPIE15_0027,/Volumes/EXT DATA/IDMB/derived/Bombus/collection/images/CPIE15_0027_S_3.jpg,sylvarum,0.9802202457296744,ruderarius,0.019751062929041895,pratorum,2.8439028900252468e-05,sylvarum,True,True
1407,,CPIE15_0028,/Volumes/EXT DATA/IDMB/derived/Bombus/collection/images/CPIE15_0028_P_1.jpg,sylvarum,0.999836216734553,ruderarius,0.00015459477076650672,pomorum,9.167125345101972e-06,sylvarum,True,True
1408,,CPIE15_0028,/Volumes/EXT DATA/IDMB/derived/Bombus/collection/images/CPIE15_0028_P_2.jpg,sylvarum,0.9997665518847318,ruderarius,0.00022891249574820465,pomorum,4.478941338443418e-06,sylvarum,True,True
1409,,CPIE15_0028,/Volumes/EXT DATA/IDMB/derived/Bombus/collection/images/CPIE15_0028_S_1.jpg,sylvarum,0.9999718797645016,ruderarius,2.7364849993985727e-05,pomorum,7.552024010275499e-07,sylvarum,True,True
1410,,CPIE15_0028,/Volumes/EXT DATA/IDMB/derived/Bombus/collection/images/CPIE15_0028_S_2.jpg,sylvarum,0.9996303629214998,ruderarius,0.0003646342916968636,pomorum,5.0023878651098645e-06,sylvarum,True,True
1411,,CPIE15_0028,/Volumes/EXT DATA/IDMB/derived/Bombus/collection/images/CPIE15_0028_S_3.jpg,sylvarum,0.9978107767217513,ruderarius,0.0020762716501980067,pomorum,0.00011248311763556215,sylvarum,True,True
1412,,CPIE15_0029,/Volumes/EXT DATA/IDMB/derived/Bombus/collection/images/CPIE15_0029_P_1.jpg,sylvarum,0.9999116391209373,pomorum,4.799452792674201e-05,ruderarius,4.003585662978086e-05,sylvarum,True,True
1413,,CPIE15_0029,/Volumes/EXT DATA/IDMB/derived/Bombus/collection/images/CPIE15_0029_P_2.jpg,sylvarum,0.9997651000322646,ruderarius,0.00014871349731307844,pomorum,8.614961422069323e-05,sylvarum,True,True
1414,,CPIE15_0029,/Volumes/EXT DATA/IDMB/derived/Bombus/collection/images/CPIE15_0029_S_1.jpg,sylvarum,0.9988652313657093,pomorum,0.0009929494597490235,ruderarius,0.00014177191594107145,sylvarum,True,True
1415,,CPIE15_0029,/Volumes/EXT DATA/IDMB/derived/Bombus/collection/images/CPIE15_0029_S_2.jpg,sylvarum,0.9982289820830793,pomorum,0.0012265599584400393,ruderarius,0.0005444018413728796,sylvarum,True,True
1416,,CPIE15_0029,/Volumes/EXT DATA/IDMB/derived/Bombus/collection/images/CPIE15_0029_S_3.jpg,sylvarum,0.9975035099209103,ruderarius,0.0019170236987448768,pomorum,0.0005785043906778906,sylvarum,True,True
1417,,CPIE15_0030,/Volumes/EXT DATA/IDMB/derived/Bombus/collection/images/CPIE15_0030_P_1.jpg,sylvarum,0.67493863748558,ruderarius,0.32115784010553555,pomorum,0.0037641339471093252,sylvarum,True,True
1418,,CPIE15_0030,/Volumes/EXT DATA/IDMB/derived/Bombus/collection/images/CPIE15_0030_P_2.jpg,sylvarum,0.9730763489353369,ruderarius,0.026125947066996804,pomorum,0.0007253795855708902,sylvarum,True,True
1419,,CPIE15_0030,/Volumes/EXT DATA/IDMB/derived/Bombus/collection/images/CPIE15_0030_S_1.jpg,ruderarius,0.8599038138320843,sylvarum,0.13955270725041188,pomorum,0.000537889671223174,sylvarum,False,True
1420,,CPIE15_0030,/Volumes/EXT DATA/IDMB/derived/Bombus/collection/images/CPIE15_0030_S_2.jpg,sylvarum,0.9340590588137702,ruderarius,0.06577130652935156,pomorum,0.00016919744137752416,sylvarum,True,True
1421,,CPIE15_0030,/Volumes/EXT DATA/IDMB/derived/Bombus/collection/images/CPIE15_0030_S_3.jpg,sylvarum,0.9752633228619627,ruderarius,0.02463934885090096,pomorum,9.69279176484832e-05,sylvarum,True,True
1422,,CPIE15_0031,/Volumes/EXT DATA/IDMB/derived/Bombus/collection/images/CPIE15_0031_P_1.jpg,confusus,1.0,monticola,1.4937746136158598e-19,pyrenaeus,1.5707749510977637e-21,confusus,True,True
1423,,CPIE15_0031,/Volumes/EXT DATA/IDMB/derived/Bombus/collection/images/CPIE15_0031_P_2.jpg,confusus,1.0,monticola,1.2819045764328493e-22,sichelii,6.1011095027197065e-25,confusus,True,True
1424,,CPIE15_0031,/Volumes/EXT DATA/IDMB/derived/Bombus/collection/images/CPIE15_0031_S_1.jpg,confusus,1.0,monticola,5.554584377242332e-22,pyrenaeus,1.9017796341827084e-24,confusus,True,True
1425,,CPIE15_0031,/Volumes/EXT DATA/IDMB/derived/Bombus/collection/images/CPIE15_0031_S_2.jpg,confusus,1.0,monticola,1.1717971094329152e-20,soroeensis,9.219423506882007e-23,confusus,True,True
1426,,CPIE15_0031,/Volumes/EXT DATA/IDMB/derived/Bombus/collection/images/CPIE15_0031_S_3.jpg,confusus,1.0,monticola,1.5486351535051095e-22,pyrenaeus,1.0553474630192073e-24,confusus,True,True
1427,,CPIE15_0032,/Volumes/EXT DATA/IDMB/derived/Bombus/collection/images/CPIE15_0032_P_1.jpg,confusus,0.9999999999999609,monticola,3.910049585136844e-14,sichelii,2.2608266472633227e-23,confusus,True,True
1428,,CPIE15_0032,/Volumes/EXT DATA/IDMB/derived/Bombus/collection/images/CPIE15_0032_P_2.jpg,confusus,0.999999999999994,monticola,6.030824630806096e-15,sichelii,9.859875328411425e-23,confusus,True,True
1429,,CPIE15_0032,/Volumes/EXT DATA/IDMB/derived/Bombus/collection/images/CPIE15_0032_S_1.jpg,confusus,0.9999999999999893,monticola,1.0703803479765572e-14,soroeensis,9.19793734918688e-24,confusus,True,True
1430,,CPIE15_0032,/Volumes/EXT DATA/IDMB/derived/Bombus/collection/images/CPIE15_0032_S_2.jpg,confusus,1.0,monticola,2.4257297317489694e-18,sichelii,1.8400857911707523e-26,confusus,True,True
1431,,CPIE15_0032,/Volumes/EXT DATA/IDMB/derived/Bombus/collection/images/CPIE15_0032_S_3.jpg,confusus,0.9999999999999971,monticola,2.901076994674684e-15,soroeensis,4.179946937034667e-23,confusus,True,True
1432,,IEESZ_0004,/Volumes/EXT DATA/IDMB/derived/Bombus/collection/images/IEESZ_0004_P_1.jpg,pratorum,0.9999921088410784,lucorum,7.7421496465938e-06,pyrenaeus,1.1003669549819357e-07,pratorum,True,True
1433,,IEESZ_0004,/Volumes/EXT DATA/IDMB/derived/Bombus/collection/images/IEESZ_0004_P_2.jpg,pratorum,0.9999916452691338,lucorum,5.783759370012232e-06,soroeensis,2.424986619420691e-06,pratorum,True,True
1434,,IEESZ_0004,/Volumes/EXT DATA/IDMB/derived/Bombus/collection/images/IEESZ_0004_P_3.jpg,pratorum,0.9999471597349421,lapidarius,2.3387480067861388e-05,soroeensis,1.4572809957953221e-05,pratorum,True,True
1435,,IEESZ_0004,/Volumes/EXT DATA/IDMB/derived/Bombus/collection/images/IEESZ_0004_P_4.jpg,pratorum,0.9999992073903522,lucorum,7.553044190238274e-07,soroeensis,2.65407807975832e-08,pratorum,True,True
1436,,IEESZ_0004,/Volumes/EXT DATA/IDMB/derived/Bombus/collection/images/IEESZ_0004_P_5.jpg,pratorum,0.9868208090987837,soroeensis,0.013069670380485328,pyrenaeus,5.874266204317948e-05,pratorum,True,True
1437,,IEESZ_0004,/Volumes/EXT DATA/IDMB/derived/Bombus/collection/images/IEESZ_0004_S_1.jpg,pratorum,0.9996966741443303,lucorum,0.0002859197950540227,pyrenaeus,1.277725232849118e-05,pratorum,True,True
1438,,IEESZ_0004,/Volumes/EXT DATA/IDMB/derived/Bombus/collection/images/IEESZ_0004_S_2.jpg,pratorum,0.9997983165967526,lucorum,0.00019592718145327275,soroeensis,3.36133078403732e-06,pratorum,True,True
1439,,IEESZ_0004,/Volumes/EXT DATA/IDMB/derived/Bombus/collection/images/IEESZ_0004_S_3.jpg,pratorum,0.9998331626863824,lucorum,0.00016578546565566084,soroeensis,9.772812661364557e-07,pratorum,True,True
1440,,IEESZ_0004,/Volumes/EXT DATA/IDMB/derived/Bombus/collection/images/IEESZ_0004_S_4.jpg,pratorum,0.9999460154010423,lucorum,3.4731250114386305e-05,soroeensis,1.3654820165511901e-05,pratorum,True,True
1441,,IEESZ_0004,/Volumes/EXT DATA/IDMB/derived/Bombus/collection/images/IEESZ_0004_S_5.jpg,pratorum,0.9999984205824869,lucorum,1.1747749932315299e-06,soroeensis,3.301545086373904e-07,pratorum,True,True
1442,,IEESZ_0019,/Volumes/EXT DATA/IDMB/derived/Bombus/collection/images/IEESZ_0019_P_2.jpg,pratorum,0.9942572618813348,pyrenaeus,0.005363688822269742,soroeensis,0.0003674867062869737,pratorum,True,True
1443,,IEESZ_0019,/Volumes/EXT DATA/IDMB/derived/Bombus/collection/images/IEESZ_0019_P_3.jpg,pratorum,0.9047228177015015,pyrenaeus,0.04990279324210431,soroeensis,0.04531600848150695,pratorum,True,True
1444,,IEESZ_0019,/Volumes/EXT DATA/IDMB/derived/Bombus/collection/images/IEESZ_0019_S_1.jpg,pratorum,0.941461109081101,pyrenaeus,0.05679324954010552,soroeensis,0.0016209889653036227,pratorum,True,True
1445,,IEESZ_0019,/Volumes/EXT DATA/IDMB/derived/Bombus/collection/images/IEESZ_0019_S_2.jpg,pratorum,0.999575896948737,soroeensis,0.00023641014492112384,pyrenaeus,0.00018622721441181574,pratorum,True,True
1446,,IEESZ_0019,/Volumes/EXT DATA/IDMB/derived/Bombus/collection/images/IEESZ_0019_S_3.jpg,pratorum,0.9507072809213579,pyrenaeus,0.048774195524256776,soroeensis,0.0005102013870080118,pratorum,True,True
1447,,IEESZ_0042,/Volumes/EXT DATA/IDMB/derived/Bombus/collection/images/IEESZ_0042_P_1.jpg,pratorum,0.9999719962922304,pyrenaeus,1.92801875471095e-05,sylvarum,7.832233042684079e-06,pratorum,True,True
1448,,IEESZ_0042,/Volumes/EXT DATA/IDMB/derived/Bombus/collection/images/IEESZ_0042_P_2.jpg,pratorum,0.9999943308588278,lucorum,5.446792295441391e-06,pyrenaeus,1.860748681785554e-07,pratorum,True,True
1449,,IEESZ_0042,/Volumes/EXT DATA/IDMB/derived/Bombus/collection/images/IEESZ_0042_P_3.jpg,pratorum,0.9999925358756078,sylvarum,5.516336774767975e-06,pyrenaeus,1.5188442256899456e-06,pratorum,True,True
1450,,IEESZ_0042,/Volumes/EXT DATA/IDMB/derived/Bombus/collection/images/IEESZ_0042_P_4.jpg,pratorum,0.9999989723159383,sylvarum,1.0124036331563565e-06,pyrenaeus,8.72221657576843e-09,pratorum,True,True
1451,,IEESZ_0042,/Volumes/EXT DATA/IDMB/derived/Bombus/collection/images/IEESZ_0042_P_5.jpg,pratorum,0.9999038960469022,sylvarum,7.599216663099706e-05,pyrenaeus,1.3218065289056679e-05,pratorum,True,True
1452,,IEESZ_0042,/Volumes/EXT DATA/IDMB/derived/Bombus/collection/images/IEESZ_0042_S_1.jpg,pratorum,0.9999700024625835,pyrenaeus,2.9280072609772183e-05,sylvarum,3.116744954779686e-07,pratorum,True,True
1453,,IEESZ_0042,/Volumes/EXT DATA/IDMB/derived/Bombus/collection/images/IEESZ_0042_S_2.jpg,pratorum,0.9999997406031758,sylvarum,1.4975412938977325e-07,pyrenaeus,8.555985296546716e-08,pratorum,True,True
1454,,IEESZ_0042,/Volumes/EXT DATA/IDMB/derived/Bombus/collection/images/IEESZ_0042_S_3.jpg,pratorum,0.9999751091618831,sylvarum,2.250229129621547e-05,pyrenaeus,1.3525242551726397e-06,pratorum,True,True
1455,,IEESZ_0042,/Volumes/EXT DATA/IDMB/derived/Bombus/collection/images/IEESZ_0042_S_4.jpg,pratorum,0.999991393151981,lucorum,7.476122055955679e-06,sylvarum,9.548180215280801e-07,pratorum,True,True
1456,,IEESZ_0042,/Volumes/EXT DATA/IDMB/derived/Bombus/collection/images/IEESZ_0042_S_5.jpg,pratorum,0.9999896349407942,sylvarum,8.228646477567337e-06,lucorum,1.9254432747268346e-06,pratorum,True,True
1457,,IEESZ_0043,/Volumes/EXT DATA/IDMB/derived/Bombus/collection/images/IEESZ_0043_P_1.jpg,pratorum,0.9997264551571331,pyrenaeus,0.00020467001704882766,wurflenii,4.833919716876912e-05,pratorum,True,True
1458,,IEESZ_0043,/Volumes/EXT DATA/IDMB/derived/Bombus/collection/images/IEESZ_0043_P_2.jpg,pratorum,0.9999982833649356,pyrenaeus,9.293851663018073e-07,wurflenii,3.7886610333729165e-07,pratorum,True,True
1459,,IEESZ_0043,/Volumes/EXT DATA/IDMB/derived/Bombus/collection/images/IEESZ_0043_P_3.jpg,pratorum,0.999793019352924,pyrenaeus,0.00017735005701611885,wurflenii,2.1554845784257647e-05,pratorum,True,True
1460,,IEESZ_0043,/Volumes/EXT DATA/IDMB/derived/Bombus/collection/images/IEESZ_0043_P_4.jpg,pratorum,0.9994349800933364,pyrenaeus,0.0005413437618932216,soroeensis,1.2800213936395444e-05,pratorum,True,True
1461,,IEESZ_0043,/Volumes/EXT DATA/IDMB/derived/Bombus/collection/images/IEESZ_0043_P_5.jpg,pratorum,0.9999714170865226,pyrenaeus,2.0960705291640773e-05,wurflenii,5.608115289690078e-06,pratorum,True,True
1462,,IEESZ_0043,/Volumes/EXT DATA/IDMB/derived/Bombus/collection/images/IEESZ_0043_S_1.jpg,pratorum,0.9725724402102063,pyrenaeus,0.027032196346667065,soroeensis,0.0001930322893791321,pratorum,True,True
1463,,IEESZ_0043,/Volumes/EXT DATA/IDMB/derived/Bombus/collection/images/IEESZ_0043_S_2.jpg,pratorum,0.9987690225528362,pyrenaeus,0.0005998533157137378,lapidarius,0.00038641693699465796,pratorum,True,True
1464,,IEESZ_0043,/Volumes/EXT DATA/IDMB/derived/Bombus/collection/images/IEESZ_0043_S_3.jpg,pratorum,0.9993991022651719,pyrenaeus,0.00024672990567810196,soroeensis,0.00023290734127123626,pratorum,True,True
1465,,IEESZ_0043,/Volumes/EXT DATA/IDMB/derived/Bombus/collection/images/IEESZ_0043_S_4.jpg,pratorum,0.9984453804862853,wurflenii,0.0014323163873092197,pyrenaeus,7.924938297510103e-05,pratorum,True,True
1466,,IEESZ_0043,/Volumes/EXT DATA/IDMB/derived/Bombus/collection/images/IEESZ_0043_S_5.jpg,pratorum,0.9992739220226203,pyrenaeus,0.00045113296562933667,lapidarius,0.00011551595583212059,pratorum,True,True
1467,,IEESZ_0048,/Volumes/EXT DATA/IDMB/derived/Bombus/collection/images/IEESZ_0048_P_1.jpg,pratorum,0.9999983916287041,pyrenaeus,1.2935475833815827e-06,lucorum,1.5850065319390128e-07,pratorum,True,True
1468,,IEESZ_0048,/Volumes/EXT DATA/IDMB/derived/Bombus/collection/images/IEESZ_0048_P_2.jpg,pratorum,0.9999984806759263,soroeensis,1.0589054506002226e-06,pyrenaeus,4.475022897753001e-07,pratorum,True,True
1469,,IEESZ_0048,/Volumes/EXT DATA/IDMB/derived/Bombus/collection/images/IEESZ_0048_P_3.jpg,pratorum,0.9999913881667831,pyrenaeus,7.262814529609993e-06,lucorum,9.364515013089146e-07,pratorum,True,True
1470,,IEESZ_0048,/Volumes/EXT DATA/IDMB/derived/Bombus/collection/images/IEESZ_0048_S_1.jpg,pratorum,0.9999996820996744,pyrenaeus,1.9552619621970184e-07,soroeensis,1.1716376338099835e-07,pratorum,True,True
1471,,IEESZ_0048,/Volumes/EXT DATA/IDMB/derived/Bombus/collection/images/IEESZ_0048_S_2.jpg,pratorum,0.9999764187967555,soroeensis,1.1846651721800107e-05,pyrenaeus,1.1648678392080652e-05,pratorum,True,True
1472,,IEESZ_0048,/Volumes/EXT DATA/IDMB/derived/Bombus/collection/images/IEESZ_0048_S_3.jpg,pratorum,0.9999916658737462,pyrenaeus,6.544628311407144e-06,soroeensis,1.7481425535972532e-06,pratorum,True,True
1473,,IEESZ_0063,/Volumes/EXT DATA/IDMB/derived/Bombus/collection/images/IEESZ_0063_P_1.jpg,pratorum,0.9999805367019935,soroeensis,1.9119180853455795e-05,pyrenaeus,2.8020266872342805e-07,pratorum,True,True
1474,,IEESZ_0063,/Volumes/EXT DATA/IDMB/derived/Bombus/collection/images/IEESZ_0063_P_2.jpg,pratorum,0.9999827073097083,pomorum,7.588784124476661e-06,sichelii,4.9590854127582255e-06,pratorum,True,True
1475,,IEESZ_0063,/Volumes/EXT DATA/IDMB/derived/Bombus/collection/images/IEESZ_0063_P_3.jpg,pratorum,0.9999747136430012,pyrenaeus,2.092091601031563e-05,soroeensis,4.30187611297372e-06,pratorum,True,True
1476,,IEESZ_0063,/Volumes/EXT DATA/IDMB/derived/Bombus/collection/images/IEESZ_0063_P_4.jpg,pratorum,0.9999755809008122,soroeensis,2.1115194444231248e-05,pyrenaeus,3.1485659515016346e-06,pratorum,True,True
1477,,IEESZ_0063,/Volumes/EXT DATA/IDMB/derived/Bombus/collection/images/IEESZ_0063_P_5.jpg,pratorum,0.99995377605834,soroeensis,2.4931407141510914e-05,pyrenaeus,1.9764389309671048e-05,pratorum,True,True
1478,,IEESZ_0063,/Volumes/EXT DATA/IDMB/derived/Bombus/collection/images/IEESZ_0063_S_1.jpg,pratorum,0.9999753032883033,soroeensis,1.420072865246989e-05,monticola,5.7342926163050765e-06,pratorum,True,True
1479,,IEESZ_0063,/Volumes/EXT DATA/IDMB/derived/Bombus/collection/images/IEESZ_0063_S_2.jpg,pratorum,0.9996758624727511,soroeensis,0.0002576640288570402,pyrenaeus,4.575035426109292e-05,pratorum,True,True
1480,,IEESZ_0063,/Volumes/EXT DATA/IDMB/derived/Bombus/collection/images/IEESZ_0063_S_3.jpg,pratorum,0.9999371689650429,sichelii,2.5101025665597464e-05,soroeensis,1.795240126193436e-05,pratorum,True,True
1481,,IEESZ_0063,/Volumes/EXT DATA/IDMB/derived/Bombus/collection/images/IEESZ_0063_S_5.jpg,pratorum,0.9999873032860702,soroeensis,1.0295645247671566e-05,pyrenaeus,1.617391545929875e-06,pratorum,True,True
1482,,IEESZ_0072,/Volumes/EXT DATA/IDMB/derived/Bombus/collection/images/IEESZ_0072_P_1.jpg,lapidarius,0.9473358325302769,soroeensis,0.027431561497410183,sichelii,0.018720255339141477,pratorum,False,False
1483,,IEESZ_0072,/Volumes/EXT DATA/IDMB/derived/Bombus/collection/images/IEESZ_0072_P_2.jpg,lapidarius,0.9220067288518788,soroeensis,0.07125684565783515,sichelii,0.004999326746700739,pratorum,False,False
1484,,IEESZ_0072,/Volumes/EXT DATA/IDMB/derived/Bombus/collection/images/IEESZ_0072_P_3.jpg,lapidarius,0.7525795871939516,sichelii,0.24571162752354697,soroeensis,0.0007757895297799944,pratorum,False,False
1485,,IEESZ_0072,/Volumes/EXT DATA/IDMB/derived/Bombus/collection/images/IEESZ_0072_P_4.jpg,lapidarius,0.97399182737936,soroeensis,0.011950175559966976,sichelii,0.009636543688276801,pratorum,False,False
1486,,IEESZ_0072,/Volumes/EXT DATA/IDMB/derived/Bombus/collection/images/IEESZ_0072_P_5.jpg,soroeensis,0.754935285663774,pyrenaeus,0.13276808383241764,lapidarius,0.0934852372320578,pratorum,False,False
1487,,IEESZ_0072,/Volumes/EXT DATA/IDMB/derived/Bombus/collection/images/IEESZ_0072_S_1.jpg,lapidarius,0.8872441982604846,soroeensis,0.0632690101233567,sichelii,0.04941681519585899,pratorum,False,False
1488,,IEESZ_0072,/Volumes/EXT DATA/IDMB/derived/Bombus/collection/images/IEESZ_0072_S_2.jpg,lapidarius,0.9582271740369006,sichelii,0.0401943869426214,soroeensis,0.001575942500519858,pratorum,False,False
1489,,IEESZ_0072,/Volumes/EXT DATA/IDMB/derived/Bombus/collection/images/IEESZ_0072_S_3.jpg,soroeensis,0.7422864485059446,lapidarius,0.13591008235647362,sichelii,0.1212811614153178,pratorum,False,False
1490,,IEESZ_0072,/Volumes/EXT DATA/IDMB/derived/Bombus/collection/images/IEESZ_0072_S_4.jpg,lapidarius,0.8205605057693443,sichelii,0.16372174473556741,soroeensis,0.015682534959880957,pratorum,False,False
1491,,IEESZ_0072,/Volumes/EXT DATA/IDMB/derived/Bombus/collection/images/IEESZ_0072_S_5.jpg,lapidarius,0.8552627845805032,soroeensis,0.1034589435955232,sichelii,0.04111691827899054,pratorum,False,False
1492,,ISSERTES_0001,/Volumes/EXT DATA/IDMB/derived/Bombus/collection/images/ISSERTES_0001_P_1.jpg,wurflenii,0.9896877181739114,sichelii,0.01020447643002859,lapidarius,8.934373326345011e-05,wurflenii,True,True
1493,,ISSERTES_0001,/Volumes/EXT DATA/IDMB/derived/Bombus/collection/images/ISSERTES_0001_P_2.jpg,wurflenii,0.999979662136141,sichelii,1.5801619379024428e-05,ruderarius,2.135852974683377e-06,wurflenii,True,True
1494,,ISSERTES_0001,/Volumes/EXT DATA/IDMB/derived/Bombus/collection/images/ISSERTES_0001_S_1.jpg,wurflenii,0.999967558696822,sichelii,2.861110959622662e-05,ruderarius,1.7145892790397464e-06,wurflenii,True,True
1495,,ISSERTES_0001,/Volumes/EXT DATA/IDMB/derived/Bombus/collection/images/ISSERTES_0001_S_2.jpg,wurflenii,0.9995408397387016,sichelii,0.00045055428373582643,lapidarius,7.989610077202364e-06,wurflenii,True,True
1496,,ISSERTES_0001,/Volumes/EXT DATA/IDMB/derived/Bombus/collection/images/ISSERTES_0001_S_3.jpg,wurflenii,0.9998842181170647,pomorum,0.0001078388120697684,sichelii,4.461223601610756e-06,wurflenii,True,True
1497,,ISSERTES_0002,/Volumes/EXT DATA/IDMB/derived/Bombus/collection/images/ISSERTES_0002_P_1.jpg,wurflenii,0.9999080337189703,lapidarius,5.116275031595636e-05,sichelii,4.0720736463191175e-05,wurflenii,True,True
1498,,ISSERTES_0002,/Volumes/EXT DATA/IDMB/derived/Bombus/collection/images/ISSERTES_0002_P_2.jpg,wurflenii,0.9999869149536892,sichelii,9.415114134180665e-06,lapidarius,3.6687156216451367e-06,wurflenii,True,True
1499,,ISSERTES_0002,/Volumes/EXT DATA/IDMB/derived/Bombus/collection/images/ISSERTES_0002_S_1.jpg,wurflenii,0.9997609912936718,lapidarius,0.00023122884207574696,sichelii,7.6874335625413e-06,wurflenii,True,True
1500,,ISSERTES_0002,/Volumes/EXT DATA/IDMB/derived/Bombus/collection/images/ISSERTES_0002_S_2.jpg,wurflenii,0.9999873826778922,lapidarius,1.0800811706228138e-05,sichelii,1.6706544940002112e-06,wurflenii,True,True
1501,,ISSERTES_0002,/Volumes/EXT DATA/IDMB/derived/Bombus/collection/images/ISSERTES_0002_S_3.jpg,wurflenii,0.9999992471128585,lapidarius,5.309053426266997e-07,sichelii,1.433227092800827e-07,wurflenii,True,True
1502,,ISSERTES_0004,/Volumes/EXT DATA/IDMB/derived/Bombus/collection/images/ISSERTES_0004_P_1.jpg,pomorum,0.9999991002026044,sylvarum,7.887775629085104e-07,pyrenaeus,7.785251675436661e-08,pomorum,True,True
1503,,ISSERTES_0004,/Volumes/EXT DATA/IDMB/derived/Bombus/collection/images/ISSERTES_0004_P_2.jpg,pomorum,0.9999980428870612,sylvarum,1.8476345998733352e-06,ruderarius,1.0135008630555758e-07,pomorum,True,True
1504,,ISSERTES_0004,/Volumes/EXT DATA/IDMB/derived/Bombus/collection/images/ISSERTES_0004_S_1.jpg,pomorum,0.999998895833539,sylvarum,9.95668627373264e-07,ruderarius,8.447695322697755e-08,pomorum,True,True
1505,,ISSERTES_0004,/Volumes/EXT DATA/IDMB/derived/Bombus/collection/images/ISSERTES_0004_S_2.jpg,pomorum,0.9999994448251639,sylvarum,4.6531230097111253e-07,ruderarius,8.076729208644715e-08,pomorum,True,True
1506,,ISSERTES_0004,/Volumes/EXT DATA/IDMB/derived/Bombus/collection/images/ISSERTES_0004_S_3.jpg,pomorum,0.9999959778134114,sylvarum,3.678689951281545e-06,ruderarius,3.328646638983242e-07,pomorum,True,True
1507,,ISSERTES_0005,/Volumes/EXT DATA/IDMB/derived/Bombus/collection/images/ISSERTES_0005_P_1.jpg,wurflenii,0.9407401455489771,sichelii,0.0496737651285648,lapidarius,0.004836076588983132,wurflenii,True,True
1508,,ISSERTES_0005,/Volumes/EXT DATA/IDMB/derived/Bombus/collection/images/ISSERTES_0005_P_2.jpg,wurflenii,0.9773520559481704,sichelii,0.013265742637267357,pyrenaeus,0.008495098710073111,wurflenii,True,True
1509,,ISSERTES_0005,/Volumes/EXT DATA/IDMB/derived/Bombus/collection/images/ISSERTES_0005_S_1.jpg,wurflenii,0.8408944221874101,sichelii,0.11398155706064116,lapidarius,0.027477378589264204,wurflenii,True,True
1510,,ISSERTES_0005,/Volumes/EXT DATA/IDMB/derived/Bombus/collection/images/ISSERTES_0005_S_2.jpg,soroeensis,0.6233952771618193,wurflenii,0.2589501151813114,pyrenaeus,0.07360035955050537,wurflenii,False,True
1511,,ISSERTES_0005,/Volumes/EXT DATA/IDMB/derived/Bombus/collection/images/ISSERTES_0005_S_3.jpg,sichelii,0.345288162069738,wurflenii,0.2895736113276219,lapidarius,0.16029317718469083,wurflenii,False,True
1512,,ISSERTES_0006,/Volumes/EXT DATA/IDMB/derived/Bombus/collection/images/ISSERTES_0006_P_1.jpg,wurflenii,0.9639214841298053,sichelii,0.023622147889681925,pyrenaeus,0.010669186837590659,wurflenii,True,True
1513,,ISSERTES_0006,/Volumes/EXT DATA/IDMB/derived/Bombus/collection/images/ISSERTES_0006_P_2.jpg,wurflenii,0.9859540178904536,sichelii,0.01152205521280909,lapidarius,0.0017856424160110622,wurflenii,True,True
1514,,ISSERTES_0006,/Volumes/EXT DATA/IDMB/derived/Bombus/collection/images/ISSERTES_0006_S_1.jpg,wurflenii,0.9930572682476767,sichelii,0.006106103999901933,pyrenaeus,0.0006644048177262136,wurflenii,True,True
1515,,ISSERTES_0006,/Volumes/EXT DATA/IDMB/derived/Bombus/collection/images/ISSERTES_0006_S_2.jpg,wurflenii,0.9774636128317535,sichelii,0.01887896462284816,pyrenaeus,0.0024534484086381693,wurflenii,True,True
1516,,ISSERTES_0006,/Volumes/EXT DATA/IDMB/derived/Bombus/collection/images/ISSERTES_0006_S_3.jpg,wurflenii,0.999513057990581,sichelii,0.00035866646155417834,pyrenaeus,8.133569828535957e-05,wurflenii,True,True
1517,,ISSERTES_0007,/Volumes/EXT DATA/IDMB/derived/Bombus/collection/images/ISSERTES_0007_P_1.jpg,wurflenii,0.9999974201022267,sichelii,1.974170200543772e-06,lapidarius,5.848237375227752e-07,wurflenii,True,True
1518,,ISSERTES_0007,/Volumes/EXT DATA/IDMB/derived/Bombus/collection/images/ISSERTES_0007_P_2.jpg,wurflenii,0.9999909219491246,sichelii,4.390450305048494e-06,lapidarius,2.7385763346801465e-06,wurflenii,True,True
1519,,ISSERTES_0007,/Volumes/EXT DATA/IDMB/derived/Bombus/collection/images/ISSERTES_0007_S_1.jpg,wurflenii,0.9999988618270814,sichelii,6.627912471921564e-07,lapidarius,3.5126845908498326e-07,wurflenii,True,True
1520,,ISSERTES_0007,/Volumes/EXT DATA/IDMB/derived/Bombus/collection/images/ISSERTES_0007_S_2.jpg,wurflenii,0.9999941331466652,sichelii,4.506062648860805e-06,lapidarius,6.722625530825935e-07,wurflenii,True,True
1521,,ISSERTES_0007,/Volumes/EXT DATA/IDMB/derived/Bombus/collection/images/ISSERTES_0007_S_3.jpg,wurflenii,0.9999997903178313,sichelii,1.443023805553019e-07,lapidarius,6.155279294832104e-08,wurflenii,True,True
1522,,ISSERTES_0008,/Volumes/EXT DATA/IDMB/derived/Bombus/collection/images/ISSERTES_0008_P_1.jpg,wurflenii,0.999976070280043,lapidarius,1.8019939023527817e-05,sichelii,4.855351279636741e-06,wurflenii,True,True
1523,,ISSERTES_0008,/Volumes/EXT DATA/IDMB/derived/Bombus/collection/images/ISSERTES_0008_P_2.jpg,wurflenii,0.9999996961228013,lapidarius,2.4493735544414475e-07,sichelii,3.7576587885632097e-08,wurflenii,True,True
1524,,ISSERTES_0008,/Volumes/EXT DATA/IDMB/derived/Bombus/collection/images/ISSERTES_0008_S_1.jpg,wurflenii,0.9998941618878441,lapidarius,5.8693658296848946e-05,soroeensis,3.067251576661906e-05,wurflenii,True,True
1525,,ISSERTES_0008,/Volumes/EXT DATA/IDMB/derived/Bombus/collection/images/ISSERTES_0008_S_2.jpg,wurflenii,0.9999387594382428,lapidarius,5.7345230291365425e-05,sichelii,2.5982178330667434e-06,wurflenii,True,True
1526,,ISSERTES_0008,/Volumes/EXT DATA/IDMB/derived/Bombus/collection/images/ISSERTES_0008_S_3.jpg,wurflenii,0.9999829774889543,lapidarius,1.4356190792689212e-05,soroeensis,1.6985328668861796e-06,wurflenii,True,True
1527,,ISSERTES_0009,/Volumes/EXT DATA/IDMB/derived/Bombus/collection/images/ISSERTES_0009_P_1.jpg,pomorum,0.9998485895280979,sichelii,9.880310478844788e-05,ruderarius,1.888209138168335e-05,pomorum,True,True
1528,,ISSERTES_0009,/Volumes/EXT DATA/IDMB/derived/Bombus/collection/images/ISSERTES_0009_P_2.jpg,pomorum,0.999964969943795,ruderarius,2.40672525599381e-05,sylvarum,8.550764002197159e-06,pomorum,True,True
1529,,ISSERTES_0009,/Volumes/EXT DATA/IDMB/derived/Bombus/collection/images/ISSERTES_0009_S_1.jpg,pomorum,0.999754186367562,ruderarius,0.00018362132856536802,sylvarum,6.193975275050248e-05,pomorum,True,True
1530,,ISSERTES_0009,/Volumes/EXT DATA/IDMB/derived/Bombus/collection/images/ISSERTES_0009_S_2.jpg,pomorum,0.9999586556463439,ruderarius,2.1518104154713062e-05,sylvarum,1.964361549611369e-05,pomorum,True,True
1531,,ISSERTES_0009,/Volumes/EXT DATA/IDMB/derived/Bombus/collection/images/ISSERTES_0009_S_3.jpg,pomorum,0.9997644101534655,ruderarius,0.00020780206210173645,sylvarum,2.1934903012989613e-05,pomorum,True,True
1532,,ISSERTES_0010,/Volumes/EXT DATA/IDMB/derived/Bombus/collection/images/ISSERTES_0010_P_1.jpg,sylvarum,0.6787871469331955,ruderarius,0.3205620339723852,pomorum,0.0006508173862755601,sylvarum,True,True
1533,,ISSERTES_0010,/Volumes/EXT DATA/IDMB/derived/Bombus/collection/images/ISSERTES_0010_P_2.jpg,ruderarius,0.5217093897010953,sylvarum,0.4781060908995253,pomorum,0.00018451933588489627,sylvarum,False,True
1534,,ISSERTES_0010,/Volumes/EXT DATA/IDMB/derived/Bombus/collection/images/ISSERTES_0010_S_1.jpg,ruderarius,0.5778008017590334,sylvarum,0.4167805597269734,pomorum,0.005418626703792962,sylvarum,False,True
1535,,ISSERTES_0010,/Volumes/EXT DATA/IDMB/derived/Bombus/collection/images/ISSERTES_0010_S_2.jpg,sylvarum,0.9544526128393653,ruderarius,0.04447087436530835,pomorum,0.0010765117729188449,sylvarum,True,True
1536,,ISSERTES_0010,/Volumes/EXT DATA/IDMB/derived/Bombus/collection/images/ISSERTES_0010_S_3.jpg,sylvarum,0.9445348809246226,ruderarius,0.054842879034296965,pomorum,0.0006222339048125304,sylvarum,True,True
1537,,ISSERTES_0011,/Volumes/EXT DATA/IDMB/derived/Bombus/collection/images/ISSERTES_0011_P_1.jpg,pomorum,0.9999979299416154,sylvarum,1.8557914668536991e-06,pratorum,9.743012722801958e-08,pomorum,True,True
1538,,ISSERTES_0011,/Volumes/EXT DATA/IDMB/derived/Bombus/collection/images/ISSERTES_0011_P_2.jpg,pomorum,0.9998166820325143,sylvarum,0.00017965240757168816,ruderarius,2.05012025630475e-06,pomorum,True,True
1539,,ISSERTES_0011,/Volumes/EXT DATA/IDMB/derived/Bombus/collection/images/ISSERTES_0011_S_1.jpg,pomorum,0.9998726592953153,pratorum,6.780164830417918e-05,sylvarum,5.5612714894438456e-05,pomorum,True,True
1540,,ISSERTES_0011,/Volumes/EXT DATA/IDMB/derived/Bombus/collection/images/ISSERTES_0011_S_3.jpg,pomorum,0.9999915260092401,sylvarum,8.110962064204723e-06,ruderarius,2.00294291440067e-07,pomorum,True,True
1541,,ISSERTES_0012,/Volumes/EXT DATA/IDMB/derived/Bombus/collection/images/ISSERTES_0012_P_1.jpg,sylvarum,0.9999481321890212,ruderarius,5.1823354157850075e-05,pomorum,3.799305696783985e-08,sylvarum,True,True
1542,,ISSERTES_0012,/Volumes/EXT DATA/IDMB/derived/Bombus/collection/images/ISSERTES_0012_P_2.jpg,sylvarum,0.9996324878189248,ruderarius,0.00036741007160624647,pomorum,9.982156642440884e-08,sylvarum,True,True
1543,,ISSERTES_0012,/Volumes/EXT DATA/IDMB/derived/Bombus/collection/images/ISSERTES_0012_S_1.jpg,sylvarum,0.9999692811734563,ruderarius,3.0263797359692543e-05,pomorum,4.35787041384819e-07,sylvarum,True,True
1544,,ISSERTES_0012,/Volumes/EXT DATA/IDMB/derived/Bombus/collection/images/ISSERTES_0012_S_2.jpg,sylvarum,0.9998678943573892,ruderarius,0.00013058869551599756,pomorum,1.3428696064477244e-06,sylvarum,True,True
1545,,ISSERTES_0012,/Volumes/EXT DATA/IDMB/derived/Bombus/collection/images/ISSERTES_0012_S_3.jpg,sylvarum,0.9999414837771502,ruderarius,5.810367168482266e-05,pomorum,3.69785412336124e-07,sylvarum,True,True
1546,,ISSERTES_0013,/Volumes/EXT DATA/IDMB/derived/Bombus/collection/images/ISSERTES_0013_P_1.jpg,pomorum,0.9984166560298665,sylvarum,0.0015763540547000087,pratorum,4.915164366090129e-06,pomorum,True,True
1547,,ISSERTES_0013,/Volumes/EXT DATA/IDMB/derived/Bombus/collection/images/ISSERTES_0013_P_2.jpg,pomorum,0.9993421322804179,sylvarum,0.0006544415299229665,pratorum,2.098537474211781e-06,pomorum,True,True
1548,,ISSERTES_0013,/Volumes/EXT DATA/IDMB/derived/Bombus/collection/images/ISSERTES_0013_S_1.jpg,pomorum,0.99989703483141,sylvarum,9.38588515742018e-05,pratorum,7.776286052251581e-06,pomorum,True,True
1549,,ISSERTES_0013,/Volumes/EXT DATA/IDMB/derived/Bombus/collection/images/ISSERTES_0013_S_2.jpg,pomorum,0.9958319561692893,sylvarum,0.004147370153822754,pratorum,1.3941684008592284e-05,pomorum,True,True
1550,,ISSERTES_0013,/Volumes/EXT DATA/IDMB/derived/Bombus/collection/images/ISSERTES_0013_S_3.jpg,pomorum,0.9993574151395862,sylvarum,0.0006211923227400953,ruderarius,1.7807867404650765e-05,pomorum,True,True
1551,,ISSERTES_0014,/Volumes/EXT DATA/IDMB/derived/Bombus/collection/images/ISSERTES_0014_P_1.jpg,pomorum,0.9999794127593424,pratorum,9.141340769245264e-06,soroeensis,4.122336136321946e-06,pomorum,True,True
1552,,ISSERTES_0014,/Volumes/EXT DATA/IDMB/derived/Bombus/collection/images/ISSERTES_0014_P_2.jpg,pomorum,0.9999992194780097,pyrenaeus,4.297853356934745e-07,pratorum,3.016780811581483e-07,pomorum,True,True
1553,,ISSERTES_0014,/Volumes/EXT DATA/IDMB/derived/Bombus/collection/images/ISSERTES_0014_S_1.jpg,pomorum,0.9999984796143581,pratorum,1.3277461910714087e-06,pyrenaeus,1.6929922771628416e-07,pomorum,True,True
1554,,ISSERTES_0014,/Volumes/EXT DATA/IDMB/derived/Bombus/collection/images/ISSERTES_0014_S_2.jpg,pomorum,0.999999628558261,pratorum,2.2595488010245795e-07,sylvarum,1.288831729169074e-07,pomorum,True,True
1555,,ISSERTES_0014,/Volumes/EXT DATA/IDMB/derived/Bombus/collection/images/ISSERTES_0014_S_3.jpg,pomorum,0.999998818192299,sylvarum,8.348604280011232e-07,ruderarius,2.1716760414330812e-07,pomorum,True,True
1556,,ISSERTES_0015,/Volumes/EXT DATA/IDMB/derived/Bombus/collection/images/ISSERTES_0015_P_1.jpg,pomorum,0.9999991789660005,ruderarius,4.4973218625044915e-07,sichelii,1.6212615593654147e-07,pomorum,True,True
1557,,ISSERTES_0015,/Volumes/EXT DATA/IDMB/derived/Bombus/collection/images/ISSERTES_0015_P_2.jpg,pomorum,0.9999952286897343,ruderarius,4.326403021128822e-06,sylvarum,2.0610458319422664e-07,pomorum,True,True
1558,,ISSERTES_0015,/Volumes/EXT DATA/IDMB/derived/Bombus/collection/images/ISSERTES_0015_S_1.jpg,pomorum,0.9999508842364547,ruderarius,4.265705057079367e-05,sylvarum,4.4777300893656714e-06,pomorum,True,True
1559,,ISSERTES_0015,/Volumes/EXT DATA/IDMB/derived/Bombus/collection/images/ISSERTES_0015_S_2.jpg,pomorum,0.9998537048189508,ruderarius,0.00014514411398931827,sylvarum,8.4184865454585e-07,pomorum,True,True
1560,,ISSERTES_0015,/Volumes/EXT DATA/IDMB/derived/Bombus/collection/images/ISSERTES_0015_S_3.jpg,pomorum,0.9999942492613053,ruderarius,4.803788448431998e-06,sylvarum,7.370542688394964e-07,pomorum,True,True
1561,,ISSERTES_0016,/Volumes/EXT DATA/IDMB/derived/Bombus/collection/images/ISSERTES_0016_P_1.jpg,pomorum,0.9999999981379699,ruderarius,1.4584691610858754e-09,sylvarum,2.4718109700969846e-10,pomorum,True,True
1562,,ISSERTES_0016,/Volumes/EXT DATA/IDMB/derived/Bombus/collection/images/ISSERTES_0016_P_2.jpg,pomorum,0.999999988391758,ruderarius,8.558960700398228e-09,sylvarum,2.7585428261957544e-09,pomorum,True,True
1563,,ISSERTES_0016,/Volumes/EXT DATA/IDMB/derived/Bombus/collection/images/ISSERTES_0016_S_1.jpg,pomorum,0.9999994139337312,ruderarius,5.530644288395534e-07,sylvarum,2.93305854530773e-08,pomorum,True,True
1564,,ISSERTES_0016,/Volumes/EXT DATA/IDMB/derived/Bombus/collection/images/ISSERTES_0016_S_2.jpg,pomorum,0.9999999709550307,ruderarius,2.8284575461617734e-08,sylvarum,7.167167988029276e-10,pomorum,True,True
1565,,ISSERTES_0016,/Volumes/EXT DATA/IDMB/derived/Bombus/collection/images/ISSERTES_0016_S_3.jpg,pomorum,0.9999999687330999,ruderarius,2.3246270783267647e-08,sylvarum,7.0191898801268675e-09,pomorum,True,True
1566,,ISSERTES_0017,/Volumes/EXT DATA/IDMB/derived/Bombus/collection/images/ISSERTES_0017_P_2.jpg,confusus,0.9999999999999973,sichelii,2.5236055086601703e-15,lapidarius,1.179614621364331e-16,confusus,True,True
1567,,ISSERTES_0017,/Volumes/EXT DATA/IDMB/derived/Bombus/collection/images/ISSERTES_0017_S_3.jpg,confusus,0.9999999993696158,sichelii,4.812005064441998e-10,monticola,9.835973151681401e-11,confusus,True,True
1568,,ISSERTES_0018,/Volumes/EXT DATA/IDMB/derived/Bombus/collection/images/ISSERTES_0018_P_1.jpg,confusus,1.0,monticola,6.16510017318636e-19,sichelii,1.376867203632309e-20,confusus,True,True
1569,,ISSERTES_0018,/Volumes/EXT DATA/IDMB/derived/Bombus/collection/images/ISSERTES_0018_S_1.jpg,confusus,0.9999999999999927,monticola,6.698247842506187e-15,soroeensis,7.273691258931393e-16,confusus,True,True
1570,,ISSERTES_0018,/Volumes/EXT DATA/IDMB/derived/Bombus/collection/images/ISSERTES_0018_S_2.jpg,confusus,0.9999999999999984,pyrenaeus,9.742831993686862e-16,monticola,3.5048415166022613e-16,confusus,True,True
1571,,ISSERTES_0018,/Volumes/EXT DATA/IDMB/derived/Bombus/collection/images/ISSERTES_0018_S_3.jpg,confusus,1.0,monticola,9.122100389771192e-17,pyrenaeus,9.986546755643697e-18,confusus,True,True
1572,,ISSERTES_0019,/Volumes/EXT DATA/IDMB/derived/Bombus/collection/images/ISSERTES_0019_P_1.jpg,confusus,1.0,monticola,7.91967197394398e-27,pyrenaeus,1.95125948364647e-32,confusus,True,True
1573,,ISSERTES_0019,/Volumes/EXT DATA/IDMB/derived/Bombus/collection/images/ISSERTES_0019_P_2.jpg,confusus,1.0,monticola,1.301017841819566e-23,pyrenaeus,8.329224197212049e-30,confusus,True,True
1574,,ISSERTES_0019,/Volumes/EXT DATA/IDMB/derived/Bombus/collection/images/ISSERTES_0019_S_1.jpg,confusus,1.0,monticola,1.2257167991494595e-25,pyrenaeus,1.3437366355272905e-30,confusus,True,True
1575,,ISSERTES_0019,/Volumes/EXT DATA/IDMB/derived/Bombus/collection/images/ISSERTES_0019_S_2.jpg,confusus,1.0,monticola,5.388404262999321e-25,pyrenaeus,5.449741800560419e-31,confusus,True,True
1576,,ISSERTES_0019,/Volumes/EXT DATA/IDMB/derived/Bombus/collection/images/ISSERTES_0019_S_3.jpg,confusus,1.0,monticola,2.1210410380458564e-22,pyrenaeus,5.790225605459033e-28,confusus,True,True
1577,,ISSERTES_0020,/Volumes/EXT DATA/IDMB/derived/Bombus/collection/images/ISSERTES_0020_P_1.jpg,confusus,1.0,monticola,1.5053606767372066e-26,sichelii,4.51613212573978e-29,confusus,True,True
1578,,ISSERTES_0020,/Volumes/EXT DATA/IDMB/derived/Bombus/collection/images/ISSERTES_0020_P_2.jpg,confusus,1.0,monticola,6.870540428469057e-25,pyrenaeus,5.386174700929719e-28,confusus,True,True
1579,,ISSERTES_0020,/Volumes/EXT DATA/IDMB/derived/Bombus/collection/images/ISSERTES_0020_S_1.jpg,confusus,1.0,monticola,5.350772646841339e-24,pyrenaeus,2.183886962635869e-26,confusus,True,True
1580,,ISSERTES_0020,/Volumes/EXT DATA/IDMB/derived/Bombus/collection/images/ISSERTES_0020_S_2.jpg,confusus,1.0,monticola,4.3009899056092234e-24,pyrenaeus,7.982210228014616e-27,confusus,True,True
1581,,ISSERTES_0020,/Volumes/EXT DATA/IDMB/derived/Bombus/collection/images/ISSERTES_0020_S_3.jpg,confusus,1.0,monticola,1.702019276448881e-25,pyrenaeus,2.666731162403977e-27,confusus,True,True
1582,,ISSERTES_0021,/Volumes/EXT DATA/IDMB/derived/Bombus/collection/images/ISSERTES_0021_P_1.jpg,confusus,1.0,monticola,4.7894595955416286e-24,sichelii,2.744235443783064e-29,confusus,True,True
1583,,ISSERTES_0021,/Volumes/EXT DATA/IDMB/derived/Bombus/collection/images/ISSERTES_0021_P_2.jpg,confusus,1.0,monticola,1.9447081039051458e-22,pyrenaeus,4.6542238916660673e-29,confusus,True,True
1584,,ISSERTES_0021,/Volumes/EXT DATA/IDMB/derived/Bombus/collection/images/ISSERTES_0021_S_1.jpg,confusus,1.0,monticola,7.42684311964344e-23,soroeensis,4.147482237207302e-28,confusus,True,True
1585,,ISSERTES_0021,/Volumes/EXT DATA/IDMB/derived/Bombus/collection/images/ISSERTES_0021_S_2.jpg,confusus,1.0,monticola,5.868080765709793e-20,soroeensis,5.795563235670951e-26,confusus,True,True
1586,,ISSERTES_0021,/Volumes/EXT DATA/IDMB/derived/Bombus/collection/images/ISSERTES_0021_S_3.jpg,confusus,1.0,monticola,4.458574435079272e-21,pyrenaeus,3.9005991628294225e-26,confusus,True,True
1587,,ISSERTES_0022,/Volumes/EXT DATA/IDMB/derived/Bombus/collection/images/ISSERTES_0022_P_1.jpg,confusus,1.0,monticola,3.3548636572567967e-18,sichelii,1.775451785883705e-23,confusus,True,True
1588,,ISSERTES_0022,/Volumes/EXT DATA/IDMB/derived/Bombus/collection/images/ISSERTES_0022_P_2.jpg,confusus,1.0,monticola,1.112026176807578e-19,sichelii,2.249358359269454e-24,confusus,True,True
1589,,ISSERTES_0022,/Volumes/EXT DATA/IDMB/derived/Bombus/collection/images/ISSERTES_0022_S_1.jpg,confusus,1.0,monticola,6.436495243686017e-19,soroeensis,2.312478186755737e-22,confusus,True,True
1590,,ISSERTES_0022,/Volumes/EXT DATA/IDMB/derived/Bombus/collection/images/ISSERTES_0022_S_2.jpg,confusus,1.0,monticola,8.137251452399289e-19,pyrenaeus,3.068771936577891e-23,confusus,True,True
1591,,ISSERTES_0022,/Volumes/EXT DATA/IDMB/derived/Bombus/collection/images/ISSERTES_0022_S_3.jpg,confusus,1.0,monticola,5.137833913105323e-18,soroeensis,1.9050076107946164e-22,confusus,True,True
1592,,ISSERTES_0023,/Volumes/EXT DATA/IDMB/derived/Bombus/collection/images/ISSERTES_0023_P_1.jpg,sylvarum,0.9768715900489547,ruderarius,0.02312739879087155,pomorum,9.599609962200321e-07,sylvarum,True,True
1593,,ISSERTES_0023,/Volumes/EXT DATA/IDMB/derived/Bombus/collection/images/ISSERTES_0023_P_2.jpg,sylvarum,0.9977028789619531,ruderarius,0.0022969663400140296,pomorum,1.4023171755195773e-07,sylvarum,True,True
1594,,ISSERTES_0023,/Volumes/EXT DATA/IDMB/derived/Bombus/collection/images/ISSERTES_0023_S_1.jpg,sylvarum,0.8573776834024629,ruderarius,0.14259332966403684,pomorum,2.1765415482265948e-05,sylvarum,True,True
1595,,ISSERTES_0023,/Volumes/EXT DATA/IDMB/derived/Bombus/collection/images/ISSERTES_0023_S_2.jpg,sylvarum,0.9602651792417685,ruderarius,0.03972682523454718,pomorum,7.949091664933185e-06,sylvarum,True,True
1596,,ISSERTES_0023,/Volumes/EXT DATA/IDMB/derived/Bombus/collection/images/ISSERTES_0023_S_3.jpg,sylvarum,0.9910743503285818,ruderarius,0.008925424985590881,pomorum,1.4271623717222446e-07,sylvarum,True,True
1597,,ISSERTES_0024,/Volumes/EXT DATA/IDMB/derived/Bombus/collection/images/ISSERTES_0024_P_1.jpg,confusus,1.0,monticola,5.268683512526029e-22,pyrenaeus,6.942521805923158e-25,confusus,True,True
1598,,ISSERTES_0024,/Volumes/EXT DATA/IDMB/derived/Bombus/collection/images/ISSERTES_0024_P_2.jpg,confusus,1.0,monticola,2.0280823827754572e-23,sichelii,2.8891416125224113e-25,confusus,True,True
1599,,ISSERTES_0024,/Volumes/EXT DATA/IDMB/derived/Bombus/collection/images/ISSERTES_0024_S_1.jpg,confusus,1.0,monticola,1.0482645490464794e-22,pyrenaeus,2.089764076031914e-25,confusus,True,True
1600,,ISSERTES_0024,/Volumes/EXT DATA/IDMB/derived/Bombus/collection/images/ISSERTES_0024_S_2.jpg,confusus,1.0,monticola,1.2856346552028483e-22,pyrenaeus,5.856923082969328e-25,confusus,True,True
1601,,ISSERTES_0024,/Volumes/EXT DATA/IDMB/derived/Bombus/collection/images/ISSERTES_0024_S_3.jpg,confusus,1.0,monticola,8.775275769763805e-26,sichelii,2.950244174353348e-28,confusus,True,True
1602,,ISSERTES_0025,/Volumes/EXT DATA/IDMB/derived/Bombus/collection/images/ISSERTES_0025_P_1.jpg,confusus,1.0,monticola,2.2908446887534426e-19,pyrenaeus,2.6772237897287647e-25,confusus,True,True
1603,,ISSERTES_0025,/Volumes/EXT DATA/IDMB/derived/Bombus/collection/images/ISSERTES_0025_P_2.jpg,confusus,1.0,monticola,3.408309858909125e-19,pyrenaeus,3.1873193674374245e-25,confusus,True,True
1604,,ISSERTES_0025,/Volumes/EXT DATA/IDMB/derived/Bombus/collection/images/ISSERTES_0025_S_1.jpg,confusus,1.0,monticola,9.482824864053552e-20,pyrenaeus,7.9618896760088875e-25,confusus,True,True
1605,,ISSERTES_0025,/Volumes/EXT DATA/IDMB/derived/Bombus/collection/images/ISSERTES_0025_S_2.jpg,confusus,0.9999999999999993,monticola,6.576758558779074e-16,pyrenaeus,3.3003171390459935e-21,confusus,True,True
1606,,ISSERTES_0025,/Volumes/EXT DATA/IDMB/derived/Bombus/collection/images/ISSERTES_0025_S_3.jpg,confusus,1.0,monticola,7.020138150418314e-20,pyrenaeus,1.8038236920005123e-25,confusus,True,True
1607,,ISSERTES_0026,/Volumes/EXT DATA/IDMB/derived/Bombus/collection/images/ISSERTES_0026_P_1.jpg,confusus,1.0,monticola,2.5393567191923522e-26,pyrenaeus,2.6764382803363343e-34,confusus,True,True
1608,,ISSERTES_0026,/Volumes/EXT DATA/IDMB/derived/Bombus/collection/images/ISSERTES_0026_P_2.jpg,confusus,1.0,monticola,4.755925053269184e-29,pyrenaeus,4.400003115569948e-36,confusus,True,True
1609,,ISSERTES_0026,/Volumes/EXT DATA/IDMB/derived/Bombus/collection/images/ISSERTES_0026_S_1.jpg,confusus,1.0,monticola,2.975908741916791e-26,soroeensis,1.0488951593544347e-32,confusus,True,True
1610,,ISSERTES_0026,/Volumes/EXT DATA/IDMB/derived/Bombus/collection/images/ISSERTES_0026_S_2.jpg,confusus,1.0,monticola,2.3277234107376298e-22,pyrenaeus,9.920683831214755e-30,confusus,True,True
1611,,ISSERTES_0026,/Volumes/EXT DATA/IDMB/derived/Bombus/collection/images/ISSERTES_0026_S_3.jpg,confusus,1.0,monticola,2.9594121803597907e-22,pyrenaeus,1.9066239673207403e-29,confusus,True,True
1612,,ISSERTES_0027,/Volumes/EXT DATA/IDMB/derived/Bombus/collection/images/ISSERTES_0027_P_1.jpg,confusus,1.0,monticola,1.5978672193760267e-20,pyrenaeus,2.623801360644652e-24,confusus,True,True
1613,,ISSERTES_0027,/Volumes/EXT DATA/IDMB/derived/Bombus/collection/images/ISSERTES_0027_P_2.jpg,confusus,1.0,monticola,2.0889822006949638e-20,sichelii,1.9029776456837565e-25,confusus,True,True
1614,,ISSERTES_0027,/Volumes/EXT DATA/IDMB/derived/Bombus/collection/images/ISSERTES_0027_S_1.jpg,confusus,1.0,monticola,9.098193096869457e-22,sichelii,1.0680628830131914e-25,confusus,True,True
1615,,ISSERTES_0027,/Volumes/EXT DATA/IDMB/derived/Bombus/collection/images/ISSERTES_0027_S_2.jpg,confusus,1.0,monticola,6.38980659501553e-18,sichelii,4.766542179804489e-22,confusus,True,True
1616,,ISSERTES_0027,/Volumes/EXT DATA/IDMB/derived/Bombus/collection/images/ISSERTES_0027_S_3.jpg,confusus,1.0,monticola,4.119410641684593e-17,sichelii,3.489305336856461e-22,confusus,True,True
1617,,ISSERTES_0028,/Volumes/EXT DATA/IDMB/derived/Bombus/collection/images/ISSERTES_0028_P_1.jpg,confusus,1.0,monticola,1.0068028587592879e-29,pyrenaeus,1.3341066524602293e-36,confusus,True,True
1618,,ISSERTES_0028,/Volumes/EXT DATA/IDMB/derived/Bombus/collection/images/ISSERTES_0028_P_2.jpg,confusus,1.0,monticola,1.0800791320099915e-32,sichelii,9.839912424898409e-38,confusus,True,True
1619,,ISSERTES_0028,/Volumes/EXT DATA/IDMB/derived/Bombus/collection/images/ISSERTES_0028_S_1.jpg,confusus,1.0,monticola,1.5509485716432616e-30,sichelii,7.2211697889403595e-37,confusus,True,True
1620,,ISSERTES_0028,/Volumes/EXT DATA/IDMB/derived/Bombus/collection/images/ISSERTES_0028_S_2.jpg,confusus,1.0,monticola,9.106838981051716e-28,pyrenaeus,1.095289912730952e-34,confusus,True,True
1621,,ISSERTES_0028,/Volumes/EXT DATA/IDMB/derived/Bombus/collection/images/ISSERTES_0028_S_3.jpg,confusus,1.0,monticola,2.7593455352293257e-30,sichelii,9.02922571633497e-37,confusus,True,True
1622,,ISSERTES_0029,/Volumes/EXT DATA/IDMB/derived/Bombus/collection/images/ISSERTES_0029_P_1.jpg,sylvarum,0.9996435756201438,ruderarius,0.00035640205601775854,pratorum,1.0782115641646036e-08,sylvarum,True,True
1623,,ISSERTES_0029,/Volumes/EXT DATA/IDMB/derived/Bombus/collection/images/ISSERTES_0029_P_2.jpg,sylvarum,0.9998955369639382,ruderarius,0.00010445898800859294,pomorum,3.6122345584417337e-09,sylvarum,True,True
1624,,ISSERTES_0029,/Volumes/EXT DATA/IDMB/derived/Bombus/collection/images/ISSERTES_0029_S_1.jpg,sylvarum,0.9996931072815148,ruderarius,0.00030685965993948857,pomorum,3.2274911827281354e-08,sylvarum,True,True
1625,,ISSERTES_0029,/Volumes/EXT DATA/IDMB/derived/Bombus/collection/images/ISSERTES_0029_S_2.jpg,sylvarum,0.999854182125506,ruderarius,0.0001457967552494387,pomorum,1.3943356767681675e-08,sylvarum,True,True
1626,,ISSERTES_0029,/Volumes/EXT DATA/IDMB/derived/Bombus/collection/images/ISSERTES_0029_S_3.jpg,sylvarum,0.9987577065241584,ruderarius,0.0012422874491705388,pomorum,3.394330550870106e-09,sylvarum,True,True
1627,,ISSERTES_0030,/Volumes/EXT DATA/IDMB/derived/Bombus/collection/images/ISSERTES_0030_P_2.jpg,confusus,1.0,sichelii,1.3053329982210481e-18,monticola,2.044895825127305e-19,confusus,True,True
1628,,ISSERTES_0030,/Volumes/EXT DATA/IDMB/derived/Bombus/collection/images/ISSERTES_0030_S_1.jpg,confusus,1.0,monticola,1.4018008677414224e-18,pyrenaeus,1.2388203167035103e-18,confusus,True,True
1629,,ISSERTES_0030,/Volumes/EXT DATA/IDMB/derived/Bombus/collection/images/ISSERTES_0030_S_2.jpg,confusus,1.0,monticola,3.172185261649703e-18,pyrenaeus,2.523300284717914e-18,confusus,True,True
1630,,ISSERTES_0030,/Volumes/EXT DATA/IDMB/derived/Bombus/collection/images/ISSERTES_0030_S_3.jpg,confusus,0.9999999999999998,monticola,2.7065019335011914e-16,pyrenaeus,1.0707640156256904e-16,confusus,True,True
1631,,ISSERTES_0031,/Volumes/EXT DATA/IDMB/derived/Bombus/collection/images/ISSERTES_0031_P_1.jpg,sylvarum,0.9999985834208168,ruderarius,8.337433970376965e-07,pratorum,5.267845125140236e-07,sylvarum,True,True
1632,,ISSERTES_0031,/Volumes/EXT DATA/IDMB/derived/Bombus/collection/images/ISSERTES_0031_P_2.jpg,sylvarum,0.9999978734830323,pratorum,1.036713480629361e-06,soroeensis,7.293228672491679e-07,sylvarum,True,True
1633,,ISSERTES_0031,/Volumes/EXT DATA/IDMB/derived/Bombus/collection/images/ISSERTES_0031_S_1.jpg,sylvarum,0.9999972704286534,pratorum,1.4737760870264858e-06,ruderarius,1.2437404511988826e-06,sylvarum,True,True
1634,,ISSERTES_0031,/Volumes/EXT DATA/IDMB/derived/Bombus/collection/images/ISSERTES_0031_S_2.jpg,sylvarum,0.9999989509936051,ruderarius,9.639254297841319e-07,pratorum,6.024249249071883e-08,sylvarum,True,True
1635,,ISSERTES_0031,/Volumes/EXT DATA/IDMB/derived/Bombus/collection/images/ISSERTES_0031_S_3.jpg,sylvarum,0.9999926695635726,pratorum,6.856214460625497e-06,ruderarius,3.633631593173798e-07,sylvarum,True,True
1636,,ISSERTES_0032,/Volumes/EXT DATA/IDMB/derived/Bombus/collection/images/ISSERTES_0032_P_1.jpg,sylvarum,0.9982929935938037,ruderarius,0.0016961191753217964,pomorum,9.680773292848967e-06,sylvarum,True,True
1637,,ISSERTES_0032,/Volumes/EXT DATA/IDMB/derived/Bombus/collection/images/ISSERTES_0032_P_2.jpg,sylvarum,0.9981846646212574,ruderarius,0.0018148296702394035,pratorum,3.1359928354292736e-07,sylvarum,True,True
1638,,ISSERTES_0032,/Volumes/EXT DATA/IDMB/derived/Bombus/collection/images/ISSERTES_0032_S_1.jpg,sylvarum,0.9899844650726255,ruderarius,0.01000158613171964,pomorum,9.762928657980644e-06,sylvarum,True,True
1639,,ISSERTES_0032,/Volumes/EXT DATA/IDMB/derived/Bombus/collection/images/ISSERTES_0032_S_2.jpg,sylvarum,0.985143124479668,ruderarius,0.014698670654511784,pomorum,0.0001573633288334522,sylvarum,True,True
1640,,ISSERTES_0032,/Volumes/EXT DATA/IDMB/derived/Bombus/collection/images/ISSERTES_0032_S_3.jpg,sylvarum,0.9987432802017676,ruderarius,0.001255887957043904,pomorum,4.275930759382132e-07,sylvarum,True,True
1641,,ISSERTES_0033,/Volumes/EXT DATA/IDMB/derived/Bombus/collection/images/ISSERTES_0033_P_1.jpg,sylvarum,0.8131835981442158,ruderarius,0.18628743464791173,pomorum,0.0003282108760430496,sylvarum,True,True
1642,,ISSERTES_0033,/Volumes/EXT DATA/IDMB/derived/Bombus/collection/images/ISSERTES_0033_P_2.jpg,sylvarum,0.6019020234618527,ruderarius,0.3979730059211712,pratorum,7.23387931732816e-05,sylvarum,True,True
1643,,ISSERTES_0033,/Volumes/EXT DATA/IDMB/derived/Bombus/collection/images/ISSERTES_0033_S_1.jpg,ruderarius,0.8853833451138453,sylvarum,0.11457075529423442,pomorum,3.0501052661269247e-05,sylvarum,False,True
1644,,ISSERTES_0033,/Volumes/EXT DATA/IDMB/derived/Bombus/collection/images/ISSERTES_0033_S_2.jpg,sylvarum,0.5921730110193772,ruderarius,0.40661683514419295,pratorum,0.0009594763568754284,sylvarum,True,True
1645,,ISSERTES_0033,/Volumes/EXT DATA/IDMB/derived/Bombus/collection/images/ISSERTES_0033_S_3.jpg,ruderarius,0.529379463757351,sylvarum,0.4704020634561698,pomorum,0.00018656081295027413,sylvarum,False,True
1646,,ISSERTES_0037,/Volumes/EXT DATA/IDMB/derived/Bombus/collection/images/ISSERTES_0037_P_1.jpg,confusus,0.9999999998001314,pomorum,1.9986863452294198e-10,soroeensis,1.564510006917006e-20,rupestris,False,False
1647,,ISSERTES_0037,/Volumes/EXT DATA/IDMB/derived/Bombus/collection/images/ISSERTES_0037_P_2.jpg,wurflenii,0.999999994042508,rupestris,5.9574919545448765e-09,lapidarius,4.604895847159359e-18,rupestris,False,True
1648,,ISSERTES_0037,/Volumes/EXT DATA/IDMB/derived/Bombus/collection/images/ISSERTES_0037_S_1.jpg,rupestris,0.9999999997632982,sichelii,2.2566251481804525e-10,lapidarius,1.078366859252566e-11,rupestris,True,True
1649,,ISSERTES_0037,/Volumes/EXT DATA/IDMB/derived/Bombus/collection/images/ISSERTES_0037_S_2.jpg,rupestris,0.9999999999369087,sichelii,5.937938127838424e-11,lapidarius,3.352017012453644e-12,rupestris,True,True
1650,,ISSERTES_0037,/Volumes/EXT DATA/IDMB/derived/Bombus/collection/images/ISSERTES_0037_S_3.jpg,rupestris,0.9999999976096787,sichelii,2.3512121826635083e-09,lapidarius,2.210567926225885e-11,rupestris,True,True
1651,,ISSERTES_0040,/Volumes/EXT DATA/IDMB/derived/Bombus/collection/images/ISSERTES_0040_P_1.jpg,pomorum,0.9998690172899838,sylvarum,0.0001298327190839007,ruderarius,9.657938480836208e-07,pomorum,True,True
1652,,ISSERTES_0040,/Volumes/EXT DATA/IDMB/derived/Bombus/collection/images/ISSERTES_0040_P_2.jpg,pomorum,0.9987325233539415,sylvarum,0.0012550221065468908,pratorum,8.870345362100797e-06,pomorum,True,True
1653,,ISSERTES_0040,/Volumes/EXT DATA/IDMB/derived/Bombus/collection/images/ISSERTES_0040_S_1.jpg,pomorum,0.999970045667198,sylvarum,2.9096829541358816e-05,pratorum,6.835022237743245e-07,pomorum,True,True
1654,,ISSERTES_0040,/Volumes/EXT DATA/IDMB/derived/Bombus/collection/images/ISSERTES_0040_S_2.jpg,pomorum,0.9999856701136793,sylvarum,1.3724047324695103e-05,pratorum,5.01940952720286e-07,pomorum,True,True
1655,,ISSERTES_0040,/Volumes/EXT DATA/IDMB/derived/Bombus/collection/images/ISSERTES_0040_S_3.jpg,pomorum,0.9997308804496673,sylvarum,0.00024304418053521437,ruderarius,2.3129243040454798e-05,pomorum,True,True
1656,,ISSERTES_0041,/Volumes/EXT DATA/IDMB/derived/Bombus/collection/images/ISSERTES_0041_P_1.jpg,confusus,0.9999999999999172,monticola,8.273216847893347e-14,soroeensis,9.147970129174282e-18,confusus,True,True
1657,,ISSERTES_0041,/Volumes/EXT DATA/IDMB/derived/Bombus/collection/images/ISSERTES_0041_P_2.jpg,confusus,1.0,monticola,1.0739569445380947e-17,sichelii,1.8191376267234208e-21,confusus,True,True
1658,,ISSERTES_0041,/Volumes/EXT DATA/IDMB/derived/Bombus/collection/images/ISSERTES_0041_S_1.jpg,confusus,0.999999999999996,monticola,4.055924715366607e-15,soroeensis,8.41906877749318e-18,confusus,True,True
1659,,ISSERTES_0041,/Volumes/EXT DATA/IDMB/derived/Bombus/collection/images/ISSERTES_0041_S_2.jpg,confusus,0.9999999999955322,monticola,4.466201213457516e-12,soroeensis,1.3145744566800437e-15,confusus,True,True
1660,,ISSERTES_0041,/Volumes/EXT DATA/IDMB/derived/Bombus/collection/images/ISSERTES_0041_S_3.jpg,confusus,0.9999999999999916,monticola,8.35166470426589e-15,soroeensis,3.4402144421661287e-17,confusus,True,True
1661,,ISSERTES_0042,/Volumes/EXT DATA/IDMB/derived/Bombus/collection/images/ISSERTES_0042_P_1.jpg,confusus,1.0,monticola,8.607980788309774e-20,sichelii,2.6238715875271857e-21,confusus,True,True
1662,,ISSERTES_0042,/Volumes/EXT DATA/IDMB/derived/Bombus/collection/images/ISSERTES_0042_P_2.jpg,confusus,1.0,monticola,3.59982034333388e-22,sichelii,1.0334318507491586e-23,confusus,True,True
1663,,ISSERTES_0042,/Volumes/EXT DATA/IDMB/derived/Bombus/collection/images/ISSERTES_0042_S_1.jpg,confusus,1.0,monticola,2.3852804109995458e-18,sichelii,4.578393101519352e-22,confusus,True,True
1664,,ISSERTES_0042,/Volumes/EXT DATA/IDMB/derived/Bombus/collection/images/ISSERTES_0042_S_2.jpg,confusus,1.0,monticola,2.891794642443992e-18,sichelii,1.857180246353229e-21,confusus,True,True
1665,,ISSERTES_0042,/Volumes/EXT DATA/IDMB/derived/Bombus/collection/images/ISSERTES_0042_S_3.jpg,confusus,1.0,monticola,1.2454547739466314e-18,sichelii,2.9967816204219825e-22,confusus,True,True
1666,,ISSERTES_0043,/Volumes/EXT DATA/IDMB/derived/Bombus/collection/images/ISSERTES_0043_P_1.jpg,pomorum,0.9999999673118432,sylvarum,1.7411920858030385e-08,pyrenaeus,7.460951949732336e-09,pomorum,True,True
1667,,ISSERTES_0043,/Volumes/EXT DATA/IDMB/derived/Bombus/collection/images/ISSERTES_0043_P_2.jpg,pomorum,0.9999999195711966,pyrenaeus,4.1988054637185685e-08,ruderarius,2.20604454675583e-08,pomorum,True,True
1668,,ISSERTES_0043,/Volumes/EXT DATA/IDMB/derived/Bombus/collection/images/ISSERTES_0043_S_1.jpg,pomorum,0.9999999933506718,pyrenaeus,4.179822775694579e-09,sylvarum,1.1566560233950796e-09,pomorum,True,True
1669,,ISSERTES_0043,/Volumes/EXT DATA/IDMB/derived/Bombus/collection/images/ISSERTES_0043_S_2.jpg,pomorum,0.9999999940014852,ruderarius,2.628151001284894e-09,sylvarum,2.2348067867813336e-09,pomorum,True,True
1670,,ISSERTES_0043,/Volumes/EXT DATA/IDMB/derived/Bombus/collection/images/ISSERTES_0043_S_3.jpg,pomorum,0.999999975566462,ruderarius,1.8363663582066767e-08,sylvarum,5.685573683848652e-09,pomorum,True,True
1671,,ISSERTES_0044,/Volumes/EXT DATA/IDMB/derived/Bombus/collection/images/ISSERTES_0044_P_1.jpg,pomorum,0.9994909508969967,sylvarum,0.0004931233255878699,pratorum,1.5766922095001508e-05,pomorum,True,True
1672,,ISSERTES_0044,/Volumes/EXT DATA/IDMB/derived/Bombus/collection/images/ISSERTES_0044_P_2.jpg,pomorum,0.9907751429517558,sylvarum,0.008046056474117524,pratorum,0.0011734022995639065,pomorum,True,True
1673,,ISSERTES_0044,/Volumes/EXT DATA/IDMB/derived/Bombus/collection/images/ISSERTES_0044_S_1.jpg,pomorum,0.9994887738905859,sylvarum,0.0005031711146492978,ruderarius,4.0373761010643475e-06,pomorum,True,True
1674,,ISSERTES_0044,/Volumes/EXT DATA/IDMB/derived/Bombus/collection/images/ISSERTES_0044_S_2.jpg,pomorum,0.9863018163354758,sylvarum,0.013451406591684046,pratorum,0.00022180103685309334,pomorum,True,True
1675,,ISSERTES_0044,/Volumes/EXT DATA/IDMB/derived/Bombus/collection/images/ISSERTES_0044_S_3.jpg,pomorum,0.9973995721765673,sylvarum,0.0021523027690525214,pratorum,0.00040831013761753,pomorum,True,True
1676,,ISSERTES_0045,/Volumes/EXT DATA/IDMB/derived/Bombus/collection/images/ISSERTES_0045_P_1.jpg,pomorum,0.9999980136185627,soroeensis,1.448040280164372e-06,pratorum,3.866393399143706e-07,pomorum,True,True
1677,,ISSERTES_0045,/Volumes/EXT DATA/IDMB/derived/Bombus/collection/images/ISSERTES_0045_P_2.jpg,pomorum,0.9999991363019068,pratorum,5.065769529478848e-07,soroeensis,2.0330753401443494e-07,pomorum,True,True
1678,,ISSERTES_0045,/Volumes/EXT DATA/IDMB/derived/Bombus/collection/images/ISSERTES_0045_S_1.jpg,pomorum,0.9999977008753451,pratorum,1.6060316663938386e-06,ruderarius,4.610585845557509e-07,pomorum,True,True
1679,,ISSERTES_0045,/Volumes/EXT DATA/IDMB/derived/Bombus/collection/images/ISSERTES_0045_S_2.jpg,pomorum,0.9999978693741095,pratorum,1.6382746501533163e-06,soroeensis,2.407897011103104e-07,pomorum,True,True
1680,,ISSERTES_0045,/Volumes/EXT DATA/IDMB/derived/Bombus/collection/images/ISSERTES_0045_S_3.jpg,pomorum,0.9999809845420358,pratorum,1.1947990159778207e-05,soroeensis,4.741978413670125e-06,pomorum,True,True
1681,,ISSERTES_0046,/Volumes/EXT DATA/IDMB/derived/Bombus/collection/images/ISSERTES_0046_P_1.jpg,confusus,1.0,monticola,4.185385850440044e-24,pyrenaeus,3.1911117004931754e-25,confusus,True,True
1682,,ISSERTES_0046,/Volumes/EXT DATA/IDMB/derived/Bombus/collection/images/ISSERTES_0046_P_2.jpg,confusus,1.0,monticola,4.1213912178183456e-26,pyrenaeus,5.082874988661218e-27,confusus,True,True
1683,,ISSERTES_0046,/Volumes/EXT DATA/IDMB/derived/Bombus/collection/images/ISSERTES_0046_S_1.jpg,confusus,1.0,monticola,1.8946825030358544e-21,pyrenaeus,2.9034197679336087e-22,confusus,True,True
1684,,ISSERTES_0046,/Volumes/EXT DATA/IDMB/derived/Bombus/collection/images/ISSERTES_0046_S_2.jpg,confusus,1.0,monticola,8.069971040052856e-24,pyrenaeus,1.9835670648192005e-24,confusus,True,True
1685,,ISSERTES_0046,/Volumes/EXT DATA/IDMB/derived/Bombus/collection/images/ISSERTES_0046_S_3.jpg,confusus,1.0,monticola,5.823786367927211e-22,pyrenaeus,5.093914172409997e-23,confusus,True,True
1686,,ISSERTES_0047,/Volumes/EXT DATA/IDMB/derived/Bombus/collection/images/ISSERTES_0047_P_1.jpg,confusus,0.9999999999999527,sichelii,3.8754687579906256e-14,monticola,5.348908613839365e-15,confusus,True,True
1687,,ISSERTES_0047,/Volumes/EXT DATA/IDMB/derived/Bombus/collection/images/ISSERTES_0047_P_2.jpg,confusus,1.0,sichelii,3.78726385959772e-18,monticola,2.0638431212181285e-18,confusus,True,True
1688,,ISSERTES_0047,/Volumes/EXT DATA/IDMB/derived/Bombus/collection/images/ISSERTES_0047_S_1.jpg,confusus,0.9999999999999989,sichelii,8.096010324674143e-16,monticola,1.191525405718842e-16,confusus,True,True
1689,,ISSERTES_0047,/Volumes/EXT DATA/IDMB/derived/Bombus/collection/images/ISSERTES_0047_S_2.jpg,confusus,0.9999999999999989,sichelii,1.0136545573397565e-15,monticola,3.632902118174898e-17,confusus,True,True
1690,,ISSERTES_0047,/Volumes/EXT DATA/IDMB/derived/Bombus/collection/images/ISSERTES_0047_S_3.jpg,confusus,0.9999999999999991,sichelii,7.757815096712309e-16,monticola,2.8299262824973016e-16,confusus,True,True
1691,,ISSERTES_0048,/Volumes/EXT DATA/IDMB/derived/Bombus/collection/images/ISSERTES_0048_P_1.jpg,pomorum,0.9998019276721374,sylvarum,0.00019736844985367217,ruderarius,7.034109789049437e-07,pomorum,True,True
1692,,ISSERTES_0048,/Volumes/EXT DATA/IDMB/derived/Bombus/collection/images/ISSERTES_0048_P_2.jpg,pomorum,0.9999933830711634,sylvarum,6.495222845427945e-06,ruderarius,1.216872123860035e-07,pomorum,True,True
1693,,ISSERTES_0048,/Volumes/EXT DATA/IDMB/derived/Bombus/collection/images/ISSERTES_0048_S_1.jpg,pomorum,0.9999945722414728,sylvarum,5.340820815339202e-06,ruderarius,8.692683006690335e-08,pomorum,True,True
1694,,ISSERTES_0048,/Volumes/EXT DATA/IDMB/derived/Bombus/collection/images/ISSERTES_0048_S_2.jpg,pomorum,0.9996996262014022,sylvarum,0.000297037513348773,ruderarius,3.336199468970192e-06,pomorum,True,True
1695,,ISSERTES_0048,/Volumes/EXT DATA/IDMB/derived/Bombus/collection/images/ISSERTES_0048_S_3.jpg,pomorum,0.9999996932915695,sylvarum,2.61567618648696e-07,ruderarius,4.5130471943152746e-08,pomorum,True,True
1696,,ISSERTES_0049,/Volumes/EXT DATA/IDMB/derived/Bombus/collection/images/ISSERTES_0049_P_1.jpg,pomorum,0.999999305550584,ruderarius,5.238864462803166e-07,sylvarum,1.630173088645839e-07,pomorum,True,True
1697,,ISSERTES_0049,/Volumes/EXT DATA/IDMB/derived/Bombus/collection/images/ISSERTES_0049_P_2.jpg,pomorum,0.9999992583705788,ruderarius,6.043341800392937e-07,sylvarum,1.3703846005556326e-07,pomorum,True,True
1698,,ISSERTES_0049,/Volumes/EXT DATA/IDMB/derived/Bombus/collection/images/ISSERTES_0049_S_1.jpg,pomorum,0.9999994385252431,ruderarius,4.100263839412873e-07,sylvarum,1.3039349548945523e-07,pomorum,True,True
1699,,ISSERTES_0049,/Volumes/EXT DATA/IDMB/derived/Bombus/collection/images/ISSERTES_0049_S_2.jpg,pomorum,0.999999431205518,ruderarius,5.631635097879986e-07,sylvarum,5.073402249540124e-09,pomorum,True,True
1700,,ISSERTES_0049,/Volumes/EXT DATA/IDMB/derived/Bombus/collection/images/ISSERTES_0049_S_3.jpg,pomorum,0.9999991144662611,ruderarius,7.914060599068125e-07,sylvarum,9.324743530644518e-08,pomorum,True,True
1701,,ISSERTES_0050,/Volumes/EXT DATA/IDMB/derived/Bombus/collection/images/ISSERTES_0050_P_1.jpg,pomorum,0.9999996705635008,sylvarum,2.2758969283804424e-07,pratorum,6.651013000507935e-08,pomorum,True,True
1702,,ISSERTES_0050,/Volumes/EXT DATA/IDMB/derived/Bombus/collection/images/ISSERTES_0050_P_2.jpg,pomorum,0.9999982819687123,sylvarum,1.3371275449810006e-06,ruderarius,2.3451933276165832e-07,pomorum,True,True
1703,,ISSERTES_0050,/Volumes/EXT DATA/IDMB/derived/Bombus/collection/images/ISSERTES_0050_S_1.jpg,pomorum,0.9999993977128924,ruderarius,2.230154523222589e-07,sylvarum,2.0419629379440755e-07,pomorum,True,True
1704,,ISSERTES_0050,/Volumes/EXT DATA/IDMB/derived/Bombus/collection/images/ISSERTES_0050_S_2.jpg,pomorum,0.9999998169509099,pratorum,1.720061432104139e-07,sylvarum,7.2236164422619884e-09,pomorum,True,True
1705,,ISSERTES_0050,/Volumes/EXT DATA/IDMB/derived/Bombus/collection/images/ISSERTES_0050_S_3.jpg,pomorum,0.9999988426450978,sylvarum,4.5925560511445976e-07,pratorum,4.243444197193199e-07,pomorum,True,True
1706,,ISSERTES_0051,/Volumes/EXT DATA/IDMB/derived/Bombus/collection/images/ISSERTES_0051_P_1.jpg,pomorum,0.9999996202050877,sylvarum,3.425058539078883e-07,pratorum,3.5949207347962574e-08,pomorum,True,True
1707,,ISSERTES_0051,/Volumes/EXT DATA/IDMB/derived/Bombus/collection/images/ISSERTES_0051_P_2.jpg,pomorum,0.9999997609909349,sylvarum,2.3280992504362227e-07,pratorum,5.469689001847613e-09,pomorum,True,True
1708,,ISSERTES_0051,/Volumes/EXT DATA/IDMB/derived/Bombus/collection/images/ISSERTES_0051_S_1.jpg,pomorum,0.9999997954988381,sylvarum,1.978209076695364e-07,ruderarius,6.469443301994737e-09,pomorum,True,True
1709,,ISSERTES_0051,/Volumes/EXT DATA/IDMB/derived/Bombus/collection/images/ISSERTES_0051_S_2.jpg,pomorum,0.9999999864051203,sylvarum,1.2281439879456408e-08,pratorum,1.0387844642030255e-09,pomorum,True,True
1710,,ISSERTES_0051,/Volumes/EXT DATA/IDMB/derived/Bombus/collection/images/ISSERTES_0051_S_3.jpg,pomorum,0.9999999980566951,pratorum,1.0060643010863448e-09,sylvarum,8.872464880747251e-10,pomorum,True,True
1711,,ISSERTES_0052,/Volumes/EXT DATA/IDMB/derived/Bombus/collection/images/ISSERTES_0052_P_1.jpg,pomorum,0.9999635254967573,sylvarum,3.642548036418625e-05,pratorum,3.307251061550762e-08,pomorum,True,True
1712,,ISSERTES_0052,/Volumes/EXT DATA/IDMB/derived/Bombus/collection/images/ISSERTES_0052_P_2.jpg,pomorum,0.9999120178394422,sylvarum,6.985799701366896e-05,pratorum,1.809252616662643e-05,pomorum,True,True
1713,,ISSERTES_0052,/Volumes/EXT DATA/IDMB/derived/Bombus/collection/images/ISSERTES_0052_S_1.jpg,pomorum,0.9999697517690549,sylvarum,2.5375855395766294e-05,pratorum,4.689886860365105e-06,pomorum,True,True
1714,,ISSERTES_0052,/Volumes/EXT DATA/IDMB/derived/Bombus/collection/images/ISSERTES_0052_S_2.jpg,pomorum,0.9999570593242294,sylvarum,4.194498654400028e-05,pratorum,9.561394103948305e-07,pomorum,True,True
1715,,ISSERTES_0052,/Volumes/EXT DATA/IDMB/derived/Bombus/collection/images/ISSERTES_0052_S_3.jpg,pomorum,0.9999965057863349,sylvarum,2.2428314650656527e-06,pratorum,1.233069258005024e-06,pomorum,True,True
1716,,ISSERTES_0053,/Volumes/EXT DATA/IDMB/derived/Bombus/collection/images/ISSERTES_0053_P_1.jpg,pomorum,0.9929081449311057,sylvarum,0.005985126508995304,ruderarius,0.0010989180516381893,pomorum,True,True
1717,,ISSERTES_0053,/Volumes/EXT DATA/IDMB/derived/Bombus/collection/images/ISSERTES_0053_P_2.jpg,pomorum,0.998990241511368,sylvarum,0.0008716454707855016,ruderarius,0.00011600224606706998,pomorum,True,True
1718,,ISSERTES_0053,/Volumes/EXT DATA/IDMB/derived/Bombus/collection/images/ISSERTES_0053_S_1.jpg,pomorum,0.9984513268535237,sylvarum,0.001323604983406624,ruderarius,0.0001937850663257051,pomorum,True,True
1719,,ISSERTES_0053,/Volumes/EXT DATA/IDMB/derived/Bombus/collection/images/ISSERTES_0053_S_2.jpg,pomorum,0.9951641091118187,sylvarum,0.0031911904634686385,ruderarius,0.0013519090238993728,pomorum,True,True
1720,,ISSERTES_0053,/Volumes/EXT DATA/IDMB/derived/Bombus/collection/images/ISSERTES_0053_S_3.jpg,pomorum,0.999660656956096,sylvarum,0.0003044693163849731,ruderarius,2.382780936909806e-05,pomorum,True,True
1721,,ISSERTES_0054,/Volumes/EXT DATA/IDMB/derived/Bombus/collection/images/ISSERTES_0054_S_3.jpg,lapidarius,0.8878292727365578,wurflenii,0.11217072703871328,monticola,1.7762493927780304e-10,rupestris,False,False
1722,,ISSERTES_0055,/Volumes/EXT DATA/IDMB/derived/Bombus/collection/images/ISSERTES_0055_P_1.jpg,pomorum,0.9996466434103499,sylvarum,0.00027636907738214,pratorum,6.699278304520544e-05,pomorum,True,True
1723,,ISSERTES_0055,/Volumes/EXT DATA/IDMB/derived/Bombus/collection/images/ISSERTES_0055_P_2.jpg,pomorum,0.9982997899219541,sylvarum,0.0016932443213443645,pratorum,3.784806466259647e-06,pomorum,True,True
1724,,ISSERTES_0055,/Volumes/EXT DATA/IDMB/derived/Bombus/collection/images/ISSERTES_0055_S_1.jpg,pomorum,0.9999540554708477,sylvarum,4.1388962690176515e-05,pratorum,4.429476371588844e-06,pomorum,True,True
1725,,ISSERTES_0055,/Volumes/EXT DATA/IDMB/derived/Bombus/collection/images/ISSERTES_0055_S_2.jpg,pomorum,0.9999912835512627,sylvarum,6.650673139492872e-06,pratorum,1.8450180924500164e-06,pomorum,True,True
1726,,ISSERTES_0055,/Volumes/EXT DATA/IDMB/derived/Bombus/collection/images/ISSERTES_0055_S_3.jpg,pomorum,0.9999319511036115,sylvarum,6.235055225892929e-05,pratorum,3.1211864773573304e-06,pomorum,True,True
1727,,ISSERTES_0056,/Volumes/EXT DATA/IDMB/derived/Bombus/collection/images/ISSERTES_0056_P_1.jpg,pomorum,0.9999998653848509,sichelii,6.765831150979497e-08,ruderarius,1.8640704251234412e-08,pomorum,True,True
1728,,ISSERTES_0056,/Volumes/EXT DATA/IDMB/derived/Bombus/collection/images/ISSERTES_0056_P_2.jpg,pomorum,0.9999763114398338,sichelii,8.160165976288428e-06,pyrenaeus,6.620416737828765e-06,pomorum,True,True
1729,,ISSERTES_0056,/Volumes/EXT DATA/IDMB/derived/Bombus/collection/images/ISSERTES_0056_S_1.jpg,pomorum,0.9999987190034436,sichelii,7.390184758700071e-07,lapidarius,3.1717781673094364e-07,pomorum,True,True
1730,,ISSERTES_0056,/Volumes/EXT DATA/IDMB/derived/Bombus/collection/images/ISSERTES_0056_S_2.jpg,pomorum,0.9999998375743835,lapidarius,6.463955247293852e-08,sichelii,4.831048528776864e-08,pomorum,True,True
1731,,ISSERTES_0056,/Volumes/EXT DATA/IDMB/derived/Bombus/collection/images/ISSERTES_0056_S_3.jpg,pomorum,0.9999978577998838,ruderarius,1.759983210131316e-06,sylvarum,3.6765609620436223e-07,pomorum,True,True
1732,,ISSERTES_0057,/Volumes/EXT DATA/IDMB/derived/Bombus/collection/images/ISSERTES_0057_P_1.jpg,pomorum,0.9999998430309736,sylvarum,1.2666391527449292e-07,pratorum,1.6176354714862723e-08,pomorum,True,True
1733,,ISSERTES_0057,/Volumes/EXT DATA/IDMB/derived/Bombus/collection/images/ISSERTES_0057_P_2.jpg,pomorum,0.9999999145022669,sylvarum,7.962628497475123e-08,ruderarius,2.727427263755063e-09,pomorum,True,True
1734,,ISSERTES_0057,/Volumes/EXT DATA/IDMB/derived/Bombus/collection/images/ISSERTES_0057_S_1.jpg,pomorum,0.9999996501321505,sylvarum,3.400642151038862e-07,ruderarius,5.814826277970452e-09,pomorum,True,True
1735,,ISSERTES_0057,/Volumes/EXT DATA/IDMB/derived/Bombus/collection/images/ISSERTES_0057_S_2.jpg,pomorum,0.999999838978646,sylvarum,1.4727323393687701e-07,ruderarius,1.0127393470561709e-08,pomorum,True,True
1736,,ISSERTES_0057,/Volumes/EXT DATA/IDMB/derived/Bombus/collection/images/ISSERTES_0057_S_3.jpg,pomorum,0.9999999545880663,sylvarum,3.754863090259181e-08,pratorum,3.6361734291045493e-09,pomorum,True,True
1737,,ISSERTES_0058,/Volumes/EXT DATA/IDMB/derived/Bombus/collection/images/ISSERTES_0058_P_1.jpg,sylvarum,0.9987868918473638,ruderarius,0.0012094371632480243,pomorum,1.9864559766315286e-06,sylvarum,True,True
1738,,ISSERTES_0058,/Volumes/EXT DATA/IDMB/derived/Bombus/collection/images/ISSERTES_0058_P_2.jpg,sylvarum,0.9926505577846676,ruderarius,0.007347672698787002,pomorum,1.1736620826021136e-06,sylvarum,True,True
1739,,ISSERTES_0058,/Volumes/EXT DATA/IDMB/derived/Bombus/collection/images/ISSERTES_0058_S_1.jpg,sylvarum,0.994474864835248,ruderarius,0.005524063016712601,pratorum,5.893082458371929e-07,sylvarum,True,True
1740,,ISSERTES_0058,/Volumes/EXT DATA/IDMB/derived/Bombus/collection/images/ISSERTES_0058_S_2.jpg,sylvarum,0.9773527018210414,ruderarius,0.022643823996836208,pomorum,2.5186411907389973e-06,sylvarum,True,True
1741,,ISSERTES_0058,/Volumes/EXT DATA/IDMB/derived/Bombus/collection/images/ISSERTES_0058_S_3.jpg,sylvarum,0.9998102454711273,ruderarius,0.00018897178937494994,pomorum,4.0803500431960737e-07,sylvarum,True,True
1742,,ISSERTES_0059,/Volumes/EXT DATA/IDMB/derived/Bombus/collection/images/ISSERTES_0059_P_1.jpg,pomorum,0.9999999999163041,sylvarum,7.034569515694713e-11,pratorum,1.0867116000538733e-11,pomorum,True,True
1743,,ISSERTES_0059,/Volumes/EXT DATA/IDMB/derived/Bombus/collection/images/ISSERTES_0059_P_2.jpg,pomorum,0.9999999999775797,sylvarum,1.8622429148740444e-11,pratorum,3.5388299475045194e-12,pomorum,True,True
1744,,ISSERTES_0059,/Volumes/EXT DATA/IDMB/derived/Bombus/collection/images/ISSERTES_0059_S_1.jpg,pomorum,0.9999999998884799,sylvarum,8.713298654922036e-11,pratorum,1.844180473293429e-11,pomorum,True,True
1745,,ISSERTES_0059,/Volumes/EXT DATA/IDMB/derived/Bombus/collection/images/ISSERTES_0059_S_2.jpg,pomorum,0.999999999225206,sylvarum,7.312752199070211e-10,ruderarius,3.2642143665876334e-11,pomorum,True,True
1746,,ISSERTES_0059,/Volumes/EXT DATA/IDMB/derived/Bombus/collection/images/ISSERTES_0059_S_3.jpg,pomorum,0.9999999998588778,pratorum,7.622514651387437e-11,sylvarum,6.19093598551439e-11,pomorum,True,True
1747,,ISSERTES_0060,/Volumes/EXT DATA/IDMB/derived/Bombus/collection/images/ISSERTES_0060_P_1.jpg,pomorum,0.9999965385841371,pratorum,2.7684745147132516e-06,sylvarum,3.964235000803457e-07,pomorum,True,True
1748,,ISSERTES_0060,/Volumes/EXT DATA/IDMB/derived/Bombus/collection/images/ISSERTES_0060_P_2.jpg,pomorum,0.9999994413988812,ruderarius,2.5515567689955783e-07,pratorum,2.5117370796917726e-07,pomorum,True,True
1749,,ISSERTES_0060,/Volumes/EXT DATA/IDMB/derived/Bombus/collection/images/ISSERTES_0060_S_1.jpg,pomorum,0.9999986786082745,pratorum,6.666291893562705e-07,ruderarius,5.373450900564231e-07,pomorum,True,True
1750,,ISSERTES_0060,/Volumes/EXT DATA/IDMB/derived/Bombus/collection/images/ISSERTES_0060_S_2.jpg,pomorum,0.9999994954986265,ruderarius,2.4070103812257047e-07,pratorum,2.264805657206453e-07,pomorum,True,True
1751,,ISSERTES_0060,/Volumes/EXT DATA/IDMB/derived/Bombus/collection/images/ISSERTES_0060_S_3.jpg,pomorum,0.9999993482003365,ruderarius,4.939067206597126e-07,sylvarum,1.154737009009415e-07,pomorum,True,True
1752,,ISSERTES_0061,/Volumes/EXT DATA/IDMB/derived/Bombus/collection/images/ISSERTES_0061_P_1.jpg,pomorum,0.999992144591737,sylvarum,5.212102844741021e-06,ruderarius,2.6433052249306847e-06,pomorum,True,True
1753,,ISSERTES_0061,/Volumes/EXT DATA/IDMB/derived/Bombus/collection/images/ISSERTES_0061_P_2.jpg,pomorum,0.9999984141444337,sylvarum,1.3505917822118388e-06,ruderarius,2.352631277433173e-07,pomorum,True,True
1754,,ISSERTES_0061,/Volumes/EXT DATA/IDMB/derived/Bombus/collection/images/ISSERTES_0061_S_1.jpg,pomorum,0.9999695486308297,sylvarum,2.4839671634557452e-05,ruderarius,5.6116940494809545e-06,pomorum,True,True
1755,,ISSERTES_0061,/Volumes/EXT DATA/IDMB/derived/Bombus/collection/images/ISSERTES_0061_S_2.jpg,pomorum,0.9999788267850438,sylvarum,2.021304349570588e-05,ruderarius,9.601709432183457e-07,pomorum,True,True
1756,,ISSERTES_0061,/Volumes/EXT DATA/IDMB/derived/Bombus/collection/images/ISSERTES_0061_S_3.jpg,pomorum,0.9999952655738457,sylvarum,3.3247502298650626e-06,ruderarius,1.4096753483320343e-06,pomorum,True,True
1757,,ISSERTES_0062,/Volumes/EXT DATA/IDMB/derived/Bombus/collection/images/ISSERTES_0062_P_1.jpg,pomorum,0.9992010345379112,sylvarum,0.0007311466184923961,ruderarius,6.418664436039836e-05,pomorum,True,True
1758,,ISSERTES_0062,/Volumes/EXT DATA/IDMB/derived/Bombus/collection/images/ISSERTES_0062_P_2.jpg,pomorum,0.9993415009268135,sylvarum,0.00041856286246837724,ruderarius,0.0002379907396703678,pomorum,True,True
1759,,ISSERTES_0062,/Volumes/EXT DATA/IDMB/derived/Bombus/collection/images/ISSERTES_0062_S_1.jpg,pomorum,0.9862199388510301,sylvarum,0.013059363482189223,ruderarius,0.0007201036029915606,pomorum,True,True
1760,,ISSERTES_0062,/Volumes/EXT DATA/IDMB/derived/Bombus/collection/images/ISSERTES_0062_S_2.jpg,pomorum,0.9891287517544954,sylvarum,0.009372700715753558,ruderarius,0.0013087615456360091,pomorum,True,True
1761,,ISSERTES_0062,/Volumes/EXT DATA/IDMB/derived/Bombus/collection/images/ISSERTES_0062_S_3.jpg,pomorum,0.9889378502170711,sylvarum,0.010358244354758721,ruderarius,0.00042899486770848013,pomorum,True,True
1762,,ISSERTES_0063,/Volumes/EXT DATA/IDMB/derived/Bombus/collection/images/ISSERTES_0063_P_1.jpg,pomorum,0.9999933103505136,sylvarum,6.5052098195656725e-06,ruderarius,1.8437288875380945e-07,pomorum,True,True
1763,,ISSERTES_0063,/Volumes/EXT DATA/IDMB/derived/Bombus/collection/images/ISSERTES_0063_P_2.jpg,pomorum,0.9999272840485788,sylvarum,7.165661151604598e-05,ruderarius,1.0593314930488752e-06,pomorum,True,True
1764,,ISSERTES_0063,/Volumes/EXT DATA/IDMB/derived/Bombus/collection/images/ISSERTES_0063_S_1.jpg,pomorum,0.999999350595938,sylvarum,6.199708015163872e-07,ruderarius,2.940781014155526e-08,pomorum,True,True
1765,,ISSERTES_0063,/Volumes/EXT DATA/IDMB/derived/Bombus/collection/images/ISSERTES_0063_S_2.jpg,pomorum,0.999999133442325,sylvarum,8.400701978041992e-07,ruderarius,2.6461996788804095e-08,pomorum,True,True
1766,,ISSERTES_0063,/Volumes/EXT DATA/IDMB/derived/Bombus/collection/images/ISSERTES_0063_S_3.jpg,pomorum,0.9999895648387428,sylvarum,1.03010332153107e-05,ruderarius,1.3402595446630056e-07,pomorum,True,True
1767,,ISSERTES_0064,/Volumes/EXT DATA/IDMB/derived/Bombus/collection/images/ISSERTES_0064_P_1.jpg,rupestris,0.9999999999999991,lapidarius,6.520866374342338e-16,sichelii,2.700551858860262e-16,rupestris,True,True
1768,,ISSERTES_0064,/Volumes/EXT DATA/IDMB/derived/Bombus/collection/images/ISSERTES_0064_P_2.jpg,rupestris,0.9999999999219868,sichelii,6.620565231391277e-11,wurflenii,1.1532885586548859e-11,rupestris,True,True
1769,,ISSERTES_0064,/Volumes/EXT DATA/IDMB/derived/Bombus/collection/images/ISSERTES_0064_S_1.jpg,rupestris,1.0,lapidarius,1.282530679358242e-18,sichelii,1.0396659859494393e-18,rupestris,True,True
1770,,ISSERTES_0064,/Volumes/EXT DATA/IDMB/derived/Bombus/collection/images/ISSERTES_0064_S_2.jpg,rupestris,0.9999999739921495,wurflenii,1.7666207282938615e-08,sichelii,8.214464051887206e-09,rupestris,True,True
1771,,ISSERTES_0065,/Volumes/EXT DATA/IDMB/derived/Bombus/collection/images/ISSERTES_0065_P_1.jpg,pomorum,0.9996619327363666,sylvarum,0.0003362911387820499,ruderarius,1.408673173157932e-06,pomorum,True,True
1772,,ISSERTES_0065,/Volumes/EXT DATA/IDMB/derived/Bombus/collection/images/ISSERTES_0065_P_2.jpg,pomorum,0.9997602581270866,sylvarum,0.0002379172973374712,ruderarius,1.2566021810975487e-06,pomorum,True,True
1773,,ISSERTES_0065,/Volumes/EXT DATA/IDMB/derived/Bombus/collection/images/ISSERTES_0065_S_1.jpg,pomorum,0.9976173881830918,sylvarum,0.00237387512432775,ruderarius,8.09392069928771e-06,pomorum,True,True
1774,,ISSERTES_0065,/Volumes/EXT DATA/IDMB/derived/Bombus/collection/images/ISSERTES_0065_S_2.jpg,pomorum,0.9994617936729874,sylvarum,0.0005356279803501509,ruderarius,2.56960670740284e-06,pomorum,True,True
1775,,ISSERTES_0065,/Volumes/EXT DATA/IDMB/derived/Bombus/collection/images/ISSERTES_0065_S_3.jpg,pomorum,0.9994737355266566,sylvarum,0.0005259127223265711,ruderarius,3.508552678973653e-07,pomorum,True,True
1776,,ISSERTES_0066,/Volumes/EXT DATA/IDMB/derived/Bombus/collection/images/ISSERTES_0066_P_1.jpg,pomorum,0.9999998949718022,sylvarum,1.0482876372017503e-07,ruderarius,1.9612082676292139e-10,pomorum,True,True
1777,,ISSERTES_0066,/Volumes/EXT DATA/IDMB/derived/Bombus/collection/images/ISSERTES_0066_P_2.jpg,pomorum,0.9999999133913595,sylvarum,8.644536026615595e-08,ruderarius,1.626392800390973e-10,pomorum,True,True
1778,,ISSERTES_0066,/Volumes/EXT DATA/IDMB/derived/Bombus/collection/images/ISSERTES_0066_S_2.jpg,pomorum,0.999999928792638,sylvarum,7.101596342114255e-08,ruderarius,1.9045014884924752e-10,pomorum,True,True
1779,,ISSERTES_0066,/Volumes/EXT DATA/IDMB/derived/Bombus/collection/images/ISSERTES_0066_S_3.jpg,pomorum,0.9999997614730569,sylvarum,2.3079191663627713e-07,ruderarius,7.732559439835892e-09,pomorum,True,True
1780,,ISSERTES_0067,/Volumes/EXT DATA/IDMB/derived/Bombus/collection/images/ISSERTES_0067_P_1.jpg,pomorum,0.9995279591796534,ruderarius,0.00017437706580067115,sylvarum,0.00011063824286247736,pomorum,True,True
1781,,ISSERTES_0067,/Volumes/EXT DATA/IDMB/derived/Bombus/collection/images/ISSERTES_0067_P_2.jpg,pomorum,0.9985556675118058,lapidarius,0.0007431503021574138,ruderarius,0.00039738948484414996,pomorum,True,True
1782,,ISSERTES_0067,/Volumes/EXT DATA/IDMB/derived/Bombus/collection/images/ISSERTES_0067_S_2.jpg,pomorum,0.999971122220306,sylvarum,1.695077744527049e-05,ruderarius,9.79554055128358e-06,pomorum,True,True
1783,,ISSERTES_0067,/Volumes/EXT DATA/IDMB/derived/Bombus/collection/images/ISSERTES_0067_S_3.jpg,pomorum,0.9992710088724415,sylvarum,0.000408401619923591,ruderarius,0.0003104308445945854,pomorum,True,True
1784,,ISSERTES_0068,/Volumes/EXT DATA/IDMB/derived/Bombus/collection/images/ISSERTES_0068_P_1.jpg,confusus,1.0,monticola,9.622045488971138e-17,pyrenaeus,1.624272805600845e-18,confusus,True,True
1785,,ISSERTES_0068,/Volumes/EXT DATA/IDMB/derived/Bombus/collection/images/ISSERTES_0068_P_2.jpg,confusus,1.0,monticola,4.33491029272032e-18,pyrenaeus,5.298374331549628e-21,confusus,True,True
1786,,ISSERTES_0068,/Volumes/EXT DATA/IDMB/derived/Bombus/collection/images/ISSERTES_0068_S_1.jpg,confusus,1.0,monticola,3.028634014589123e-17,pyrenaeus,1.062506362310792e-18,confusus,True,True
1787,,ISSERTES_0068,/Volumes/EXT DATA/IDMB/derived/Bombus/collection/images/ISSERTES_0068_S_2.jpg,confusus,1.0,monticola,6.171431779892711e-17,pyrenaeus,6.578284669834933e-19,confusus,True,True
1788,,ISSERTES_0068,/Volumes/EXT DATA/IDMB/derived/Bombus/collection/images/ISSERTES_0068_S_3.jpg,confusus,0.9999999999999734,monticola,2.6443655450205428e-14,pyrenaeus,1.1183151201335507e-16,confusus,True,True
1789,,ISSERTES_0069,/Volumes/EXT DATA/IDMB/derived/Bombus/collection/images/ISSERTES_0069_P_1.jpg,pomorum,0.9987737879736138,sylvarum,0.0010330789307813758,ruderarius,0.00018223499739293344,pomorum,True,True
1790,,ISSERTES_0069,/Volumes/EXT DATA/IDMB/derived/Bombus/collection/images/ISSERTES_0069_P_2.jpg,pomorum,0.9649283701827489,sylvarum,0.031328314381269526,ruderarius,0.0036627523383254024,pomorum,True,True
1791,,ISSERTES_0069,/Volumes/EXT DATA/IDMB/derived/Bombus/collection/images/ISSERTES_0069_S_1.jpg,pomorum,0.9967674298975094,sylvarum,0.002748200114093059,ruderarius,0.00048405781525992443,pomorum,True,True
1792,,ISSERTES_0069,/Volumes/EXT DATA/IDMB/derived/Bombus/collection/images/ISSERTES_0069_S_2.jpg,pomorum,0.8766801785578661,sylvarum,0.12114837588260512,ruderarius,0.0021700429959932563,pomorum,True,True
1793,,ISSERTES_0069,/Volumes/EXT DATA/IDMB/derived/Bombus/collection/images/ISSERTES_0069_S_3.jpg,pomorum,0.9917133822281653,sylvarum,0.008113701379483166,ruderarius,0.00016397846837119638,pomorum,True,True
1794,,ISSERTES_0070,/Volumes/EXT DATA/IDMB/derived/Bombus/collection/images/ISSERTES_0070_P_1.jpg,pomorum,0.99999992674829,sichelii,4.7792730748288443e-08,lapidarius,1.1264715560411917e-08,pomorum,True,True
1795,,ISSERTES_0070,/Volumes/EXT DATA/IDMB/derived/Bombus/collection/images/ISSERTES_0070_P_2.jpg,pomorum,0.9999999919345895,ruderarius,4.071618832831546e-09,sylvarum,1.6912329198855791e-09,pomorum,True,True
1796,,ISSERTES_0070,/Volumes/EXT DATA/IDMB/derived/Bombus/collection/images/ISSERTES_0070_S_1.jpg,pomorum,0.9999991670516385,wurflenii,7.756797367974665e-07,ruderarius,4.3690526257433474e-08,pomorum,True,True
1797,,ISSERTES_0070,/Volumes/EXT DATA/IDMB/derived/Bombus/collection/images/ISSERTES_0070_S_2.jpg,pomorum,0.9999999870290497,soroeensis,3.7139549691990307e-09,ruderarius,3.109452282385291e-09,pomorum,True,True
1798,,ISSERTES_0070,/Volumes/EXT DATA/IDMB/derived/Bombus/collection/images/ISSERTES_0070_S_3.jpg,pomorum,0.9999999842735896,ruderarius,1.4252439063644587e-08,sylvarum,8.772675941311657e-10,pomorum,True,True
1799,,ISSERTES_0071,/Volumes/EXT DATA/IDMB/derived/Bombus/collection/images/ISSERTES_0071_P_1.jpg,confusus,1.0,monticola,3.117098066776827e-17,sichelii,1.5469520122990855e-20,confusus,True,True
1800,,ISSERTES_0071,/Volumes/EXT DATA/IDMB/derived/Bombus/collection/images/ISSERTES_0071_P_2.jpg,confusus,1.0,monticola,6.69374958341951e-17,sichelii,4.1917109312031686e-20,confusus,True,True
1801,,ISSERTES_0071,/Volumes/EXT DATA/IDMB/derived/Bombus/collection/images/ISSERTES_0071_S_1.jpg,confusus,0.9999999999999998,monticola,1.9705048705823232e-16,sichelii,1.4466658713399976e-19,confusus,True,True
1802,,ISSERTES_0071,/Volumes/EXT DATA/IDMB/derived/Bombus/collection/images/ISSERTES_0071_S_2.jpg,confusus,0.9999999999995823,monticola,4.174678976359874e-13,pyrenaeus,2.177822400035219e-16,confusus,True,True
1803,,ISSERTES_0071,/Volumes/EXT DATA/IDMB/derived/Bombus/collection/images/ISSERTES_0071_S_3.jpg,confusus,0.9999999999999956,monticola,4.395592407109779e-15,sichelii,6.691609188956106e-18,confusus,True,True
1804,,ISSERTES_0072,/Volumes/EXT DATA/IDMB/derived/Bombus/collection/images/ISSERTES_0072_P_1.jpg,sylvarum,0.8723546793557005,ruderarius,0.12764429688327567,pomorum,5.916524135989593e-07,sylvarum,True,True
1805,,ISSERTES_0072,/Volumes/EXT DATA/IDMB/derived/Bombus/collection/images/ISSERTES_0072_P_2.jpg,sylvarum,0.9871761179362216,ruderarius,0.012820322988914152,pomorum,3.5537014521289457e-06,sylvarum,True,True
1806,,ISSERTES_0072,/Volumes/EXT DATA/IDMB/derived/Bombus/collection/images/ISSERTES_0072_S_1.jpg,sylvarum,0.9536292798293693,ruderarius,0.046345104795166896,pomorum,2.1039778241887576e-05,sylvarum,True,True
1807,,ISSERTES_0072,/Volumes/EXT DATA/IDMB/derived/Bombus/collection/images/ISSERTES_0072_S_2.jpg,sylvarum,0.9608797337516898,ruderarius,0.03911773019705507,pratorum,1.3660269554304719e-06,sylvarum,True,True
1808,,ISSERTES_0072,/Volumes/EXT DATA/IDMB/derived/Bombus/collection/images/ISSERTES_0072_S_3.jpg,sylvarum,0.9775550279701157,ruderarius,0.02243249613254368,pomorum,6.647345388862816e-06,sylvarum,True,True
1809,,ISSERTES_0073,/Volumes/EXT DATA/IDMB/derived/Bombus/collection/images/ISSERTES_0073_P_1.jpg,confusus,1.0,monticola,1.8789053390507063e-28,sichelii,3.512147496959997e-31,confusus,True,True
1810,,ISSERTES_0073,/Volumes/EXT DATA/IDMB/derived/Bombus/collection/images/ISSERTES_0073_P_2.jpg,confusus,1.0,monticola,4.59482131043766e-27,sichelii,7.470981960364497e-30,confusus,True,True
1811,,ISSERTES_0073,/Volumes/EXT DATA/IDMB/derived/Bombus/collection/images/ISSERTES_0073_S_1.jpg,confusus,1.0,monticola,6.106267250527839e-27,sichelii,5.861357614676568e-29,confusus,True,True
1812,,ISSERTES_0073,/Volumes/EXT DATA/IDMB/derived/Bombus/collection/images/ISSERTES_0073_S_2.jpg,confusus,1.0,monticola,4.109960961680453e-26,sichelii,1.1914676558745754e-28,confusus,True,True
1813,,ISSERTES_0073,/Volumes/EXT DATA/IDMB/derived/Bombus/collection/images/ISSERTES_0073_S_3.jpg,confusus,1.0,monticola,4.7718416926050686e-24,soroeensis,6.640464453460526e-27,confusus,True,True
1814,,ISSERTES_0074,/Volumes/EXT DATA/IDMB/derived/Bombus/collection/images/ISSERTES_0074_P_1.jpg,confusus,1.0,monticola,4.090543178224377e-23,sichelii,9.409206039351718e-27,confusus,True,True
1815,,ISSERTES_0074,/Volumes/EXT DATA/IDMB/derived/Bombus/collection/images/ISSERTES_0074_P_2.jpg,confusus,1.0,monticola,8.21544711894291e-27,sichelii,4.507498714635873e-30,confusus,True,True
1816,,ISSERTES_0074,/Volumes/EXT DATA/IDMB/derived/Bombus/collection/images/ISSERTES_0074_S_1.jpg,confusus,1.0,monticola,1.2261506835513923e-25,sichelii,1.125962817792294e-27,confusus,True,True
1817,,ISSERTES_0074,/Volumes/EXT DATA/IDMB/derived/Bombus/collection/images/ISSERTES_0074_S_2.jpg,confusus,1.0,monticola,2.017725050716945e-23,sichelii,7.30949217805988e-26,confusus,True,True
1818,,ISSERTES_0074,/Volumes/EXT DATA/IDMB/derived/Bombus/collection/images/ISSERTES_0074_S_3.jpg,confusus,1.0,monticola,2.4159537382336087e-22,sichelii,3.2273860374233833e-25,confusus,True,True
1819,,ISSERTES_0075,/Volumes/EXT DATA/IDMB/derived/Bombus/collection/images/ISSERTES_0075_P_1.jpg,sylvarum,0.99993637036358,pratorum,3.361868062263642e-05,ruderarius,2.9937973619504034e-05,sylvarum,True,True
1820,,ISSERTES_0075,/Volumes/EXT DATA/IDMB/derived/Bombus/collection/images/ISSERTES_0075_S_1.jpg,sylvarum,0.9998840888285978,ruderarius,0.00011271950332229956,pratorum,3.188819331213836e-06,sylvarum,True,True
1821,,ISSERTES_0075,/Volumes/EXT DATA/IDMB/derived/Bombus/collection/images/ISSERTES_0075_S_2.jpg,sylvarum,0.9999829034018337,ruderarius,1.6486570937674048e-05,pratorum,6.076207392733905e-07,sylvarum,True,True
1822,,ISSERTES_0075,/Volumes/EXT DATA/IDMB/derived/Bombus/collection/images/ISSERTES_0075_S_3.jpg,sylvarum,0.9999425419634813,ruderarius,3.379443815016891e-05,pratorum,2.3659584829416508e-05,sylvarum,True,True
1823,,ISSERTES_0076,/Volumes/EXT DATA/IDMB/derived/Bombus/collection/images/ISSERTES_0076_P_1.jpg,confusus,1.0,sichelii,1.9165578448959845e-22,monticola,1.8140223918643945e-22,confusus,True,True
1824,,ISSERTES_0076,/Volumes/EXT DATA/IDMB/derived/Bombus/collection/images/ISSERTES_0076_P_2.jpg,confusus,1.0,sichelii,1.9926049707888325e-24,monticola,1.9591764571178116e-25,confusus,True,True
1825,,ISSERTES_0076,/Volumes/EXT DATA/IDMB/derived/Bombus/collection/images/ISSERTES_0076_S_1.jpg,confusus,1.0,sichelii,1.0907261375672311e-23,monticola,3.570562557802919e-24,confusus,True,True
1826,,ISSERTES_0076,/Volumes/EXT DATA/IDMB/derived/Bombus/collection/images/ISSERTES_0076_S_2.jpg,confusus,1.0,monticola,4.648034591198272e-22,sichelii,8.382139642346397e-23,confusus,True,True
1827,,ISSERTES_0076,/Volumes/EXT DATA/IDMB/derived/Bombus/collection/images/ISSERTES_0076_S_3.jpg,confusus,1.0,sichelii,1.0886156612328557e-23,monticola,6.6063700962307945e-24,confusus,True,True
1828,,ISSERTES_0077,/Volumes/EXT DATA/IDMB/derived/Bombus/collection/images/ISSERTES_0077_P_1.jpg,confusus,1.0,monticola,2.8595354150043884e-29,pyrenaeus,2.3470839570798243e-35,confusus,True,True
1829,,ISSERTES_0077,/Volumes/EXT DATA/IDMB/derived/Bombus/collection/images/ISSERTES_0077_P_2.jpg,confusus,1.0,monticola,2.0157858370273566e-29,pyrenaeus,1.1724625254245549e-35,confusus,True,True
1830,,ISSERTES_0077,/Volumes/EXT DATA/IDMB/derived/Bombus/collection/images/ISSERTES_0077_S_1.jpg,confusus,1.0,monticola,2.1403427231934602e-30,pyrenaeus,1.2132565951074847e-36,confusus,True,True
1831,,ISSERTES_0077,/Volumes/EXT DATA/IDMB/derived/Bombus/collection/images/ISSERTES_0077_S_2.jpg,confusus,1.0,monticola,2.1777371687845587e-28,pyrenaeus,1.9089789723009596e-34,confusus,True,True
1832,,ISSERTES_0077,/Volumes/EXT DATA/IDMB/derived/Bombus/collection/images/ISSERTES_0077_S_3.jpg,confusus,1.0,monticola,1.9427207949653937e-24,pyrenaeus,1.0097249997921909e-30,confusus,True,True
1833,,ISSERTES_0078,/Volumes/EXT DATA/IDMB/derived/Bombus/collection/images/ISSERTES_0078_P_1.jpg,confusus,1.0,monticola,3.6609198207318424e-29,pyrenaeus,1.3280438981654686e-35,confusus,True,True
1834,,ISSERTES_0078,/Volumes/EXT DATA/IDMB/derived/Bombus/collection/images/ISSERTES_0078_P_2.jpg,confusus,1.0,monticola,2.6901333734435962e-30,pyrenaeus,1.8293970120596934e-36,confusus,True,True
1835,,ISSERTES_0078,/Volumes/EXT DATA/IDMB/derived/Bombus/collection/images/ISSERTES_0078_S_1.jpg,confusus,1.0,monticola,6.21804974925399e-29,pyrenaeus,1.8230140464267478e-34,confusus,True,True
1836,,ISSERTES_0078,/Volumes/EXT DATA/IDMB/derived/Bombus/collection/images/ISSERTES_0078_S_2.jpg,confusus,1.0,monticola,5.015021062549455e-30,pyrenaeus,9.444658575348886e-36,confusus,True,True
1837,,ISSERTES_0078,/Volumes/EXT DATA/IDMB/derived/Bombus/collection/images/ISSERTES_0078_S_3.jpg,confusus,1.0,monticola,2.8769690302548156e-33,pyrenaeus,8.078505266916341e-39,confusus,True,True
1838,,ISSERTES_0079,/Volumes/EXT DATA/IDMB/derived/Bombus/collection/images/ISSERTES_0079_P_1.jpg,sylvarum,0.9999940683660438,ruderarius,5.572482311668215e-06,pomorum,3.5863443586638646e-07,sylvarum,True,True
1839,,ISSERTES_0079,/Volumes/EXT DATA/IDMB/derived/Bombus/collection/images/ISSERTES_0079_P_2.jpg,sylvarum,0.9999892302565933,ruderarius,1.0590234453661218e-05,pomorum,1.7888405634966359e-07,sylvarum,True,True
1840,,ISSERTES_0079,/Volumes/EXT DATA/IDMB/derived/Bombus/collection/images/ISSERTES_0079_S_1.jpg,sylvarum,0.9999780759286828,ruderarius,2.1557795480052388e-05,pomorum,3.470825308127022e-07,sylvarum,True,True
1841,,ISSERTES_0079,/Volumes/EXT DATA/IDMB/derived/Bombus/collection/images/ISSERTES_0079_S_2.jpg,sylvarum,0.999960984063671,ruderarius,3.827471904894657e-05,pomorum,7.410746054328534e-07,sylvarum,True,True
1842,,ISSERTES_0079,/Volumes/EXT DATA/IDMB/derived/Bombus/collection/images/ISSERTES_0079_S_3.jpg,sylvarum,0.9999758353692089,ruderarius,2.408271242948007e-05,pomorum,8.123325938199032e-08,sylvarum,True,True
1843,,ISSERTES_0080,/Volumes/EXT DATA/IDMB/derived/Bombus/collection/images/ISSERTES_0080_P_1.jpg,sylvarum,0.9998703799842805,pratorum,6.806194185107764e-05,ruderarius,6.101222464457983e-05,sylvarum,True,True
1844,,ISSERTES_0080,/Volumes/EXT DATA/IDMB/derived/Bombus/collection/images/ISSERTES_0080_P_2.jpg,sylvarum,0.9989359296531175,pratorum,0.0008037558261518785,ruderarius,0.00025844070011904236,sylvarum,True,True
1845,,ISSERTES_0080,/Volumes/EXT DATA/IDMB/derived/Bombus/collection/images/ISSERTES_0080_S_1.jpg,sylvarum,0.9999677030529881,ruderarius,2.250549104338466e-05,pratorum,6.924108031220198e-06,sylvarum,True,True
1846,,ISSERTES_0080,/Volumes/EXT DATA/IDMB/derived/Bombus/collection/images/ISSERTES_0080_S_2.jpg,sylvarum,0.9996840607323358,pratorum,0.00028015501398270814,ruderarius,3.490202508759989e-05,sylvarum,True,True
1847,,ISSERTES_0080,/Volumes/EXT DATA/IDMB/derived/Bombus/collection/images/ISSERTES_0080_S_3.jpg,sylvarum,0.9995414269008985,pratorum,0.0003315088660017176,ruderarius,0.00011750665074296607,sylvarum,True,True
1848,,ISSERTES_0081,/Volumes/EXT DATA/IDMB/derived/Bombus/collection/images/ISSERTES_0081_P_1.jpg,confusus,1.0,monticola,7.603691248222375e-27,sichelii,4.747857742653356e-31,confusus,True,True
1849,,ISSERTES_0081,/Volumes/EXT DATA/IDMB/derived/Bombus/collection/images/ISSERTES_0081_P_2.jpg,confusus,1.0,monticola,3.3840974603426236e-28,pyrenaeus,3.107282282560515e-32,confusus,True,True
1850,,ISSERTES_0081,/Volumes/EXT DATA/IDMB/derived/Bombus/collection/images/ISSERTES_0081_S_1.jpg,confusus,1.0,monticola,3.593624271297105e-25,pyrenaeus,1.74899064125966e-28,confusus,True,True
1851,,ISSERTES_0081,/Volumes/EXT DATA/IDMB/derived/Bombus/collection/images/ISSERTES_0081_S_2.jpg,confusus,1.0,monticola,5.693885541711519e-25,pyrenaeus,3.127898250314558e-29,confusus,True,True
1852,,ISSERTES_0081,/Volumes/EXT DATA/IDMB/derived/Bombus/collection/images/ISSERTES_0081_S_3.jpg,confusus,1.0,monticola,2.227681259121338e-25,pyrenaeus,2.132370261644928e-29,confusus,True,True
1853,,ISSERTES_0082,/Volumes/EXT DATA/IDMB/derived/Bombus/collection/images/ISSERTES_0082_P_1.jpg,confusus,0.9999999999999987,monticola,1.2776087149934009e-15,pyrenaeus,3.4397169376333352e-18,confusus,True,True
1854,,ISSERTES_0082,/Volumes/EXT DATA/IDMB/derived/Bombus/collection/images/ISSERTES_0082_P_2.jpg,confusus,0.9999999999999944,monticola,5.582780710576167e-15,pyrenaeus,1.2741193611976456e-17,confusus,True,True
1855,,ISSERTES_0082,/Volumes/EXT DATA/IDMB/derived/Bombus/collection/images/ISSERTES_0082_S_1.jpg,confusus,0.9999999999995082,monticola,4.854297862440142e-13,pyrenaeus,6.422617953226349e-15,confusus,True,True
1856,,ISSERTES_0082,/Volumes/EXT DATA/IDMB/derived/Bombus/collection/images/ISSERTES_0082_S_2.jpg,confusus,0.9999999999999372,monticola,6.184620405841226e-14,pyrenaeus,9.859279105868857e-16,confusus,True,True
1857,,ISSERTES_0082,/Volumes/EXT DATA/IDMB/derived/Bombus/collection/images/ISSERTES_0082_S_3.jpg,confusus,0.9999999999434619,monticola,5.610636520913302e-11,pyrenaeus,4.302509191036015e-13,confusus,True,True
1858,,ISSERTES_0083,/Volumes/EXT DATA/IDMB/derived/Bombus/collection/images/ISSERTES_0083_P_1.jpg,confusus,1.0,monticola,4.171680545116559e-25,pyrenaeus,1.8625560781861424e-29,confusus,True,True
1859,,ISSERTES_0083,/Volumes/EXT DATA/IDMB/derived/Bombus/collection/images/ISSERTES_0083_P_2.jpg,confusus,1.0,monticola,1.0751265761964988e-24,pyrenaeus,6.482561334266757e-29,confusus,True,True
1860,,ISSERTES_0083,/Volumes/EXT DATA/IDMB/derived/Bombus/collection/images/ISSERTES_0083_S_1.jpg,confusus,1.0,monticola,1.2740089903566227e-21,pyrenaeus,1.2984161099993837e-25,confusus,True,True
1861,,ISSERTES_0083,/Volumes/EXT DATA/IDMB/derived/Bombus/collection/images/ISSERTES_0083_S_2.jpg,confusus,1.0,monticola,8.520815771198423e-22,pyrenaeus,8.536462071627717e-26,confusus,True,True
1862,,ISSERTES_0083,/Volumes/EXT DATA/IDMB/derived/Bombus/collection/images/ISSERTES_0083_S_3.jpg,confusus,1.0,monticola,2.3105610584571854e-23,pyrenaeus,4.45729680573386e-27,confusus,True,True
1863,,ISSERTES_0084,/Volumes/EXT DATA/IDMB/derived/Bombus/collection/images/ISSERTES_0084_P_1.jpg,confusus,1.0,monticola,8.081288813372238e-20,pyrenaeus,9.31158504929591e-22,confusus,True,True
1864,,ISSERTES_0084,/Volumes/EXT DATA/IDMB/derived/Bombus/collection/images/ISSERTES_0084_P_2.jpg,confusus,1.0,monticola,6.225292593119793e-22,pyrenaeus,9.23880531268434e-25,confusus,True,True
1865,,ISSERTES_0084,/Volumes/EXT DATA/IDMB/derived/Bombus/collection/images/ISSERTES_0084_S_1.jpg,confusus,1.0,monticola,3.3383325324843415e-23,pyrenaeus,8.387148769245174e-26,confusus,True,True
1866,,ISSERTES_0084,/Volumes/EXT DATA/IDMB/derived/Bombus/collection/images/ISSERTES_0084_S_2.jpg,confusus,1.0,monticola,4.368935576174659e-20,pyrenaeus,1.527925640259333e-22,confusus,True,True
1867,,ISSERTES_0084,/Volumes/EXT DATA/IDMB/derived/Bombus/collection/images/ISSERTES_0084_S_3.jpg,confusus,1.0,monticola,3.4722749930074225e-21,pyrenaeus,1.3308898252536268e-23,confusus,True,True
1868,,ISSERTES_0085,/Volumes/EXT DATA/IDMB/derived/Bombus/collection/images/ISSERTES_0085_P_1.jpg,pomorum,0.9999997523632247,sylvarum,2.2376788142705108e-07,ruderarius,2.3863952684565774e-08,pomorum,True,True
1869,,ISSERTES_0085,/Volumes/EXT DATA/IDMB/derived/Bombus/collection/images/ISSERTES_0085_P_2.jpg,pomorum,0.9999988450815225,sylvarum,6.2560647123247e-07,ruderarius,5.287686462516314e-07,pomorum,True,True
1870,,ISSERTES_0085,/Volumes/EXT DATA/IDMB/derived/Bombus/collection/images/ISSERTES_0085_S_2.jpg,pomorum,0.9999978824908754,sylvarum,1.7682046135748323e-06,ruderarius,3.4928890453425107e-07,pomorum,True,True
1871,,ISSERTES_0085,/Volumes/EXT DATA/IDMB/derived/Bombus/collection/images/ISSERTES_0085_S_3.jpg,pomorum,0.9999998296554492,sylvarum,1.0093277191394344e-07,ruderarius,6.930644516623898e-08,pomorum,True,True
1872,,ISSERTES_0086,/Volumes/EXT DATA/IDMB/derived/Bombus/collection/images/ISSERTES_0086_P_1.jpg,confusus,1.0,monticola,1.4290186514426245e-25,sichelii,8.359450439896832e-32,confusus,True,True
1873,,ISSERTES_0086,/Volumes/EXT DATA/IDMB/derived/Bombus/collection/images/ISSERTES_0086_P_2.jpg,confusus,1.0,monticola,1.358373497641056e-27,sichelii,6.751074946758218e-34,confusus,True,True
1874,,ISSERTES_0086,/Volumes/EXT DATA/IDMB/derived/Bombus/collection/images/ISSERTES_0086_S_1.jpg,confusus,1.0,monticola,4.040428000927312e-28,sichelii,1.1960962603457224e-33,confusus,True,True
1875,,ISSERTES_0086,/Volumes/EXT DATA/IDMB/derived/Bombus/collection/images/ISSERTES_0086_S_2.jpg,confusus,1.0,monticola,7.483589841760331e-25,sichelii,4.635413581218157e-32,confusus,True,True
1876,,ISSERTES_0086,/Volumes/EXT DATA/IDMB/derived/Bombus/collection/images/ISSERTES_0086_S_3.jpg,confusus,1.0,monticola,6.302399879369919e-25,sichelii,3.284966854325173e-31,confusus,True,True
1877,,ISSERTES_0087,/Volumes/EXT DATA/IDMB/derived/Bombus/collection/images/ISSERTES_0087_P_1.jpg,confusus,1.0,monticola,3.3283952407236636e-21,sichelii,2.199552165963269e-25,confusus,True,True
1878,,ISSERTES_0087,/Volumes/EXT DATA/IDMB/derived/Bombus/collection/images/ISSERTES_0087_P_2.jpg,confusus,1.0,monticola,9.610793584182305e-21,sichelii,1.6391478615922677e-24,confusus,True,True
1879,,ISSERTES_0087,/Volumes/EXT DATA/IDMB/derived/Bombus/collection/images/ISSERTES_0087_S_1.jpg,confusus,1.0,monticola,1.8600966161984127e-21,sichelii,7.22972424193546e-24,confusus,True,True
1880,,ISSERTES_0087,/Volumes/EXT DATA/IDMB/derived/Bombus/collection/images/ISSERTES_0087_S_2.jpg,confusus,1.0,monticola,8.404938197613737e-20,sichelii,3.8654560543294537e-23,confusus,True,True
1881,,ISSERTES_0087,/Volumes/EXT DATA/IDMB/derived/Bombus/collection/images/ISSERTES_0087_S_3.jpg,confusus,1.0,monticola,5.5208078780280084e-18,sichelii,1.4232445291644208e-21,confusus,True,True
1882,,ISSERTES_0088,/Volumes/EXT DATA/IDMB/derived/Bombus/collection/images/ISSERTES_0088_P_1.jpg,confusus,1.0,monticola,1.1225414388645484e-17,sichelii,2.3912142612442703e-20,confusus,True,True
1883,,ISSERTES_0088,/Volumes/EXT DATA/IDMB/derived/Bombus/collection/images/ISSERTES_0088_P_2.jpg,confusus,1.0,monticola,3.3203960191154364e-20,pyrenaeus,6.6385052126105965e-22,confusus,True,True
1884,,ISSERTES_0088,/Volumes/EXT DATA/IDMB/derived/Bombus/collection/images/ISSERTES_0088_S_1.jpg,confusus,0.9999999999999993,monticola,5.984791749317349e-16,pyrenaeus,6.002253060010324e-17,confusus,True,True
1885,,ISSERTES_0088,/Volumes/EXT DATA/IDMB/derived/Bombus/collection/images/ISSERTES_0088_S_2.jpg,confusus,0.9999999999999976,monticola,2.431537336888452e-15,pyrenaeus,1.7993148182229792e-17,confusus,True,True
1886,,ISSERTES_0088,/Volumes/EXT DATA/IDMB/derived/Bombus/collection/images/ISSERTES_0088_S_3.jpg,confusus,0.9999999999999987,monticola,1.3323696340946745e-15,sichelii,6.541606447945508e-18,confusus,True,True
1887,,ISSERTES_0089,/Volumes/EXT DATA/IDMB/derived/Bombus/collection/images/ISSERTES_0089_P_1.jpg,confusus,1.0,monticola,1.38995457010594e-17,sichelii,2.560469446755343e-19,confusus,True,True
1888,,ISSERTES_0089,/Volumes/EXT DATA/IDMB/derived/Bombus/collection/images/ISSERTES_0089_P_2.jpg,confusus,0.9999999999999998,monticola,2.0202213764108939e-16,sichelii,9.446974142112755e-18,confusus,True,True
1889,,ISSERTES_0089,/Volumes/EXT DATA/IDMB/derived/Bombus/collection/images/ISSERTES_0089_S_1.jpg,confusus,1.0,monticola,1.1301528752365441e-18,sichelii,2.2780150686923777e-19,confusus,True,True
1890,,ISSERTES_0089,/Volumes/EXT DATA/IDMB/derived/Bombus/collection/images/ISSERTES_0089_S_2.jpg,confusus,1.0,monticola,2.0149085584140062e-17,soroeensis,5.926654114571503e-19,confusus,True,True
1891,,ISSERTES_0089,/Volumes/EXT DATA/IDMB/derived/Bombus/collection/images/ISSERTES_0089_S_3.jpg,confusus,1.0,monticola,5.639648467760986e-17,soroeensis,1.0465085635581649e-17,confusus,True,True
1892,,ISSERTES_0090,/Volumes/EXT DATA/IDMB/derived/Bombus/collection/images/ISSERTES_0090_P_1.jpg,pomorum,0.9999999998707616,ruderarius,7.115446728954388e-11,sylvarum,4.754793626270916e-11,pomorum,True,True
1893,,ISSERTES_0090,/Volumes/EXT DATA/IDMB/derived/Bombus/collection/images/ISSERTES_0090_P_2.jpg,pomorum,0.9999999999808502,sylvarum,1.7061916732546392e-11,ruderarius,1.8712850567669046e-12,pomorum,True,True
1894,,ISSERTES_0090,/Volumes/EXT DATA/IDMB/derived/Bombus/collection/images/ISSERTES_0090_S_1.jpg,pomorum,0.999999999875933,ruderarius,8.373462101498976e-11,sylvarum,4.00072151676234e-11,pomorum,True,True
1895,,ISSERTES_0090,/Volumes/EXT DATA/IDMB/derived/Bombus/collection/images/ISSERTES_0090_S_2.jpg,pomorum,0.9999999951710097,ruderarius,3.4915921338548537e-09,sylvarum,1.3363060545692058e-09,pomorum,True,True
1896,,ISSERTES_0090,/Volumes/EXT DATA/IDMB/derived/Bombus/collection/images/ISSERTES_0090_S_3.jpg,pomorum,0.9999999978039995,ruderarius,1.7488056835616655e-09,sylvarum,4.47131412780418e-10,pomorum,True,True
1897,,ISSERTES_0091,/Volumes/EXT DATA/IDMB/derived/Bombus/collection/images/ISSERTES_0091_P_1.jpg,pyrenaeus,0.9990548296869057,monticola,0.0007477092649920991,pratorum,0.00017278923204538458,pyrenaeus,True,True
1898,,ISSERTES_0091,/Volumes/EXT DATA/IDMB/derived/Bombus/collection/images/ISSERTES_0091_P_2.jpg,pyrenaeus,0.9991462891336871,monticola,0.000797193016777956,pratorum,4.096598737667319e-05,pyrenaeus,True,True
1899,,ISSERTES_0091,/Volumes/EXT DATA/IDMB/derived/Bombus/collection/images/ISSERTES_0091_S_1.jpg,pyrenaeus,0.9977396062515449,soroeensis,0.001135519659265463,pratorum,0.0008166108868692866,pyrenaeus,True,True
1900,,ISSERTES_0091,/Volumes/EXT DATA/IDMB/derived/Bombus/collection/images/ISSERTES_0091_S_2.jpg,pyrenaeus,0.9881986904238209,monticola,0.011320346500749309,pratorum,0.00030547372618228684,pyrenaeus,True,True
1901,,ISSERTES_0091,/Volumes/EXT DATA/IDMB/derived/Bombus/collection/images/ISSERTES_0091_S_3.jpg,pyrenaeus,0.9991905685613319,monticola,0.0005782765258365598,soroeensis,0.00021086084775649927,pyrenaeus,True,True
1902,,ISSERTES_0092,/Volumes/EXT DATA/IDMB/derived/Bombus/collection/images/ISSERTES_0092_P_1.jpg,pyrenaeus,0.9992931153389498,monticola,0.0006970148864175283,lapidarius,4.943055324238686e-06,pyrenaeus,True,True
1903,,ISSERTES_0092,/Volumes/EXT DATA/IDMB/derived/Bombus/collection/images/ISSERTES_0092_P_2.jpg,pyrenaeus,0.9991874771310858,monticola,0.00081182087477265,lapidarius,3.7951330930122967e-07,pyrenaeus,True,True
1904,,ISSERTES_0092,/Volumes/EXT DATA/IDMB/derived/Bombus/collection/images/ISSERTES_0092_S_1.jpg,pyrenaeus,0.9999102293175454,monticola,8.784749583781724e-05,lapidarius,1.2378587246614368e-06,pyrenaeus,True,True
1905,,ISSERTES_0092,/Volumes/EXT DATA/IDMB/derived/Bombus/collection/images/ISSERTES_0092_S_2.jpg,pyrenaeus,0.9999294096039871,monticola,6.75086310659646e-05,soroeensis,1.938499567846843e-06,pyrenaeus,True,True
1906,,ISSERTES_0092,/Volumes/EXT DATA/IDMB/derived/Bombus/collection/images/ISSERTES_0092_S_3.jpg,pyrenaeus,0.9997520663412104,monticola,0.00020608699653921084,lapidarius,3.583349907858795e-05,pyrenaeus,True,True
1907,,ISSERTES_0093,/Volumes/EXT DATA/IDMB/derived/Bombus/collection/images/ISSERTES_0093_P_1.jpg,ruderarius,0.9941929740669566,sylvarum,0.0058066983062756445,pomorum,2.0134038416284618e-07,ruderarius,True,True
1908,,ISSERTES_0093,/Volumes/EXT DATA/IDMB/derived/Bombus/collection/images/ISSERTES_0093_P_2.jpg,ruderarius,0.9845031329087587,sylvarum,0.015496510298407793,pomorum,2.2876814958941628e-07,ruderarius,True,True
1909,,ISSERTES_0093,/Volumes/EXT DATA/IDMB/derived/Bombus/collection/images/ISSERTES_0093_S_1.jpg,ruderarius,0.9969358408284357,sylvarum,0.00306415288685846,pratorum,4.369909793936723e-09,ruderarius,True,True
1910,,ISSERTES_0093,/Volumes/EXT DATA/IDMB/derived/Bombus/collection/images/ISSERTES_0093_S_2.jpg,ruderarius,0.9966630668170446,sylvarum,0.003336465092883346,pratorum,3.5384122684027526e-07,ruderarius,True,True
1911,,ISSERTES_0093,/Volumes/EXT DATA/IDMB/derived/Bombus/collection/images/ISSERTES_0093_S_3.jpg,ruderarius,0.9961208960348578,sylvarum,0.00387868463447669,pomorum,4.178463743559373e-07,ruderarius,True,True
1912,,ISSERTES_0094,/Volumes/EXT DATA/IDMB/derived/Bombus/collection/images/ISSERTES_0094_P_1.jpg,sichelii,0.8036343535123144,lapidarius,0.1860687560729261,pyrenaeus,0.010295515850270012,sichelii,True,True
1913,,ISSERTES_0094,/Volumes/EXT DATA/IDMB/derived/Bombus/collection/images/ISSERTES_0094_P_2.jpg,sichelii,0.8068664155999765,pyrenaeus,0.12269311726473882,lapidarius,0.07043956795064484,sichelii,True,True
1914,,ISSERTES_0094,/Volumes/EXT DATA/IDMB/derived/Bombus/collection/images/ISSERTES_0094_S_1.jpg,sichelii,0.9474740894304152,pyrenaeus,0.047572897932606224,lapidarius,0.004923942021736857,sichelii,True,True
1915,,ISSERTES_0094,/Volumes/EXT DATA/IDMB/derived/Bombus/collection/images/ISSERTES_0094_S_2.jpg,sichelii,0.9454198023333887,lapidarius,0.03267882723649311,pyrenaeus,0.021885434250829432,sichelii,True,True
1916,,ISSERTES_0094,/Volumes/EXT DATA/IDMB/derived/Bombus/collection/images/ISSERTES_0094_S_3.jpg,sichelii,0.9282568337887591,lapidarius,0.04669228686579363,pyrenaeus,0.025023613933932824,sichelii,True,True
1917,,ISSERTES_0095,/Volumes/EXT DATA/IDMB/derived/Bombus/collection/images/ISSERTES_0095_P_1.jpg,monticola,0.9901296320413241,pyrenaeus,0.008460520600748998,soroeensis,0.0013822112521987948,monticola,True,True
1918,,ISSERTES_0095,/Volumes/EXT DATA/IDMB/derived/Bombus/collection/images/ISSERTES_0095_P_2.jpg,monticola,0.9763770239117836,pyrenaeus,0.022891945259193466,soroeensis,0.0007027774211206875,monticola,True,True
1919,,ISSERTES_0095,/Volumes/EXT DATA/IDMB/derived/Bombus/collection/images/ISSERTES_0095_S_1.jpg,monticola,0.9496021685855681,soroeensis,0.04053796557892106,pyrenaeus,0.009506296625674806,monticola,True,True
1920,,ISSERTES_0095,/Volumes/EXT DATA/IDMB/derived/Bombus/collection/images/ISSERTES_0095_S_3.jpg,monticola,0.9899940210540639,pyrenaeus,0.008721519445832328,soroeensis,0.0010087667807423236,monticola,True,True
1921,,ISSERTES_0096,/Volumes/EXT DATA/IDMB/derived/Bombus/collection/images/ISSERTES_0096_P_1.jpg,sichelii,0.929394402771435,lapidarius,0.07045968710126335,pyrenaeus,7.291708425978628e-05,sichelii,True,True
1922,,ISSERTES_0096,/Volumes/EXT DATA/IDMB/derived/Bombus/collection/images/ISSERTES_0096_P_2.jpg,sichelii,0.9562066871537465,lapidarius,0.043782519261502034,soroeensis,6.294147610507768e-06,sichelii,True,True
1923,,ISSERTES_0096,/Volumes/EXT DATA/IDMB/derived/Bombus/collection/images/ISSERTES_0096_S_1.jpg,sichelii,0.9547387230355965,lapidarius,0.04505861408324423,pyrenaeus,0.00010432757492268106,sichelii,True,True
1924,,ISSERTES_0096,/Volumes/EXT DATA/IDMB/derived/Bombus/collection/images/ISSERTES_0096_S_2.jpg,sichelii,0.8972575586281898,lapidarius,0.10233591397013367,pyrenaeus,0.00024368580689520717,sichelii,True,True
1925,,ISSERTES_0096,/Volumes/EXT DATA/IDMB/derived/Bombus/collection/images/ISSERTES_0096_S_3.jpg,sichelii,0.9868285017057328,lapidarius,0.012934951816261826,soroeensis,0.00020160427867576386,sichelii,True,True
1926,,ISSERTES_0097,/Volumes/EXT DATA/IDMB/derived/Bombus/collection/images/ISSERTES_0097_P_1.jpg,pyrenaeus,0.9950171142627988,monticola,0.004979991669249835,soroeensis,2.19451396069512e-06,pyrenaeus,True,True
1927,,ISSERTES_0097,/Volumes/EXT DATA/IDMB/derived/Bombus/collection/images/ISSERTES_0097_P_2.jpg,pyrenaeus,0.9937945022228853,monticola,0.006170568652109346,soroeensis,3.076084752975585e-05,pyrenaeus,True,True
1928,,ISSERTES_0097,/Volumes/EXT DATA/IDMB/derived/Bombus/collection/images/ISSERTES_0097_S_1.jpg,pyrenaeus,0.9992821016651757,monticola,0.0006873973837767658,pratorum,2.208127365964543e-05,pyrenaeus,True,True
1929,,ISSERTES_0097,/Volumes/EXT DATA/IDMB/derived/Bombus/collection/images/ISSERTES_0097_S_2.jpg,pyrenaeus,0.9913088947499654,monticola,0.008641086611926824,soroeensis,3.4123585647885126e-05,pyrenaeus,True,True
1930,,ISSERTES_0097,/Volumes/EXT DATA/IDMB/derived/Bombus/collection/images/ISSERTES_0097_S_3.jpg,pyrenaeus,0.9947426707376089,monticola,0.005121797785876029,pratorum,0.00010294867679424534,pyrenaeus,True,True
1931,,ISSERTES_0098,/Volumes/EXT DATA/IDMB/derived/Bombus/collection/images/ISSERTES_0098_P_1.jpg,monticola,0.999992806852682,pyrenaeus,7.09723128174234e-06,soroeensis,9.541128433893148e-08,monticola,True,True
1932,,ISSERTES_0098,/Volumes/EXT DATA/IDMB/derived/Bombus/collection/images/ISSERTES_0098_P_2.jpg,monticola,0.9999821756619318,pyrenaeus,1.7689964122395346e-05,soroeensis,1.3394292234938238e-07,monticola,True,True
1933,,ISSERTES_0098,/Volumes/EXT DATA/IDMB/derived/Bombus/collection/images/ISSERTES_0098_S_1.jpg,monticola,0.9999990523163168,pyrenaeus,4.848809064679734e-07,soroeensis,4.3684549952495246e-07,monticola,True,True
1934,,ISSERTES_0098,/Volumes/EXT DATA/IDMB/derived/Bombus/collection/images/ISSERTES_0098_S_2.jpg,monticola,0.9999988456724718,pyrenaeus,1.1065011320360207e-06,soroeensis,4.121034676226633e-08,monticola,True,True
1935,,ISSERTES_0098,/Volumes/EXT DATA/IDMB/derived/Bombus/collection/images/ISSERTES_0098_S_3.jpg,monticola,0.9999969786359264,pyrenaeus,1.8608753867090565e-06,soroeensis,1.12767083751968e-06,monticola,True,True
1936,,ISSERTES_0099,/Volumes/EXT DATA/IDMB/derived/Bombus/collection/images/ISSERTES_0099_P_1.jpg,pyrenaeus,0.9986814992066189,lapidarius,0.0008939577560928992,monticola,0.00039686924084070155,pyrenaeus,True,True
1937,,ISSERTES_0099,/Volumes/EXT DATA/IDMB/derived/Bombus/collection/images/ISSERTES_0099_P_2.jpg,pyrenaeus,0.998939578578202,lapidarius,0.0005264252621941453,monticola,0.0005026024449056564,pyrenaeus,True,True
1938,,ISSERTES_0099,/Volumes/EXT DATA/IDMB/derived/Bombus/collection/images/ISSERTES_0099_S_1.jpg,pyrenaeus,0.9850532131040122,lapidarius,0.014385898634133618,monticola,0.0005271692240239944,pyrenaeus,True,True
1939,,ISSERTES_0099,/Volumes/EXT DATA/IDMB/derived/Bombus/collection/images/ISSERTES_0099_S_2.jpg,pyrenaeus,0.9861901851882884,lapidarius,0.00812775798785676,monticola,0.0056169771554270016,pyrenaeus,True,True
1940,,ISSERTES_0099,/Volumes/EXT DATA/IDMB/derived/Bombus/collection/images/ISSERTES_0099_S_3.jpg,pyrenaeus,0.9397892250826305,lapidarius,0.04759897086563575,monticola,0.012586632166819371,pyrenaeus,True,True
1941,,ISSERTES_0100,/Volumes/EXT DATA/IDMB/derived/Bombus/collection/images/ISSERTES_0100_P_1.jpg,monticola,0.9958465218970438,lapidarius,0.002244327051175876,pyrenaeus,0.0018877282147297266,monticola,True,True
1942,,ISSERTES_0100,/Volumes/EXT DATA/IDMB/derived/Bombus/collection/images/ISSERTES_0100_P_2.jpg,monticola,0.9714292623265928,lapidarius,0.02770189610383377,pyrenaeus,0.0007495602113800837,monticola,True,True
1943,,ISSERTES_0100,/Volumes/EXT DATA/IDMB/derived/Bombus/collection/images/ISSERTES_0100_S_1.jpg,monticola,0.9855232720673786,lapidarius,0.014328252113083563,pyrenaeus,9.718104385571752e-05,monticola,True,True
1944,,ISSERTES_0100,/Volumes/EXT DATA/IDMB/derived/Bombus/collection/images/ISSERTES_0100_S_2.jpg,monticola,0.8824271594382318,lapidarius,0.11494144105209582,pyrenaeus,0.001664611364865959,monticola,True,True
1945,,ISSERTES_0100,/Volumes/EXT DATA/IDMB/derived/Bombus/collection/images/ISSERTES_0100_S_3.jpg,monticola,0.9713678210349902,lapidarius,0.027029309243171463,pyrenaeus,0.000872869045324345,monticola,True,True
1946,,ISSERTES_0101,/Volumes/EXT DATA/IDMB/derived/Bombus/collection/images/ISSERTES_0101_P_1.jpg,pyrenaeus,0.9856163999571611,monticola,0.013685099145719682,soroeensis,0.0006503141323082826,pyrenaeus,True,True
1947,,ISSERTES_0101,/Volumes/EXT DATA/IDMB/derived/Bombus/collection/images/ISSERTES_0101_P_2.jpg,pyrenaeus,0.9906826312563487,monticola,0.008684743347248497,soroeensis,0.0006069188015991136,pyrenaeus,True,True
1948,,ISSERTES_0101,/Volumes/EXT DATA/IDMB/derived/Bombus/collection/images/ISSERTES_0101_S_1.jpg,pyrenaeus,0.9839601738021242,monticola,0.013028405096972168,soroeensis,0.0017954126880339331,pyrenaeus,True,True
1949,,ISSERTES_0101,/Volumes/EXT DATA/IDMB/derived/Bombus/collection/images/ISSERTES_0101_S_2.jpg,pyrenaeus,0.994930830823692,pratorum,0.00308522141053905,soroeensis,0.0017855998629575417,pyrenaeus,True,True
1950,,ISSERTES_0101,/Volumes/EXT DATA/IDMB/derived/Bombus/collection/images/ISSERTES_0101_S_3.jpg,pyrenaeus,0.9931379450905333,monticola,0.004316995889369619,soroeensis,0.0018817365016689876,pyrenaeus,True,True
1951,,ISSERTES_0102,/Volumes/EXT DATA/IDMB/derived/Bombus/collection/images/ISSERTES_0102_P_1.jpg,monticola,0.9656278196824861,pyrenaeus,0.03317317893545965,soroeensis,0.001040511360650701,monticola,True,True
1952,,ISSERTES_0102,/Volumes/EXT DATA/IDMB/derived/Bombus/collection/images/ISSERTES_0102_P_2.jpg,monticola,0.9944965920609573,pyrenaeus,0.005416581339254075,soroeensis,7.894447163323206e-05,monticola,True,True
1953,,ISSERTES_0102,/Volumes/EXT DATA/IDMB/derived/Bombus/collection/images/ISSERTES_0102_S_1.jpg,monticola,0.974696687580308,pyrenaeus,0.020991394358727312,soroeensis,0.00398095250186205,monticola,True,True
1954,,ISSERTES_0102,/Volumes/EXT DATA/IDMB/derived/Bombus/collection/images/ISSERTES_0102_S_2.jpg,monticola,0.9955576510927994,pyrenaeus,0.00428686722505109,soroeensis,0.00011997265924261432,monticola,True,True
1955,,ISSERTES_0102,/Volumes/EXT DATA/IDMB/derived/Bombus/collection/images/ISSERTES_0102_S_3.jpg,monticola,0.995102151021738,pyrenaeus,0.0046888100872419965,soroeensis,0.00020159444429546365,monticola,True,True
1956,,ISSERTES_0103,/Volumes/EXT DATA/IDMB/derived/Bombus/collection/images/ISSERTES_0103_P_1.jpg,monticola,0.995901122705876,soroeensis,0.0033294783256379457,pyrenaeus,0.0005991319528075274,monticola,True,True
1957,,ISSERTES_0103,/Volumes/EXT DATA/IDMB/derived/Bombus/collection/images/ISSERTES_0103_P_2.jpg,monticola,0.9979512047733731,lapidarius,0.000762932454526325,soroeensis,0.0007086752857852898,monticola,True,True
1958,,ISSERTES_0103,/Volumes/EXT DATA/IDMB/derived/Bombus/collection/images/ISSERTES_0103_S_1.jpg,monticola,0.9803272900340414,soroeensis,0.019268999690031815,pyrenaeus,0.0002238682790885426,monticola,True,True
1959,,ISSERTES_0103,/Volumes/EXT DATA/IDMB/derived/Bombus/collection/images/ISSERTES_0103_S_2.jpg,monticola,0.9638573179695112,soroeensis,0.030648614290101295,lapidarius,0.005267413727253084,monticola,True,True
1960,,ISSERTES_0103,/Volumes/EXT DATA/IDMB/derived/Bombus/collection/images/ISSERTES_0103_S_3.jpg,monticola,0.9663442122705109,soroeensis,0.031235585261743203,pyrenaeus,0.0021335683469083646,monticola,True,True
1961,,ISSERTES_0104,/Volumes/EXT DATA/IDMB/derived/Bombus/collection/images/ISSERTES_0104_P_1.jpg,monticola,0.9999070186439851,pyrenaeus,8.912917441245637e-05,soroeensis,2.980412499428019e-06,monticola,True,True
1962,,ISSERTES_0104,/Volumes/EXT DATA/IDMB/derived/Bombus/collection/images/ISSERTES_0104_P_2.jpg,monticola,0.9938114364606284,pyrenaeus,0.0061783912437785755,lapidarius,5.593278833921444e-06,monticola,True,True
1963,,ISSERTES_0104,/Volumes/EXT DATA/IDMB/derived/Bombus/collection/images/ISSERTES_0104_S_1.jpg,monticola,0.9997911737031426,pyrenaeus,0.0001801830138979252,soroeensis,2.7125550058628324e-05,monticola,True,True
1964,,ISSERTES_0104,/Volumes/EXT DATA/IDMB/derived/Bombus/collection/images/ISSERTES_0104_S_2.jpg,monticola,0.9981862333825671,pyrenaeus,0.0016020022276059802,soroeensis,0.00020763667660261422,monticola,True,True
1965,,ISSERTES_0104,/Volumes/EXT DATA/IDMB/derived/Bombus/collection/images/ISSERTES_0104_S_3.jpg,monticola,0.9988037944327004,soroeensis,0.0010489135258678168,pyrenaeus,0.00014700396980209287,monticola,True,True
1966,,ISSERTES_0105,/Volumes/EXT DATA/IDMB/derived/Bombus/collection/images/ISSERTES_0105_P_1.jpg,lapidarius,0.525655874920079,sichelii,0.24179540859220533,pyrenaeus,0.23225533059772274,sichelii,False,True
1967,,ISSERTES_0105,/Volumes/EXT DATA/IDMB/derived/Bombus/collection/images/ISSERTES_0105_P_2.jpg,pyrenaeus,0.9400921504600623,sichelii,0.05058111183884844,lapidarius,0.008032685681143336,sichelii,False,True
1968,,ISSERTES_0105,/Volumes/EXT DATA/IDMB/derived/Bombus/collection/images/ISSERTES_0105_S_1.jpg,lapidarius,0.5689570642025454,pyrenaeus,0.2778625658135901,sichelii,0.1434030846733758,sichelii,False,True
1969,,ISSERTES_0105,/Volumes/EXT DATA/IDMB/derived/Bombus/collection/images/ISSERTES_0105_S_2.jpg,pyrenaeus,0.6514717340008807,lapidarius,0.19016948946305828,sichelii,0.15680183234289533,sichelii,False,True
1970,,ISSERTES_0105,/Volumes/EXT DATA/IDMB/derived/Bombus/collection/images/ISSERTES_0105_S_3.jpg,pyrenaeus,0.5787453183492202,lapidarius,0.40039456929445333,soroeensis,0.0078103558308924475,sichelii,False,False
1971,,ISSERTES_0106,/Volumes/EXT DATA/IDMB/derived/Bombus/collection/images/ISSERTES_0106_P_1.jpg,pyrenaeus,0.9994847333956212,soroeensis,0.0002478619282965161,monticola,0.00013740791511911867,pyrenaeus,True,True
1972,,ISSERTES_0106,/Volumes/EXT DATA/IDMB/derived/Bombus/collection/images/ISSERTES_0106_P_2.jpg,pyrenaeus,0.990412098779556,soroeensis,0.0048702596105521835,monticola,0.004347498898309021,pyrenaeus,True,True
1973,,ISSERTES_0106,/Volumes/EXT DATA/IDMB/derived/Bombus/collection/images/ISSERTES_0106_S_1.jpg,pyrenaeus,0.9966871378894254,soroeensis,0.002742948624482925,monticola,0.00021350981922720703,pyrenaeus,True,True
1974,,ISSERTES_0106,/Volumes/EXT DATA/IDMB/derived/Bombus/collection/images/ISSERTES_0106_S_2.jpg,pyrenaeus,0.9912149124541052,soroeensis,0.007377080061592225,pratorum,0.0006935093368918386,pyrenaeus,True,True
1975,,ISSERTES_0106,/Volumes/EXT DATA/IDMB/derived/Bombus/collection/images/ISSERTES_0106_S_3.jpg,pyrenaeus,0.9969802820284387,soroeensis,0.0016539797376365385,pratorum,0.0007495804424209234,pyrenaeus,True,True
1976,,ISSERTES_0107,/Volumes/EXT DATA/IDMB/derived/Bombus/collection/images/ISSERTES_0107_P_1.jpg,pyrenaeus,0.9867973118664006,sichelii,0.005551387547464012,monticola,0.0036911786753045525,pyrenaeus,True,True
1977,,ISSERTES_0107,/Volumes/EXT DATA/IDMB/derived/Bombus/collection/images/ISSERTES_0107_P_2.jpg,pyrenaeus,0.9916590772694864,sichelii,0.005181024554889753,soroeensis,0.0022362757019397574,pyrenaeus,True,True
1978,,ISSERTES_0107,/Volumes/EXT DATA/IDMB/derived/Bombus/collection/images/ISSERTES_0107_S_1.jpg,pyrenaeus,0.9362953496883761,sichelii,0.03998994104707097,soroeensis,0.01182344362911492,pyrenaeus,True,True
1979,,ISSERTES_0107,/Volumes/EXT DATA/IDMB/derived/Bombus/collection/images/ISSERTES_0107_S_2.jpg,pyrenaeus,0.9952780110256584,soroeensis,0.002922817801817931,sichelii,0.0015275733314054846,pyrenaeus,True,True
1980,,ISSERTES_0107,/Volumes/EXT DATA/IDMB/derived/Bombus/collection/images/ISSERTES_0107_S_3.jpg,pyrenaeus,0.8739856969974817,soroeensis,0.10428798009243599,sichelii,0.017646574038370215,pyrenaeus,True,True
1981,,ISSERTES_0108,/Volumes/EXT DATA/IDMB/derived/Bombus/collection/images/ISSERTES_0108_P_1.jpg,pyrenaeus,0.9890041824547576,sichelii,0.0053437611834560115,monticola,0.0044680170178651715,pyrenaeus,True,True
1982,,ISSERTES_0108,/Volumes/EXT DATA/IDMB/derived/Bombus/collection/images/ISSERTES_0108_P_2.jpg,pyrenaeus,0.997436798369145,soroeensis,0.0010571288929150317,sichelii,0.0009000337875780841,pyrenaeus,True,True
1983,,ISSERTES_0108,/Volumes/EXT DATA/IDMB/derived/Bombus/collection/images/ISSERTES_0108_S_1.jpg,pyrenaeus,0.8925610186542585,soroeensis,0.05611669055610332,sichelii,0.03343591778555572,pyrenaeus,True,True
1984,,ISSERTES_0108,/Volumes/EXT DATA/IDMB/derived/Bombus/collection/images/ISSERTES_0108_S_2.jpg,pyrenaeus,0.9838599240753633,soroeensis,0.009643134124351804,sichelii,0.006036968702319618,pyrenaeus,True,True
1985,,ISSERTES_0108,/Volumes/EXT DATA/IDMB/derived/Bombus/collection/images/ISSERTES_0108_S_3.jpg,pyrenaeus,0.9927269181253099,soroeensis,0.0032801481356165437,monticola,0.002968944865265993,pyrenaeus,True,True
1986,,ISSERTES_0109,/Volumes/EXT DATA/IDMB/derived/Bombus/collection/images/ISSERTES_0109_P_1.jpg,pyrenaeus,0.9969177078971713,monticola,0.002844711219140289,pratorum,0.00022552587524101152,pyrenaeus,True,True
1987,,ISSERTES_0109,/Volumes/EXT DATA/IDMB/derived/Bombus/collection/images/ISSERTES_0109_P_2.jpg,pyrenaeus,0.9982614978518944,monticola,0.001529863550538896,pratorum,0.00014958981585712689,pyrenaeus,True,True
1988,,ISSERTES_0109,/Volumes/EXT DATA/IDMB/derived/Bombus/collection/images/ISSERTES_0109_S_1.jpg,pyrenaeus,0.9894464945114584,monticola,0.0037354887289390037,lapidarius,0.003443622294455904,pyrenaeus,True,True
1989,,ISSERTES_0109,/Volumes/EXT DATA/IDMB/derived/Bombus/collection/images/ISSERTES_0109_S_2.jpg,pyrenaeus,0.9942805672543724,monticola,0.005544497132636997,soroeensis,0.00011631065364172411,pyrenaeus,True,True
1990,,ISSERTES_0109,/Volumes/EXT DATA/IDMB/derived/Bombus/collection/images/ISSERTES_0109_S_3.jpg,pyrenaeus,0.9960601208861385,monticola,0.003847673128984933,pratorum,5.5972925685053606e-05,pyrenaeus,True,True
1991,,ISSERTES_0110,/Volumes/EXT DATA/IDMB/derived/Bombus/collection/images/ISSERTES_0110_P_1.jpg,pyrenaeus,0.9984755552259829,pratorum,0.0007528133435329384,monticola,0.0007270186715626945,pyrenaeus,True,True
1992,,ISSERTES_0110,/Volumes/EXT DATA/IDMB/derived/Bombus/collection/images/ISSERTES_0110_P_2.jpg,pyrenaeus,0.998686284386319,pratorum,0.0012082158203721158,monticola,7.264531340125153e-05,pyrenaeus,True,True
1993,,ISSERTES_0110,/Volumes/EXT DATA/IDMB/derived/Bombus/collection/images/ISSERTES_0110_S_1.jpg,pyrenaeus,0.9990674002982483,pratorum,0.0008207416346004537,monticola,9.774957740546107e-05,pyrenaeus,True,True
1994,,ISSERTES_0110,/Volumes/EXT DATA/IDMB/derived/Bombus/collection/images/ISSERTES_0110_S_2.jpg,pyrenaeus,0.9893956500771866,pratorum,0.010474938396741424,soroeensis,8.813827312974678e-05,pyrenaeus,True,True
1995,,ISSERTES_0110,/Volumes/EXT DATA/IDMB/derived/Bombus/collection/images/ISSERTES_0110_S_3.jpg,pyrenaeus,0.9984447181964556,pratorum,0.0014943143046730258,monticola,4.184579418657238e-05,pyrenaeus,True,True
1996,,ISSERTES_0111,/Volumes/EXT DATA/IDMB/derived/Bombus/collection/images/ISSERTES_0111_P_1.jpg,monticola,0.9943344326714753,pyrenaeus,0.005654996967371537,soroeensis,7.390803314999938e-06,monticola,True,True
1997,,ISSERTES_0111,/Volumes/EXT DATA/IDMB/derived/Bombus/collection/images/ISSERTES_0111_P_2.jpg,monticola,0.9507477258054046,pyrenaeus,0.049062277446735914,lapidarius,9.840226761697735e-05,monticola,True,True
1998,,ISSERTES_0111,/Volumes/EXT DATA/IDMB/derived/Bombus/collection/images/ISSERTES_0111_S_1.jpg,monticola,0.9878751208121304,pyrenaeus,0.012052537151731834,soroeensis,6.990942183406208e-05,monticola,True,True
1999,,ISSERTES_0111,/Volumes/EXT DATA/IDMB/derived/Bombus/collection/images/ISSERTES_0111_S_2.jpg,monticola,0.9991640218182536,pyrenaeus,0.0008289171336782736,soroeensis,6.3198821099128225e-06,monticola,True,True
2000,,ISSERTES_0111,/Volumes/EXT DATA/IDMB/derived/Bombus/collection/images/ISSERTES_0111_S_3.jpg,monticola,0.9982422899618937,pyrenaeus,0.0016219492163053397,lapidarius,0.00013126153193974445,monticola,True,True
2001,,ISSERTES_0112,/Volumes/EXT DATA/IDMB/derived/Bombus/collection/images/ISSERTES_0112_P_1.jpg,pyrenaeus,0.9865101609206087,lapidarius,0.008679281258877547,monticola,0.0034122531220581367,pyrenaeus,True,True
2002,,ISSERTES_0112,/Volumes/EXT DATA/IDMB/derived/Bombus/collection/images/ISSERTES_0112_P_2.jpg,pyrenaeus,0.9877553245179974,monticola,0.010752798323144219,lapidarius,0.0010970673884288407,pyrenaeus,True,True
2003,,ISSERTES_0112,/Volumes/EXT DATA/IDMB/derived/Bombus/collection/images/ISSERTES_0112_S_1.jpg,lapidarius,0.4889547333821513,pyrenaeus,0.33376206378289563,monticola,0.16704234571258972,pyrenaeus,False,True
2004,,ISSERTES_0112,/Volumes/EXT DATA/IDMB/derived/Bombus/collection/images/ISSERTES_0112_S_2.jpg,pyrenaeus,0.9521167128493011,monticola,0.04192583176689583,soroeensis,0.004903596274241205,pyrenaeus,True,True
2005,,ISSERTES_0112,/Volumes/EXT DATA/IDMB/derived/Bombus/collection/images/ISSERTES_0112_S_3.jpg,pyrenaeus,0.9601135070339252,lapidarius,0.01809255465883999,monticola,0.011628437465048201,pyrenaeus,True,True
2006,,ISSERTES_0113,/Volumes/EXT DATA/IDMB/derived/Bombus/collection/images/ISSERTES_0113_P_1.jpg,pyrenaeus,0.9394754984073054,monticola,0.05910449475954774,lapidarius,0.001190269380238277,pyrenaeus,True,True
2007,,ISSERTES_0113,/Volumes/EXT DATA/IDMB/derived/Bombus/collection/images/ISSERTES_0113_P_2.jpg,pyrenaeus,0.9979880354259926,monticola,0.0013919386629287422,lapidarius,0.0003384023389529447,pyrenaeus,True,True
2008,,ISSERTES_0113,/Volumes/EXT DATA/IDMB/derived/Bombus/collection/images/ISSERTES_0113_S_1.jpg,pyrenaeus,0.9919429051609712,monticola,0.004076978518725147,sichelii,0.003226659235271108,pyrenaeus,True,True
2009,,ISSERTES_0113,/Volumes/EXT DATA/IDMB/derived/Bombus/collection/images/ISSERTES_0113_S_2.jpg,pyrenaeus,0.9433116867531672,monticola,0.05502369425933635,soroeensis,0.0011375874169239546,pyrenaeus,True,True
2010,,ISSERTES_0113,/Volumes/EXT DATA/IDMB/derived/Bombus/collection/images/ISSERTES_0113_S_3.jpg,pyrenaeus,0.9980989107419054,monticola,0.0015053235261070486,soroeensis,0.0002798999605219177,pyrenaeus,True,True
2011,,ISSERTES_0114,/Volumes/EXT DATA/IDMB/derived/Bombus/collection/images/ISSERTES_0114_P_1.jpg,pyrenaeus,0.9665934205547511,lapidarius,0.02746075509790472,monticola,0.005626886857469711,pyrenaeus,True,True
2012,,ISSERTES_0114,/Volumes/EXT DATA/IDMB/derived/Bombus/collection/images/ISSERTES_0114_P_2.jpg,pyrenaeus,0.9803335489197665,lapidarius,0.018859803949616574,monticola,0.0005753670771438076,pyrenaeus,True,True
2013,,ISSERTES_0114,/Volumes/EXT DATA/IDMB/derived/Bombus/collection/images/ISSERTES_0114_S_1.jpg,pyrenaeus,0.8824224248614413,lapidarius,0.10847717618690968,monticola,0.00466755237358488,pyrenaeus,True,True
2014,,ISSERTES_0114,/Volumes/EXT DATA/IDMB/derived/Bombus/collection/images/ISSERTES_0114_S_2.jpg,pyrenaeus,0.9825340433080477,lapidarius,0.0121195959051885,monticola,0.004480088720299729,pyrenaeus,True,True
2015,,ISSERTES_0114,/Volumes/EXT DATA/IDMB/derived/Bombus/collection/images/ISSERTES_0114_S_3.jpg,pyrenaeus,0.9508483413762069,lapidarius,0.04526512527787867,pratorum,0.001913487593037185,pyrenaeus,True,True
2016,,ISSERTES_0115,/Volumes/EXT DATA/IDMB/derived/Bombus/collection/images/ISSERTES_0115_P_1.jpg,pyrenaeus,0.9998887284482384,monticola,9.064435487732881e-05,soroeensis,1.0570104498982018e-05,pyrenaeus,True,True
2017,,ISSERTES_0115,/Volumes/EXT DATA/IDMB/derived/Bombus/collection/images/ISSERTES_0115_P_2.jpg,pyrenaeus,0.9995533040028524,monticola,0.0003384323042428831,soroeensis,0.00010278475233776133,pyrenaeus,True,True
2018,,ISSERTES_0115,/Volumes/EXT DATA/IDMB/derived/Bombus/collection/images/ISSERTES_0115_S_1.jpg,pyrenaeus,0.9952744523595495,soroeensis,0.002771421670321162,monticola,0.0019205927826259923,pyrenaeus,True,True
2019,,ISSERTES_0115,/Volumes/EXT DATA/IDMB/derived/Bombus/collection/images/ISSERTES_0115_S_2.jpg,pyrenaeus,0.9999169643094105,monticola,5.6840245521340954e-05,soroeensis,2.3578447755809186e-05,pyrenaeus,True,True
2020,,ISSERTES_0115,/Volumes/EXT DATA/IDMB/derived/Bombus/collection/images/ISSERTES_0115_S_3.jpg,pyrenaeus,0.9923591745625367,monticola,0.007048991018395188,soroeensis,0.0005685021830283798,pyrenaeus,True,True
2021,,ISSERTES_0116,/Volumes/EXT DATA/IDMB/derived/Bombus/collection/images/ISSERTES_0116_P_1.jpg,lapidarius,0.6413466367666619,sichelii,0.35674568992888805,pyrenaeus,0.0016673173331430364,sichelii,False,True
2022,,ISSERTES_0116,/Volumes/EXT DATA/IDMB/derived/Bombus/collection/images/ISSERTES_0116_P_2.jpg,lapidarius,0.9817215855013324,sichelii,0.0180982803233913,pyrenaeus,0.00015802238813353094,sichelii,False,True
2023,,ISSERTES_0116,/Volumes/EXT DATA/IDMB/derived/Bombus/collection/images/ISSERTES_0116_S_1.jpg,lapidarius,0.9064510382746699,sichelii,0.09145379512357636,pyrenaeus,0.0017852866551861177,sichelii,False,True
2024,,ISSERTES_0116,/Volumes/EXT DATA/IDMB/derived/Bombus/collection/images/ISSERTES_0116_S_3.jpg,lapidarius,0.817133429833881,sichelii,0.18274451175263384,pyrenaeus,9.129059517728628e-05,sichelii,False,True
2025,,ISSERTES_0117,/Volumes/EXT DATA/IDMB/derived/Bombus/collection/images/ISSERTES_0117_P_1.jpg,pyrenaeus,0.9731272859019773,lapidarius,0.012528378037807496,monticola,0.010121748364692035,pyrenaeus,True,True
2026,,ISSERTES_0117,/Volumes/EXT DATA/IDMB/derived/Bombus/collection/images/ISSERTES_0117_P_2.jpg,pyrenaeus,0.8881020660248871,lapidarius,0.06555844796195388,monticola,0.040260163932147916,pyrenaeus,True,True
2027,,ISSERTES_0117,/Volumes/EXT DATA/IDMB/derived/Bombus/collection/images/ISSERTES_0117_S_1.jpg,pyrenaeus,0.9937142951274393,monticola,0.003247929217842891,pratorum,0.0022127586534412824,pyrenaeus,True,True
2028,,ISSERTES_0117,/Volumes/EXT DATA/IDMB/derived/Bombus/collection/images/ISSERTES_0117_S_2.jpg,pyrenaeus,0.840882555220669,monticola,0.08533244388772701,lapidarius,0.04534908827504279,pyrenaeus,True,True
2029,,ISSERTES_0117,/Volumes/EXT DATA/IDMB/derived/Bombus/collection/images/ISSERTES_0117_S_3.jpg,pyrenaeus,0.8817838478921574,monticola,0.0731768173313175,lapidarius,0.03851206499128358,pyrenaeus,True,True
2030,,ISSERTES_0118,/Volumes/EXT DATA/IDMB/derived/Bombus/collection/images/ISSERTES_0118_P_1.jpg,monticola,0.968558722444185,lapidarius,0.015855275956894847,pyrenaeus,0.015368164826873039,monticola,True,True
2031,,ISSERTES_0118,/Volumes/EXT DATA/IDMB/derived/Bombus/collection/images/ISSERTES_0118_P_2.jpg,monticola,0.9937733914515469,pyrenaeus,0.0030737848190431085,lapidarius,0.0030035544497154765,monticola,True,True
2032,,ISSERTES_0118,/Volumes/EXT DATA/IDMB/derived/Bombus/collection/images/ISSERTES_0118_S_1.jpg,monticola,0.9602445446518102,pyrenaeus,0.035585649486046825,lapidarius,0.003851570646579054,monticola,True,True
2033,,ISSERTES_0118,/Volumes/EXT DATA/IDMB/derived/Bombus/collection/images/ISSERTES_0118_S_2.jpg,monticola,0.8176698999228352,pyrenaeus,0.13655967915580997,lapidarius,0.04351190052794125,monticola,True,True
2034,,ISSERTES_0118,/Volumes/EXT DATA/IDMB/derived/Bombus/collection/images/ISSERTES_0118_S_3.jpg,monticola,0.9695173122914994,pyrenaeus,0.025019823662198407,soroeensis,0.003359750137846619,monticola,True,True
2035,,ISSERTES_0119,/Volumes/EXT DATA/IDMB/derived/Bombus/collection/images/ISSERTES_0119_P_2.jpg,monticola,0.999968204809336,sichelii,1.3866584115341633e-05,pyrenaeus,1.329470183277702e-05,monticola,True,True
2036,,ISSERTES_0119,/Volumes/EXT DATA/IDMB/derived/Bombus/collection/images/ISSERTES_0119_S_1.jpg,monticola,0.9996640478752874,lapidarius,0.00022989728581369792,sichelii,0.00010569467568683493,monticola,True,True
2037,,ISSERTES_0119,/Volumes/EXT DATA/IDMB/derived/Bombus/collection/images/ISSERTES_0119_S_2.jpg,monticola,0.9999673696532763,lapidarius,2.3337998391313833e-05,sichelii,7.306333725191634e-06,monticola,True,True
2038,,ISSERTES_0119,/Volumes/EXT DATA/IDMB/derived/Bombus/collection/images/ISSERTES_0119_S_3.jpg,monticola,0.9996681061233637,lapidarius,0.0003079325732862077,sichelii,2.364248585833961e-05,monticola,True,True
2039,,ISSERTES_0120,/Volumes/EXT DATA/IDMB/derived/Bombus/collection/images/ISSERTES_0120_P_1.jpg,pyrenaeus,0.9997488455827916,soroeensis,0.00024036169221258816,monticola,4.885330622224565e-06,pyrenaeus,True,True
2040,,ISSERTES_0120,/Volumes/EXT DATA/IDMB/derived/Bombus/collection/images/ISSERTES_0120_P_2.jpg,pyrenaeus,0.9995645820482331,soroeensis,0.0003874799153907679,monticola,3.290903243988504e-05,pyrenaeus,True,True
2041,,ISSERTES_0120,/Volumes/EXT DATA/IDMB/derived/Bombus/collection/images/ISSERTES_0120_S_1.jpg,pyrenaeus,0.9992150062633305,soroeensis,0.0007622328303312283,pratorum,8.885962180143291e-06,pyrenaeus,True,True
2042,,ISSERTES_0120,/Volumes/EXT DATA/IDMB/derived/Bombus/collection/images/ISSERTES_0120_S_2.jpg,pyrenaeus,0.9976207235923393,soroeensis,0.0022962943636184326,monticola,7.595618948329777e-05,pyrenaeus,True,True
2043,,ISSERTES_0120,/Volumes/EXT DATA/IDMB/derived/Bombus/collection/images/ISSERTES_0120_S_3.jpg,pyrenaeus,0.9990217933501305,soroeensis,0.0009443419791108506,monticola,2.758652631305597e-05,pyrenaeus,True,True
2044,,ISSERTES_0121,/Volumes/EXT DATA/IDMB/derived/Bombus/collection/images/ISSERTES_0121_S_3.jpg,lapidarius,0.8175011328208238,sichelii,0.18249866626254993,pyrenaeus,1.989247770657413e-07,sichelii,False,True
2045,,ISSERTES_0122,/Volumes/EXT DATA/IDMB/derived/Bombus/collection/images/ISSERTES_0122_P_1.jpg,sichelii,0.999792214571262,lapidarius,8.791409348511352e-05,pyrenaeus,6.982010468924781e-05,pyrenaeus,False,True
2046,,ISSERTES_0122,/Volumes/EXT DATA/IDMB/derived/Bombus/collection/images/ISSERTES_0122_P_2.jpg,sichelii,0.9998080859022344,wurflenii,0.00010642632637628796,lapidarius,5.62949173105797e-05,pyrenaeus,False,False
2047,,ISSERTES_0122,/Volumes/EXT DATA/IDMB/derived/Bombus/collection/images/ISSERTES_0122_S_1.jpg,sichelii,0.9987577578368789,soroeensis,0.0005190931095767423,wurflenii,0.0004479708083839608,pyrenaeus,False,False
2048,,ISSERTES_0122,/Volumes/EXT DATA/IDMB/derived/Bombus/collection/images/ISSERTES_0122_S_2.jpg,sichelii,0.9953914215626583,soroeensis,0.002006270672990783,lapidarius,0.0012372076691683726,pyrenaeus,False,False
2049,,ISSERTES_0122,/Volumes/EXT DATA/IDMB/derived/Bombus/collection/images/ISSERTES_0122_S_3.jpg,sichelii,0.9986930550558423,wurflenii,0.0007377673612107596,pyrenaeus,0.0002929347360950716,pyrenaeus,False,True
2050,,ISSERTES_0123,/Volumes/EXT DATA/IDMB/derived/Bombus/collection/images/ISSERTES_0123_P_1.jpg,pyrenaeus,0.9948391369768849,pratorum,0.004080796949135473,soroeensis,0.0007825393227816162,pyrenaeus,True,True
2051,,ISSERTES_0123,/Volumes/EXT DATA/IDMB/derived/Bombus/collection/images/ISSERTES_0123_P_2.jpg,pyrenaeus,0.9928974537914141,pratorum,0.005948627843185898,sylvarum,0.001069822067843371,pyrenaeus,True,True
2052,,ISSERTES_0123,/Volumes/EXT DATA/IDMB/derived/Bombus/collection/images/ISSERTES_0123_S_1.jpg,pyrenaeus,0.9803612403552397,pratorum,0.016204662831223692,soroeensis,0.0031343271028743992,pyrenaeus,True,True
2053,,ISSERTES_0123,/Volumes/EXT DATA/IDMB/derived/Bombus/collection/images/ISSERTES_0123_S_2.jpg,pyrenaeus,0.8575326647835243,pratorum,0.13108649195369274,soroeensis,0.007174245697382449,pyrenaeus,True,True
2054,,ISSERTES_0123,/Volumes/EXT DATA/IDMB/derived/Bombus/collection/images/ISSERTES_0123_S_3.jpg,pratorum,0.514857874623851,pyrenaeus,0.43067689431760553,sylvarum,0.054264022919132564,pyrenaeus,False,True
2055,,ISSERTES_0124,/Volumes/EXT DATA/IDMB/derived/Bombus/collection/images/ISSERTES_0124_P_1.jpg,pyrenaeus,0.9923408739986408,monticola,0.007463315012838027,pratorum,8.71295281070612e-05,pyrenaeus,True,True
2056,,ISSERTES_0124,/Volumes/EXT DATA/IDMB/derived/Bombus/collection/images/ISSERTES_0124_P_2.jpg,pyrenaeus,0.9802875918679649,monticola,0.019511999590372725,soroeensis,0.00010806815276896897,pyrenaeus,True,True
2057,,ISSERTES_0124,/Volumes/EXT DATA/IDMB/derived/Bombus/collection/images/ISSERTES_0124_S_1.jpg,pyrenaeus,0.995115571792083,monticola,0.004611252609834699,soroeensis,0.000180072805947904,pyrenaeus,True,True
2058,,ISSERTES_0124,/Volumes/EXT DATA/IDMB/derived/Bombus/collection/images/ISSERTES_0124_S_2.jpg,pyrenaeus,0.9869797587939211,monticola,0.011851119212084963,pratorum,0.0007085613089822996,pyrenaeus,True,True
2059,,ISSERTES_0124,/Volumes/EXT DATA/IDMB/derived/Bombus/collection/images/ISSERTES_0124_S_3.jpg,pyrenaeus,0.9500307908623489,monticola,0.04958563292677086,soroeensis,0.0002482182088518732,pyrenaeus,True,True
2060,,ISSERTES_0125,/Volumes/EXT DATA/IDMB/derived/Bombus/collection/images/ISSERTES_0125_P_1.jpg,pyrenaeus,0.9992061881552761,monticola,0.0005322113329339148,pratorum,0.00016342771893740115,pyrenaeus,True,True
2061,,ISSERTES_0125,/Volumes/EXT DATA/IDMB/derived/Bombus/collection/images/ISSERTES_0125_P_2.jpg,pyrenaeus,0.999488606644513,pratorum,0.00034269932396049826,soroeensis,0.00015816726971433406,pyrenaeus,True,True
2062,,ISSERTES_0125,/Volumes/EXT DATA/IDMB/derived/Bombus/collection/images/ISSERTES_0125_S_1.jpg,pyrenaeus,0.985438773828189,pratorum,0.014213149397437798,monticola,0.0001659511003562202,pyrenaeus,True,True
2063,,ISSERTES_0125,/Volumes/EXT DATA/IDMB/derived/Bombus/collection/images/ISSERTES_0125_S_2.jpg,pyrenaeus,0.9958020893471384,pratorum,0.003758970389270866,soroeensis,0.00038202378283180204,pyrenaeus,True,True
2064,,ISSERTES_0125,/Volumes/EXT DATA/IDMB/derived/Bombus/collection/images/ISSERTES_0125_S_3.jpg,pyrenaeus,0.9982668441012299,soroeensis,0.0006781237240662442,pratorum,0.000595613984686772,pyrenaeus,True,True
2065,,ISSERTES_0126,/Volumes/EXT DATA/IDMB/derived/Bombus/collection/images/ISSERTES_0126_P_1.jpg,pyrenaeus,0.9907926021792781,sichelii,0.00901555273173525,monticola,8.038604215531988e-05,pyrenaeus,True,True
2066,,ISSERTES_0126,/Volumes/EXT DATA/IDMB/derived/Bombus/collection/images/ISSERTES_0126_P_2.jpg,pyrenaeus,0.995683249501923,sichelii,0.0036408802355580297,soroeensis,0.0002903410847999207,pyrenaeus,True,True
2067,,ISSERTES_0126,/Volumes/EXT DATA/IDMB/derived/Bombus/collection/images/ISSERTES_0126_S_1.jpg,pyrenaeus,0.9163842214312163,sichelii,0.0820286529311901,pratorum,0.0008109792001860494,pyrenaeus,True,True
2068,,ISSERTES_0126,/Volumes/EXT DATA/IDMB/derived/Bombus/collection/images/ISSERTES_0126_S_2.jpg,pyrenaeus,0.7640547039278112,sichelii,0.22811693899265098,soroeensis,0.003333464414321937,pyrenaeus,True,True
2069,,ISSERTES_0126,/Volumes/EXT DATA/IDMB/derived/Bombus/collection/images/ISSERTES_0126_S_3.jpg,pyrenaeus,0.9860266526452203,sichelii,0.006724561258694276,pratorum,0.004997322116807531,pyrenaeus,True,True
2070,,ISSERTES_0127,/Volumes/EXT DATA/IDMB/derived/Bombus/collection/images/ISSERTES_0127_P_1.jpg,pyrenaeus,0.9691166109362089,monticola,0.0308693566722112,lapidarius,9.150271691684735e-06,pyrenaeus,True,True
2071,,ISSERTES_0127,/Volumes/EXT DATA/IDMB/derived/Bombus/collection/images/ISSERTES_0127_P_2.jpg,pyrenaeus,0.9907085371899547,monticola,0.009288364404909167,sichelii,2.5700960014385475e-06,pyrenaeus,True,True
2072,,ISSERTES_0127,/Volumes/EXT DATA/IDMB/derived/Bombus/collection/images/ISSERTES_0127_S_1.jpg,pyrenaeus,0.9939187681918589,monticola,0.006025946385665889,lapidarius,4.05965027263308e-05,pyrenaeus,True,True
2073,,ISSERTES_0127,/Volumes/EXT DATA/IDMB/derived/Bombus/collection/images/ISSERTES_0127_S_2.jpg,pyrenaeus,0.9902470409490035,monticola,0.008632783156720463,lapidarius,0.0010799363544618974,pyrenaeus,True,True
2074,,ISSERTES_0127,/Volumes/EXT DATA/IDMB/derived/Bombus/collection/images/ISSERTES_0127_S_3.jpg,pyrenaeus,0.9343822453568651,monticola,0.06455100169640463,lapidarius,0.0006482742594127617,pyrenaeus,True,True
2075,,ISSERTES_0128,/Volumes/EXT DATA/IDMB/derived/Bombus/collection/images/ISSERTES_0128_P_1.jpg,pyrenaeus,0.9996141623152399,lapidarius,0.00029157291554941913,soroeensis,6.135106535435325e-05,pyrenaeus,True,True
2076,,ISSERTES_0128,/Volumes/EXT DATA/IDMB/derived/Bombus/collection/images/ISSERTES_0128_P_2.jpg,pyrenaeus,0.9998266628294057,lapidarius,8.21184462990947e-05,pratorum,3.574151104120537e-05,pyrenaeus,True,True
2077,,ISSERTES_0128,/Volumes/EXT DATA/IDMB/derived/Bombus/collection/images/ISSERTES_0128_S_1.jpg,pyrenaeus,0.9996875759826088,lapidarius,0.00017150663084147984,pratorum,6.422008078059538e-05,pyrenaeus,True,True
2078,,ISSERTES_0128,/Volumes/EXT DATA/IDMB/derived/Bombus/collection/images/ISSERTES_0128_S_2.jpg,pyrenaeus,0.9991859868504617,soroeensis,0.0006087337232202997,lapidarius,0.00010002170062686567,pyrenaeus,True,True
2079,,ISSERTES_0128,/Volumes/EXT DATA/IDMB/derived/Bombus/collection/images/ISSERTES_0128_S_3.jpg,pyrenaeus,0.9996734248441093,soroeensis,0.00023645700872997933,monticola,4.5122411093890326e-05,pyrenaeus,True,True
2080,,ISSERTES_0129,/Volumes/EXT DATA/IDMB/derived/Bombus/collection/images/ISSERTES_0129_P_1.jpg,monticola,0.9961324445126573,pyrenaeus,0.0033989807892100573,soroeensis,0.0004232780277916744,monticola,True,True
2081,,ISSERTES_0129,/Volumes/EXT DATA/IDMB/derived/Bombus/collection/images/ISSERTES_0129_P_2.jpg,monticola,0.9984285990476156,pyrenaeus,0.0007402522195943733,soroeensis,0.0007081115123173321,monticola,True,True
2082,,ISSERTES_0129,/Volumes/EXT DATA/IDMB/derived/Bombus/collection/images/ISSERTES_0129_S_1.jpg,monticola,0.6056490045097571,soroeensis,0.3324454584751327,pyrenaeus,0.058382675362833786,monticola,True,True
2083,,ISSERTES_0129,/Volumes/EXT DATA/IDMB/derived/Bombus/collection/images/ISSERTES_0129_S_2.jpg,monticola,0.9262619167307705,soroeensis,0.06166802427865866,pyrenaeus,0.011880514205933841,monticola,True,True
2084,,ISSERTES_0129,/Volumes/EXT DATA/IDMB/derived/Bombus/collection/images/ISSERTES_0129_S_3.jpg,monticola,0.8710572552445908,soroeensis,0.12849169344543324,pyrenaeus,0.00022370991721606546,monticola,True,True
2085,,ISSERTES_0130,/Volumes/EXT DATA/IDMB/derived/Bombus/collection/images/ISSERTES_0130_P_2.jpg,monticola,0.9998274447273864,pyrenaeus,8.954052104726775e-05,soroeensis,8.262497449506315e-05,monticola,True,True
2086,,ISSERTES_0130,/Volumes/EXT DATA/IDMB/derived/Bombus/collection/images/ISSERTES_0130_S_1.jpg,monticola,0.9907772730680471,soroeensis,0.009011326396508174,pyrenaeus,0.00021107855670503026,monticola,True,True
2087,,ISSERTES_0130,/Volumes/EXT DATA/IDMB/derived/Bombus/collection/images/ISSERTES_0130_S_2.jpg,monticola,0.9920818443695523,soroeensis,0.006767455159389644,pyrenaeus,0.00114672832438472,monticola,True,True
2088,,ISSERTES_0130,/Volumes/EXT DATA/IDMB/derived/Bombus/collection/images/ISSERTES_0130_S_3.jpg,monticola,0.9993744206072348,soroeensis,0.00038031836611070955,pyrenaeus,0.00024478395973086714,monticola,True,True
2089,,ISSERTES_0131,/Volumes/EXT DATA/IDMB/derived/Bombus/collection/images/ISSERTES_0131_P_1.jpg,monticola,0.9992587830821383,lapidarius,0.00044471747112513995,pyrenaeus,0.0002946238943778453,monticola,True,True
2090,,ISSERTES_0131,/Volumes/EXT DATA/IDMB/derived/Bombus/collection/images/ISSERTES_0131_P_2.jpg,monticola,0.9983583278593753,lapidarius,0.0014119500373078499,pyrenaeus,0.000217264611180809,monticola,True,True
2091,,ISSERTES_0131,/Volumes/EXT DATA/IDMB/derived/Bombus/collection/images/ISSERTES_0131_S_1.jpg,monticola,0.9899560276303946,lapidarius,0.009029198723095662,pyrenaeus,0.000815425552411919,monticola,True,True
2092,,ISSERTES_0131,/Volumes/EXT DATA/IDMB/derived/Bombus/collection/images/ISSERTES_0131_S_2.jpg,monticola,0.9984608624344304,lapidarius,0.0008853508765723096,pyrenaeus,0.0005636742189446238,monticola,True,True
2093,,ISSERTES_0131,/Volumes/EXT DATA/IDMB/derived/Bombus/collection/images/ISSERTES_0131_S_3.jpg,monticola,0.9987682408532852,lapidarius,0.0007633018935446228,pyrenaeus,0.000463137254227294,monticola,True,True
2094,,ISSERTES_0132,/Volumes/EXT DATA/IDMB/derived/Bombus/collection/images/ISSERTES_0132_P_1.jpg,monticola,0.9976745734733418,pyrenaeus,0.002120712934668307,soroeensis,0.00016259300921917866,monticola,True,True
2095,,ISSERTES_0132,/Volumes/EXT DATA/IDMB/derived/Bombus/collection/images/ISSERTES_0132_P_2.jpg,monticola,0.9990427499564456,pyrenaeus,0.000525678415783845,lapidarius,0.0003216702724360516,monticola,True,True
2096,,ISSERTES_0132,/Volumes/EXT DATA/IDMB/derived/Bombus/collection/images/ISSERTES_0132_S_1.jpg,monticola,0.9996985534160624,pyrenaeus,0.00015373878739433436,lapidarius,0.00011833834880486163,monticola,True,True
2097,,ISSERTES_0132,/Volumes/EXT DATA/IDMB/derived/Bombus/collection/images/ISSERTES_0132_S_2.jpg,monticola,0.9989983667085415,lapidarius,0.0005145949268163539,pyrenaeus,0.00044389337190936344,monticola,True,True
2098,,ISSERTES_0132,/Volumes/EXT DATA/IDMB/derived/Bombus/collection/images/ISSERTES_0132_S_3.jpg,monticola,0.9988129873038396,pyrenaeus,0.0008461076401935762,lapidarius,0.0003031285257805026,monticola,True,True
2099,,ISSERTES_0133,/Volumes/EXT DATA/IDMB/derived/Bombus/collection/images/ISSERTES_0133_P_1.jpg,monticola,0.969321508377229,pyrenaeus,0.030672372816895367,soroeensis,3.3536889954447628e-06,monticola,True,True
2100,,ISSERTES_0133,/Volumes/EXT DATA/IDMB/derived/Bombus/collection/images/ISSERTES_0133_P_2.jpg,monticola,0.9876762517926819,pyrenaeus,0.012319728356200762,soroeensis,3.529774005682022e-06,monticola,True,True
2101,,ISSERTES_0133,/Volumes/EXT DATA/IDMB/derived/Bombus/collection/images/ISSERTES_0133_S_1.jpg,monticola,0.8997515013415723,pyrenaeus,0.10012066282356186,soroeensis,0.00012381601586749597,monticola,True,True
2102,,ISSERTES_0133,/Volumes/EXT DATA/IDMB/derived/Bombus/collection/images/ISSERTES_0133_S_2.jpg,monticola,0.9817831258522338,pyrenaeus,0.018055511495594076,soroeensis,0.00015504216442447958,monticola,True,True
2103,,ISSERTES_0133,/Volumes/EXT DATA/IDMB/derived/Bombus/collection/images/ISSERTES_0133_S_3.jpg,monticola,0.8529032403488032,pyrenaeus,0.14700925256029063,soroeensis,7.818666365443546e-05,monticola,True,True
2104,,ISSERTES_0134,/Volumes/EXT DATA/IDMB/derived/Bombus/collection/images/ISSERTES_0134_P_1.jpg,monticola,0.8458956529628322,pyrenaeus,0.15395736532484083,lapidarius,7.738933266636344e-05,monticola,True,True
2105,,ISSERTES_0134,/Volumes/EXT DATA/IDMB/derived/Bombus/collection/images/ISSERTES_0134_P_2.jpg,monticola,0.9723954610190032,pyrenaeus,0.027530244933499377,sichelii,3.794097616960623e-05,monticola,True,True
2106,,ISSERTES_0134,/Volumes/EXT DATA/IDMB/derived/Bombus/collection/images/ISSERTES_0134_S_1.jpg,monticola,0.9274501446593593,pyrenaeus,0.06536712794485161,lapidarius,0.0034288576302762934,monticola,True,True
2107,,ISSERTES_0134,/Volumes/EXT DATA/IDMB/derived/Bombus/collection/images/ISSERTES_0134_S_2.jpg,monticola,0.9958478788545958,pyrenaeus,0.003281588195320838,sichelii,0.00035313925065647966,monticola,True,True
2108,,ISSERTES_0134,/Volumes/EXT DATA/IDMB/derived/Bombus/collection/images/ISSERTES_0134_S_3.jpg,monticola,0.9909950533283556,pyrenaeus,0.008713301314351482,soroeensis,0.00021211088324239757,monticola,True,True
2109,,ISSERTES_0135,/Volumes/EXT DATA/IDMB/derived/Bombus/collection/images/ISSERTES_0135_P_1.jpg,monticola,0.9999756427416002,pyrenaeus,2.4196026780524172e-05,sichelii,1.3600830081076102e-07,monticola,True,True
2110,,ISSERTES_0135,/Volumes/EXT DATA/IDMB/derived/Bombus/collection/images/ISSERTES_0135_P_2.jpg,monticola,0.9999867867565186,pyrenaeus,1.3078348944805765e-05,soroeensis,6.767757576231868e-08,monticola,True,True
2111,,ISSERTES_0135,/Volumes/EXT DATA/IDMB/derived/Bombus/collection/images/ISSERTES_0135_S_1.jpg,monticola,0.9999647747210415,pyrenaeus,2.4819832121845052e-05,soroeensis,1.0140693715266939e-05,monticola,True,True
2112,,ISSERTES_0135,/Volumes/EXT DATA/IDMB/derived/Bombus/collection/images/ISSERTES_0135_S_2.jpg,monticola,0.9999883591288251,pyrenaeus,1.1239891979494312e-05,soroeensis,3.5937815028490974e-07,monticola,True,True
2113,,ISSERTES_0135,/Volumes/EXT DATA/IDMB/derived/Bombus/collection/images/ISSERTES_0135_S_3.jpg,monticola,0.9999707255594931,pyrenaeus,2.7783091523030225e-05,soroeensis,1.3129009107715175e-06,monticola,True,True
2114,,ISSERTES_0136,/Volumes/EXT DATA/IDMB/derived/Bombus/collection/images/ISSERTES_0136_P_1.jpg,monticola,0.9927568241263358,pyrenaeus,0.004783431203474127,sichelii,0.00147487725356241,monticola,True,True
2115,,ISSERTES_0136,/Volumes/EXT DATA/IDMB/derived/Bombus/collection/images/ISSERTES_0136_P_2.jpg,monticola,0.9856516244376823,pyrenaeus,0.01109997253807061,sichelii,0.0015084430865889152,monticola,True,True
2116,,ISSERTES_0136,/Volumes/EXT DATA/IDMB/derived/Bombus/collection/images/ISSERTES_0136_S_1.jpg,monticola,0.8339037863887518,soroeensis,0.07162319263732321,pyrenaeus,0.05624991978105885,monticola,True,True
2117,,ISSERTES_0136,/Volumes/EXT DATA/IDMB/derived/Bombus/collection/images/ISSERTES_0136_S_2.jpg,monticola,0.8777274690307983,soroeensis,0.08299800513036668,pyrenaeus,0.024432632089425633,monticola,True,True
2118,,ISSERTES_0136,/Volumes/EXT DATA/IDMB/derived/Bombus/collection/images/ISSERTES_0136_S_3.jpg,monticola,0.954783897449315,pyrenaeus,0.017868976029502746,sichelii,0.016666430938459695,monticola,True,True
2119,,ISSERTES_0137,/Volumes/EXT DATA/IDMB/derived/Bombus/collection/images/ISSERTES_0137_P_1.jpg,pyrenaeus,0.9561103942455648,monticola,0.04004636890532646,sichelii,0.0034824490487654625,pyrenaeus,True,True
2120,,ISSERTES_0137,/Volumes/EXT DATA/IDMB/derived/Bombus/collection/images/ISSERTES_0137_P_2.jpg,pyrenaeus,0.9971339749613627,monticola,0.002613455389198914,sichelii,0.00023124450660714816,pyrenaeus,True,True
2121,,ISSERTES_0137,/Volumes/EXT DATA/IDMB/derived/Bombus/collection/images/ISSERTES_0137_S_1.jpg,pyrenaeus,0.973317587383852,monticola,0.026563663862433085,soroeensis,7.657705970909399e-05,pyrenaeus,True,True
2122,,ISSERTES_0137,/Volumes/EXT DATA/IDMB/derived/Bombus/collection/images/ISSERTES_0137_S_2.jpg,pyrenaeus,0.9943181438993214,monticola,0.005351945664298669,soroeensis,0.00022483826527422386,pyrenaeus,True,True
2123,,ISSERTES_0137,/Volumes/EXT DATA/IDMB/derived/Bombus/collection/images/ISSERTES_0137_S_3.jpg,pyrenaeus,0.9842525390248168,monticola,0.01449431233562097,soroeensis,0.0008864142599628169,pyrenaeus,True,True
2124,,ISSERTES_0138,/Volumes/EXT DATA/IDMB/derived/Bombus/collection/images/ISSERTES_0138_P_1.jpg,monticola,0.9996149706637085,lapidarius,0.0002385556819433574,pyrenaeus,0.00010925164866701051,monticola,True,True
2125,,ISSERTES_0138,/Volumes/EXT DATA/IDMB/derived/Bombus/collection/images/ISSERTES_0138_P_2.jpg,monticola,0.9991885650003726,pyrenaeus,0.0007213477931968533,lapidarius,8.681493191860295e-05,monticola,True,True
2126,,ISSERTES_0138,/Volumes/EXT DATA/IDMB/derived/Bombus/collection/images/ISSERTES_0138_S_1.jpg,monticola,0.9992706283731597,pyrenaeus,0.0005698026983745095,lapidarius,0.00011401708794355466,monticola,True,True
2127,,ISSERTES_0138,/Volumes/EXT DATA/IDMB/derived/Bombus/collection/images/ISSERTES_0138_S_2.jpg,monticola,0.9989256467676424,lapidarius,0.0007008509853505754,pyrenaeus,0.000195446192626268,monticola,True,True
2128,,ISSERTES_0138,/Volumes/EXT DATA/IDMB/derived/Bombus/collection/images/ISSERTES_0138_S_3.jpg,monticola,0.9943537966303434,pyrenaeus,0.003733387963410782,lapidarius,0.0017007082735553405,monticola,True,True
2129,,ISSERTES_0139,/Volumes/EXT DATA/IDMB/derived/Bombus/collection/images/ISSERTES_0139_P_2.jpg,monticola,0.9409075078207558,pyrenaeus,0.05760960930006974,soroeensis,0.0013628500782090823,monticola,True,True
2130,,ISSERTES_0139,/Volumes/EXT DATA/IDMB/derived/Bombus/collection/images/ISSERTES_0139_S_1.jpg,monticola,0.6088540516733122,pyrenaeus,0.36574732011791655,sichelii,0.013771438970552215,monticola,True,True
2131,,ISSERTES_0139,/Volumes/EXT DATA/IDMB/derived/Bombus/collection/images/ISSERTES_0139_S_2.jpg,monticola,0.9615092705707641,soroeensis,0.020912990724265775,pyrenaeus,0.013372298671315595,monticola,True,True
2132,,ISSERTES_0139,/Volumes/EXT DATA/IDMB/derived/Bombus/collection/images/ISSERTES_0139_S_3.jpg,monticola,0.871883402554542,pyrenaeus,0.08726804216566456,soroeensis,0.03524984003997001,monticola,True,True
2133,,ISSERTES_0140,/Volumes/EXT DATA/IDMB/derived/Bombus/collection/images/ISSERTES_0140_P_1.jpg,monticola,0.9999887782642007,pyrenaeus,1.1141980765397673e-05,soroeensis,7.699491353141853e-08,monticola,True,True
2134,,ISSERTES_0140,/Volumes/EXT DATA/IDMB/derived/Bombus/collection/images/ISSERTES_0140_P_2.jpg,monticola,0.9998582006902225,pyrenaeus,0.00013995901220080896,soroeensis,1.8371882667232672e-06,monticola,True,True
2135,,ISSERTES_0140,/Volumes/EXT DATA/IDMB/derived/Bombus/collection/images/ISSERTES_0140_S_1.jpg,monticola,0.9999859482297794,pyrenaeus,1.0075380667570522e-05,soroeensis,3.970028540723671e-06,monticola,True,True
2136,,ISSERTES_0140,/Volumes/EXT DATA/IDMB/derived/Bombus/collection/images/ISSERTES_0140_S_2.jpg,monticola,0.9999442042511216,pyrenaeus,4.845407198491646e-05,soroeensis,7.318632442002894e-06,monticola,True,True
2137,,ISSERTES_0140,/Volumes/EXT DATA/IDMB/derived/Bombus/collection/images/ISSERTES_0140_S_3.jpg,monticola,0.9999663133441529,pyrenaeus,1.9105352782780935e-05,soroeensis,1.4563983480665907e-05,monticola,True,True
2138,,ISSERTES_0141,/Volumes/EXT DATA/IDMB/derived/Bombus/collection/images/ISSERTES_0141_P_1.jpg,monticola,0.9994160920114511,pyrenaeus,0.0005735101708117438,soroeensis,8.854052205460258e-06,monticola,True,True
2139,,ISSERTES_0141,/Volumes/EXT DATA/IDMB/derived/Bombus/collection/images/ISSERTES_0141_P_2.jpg,monticola,0.9991023278816633,pyrenaeus,0.0008947945714523917,soroeensis,2.564916683338575e-06,monticola,True,True
2140,,ISSERTES_0141,/Volumes/EXT DATA/IDMB/derived/Bombus/collection/images/ISSERTES_0141_S_1.jpg,monticola,0.9997407252621147,pyrenaeus,0.00018281906731144876,soroeensis,6.553981531584992e-05,monticola,True,True
2141,,ISSERTES_0141,/Volumes/EXT DATA/IDMB/derived/Bombus/collection/images/ISSERTES_0141_S_2.jpg,monticola,0.9997763698897132,pyrenaeus,0.00020241954121129617,soroeensis,2.09642641971607e-05,monticola,True,True
2142,,ISSERTES_0141,/Volumes/EXT DATA/IDMB/derived/Bombus/collection/images/ISSERTES_0141_S_3.jpg,monticola,0.9997019705457835,pyrenaeus,0.0002915506844408202,soroeensis,5.848578521618459e-06,monticola,True,True
2143,,ISSERTES_0142,/Volumes/EXT DATA/IDMB/derived/Bombus/collection/images/ISSERTES_0142_P_1.jpg,monticola,0.9965652647073131,soroeensis,0.0018263684600018707,pyrenaeus,0.0016054078381945048,monticola,True,True
2144,,ISSERTES_0142,/Volumes/EXT DATA/IDMB/derived/Bombus/collection/images/ISSERTES_0142_P_2.jpg,monticola,0.9959001837420356,pyrenaeus,0.0036248666655471795,soroeensis,0.00047302136140118216,monticola,True,True
2145,,ISSERTES_0142,/Volumes/EXT DATA/IDMB/derived/Bombus/collection/images/ISSERTES_0142_S_1.jpg,monticola,0.9937280227842517,soroeensis,0.005426730845090855,pyrenaeus,0.0008420948492249143,monticola,True,True
2146,,ISSERTES_0142,/Volumes/EXT DATA/IDMB/derived/Bombus/collection/images/ISSERTES_0142_S_2.jpg,monticola,0.9982192341510078,soroeensis,0.0014322242473852886,pyrenaeus,0.00034801255392400207,monticola,True,True
2147,,ISSERTES_0142,/Volumes/EXT DATA/IDMB/derived/Bombus/collection/images/ISSERTES_0142_S_3.jpg,monticola,0.9816968796199144,soroeensis,0.017952234988862472,pyrenaeus,0.00034962015402800116,monticola,True,True
2148,,ISSERTES_0143,/Volumes/EXT DATA/IDMB/derived/Bombus/collection/images/ISSERTES_0143_P_1.jpg,wurflenii,0.9999999833733713,sichelii,1.6552622449612908e-08,lapidarius,4.3373629529723836e-11,wurflenii,True,True
2149,,ISSERTES_0143,/Volumes/EXT DATA/IDMB/derived/Bombus/collection/images/ISSERTES_0143_P_2.jpg,wurflenii,0.9999999966082265,sichelii,3.30910974339528e-09,lapidarius,5.926054807849003e-11,wurflenii,True,True
2150,,ISSERTES_0143,/Volumes/EXT DATA/IDMB/derived/Bombus/collection/images/ISSERTES_0143_S_1.jpg,wurflenii,0.9999998088705028,sichelii,1.8156961715555622e-07,soroeensis,6.708580443249593e-09,wurflenii,True,True
2151,,ISSERTES_0143,/Volumes/EXT DATA/IDMB/derived/Bombus/collection/images/ISSERTES_0143_S_2.jpg,wurflenii,0.9999999893137649,sichelii,1.0598430623366487e-08,lapidarius,4.44274383556098e-11,wurflenii,True,True
2152,,ISSERTES_0143,/Volumes/EXT DATA/IDMB/derived/Bombus/collection/images/ISSERTES_0143_S_3.jpg,wurflenii,0.9999999887359569,sichelii,1.1112512021951539e-08,soroeensis,1.1623190414186305e-10,wurflenii,True,True
2153,,ISSERTES_0144,/Volumes/EXT DATA/IDMB/derived/Bombus/collection/images/ISSERTES_0144_P_1.jpg,wurflenii,0.9999968260782756,pratorum,3.152547068244742e-06,ruderarius,1.5018667208981666e-08,wurflenii,True,True
2154,,ISSERTES_0144,/Volumes/EXT DATA/IDMB/derived/Bombus/collection/images/ISSERTES_0144_P_2.jpg,wurflenii,0.9999606564837372,pratorum,3.883439222276743e-05,sichelii,2.8248716226727607e-07,wurflenii,True,True
2155,,ISSERTES_0144,/Volumes/EXT DATA/IDMB/derived/Bombus/collection/images/ISSERTES_0144_S_1.jpg,wurflenii,0.9999973082000349,pratorum,2.6551095878367533e-06,ruderarius,3.435828961326145e-08,wurflenii,True,True
2156,,ISSERTES_0144,/Volumes/EXT DATA/IDMB/derived/Bombus/collection/images/ISSERTES_0144_S_2.jpg,wurflenii,0.9999770440933926,pratorum,2.2949283442600886e-05,lapidarius,2.8901467438377387e-09,wurflenii,True,True
2157,,ISSERTES_0144,/Volumes/EXT DATA/IDMB/derived/Bombus/collection/images/ISSERTES_0144_S_3.jpg,wurflenii,0.9997804204026748,pratorum,0.00021954717116094667,ruderarius,1.554878713818625e-08,wurflenii,True,True
2158,,ISSERTES_0145,/Volumes/EXT DATA/IDMB/derived/Bombus/collection/images/ISSERTES_0145_P_1.jpg,wurflenii,0.997320597829321,pyrenaeus,0.0025754072326048035,soroeensis,6.590336250817358e-05,wurflenii,True,True
2159,,ISSERTES_0145,/Volumes/EXT DATA/IDMB/derived/Bombus/collection/images/ISSERTES_0145_P_2.jpg,wurflenii,0.9989271144884457,pyrenaeus,0.0007293910859922936,sichelii,0.0002002371791479539,wurflenii,True,True
2160,,ISSERTES_0145,/Volumes/EXT DATA/IDMB/derived/Bombus/collection/images/ISSERTES_0145_S_1.jpg,wurflenii,0.9973108729399466,soroeensis,0.0018065158973164883,pyrenaeus,0.0007096787222719593,wurflenii,True,True
2161,,ISSERTES_0145,/Volumes/EXT DATA/IDMB/derived/Bombus/collection/images/ISSERTES_0145_S_2.jpg,wurflenii,0.9980403625537625,pyrenaeus,0.0018139013139641458,soroeensis,8.685659691419285e-05,wurflenii,True,True
2162,,ISSERTES_0145,/Volumes/EXT DATA/IDMB/derived/Bombus/collection/images/ISSERTES_0145_S_3.jpg,wurflenii,0.9995282855478007,soroeensis,0.00038711376491385997,pyrenaeus,6.089511312491902e-05,wurflenii,True,True
2163,,ISSERTES_0146,/Volumes/EXT DATA/IDMB/derived/Bombus/collection/images/ISSERTES_0146_P_1.jpg,wurflenii,0.7895733169666013,sichelii,0.21023226180752486,lapidarius,0.0001624299308826322,wurflenii,True,True
2164,,ISSERTES_0146,/Volumes/EXT DATA/IDMB/derived/Bombus/collection/images/ISSERTES_0146_P_2.jpg,wurflenii,0.9984920842840985,sichelii,0.0015077906448285317,lapidarius,7.091500865515324e-08,wurflenii,True,True
2165,,ISSERTES_0146,/Volumes/EXT DATA/IDMB/derived/Bombus/collection/images/ISSERTES_0146_S_1.jpg,wurflenii,0.9973660947898731,sichelii,0.00262963710096197,soroeensis,2.525486859493245e-06,wurflenii,True,True
2166,,ISSERTES_0146,/Volumes/EXT DATA/IDMB/derived/Bombus/collection/images/ISSERTES_0146_S_2.jpg,wurflenii,0.9999317603922305,sichelii,6.79814043169859e-05,soroeensis,1.397944914766545e-07,wurflenii,True,True
2167,,ISSERTES_0146,/Volumes/EXT DATA/IDMB/derived/Bombus/collection/images/ISSERTES_0146_S_3.jpg,wurflenii,0.9999459161718098,sichelii,5.195820068738326e-05,soroeensis,1.540117085684775e-06,wurflenii,True,True
2168,,ISSERTES_0147,/Volumes/EXT DATA/IDMB/derived/Bombus/collection/images/ISSERTES_0147_P_1.jpg,wurflenii,0.9999836741981192,sichelii,1.1615428814992097e-05,lapidarius,4.707762497072537e-06,wurflenii,True,True
2169,,ISSERTES_0147,/Volumes/EXT DATA/IDMB/derived/Bombus/collection/images/ISSERTES_0147_P_2.jpg,wurflenii,0.9999997370639077,sichelii,2.0607699584199192e-07,lapidarius,4.937130129621063e-08,wurflenii,True,True
2170,,ISSERTES_0147,/Volumes/EXT DATA/IDMB/derived/Bombus/collection/images/ISSERTES_0147_S_1.jpg,wurflenii,0.9996670841774892,lapidarius,0.0002947497811866014,sichelii,3.808139553366539e-05,wurflenii,True,True
2171,,ISSERTES_0147,/Volumes/EXT DATA/IDMB/derived/Bombus/collection/images/ISSERTES_0147_S_2.jpg,wurflenii,0.9999990420862696,lapidarius,8.220743000824517e-07,sichelii,1.279526554169526e-07,wurflenii,True,True
2172,,ISSERTES_0147,/Volumes/EXT DATA/IDMB/derived/Bombus/collection/images/ISSERTES_0147_S_3.jpg,wurflenii,0.9999969933962503,lapidarius,2.1799230206591345e-06,sichelii,7.105032717070144e-07,wurflenii,True,True
2173,,ISSERTES_0148,/Volumes/EXT DATA/IDMB/derived/Bombus/collection/images/ISSERTES_0148_P_1.jpg,wurflenii,0.9999828113232456,sichelii,1.64891507196702e-05,lapidarius,6.913818699522486e-07,wurflenii,True,True
2174,,ISSERTES_0148,/Volumes/EXT DATA/IDMB/derived/Bombus/collection/images/ISSERTES_0148_P_2.jpg,wurflenii,0.9999993016641177,sichelii,6.776757003541108e-07,lapidarius,2.0546247817693688e-08,wurflenii,True,True
2175,,ISSERTES_0148,/Volumes/EXT DATA/IDMB/derived/Bombus/collection/images/ISSERTES_0148_S_1.jpg,wurflenii,0.9999974136898392,sichelii,2.4457193005414877e-06,lapidarius,1.402972753345947e-07,wurflenii,True,True
2176,,ISSERTES_0148,/Volumes/EXT DATA/IDMB/derived/Bombus/collection/images/ISSERTES_0148_S_2.jpg,wurflenii,0.9999833562317991,sichelii,1.392037798789884e-05,lapidarius,2.7230633244265024e-06,wurflenii,True,True
2177,,ISSERTES_0148,/Volumes/EXT DATA/IDMB/derived/Bombus/collection/images/ISSERTES_0148_S_3.jpg,wurflenii,0.999717087028457,lapidarius,0.00020953925539665054,sichelii,7.336079292857159e-05,wurflenii,True,True
2178,,ISSERTES_0149,/Volumes/EXT DATA/IDMB/derived/Bombus/collection/images/ISSERTES_0149_P_1.jpg,wurflenii,0.9999680158925324,sichelii,2.3381011952761848e-05,pratorum,4.697919513349156e-06,wurflenii,True,True
2179,,ISSERTES_0149,/Volumes/EXT DATA/IDMB/derived/Bombus/collection/images/ISSERTES_0149_P_2.jpg,wurflenii,0.999975137153765,sichelii,2.4555504471327794e-05,pratorum,1.4053226422852119e-07,wurflenii,True,True
2180,,ISSERTES_0149,/Volumes/EXT DATA/IDMB/derived/Bombus/collection/images/ISSERTES_0149_S_1.jpg,wurflenii,0.9997363603220434,pratorum,0.00016309598108697903,sichelii,6.919822689866392e-05,wurflenii,True,True
2181,,ISSERTES_0149,/Volumes/EXT DATA/IDMB/derived/Bombus/collection/images/ISSERTES_0149_S_2.jpg,wurflenii,0.9999774675337748,soroeensis,1.1405107818677892e-05,sichelii,6.226338407885816e-06,wurflenii,True,True
2182,,ISSERTES_0149,/Volumes/EXT DATA/IDMB/derived/Bombus/collection/images/ISSERTES_0149_S_3.jpg,wurflenii,0.9999735806884064,soroeensis,1.161976283127314e-05,pratorum,9.466841565571879e-06,wurflenii,True,True
2183,,ISSERTES_0150,/Volumes/EXT DATA/IDMB/derived/Bombus/collection/images/ISSERTES_0150_P_1.jpg,wurflenii,0.999999853850184,pratorum,7.147152736063964e-08,sichelii,5.061809862336964e-08,wurflenii,True,True
2184,,ISSERTES_0150,/Volumes/EXT DATA/IDMB/derived/Bombus/collection/images/ISSERTES_0150_P_2.jpg,wurflenii,0.9999969712869103,sichelii,2.898834580334586e-06,soroeensis,1.1562268283287535e-07,wurflenii,True,True
2185,,ISSERTES_0150,/Volumes/EXT DATA/IDMB/derived/Bombus/collection/images/ISSERTES_0150_S_1.jpg,wurflenii,0.9999789929388114,sichelii,1.3271755329826833e-05,soroeensis,5.949385044640653e-06,wurflenii,True,True
2186,,ISSERTES_0150,/Volumes/EXT DATA/IDMB/derived/Bombus/collection/images/ISSERTES_0150_S_2.jpg,wurflenii,0.9999998416940823,pratorum,9.860175860802933e-08,sichelii,4.409359746926572e-08,wurflenii,True,True
2187,,ISSERTES_0150,/Volumes/EXT DATA/IDMB/derived/Bombus/collection/images/ISSERTES_0150_S_3.jpg,wurflenii,0.9999888494270998,pratorum,1.0770357977045601e-05,sichelii,1.9715207559956968e-07,wurflenii,True,True
2188,,ISSERTES_0151,/Volumes/EXT DATA/IDMB/derived/Bombus/collection/images/ISSERTES_0151_P_1.jpg,sichelii,0.945953811990746,lapidarius,0.03528382261319075,pyrenaeus,0.018084634178355458,sichelii,True,True
2189,,ISSERTES_0151,/Volumes/EXT DATA/IDMB/derived/Bombus/collection/images/ISSERTES_0151_P_2.jpg,sichelii,0.9672386563461207,lapidarius,0.03161042798982996,pyrenaeus,0.0011492437803891612,sichelii,True,True
2190,,ISSERTES_0151,/Volumes/EXT DATA/IDMB/derived/Bombus/collection/images/ISSERTES_0151_S_1.jpg,sichelii,0.8714728762915802,lapidarius,0.12655871734845742,pyrenaeus,0.001615441062916159,sichelii,True,True
2191,,ISSERTES_0151,/Volumes/EXT DATA/IDMB/derived/Bombus/collection/images/ISSERTES_0151_S_2.jpg,sichelii,0.9524964372707312,lapidarius,0.04371988327236651,pyrenaeus,0.0028817791533285795,sichelii,True,True
2192,,ISSERTES_0151,/Volumes/EXT DATA/IDMB/derived/Bombus/collection/images/ISSERTES_0151_S_3.jpg,sichelii,0.9404964247060567,lapidarius,0.0577095704540602,wurflenii,0.001124155159907834,sichelii,True,True
2193,,ISSERTES_0152,/Volumes/EXT DATA/IDMB/derived/Bombus/collection/images/ISSERTES_0152_P_1.jpg,sichelii,0.9515285297871717,wurflenii,0.026638125156721648,pyrenaeus,0.020912272717108434,sichelii,True,True
2194,,ISSERTES_0152,/Volumes/EXT DATA/IDMB/derived/Bombus/collection/images/ISSERTES_0152_P_2.jpg,sichelii,0.8841181201657379,pyrenaeus,0.08096152110260246,wurflenii,0.03301541376019682,sichelii,True,True
2195,,ISSERTES_0152,/Volumes/EXT DATA/IDMB/derived/Bombus/collection/images/ISSERTES_0152_S_1.jpg,sichelii,0.9886658458570662,pyrenaeus,0.008042933997659204,wurflenii,0.0022909771746213426,sichelii,True,True
2196,,ISSERTES_0152,/Volumes/EXT DATA/IDMB/derived/Bombus/collection/images/ISSERTES_0152_S_2.jpg,sichelii,0.955619078010539,wurflenii,0.04191479908961973,pyrenaeus,0.001414414218289712,sichelii,True,True
2197,,ISSERTES_0152,/Volumes/EXT DATA/IDMB/derived/Bombus/collection/images/ISSERTES_0152_S_3.jpg,sichelii,0.8999862374941748,wurflenii,0.04836977257892385,pyrenaeus,0.036248471121211136,sichelii,True,True
2198,,ISSERTES_0153,/Volumes/EXT DATA/IDMB/derived/Bombus/collection/images/ISSERTES_0153_P_1.jpg,pyrenaeus,0.9273632830208676,sichelii,0.06660604596255602,lapidarius,0.00593973310539895,pyrenaeus,True,True
2199,,ISSERTES_0153,/Volumes/EXT DATA/IDMB/derived/Bombus/collection/images/ISSERTES_0153_P_2.jpg,pyrenaeus,0.9982157465846456,sichelii,0.0014063675870235614,lapidarius,0.0003063071437846707,pyrenaeus,True,True
2200,,ISSERTES_0153,/Volumes/EXT DATA/IDMB/derived/Bombus/collection/images/ISSERTES_0153_S_1.jpg,sichelii,0.45117884981872575,lapidarius,0.31073473062293666,pyrenaeus,0.23637483791363614,pyrenaeus,False,True
2201,,ISSERTES_0153,/Volumes/EXT DATA/IDMB/derived/Bombus/collection/images/ISSERTES_0153_S_2.jpg,pyrenaeus,0.826641485615843,sichelii,0.12369250942147808,lapidarius,0.04807063613722536,pyrenaeus,True,True
2202,,ISSERTES_0153,/Volumes/EXT DATA/IDMB/derived/Bombus/collection/images/ISSERTES_0153_S_3.jpg,pyrenaeus,0.5401765227861267,sichelii,0.3602077879472216,lapidarius,0.09796241586285792,pyrenaeus,True,True
2203,,ISSERTES_0154,/Volumes/EXT DATA/IDMB/derived/Bombus/collection/images/ISSERTES_0154_P_1.jpg,monticola,0.9979301489973404,pyrenaeus,0.0017910199354565178,soroeensis,0.0002502842023024446,pyrenaeus,False,True
2204,,ISSERTES_0154,/Volumes/EXT DATA/IDMB/derived/Bombus/collection/images/ISSERTES_0154_P_2.jpg,monticola,0.8992908285153733,pyrenaeus,0.09684121545162301,soroeensis,0.003804885264488507,pyrenaeus,False,True
2205,,ISSERTES_0154,/Volumes/EXT DATA/IDMB/derived/Bombus/collection/images/ISSERTES_0154_S_1.jpg,monticola,0.9887673508144538,pyrenaeus,0.01064460011834874,soroeensis,0.0005430598694792072,pyrenaeus,False,True
2206,,ISSERTES_0154,/Volumes/EXT DATA/IDMB/derived/Bombus/collection/images/ISSERTES_0154_S_3.jpg,monticola,0.9848968375322008,pyrenaeus,0.009341140564171216,soroeensis,0.005650759150235992,pyrenaeus,False,True
2207,,ISSERTES_0155,/Volumes/EXT DATA/IDMB/derived/Bombus/collection/images/ISSERTES_0155_P_1.jpg,monticola,0.7421414604921281,pyrenaeus,0.171292355494069,lapidarius,0.08572432776966114,pyrenaeus,False,True
2208,,ISSERTES_0155,/Volumes/EXT DATA/IDMB/derived/Bombus/collection/images/ISSERTES_0155_P_2.jpg,lapidarius,0.43930397847719543,monticola,0.30175994472985945,pyrenaeus,0.2584484817563244,pyrenaeus,False,True
2209,,ISSERTES_0155,/Volumes/EXT DATA/IDMB/derived/Bombus/collection/images/ISSERTES_0155_S_1.jpg,monticola,0.6378371022640993,lapidarius,0.25933195469442544,pyrenaeus,0.10224666565085515,pyrenaeus,False,True
2210,,ISSERTES_0155,/Volumes/EXT DATA/IDMB/derived/Bombus/collection/images/ISSERTES_0155_S_2.jpg,pyrenaeus,0.5871549758644917,monticola,0.397232181197675,lapidarius,0.015569430680377699,pyrenaeus,True,True
2211,,ISSERTES_0155,/Volumes/EXT DATA/IDMB/derived/Bombus/collection/images/ISSERTES_0155_S_3.jpg,monticola,0.8585434362996268,pyrenaeus,0.10463516640978944,lapidarius,0.035711327781446534,pyrenaeus,False,True
2212,,ISSERTES_0156,/Volumes/EXT DATA/IDMB/derived/Bombus/collection/images/ISSERTES_0156_P_1.jpg,sichelii,0.9847547312513591,lapidarius,0.009889332262427693,wurflenii,0.004461592495237369,sichelii,True,True
2213,,ISSERTES_0156,/Volumes/EXT DATA/IDMB/derived/Bombus/collection/images/ISSERTES_0156_P_2.jpg,sichelii,0.9607158365054166,wurflenii,0.0341414872614236,lapidarius,0.0049929994458662854,sichelii,True,True
2214,,ISSERTES_0156,/Volumes/EXT DATA/IDMB/derived/Bombus/collection/images/ISSERTES_0156_S_1.jpg,sichelii,0.995470613144461,lapidarius,0.0038172381634287433,wurflenii,0.0007098641672698449,sichelii,True,True
2215,,ISSERTES_0156,/Volumes/EXT DATA/IDMB/derived/Bombus/collection/images/ISSERTES_0156_S_2.jpg,sichelii,0.990968336581874,wurflenii,0.00870239190109851,lapidarius,0.00031563845377091497,sichelii,True,True
2216,,ISSERTES_0156,/Volumes/EXT DATA/IDMB/derived/Bombus/collection/images/ISSERTES_0156_S_3.jpg,sichelii,0.9839392964080103,lapidarius,0.011254522102247871,wurflenii,0.004732053260652222,sichelii,True,True
2217,,ISSERTES_0157,/Volumes/EXT DATA/IDMB/derived/Bombus/collection/images/ISSERTES_0157_P_1.jpg,sichelii,0.9976422716518942,soroeensis,0.0015350508258789367,pyrenaeus,0.00045342582875382276,sichelii,True,True
2218,,ISSERTES_0157,/Volumes/EXT DATA/IDMB/derived/Bombus/collection/images/ISSERTES_0157_P_2.jpg,sichelii,0.9970477291642098,monticola,0.001301552841028302,pyrenaeus,0.0009871183947709604,sichelii,True,True
2219,,ISSERTES_0157,/Volumes/EXT DATA/IDMB/derived/Bombus/collection/images/ISSERTES_0157_S_1.jpg,sichelii,0.9994936955303925,soroeensis,0.0002435643839812317,pyrenaeus,0.00018924908469981056,sichelii,True,True
2220,,ISSERTES_0157,/Volumes/EXT DATA/IDMB/derived/Bombus/collection/images/ISSERTES_0157_S_2.jpg,sichelii,0.9922980243505521,soroeensis,0.005228270617562245,monticola,0.0013315652098598051,sichelii,True,True
2221,,ISSERTES_0157,/Volumes/EXT DATA/IDMB/derived/Bombus/collection/images/ISSERTES_0157_S_3.jpg,sichelii,0.9979219700430617,soroeensis,0.0010931291310394351,monticola,0.0005924600758923525,sichelii,True,True
2222,,ISSERTES_0158,/Volumes/EXT DATA/IDMB/derived/Bombus/collection/images/ISSERTES_0158_P_1.jpg,monticola,0.9995009979406037,pyrenaeus,0.0004989685977027882,soroeensis,3.335839103561622e-08,monticola,True,True
2223,,ISSERTES_0158,/Volumes/EXT DATA/IDMB/derived/Bombus/collection/images/ISSERTES_0158_P_2.jpg,monticola,0.9986955682582696,pyrenaeus,0.0013042615603327601,soroeensis,1.689714719719626e-07,monticola,True,True
2224,,ISSERTES_0158,/Volumes/EXT DATA/IDMB/derived/Bombus/collection/images/ISSERTES_0158_S_1.jpg,monticola,0.9977461198986561,pyrenaeus,0.002205117492314674,soroeensis,4.8682686352815e-05,monticola,True,True
2225,,ISSERTES_0158,/Volumes/EXT DATA/IDMB/derived/Bombus/collection/images/ISSERTES_0158_S_2.jpg,monticola,0.9970899144519402,pyrenaeus,0.002909842432385583,soroeensis,2.4251602535441644e-07,monticola,True,True
2226,,ISSERTES_0158,/Volumes/EXT DATA/IDMB/derived/Bombus/collection/images/ISSERTES_0158_S_3.jpg,monticola,0.9997852057642309,pyrenaeus,0.0001975557186340443,soroeensis,1.723823960562498e-05,monticola,True,True
2227,,ISSERTES_0159,/Volumes/EXT DATA/IDMB/derived/Bombus/collection/images/ISSERTES_0159_P_1.jpg,sichelii,0.9631723711820438,lapidarius,0.03679007828886652,pyrenaeus,2.9444105737695707e-05,pyrenaeus,False,True
2228,,ISSERTES_0159,/Volumes/EXT DATA/IDMB/derived/Bombus/collection/images/ISSERTES_0159_P_2.jpg,sichelii,0.9866726446766304,lapidarius,0.013289748121350775,pyrenaeus,1.9930787036560998e-05,pyrenaeus,False,True
2229,,ISSERTES_0159,/Volumes/EXT DATA/IDMB/derived/Bombus/collection/images/ISSERTES_0159_S_1.jpg,sichelii,0.939692788402414,lapidarius,0.05983912224290933,pyrenaeus,0.0003775112852236162,pyrenaeus,False,True
2230,,ISSERTES_0159,/Volumes/EXT DATA/IDMB/derived/Bombus/collection/images/ISSERTES_0159_S_2.jpg,sichelii,0.9792514048988936,lapidarius,0.020519074515194503,wurflenii,0.00012786337770526128,pyrenaeus,False,False
2231,,ISSERTES_0159,/Volumes/EXT DATA/IDMB/derived/Bombus/collection/images/ISSERTES_0159_S_3.jpg,sichelii,0.9859173407975421,lapidarius,0.013836525431190105,soroeensis,0.00015128245890972108,pyrenaeus,False,False
2232,,ISSERTES_0160,/Volumes/EXT DATA/IDMB/derived/Bombus/collection/images/ISSERTES_0160_P_1.jpg,sichelii,0.8500838524817961,pyrenaeus,0.08439982575047714,wurflenii,0.06356865579632885,pyrenaeus,False,True
2233,,ISSERTES_0160,/Volumes/EXT DATA/IDMB/derived/Bombus/collection/images/ISSERTES_0160_P_2.jpg,sichelii,0.9785978096977976,pyrenaeus,0.015985309567103336,lapidarius,0.0044336445887366354,pyrenaeus,False,True
2234,,ISSERTES_0160,/Volumes/EXT DATA/IDMB/derived/Bombus/collection/images/ISSERTES_0160_S_1.jpg,sichelii,0.5422040026361237,pyrenaeus,0.29300607022239755,soroeensis,0.14762568498520037,pyrenaeus,False,True
2235,,ISSERTES_0160,/Volumes/EXT DATA/IDMB/derived/Bombus/collection/images/ISSERTES_0160_S_2.jpg,sichelii,0.5639009537097565,pyrenaeus,0.27865700578970964,soroeensis,0.13017786736225534,pyrenaeus,False,True
2236,,ISSERTES_0160,/Volumes/EXT DATA/IDMB/derived/Bombus/collection/images/ISSERTES_0160_S_3.jpg,sichelii,0.9099873687561395,pyrenaeus,0.05971029057440082,lapidarius,0.014901858268819514,pyrenaeus,False,True
2237,,ISSERTES_0161,/Volumes/EXT DATA/IDMB/derived/Bombus/collection/images/ISSERTES_0161_P_1.jpg,pyrenaeus,0.9988881539452472,monticola,0.0008991042797799866,sichelii,0.00010694359567396902,pyrenaeus,True,True
2238,,ISSERTES_0161,/Volumes/EXT DATA/IDMB/derived/Bombus/collection/images/ISSERTES_0161_P_2.jpg,pyrenaeus,0.9995910806165696,monticola,0.0003063925018282622,lapidarius,4.192693078019447e-05,pyrenaeus,True,True
2239,,ISSERTES_0161,/Volumes/EXT DATA/IDMB/derived/Bombus/collection/images/ISSERTES_0161_S_1.jpg,pyrenaeus,0.998154039848256,pratorum,0.0016914842259140805,monticola,0.0001246437719377728,pyrenaeus,True,True
2240,,ISSERTES_0161,/Volumes/EXT DATA/IDMB/derived/Bombus/collection/images/ISSERTES_0161_S_2.jpg,pyrenaeus,0.9994885658973048,monticola,0.0004941198159455213,pratorum,9.293453851885756e-06,pyrenaeus,True,True
2241,,ISSERTES_0161,/Volumes/EXT DATA/IDMB/derived/Bombus/collection/images/ISSERTES_0161_S_3.jpg,pyrenaeus,0.9951446056045132,monticola,0.0030324874475305616,pratorum,0.0008790921529535632,pyrenaeus,True,True
2242,,ISSERTES_0162,/Volumes/EXT DATA/IDMB/derived/Bombus/collection/images/ISSERTES_0162_P_1.jpg,pyrenaeus,0.99999753640562,sichelii,1.7694926367716298e-06,monticola,3.8371896494308484e-07,pyrenaeus,True,True
2243,,ISSERTES_0162,/Volumes/EXT DATA/IDMB/derived/Bombus/collection/images/ISSERTES_0162_P_2.jpg,pyrenaeus,0.999996124810498,monticola,1.6391866128649594e-06,sichelii,1.0631514945248736e-06,pyrenaeus,True,True
2244,,ISSERTES_0162,/Volumes/EXT DATA/IDMB/derived/Bombus/collection/images/ISSERTES_0162_S_1.jpg,pyrenaeus,0.9999168717782178,pratorum,5.473998832371953e-05,sichelii,1.3578928045970902e-05,pyrenaeus,True,True
2245,,ISSERTES_0162,/Volumes/EXT DATA/IDMB/derived/Bombus/collection/images/ISSERTES_0162_S_2.jpg,pyrenaeus,0.9999817558589715,monticola,8.189037006756003e-06,pratorum,5.45025788146963e-06,pyrenaeus,True,True
2246,,ISSERTES_0162,/Volumes/EXT DATA/IDMB/derived/Bombus/collection/images/ISSERTES_0162_S_3.jpg,pyrenaeus,0.9999468255613061,pratorum,5.08575963418152e-05,monticola,1.3810946226734469e-06,pyrenaeus,True,True
2247,,ISSERTES_0163,/Volumes/EXT DATA/IDMB/derived/Bombus/collection/images/ISSERTES_0163_P_1.jpg,pyrenaeus,0.9998633715200652,soroeensis,9.080741059747066e-05,sichelii,2.2444680147894857e-05,pyrenaeus,True,True
2248,,ISSERTES_0163,/Volumes/EXT DATA/IDMB/derived/Bombus/collection/images/ISSERTES_0163_P_2.jpg,pyrenaeus,0.9994146171940331,soroeensis,0.0004527018192841611,sichelii,7.538638401710182e-05,pyrenaeus,True,True
2249,,ISSERTES_0163,/Volumes/EXT DATA/IDMB/derived/Bombus/collection/images/ISSERTES_0163_S_1.jpg,pyrenaeus,0.9697405724635237,soroeensis,0.023212725849442763,pratorum,0.006966927503726776,pyrenaeus,True,True
2250,,ISSERTES_0163,/Volumes/EXT DATA/IDMB/derived/Bombus/collection/images/ISSERTES_0163_S_2.jpg,pyrenaeus,0.999585725833097,soroeensis,0.0002947447276044372,pratorum,8.623889830346954e-05,pyrenaeus,True,True
2251,,ISSERTES_0163,/Volumes/EXT DATA/IDMB/derived/Bombus/collection/images/ISSERTES_0163_S_3.jpg,pyrenaeus,0.9989425013951719,pratorum,0.0009957644246394225,soroeensis,4.0926416111078524e-05,pyrenaeus,True,True
2252,,ISSERTES_0164,/Volumes/EXT DATA/IDMB/derived/Bombus/collection/images/ISSERTES_0164_P_2.jpg,pyrenaeus,0.9995621580096169,monticola,0.000431550408349744,soroeensis,5.415009226543427e-06,pyrenaeus,True,True
2253,,ISSERTES_0164,/Volumes/EXT DATA/IDMB/derived/Bombus/collection/images/ISSERTES_0164_S_2.jpg,pyrenaeus,0.9999611665098342,monticola,3.107083282425663e-05,soroeensis,5.343727351335148e-06,pyrenaeus,True,True
2254,,ISSERTES_0164,/Volumes/EXT DATA/IDMB/derived/Bombus/collection/images/ISSERTES_0164_S_3.jpg,pyrenaeus,0.9999559059618356,monticola,4.2239371676461506e-05,pratorum,1.317298073083961e-06,pyrenaeus,True,True
2255,,ISSERTES_0165,/Volumes/EXT DATA/IDMB/derived/Bombus/collection/images/ISSERTES_0165_P_1.jpg,sichelii,0.9998761901704147,lapidarius,0.0001225306633734983,soroeensis,7.759021518710214e-07,sichelii,True,True
2256,,ISSERTES_0165,/Volumes/EXT DATA/IDMB/derived/Bombus/collection/images/ISSERTES_0165_P_2.jpg,sichelii,0.999235133788753,lapidarius,0.0007549664881336337,pyrenaeus,7.791897696046801e-06,sichelii,True,True
2257,,ISSERTES_0165,/Volumes/EXT DATA/IDMB/derived/Bombus/collection/images/ISSERTES_0165_S_1.jpg,sichelii,0.9997794386455907,lapidarius,0.00011762467249552059,soroeensis,9.198444029038205e-05,sichelii,True,True
2258,,ISSERTES_0165,/Volumes/EXT DATA/IDMB/derived/Bombus/collection/images/ISSERTES_0165_S_2.jpg,sichelii,0.9963601775302087,lapidarius,0.0034849239329342667,soroeensis,0.00014920317818553188,sichelii,True,True
2259,,ISSERTES_0165,/Volumes/EXT DATA/IDMB/derived/Bombus/collection/images/ISSERTES_0165_S_3.jpg,sichelii,0.9923344403507526,lapidarius,0.007572986002410031,soroeensis,9.112688802476561e-05,sichelii,True,True
2260,,ISSERTES_0166,/Volumes/EXT DATA/IDMB/derived/Bombus/collection/images/ISSERTES_0166_P_1.jpg,pyrenaeus,0.9749765374079342,soroeensis,0.018506130680139274,wurflenii,0.003087405463921367,pyrenaeus,True,True
2261,,ISSERTES_0166,/Volumes/EXT DATA/IDMB/derived/Bombus/collection/images/ISSERTES_0166_P_2.jpg,pyrenaeus,0.9841516408090932,wurflenii,0.014073017939459106,soroeensis,0.001360449203075972,pyrenaeus,True,True
2262,,ISSERTES_0166,/Volumes/EXT DATA/IDMB/derived/Bombus/collection/images/ISSERTES_0166_S_1.jpg,pyrenaeus,0.8726374586056083,sichelii,0.05060155147941568,soroeensis,0.04320224653628044,pyrenaeus,True,True
2263,,ISSERTES_0166,/Volumes/EXT DATA/IDMB/derived/Bombus/collection/images/ISSERTES_0166_S_2.jpg,pyrenaeus,0.6541920073423265,wurflenii,0.15687647726332368,lapidarius,0.11396828573051215,pyrenaeus,True,True
2264,,ISSERTES_0166,/Volumes/EXT DATA/IDMB/derived/Bombus/collection/images/ISSERTES_0166_S_3.jpg,pyrenaeus,0.7636926082461091,soroeensis,0.10669360571959176,wurflenii,0.060592645543263914,pyrenaeus,True,True
2265,,ISSERTES_0167,/Volumes/EXT DATA/IDMB/derived/Bombus/collection/images/ISSERTES_0167_P_1.jpg,sichelii,0.9013917301647255,lapidarius,0.0958183909552329,monticola,0.0020909026509186718,sichelii,True,True
2266,,ISSERTES_0167,/Volumes/EXT DATA/IDMB/derived/Bombus/collection/images/ISSERTES_0167_P_2.jpg,sichelii,0.6514171586859364,lapidarius,0.34537562463083177,monticola,0.0031260911442016104,sichelii,True,True
2267,,ISSERTES_0167,/Volumes/EXT DATA/IDMB/derived/Bombus/collection/images/ISSERTES_0167_S_1.jpg,sichelii,0.9269468438722939,lapidarius,0.07260557898712512,monticola,0.0003181153799321817,sichelii,True,True
2268,,ISSERTES_0167,/Volumes/EXT DATA/IDMB/derived/Bombus/collection/images/ISSERTES_0167_S_2.jpg,sichelii,0.8326924727434628,lapidarius,0.1670589876813713,soroeensis,0.0001796330291759471,sichelii,True,True
2269,,ISSERTES_0168,/Volumes/EXT DATA/IDMB/derived/Bombus/collection/images/ISSERTES_0168_P_1.jpg,sichelii,0.9613751859647985,lapidarius,0.019273841784549627,pyrenaeus,0.015932746147637757,sichelii,True,True
2270,,ISSERTES_0168,/Volumes/EXT DATA/IDMB/derived/Bombus/collection/images/ISSERTES_0168_P_2.jpg,sichelii,0.6754136045545669,pyrenaeus,0.23954581547980142,lapidarius,0.060626696948474994,sichelii,True,True
2271,,ISSERTES_0168,/Volumes/EXT DATA/IDMB/derived/Bombus/collection/images/ISSERTES_0168_S_1.jpg,sichelii,0.9367624886473987,lapidarius,0.05028439066459798,soroeensis,0.007120272981189155,sichelii,True,True
2272,,ISSERTES_0168,/Volumes/EXT DATA/IDMB/derived/Bombus/collection/images/ISSERTES_0168_S_2.jpg,sichelii,0.8066475720424031,lapidarius,0.15376785437244372,soroeensis,0.017943019759107552,sichelii,True,True
2273,,ISSERTES_0168,/Volumes/EXT DATA/IDMB/derived/Bombus/collection/images/ISSERTES_0168_S_3.jpg,sichelii,0.550920813080201,lapidarius,0.43004245647389333,monticola,0.012258403760346419,sichelii,True,True
2274,,ISSERTES_0169,/Volumes/EXT DATA/IDMB/derived/Bombus/collection/images/ISSERTES_0169_P_1.jpg,ruderarius,0.8708888961286716,pratorum,0.12869152653181978,soroeensis,0.00020235807846743822,ruderarius,True,True
2275,,ISSERTES_0169,/Volumes/EXT DATA/IDMB/derived/Bombus/collection/images/ISSERTES_0169_P_2.jpg,ruderarius,0.9554488730424551,pratorum,0.044494133880097965,soroeensis,3.9337320171281746e-05,ruderarius,True,True
2276,,ISSERTES_0169,/Volumes/EXT DATA/IDMB/derived/Bombus/collection/images/ISSERTES_0169_S_1.jpg,ruderarius,0.9959032152919887,pratorum,0.003684022122035829,soroeensis,0.000327376026485263,ruderarius,True,True
2277,,ISSERTES_0169,/Volumes/EXT DATA/IDMB/derived/Bombus/collection/images/ISSERTES_0169_S_2.jpg,pratorum,0.510566287393703,ruderarius,0.44713328787779066,soroeensis,0.03802433360383208,ruderarius,False,True
2278,,ISSERTES_0169,/Volumes/EXT DATA/IDMB/derived/Bombus/collection/images/ISSERTES_0169_S_3.jpg,ruderarius,0.9023415628083662,pratorum,0.09709413488195726,soroeensis,0.0005171081156624389,ruderarius,True,True
2279,,ISSERTES_0170,/Volumes/EXT DATA/IDMB/derived/Bombus/collection/images/ISSERTES_0170_P_1.jpg,ruderarius,0.9888483768643361,pomorum,0.007874992334979899,sylvarum,0.0032650884154713203,ruderarius,True,True
2280,,ISSERTES_0170,/Volumes/EXT DATA/IDMB/derived/Bombus/collection/images/ISSERTES_0170_P_2.jpg,ruderarius,0.9908567082608207,sylvarum,0.008911419136252683,pomorum,0.0001733077342740819,ruderarius,True,True
2281,,ISSERTES_0170,/Volumes/EXT DATA/IDMB/derived/Bombus/collection/images/ISSERTES_0170_S_1.jpg,ruderarius,0.9980118539959891,sylvarum,0.0016087342787011428,wurflenii,0.00021066380706055365,ruderarius,True,True
2282,,ISSERTES_0170,/Volumes/EXT DATA/IDMB/derived/Bombus/collection/images/ISSERTES_0170_S_2.jpg,ruderarius,0.9989144789559404,sylvarum,0.0008797675940896482,pomorum,0.00020505690199206015,ruderarius,True,True
2283,,ISSERTES_0170,/Volumes/EXT DATA/IDMB/derived/Bombus/collection/images/ISSERTES_0170_S_3.jpg,ruderarius,0.9983439668738633,sylvarum,0.0012320510920878279,pomorum,0.0004194925893738571,ruderarius,True,True
2284,,ISSERTES_0171,/Volumes/EXT DATA/IDMB/derived/Bombus/collection/images/ISSERTES_0171_P_1.jpg,ruderarius,0.8954346910646779,sylvarum,0.1018883683447455,pomorum,0.002671328750832304,ruderarius,True,True
2285,,ISSERTES_0171,/Volumes/EXT DATA/IDMB/derived/Bombus/collection/images/ISSERTES_0171_P_2.jpg,sylvarum,0.6320261830649871,ruderarius,0.3678274216882972,pomorum,0.00014621447792196793,ruderarius,False,True
2286,,ISSERTES_0171,/Volumes/EXT DATA/IDMB/derived/Bombus/collection/images/ISSERTES_0171_S_1.jpg,sylvarum,0.5411160101136153,ruderarius,0.4581841884902304,pomorum,0.0006836639950829138,ruderarius,False,True
2287,,ISSERTES_0171,/Volumes/EXT DATA/IDMB/derived/Bombus/collection/images/ISSERTES_0171_S_2.jpg,ruderarius,0.5789351515423081,sylvarum,0.42076088278067086,pomorum,0.0002975805401046924,ruderarius,True,True
2288,,ISSERTES_0171,/Volumes/EXT DATA/IDMB/derived/Bombus/collection/images/ISSERTES_0171_S_3.jpg,ruderarius,0.9089806583566967,sylvarum,0.09098669375464821,pomorum,3.149236080952508e-05,ruderarius,True,True
2289,,ISSERTES_0172,/Volumes/EXT DATA/IDMB/derived/Bombus/collection/images/ISSERTES_0172_P_1.jpg,sylvarum,0.7744739332778215,ruderarius,0.22552310266846778,lapidarius,1.2004628721183982e-06,ruderarius,False,True
2290,,ISSERTES_0172,/Volumes/EXT DATA/IDMB/derived/Bombus/collection/images/ISSERTES_0172_P_2.jpg,sylvarum,0.7000529903644142,ruderarius,0.2999427636931574,lapidarius,2.985999816941186e-06,ruderarius,False,True
2291,,ISSERTES_0172,/Volumes/EXT DATA/IDMB/derived/Bombus/collection/images/ISSERTES_0172_S_1.jpg,sylvarum,0.5388851377451556,ruderarius,0.46110280088950734,pomorum,5.860332665560388e-06,ruderarius,False,True
2292,,ISSERTES_0172,/Volumes/EXT DATA/IDMB/derived/Bombus/collection/images/ISSERTES_0172_S_2.jpg,ruderarius,0.5129482252737111,sylvarum,0.4870476972925317,pomorum,3.3286648761937233e-06,ruderarius,True,True
2293,,ISSERTES_0172,/Volumes/EXT DATA/IDMB/derived/Bombus/collection/images/ISSERTES_0172_S_3.jpg,ruderarius,0.6794811251911586,sylvarum,0.32050999013636094,pomorum,8.876061269682073e-06,ruderarius,True,True
2294,,ISSERTES_0173,/Volumes/EXT DATA/IDMB/derived/Bombus/collection/images/ISSERTES_0173_P_1.jpg,ruderarius,0.9731335356213429,sylvarum,0.026863944629087557,pomorum,2.497580096755307e-06,ruderarius,True,True
2295,,ISSERTES_0173,/Volumes/EXT DATA/IDMB/derived/Bombus/collection/images/ISSERTES_0173_P_2.jpg,ruderarius,0.9681382273346673,sylvarum,0.03186116841160348,pomorum,6.003539653025654e-07,ruderarius,True,True
2296,,ISSERTES_0173,/Volumes/EXT DATA/IDMB/derived/Bombus/collection/images/ISSERTES_0173_S_1.jpg,ruderarius,0.9961154665337992,sylvarum,0.003883666731408886,pomorum,8.374560198274981e-07,ruderarius,True,True
2297,,ISSERTES_0173,/Volumes/EXT DATA/IDMB/derived/Bombus/collection/images/ISSERTES_0173_S_2.jpg,ruderarius,0.9937281378567574,sylvarum,0.006271564572108771,pomorum,2.6835273271409293e-07,ruderarius,True,True
2298,,ISSERTES_0173,/Volumes/EXT DATA/IDMB/derived/Bombus/collection/images/ISSERTES_0173_S_3.jpg,ruderarius,0.9174914206555796,sylvarum,0.08250777005563464,pomorum,7.388962986366683e-07,ruderarius,True,True
2299,,ISSERTES_0174,/Volumes/EXT DATA/IDMB/derived/Bombus/collection/images/ISSERTES_0174_P_1.jpg,monticola,0.9996758116671199,pyrenaeus,0.0002920999115768342,soroeensis,1.851596386473351e-05,monticola,True,True
2300,,ISSERTES_0174,/Volumes/EXT DATA/IDMB/derived/Bombus/collection/images/ISSERTES_0174_P_2.jpg,monticola,0.9998223927955879,pyrenaeus,0.00012612794569624936,soroeensis,4.122227074170621e-05,monticola,True,True
2301,,ISSERTES_0174,/Volumes/EXT DATA/IDMB/derived/Bombus/collection/images/ISSERTES_0174_S_1.jpg,monticola,0.9995828470314254,pyrenaeus,0.00036639906250541637,soroeensis,4.5215569897316695e-05,monticola,True,True
2302,,ISSERTES_0174,/Volumes/EXT DATA/IDMB/derived/Bombus/collection/images/ISSERTES_0174_S_2.jpg,monticola,0.9999642381187154,pyrenaeus,2.671444101113373e-05,sichelii,7.630552107037598e-06,monticola,True,True
2303,,ISSERTES_0174,/Volumes/EXT DATA/IDMB/derived/Bombus/collection/images/ISSERTES_0174_S_3.jpg,monticola,0.9996430522765092,pyrenaeus,0.0002826934759009368,soroeensis,6.527237538427002e-05,monticola,True,True
2304,,ISSERTES_0175,/Volumes/EXT DATA/IDMB/derived/Bombus/collection/images/ISSERTES_0175_P_1.jpg,pyrenaeus,0.9855992060772857,monticola,0.013688213688656768,lapidarius,0.0003879907094014451,pyrenaeus,True,True
2305,,ISSERTES_0175,/Volumes/EXT DATA/IDMB/derived/Bombus/collection/images/ISSERTES_0175_P_2.jpg,pyrenaeus,0.9989944325803685,monticola,0.0009382789055111546,lapidarius,3.8973913852898134e-05,pyrenaeus,True,True
2306,,ISSERTES_0175,/Volumes/EXT DATA/IDMB/derived/Bombus/collection/images/ISSERTES_0175_S_1.jpg,pyrenaeus,0.9986100055013375,monticola,0.00121291639944353,sichelii,0.00011560820838999793,pyrenaeus,True,True
2307,,ISSERTES_0175,/Volumes/EXT DATA/IDMB/derived/Bombus/collection/images/ISSERTES_0175_S_2.jpg,pyrenaeus,0.9929956646490693,monticola,0.006627841222671566,lapidarius,0.00021190057705126794,pyrenaeus,True,True
2308,,ISSERTES_0175,/Volumes/EXT DATA/IDMB/derived/Bombus/collection/images/ISSERTES_0175_S_3.jpg,pyrenaeus,0.9948025243860534,monticola,0.0031877020066111094,lapidarius,0.0014048165069601851,pyrenaeus,True,True
2309,,ISSERTES_0176,/Volumes/EXT DATA/IDMB/derived/Bombus/collection/images/ISSERTES_0176_P_1.jpg,monticola,0.9998934856281576,pyrenaeus,6.604063464895998e-05,soroeensis,3.7923316966040704e-05,monticola,True,True
2310,,ISSERTES_0176,/Volumes/EXT DATA/IDMB/derived/Bombus/collection/images/ISSERTES_0176_P_2.jpg,monticola,0.9997823778258944,soroeensis,0.00011655692830970406,pyrenaeus,8.187676674468952e-05,monticola,True,True
2311,,ISSERTES_0176,/Volumes/EXT DATA/IDMB/derived/Bombus/collection/images/ISSERTES_0176_S_1.jpg,monticola,0.9984537167207059,soroeensis,0.0014934524492872271,lapidarius,3.472298356912333e-05,monticola,True,True
2312,,ISSERTES_0176,/Volumes/EXT DATA/IDMB/derived/Bombus/collection/images/ISSERTES_0176_S_2.jpg,monticola,0.9998183580419455,soroeensis,0.00017691462027189726,pyrenaeus,3.294476379068866e-06,monticola,True,True
2313,,ISSERTES_0176,/Volumes/EXT DATA/IDMB/derived/Bombus/collection/images/ISSERTES_0176_S_3.jpg,monticola,0.9954676639750234,soroeensis,0.004024493695678608,pyrenaeus,0.0004609483578537384,monticola,True,True
2314,,ISSERTES_0177,/Volumes/EXT DATA/IDMB/derived/Bombus/collection/images/ISSERTES_0177_P_1.jpg,pyrenaeus,0.9947860774137254,monticola,0.003474576799365278,sichelii,0.0016427064786459689,pyrenaeus,True,True
2315,,ISSERTES_0177,/Volumes/EXT DATA/IDMB/derived/Bombus/collection/images/ISSERTES_0177_P_2.jpg,pyrenaeus,0.9982349145769415,monticola,0.001247323132233931,sichelii,0.000180801460673847,pyrenaeus,True,True
2316,,ISSERTES_0177,/Volumes/EXT DATA/IDMB/derived/Bombus/collection/images/ISSERTES_0177_S_1.jpg,pyrenaeus,0.9872069311864082,monticola,0.011864837229338497,sichelii,0.0006529564713582487,pyrenaeus,True,True
2317,,ISSERTES_0177,/Volumes/EXT DATA/IDMB/derived/Bombus/collection/images/ISSERTES_0177_S_2.jpg,pyrenaeus,0.9918024772477618,pratorum,0.004458312265165008,sichelii,0.0018035559411511749,pyrenaeus,True,True
2318,,ISSERTES_0177,/Volumes/EXT DATA/IDMB/derived/Bombus/collection/images/ISSERTES_0177_S_3.jpg,pyrenaeus,0.9286505700848637,sichelii,0.0631671554941142,monticola,0.003688260883018831,pyrenaeus,True,True
2319,,ISSERTES_0178,/Volumes/EXT DATA/IDMB/derived/Bombus/collection/images/ISSERTES_0178_P_1.jpg,pyrenaeus,0.9998511016902313,soroeensis,0.0001305334259637265,sichelii,9.912043728677034e-06,pyrenaeus,True,True
2320,,ISSERTES_0178,/Volumes/EXT DATA/IDMB/derived/Bombus/collection/images/ISSERTES_0178_P_2.jpg,pyrenaeus,0.9997465915219389,sichelii,0.0002386837958399265,monticola,7.771486486741009e-06,pyrenaeus,True,True
2321,,ISSERTES_0178,/Volumes/EXT DATA/IDMB/derived/Bombus/collection/images/ISSERTES_0178_S_1.jpg,pyrenaeus,0.9991883628785458,soroeensis,0.0007751402460959123,monticola,2.6663382302126742e-05,pyrenaeus,True,True
2322,,ISSERTES_0178,/Volumes/EXT DATA/IDMB/derived/Bombus/collection/images/ISSERTES_0178_S_2.jpg,pyrenaeus,0.9996898200122077,soroeensis,0.00028063414800142756,monticola,2.2420208073790256e-05,pyrenaeus,True,True
2323,,ISSERTES_0178,/Volumes/EXT DATA/IDMB/derived/Bombus/collection/images/ISSERTES_0178_S_3.jpg,pyrenaeus,0.9996383491027465,soroeensis,0.00025035047245008935,monticola,0.00010621108693882038,pyrenaeus,True,True
2324,,ISSERTES_0179,/Volumes/EXT DATA/IDMB/derived/Bombus/collection/images/ISSERTES_0179_P_1.jpg,ruderarius,0.6497696204912662,sylvarum,0.34954914925519387,pratorum,0.0003953825035513239,ruderarius,True,True
2325,,ISSERTES_0179,/Volumes/EXT DATA/IDMB/derived/Bombus/collection/images/ISSERTES_0179_P_2.jpg,sylvarum,0.5324825578250753,ruderarius,0.4672715951476105,pomorum,0.00017191834024002915,ruderarius,False,True
2326,,ISSERTES_0179,/Volumes/EXT DATA/IDMB/derived/Bombus/collection/images/ISSERTES_0179_S_1.jpg,ruderarius,0.6721026499229792,sylvarum,0.3276925507285281,pomorum,0.00011768140618411888,ruderarius,True,True
2327,,ISSERTES_0179,/Volumes/EXT DATA/IDMB/derived/Bombus/collection/images/ISSERTES_0179_S_3.jpg,ruderarius,0.8320374621687101,sylvarum,0.16787514229316425,pomorum,5.394953876791445e-05,ruderarius,True,True
2328,,ISSERTES_0180,/Volumes/EXT DATA/IDMB/derived/Bombus/collection/images/ISSERTES_0180_P_1.jpg,ruderarius,0.9996461568008488,sylvarum,0.00035187224224773954,pomorum,1.1823094901522379e-06,ruderarius,True,True
2329,,ISSERTES_0180,/Volumes/EXT DATA/IDMB/derived/Bombus/collection/images/ISSERTES_0180_P_2.jpg,ruderarius,0.9996060384403217,sylvarum,0.0003663928793337536,pomorum,2.2812580351464908e-05,ruderarius,True,True
2330,,ISSERTES_0180,/Volumes/EXT DATA/IDMB/derived/Bombus/collection/images/ISSERTES_0180_S_1.jpg,ruderarius,0.9996145079626991,sylvarum,0.0003758128036365492,pomorum,7.505600342151918e-06,ruderarius,True,True
2331,,ISSERTES_0180,/Volumes/EXT DATA/IDMB/derived/Bombus/collection/images/ISSERTES_0180_S_2.jpg,ruderarius,0.9996722192491911,sylvarum,0.0003061201626540626,pomorum,2.106041884380048e-05,ruderarius,True,True
2332,,ISSERTES_0180,/Volumes/EXT DATA/IDMB/derived/Bombus/collection/images/ISSERTES_0180_S_3.jpg,ruderarius,0.9993668744540505,sylvarum,0.0006125724614820791,pomorum,1.0468212834995896e-05,ruderarius,True,True
2333,,ISSERTES_0181,/Volumes/EXT DATA/IDMB/derived/Bombus/collection/images/ISSERTES_0181_P_1.jpg,ruderarius,0.8806144485225582,sylvarum,0.11937837559802,pomorum,6.978761877480461e-06,ruderarius,True,True
2334,,ISSERTES_0181,/Volumes/EXT DATA/IDMB/derived/Bombus/collection/images/ISSERTES_0181_P_2.jpg,ruderarius,0.9183461387298442,sylvarum,0.08165174121988418,pomorum,2.0952927767080066e-06,ruderarius,True,True
2335,,ISSERTES_0181,/Volumes/EXT DATA/IDMB/derived/Bombus/collection/images/ISSERTES_0181_S_1.jpg,ruderarius,0.9970695912682982,sylvarum,0.0029300308995787155,pomorum,3.4253576535037225e-07,ruderarius,True,True
2336,,ISSERTES_0181,/Volumes/EXT DATA/IDMB/derived/Bombus/collection/images/ISSERTES_0181_S_3.jpg,ruderarius,0.9905062173262531,sylvarum,0.009493579725452771,pomorum,1.990283596005473e-07,ruderarius,True,True
2337,,ISSERTES_0182,/Volumes/EXT DATA/IDMB/derived/Bombus/collection/images/ISSERTES_0182_P_2.jpg,sichelii,0.807124073968742,lapidarius,0.19274210881581605,pyrenaeus,7.009301152241672e-05,sichelii,True,True
2338,,ISSERTES_0182,/Volumes/EXT DATA/IDMB/derived/Bombus/collection/images/ISSERTES_0182_S_1.jpg,lapidarius,0.67075901051971,sichelii,0.329019581926521,pyrenaeus,0.00013873251761771778,sichelii,False,True
2339,,ISSERTES_0182,/Volumes/EXT DATA/IDMB/derived/Bombus/collection/images/ISSERTES_0182_S_2.jpg,sichelii,0.9830350240172537,lapidarius,0.016961129688977686,pyrenaeus,2.440456805549689e-06,sichelii,True,True
2340,,ISSERTES_0183,/Volumes/EXT DATA/IDMB/derived/Bombus/collection/images/ISSERTES_0183_P_1.jpg,sichelii,0.978041591842971,lapidarius,0.011769978829849486,pyrenaeus,0.010175018871057123,sichelii,True,True
2341,,ISSERTES_0183,/Volumes/EXT DATA/IDMB/derived/Bombus/collection/images/ISSERTES_0183_P_2.jpg,sichelii,0.9759069227708457,lapidarius,0.021031242834622804,pyrenaeus,0.0030536160773368785,sichelii,True,True
2342,,ISSERTES_0183,/Volumes/EXT DATA/IDMB/derived/Bombus/collection/images/ISSERTES_0183_S_1.jpg,sichelii,0.9829718437610633,pyrenaeus,0.009707279941622775,lapidarius,0.007276790743501322,sichelii,True,True
2343,,ISSERTES_0183,/Volumes/EXT DATA/IDMB/derived/Bombus/collection/images/ISSERTES_0183_S_2.jpg,sichelii,0.8721670678194682,pyrenaeus,0.11884384292524552,soroeensis,0.0048038659204982246,sichelii,True,True
2344,,ISSERTES_0183,/Volumes/EXT DATA/IDMB/derived/Bombus/collection/images/ISSERTES_0183_S_3.jpg,sichelii,0.5755760077750003,pyrenaeus,0.4125224026819634,lapidarius,0.011123971095177794,sichelii,True,True
2345,,ISSERTES_0184,/Volumes/EXT DATA/IDMB/derived/Bombus/collection/images/ISSERTES_0184_P_1.jpg,ruderarius,0.6772966352989673,sylvarum,0.32240200946438274,pomorum,0.00015242137223140862,ruderarius,True,True
2346,,ISSERTES_0184,/Volumes/EXT DATA/IDMB/derived/Bombus/collection/images/ISSERTES_0184_P_2.jpg,ruderarius,0.9270828648844339,sylvarum,0.0727871362598983,pomorum,6.49907129925427e-05,ruderarius,True,True
2347,,ISSERTES_0184,/Volumes/EXT DATA/IDMB/derived/Bombus/collection/images/ISSERTES_0184_S_1.jpg,ruderarius,0.9797845371098032,sylvarum,0.02015740288844834,pomorum,5.8039592858156425e-05,ruderarius,True,True
2348,,ISSERTES_0184,/Volumes/EXT DATA/IDMB/derived/Bombus/collection/images/ISSERTES_0184_S_2.jpg,ruderarius,0.9743212251952627,sylvarum,0.025412702840318296,pomorum,0.0002655501891709667,ruderarius,True,True
2349,,ISSERTES_0184,/Volumes/EXT DATA/IDMB/derived/Bombus/collection/images/ISSERTES_0184_S_3.jpg,ruderarius,0.985651061752065,sylvarum,0.014188458691744111,pomorum,0.00015911668394834905,ruderarius,True,True
2350,,ISSERTES_0185,/Volumes/EXT DATA/IDMB/derived/Bombus/collection/images/ISSERTES_0185_P_1.jpg,ruderarius,0.6459738805832068,sylvarum,0.25300929854540327,pomorum,0.10022692177730128,pomorum,False,True
2351,,ISSERTES_0185,/Volumes/EXT DATA/IDMB/derived/Bombus/collection/images/ISSERTES_0185_P_2.jpg,ruderarius,0.6523371238486237,pomorum,0.18513239327974026,sylvarum,0.16242633253848143,pomorum,False,True
2352,,ISSERTES_0185,/Volumes/EXT DATA/IDMB/derived/Bombus/collection/images/ISSERTES_0185_S_1.jpg,ruderarius,0.9737507704497297,sylvarum,0.02182393620069977,pomorum,0.00442416136871632,pomorum,False,True
2353,,ISSERTES_0185,/Volumes/EXT DATA/IDMB/derived/Bombus/collection/images/ISSERTES_0185_S_2.jpg,ruderarius,0.6455364513042763,pomorum,0.19500862719158893,sylvarum,0.15945238708947604,pomorum,False,True
2354,,ISSERTES_0185,/Volumes/EXT DATA/IDMB/derived/Bombus/collection/images/ISSERTES_0185_S_3.jpg,pomorum,0.43656796696541283,ruderarius,0.41403951636916864,sylvarum,0.14938325249948003,pomorum,True,True
2355,,ISSERTES_0186,/Volumes/EXT DATA/IDMB/derived/Bombus/collection/images/ISSERTES_0186_P_1.jpg,pomorum,0.999999998315954,sylvarum,1.5194345246160256e-09,ruderarius,1.6227063932557758e-10,pomorum,True,True
2356,,ISSERTES_0186,/Volumes/EXT DATA/IDMB/derived/Bombus/collection/images/ISSERTES_0186_P_2.jpg,pomorum,0.9999999991182118,sylvarum,6.252590898319438e-10,ruderarius,2.481814686441165e-10,pomorum,True,True
2357,,ISSERTES_0186,/Volumes/EXT DATA/IDMB/derived/Bombus/collection/images/ISSERTES_0186_S_1.jpg,pomorum,0.9999999977190497,ruderarius,1.8624648851346958e-09,sylvarum,4.1752360559779697e-10,pomorum,True,True
2358,,ISSERTES_0186,/Volumes/EXT DATA/IDMB/derived/Bombus/collection/images/ISSERTES_0186_S_2.jpg,pomorum,0.9999999978670064,sylvarum,1.6516951479974432e-09,ruderarius,4.683783267029253e-10,pomorum,True,True
2359,,ISSERTES_0186,/Volumes/EXT DATA/IDMB/derived/Bombus/collection/images/ISSERTES_0186_S_3.jpg,pomorum,0.9999999994799544,ruderarius,4.664576155077222e-10,sylvarum,4.0004647015669184e-11,pomorum,True,True
2360,,ISSERTES_0187,/Volumes/EXT DATA/IDMB/derived/Bombus/collection/images/ISSERTES_0187_P_1.jpg,pomorum,0.9999994850267026,sylvarum,3.613628974305065e-07,ruderarius,1.5354506197482658e-07,pomorum,True,True
2361,,ISSERTES_0187,/Volumes/EXT DATA/IDMB/derived/Bombus/collection/images/ISSERTES_0187_P_2.jpg,pomorum,0.9999989377521136,sylvarum,7.761754199795794e-07,ruderarius,2.859914804260342e-07,pomorum,True,True
2362,,ISSERTES_0187,/Volumes/EXT DATA/IDMB/derived/Bombus/collection/images/ISSERTES_0187_S_1.jpg,pomorum,0.9999906682001466,sylvarum,6.366594205216021e-06,ruderarius,2.9603118971246135e-06,pomorum,True,True
2363,,ISSERTES_0187,/Volumes/EXT DATA/IDMB/derived/Bombus/collection/images/ISSERTES_0187_S_2.jpg,pomorum,0.9999997858158195,sylvarum,1.4960680440748987e-07,ruderarius,6.457486831101023e-08,pomorum,True,True
2364,,ISSERTES_0187,/Volumes/EXT DATA/IDMB/derived/Bombus/collection/images/ISSERTES_0187_S_3.jpg,pomorum,0.9999992034054634,sylvarum,5.17880407745286e-07,ruderarius,2.784458249765719e-07,pomorum,True,True
2365,,ISSERTES_0188,/Volumes/EXT DATA/IDMB/derived/Bombus/collection/images/ISSERTES_0188_P_1.jpg,pomorum,0.9999916463108013,pratorum,6.62261926006763e-06,sylvarum,1.539827831521312e-06,pomorum,True,True
2366,,ISSERTES_0188,/Volumes/EXT DATA/IDMB/derived/Bombus/collection/images/ISSERTES_0188_P_2.jpg,pomorum,0.9999994437930694,pratorum,2.639444294562231e-07,sylvarum,1.958933087538962e-07,pomorum,True,True
2367,,ISSERTES_0188,/Volumes/EXT DATA/IDMB/derived/Bombus/collection/images/ISSERTES_0188_S_1.jpg,pomorum,0.9999952378389947,pratorum,3.423819042392223e-06,ruderarius,9.59991901393589e-07,pomorum,True,True
2368,,ISSERTES_0188,/Volumes/EXT DATA/IDMB/derived/Bombus/collection/images/ISSERTES_0188_S_2.jpg,pomorum,0.9999960123435718,pratorum,1.8791919481258472e-06,sylvarum,1.8653959159773901e-06,pomorum,True,True
2369,,ISSERTES_0188,/Volumes/EXT DATA/IDMB/derived/Bombus/collection/images/ISSERTES_0188_S_3.jpg,pomorum,0.999993623762366,ruderarius,3.531474587275041e-06,sylvarum,1.733749084317767e-06,pomorum,True,True
2370,,ISSERTES_0189,/Volumes/EXT DATA/IDMB/derived/Bombus/collection/images/ISSERTES_0189_P_1.jpg,pomorum,0.9999699384171947,sylvarum,2.817701623520033e-05,ruderarius,1.8337396633016059e-06,pomorum,True,True
2371,,ISSERTES_0189,/Volumes/EXT DATA/IDMB/derived/Bombus/collection/images/ISSERTES_0189_P_2.jpg,pomorum,0.9999469311082466,sylvarum,4.7446535991579915e-05,ruderarius,3.3953103787872537e-06,pomorum,True,True
2372,,ISSERTES_0189,/Volumes/EXT DATA/IDMB/derived/Bombus/collection/images/ISSERTES_0189_S_1.jpg,pomorum,0.9999935458076992,sylvarum,5.319001461757909e-06,ruderarius,8.191705524186195e-07,pomorum,True,True
2373,,ISSERTES_0189,/Volumes/EXT DATA/IDMB/derived/Bombus/collection/images/ISSERTES_0189_S_2.jpg,pomorum,0.9997392341274444,sylvarum,0.00015872000871336466,ruderarius,9.58041040364638e-05,pomorum,True,True
2374,,ISSERTES_0189,/Volumes/EXT DATA/IDMB/derived/Bombus/collection/images/ISSERTES_0189_S_3.jpg,pomorum,0.9999552493100047,pratorum,1.888741216952892e-05,sylvarum,1.3898303226056773e-05,pomorum,True,True
2375,,ISSERTES_0194,/Volumes/EXT DATA/IDMB/derived/Bombus/collection/images/ISSERTES_0194_P_1.jpg,pomorum,0.9999936107465061,ruderarius,3.5818292208316795e-06,sylvarum,2.806918676919512e-06,pomorum,True,True
2376,,ISSERTES_0194,/Volumes/EXT DATA/IDMB/derived/Bombus/collection/images/ISSERTES_0194_P_2.jpg,pomorum,0.9999980025101489,ruderarius,1.1587412865876364e-06,sylvarum,8.379479000836642e-07,pomorum,True,True
2377,,ISSERTES_0194,/Volumes/EXT DATA/IDMB/derived/Bombus/collection/images/ISSERTES_0194_S_1.jpg,pomorum,0.9999975139612856,sylvarum,1.5689734860280695e-06,ruderarius,9.159071653000316e-07,pomorum,True,True
2378,,ISSERTES_0194,/Volumes/EXT DATA/IDMB/derived/Bombus/collection/images/ISSERTES_0194_S_2.jpg,pomorum,0.9999923996618956,ruderarius,3.8029524250033796e-06,sylvarum,3.7960138971541986e-06,pomorum,True,True
2379,,ISSERTES_0194,/Volumes/EXT DATA/IDMB/derived/Bombus/collection/images/ISSERTES_0194_S_3.jpg,pomorum,0.9999960049672425,sylvarum,3.7131802669171826e-06,ruderarius,2.811772901480128e-07,pomorum,True,True
2380,,ISSERTES_0195,/Volumes/EXT DATA/IDMB/derived/Bombus/collection/images/ISSERTES_0195_P_1.jpg,rupestris,0.9999999932727872,sichelii,6.665269300400545e-09,lapidarius,6.194297445438138e-11,rupestris,True,True
2381,,ISSERTES_0195,/Volumes/EXT DATA/IDMB/derived/Bombus/collection/images/ISSERTES_0195_S_1.jpg,rupestris,0.8133302635913122,lucorum,0.13132894063956826,pratorum,0.05534079536395182,rupestris,True,True
2382,,ISSERTES_0195,/Volumes/EXT DATA/IDMB/derived/Bombus/collection/images/ISSERTES_0195_S_2.jpg,rupestris,0.9995838267929898,lapidarius,0.00040686516770989514,sichelii,9.16119837408399e-06,rupestris,True,True
2383,,ISSERTES_0196,/Volumes/EXT DATA/IDMB/derived/Bombus/collection/images/ISSERTES_0196_P_1.jpg,pomorum,0.9999999995248692,ruderarius,3.789071472739815e-10,sylvarum,9.1107777292449e-11,pomorum,True,True
2384,,ISSERTES_0196,/Volumes/EXT DATA/IDMB/derived/Bombus/collection/images/ISSERTES_0196_P_2.jpg,pomorum,0.9999999990084709,ruderarius,8.966119725648399e-10,sylvarum,4.414459651516088e-11,pomorum,True,True
2385,,ISSERTES_0196,/Volumes/EXT DATA/IDMB/derived/Bombus/collection/images/ISSERTES_0196_S_1.jpg,pomorum,0.9999999932080179,ruderarius,5.1339781144756205e-09,sylvarum,1.5426621832425442e-09,pomorum,True,True
2386,,ISSERTES_0196,/Volumes/EXT DATA/IDMB/derived/Bombus/collection/images/ISSERTES_0196_S_2.jpg,pomorum,0.9999999944530467,ruderarius,3.827491025700176e-09,sylvarum,1.6666700365356044e-09,pomorum,True,True
2387,,ISSERTES_0196,/Volumes/EXT DATA/IDMB/derived/Bombus/collection/images/ISSERTES_0196_S_3.jpg,pomorum,0.9999999982043557,ruderarius,1.092703646470118e-09,soroeensis,6.135457753828252e-10,pomorum,True,True
2388,,ISSERTES_0197,/Volumes/EXT DATA/IDMB/derived/Bombus/collection/images/ISSERTES_0197_P_1.jpg,pomorum,0.5123047580061454,pratorum,0.42771394360631704,pyrenaeus,0.021015183645851,pomorum,True,True
2389,,ISSERTES_0197,/Volumes/EXT DATA/IDMB/derived/Bombus/collection/images/ISSERTES_0197_P_2.jpg,pomorum,0.98428571827487,pratorum,0.009838774985576346,pyrenaeus,0.005529760616070172,pomorum,True,True
2390,,ISSERTES_0197,/Volumes/EXT DATA/IDMB/derived/Bombus/collection/images/ISSERTES_0197_S_1.jpg,pomorum,0.9805311757522666,pratorum,0.018079800418126294,ruderarius,0.0007076615244055068,pomorum,True,True
2391,,ISSERTES_0197,/Volumes/EXT DATA/IDMB/derived/Bombus/collection/images/ISSERTES_0197_S_2.jpg,pomorum,0.9933469320372192,pratorum,0.006356284323495024,sylvarum,0.00021375155733679768,pomorum,True,True
2392,,ISSERTES_0197,/Volumes/EXT DATA/IDMB/derived/Bombus/collection/images/ISSERTES_0197_S_3.jpg,pomorum,0.9186880191663442,pratorum,0.07952454918207773,pyrenaeus,0.0011580193090951567,pomorum,True,True
2393,,ISSERTES_0198,/Volumes/EXT DATA/IDMB/derived/Bombus/collection/images/ISSERTES_0198_P_1.jpg,rupestris,0.9992098122282069,wurflenii,0.00043389199127961996,sichelii,0.00035142685860584474,rupestris,True,True
2394,,ISSERTES_0198,/Volumes/EXT DATA/IDMB/derived/Bombus/collection/images/ISSERTES_0198_P_2.jpg,rupestris,0.9322737777564565,wurflenii,0.06419401851419956,sichelii,0.003220264064003317,rupestris,True,True
2395,,ISSERTES_0198,/Volumes/EXT DATA/IDMB/derived/Bombus/collection/images/ISSERTES_0198_S_1.jpg,sichelii,1.0,lapidarius,6.614614753808269e-21,rupestris,2.5324398226885717e-25,rupestris,False,True
2396,,ISSERTES_0198,/Volumes/EXT DATA/IDMB/derived/Bombus/collection/images/ISSERTES_0198_S_2.jpg,rupestris,0.7923306865320648,wurflenii,0.20691572102524597,sichelii,0.0005249872778889531,rupestris,True,True
2397,,ISSERTES_0198,/Volumes/EXT DATA/IDMB/derived/Bombus/collection/images/ISSERTES_0198_S_3.jpg,sichelii,1.0,lapidarius,2.1137152721744114e-20,rupestris,6.913919256860625e-21,rupestris,False,True
2398,,OPIE_0001,/Volumes/EXT DATA/IDMB/derived/Bombus/collection/images/OPIE_0001_P_1.jpg,lapidarius,0.9551580888377029,sichelii,0.044730611560850064,pyrenaeus,6.475747080368387e-05,lapidarius,True,True
2399,,OPIE_0001,/Volumes/EXT DATA/IDMB/derived/Bombus/collection/images/OPIE_0001_P_2.jpg,lapidarius,0.9786192399210122,sichelii,0.02137379249424674,soroeensis,3.2766810587438207e-06,lapidarius,True,True
2400,,OPIE_0001,/Volumes/EXT DATA/IDMB/derived/Bombus/collection/images/OPIE_0001_S_1.jpg,lapidarius,0.9977416623995233,sichelii,0.002257934350206147,soroeensis,1.7123751450292803e-07,lapidarius,True,True
2401,,OPIE_0001,/Volumes/EXT DATA/IDMB/derived/Bombus/collection/images/OPIE_0001_S_2.jpg,lapidarius,0.5462501060851581,sichelii,0.45346820672629323,soroeensis,0.0002437953438665592,lapidarius,True,True
2402,,OPIE_0001,/Volumes/EXT DATA/IDMB/derived/Bombus/collection/images/OPIE_0001_S_3.jpg,lapidarius,0.9623574715256641,sichelii,0.037586289304506186,pyrenaeus,3.888653865051876e-05,lapidarius,True,True
2403,,OPIE_0002,/Volumes/EXT DATA/IDMB/derived/Bombus/collection/images/OPIE_0002_P_1.jpg,lapidarius,0.8274164134659143,sichelii,0.16551646776615908,pyrenaeus,0.006293208240110526,lapidarius,True,True
2404,,OPIE_0002,/Volumes/EXT DATA/IDMB/derived/Bombus/collection/images/OPIE_0002_P_2.jpg,lapidarius,0.8160113464443017,sichelii,0.14640383761187672,pyrenaeus,0.032497552674721444,lapidarius,True,True
2405,,OPIE_0002,/Volumes/EXT DATA/IDMB/derived/Bombus/collection/images/OPIE_0002_S_1.jpg,lapidarius,0.9695365028129017,sichelii,0.019029338343353148,soroeensis,0.008984095553827797,lapidarius,True,True
2406,,OPIE_0002,/Volumes/EXT DATA/IDMB/derived/Bombus/collection/images/OPIE_0002_S_2.jpg,lapidarius,0.937331495083075,sichelii,0.0533190936476475,soroeensis,0.005900499766820368,lapidarius,True,True
2407,,OPIE_0002,/Volumes/EXT DATA/IDMB/derived/Bombus/collection/images/OPIE_0002_S_3.jpg,lapidarius,0.9556812510524466,sichelii,0.03961828253102463,pyrenaeus,0.004278367834251565,lapidarius,True,True
2408,,OPIE_0003,/Volumes/EXT DATA/IDMB/derived/Bombus/collection/images/OPIE_0003_P_1.jpg,lapidarius,0.9510315742096577,sichelii,0.04896546188048998,pyrenaeus,2.10676007050718e-06,lapidarius,True,True
2409,,OPIE_0003,/Volumes/EXT DATA/IDMB/derived/Bombus/collection/images/OPIE_0003_P_2.jpg,lapidarius,0.9687251441612105,sichelii,0.03125890582222856,pyrenaeus,8.108188744542627e-06,lapidarius,True,True
2410,,OPIE_0003,/Volumes/EXT DATA/IDMB/derived/Bombus/collection/images/OPIE_0003_S_3.jpg,lapidarius,0.9774466719421672,sichelii,0.022552758085185236,monticola,4.3187228233129945e-07,lapidarius,True,True
2411,,OPIE_0004,/Volumes/EXT DATA/IDMB/derived/Bombus/collection/images/OPIE_0004_P_1.jpg,lapidarius,0.9974501648332115,sichelii,0.0020878196177807114,pyrenaeus,0.00046109019071983033,lapidarius,True,True
2412,,OPIE_0004,/Volumes/EXT DATA/IDMB/derived/Bombus/collection/images/OPIE_0004_P_2.jpg,lapidarius,0.9961380361988182,sichelii,0.003644310006634337,pyrenaeus,0.00021195324335419283,lapidarius,True,True
2413,,OPIE_0004,/Volumes/EXT DATA/IDMB/derived/Bombus/collection/images/OPIE_0004_S_1.jpg,lapidarius,0.9978018036646646,sichelii,0.0017470620100492004,pyrenaeus,0.00044084351269605034,lapidarius,True,True
2414,,OPIE_0004,/Volumes/EXT DATA/IDMB/derived/Bombus/collection/images/OPIE_0004_S_2.jpg,lapidarius,0.9705193530275366,sichelii,0.026025148813330082,pyrenaeus,0.0031204218004736123,lapidarius,True,True
2415,,OPIE_0004,/Volumes/EXT DATA/IDMB/derived/Bombus/collection/images/OPIE_0004_S_3.jpg,lapidarius,0.9991626079851964,sichelii,0.0007744590092790503,pyrenaeus,5.745674250160216e-05,lapidarius,True,True
2416,,OPIE_0005,/Volumes/EXT DATA/IDMB/derived/Bombus/collection/images/OPIE_0005_P_1.jpg,lapidarius,0.9974428962003237,sichelii,0.001677080067516663,soroeensis,0.0008380852168263953,lapidarius,True,True
2417,,OPIE_0005,/Volumes/EXT DATA/IDMB/derived/Bombus/collection/images/OPIE_0005_P_2.jpg,lapidarius,0.9920895580932598,sichelii,0.006885110402910821,soroeensis,0.0009720369089975323,lapidarius,True,True
2418,,OPIE_0005,/Volumes/EXT DATA/IDMB/derived/Bombus/collection/images/OPIE_0005_S_1.jpg,lapidarius,0.9981726889146595,sichelii,0.001199886753926519,soroeensis,0.0006110885884782122,lapidarius,True,True
2419,,OPIE_0005,/Volumes/EXT DATA/IDMB/derived/Bombus/collection/images/OPIE_0005_S_2.jpg,lapidarius,0.9972625845144683,sichelii,0.0020260833701806285,soroeensis,0.0006143964069905527,lapidarius,True,True
2420,,OPIE_0005,/Volumes/EXT DATA/IDMB/derived/Bombus/collection/images/OPIE_0005_S_3.jpg,lapidarius,0.9969175690929086,sichelii,0.002879624046211276,soroeensis,0.00018535902225980528,lapidarius,True,True
2421,,OPIE_0006,/Volumes/EXT DATA/IDMB/derived/Bombus/collection/images/OPIE_0006_P_1.jpg,lapidarius,0.9896743370921989,sichelii,0.010086334936309487,pyrenaeus,0.0002392826720587679,lapidarius,True,True
2422,,OPIE_0006,/Volumes/EXT DATA/IDMB/derived/Bombus/collection/images/OPIE_0006_P_2.jpg,lapidarius,0.986998708490589,sichelii,0.009508328586255393,pyrenaeus,0.003488562783307234,lapidarius,True,True
2423,,OPIE_0006,/Volumes/EXT DATA/IDMB/derived/Bombus/collection/images/OPIE_0006_S_1.jpg,lapidarius,0.9958362001110856,sichelii,0.00374866656130132,pyrenaeus,0.00041464151221649924,lapidarius,True,True
2424,,OPIE_0006,/Volumes/EXT DATA/IDMB/derived/Bombus/collection/images/OPIE_0006_S_2.jpg,lapidarius,0.9975660402794985,sichelii,0.0024181870820638284,pyrenaeus,1.56049396315958e-05,lapidarius,True,True
2425,,OPIE_0006,/Volumes/EXT DATA/IDMB/derived/Bombus/collection/images/OPIE_0006_S_3.jpg,lapidarius,0.9991567268227404,sichelii,0.000750061043600692,pyrenaeus,8.854872870784758e-05,lapidarius,True,True
2426,,OPIE_0007,/Volumes/EXT DATA/IDMB/derived/Bombus/collection/images/OPIE_0007_P_1.jpg,lapidarius,0.39233489018112605,sichelii,0.377999101285716,pyrenaeus,0.22931228221634092,lapidarius,True,True
2427,,OPIE_0007,/Volumes/EXT DATA/IDMB/derived/Bombus/collection/images/OPIE_0007_P_2.jpg,sichelii,0.5704421602251925,pyrenaeus,0.34810326442180184,lapidarius,0.08063743089262085,lapidarius,False,True
2428,,OPIE_0007,/Volumes/EXT DATA/IDMB/derived/Bombus/collection/images/OPIE_0007_S_1.jpg,sichelii,0.6902123892996535,lapidarius,0.16719094201164453,pyrenaeus,0.13970954012547315,lapidarius,False,True
2429,,OPIE_0007,/Volumes/EXT DATA/IDMB/derived/Bombus/collection/images/OPIE_0007_S_2.jpg,pyrenaeus,0.7149185026387377,sichelii,0.16294493204789257,lapidarius,0.12172683487762488,lapidarius,False,True
2430,,OPIE_0007,/Volumes/EXT DATA/IDMB/derived/Bombus/collection/images/OPIE_0007_S_3.jpg,pyrenaeus,0.450603409571882,lapidarius,0.2827124654549313,sichelii,0.26460305825534924,lapidarius,False,True
2431,,OPIE_0008,/Volumes/EXT DATA/IDMB/derived/Bombus/collection/images/OPIE_0008_P_1.jpg,lapidarius,0.9916221551218047,sichelii,0.0076018527783837985,wurflenii,0.0007493391844782514,lapidarius,True,True
2432,,OPIE_0008,/Volumes/EXT DATA/IDMB/derived/Bombus/collection/images/OPIE_0008_P_2.jpg,lapidarius,0.9792947960080874,sichelii,0.016562637918752045,wurflenii,0.0039880694463019,lapidarius,True,True
2433,,OPIE_0008,/Volumes/EXT DATA/IDMB/derived/Bombus/collection/images/OPIE_0008_S_1.jpg,lapidarius,0.90242669682283,wurflenii,0.09172092731019243,sichelii,0.005389219307140346,lapidarius,True,True
2434,,OPIE_0008,/Volumes/EXT DATA/IDMB/derived/Bombus/collection/images/OPIE_0008_S_2.jpg,lapidarius,0.9852627932691689,wurflenii,0.010376147714419737,sichelii,0.004013855989969961,lapidarius,True,True
2435,,OPIE_0008,/Volumes/EXT DATA/IDMB/derived/Bombus/collection/images/OPIE_0008_S_3.jpg,lapidarius,0.847129587121823,wurflenii,0.11761507076089694,sichelii,0.034607700751634086,lapidarius,True,True
2436,,OPIE_0009,/Volumes/EXT DATA/IDMB/derived/Bombus/collection/images/OPIE_0009_P_1.jpg,lapidarius,0.967482301328677,sichelii,0.026886615672518543,pyrenaeus,0.0056177570265803336,lapidarius,True,True
2437,,OPIE_0009,/Volumes/EXT DATA/IDMB/derived/Bombus/collection/images/OPIE_0009_P_2.jpg,lapidarius,0.8460085144820026,sichelii,0.14355459185117603,pyrenaeus,0.01042463065816284,lapidarius,True,True
2438,,OPIE_0009,/Volumes/EXT DATA/IDMB/derived/Bombus/collection/images/OPIE_0009_S_1.jpg,lapidarius,0.9454057528711708,sichelii,0.04189219363172513,pyrenaeus,0.012556770358685267,lapidarius,True,True
2439,,OPIE_0009,/Volumes/EXT DATA/IDMB/derived/Bombus/collection/images/OPIE_0009_S_2.jpg,lapidarius,0.9338177024669526,sichelii,0.056675532270755495,pyrenaeus,0.009396599072954356,lapidarius,True,True
2440,,OPIE_0009,/Volumes/EXT DATA/IDMB/derived/Bombus/collection/images/OPIE_0009_S_3.jpg,lapidarius,0.9865219418792484,sichelii,0.012852378746159465,pyrenaeus,0.0006169931308028274,lapidarius,True,True
2441,,OPIE_0010,/Volumes/EXT DATA/IDMB/derived/Bombus/collection/images/OPIE_0010_P_1.jpg,lapidarius,0.9995893736752429,sichelii,0.0004085945171067355,monticola,1.5761147809127645e-06,lapidarius,True,True
2442,,OPIE_0010,/Volumes/EXT DATA/IDMB/derived/Bombus/collection/images/OPIE_0010_P_2.jpg,lapidarius,0.999721501747606,sichelii,0.00027794682612665276,monticola,3.5023190652919496e-07,lapidarius,True,True
2443,,OPIE_0010,/Volumes/EXT DATA/IDMB/derived/Bombus/collection/images/OPIE_0010_S_1.jpg,lapidarius,0.9997855559042372,sichelii,0.00021078483269710018,monticola,3.5798561998312534e-06,lapidarius,True,True
2444,,OPIE_0010,/Volumes/EXT DATA/IDMB/derived/Bombus/collection/images/OPIE_0010_S_2.jpg,lapidarius,0.9999562958140755,sichelii,4.300529171894409e-05,monticola,4.77629059209223e-07,lapidarius,True,True
2445,,OPIE_0010,/Volumes/EXT DATA/IDMB/derived/Bombus/collection/images/OPIE_0010_S_3.jpg,lapidarius,0.999880023493621,sichelii,0.00011443697283397086,monticola,4.449300630455847e-06,lapidarius,True,True
2446,,OPIE_0011,/Volumes/EXT DATA/IDMB/derived/Bombus/collection/images/OPIE_0011_P_1.jpg,lapidarius,0.7226863715729566,pyrenaeus,0.24939456842908836,sichelii,0.016972139506504003,lapidarius,True,True
2447,,OPIE_0011,/Volumes/EXT DATA/IDMB/derived/Bombus/collection/images/OPIE_0011_P_2.jpg,lapidarius,0.9558341413647508,monticola,0.028012458226547982,sichelii,0.012568127832116313,lapidarius,True,True
2448,,OPIE_0011,/Volumes/EXT DATA/IDMB/derived/Bombus/collection/images/OPIE_0011_S_1.jpg,lapidarius,0.9615778652889291,sichelii,0.01938496841086929,wurflenii,0.011091711968132073,lapidarius,True,True
2449,,OPIE_0011,/Volumes/EXT DATA/IDMB/derived/Bombus/collection/images/OPIE_0011_S_2.jpg,lapidarius,0.9790193093012134,sichelii,0.01459223044698976,wurflenii,0.003376454517647233,lapidarius,True,True
2450,,OPIE_0011,/Volumes/EXT DATA/IDMB/derived/Bombus/collection/images/OPIE_0011_S_3.jpg,lapidarius,0.9937451252380385,monticola,0.004800475548807849,pyrenaeus,0.0006932227664799128,lapidarius,True,True
2451,,OPIE_0012,/Volumes/EXT DATA/IDMB/derived/Bombus/collection/images/OPIE_0012_P_1.jpg,lapidarius,0.9513877007428582,sichelii,0.0425386358981859,soroeensis,0.005533509349695969,lapidarius,True,True
2452,,OPIE_0012,/Volumes/EXT DATA/IDMB/derived/Bombus/collection/images/OPIE_0012_P_2.jpg,lapidarius,0.9767053383824683,sichelii,0.014876002600404049,soroeensis,0.006176451836304824,lapidarius,True,True
2453,,OPIE_0012,/Volumes/EXT DATA/IDMB/derived/Bombus/collection/images/OPIE_0012_S_1.jpg,lapidarius,0.8159252433892407,sichelii,0.12677234296600856,soroeensis,0.041161120114822106,lapidarius,True,True
2454,,OPIE_0012,/Volumes/EXT DATA/IDMB/derived/Bombus/collection/images/OPIE_0012_S_2.jpg,lapidarius,0.8960030515950483,sichelii,0.05423541926186769,soroeensis,0.04359526949085361,lapidarius,True,True
2455,,OPIE_0012,/Volumes/EXT DATA/IDMB/derived/Bombus/collection/images/OPIE_0012_S_3.jpg,lapidarius,0.9575413243742897,sichelii,0.024076399840069204,soroeensis,0.01826696125126633,lapidarius,True,True
2456,,OPIE_0013,/Volumes/EXT DATA/IDMB/derived/Bombus/collection/images/OPIE_0013_P_1.jpg,lapidarius,0.9991093491148346,sichelii,0.0005988334890002656,pyrenaeus,0.00014303930563443215,lapidarius,True,True
2457,,OPIE_0013,/Volumes/EXT DATA/IDMB/derived/Bombus/collection/images/OPIE_0013_P_2.jpg,lapidarius,0.9915330181624656,pyrenaeus,0.0042345161593082175,soroeensis,0.0023330545590435777,lapidarius,True,True
2458,,OPIE_0013,/Volumes/EXT DATA/IDMB/derived/Bombus/collection/images/OPIE_0013_S_1.jpg,lapidarius,0.9746170853083201,pyrenaeus,0.021576512802668025,sichelii,0.00279697744409967,lapidarius,True,True
2459,,OPIE_0013,/Volumes/EXT DATA/IDMB/derived/Bombus/collection/images/OPIE_0013_S_2.jpg,lapidarius,0.9937437269147081,pyrenaeus,0.002238446855433083,monticola,0.0016670802533657934,lapidarius,True,True
2460,,OPIE_0013,/Volumes/EXT DATA/IDMB/derived/Bombus/collection/images/OPIE_0013_S_3.jpg,lapidarius,0.9856824750263804,pyrenaeus,0.012467970022733083,sichelii,0.0014069770783182865,lapidarius,True,True
2461,,OPIE_0014,/Volumes/EXT DATA/IDMB/derived/Bombus/collection/images/OPIE_0014_P_1.jpg,lapidarius,0.754108795626843,sichelii,0.24546089037415064,pyrenaeus,0.0003609814004079447,lapidarius,True,True
2462,,OPIE_0014,/Volumes/EXT DATA/IDMB/derived/Bombus/collection/images/OPIE_0014_P_2.jpg,lapidarius,0.7871198463436119,sichelii,0.21261491880391473,pyrenaeus,0.00015577090545534493,lapidarius,True,True
2463,,OPIE_0014,/Volumes/EXT DATA/IDMB/derived/Bombus/collection/images/OPIE_0014_S_1.jpg,lapidarius,0.9824048705019957,sichelii,0.01756973472720447,pyrenaeus,1.8560938242090183e-05,lapidarius,True,True
2464,,OPIE_0014,/Volumes/EXT DATA/IDMB/derived/Bombus/collection/images/OPIE_0014_S_2.jpg,lapidarius,0.820823283595738,sichelii,0.1790642063802112,pyrenaeus,6.010695218832605e-05,lapidarius,True,True
2465,,OPIE_0014,/Volumes/EXT DATA/IDMB/derived/Bombus/collection/images/OPIE_0014_S_3.jpg,lapidarius,0.8884741124283584,sichelii,0.11149667417497912,pyrenaeus,2.3930858140427353e-05,lapidarius,True,True
2466,,OPIE_0015,/Volumes/EXT DATA/IDMB/derived/Bombus/collection/images/OPIE_0015_P_1.jpg,lapidarius,0.9998807164602028,sichelii,0.00011924562628652531,pyrenaeus,2.2276257374435725e-08,lapidarius,True,True
2467,,OPIE_0015,/Volumes/EXT DATA/IDMB/derived/Bombus/collection/images/OPIE_0015_P_2.jpg,lapidarius,0.9996781611620092,sichelii,0.00032175817994081773,wurflenii,5.219241448113939e-08,lapidarius,True,True
2468,,OPIE_0015,/Volumes/EXT DATA/IDMB/derived/Bombus/collection/images/OPIE_0015_S_1.jpg,lapidarius,0.9997029111889065,sichelii,0.00029703458760211784,wurflenii,4.6585759945932134e-08,lapidarius,True,True
2469,,OPIE_0015,/Volumes/EXT DATA/IDMB/derived/Bombus/collection/images/OPIE_0015_S_2.jpg,lapidarius,0.9999658643410858,sichelii,3.3955862281365914e-05,wurflenii,1.3978802043803478e-07,lapidarius,True,True
2470,,OPIE_0015,/Volumes/EXT DATA/IDMB/derived/Bombus/collection/images/OPIE_0015_S_3.jpg,lapidarius,0.999971060297354,sichelii,2.8567336395474288e-05,wurflenii,2.0638791411376858e-07,lapidarius,True,True
2471,,OPIE_0016,/Volumes/EXT DATA/IDMB/derived/Bombus/collection/images/OPIE_0016_P_1.jpg,pyrenaeus,0.49453230222422256,soroeensis,0.29467161156730665,sichelii,0.14660865400601336,lapidarius,False,False
2472,,OPIE_0016,/Volumes/EXT DATA/IDMB/derived/Bombus/collection/images/OPIE_0016_P_2.jpg,pyrenaeus,0.8037444509484413,soroeensis,0.1189200028701999,lapidarius,0.07094156750401925,lapidarius,False,True
2473,,OPIE_0016,/Volumes/EXT DATA/IDMB/derived/Bombus/collection/images/OPIE_0016_S_1.jpg,pyrenaeus,0.4956724473035634,lapidarius,0.3367090524157768,soroeensis,0.15203471707809052,lapidarius,False,True
2474,,OPIE_0016,/Volumes/EXT DATA/IDMB/derived/Bombus/collection/images/OPIE_0016_S_2.jpg,pyrenaeus,0.9453112563090216,soroeensis,0.03353901181903958,lapidarius,0.011400770635951483,lapidarius,False,True
2475,,OPIE_0016,/Volumes/EXT DATA/IDMB/derived/Bombus/collection/images/OPIE_0016_S_3.jpg,pyrenaeus,0.8291458370648211,soroeensis,0.08916405550304983,lapidarius,0.04547059990517345,lapidarius,False,True
2476,,OPIE_0017,/Volumes/EXT DATA/IDMB/derived/Bombus/collection/images/OPIE_0017_P_1.jpg,lapidarius,0.8376090908907536,sichelii,0.16186390822156543,soroeensis,0.00040115238379547045,lapidarius,True,True
2477,,OPIE_0017,/Volumes/EXT DATA/IDMB/derived/Bombus/collection/images/OPIE_0017_P_2.jpg,lapidarius,0.7700894392507582,sichelii,0.22944382085549822,pyrenaeus,0.00021228147296955426,lapidarius,True,True
2478,,OPIE_0017,/Volumes/EXT DATA/IDMB/derived/Bombus/collection/images/OPIE_0017_S_1.jpg,lapidarius,0.915021568811476,sichelii,0.08429978229675293,pyrenaeus,0.00042501929247900884,lapidarius,True,True
2479,,OPIE_0017,/Volumes/EXT DATA/IDMB/derived/Bombus/collection/images/OPIE_0017_S_2.jpg,lapidarius,0.9810573044410814,sichelii,0.018836235378518418,soroeensis,6.416590440789892e-05,lapidarius,True,True
2480,,OPIE_0017,/Volumes/EXT DATA/IDMB/derived/Bombus/collection/images/OPIE_0017_S_3.jpg,lapidarius,0.6759854438372435,sichelii,0.3116985124133832,soroeensis,0.008302397371954985,lapidarius,True,True
2481,,OPIE_0018,/Volumes/EXT DATA/IDMB/derived/Bombus/collection/images/OPIE_0018_P_1.jpg,lapidarius,0.9998963058202643,sichelii,0.00010232004977872712,wurflenii,1.366108739852969e-06,lapidarius,True,True
2482,,OPIE_0018,/Volumes/EXT DATA/IDMB/derived/Bombus/collection/images/OPIE_0018_P_2.jpg,lapidarius,0.9977503022968086,sichelii,0.0020179465138824796,wurflenii,0.00023002826355520697,lapidarius,True,True
2483,,OPIE_0018,/Volumes/EXT DATA/IDMB/derived/Bombus/collection/images/OPIE_0018_S_1.jpg,lapidarius,0.9991955715597607,wurflenii,0.0006143740203648903,sichelii,0.00017075703329261596,lapidarius,True,True
2484,,OPIE_0018,/Volumes/EXT DATA/IDMB/derived/Bombus/collection/images/OPIE_0018_S_2.jpg,lapidarius,0.9969748689400207,wurflenii,0.0028065080405440656,sichelii,0.00021587682237376004,lapidarius,True,True
2485,,OPIE_0018,/Volumes/EXT DATA/IDMB/derived/Bombus/collection/images/OPIE_0018_S_3.jpg,lapidarius,0.9985115876395375,sichelii,0.001088554066995958,wurflenii,0.00038698945692240396,lapidarius,True,True
2486,,OPIE_0019,/Volumes/EXT DATA/IDMB/derived/Bombus/collection/images/OPIE_0019_P_1.jpg,lapidarius,0.999779383757564,sichelii,0.00021457903128250917,monticola,5.244454497123402e-06,lapidarius,True,True
2487,,OPIE_0019,/Volumes/EXT DATA/IDMB/derived/Bombus/collection/images/OPIE_0019_P_2.jpg,lapidarius,0.9984856861861372,sichelii,0.0014666800348916915,monticola,2.9843066334433987e-05,lapidarius,True,True
2488,,OPIE_0019,/Volumes/EXT DATA/IDMB/derived/Bombus/collection/images/OPIE_0019_S_1.jpg,lapidarius,0.9968815516991238,sichelii,0.0030776193125117406,rupestris,3.076360293909362e-05,lapidarius,True,True
2489,,OPIE_0019,/Volumes/EXT DATA/IDMB/derived/Bombus/collection/images/OPIE_0019_S_2.jpg,lapidarius,0.9993574190646128,sichelii,0.0005039948797591281,monticola,0.0001248944921670759,lapidarius,True,True
2490,,OPIE_0019,/Volumes/EXT DATA/IDMB/derived/Bombus/collection/images/OPIE_0019_S_3.jpg,lapidarius,0.9936813767664155,sichelii,0.006129830670181123,monticola,0.00010447965092819233,lapidarius,True,True
2491,,OPIE_0020,/Volumes/EXT DATA/IDMB/derived/Bombus/collection/images/OPIE_0020_P_1.jpg,lapidarius,0.985012233234596,sichelii,0.01329798053562358,pratorum,0.00138352417109706,lapidarius,True,True
2492,,OPIE_0020,/Volumes/EXT DATA/IDMB/derived/Bombus/collection/images/OPIE_0020_P_2.jpg,lapidarius,0.9822678575130376,sichelii,0.01760001813979132,wurflenii,0.00011758718658269752,lapidarius,True,True
2493,,OPIE_0020,/Volumes/EXT DATA/IDMB/derived/Bombus/collection/images/OPIE_0020_S_1.jpg,lapidarius,0.9862292264076589,sichelii,0.013564601818526855,pratorum,0.00017445885021548168,lapidarius,True,True
2494,,OPIE_0020,/Volumes/EXT DATA/IDMB/derived/Bombus/collection/images/OPIE_0020_S_2.jpg,lapidarius,0.9763495528427444,sichelii,0.0234814978137507,wurflenii,0.0001144774139267255,lapidarius,True,True
2495,,OPIE_0020,/Volumes/EXT DATA/IDMB/derived/Bombus/collection/images/OPIE_0020_S_3.jpg,lapidarius,0.9851531981424887,sichelii,0.014812947892056552,wurflenii,2.6732286813071175e-05,lapidarius,True,True
2496,,OPIE_0021,/Volumes/EXT DATA/IDMB/derived/Bombus/collection/images/OPIE_0021_P_1.jpg,lapidarius,0.7367371652147395,soroeensis,0.1511894227121229,sichelii,0.11205193899029302,lapidarius,True,True
2497,,OPIE_0021,/Volumes/EXT DATA/IDMB/derived/Bombus/collection/images/OPIE_0021_P_2.jpg,lapidarius,0.8432469427243888,sichelii,0.09441937622096576,soroeensis,0.06230331019826131,lapidarius,True,True
2498,,OPIE_0021,/Volumes/EXT DATA/IDMB/derived/Bombus/collection/images/OPIE_0021_S_1.jpg,lapidarius,0.9403149377428963,sichelii,0.036413136009543136,soroeensis,0.023270560745701253,lapidarius,True,True
2499,,OPIE_0021,/Volumes/EXT DATA/IDMB/derived/Bombus/collection/images/OPIE_0021_S_2.jpg,lapidarius,0.6162611612507859,soroeensis,0.20124980059090486,sichelii,0.18245873857676018,lapidarius,True,True
2500,,OPIE_0021,/Volumes/EXT DATA/IDMB/derived/Bombus/collection/images/OPIE_0021_S_3.jpg,soroeensis,0.5941361430108261,lapidarius,0.3468890413671518,sichelii,0.05897327266930599,lapidarius,False,True
2501,,OPIE_0022,/Volumes/EXT DATA/IDMB/derived/Bombus/collection/images/OPIE_0022_P_1.jpg,lapidarius,0.9715627150344662,monticola,0.020136535990206754,pyrenaeus,0.006434529370827949,lapidarius,True,True
2502,,OPIE_0022,/Volumes/EXT DATA/IDMB/derived/Bombus/collection/images/OPIE_0022_P_2.jpg,lapidarius,0.9730478702765004,monticola,0.025918786889382636,pyrenaeus,0.0007732619148579985,lapidarius,True,True
2503,,OPIE_0022,/Volumes/EXT DATA/IDMB/derived/Bombus/collection/images/OPIE_0022_S_1.jpg,lapidarius,0.9579549024897385,monticola,0.03507474637663361,pyrenaeus,0.006320063886024459,lapidarius,True,True
2504,,OPIE_0022,/Volumes/EXT DATA/IDMB/derived/Bombus/collection/images/OPIE_0022_S_2.jpg,lapidarius,0.9836003829297695,monticola,0.015536402154383257,sichelii,0.000788674453069109,lapidarius,True,True
2505,,OPIE_0022,/Volumes/EXT DATA/IDMB/derived/Bombus/collection/images/OPIE_0022_S_3.jpg,lapidarius,0.9996728684804322,monticola,0.0002028216091742039,sichelii,7.973664377915742e-05,lapidarius,True,True
2506,,OPIE_0023,/Volumes/EXT DATA/IDMB/derived/Bombus/collection/images/OPIE_0023_P_1.jpg,sichelii,0.9736501632040252,lapidarius,0.02605800569900639,pyrenaeus,0.0001920032991710324,lapidarius,False,True
2507,,OPIE_0023,/Volumes/EXT DATA/IDMB/derived/Bombus/collection/images/OPIE_0023_P_2.jpg,sichelii,0.9812462699769348,lapidarius,0.018213865987315506,pyrenaeus,0.00033129580585331545,lapidarius,False,True
2508,,OPIE_0023,/Volumes/EXT DATA/IDMB/derived/Bombus/collection/images/OPIE_0023_S_1.jpg,sichelii,0.8330802039945752,lapidarius,0.16678833925822073,pyrenaeus,0.00010587413407871628,lapidarius,False,True
2509,,OPIE_0023,/Volumes/EXT DATA/IDMB/derived/Bombus/collection/images/OPIE_0023_S_2.jpg,sichelii,0.8807562442888666,lapidarius,0.11919899322980544,wurflenii,2.8228033338231794e-05,lapidarius,False,True
2510,,OPIE_0023,/Volumes/EXT DATA/IDMB/derived/Bombus/collection/images/OPIE_0023_S_3.jpg,lapidarius,0.7587070397153574,sichelii,0.24114006431220167,pyrenaeus,0.00013031591362479763,lapidarius,True,True
2511,,OPIE_0024,/Volumes/EXT DATA/IDMB/derived/Bombus/collection/images/OPIE_0024_P_1.jpg,lapidarius,0.9893134704754913,sichelii,0.007900961886044269,monticola,0.0027397087612783468,lapidarius,True,True
2512,,OPIE_0024,/Volumes/EXT DATA/IDMB/derived/Bombus/collection/images/OPIE_0024_P_2.jpg,lapidarius,0.990434498731067,sichelii,0.009110679066086433,monticola,0.00041597139810619016,lapidarius,True,True
2513,,OPIE_0024,/Volumes/EXT DATA/IDMB/derived/Bombus/collection/images/OPIE_0024_S_1.jpg,lapidarius,0.9973222353235611,sichelii,0.002398004007119166,monticola,0.000260976908340201,lapidarius,True,True
2514,,OPIE_0024,/Volumes/EXT DATA/IDMB/derived/Bombus/collection/images/OPIE_0024_S_2.jpg,lapidarius,0.9914198917474549,sichelii,0.008545803237208955,monticola,3.328532658233233e-05,lapidarius,True,True
2515,,OPIE_0024,/Volumes/EXT DATA/IDMB/derived/Bombus/collection/images/OPIE_0024_S_3.jpg,lapidarius,0.9861423957734119,sichelii,0.013677487518754075,monticola,0.0001747543163467041,lapidarius,True,True
2516,,OPIE_0025,/Volumes/EXT DATA/IDMB/derived/Bombus/collection/images/OPIE_0025_P_1.jpg,sichelii,0.9676661648805966,lapidarius,0.03222577642335945,pyrenaeus,9.957494731515723e-05,lapidarius,False,True
2517,,OPIE_0025,/Volumes/EXT DATA/IDMB/derived/Bombus/collection/images/OPIE_0025_P_2.jpg,sichelii,0.958194024614206,lapidarius,0.04177463742324505,wurflenii,1.4195985333714644e-05,lapidarius,False,True
2518,,OPIE_0025,/Volumes/EXT DATA/IDMB/derived/Bombus/collection/images/OPIE_0025_S_1.jpg,sichelii,0.6813598624612188,lapidarius,0.31854717443941055,soroeensis,4.710964651386286e-05,lapidarius,False,True
2519,,OPIE_0025,/Volumes/EXT DATA/IDMB/derived/Bombus/collection/images/OPIE_0025_S_2.jpg,sichelii,0.9742648820328715,lapidarius,0.023058517695019036,wurflenii,0.001005778109366538,lapidarius,False,True
2520,,OPIE_0025,/Volumes/EXT DATA/IDMB/derived/Bombus/collection/images/OPIE_0025_S_3.jpg,sichelii,0.8132896570583862,lapidarius,0.18548869476914295,wurflenii,0.0009188118751021792,lapidarius,False,True
2521,,OPIE_0026,/Volumes/EXT DATA/IDMB/derived/Bombus/collection/images/OPIE_0026_P_1.jpg,lapidarius,0.6480596703463998,sichelii,0.3518501848048184,pyrenaeus,6.05096249770731e-05,lapidarius,True,True
2522,,OPIE_0026,/Volumes/EXT DATA/IDMB/derived/Bombus/collection/images/OPIE_0026_P_2.jpg,lapidarius,0.6033392582835112,sichelii,0.39620638027797134,pyrenaeus,0.0004078239659113067,lapidarius,True,True
2523,,OPIE_0026,/Volumes/EXT DATA/IDMB/derived/Bombus/collection/images/OPIE_0026_S_1.jpg,lapidarius,0.9759646555210723,sichelii,0.023940046585105592,pyrenaeus,9.327196773839626e-05,lapidarius,True,True
2524,,OPIE_0026,/Volumes/EXT DATA/IDMB/derived/Bombus/collection/images/OPIE_0026_S_2.jpg,lapidarius,0.9625371568892755,sichelii,0.03739127340366538,pyrenaeus,5.5372756284144005e-05,lapidarius,True,True
2525,,OPIE_0026,/Volumes/EXT DATA/IDMB/derived/Bombus/collection/images/OPIE_0026_S_3.jpg,lapidarius,0.9725551076941072,sichelii,0.027391625366319533,pyrenaeus,2.998283659811856e-05,lapidarius,True,True
2526,,OPIE_0027,/Volumes/EXT DATA/IDMB/derived/Bombus/collection/images/OPIE_0027_P_1.jpg,lapidarius,0.8747599716368583,sichelii,0.12523088338073976,pyrenaeus,7.686067257792286e-06,lapidarius,True,True
2527,,OPIE_0027,/Volumes/EXT DATA/IDMB/derived/Bombus/collection/images/OPIE_0027_P_2.jpg,lapidarius,0.6206746692041247,sichelii,0.37926044194049974,pyrenaeus,6.0968639758247236e-05,lapidarius,True,True
2528,,OPIE_0027,/Volumes/EXT DATA/IDMB/derived/Bombus/collection/images/OPIE_0027_S_1.jpg,lapidarius,0.6983494420820693,sichelii,0.3016424404641993,pyrenaeus,5.271938393473622e-06,lapidarius,True,True
2529,,OPIE_0027,/Volumes/EXT DATA/IDMB/derived/Bombus/collection/images/OPIE_0027_S_2.jpg,lapidarius,0.8639992133471344,sichelii,0.13599985769609502,pratorum,4.548531194683061e-07,lapidarius,True,True
2530,,OPIE_0027,/Volumes/EXT DATA/IDMB/derived/Bombus/collection/images/OPIE_0027_S_3.jpg,lapidarius,0.7434166539554022,sichelii,0.2565750888600559,pyrenaeus,4.700833126574527e-06,lapidarius,True,True
2531,,OPIE_0028,/Volumes/EXT DATA/IDMB/derived/Bombus/collection/images/OPIE_0028_P_1.jpg,lapidarius,0.9936318421069795,sichelii,0.006245525089005333,pyrenaeus,0.00010510059256532948,lapidarius,True,True
2532,,OPIE_0028,/Volumes/EXT DATA/IDMB/derived/Bombus/collection/images/OPIE_0028_P_2.jpg,lapidarius,0.9943703877866453,sichelii,0.00556634688016947,pyrenaeus,5.7890929548396585e-05,lapidarius,True,True
2533,,OPIE_0028,/Volumes/EXT DATA/IDMB/derived/Bombus/collection/images/OPIE_0028_S_1.jpg,lapidarius,0.9964012314873469,sichelii,0.003472204181264167,soroeensis,9.454433778032314e-05,lapidarius,True,True
2534,,OPIE_0028,/Volumes/EXT DATA/IDMB/derived/Bombus/collection/images/OPIE_0028_S_2.jpg,lapidarius,0.9985345374366453,sichelii,0.0011501397515183798,soroeensis,0.0002493997921453898,lapidarius,True,True
2535,,OPIE_0028,/Volumes/EXT DATA/IDMB/derived/Bombus/collection/images/OPIE_0028_S_3.jpg,lapidarius,0.9973809060095176,sichelii,0.0023930078732337,pyrenaeus,0.00016443559323110638,lapidarius,True,True
2536,,OPIE_0029,/Volumes/EXT DATA/IDMB/derived/Bombus/collection/images/OPIE_0029_P_1.jpg,lapidarius,0.7568223407550242,sichelii,0.2431330836453278,pyrenaeus,3.0123220753632255e-05,lapidarius,True,True
2537,,OPIE_0029,/Volumes/EXT DATA/IDMB/derived/Bombus/collection/images/OPIE_0029_P_2.jpg,sichelii,0.5479921566571112,lapidarius,0.4519427360605744,pyrenaeus,6.171694176869703e-05,lapidarius,False,True
2538,,OPIE_0029,/Volumes/EXT DATA/IDMB/derived/Bombus/collection/images/OPIE_0029_S_1.jpg,lapidarius,0.7330875482687167,sichelii,0.26691101236140397,soroeensis,5.038267133131736e-07,lapidarius,True,True
2539,,OPIE_0029,/Volumes/EXT DATA/IDMB/derived/Bombus/collection/images/OPIE_0029_S_2.jpg,lapidarius,0.9625999351649004,sichelii,0.037398710978846006,pyrenaeus,6.548240944354304e-07,lapidarius,True,True
2540,,OPIE_0029,/Volumes/EXT DATA/IDMB/derived/Bombus/collection/images/OPIE_0029_S_3.jpg,lapidarius,0.9914901726696755,sichelii,0.008508651361643669,monticola,6.564393450461828e-07,lapidarius,True,True
2541,,OPIE_0030,/Volumes/EXT DATA/IDMB/derived/Bombus/collection/images/OPIE_0030_P_1.jpg,lapidarius,0.5397963147466472,sichelii,0.4596244573625927,pyrenaeus,0.0005677022374200305,lapidarius,True,True
2542,,OPIE_0030,/Volumes/EXT DATA/IDMB/derived/Bombus/collection/images/OPIE_0030_P_2.jpg,lapidarius,0.6585166179758191,sichelii,0.34107898880493703,pyrenaeus,0.0003614412905963456,lapidarius,True,True
2543,,OPIE_0030,/Volumes/EXT DATA/IDMB/derived/Bombus/collection/images/OPIE_0030_S_1.jpg,lapidarius,0.9953899955829311,sichelii,0.004548223182537047,pyrenaeus,5.9561836452437446e-05,lapidarius,True,True
2544,,OPIE_0030,/Volumes/EXT DATA/IDMB/derived/Bombus/collection/images/OPIE_0030_S_2.jpg,lapidarius,0.8613203409610806,sichelii,0.13864298201383235,pyrenaeus,3.3843977530635154e-05,lapidarius,True,True
2545,,OPIE_0030,/Volumes/EXT DATA/IDMB/derived/Bombus/collection/images/OPIE_0030_S_3.jpg,lapidarius,0.92119116460742,sichelii,0.07614513214581801,pyrenaeus,0.0026090422204021464,lapidarius,True,True
2546,,OPIE_0031,/Volumes/EXT DATA/IDMB/derived/Bombus/collection/images/OPIE_0031_P_1.jpg,lapidarius,0.9020778927723687,sichelii,0.09749888466212589,monticola,0.0002799458600767997,lapidarius,True,True
2547,,OPIE_0031,/Volumes/EXT DATA/IDMB/derived/Bombus/collection/images/OPIE_0031_P_2.jpg,lapidarius,0.5868694162143043,sichelii,0.4126602887681739,monticola,0.00045974119900729117,lapidarius,True,True
2548,,OPIE_0031,/Volumes/EXT DATA/IDMB/derived/Bombus/collection/images/OPIE_0031_S_1.jpg,lapidarius,0.9220729418231989,sichelii,0.07779908305573854,soroeensis,6.173836945058008e-05,lapidarius,True,True
2549,,OPIE_0031,/Volumes/EXT DATA/IDMB/derived/Bombus/collection/images/OPIE_0031_S_2.jpg,lapidarius,0.9506166615846032,sichelii,0.04906710821351269,soroeensis,0.00016030451442890673,lapidarius,True,True
2550,,OPIE_0031,/Volumes/EXT DATA/IDMB/derived/Bombus/collection/images/OPIE_0031_S_3.jpg,lapidarius,0.7618347579855627,sichelii,0.23808793111009913,monticola,6.244914309182955e-05,lapidarius,True,True
2551,,OPIE_0032,/Volumes/EXT DATA/IDMB/derived/Bombus/collection/images/OPIE_0032_P_1.jpg,lapidarius,0.9950336564606679,sichelii,0.0049376962616736715,pyrenaeus,2.7004760781553113e-05,lapidarius,True,True
2552,,OPIE_0032,/Volumes/EXT DATA/IDMB/derived/Bombus/collection/images/OPIE_0032_P_2.jpg,lapidarius,0.9973757510553741,sichelii,0.0026081284166991994,pyrenaeus,1.4422910498636415e-05,lapidarius,True,True
2553,,OPIE_0032,/Volumes/EXT DATA/IDMB/derived/Bombus/collection/images/OPIE_0032_S_1.jpg,lapidarius,0.9895295362184173,sichelii,0.010468900980069583,pyrenaeus,1.256997464809955e-06,lapidarius,True,True
2554,,OPIE_0032,/Volumes/EXT DATA/IDMB/derived/Bombus/collection/images/OPIE_0032_S_2.jpg,lapidarius,0.9792831129237517,sichelii,0.020688806347526473,pyrenaeus,2.579827513298356e-05,lapidarius,True,True
2555,,OPIE_0032,/Volumes/EXT DATA/IDMB/derived/Bombus/collection/images/OPIE_0032_S_3.jpg,lapidarius,0.9456893511715904,sichelii,0.05428423612862703,pyrenaeus,1.9830552952301743e-05,lapidarius,True,True
2556,,OPIE_0033,/Volumes/EXT DATA/IDMB/derived/Bombus/collection/images/OPIE_0033_P_1.jpg,lapidarius,0.9981975834259637,sichelii,0.0017999304688251904,pyrenaeus,2.4339497632383e-06,lapidarius,True,True
2557,,OPIE_0033,/Volumes/EXT DATA/IDMB/derived/Bombus/collection/images/OPIE_0033_P_2.jpg,lapidarius,0.9948104838817713,sichelii,0.005175790161277209,pyrenaeus,1.3015061480199532e-05,lapidarius,True,True
2558,,OPIE_0033,/Volumes/EXT DATA/IDMB/derived/Bombus/collection/images/OPIE_0033_S_1.jpg,lapidarius,0.9998650255466122,sichelii,0.00013413079620394036,pyrenaeus,4.927579141795125e-07,lapidarius,True,True
2559,,OPIE_0033,/Volumes/EXT DATA/IDMB/derived/Bombus/collection/images/OPIE_0033_S_2.jpg,lapidarius,0.9994644787295265,sichelii,0.0005329031062346667,pyrenaeus,1.936460390320571e-06,lapidarius,True,True
2560,,OPIE_0033,/Volumes/EXT DATA/IDMB/derived/Bombus/collection/images/OPIE_0033_S_3.jpg,lapidarius,0.9996784031538222,sichelii,0.0003180829545068008,pyrenaeus,2.4490066257659282e-06,lapidarius,True,True
2561,,OPIE_0034,/Volumes/EXT DATA/IDMB/derived/Bombus/collection/images/OPIE_0034_P_1.jpg,lapidarius,0.9363301701092218,sichelii,0.06215418702888261,pyrenaeus,0.0008449811698606347,lapidarius,True,True
2562,,OPIE_0034,/Volumes/EXT DATA/IDMB/derived/Bombus/collection/images/OPIE_0034_P_2.jpg,lapidarius,0.9387798583796918,sichelii,0.06110074397018927,pyrenaeus,9.201500367250454e-05,lapidarius,True,True
2563,,OPIE_0034,/Volumes/EXT DATA/IDMB/derived/Bombus/collection/images/OPIE_0034_S_1.jpg,lapidarius,0.9531690640971415,sichelii,0.04666590607203508,pyrenaeus,0.00016130845474130132,lapidarius,True,True
2564,,OPIE_0034,/Volumes/EXT DATA/IDMB/derived/Bombus/collection/images/OPIE_0034_S_2.jpg,lapidarius,0.8947572593643107,sichelii,0.104685484745234,pyrenaeus,0.0002625506042108032,lapidarius,True,True
2565,,OPIE_0034,/Volumes/EXT DATA/IDMB/derived/Bombus/collection/images/OPIE_0034_S_3.jpg,lapidarius,0.98504779786443,sichelii,0.014896625106938424,pyrenaeus,4.7484345121404865e-05,lapidarius,True,True
2566,,OPIE_0035,/Volumes/EXT DATA/IDMB/derived/Bombus/collection/images/OPIE_0035_P_1.jpg,lapidarius,0.8025142608161473,sichelii,0.1972900129956654,pyrenaeus,0.00019560693689011177,lapidarius,True,True
2567,,OPIE_0035,/Volumes/EXT DATA/IDMB/derived/Bombus/collection/images/OPIE_0035_P_2.jpg,sichelii,0.510515283334461,lapidarius,0.48941107933471883,pyrenaeus,7.362096790085108e-05,lapidarius,False,True
2568,,OPIE_0035,/Volumes/EXT DATA/IDMB/derived/Bombus/collection/images/OPIE_0035_S_1.jpg,lapidarius,0.9442868926692805,sichelii,0.055708711862148666,pyrenaeus,4.3528529398181635e-06,lapidarius,True,True
2569,,OPIE_0035,/Volumes/EXT DATA/IDMB/derived/Bombus/collection/images/OPIE_0035_S_2.jpg,lapidarius,0.812682187278139,sichelii,0.1873176997702328,pyrenaeus,1.1253488996012668e-07,lapidarius,True,True
2570,,OPIE_0035,/Volumes/EXT DATA/IDMB/derived/Bombus/collection/images/OPIE_0035_S_3.jpg,lapidarius,0.81726243414188,sichelii,0.1827324739914222,pyrenaeus,5.072427288993881e-06,lapidarius,True,True
2571,,OPIE_0036,/Volumes/EXT DATA/IDMB/derived/Bombus/collection/images/OPIE_0036_P_1.jpg,pyrenaeus,0.8850790080036887,sichelii,0.06730646218640621,lapidarius,0.04134716472346292,lapidarius,False,True
2572,,OPIE_0036,/Volumes/EXT DATA/IDMB/derived/Bombus/collection/images/OPIE_0036_P_2.jpg,pyrenaeus,0.7267834406031033,lapidarius,0.17139043641792326,sichelii,0.06429576758308268,lapidarius,False,True
2573,,OPIE_0036,/Volumes/EXT DATA/IDMB/derived/Bombus/collection/images/OPIE_0036_S_1.jpg,lapidarius,0.6222781850945974,soroeensis,0.19208637772914217,sichelii,0.095143635888708,lapidarius,True,True
2574,,OPIE_0036,/Volumes/EXT DATA/IDMB/derived/Bombus/collection/images/OPIE_0036_S_2.jpg,pyrenaeus,0.9225512309965661,lapidarius,0.04579164468325078,soroeensis,0.02416731197821078,lapidarius,False,True
2575,,OPIE_0036,/Volumes/EXT DATA/IDMB/derived/Bombus/collection/images/OPIE_0036_S_3.jpg,soroeensis,0.5670980963974497,pyrenaeus,0.22038354244011135,lapidarius,0.16428712869211012,lapidarius,False,True
2576,,OPIE_0037,/Volumes/EXT DATA/IDMB/derived/Bombus/collection/images/OPIE_0037_P_1.jpg,lapidarius,0.643273855020621,sichelii,0.3562355972983828,pyrenaeus,0.00031838636575811963,lapidarius,True,True
2577,,OPIE_0037,/Volumes/EXT DATA/IDMB/derived/Bombus/collection/images/OPIE_0037_P_2.jpg,lapidarius,0.8321523125189756,sichelii,0.1665373798899839,pyrenaeus,0.0008515569744308045,lapidarius,True,True
2578,,OPIE_0037,/Volumes/EXT DATA/IDMB/derived/Bombus/collection/images/OPIE_0037_S_1.jpg,lapidarius,0.9690041711229729,sichelii,0.030903036300415496,soroeensis,6.32663613606561e-05,lapidarius,True,True
2579,,OPIE_0037,/Volumes/EXT DATA/IDMB/derived/Bombus/collection/images/OPIE_0037_S_2.jpg,sichelii,0.5432048711005495,lapidarius,0.45604072039231885,wurflenii,0.00042339978746840567,lapidarius,False,True
2580,,OPIE_0037,/Volumes/EXT DATA/IDMB/derived/Bombus/collection/images/OPIE_0037_S_3.jpg,lapidarius,0.9098139294465086,sichelii,0.08952483175395831,soroeensis,0.00040800050782637887,lapidarius,True,True
2581,,OPIE_0038,/Volumes/EXT DATA/IDMB/derived/Bombus/collection/images/OPIE_0038_P_1.jpg,lapidarius,0.8319374262226467,pyrenaeus,0.10384750864770413,sichelii,0.03218346967244465,lapidarius,True,True
2582,,OPIE_0038,/Volumes/EXT DATA/IDMB/derived/Bombus/collection/images/OPIE_0038_P_2.jpg,lapidarius,0.8978438033643162,sichelii,0.06129249778096644,pyrenaeus,0.037090183190676064,lapidarius,True,True
2583,,OPIE_0038,/Volumes/EXT DATA/IDMB/derived/Bombus/collection/images/OPIE_0038_S_1.jpg,lapidarius,0.8242614224236289,sichelii,0.14902948601630642,soroeensis,0.009449894203543502,lapidarius,True,True
2584,,OPIE_0038,/Volumes/EXT DATA/IDMB/derived/Bombus/collection/images/OPIE_0038_S_2.jpg,lapidarius,0.45792494813895857,pratorum,0.3742706618533989,pyrenaeus,0.09796907263160048,lapidarius,True,True
2585,,OPIE_0038,/Volumes/EXT DATA/IDMB/derived/Bombus/collection/images/OPIE_0038_S_3.jpg,lapidarius,0.9571891451666594,sichelii,0.030825890383714645,pratorum,0.006039059111646286,lapidarius,True,True
2586,,OPIE_0039,/Volumes/EXT DATA/IDMB/derived/Bombus/collection/images/OPIE_0039_P_1.jpg,lapidarius,0.875705076005263,soroeensis,0.1062799853092671,sichelii,0.012796190372473659,lapidarius,True,True
2587,,OPIE_0039,/Volumes/EXT DATA/IDMB/derived/Bombus/collection/images/OPIE_0039_P_2.jpg,lapidarius,0.7828457062893086,soroeensis,0.16799395781793613,monticola,0.02560994580504064,lapidarius,True,True
2588,,OPIE_0039,/Volumes/EXT DATA/IDMB/derived/Bombus/collection/images/OPIE_0039_S_1.jpg,lapidarius,0.9404119438276765,soroeensis,0.05828649311519612,monticola,0.0009209697360349341,lapidarius,True,True
2589,,OPIE_0039,/Volumes/EXT DATA/IDMB/derived/Bombus/collection/images/OPIE_0039_S_2.jpg,lapidarius,0.8973291111472743,soroeensis,0.0910682583714668,monticola,0.01120628963059734,lapidarius,True,True
2590,,OPIE_0039,/Volumes/EXT DATA/IDMB/derived/Bombus/collection/images/OPIE_0039_S_3.jpg,lapidarius,0.9673313068430104,soroeensis,0.026508022923836253,monticola,0.005370169749843754,lapidarius,True,True
2591,,OPIE_0040,/Volumes/EXT DATA/IDMB/derived/Bombus/collection/images/OPIE_0040_P_1.jpg,lapidarius,0.7280281725448481,sichelii,0.2710022741788173,pyrenaeus,0.0009242745684102134,lapidarius,True,True
2592,,OPIE_0040,/Volumes/EXT DATA/IDMB/derived/Bombus/collection/images/OPIE_0040_P_2.jpg,sichelii,0.7425042141578639,lapidarius,0.2565726060081,pyrenaeus,0.0009049141020305742,lapidarius,False,True
2593,,OPIE_0040,/Volumes/EXT DATA/IDMB/derived/Bombus/collection/images/OPIE_0040_S_1.jpg,lapidarius,0.7198318058118373,sichelii,0.27886603425431356,pyrenaeus,0.0012981691900034995,lapidarius,True,True
2594,,OPIE_0040,/Volumes/EXT DATA/IDMB/derived/Bombus/collection/images/OPIE_0040_S_2.jpg,lapidarius,0.8898294865216331,sichelii,0.10292996070479442,pyrenaeus,0.00708854893093527,lapidarius,True,True
2595,,OPIE_0040,/Volumes/EXT DATA/IDMB/derived/Bombus/collection/images/OPIE_0040_S_3.jpg,lapidarius,0.6275720792297859,sichelii,0.37167462611033986,pyrenaeus,0.0007468544415283765,lapidarius,True,True
2596,,OPIE_0041,/Volumes/EXT DATA/IDMB/derived/Bombus/collection/images/OPIE_0041_P_1.jpg,lapidarius,0.9998692674853744,sichelii,0.00013066086246880614,monticola,4.00814941652313e-08,lapidarius,True,True
2597,,OPIE_0041,/Volumes/EXT DATA/IDMB/derived/Bombus/collection/images/OPIE_0041_P_2.jpg,lapidarius,0.9998342090572155,sichelii,0.00016514699647519294,pyrenaeus,5.319905911632373e-07,lapidarius,True,True
2598,,OPIE_0041,/Volumes/EXT DATA/IDMB/derived/Bombus/collection/images/OPIE_0041_S_1.jpg,lapidarius,0.9997058043183874,sichelii,0.0002938900763798821,pyrenaeus,1.4138346628905657e-07,lapidarius,True,True
2599,,OPIE_0041,/Volumes/EXT DATA/IDMB/derived/Bombus/collection/images/OPIE_0041_S_2.jpg,lapidarius,0.9999110065914872,sichelii,8.874932307056054e-05,pyrenaeus,1.2070479385241974e-07,lapidarius,True,True
2600,,OPIE_0041,/Volumes/EXT DATA/IDMB/derived/Bombus/collection/images/OPIE_0041_S_3.jpg,lapidarius,0.9997936840898821,sichelii,0.00020535181983141488,monticola,4.490603977212669e-07,lapidarius,True,True
