image_id,specimen_id,split,status,error_reason,confidence,n_detections,x1,y1,x2,y2,x3,y3,x4,y4,processing_time_s,processed_at
7d4d4b58cd03a62f,FR15ABOM060621003,train,OK,,0.2040,1,0.48370352,0.53395200,0.53347707,0.11665940,0.13100502,0.03138559,0.08123146,0.44867820,0.1349,2026-09-03T09:25:42+00:00
2c8ea2b2cbf8c506,FR15ABOM170821120,train,OK,,0.9284,1,0.39256352,0.43805107,0.40995273,0.11322719,0.00000000,0.07421301,0.00000000,0.39903685,0.0831,2026-09-03T09:25:42+00:00
a27fb2f758c0cd4e,NoName6,train,OK,,0.9162,1,0.38992676,0.50167167,0.41500887,0.19567594,0.00245093,0.13557756,0.00000000,0.44157329,0.0825,2026-09-03T09:25:42+00:00
53f0687d75dc891e,NoName7,train,FAILED,no_detection,,0,,,,,,,,,0.0829,2026-09-03T09:25:42+00:00
bfc083f5e58f98cb,CollecYvan10,train,OK,,0.9088,1,0.39727977,0.47802013,0.41743380,0.18009342,0.01032722,0.13114755,0.00000000,0.42907426,0.0861,2026-09-03T09:25:42+00:00
00ea6c23df34943f,CollecYvan11,train,OK,,0.8850,1,0.40886828,0.56929302,0.43568990,0.23673066,0.02547913,0.17793112,0.00000000,0.51049346,0.0857,2026-09-03T09:25:42+00:00
edac55944c4f2aa1,FR15ABOM210821211,train,OK,,0.9393,1,0.38535529,0.44069847,0.40270603,0.11171654,0.00000000,0.07334834,0.00000000,0.40233028,0.0835,2026-09-03T09:25:42+00:00
de8cc19a4a0cf858,FR15ABOM210821112,train,OK,,0.8145,1,0.39191738,0.52016932,0.41301194,0.17096379,0.00000000,0.12629850,0.00000000,0.47550404,0.0839,2026-09-03T09:25:43+00:00
17c61e59907c4306,FR15ABOM170821115,train,OK,,0.8504,1,0.42666915,0.51344377,0.42799079,0.11361472,0.00000000,0.11101326,0.00000000,0.51084232,0.0834,2026-09-03T09:25:43+00:00
429fd1473678aac6,FR15ABOM210821125,train,OK,,0.9054,1,0.36824033,0.48324504,0.42338908,0.10252489,0.01430934,0.00000000,0.00000000,0.37783614,0.0846,2026-09-03T09:25:43+00:00
7151c5a538b7b384,FR15_ABOM07082020049,train,OK,,0.2637,1,0.38053453,0.52260196,0.40896586,0.11050447,0.02284403,0.06314588,0.00000000,0.47524336,0.0834,2026-09-03T09:25:43+00:00
9767cb8629ea69a8,FR15ABOM210821147,train,OK,,0.9157,1,0.36713353,0.42697042,0.39516670,0.12324946,0.00657529,0.05952506,0.00000000,0.36324602,0.0832,2026-09-03T09:25:43+00:00
787aa56f1ca5d351,CollecYvan12,train,OK,,0.1344,1,0.40721282,0.43559670,0.42026454,0.13840188,0.00540389,0.10601220,0.00000000,0.40320703,0.0841,2026-09-03T09:25:43+00:00
21bde48abb6c837b,FR15_ABOM023082020028,train,OK,,0.8896,1,0.39601076,0.54385167,0.40582165,0.11430486,0.00000000,0.09723967,0.00000000,0.52678651,0.0844,2026-09-03T09:25:43+00:00
c75b04a47ac2c0ed,FR15_ABOM09082020094,train,OK,,0.4557,1,0.40900099,0.50443345,0.42162943,0.13436082,0.00000000,0.10861641,0.00000000,0.47868901,0.0838,2026-09-03T09:25:43+00:00
83846ca2db06f257,CollecYvan8,train,OK,,0.7915,1,0.39137799,0.45766029,0.40999541,0.15002719,0.00000000,0.10587274,0.00000000,0.41350588,0.0860,2026-09-03T09:25:43+00:00
03d2a0d51c0ca9d4,FR15ABOM170821018,train,OK,,0.9339,1,0.38923126,0.46991077,0.41882765,0.12884106,0.00361674,0.06480713,0.00000000,0.40587685,0.0853,2026-09-03T09:25:43+00:00
2d2cbedbfbe45fcc,CollecYvan9,train,OK,,0.8841,1,0.39459601,0.43209377,0.41088435,0.12789932,0.00439542,0.08922661,0.00000000,0.39342105,0.0856,2026-09-03T09:25:43+00:00
fdfea81d23ace029,FR15ABOM220821084,train,OK,,0.7187,2,0.39628744,0.47270644,0.42050788,0.18711793,0.00926027,0.12509497,0.00000000,0.41068348,0.0851,2026-09-03T09:25:44+00:00
8555bc663f588195,FR15_ABOM07082020062,train,FAILED,no_detection,,0,,,,,,,,,0.0830,2026-09-03T09:25:44+00:00
bf85c0e3ec5a8cb7,FR15ABOM220821085,train,OK,,0.9148,1,0.36825544,0.45402443,0.40931979,0.12498850,0.01028245,0.03642713,0.00000000,0.36546305,0.0856,2026-09-03T09:25:44+00:00
9166932186ede4aa,FR15ABOM220821068,train,OK,,0.9087,1,0.42892760,0.52137142,0.46013477,0.19666569,0.03516115,0.12405453,0.00395402,0.44876027,0.0879,2026-09-03T09:25:44+00:00
62aa8574b31a8e10,NoName8,train,OK,,0.9050,2,0.37741479,0.54403466,0.42456144,0.21668202,0.01179759,0.11092513,0.00000000,0.43827781,0.0834,2026-09-03T09:25:44+00:00
c446e12eb9e8f2e7,FR15_ABOM090820071,train,OK,,0.6234,2,0.39446640,0.53412384,0.40846822,0.19669467,0.00839990,0.16718978,0.00000000,0.50461894,0.0846,2026-09-03T09:25:44+00:00
e9bed482c353f323,FR15_ABOM170820030,train,OK,,0.7368,2,0.40509170,0.57815856,0.44779500,0.13808255,0.03381234,0.06674358,0.00000000,0.50681955,0.0871,2026-09-03T09:25:44+00:00
edae1875d935464a,FR15_ABOM170820009,train,OK,,0.1178,1,0.41688523,0.51807362,0.44575617,0.18872076,0.03082058,0.12411018,0.00194965,0.45346305,0.0864,2026-09-03T09:25:44+00:00
d036e828808dae28,FR15ABOM210821210,train,OK,,0.3178,2,0.39505729,0.48190627,0.42732623,0.12431819,0.00386148,0.05638270,0.00000000,0.41397074,0.0874,2026-09-03T09:25:44+00:00
eae7b300ba77bfa8,FR15ABOM220821043,train,OK,,0.4374,2,0.39590409,0.51236689,0.42667159,0.18248536,0.00452315,0.11243049,0.00000000,0.44231200,0.0868,2026-09-03T09:25:44+00:00
97bfc12c54037661,FR15_ABOM07082020082,train,OK,,0.5970,1,0.39085945,0.51761240,0.41245729,0.18488690,0.00317786,0.13768239,0.00000000,0.47040790,0.0882,2026-09-03T09:25:44+00:00
d381e54c76b84932,FR15_ABOM14080820006,train,OK,,0.9290,1,0.38784453,0.47566444,0.42414054,0.13362297,0.01617374,0.05659671,0.00000000,0.39863816,0.0862,2026-09-03T09:25:44+00:00
ff601fd4f0ebc435,FR15ABOM210821171,train,OK,,0.7035,1,0.39544800,0.55442774,0.42189887,0.18660574,0.00000000,0.13202637,0.00000000,0.49984840,0.0875,2026-09-03T09:25:45+00:00
dd08116b68ad364b,FR15ABOM170821029,train,OK,,0.9139,1,0.37941393,0.47611609,0.40086886,0.14630944,0.00000000,0.09949564,0.00000000,0.42930230,0.0876,2026-09-03T09:25:45+00:00
19f54eb02a3a9111,FR15ABOM150820018,train,OK,,0.9196,1,0.40359449,0.58539122,0.42120969,0.27661648,0.00000000,0.23380290,0.00000000,0.54257762,0.0868,2026-09-03T09:25:45+00:00
ad6f072b8d6d38e6,FR15ABOM210821212,train,OK,,0.6568,2,0.40415108,0.47048974,0.41843501,0.19755186,0.01914838,0.16039275,0.00486443,0.43333063,0.0919,2026-09-03T09:25:45+00:00
1a043a1b7b139541,FR15_ABOM080820007,train,OK,,0.4706,1,0.41236255,0.53963804,0.44296193,0.19232196,0.02792644,0.12731637,0.00000000,0.47463247,0.0860,2026-09-03T09:25:45+00:00
89fc065f53a07c6c,FR15_ABOM080820039,train,OK,,0.8911,1,0.37088257,0.49600318,0.40311176,0.14063942,0.00046056,0.07566524,0.00000000,0.43102899,0.0888,2026-09-03T09:25:45+00:00
97e5afc4e1e70268,FR15ABOM220821070,train,OK,,0.8837,1,0.39249718,0.55002660,0.42602944,0.17249046,0.00254731,0.10565977,0.00000000,0.48319593,0.0865,2026-09-03T09:25:45+00:00
b92238dc504defa3,FR15ABOM210821165,train,OK,,0.5510,2,0.42882237,0.49077868,0.43673521,0.13122804,0.01472562,0.11471264,0.00681281,0.47426328,0.0875,2026-09-03T09:25:45+00:00
c4ac4ac4de8b62a7,FR15_ABOM07082020038,train,OK,,0.8980,1,0.39110866,0.48697072,0.42214108,0.16582350,0.00981641,0.09499178,0.00000000,0.41613901,0.0840,2026-09-03T09:25:45+00:00
8778fc69423e320e,FR15ABOM210821139,train,OK,,0.3168,2,0.42894605,0.45961335,0.44382575,0.10496367,0.01868922,0.07325324,0.00380947,0.42790291,0.0877,2026-09-03T09:25:45+00:00
99fe4734daba8d41,FR15ABOM210821137,train,OK,,0.3677,2,0.42338783,0.61451983,0.47298276,0.23368344,0.05090857,0.13599442,0.00131366,0.51683080,0.0870,2026-09-03T09:25:45+00:00
f306768d7642aecf,OPIE_Lapi_220620d,train,OK,,0.7906,1,0.63232422,0.56281054,0.63145226,0.43383083,0.39631006,0.43665704,0.39718208,0.56563675,0.1403,2026-09-03T09:25:46+00:00
05a2613b9eee4a24,OPIE_Lapi_240620b,train,OK,,0.4433,2,0.63118190,0.57775378,0.63060552,0.43872440,0.38989893,0.44049862,0.39047536,0.57952803,0.1405,2026-09-03T09:25:46+00:00
cc147045d33008c7,OPIE_Lapi_220620,train,OK,,0.2143,2,0.61689520,0.56803477,0.61769360,0.42876816,0.38178223,0.42636397,0.38098392,0.56563061,0.1406,2026-09-03T09:25:46+00:00
4ce1cc94d5df8def,OPIE_Lapi_130720d,train,OK,,0.8700,1,0.62933779,0.56126362,0.62811363,0.42498368,0.38369918,0.42888650,0.38492325,0.56516647,0.1369,2026-09-03T09:25:46+00:00
91fa8d19c49909e9,OPIE_Lapi_160720b,train,OK,,0.9008,1,0.62169313,0.58019435,0.62306386,0.44208816,0.37060890,0.43763357,0.36923817,0.57573980,0.1354,2026-09-03T09:25:46+00:00
fc5623924b45bf9a,OPIE_Lapi_220620b,train,OK,,0.7143,1,0.63089466,0.57018358,0.63172323,0.42964959,0.38975859,0.42711341,0.38893005,0.56764746,0.1367,2026-09-03T09:25:46+00:00
8cb716fe95da0f35,OPIE_Lapi_270702,train,OK,,0.7509,2,0.61589980,0.57782632,0.61336362,0.43987453,0.37708807,0.44759694,0.37962428,0.58554876,0.1349,2026-09-03T09:25:46+00:00
f59bb7ceca5fa865,OPIE_Lapi_070820b,train,OK,,0.9401,1,0.63265151,0.60485858,0.63019502,0.45329008,0.37143835,0.46074560,0.37389487,0.61231411,0.1356,2026-09-03T09:25:47+00:00
a8a020a2acc3ba05,OPIE_Lapi_130720b,train,OK,,0.9292,1,0.61794013,0.55891812,0.61728925,0.42934507,0.39383519,0.43134078,0.39448616,0.56091380,0.1379,2026-09-03T09:25:47+00:00
98ce8d52e2c0a90f,OPIE_Lapi_200720,train,OK,,0.9269,1,0.63324350,0.58496737,0.63365209,0.43930456,0.36444539,0.43796211,0.36403680,0.58362490,0.1378,2026-09-03T09:25:47+00:00
1a935472ffed59a5,OPIE_Lapi_230620,train,OK,,0.8314,2,0.62799692,0.58119053,0.62788385,0.44042346,0.38239869,0.44077376,0.38251168,0.58154082,0.1365,2026-09-03T09:25:47+00:00
3dee7dcf0bf5b89f,OPIE_Lapi_260620,train,OK,,0.8810,1,0.62502670,0.60731608,0.62620205,0.45246258,0.35968623,0.44886640,0.35851088,0.60371989,0.1364,2026-09-03T09:25:47+00:00
259ccbb41a1f9769,OPIE_Lapi_290602,train,OK,,0.2994,3,0.62717074,0.57017463,0.62800997,0.43216679,0.39685109,0.42966783,0.39601186,0.56767565,0.1360,2026-09-03T09:25:47+00:00
a457dad932470860,OPIE_Lapi_220620c,train,OK,,0.8694,1,0.61727643,0.56602490,0.61634588,0.43746737,0.38628396,0.44042805,0.38721457,0.56898558,0.1352,2026-09-03T09:25:47+00:00
3fb41d7480a0ed6a,OPIE_Lapi_260620b,train,OK,,0.9545,1,0.62085676,0.56177580,0.61645317,0.45279947,0.38082734,0.46972629,0.38523096,0.57870263,0.1386,2026-09-03T09:25:47+00:00
2f9a5cc010a5bc70,OPIE_Lapi_240620,train,OK,,0.9403,2,0.61942309,0.58071876,0.61944395,0.44211257,0.36095962,0.44204351,0.36093879,0.58064967,0.1434,2026-09-03T09:25:48+00:00
4273e666ca3bf267,OPIE_Lapi_130720,train,OK,,0.9407,1,0.64294225,0.56459820,0.64188021,0.40638825,0.36639196,0.40967566,0.36745390,0.56788564,0.1419,2026-09-03T09:25:48+00:00
dd485bd2d093fa7e,OPIE_Lapi_230620b,train,OK,,0.6582,1,0.60994905,0.58248520,0.60633445,0.45156899,0.38053504,0.46265250,0.38414973,0.59356868,0.1375,2026-09-03T09:25:48+00:00
786c3009835c6874,OPIE_Lapi_110702,train,OK,,0.9392,1,0.61447829,0.57704884,0.61385989,0.45127645,0.38727322,0.45325688,0.38789153,0.57902926,0.1510,2026-09-03T09:25:48+00:00
fb559a0c04786643,OPIE_Lapi_130720c,train,OK,,0.9070,1,0.62573928,0.57883465,0.62624478,0.42429814,0.35792169,0.42273760,0.35741615,0.57727414,0.1415,2026-09-03T09:25:48+00:00
730437fd4e90ad7d,OPIE_Lapi_070820,train,OK,,0.9260,1,0.63332087,0.58368158,0.63159984,0.44171494,0.36323422,0.44749850,0.36495519,0.58946514,0.1452,2026-09-03T09:25:48+00:00
45f2cc5a3546f39d,OPIE_Lapi_100803,train,OK,,0.9118,1,0.63474834,0.58271831,0.63428015,0.43762988,0.36833721,0.43915567,0.36880547,0.58424419,0.1398,2026-09-03T09:25:48+00:00
f805c427c371e472,OPIE_Lapi_A1b,train,OK,,0.9483,1,0.62581235,0.59389561,0.62917846,0.44395441,0.36542258,0.43342784,0.36205646,0.58336908,0.1420,2026-09-03T09:25:49+00:00
9238b85da8d0146c,OPIE_Lapi_95C,train,OK,,0.9150,2,0.62901747,0.58495778,0.62689167,0.44419619,0.36871347,0.45112783,0.37083924,0.59188944,0.1459,2026-09-03T09:25:49+00:00
2b5e0d866cf7c51f,OPIE_Lapi_B2,train,OK,,0.6118,1,0.62629396,0.56820244,0.62146997,0.43364722,0.39762998,0.44791386,0.40245399,0.58246905,0.1366,2026-09-03T09:25:49+00:00
b1f09ac7b47d14dc,OPIE_Lapi_030803b,train,OK,,0.9213,1,0.63359755,0.57669115,0.63052028,0.43511972,0.36647806,0.44532311,0.36955538,0.58689451,0.1402,2026-09-03T09:25:49+00:00
389604ce08463a97,OPIE_Lapi_D1,train,OK,,0.9012,1,0.62981540,0.56940418,0.62710023,0.42531607,0.36782861,0.43400165,0.37054375,0.57808977,0.1374,2026-09-03T09:25:49+00:00
0ff169e3fc47a284,OPIE_Lapi_200703b,train,OK,,0.8961,2,0.63921428,0.58614004,0.63862759,0.44198954,0.37887064,0.44386876,0.37945724,0.58801925,0.1383,2026-09-03T09:25:49+00:00
aa26220e634f11a7,OPIE_Lapi_E7,train,OK,,0.9484,1,0.64043540,0.58227378,0.64334190,0.43618050,0.37571537,0.42671493,0.37280887,0.57280821,0.1390,2026-09-03T09:25:49+00:00
204d400420ea80bf,OPIE_Lapi_030803,train,OK,,0.9331,1,0.63168031,0.57808292,0.62805057,0.43457049,0.36184531,0.44654027,0.36547509,0.59005266,0.1391,2026-09-03T09:25:50+00:00
9492299e29cc2996,OPIE_Lapi_060803,train,OK,,0.9371,1,0.62046087,0.57298011,0.61940467,0.43186879,0.35928452,0.43532988,0.36034065,0.57644117,0.1399,2026-09-03T09:25:50+00:00
d9f756ea734431c4,OPIE_Lapi_180702,train,OK,,0.9156,1,0.63267106,0.58968252,0.62990499,0.44421440,0.35935774,0.45336017,0.36212385,0.59882832,0.1364,2026-09-03T09:25:50+00:00
e4d48e4937f536cc,OPIE_Lapi_78V,train,OK,,0.9643,1,0.61855096,0.54534298,0.61893183,0.42893198,0.40251383,0.42767313,0.40213290,0.54408413,0.1370,2026-09-03T09:25:50+00:00
af53070f1d1e2e76,OPIE_Lapi_200703,train,OK,,0.9520,1,0.62927532,0.59060395,0.63095498,0.44432884,0.35634848,0.43872306,0.35466883,0.58499813,0.1376,2026-09-03T09:25:50+00:00
fce15c38021f4e54,OPIE_Lapi_100820,train,OK,,0.9445,1,0.62072164,0.60695392,0.61995935,0.45647904,0.35428867,0.45887181,0.35505098,0.60934669,0.1385,2026-09-03T09:25:50+00:00
f3c14bd7ad839dc2,OPIE_Lapi_A1,train,OK,,0.8625,1,0.62270892,0.56933135,0.62002808,0.43265456,0.36829579,0.44143260,0.37097669,0.57810932,0.1362,2026-09-03T09:25:50+00:00
70ec76b103b7fa54,OPIE_Lapi_160720,train,OK,,0.9675,1,0.62714761,0.59651059,0.63203317,0.44005427,0.34561014,0.42415389,0.34072456,0.58061016,0.1372,2026-09-03T09:25:51+00:00
402c9176aa7d3db3,OPIE_Lapi_H1,train,OK,,0.9511,1,0.62608451,0.58942187,0.62734717,0.44227085,0.35887814,0.43817541,0.35761547,0.58532643,0.1403,2026-09-03T09:25:51+00:00
a800566328e43059,OPIE_Lapi_B2b,train,OK,,0.9371,1,0.62864590,0.58157218,0.63023740,0.43777037,0.35589093,0.43237239,0.35429940,0.57617414,0.1482,2026-09-03T09:25:51+00:00
a7bce4533155d45b,OPIE_Lapi_7B,train,OK,,0.8821,1,0.63318276,0.57068002,0.62862319,0.43244243,0.37341231,0.44740748,0.37797192,0.58564508,0.1426,2026-09-03T09:25:51+00:00
8290da03f48dd279,OPIE_Lapi_180703,train,OK,,0.9221,1,0.62685919,0.59347266,0.62665063,0.44732803,0.35982388,0.44800511,0.36003247,0.59414977,0.1447,2026-09-03T09:25:51+00:00
d616aaa6180fb8c8,FR73ABOM140722026,train,OK,,0.9866,1,0.64461833,0.61552662,0.65442723,0.40991420,0.32036227,0.38158196,0.31055331,0.58719438,0.1448,2026-09-03T09:25:51+00:00
e4aeabc3df05d056,FR73ABOM200722032,train,OK,,0.6742,2,0.62860125,0.55057806,0.62226599,0.41488761,0.39379221,0.43385160,0.40012750,0.56954205,0.1451,2026-09-03T09:25:51+00:00
b482aa691b4451d8,FR74ABOM160722015,train,OK,,0.9786,1,0.60469705,0.53708994,0.60523272,0.42693117,0.39512455,0.42511505,0.39458895,0.53527379,0.1445,2026-09-03T09:25:52+00:00
062f6951a1c43487,Polset_1,train,FAILED,no_detection,,0,,,,,,,,,0.0817,2026-09-03T09:25:52+00:00
5e19e765d09fa3d0,CD388623c,train,OK,,0.9049,1,0.39859152,0.47639182,0.40201145,0.33356160,0.15045008,0.32285330,0.14703013,0.46568352,0.0812,2026-09-03T09:25:52+00:00
b82e5243b358907f,CollecYvan15,train,OK,,0.8404,1,0.62492049,0.55863404,0.62830502,0.41449291,0.39598516,0.40479505,0.39260063,0.54893619,0.1397,2026-09-03T09:25:52+00:00
73f2852198ce4133,FR73ABOM130722002,train,OK,,0.9656,1,0.61996102,0.51049727,0.61521041,0.39084271,0.40622142,0.40559375,0.41097203,0.52524829,0.1568,2026-09-03T09:25:52+00:00
0a90c4c53a2db8d1,CollecYvan17,train,OK,,0.2419,2,0.61823720,0.55706012,0.61641425,0.41634479,0.38981399,0.42156345,0.39163694,0.56227875,0.1412,2026-09-03T09:25:52+00:00
00572780db9e4dc8,FR74ABOM160722001,train,OK,,0.8190,1,0.63060141,0.54179204,0.62583041,0.41023484,0.39947402,0.42482847,0.40424499,0.55638570,0.1476,2026-09-03T09:25:52+00:00
b65c91f3f7307c39,ABAURA5667,train,OK,,0.9486,1,0.62891531,0.58965862,0.63374144,0.44133765,0.38591963,0.42700228,0.38109353,0.57532328,0.1581,2026-09-03T09:25:52+00:00
7cb5e0d9b0ebe3e8,FR74ABOM170722014,train,OK,,0.9212,1,0.62422854,0.53831166,0.62196130,0.41029581,0.39723548,0.41737148,0.39950269,0.54538733,0.1455,2026-09-03T09:25:53+00:00
668983b69ae7a068,CollecYvan18,train,OK,,0.9298,1,0.60987806,0.54639328,0.61004645,0.42073172,0.38362750,0.42019251,0.38345915,0.54585409,0.1425,2026-09-03T09:25:53+00:00
c8e8d89ab1285ddd,CD388623b,train,OK,,0.7602,1,0.45489678,0.42671692,0.45052207,0.29939276,0.22061272,0.31343627,0.22498748,0.44076043,0.0832,2026-09-03T09:25:53+00:00
b048841b3bd41b97,CollecYvan14,train,FAILED,no_detection,,0,,,,,,,,,0.1486,2026-09-03T09:25:53+00:00
a2245dee4fde772d,FR73ABOM130722001,train,OK,,0.3863,2,0.61323404,0.54798216,0.61082757,0.41153806,0.39080977,0.41843665,0.39321622,0.55488074,0.1428,2026-09-03T09:25:53+00:00
3744f34047a49633,CD388408,train,OK,,0.3640,1,0.37756220,0.36936593,0.37680930,0.23371372,0.14603740,0.23598947,0.14679033,0.37164167,0.0823,2026-09-03T09:25:53+00:00
4cbe479796b954c7,CollecYvan16,train,OK,,0.9181,1,0.59100324,0.54017872,0.58387458,0.42142946,0.38636553,0.44250807,0.39349422,0.56125730,0.1495,2026-09-03T09:25:53+00:00
e2713617e753ff1c,FR04ABOM220722087,train,OK,,0.8622,2,0.62661380,0.53651786,0.62391174,0.39557296,0.39817873,0.40326634,0.40088078,0.54421121,0.1565,2026-09-03T09:25:54+00:00
6a9a972528903ec7,FR73ABOM140722009,train,FAILED,no_detection,,0,,,,,,,,,0.1602,2026-09-03T09:25:54+00:00
d11214094c9caa9d,CD388623d,train,OK,,0.9130,1,0.41687620,0.40671867,0.41857445,0.26222077,0.17293426,0.25708199,0.17123599,0.40157989,0.0979,2026-09-03T09:25:54+00:00
3f8be6548c4dc338,FR73ABOM120722090,train,OK,,0.9597,1,0.61756009,0.53250760,0.61417150,0.41026387,0.40356171,0.42064252,0.40695024,0.54288626,0.1548,2026-09-03T09:25:54+00:00
dadc12b45dc1b754,CD387770b,train,OK,,0.2539,1,0.47786310,0.41453791,0.47921959,0.27582401,0.24487637,0.27175200,0.24351987,0.41046587,0.0907,2026-09-03T09:25:54+00:00
f8117419f1d5034b,FR73ABOM140722032,train,OK,,0.8828,1,0.62934941,0.55297542,0.62827855,0.41132173,0.38759097,0.41455626,0.38866177,0.55620998,0.1453,2026-09-03T09:25:54+00:00
393628d7e190f37d,FR73ABOM150722001,train,OK,,0.6459,1,0.62610877,0.56333685,0.62801623,0.42090493,0.39182782,0.41528186,0.38992041,0.55771375,0.1463,2026-09-03T09:25:54+00:00
8d95f8a69d3f4190,FR73ABOM120722027,train,OK,,0.8831,1,0.62090087,0.54892099,0.61786467,0.42295188,0.39487502,0.43250689,0.39791128,0.55847603,0.1475,2026-09-03T09:25:54+00:00
c76d46e4f0642cb8,FR73ABOM120722070,train,OK,,0.2376,2,0.63808531,0.56770998,0.63641125,0.43066135,0.39979544,0.43579963,0.40146947,0.57284826,0.1404,2026-09-03T09:25:55+00:00
a294cdb523c5306e,CD387804,train,OK,,0.9323,1,0.44254175,0.44972408,0.44371399,0.30037877,0.20195952,0.29700536,0.20078729,0.44635069,0.0834,2026-09-03T09:25:55+00:00
3d2ed70c1acf2efb,CD388821,train,OK,,0.6724,2,0.38073301,0.33483440,0.38013709,0.19639453,0.14412846,0.19819957,0.14472438,0.33663943,0.0843,2026-09-03T09:25:55+00:00
8020177f956dfa97,FR04ABOM220722060,train,OK,,0.9347,1,0.61804497,0.57247847,0.61828458,0.44086897,0.38906232,0.44012713,0.38882273,0.57173657,0.1389,2026-09-03T09:25:55+00:00
0087d08026e683ee,CD388623,train,OK,,0.6878,1,0.45808867,0.43539649,0.46257305,0.29325992,0.21599042,0.27941540,0.21150601,0.42155194,0.0801,2026-09-03T09:25:55+00:00
70d16cbe4bd33a81,FR73ABOM130722037,train,OK,,0.9647,1,0.61555403,0.55362272,0.61316305,0.42528620,0.39119714,0.43263808,0.39358816,0.56097460,0.1372,2026-09-03T09:25:55+00:00
42b94d27d52e5fe1,FR73ABOM140722011,train,OK,,0.8213,1,0.63524652,0.53863156,0.63443327,0.40181819,0.40940410,0.40419602,0.41021729,0.54100943,0.1393,2026-09-03T09:25:55+00:00
8ac56297575d3c1e,FR73ABOM150722006,train,FAILED,no_detection,,0,,,,,,,,,0.1386,2026-09-03T09:25:55+00:00
b710721f6a29fdfc,FR73ABOM120722118,train,OK,,0.9712,1,0.62264663,0.54828447,0.62377638,0.42543250,0.40751931,0.42189687,0.40638950,0.54474890,0.1366,2026-09-03T09:25:56+00:00
87bd63f43e4b42fb,FR73ABOM130722039,train,FAILED,no_detection,,0,,,,,,,,,0.1386,2026-09-03T09:25:56+00:00
b99150fc19c8ee25,FR73ABOM140722001,train,OK,,0.1805,2,0.62174016,0.55346435,0.62386912,0.41275510,0.38697672,0.40638334,0.38484782,0.54709262,0.1389,2026-09-03T09:25:56+00:00
f79b9dc0adf9526c,FR73ABOM140722033,train,OK,,0.7866,1,0.62698466,0.55674237,0.62287802,0.42860305,0.39529601,0.44156936,0.39940262,0.56970865,0.1403,2026-09-03T09:25:56+00:00
bcaf28b64cda40ca,FR73ABOM140722015,train,OK,,0.7767,1,0.61582112,0.55988580,0.61408323,0.42203146,0.38382980,0.42719188,0.38556769,0.56504619,0.1383,2026-09-03T09:25:56+00:00
e0569afa30972419,FR73ABOM140722031,train,OK,,0.7880,1,0.61845571,0.54219449,0.61412692,0.41231775,0.39035606,0.42557684,0.39468485,0.55545354,0.1387,2026-09-03T09:25:56+00:00
fff2870c3c92f2e1,CD388230c,train,OK,,0.8281,2,0.45176184,0.48143765,0.45568883,0.34465003,0.20092943,0.33163315,0.19700249,0.46842077,0.0812,2026-09-03T09:25:56+00:00
bcdaaea3b42e5313,FR73ABOM130722017,train,OK,,0.3523,1,0.62878513,0.56882203,0.62916911,0.43022999,0.39170682,0.42906049,0.39132288,0.56765252,0.1373,2026-09-03T09:25:56+00:00
5a4abbbc9583eb78,FR15ABOM100721047,train,OK,,0.9874,1,0.64503598,0.62709063,0.65952200,0.41082087,0.32478994,0.37096170,0.31030393,0.58723146,0.1429,2026-09-03T09:25:57+00:00
89911539e35b40e7,FR15_ABOM30072020045,train,OK,,0.6145,1,0.41235644,0.45022222,0.43875921,0.11577177,0.02322627,0.05745403,0.00000000,0.39190444,0.0887,2026-09-03T09:25:57+00:00
53e383dc4eab3b64,FR15_ABOM180720054,train,OK,,0.3896,1,0.39443770,0.48837808,0.41920188,0.14676853,0.00299453,0.09309904,0.00000000,0.43470860,0.0885,2026-09-03T09:25:57+00:00
af36a94b986b9cfa,FR15_ABOM30072020044,train,FAILED,no_detection,,0,,,,,,,,,0.1123,2026-09-03T09:25:57+00:00
db1721dd918c0690,FR15ABOM210821119,train,OK,,0.9313,1,0.35219023,0.43781734,0.36886331,0.12949246,0.00101041,0.09413877,0.00000000,0.40246364,0.0896,2026-09-03T09:25:57+00:00
6a868e801ff05e25,FR15ABOM200821004,train,OK,,0.7830,2,0.39132813,0.47538969,0.42046398,0.14383872,0.00369771,0.07878353,0.00000000,0.41033450,0.0903,2026-09-03T09:25:57+00:00
540610eee495f2c1,FR15ABOM200821035,train,OK,,0.7911,1,0.35640904,0.45033142,0.36153430,0.13649081,0.00000000,0.12578575,0.00000000,0.43962634,0.0900,2026-09-03T09:25:57+00:00
a3607627d966ed1a,FR15ABOM200821215,train,OK,,0.9433,1,0.39743176,0.51915956,0.41261095,0.18981323,0.00000000,0.15575011,0.00000000,0.48509642,0.0900,2026-09-03T09:25:57+00:00
0b8e5e4d96e3b644,POLLINIS4415,train,OK,,0.8202,1,0.36916694,0.45032734,0.41282916,0.12933664,0.03339953,0.03767001,0.00000000,0.35866070,0.0853,2026-09-03T09:25:57+00:00
bcedcba99833795e,FR15ABOM200821126,train,OK,,0.9296,1,0.40466774,0.55910641,0.42178053,0.20194121,0.00000000,0.16571555,0.00000000,0.52288079,0.1167,2026-09-03T09:25:57+00:00
a6d25d01ba12a9a6,FR15ABOM170821123,train,OK,,0.1973,2,0.39030382,0.47894683,0.42167297,0.14323711,0.00433255,0.07392941,0.00000000,0.40963912,0.0934,2026-09-03T09:25:58+00:00
01112f76540776fe,FR15_ABOM30072020048,train,OK,,0.7896,2,0.39547947,0.45520607,0.40436968,0.14449733,0.00000000,0.12373552,0.00000000,0.43444425,0.0903,2026-09-03T09:25:58+00:00
f1e2cdfd6f48b061,FR15ABOM150821068,train,OK,,0.9382,1,0.38107312,0.48483720,0.39656118,0.17029612,0.00000000,0.13553715,0.00000000,0.45007822,0.0888,2026-09-03T09:25:58+00:00
59733e52ab35052c,FR15_ABOM30072020040,train,OK,,0.8500,1,0.37368858,0.43308687,0.39537549,0.15902580,0.00323903,0.10386062,0.00000000,0.37792167,0.0890,2026-09-03T09:25:58+00:00
44a7bfa8515aaf43,FR15ABOM220821055,train,OK,,0.8403,2,0.39897543,0.53980494,0.42337161,0.19134493,0.00127997,0.13879439,0.00000000,0.48725441,0.0916,2026-09-03T09:25:58+00:00
3e79cf597c306813,FR15_ABOM30072020071,train,OK,,0.7854,2,0.39331794,0.59989417,0.43435997,0.21166091,0.00394522,0.13074681,0.00000000,0.51898009,0.1065,2026-09-03T09:25:58+00:00
a010146e8b402041,FR15ABOM200821202,train,OK,,0.8798,2,0.43629128,0.61526501,0.45566514,0.19530073,0.03692269,0.16095856,0.01754887,0.58092290,0.0912,2026-09-03T09:25:58+00:00
4ba1b5a5ecf4a952,FR15ABOM200821233,train,FAILED,no_detection,,0,,,,,,,,,0.0896,2026-09-03T09:25:58+00:00
eb13202b92322f44,FR15ABOM170821074,train,OK,,0.8953,1,0.38436016,0.50432456,0.39148954,0.18276118,0.00000000,0.16722812,0.00000000,0.48879150,0.0899,2026-09-03T09:25:58+00:00
fe037a305f622e07,FR15ABOM200821014,train,OK,,0.9184,2,0.39291215,0.53037959,0.41514555,0.19045387,0.00000000,0.14203033,0.00000000,0.48195603,0.0927,2026-09-03T09:25:58+00:00
dc6f892561b19ad1,FR15ABOM210821043,train,OK,,0.9582,1,0.38519147,0.51569635,0.41657230,0.17741793,0.00390511,0.10940052,0.00000000,0.44767895,0.0913,2026-09-03T09:25:58+00:00
533745138f3feb47,ABAURA8885,train,OK,,0.8810,1,0.40484092,0.56219757,0.43523821,0.17615001,0.00374249,0.11563013,0.00000000,0.50167769,0.0806,2026-09-03T09:25:59+00:00
0b53e5a6a9c2f3fc,FR15ABOM210821110,train,OK,,0.9355,2,0.40339559,0.46858028,0.41190460,0.14845844,0.00000000,0.12878765,0.00000000,0.44890949,0.0895,2026-09-03T09:25:59+00:00
6d57c23e25ab7f92,FR15ABOM210822016,train,OK,,0.8542,1,0.38747150,0.59607601,0.42673230,0.27094468,0.01357978,0.18220076,0.00000000,0.50733209,0.1062,2026-09-03T09:25:59+00:00
41e454dc358a5d34,FR15ABOM200821005,train,OK,,0.9199,1,0.39077929,0.53968924,0.41303813,0.17820194,0.00000000,0.13257895,0.00000000,0.49406624,0.0996,2026-09-03T09:25:59+00:00
9c0a46f437a559c8,FR15ABOM170821030,train,OK,,0.7533,1,0.42683607,0.57220680,0.46277392,0.16698174,0.04726216,0.10148955,0.01132431,0.50671464,0.1004,2026-09-03T09:25:59+00:00
9e72f4d464f814da,FR15ABOM200821209,train,OK,,0.1855,1,0.38168529,0.56487048,0.41141921,0.12879516,0.00000000,0.07817121,0.00000000,0.51424652,0.1021,2026-09-03T09:25:59+00:00
3a55acd0ca64b41d,FR15ABOM200821010,train,OK,,0.8789,1,0.39309785,0.54993528,0.43003076,0.17542237,0.00536320,0.10086007,0.00000000,0.47537294,0.1063,2026-09-03T09:25:59+00:00
3ede634152a79e0e,FR15ABOM210821048,train,OK,,0.8378,1,0.38801637,0.51505965,0.42406130,0.15665589,0.00509892,0.08168110,0.00000000,0.44008484,0.1037,2026-09-03T09:25:59+00:00
3e7a1f18efa5b7f5,FR15ABOM210821014,train,OK,,0.9133,1,0.40541932,0.51971537,0.42481253,0.18616697,0.00000000,0.14213623,0.00000000,0.47568461,0.0923,2026-09-03T09:25:59+00:00
f2648477f9bd4546,FR15ABOM210821115,train,OK,,0.8988,2,0.39236858,0.51569092,0.41770691,0.19000871,0.00403016,0.13279204,0.00000000,0.45847428,0.0940,2026-09-03T09:25:59+00:00
995e60086ad2cad4,NoName3,train,OK,,0.8790,1,0.44222438,0.53502399,0.49269554,0.09309661,0.05219569,0.00366000,0.00172456,0.44558740,0.0843,2026-09-03T09:26:00+00:00
caacec2b5e1f824c,FR15ABOM170821030b,train,OK,,0.9284,1,0.40333778,0.52319002,0.42726979,0.16941227,0.00000000,0.11785912,0.00000000,0.47163686,0.0954,2026-09-03T09:26:00+00:00
631f6e33216d02c2,FR15ABOM210822012,train,OK,,0.9108,1,0.37988427,0.71956378,0.43226826,0.32868057,0.01633108,0.22961350,0.00000000,0.62049669,0.0933,2026-09-03T09:26:00+00:00
dfe84a3cf8e0c17d,FR15ABOM210822015,train,OK,,0.9285,2,0.38491866,0.51485038,0.41853029,0.15232566,0.00227217,0.08369503,0.00000000,0.44621977,0.0916,2026-09-03T09:26:00+00:00
f01713cff8fbb4e2,FR15ABOM210822014,train,OK,,0.9156,2,0.39379865,0.51918083,0.41557711,0.18514465,0.00035919,0.13701780,0.00000000,0.47105402,0.0909,2026-09-03T09:26:00+00:00
9ccef3cb3e237ce9,FR15ABOM210822013,train,OK,,0.8962,1,0.39832345,0.52375257,0.42201123,0.18057987,0.00058404,0.12889552,0.00000000,0.47206822,0.0971,2026-09-03T09:26:00+00:00
d805cf44794c655d,15L2021-1748,train,OK,,0.1797,1,0.42566499,0.56987250,0.46613801,0.17432822,0.04234492,0.09730529,0.00187190,0.49284956,0.0923,2026-09-03T09:26:00+00:00
02eebc22c0df70fa,NoName15,train,OK,,0.8752,1,0.35362232,0.51117516,0.40254647,0.16823548,0.01674891,0.07038973,0.00000000,0.41332945,0.0914,2026-09-03T09:26:00+00:00
874ba9b484d35df6,FR15ABOM150720008,train,OK,,0.8522,2,0.46790150,0.54973602,0.50452447,0.17026144,0.10256773,0.10129672,0.06594481,0.48077130,0.0890,2026-09-03T09:26:00+00:00
b24667201bec2f38,NoName14,train,OK,,0.1180,1,0.42427969,0.55202514,0.47815159,0.14812313,0.05010998,0.04668606,0.00000000,0.45058808,0.0904,2026-09-03T09:26:00+00:00
835cb5275fb46018,FR15ABOM210821107,train,OK,,0.9099,1,0.37475160,0.57947999,0.42460310,0.20018391,0.01146878,0.10368074,0.00000000,0.48297679,0.0888,2026-09-03T09:26:00+00:00
913c4f010eb67e35,FR15ABOM210821100,train,OK,,0.7412,1,0.38582906,0.53821927,0.42346898,0.18943653,0.00822801,0.10981738,0.00000000,0.45860013,0.0882,2026-09-03T09:26:01+00:00
f42811624f4e024a,2019.02188,train,OK,,0.9110,2,0.42867729,0.46862301,0.43769667,0.31737956,0.18399765,0.29041299,0.17497833,0.44165644,0.0823,2026-09-03T09:26:01+00:00
127c09a32a5ad2c7,POLLINIS4393,train,OK,,0.5128,1,0.54485148,0.53008866,0.54664451,0.39203587,0.32200012,0.38684884,0.32020703,0.52490163,0.0898,2026-09-03T09:26:01+00:00
89e52ed4b7024ef9,ABAURA8240b,train,OK,,0.9586,1,0.45143411,0.45630044,0.45302263,0.33516768,0.23665249,0.33012339,0.23506403,0.45125616,0.0889,2026-09-03T09:26:01+00:00
93ce4fdef860b89a,OPPO.2021.03276,train,OK,,0.9272,1,0.48403361,0.45426169,0.49158764,0.27981380,0.22260198,0.25910658,0.21504793,0.43355447,0.0929,2026-09-03T09:26:01+00:00
b870fba9f6a25f2f,2019.00316,train,OK,,0.7931,1,0.37751782,0.38320065,0.38104030,0.23630923,0.15346944,0.22661194,0.14994697,0.37350336,0.0865,2026-09-03T09:26:01+00:00
b90118c8d0d78a89,ABB.2017.20260,train,OK,,0.9496,1,0.45226261,0.51813847,0.45512414,0.38808313,0.22696806,0.37915000,0.22410655,0.50920540,0.0838,2026-09-03T09:26:01+00:00
4b275e1e738c92ee,CD388769,train,OK,,0.4070,3,0.52846879,0.53629315,0.52945668,0.37974754,0.31603423,0.37735680,0.31504637,0.53390241,0.0916,2026-09-03T09:26:01+00:00
2f8bb29cbfee6b73,2019.02167,train,OK,,0.9131,1,0.39587986,0.43160471,0.40579849,0.28745720,0.15561730,0.25687033,0.14569864,0.40101784,0.0867,2026-09-03T09:26:01+00:00
5ef0019c64766344,ABAURA8240,train,OK,,0.9700,1,0.47262257,0.47989085,0.47296333,0.36876562,0.26440907,0.36762926,0.26406834,0.47875449,0.0848,2026-09-03T09:26:01+00:00
5d36a1dc6c40a196,CD387770,train,OK,,0.9378,1,0.49635899,0.44968963,0.49659300,0.29335746,0.22928859,0.29264617,0.22905459,0.44897836,0.0810,2026-09-03T09:26:01+00:00
5b200b75419ef06b,ABAURA8239,train,OK,,0.9210,1,0.52166671,0.47627023,0.52068347,0.31686085,0.25702626,0.31975022,0.25800946,0.47915959,0.0818,2026-09-03T09:26:01+00:00
13cde92b414e9568,N407,train,OK,,0.9261,1,0.40606916,0.43502831,0.39989141,0.26773348,0.12864114,0.28554076,0.13481893,0.45283556,0.0860,2026-09-03T09:26:02+00:00
81b5edfb69b7813c,ABAURA8239b,train,OK,,0.9346,1,0.44706881,0.46038187,0.44936529,0.31489682,0.20152348,0.30792934,0.19922702,0.45341438,0.0843,2026-09-03T09:26:02+00:00
46494972c33dbe67,ABAURA8240c,train,OK,,0.9207,2,0.43509808,0.49798232,0.44742277,0.33950594,0.20066938,0.30537030,0.18834466,0.46384668,0.0819,2026-09-03T09:26:02+00:00
35dbe06fe53cb49c,ABAURA4926,train,OK,,0.9750,1,0.49338660,0.51794571,0.49483660,0.33643582,0.23207898,0.33270881,0.23062897,0.51421869,0.0820,2026-09-03T09:26:02+00:00
8405b05d9d266ae0,ABAURA7153,train,OK,,0.8939,2,0.54551208,0.49549076,0.54439801,0.35837200,0.31877610,0.36162525,0.31989017,0.49874398,0.0838,2026-09-03T09:26:02+00:00
4d6e0692e097a8a0,ABAURA7548,train,OK,,0.3512,1,0.43480840,0.45015338,0.44074318,0.30676776,0.20874111,0.28968796,0.20280640,0.43307358,0.0827,2026-09-03T09:26:02+00:00
9a3cd449b2aa6b8c,CEN187839,train,OK,,0.9692,1,0.46693161,0.50956589,0.46967229,0.38546345,0.27660909,0.37788787,0.27386835,0.50199032,0.0813,2026-09-03T09:26:02+00:00
89946f269e8b7dc9,ABAURA4898,train,OK,,0.9676,1,0.40253711,0.44204631,0.40305364,0.34290847,0.23461081,0.34134611,0.23409423,0.44048396,0.0843,2026-09-03T09:26:02+00:00
0c20ae7846435f1d,ABAURA8228,train,OK,,0.9201,1,0.33677605,0.45131969,0.34011382,0.29776606,0.08215389,0.28779146,0.07881611,0.44134510,0.0819,2026-09-03T09:26:02+00:00
3b53ad332acaa266,N205,train,OK,,0.2529,1,0.47883287,0.45603770,0.49169585,0.28228563,0.21889938,0.24638289,0.20603642,0.42013493,0.0800,2026-09-03T09:26:02+00:00
02f4b620e0055337,NoName1,train,OK,,0.9662,1,0.54654086,0.54474616,0.54994321,0.48264447,0.44654194,0.47254026,0.44313958,0.53464192,0.1106,2026-09-03T09:26:02+00:00
ee48575111b209bb,2019.02118,train,OK,,0.9511,1,0.54948592,0.55832791,0.55158633,0.50033778,0.46066883,0.49446437,0.45856845,0.55245447,0.1109,2026-09-03T09:26:03+00:00
c779f73a0c9a877f,2019.01788,train,OK,,0.9559,1,0.55123532,0.54928309,0.55159593,0.48696768,0.45011601,0.48592034,0.44975543,0.54823571,0.1104,2026-09-03T09:26:03+00:00
f70e86c1fd31489e,ABAURA7155,train,OK,,0.9362,2,0.54530454,0.56280476,0.54732144,0.50312757,0.45041633,0.49728584,0.44839939,0.55696309,0.1100,2026-09-03T09:26:03+00:00
42bf3a8bcdba75dc,ABAURA8201,train,OK,,0.9571,1,0.56079888,0.54717845,0.56321865,0.48354200,0.45217374,0.47601056,0.44975397,0.53964704,0.1086,2026-09-03T09:26:03+00:00
54c9b09d1872646e,2019.02184,train,OK,,0.9434,1,0.55060083,0.55549031,0.55265272,0.49178299,0.44896901,0.48582664,0.44691712,0.54953402,0.1133,2026-09-03T09:26:03+00:00
efa6e0c1b3e3d432,D264520,train,OK,,0.9328,1,0.54584569,0.52952015,0.54722011,0.47224006,0.45800778,0.46842194,0.45663336,0.52570200,0.1162,2026-09-03T09:26:03+00:00
74fd3bdda28e9f50,ABAURA57210,train,OK,,0.9256,1,0.54857612,0.53397381,0.55087781,0.47231331,0.44249466,0.46509692,0.44019291,0.52675742,0.1146,2026-09-03T09:26:03+00:00
304e58a40cd337e4,CD388229,train,OK,,0.9218,1,0.54928696,0.52652645,0.55380201,0.37509009,0.27495360,0.36031854,0.27043855,0.51175487,0.0855,2026-09-03T09:26:03+00:00
537d713195ee6005,ABAURA8233,train,OK,,0.9722,1,0.45045665,0.39153346,0.45227537,0.26913455,0.23540395,0.26339754,0.23358530,0.38579646,0.0854,2026-09-03T09:26:03+00:00
4b4e1d2b57237e07,2020.03926,train,OK,,0.9623,1,0.55831063,0.45520195,0.56953096,0.27846664,0.27963886,0.24568526,0.26841846,0.42242056,0.0834,2026-09-03T09:26:03+00:00
c3e3f56fb2404de3,2019.02175,train,OK,,0.8493,1,0.43177977,0.47942147,0.43352488,0.32972229,0.18635687,0.32460496,0.18461177,0.47430414,0.0850,2026-09-03T09:26:04+00:00
fddc68e78f223c4e,N384,train,OK,,0.9285,1,0.51496506,0.46169618,0.52370554,0.30165583,0.22784624,0.27301556,0.21910571,0.43305591,0.0843,2026-09-03T09:26:04+00:00
7c0cca821f46d365,ABAURA8747,train,OK,,0.8380,2,0.43864423,0.37156358,0.44027501,0.22133760,0.18281463,0.21637453,0.18118386,0.36660051,0.0876,2026-09-03T09:26:04+00:00
7617310a87115324,2019.02059,train,OK,,0.9654,1,0.41283295,0.46473667,0.41725940,0.31078967,0.16695653,0.29798758,0.16253005,0.45193458,0.0861,2026-09-03T09:26:04+00:00
0d889f40fa390da5,2020.00301,train,OK,,0.8529,1,0.48781240,0.41470739,0.48577991,0.28195769,0.25689083,0.28818774,0.25892332,0.42093745,0.0828,2026-09-03T09:26:04+00:00
a00cb064c31581b3,2019.02080,train,OK,,0.9273,1,0.44104284,0.36202177,0.44457960,0.23052323,0.22011912,0.21979067,0.21658237,0.35128921,0.0813,2026-09-03T09:26:04+00:00
7d879d9eb4e41131,CD388230b,train,OK,,0.9260,1,0.50018275,0.45087600,0.49780375,0.32520783,0.26940346,0.33290657,0.27178243,0.45857474,0.0863,2026-09-03T09:26:04+00:00
0fe9c1e253a95923,N815,train,OK,,0.9778,1,0.46370196,0.36881912,0.45805469,0.20272771,0.19437332,0.21868037,0.20002058,0.38477176,0.0809,2026-09-03T09:26:04+00:00
2193cff42f43e868,2019.02073,train,OK,,0.9271,1,0.47177663,0.42993179,0.47429737,0.27412730,0.21125694,0.26655695,0.20873618,0.42236140,0.0837,2026-09-03T09:26:04+00:00
4d85fb9b02def419,N385,train,OK,,0.9754,1,0.49830043,0.51293004,0.50046289,0.34415969,0.21700552,0.33770302,0.21484311,0.50647336,0.0823,2026-09-03T09:26:04+00:00
6aaa45108cab0dfd,2013.0265,train,OK,,0.8710,1,0.44141951,0.44588479,0.44590437,0.29367149,0.21989211,0.28181994,0.21540727,0.43403327,0.0841,2026-09-03T09:26:04+00:00
42ba7d43a51b1c42,AGR.2016.1415,train,OK,,0.9469,2,0.50828493,0.45916095,0.51382411,0.28764394,0.26350823,0.27327222,0.25796902,0.44478926,0.0824,2026-09-03T09:26:04+00:00
3ff3bea79a5d732d,2007.0008,train,OK,,0.8340,1,0.40850544,0.38597012,0.41181865,0.25422513,0.18771116,0.24419978,0.18439794,0.37594473,0.0824,2026-09-03T09:26:05+00:00
55ebecdaea627112,CD388861,train,OK,,0.8546,2,0.45803738,0.47591290,0.46079540,0.32500124,0.20398986,0.31666189,0.20123179,0.46757358,0.0842,2026-09-03T09:26:05+00:00
9c6df7d6072ce5de,CD388230,train,OK,,0.9851,1,0.53680992,0.59316492,0.54697287,0.40924865,0.23684183,0.37883803,0.22667889,0.56275433,0.0853,2026-09-03T09:26:05+00:00
842d22d52f3b02d6,ABAURA8238,train,OK,,0.5848,1,0.46169329,0.40349680,0.47170582,0.27660027,0.20385496,0.23891804,0.19384244,0.36581457,0.0844,2026-09-03T09:26:05+00:00
1eff9845b08d9b0f,POLLINIS4351,train,OK,,0.9655,1,0.43587115,0.45687047,0.43525434,0.33131930,0.22842205,0.33312589,0.22903891,0.45867705,0.0846,2026-09-03T09:26:05+00:00
63ba1065ff892e90,ABAURA8607,train,OK,,0.9516,1,0.43635285,0.47336686,0.44141680,0.32330367,0.16871966,0.30696157,0.16365568,0.45702475,0.0840,2026-09-03T09:26:05+00:00
3708629f9f18f3d4,N628,train,OK,,0.9090,1,0.41088548,0.47286031,0.42411706,0.32236296,0.18700466,0.28522959,0.17377307,0.43572694,0.0813,2026-09-03T09:26:05+00:00
be8e3546094ea62a,ABAURA8764,train,OK,,0.8719,3,0.55453759,0.47440377,0.55822539,0.33805948,0.33659714,0.32740259,0.33290935,0.46374688,0.0833,2026-09-03T09:26:05+00:00
49c39e9379ec3e71,N126,train,OK,,0.9312,1,0.60673302,0.56716174,0.62269634,0.39913085,0.33806604,0.35105869,0.32210273,0.51908958,0.0791,2026-09-03T09:26:05+00:00
970fde072567a9b1,FR04ABOM220722089,train,OK,,0.8883,1,0.62738091,0.60184640,0.63470095,0.40274167,0.30782387,0.38137716,0.30050382,0.58048189,0.1416,2026-09-03T09:26:05+00:00
753050243f266b43,FR04ABOM220722092,train,OK,,0.9234,1,0.63600880,0.55683595,0.63485235,0.41345641,0.38517180,0.41703671,0.38632831,0.56041628,0.1456,2026-09-03T09:26:06+00:00
6ed883c199116c26,FR73ABOM120722021,train,OK,,0.8198,1,0.62350529,0.54667181,0.62490237,0.40857884,0.39639616,0.40446901,0.39499909,0.54256201,0.1519,2026-09-03T09:26:06+00:00
79834c1fd58c6195,FR73ABOM120722042,train,OK,,0.9511,1,0.60503531,0.55520588,0.60454714,0.42404804,0.38341579,0.42551121,0.38390392,0.55666906,0.1451,2026-09-03T09:26:06+00:00
9862b7d851abcc80,FR73ABOM200722041,train,FAILED,no_detection,,0,,,,,,,,,0.1439,2026-09-03T09:26:06+00:00
68dee5762500e02e,CD388623e,train,OK,,0.7010,2,0.44878325,0.43603256,0.44944656,0.29657161,0.22579221,0.29467699,0.22512890,0.43413794,0.1041,2026-09-03T09:26:06+00:00
f26bca0a30ed5d84,FR73ABOM130722006,train,OK,,0.9422,1,0.59961545,0.55509979,0.59914130,0.42401099,0.37316698,0.42546400,0.37364110,0.55655277,0.1705,2026-09-03T09:26:06+00:00
8ce0e4b5d83759a4,ABAURA8240d,train,OK,,0.9242,2,0.42742428,0.37998500,0.42803365,0.23853782,0.15821607,0.23647390,0.15760668,0.37792110,0.0988,2026-09-03T09:26:06+00:00
536d6ed69e2deb97,ABAURA8228b,train,OK,,0.9521,1,0.44191915,0.47617707,0.44064778,0.34603059,0.21775459,0.34991288,0.21902592,0.48005936,0.0902,2026-09-03T09:26:06+00:00
bad35adae20298a0,FR73ABOM200722034,train,OK,,0.9349,1,0.63185233,0.55999267,0.63264692,0.41035962,0.37917650,0.40796673,0.37838188,0.55759978,0.1517,2026-09-03T09:26:07+00:00
276e83d7d067f0ce,FR73ABOM200722038,train,OK,,0.9092,1,0.62092876,0.55803716,0.62307101,0.41344661,0.36809266,0.40673044,0.36595035,0.55132097,0.1453,2026-09-03T09:26:07+00:00
60c0780e8ead0697,FR73ABOM120722103,train,OK,,0.8736,1,0.63075614,0.56529707,0.63243783,0.41039073,0.36630243,0.40525433,0.36462077,0.56016070,0.1421,2026-09-03T09:26:07+00:00
558ee31b272a3e7b,FR73ABOM130722004,train,OK,,0.9213,1,0.63881868,0.58122468,0.64133400,0.43979695,0.39278477,0.43193835,0.39026949,0.57336599,0.1481,2026-09-03T09:26:07+00:00
e7de34520d0a1d14,FR73ABOM140722039,train,OK,,0.9405,1,0.63040876,0.55787283,0.62849110,0.41121358,0.37677675,0.41706505,0.37869447,0.56372434,0.1485,2026-09-03T09:26:07+00:00
6b145a707d3bfe93,FR73ABOM130722046,train,OK,,0.9168,1,0.61024457,0.55609882,0.61419404,0.41290030,0.36971831,0.40091324,0.36576885,0.54411173,0.1449,2026-09-03T09:26:07+00:00
6cb9207e841f5b18,FR73ABOM200722040,train,OK,,0.5223,2,0.62401140,0.55772328,0.62272364,0.41744202,0.38883084,0.42125919,0.39011866,0.56154042,0.1447,2026-09-03T09:26:07+00:00
8de06932b0ba830e,ABAURA8206,train,OK,,0.7793,2,0.47747940,0.45109636,0.47882682,0.30702597,0.21460664,0.30263528,0.21325922,0.44670567,0.0864,2026-09-03T09:26:08+00:00
5a5efd17a2622447,FR73ABOM130722027,train,OK,,0.9291,2,0.63531458,0.56357521,0.63379675,0.42238274,0.38374120,0.42716178,0.38525909,0.56835425,0.1443,2026-09-03T09:26:08+00:00
208c787ce97a2e8e,FR73ABOM200722039,train,OK,,0.9421,2,0.61816829,0.54273593,0.61702627,0.40022147,0.35880679,0.40389991,0.35994878,0.54641438,0.1447,2026-09-03T09:26:08+00:00
8a73c15b67d769dd,FR04ABOM220722031,train,OK,,0.8293,2,0.62146574,0.53543329,0.62052703,0.39709255,0.38154858,0.39997539,0.38248730,0.53831613,0.1396,2026-09-03T09:26:08+00:00
deb7b3acbd50660f,CD388861b,train,OK,,0.9594,1,0.43758604,0.46134433,0.43873399,0.36248910,0.24564171,0.35849708,0.24449377,0.45735231,0.0853,2026-09-03T09:26:08+00:00
d4661d90b2c2b5c4,FR73ABOM130722005,train,OK,,0.9126,1,0.62148654,0.55619097,0.61999118,0.40799525,0.38037935,0.41229361,0.38187471,0.56048930,0.1459,2026-09-03T09:26:08+00:00
2aa0edf2f211988d,FR73ABOM200722037,train,OK,,0.9333,1,0.61351389,0.55949301,0.61246586,0.43324667,0.38597775,0.43658930,0.38702577,0.56283563,0.1438,2026-09-03T09:26:08+00:00
5fb28490ce2fcf96,ABAURA8212,train,OK,,0.9298,1,0.44024292,0.43580857,0.44177005,0.31071550,0.20774241,0.30563352,0.20621528,0.43072656,0.0849,2026-09-03T09:26:08+00:00
ef6eda02d790d8d0,FR04ABOM220722061,train,OK,,0.9221,1,0.62722403,0.57628691,0.63064712,0.43002707,0.37787995,0.41951010,0.37445685,0.56576991,0.1431,2026-09-03T09:26:09+00:00
568dd869160c4c36,FR73ABOM130722063,train,OK,,0.9035,1,0.62333524,0.55872893,0.62471336,0.41544187,0.37683061,0.41120356,0.37545249,0.55449063,0.1424,2026-09-03T09:26:09+00:00
fa07f6933c7269dd,2020.03936,train,OK,,0.4886,2,0.62368637,0.56923515,0.62556922,0.42953908,0.39000505,0.42389467,0.38812220,0.56359076,0.1462,2026-09-03T09:26:09+00:00
b560a956ac7a102f,CD388821b,train,OK,,0.8815,2,0.49336511,0.47709531,0.49628779,0.32431278,0.23352805,0.31537670,0.23060536,0.46815923,0.0829,2026-09-03T09:26:09+00:00
0ab7aace9a08d7f1,FR73ABOM130722065,train,OK,,0.9329,1,0.62941861,0.56232083,0.62922084,0.41589838,0.37015423,0.41652036,0.37035200,0.56294286,0.1423,2026-09-03T09:26:09+00:00
6ab1330ba20e66b4,FR73ABOM130722018,train,OK,,0.9522,1,0.63822156,0.56844735,0.63927251,0.41492006,0.37902910,0.41175315,0.37797821,0.56528044,0.1437,2026-09-03T09:26:09+00:00
c5c1095e92123444,FR73ABOM130722030,train,OK,,0.2799,1,0.61993378,0.56570947,0.62073046,0.42088017,0.37132025,0.41844103,0.37052354,0.56327039,0.1461,2026-09-03T09:26:09+00:00
f71ff213f80d0bf8,FR73ABOM120722072,train,OK,,0.5101,2,0.62883651,0.54273891,0.62980586,0.40094244,0.39670438,0.39810947,0.39573503,0.53990591,0.1460,2026-09-03T09:26:10+00:00
949349bacb399a2a,CD388821d,train,OK,,0.7478,2,0.48777974,0.46075746,0.49339569,0.32306248,0.25052273,0.30545250,0.24490680,0.44314748,0.0823,2026-09-03T09:26:10+00:00
f6736c92ae4db2eb,2020.00254,train,OK,,0.9242,1,0.62236500,0.54801154,0.62448466,0.40066430,0.37468392,0.39427575,0.37256423,0.54162300,0.1454,2026-09-03T09:26:10+00:00
4dca7e8b0e1d3936,FR73ABOM200722028,train,OK,,0.9474,1,0.63301152,0.56787002,0.63418847,0.42097768,0.38880119,0.41748255,0.38762432,0.56437486,0.1428,2026-09-03T09:26:10+00:00
c955aaacc2dde60b,FR73ABOM130722067,train,OK,,0.9102,1,0.62298918,0.58217627,0.62428796,0.43659636,0.37233645,0.43260014,0.37103763,0.57818007,0.1463,2026-09-03T09:26:10+00:00
dee0257031455c91,FR73ABOM130722020,train,OK,,0.9104,1,0.62383294,0.57881457,0.62554264,0.42978078,0.36636198,0.42449489,0.36465225,0.57352871,0.1429,2026-09-03T09:26:10+00:00
8375f2bfd3459f92,FR73ABOM130722062,train,OK,,0.8306,1,0.62551141,0.56746650,0.62773609,0.41275761,0.36657611,0.40608135,0.36435142,0.56079024,0.1412,2026-09-03T09:26:10+00:00
1c74833a97e97545,CD388821c,train,OK,,0.9506,1,0.46611720,0.47500595,0.47673908,0.31447852,0.18652090,0.28031868,0.17589901,0.44084612,0.0835,2026-09-03T09:26:10+00:00
dcbd2af986d811c3,FR73ABOM200722019,train,OK,,0.7675,1,0.62192196,0.53766656,0.61768341,0.40082651,0.39300460,0.41319844,0.39724308,0.55003852,0.1461,2026-09-03T09:26:11+00:00
b3639caf3ddf3dca,FR73ABOM120722002,train,OK,,0.9403,1,0.64351165,0.58826113,0.64433855,0.40493780,0.36215869,0.40267509,0.36133179,0.58599842,0.1480,2026-09-03T09:26:11+00:00
37a7207027a8adec,FR73ABOM130722040,train,OK,,0.4409,2,0.61900216,0.55723619,0.61772728,0.42000684,0.38097546,0.42391711,0.38225037,0.56114650,0.1471,2026-09-03T09:26:11+00:00
14e8257475f3d276,FR73ABOM130722007,train,OK,,0.5995,1,0.62534785,0.57013971,0.62685364,0.43129316,0.38526797,0.42663535,0.38376215,0.56548190,0.1479,2026-09-03T09:26:11+00:00
904d5ba12b20a98c,FR73ABOM130722064,train,OK,,0.9394,1,0.63210052,0.56680065,0.63213104,0.42313433,0.37604913,0.42303747,0.37601855,0.56670380,0.1449,2026-09-03T09:26:11+00:00
cef5edace93bae09,FR73ABOM130722021,train,OK,,0.9055,1,0.61827689,0.56785053,0.61912900,0.41581452,0.35910931,0.41322365,0.35825720,0.56525970,0.1410,2026-09-03T09:26:11+00:00
bc837c5c536d0f37,FR73ABOM130722066,train,OK,,0.8833,1,0.62248242,0.55246097,0.62280315,0.41162327,0.38420364,0.41065735,0.38388294,0.55149502,0.1431,2026-09-03T09:26:11+00:00
63678a52fde73929,FR73ABOM130722009,train,OK,,0.9057,1,0.62214154,0.57884938,0.62456185,0.42896485,0.36643276,0.42155468,0.36401242,0.57143927,0.1449,2026-09-03T09:26:12+00:00
f121964e05160221,FR73ABOM200722029,train,OK,,0.8719,1,0.62414694,0.56571275,0.62567282,0.42008477,0.38604745,0.41562125,0.38452160,0.56124926,0.1453,2026-09-03T09:26:12+00:00
ee197cdadbd4e695,ABAURA8885f,train,OK,,0.9513,1,0.54469216,0.51839167,0.54732406,0.46359339,0.45644614,0.45583364,0.45381421,0.51063192,0.1399,2026-09-03T09:26:12+00:00
75c500bdb7c8a50f,ABAURA7163,train,OK,,0.9370,1,0.54740590,0.52829975,0.55032694,0.47280374,0.45858198,0.46421888,0.45566091,0.51971489,0.1398,2026-09-03T09:26:12+00:00
63b62392223dee89,ABAURA8885e,train,OK,,0.9403,1,0.55159098,0.49411973,0.55309355,0.43504038,0.45608431,0.43065417,0.45458171,0.48973352,0.1418,2026-09-03T09:26:12+00:00
376d74c2ab1a0a98,ABAURA8150c,train,OK,,0.9450,1,0.56241053,0.50391364,0.56594515,0.44802609,0.47487420,0.43778649,0.47133958,0.49367404,0.1395,2026-09-03T09:26:12+00:00
7e2dafde6c4633a9,ABAURA7150,train,OK,,0.9528,1,0.56232816,0.51301533,0.56306535,0.45813102,0.47424456,0.45600992,0.47350731,0.51089424,0.1405,2026-09-03T09:26:12+00:00
ac8b4b9c4cddd228,POLLINIS4455,train,FAILED,no_detection,,0,,,,,,,,,0.0885,2026-09-03T09:26:12+00:00
d3c23fde07d656e9,VAN-2019.00795,train,OK,,0.6503,1,0.39141485,0.41104233,0.41599247,0.15559310,0.01203212,0.08656530,0.00000000,0.34201455,0.0797,2026-09-03T09:26:13+00:00
b70661838db2b7f6,D264515,train,OK,,0.6348,1,0.41805121,0.51875341,0.43174180,0.15944102,0.01568100,0.13128409,0.00199038,0.49059647,0.0865,2026-09-03T09:26:13+00:00
628b63ecf2322f0d,ABAURA4936,train,OK,,0.1450,1,0.39426920,0.43163067,0.41164917,0.10764351,0.01356248,0.06965574,0.00000000,0.39364287,0.0859,2026-09-03T09:26:13+00:00
d3c4024dfbc8614b,ABAURA4923,train,OK,,0.8321,1,0.39314702,0.43409505,0.41495582,0.14841017,0.01078070,0.09355812,0.00000000,0.37924302,0.0785,2026-09-03T09:26:13+00:00
c0601432bb229806,ABAURA4915,train,OK,,0.9179,1,0.38284847,0.44221610,0.41157541,0.15144615,0.01208523,0.08128081,0.00000000,0.37205079,0.0779,2026-09-03T09:26:13+00:00
e422a5af4a9433e7,ABAURA8606,train,OK,,0.3055,1,0.38871959,0.42705762,0.41833338,0.12165951,0.02700729,0.05445758,0.00000000,0.35985568,0.0790,2026-09-03T09:26:13+00:00
55b0dae91d656b90,CD387313,train,OK,,0.8957,1,0.36638480,0.47991872,0.39457250,0.16765597,0.00676201,0.10511591,0.00000000,0.41737863,0.0786,2026-09-03T09:26:13+00:00
9344e9115a3d927c,ABAURA8205b,train,OK,,0.9481,1,0.37480423,0.47866839,0.40811038,0.14926261,0.01222906,0.07810255,0.00000000,0.40750831,0.0792,2026-09-03T09:26:13+00:00
0b09250a0a4254d6,ABAURA8205c,train,OK,,0.6373,1,0.39003137,0.43746597,0.43128780,0.14009146,0.03159555,0.04160848,0.00000000,0.33898297,0.0777,2026-09-03T09:26:13+00:00
7c0b26d46cf2c2df,POLLINIS4402,train,OK,,0.8297,2,0.36108389,0.49554163,0.38095173,0.17803200,0.00135187,0.13584536,0.00000000,0.45335501,0.0791,2026-09-03T09:26:13+00:00
d80d61b3f387a114,ABAURA4904,train,OK,,0.9204,1,0.38186237,0.53208834,0.41946721,0.20427053,0.01606664,0.12192191,0.00000000,0.44973972,0.0793,2026-09-03T09:26:13+00:00
540acda149407478,ABAURA4902,train,OK,,0.9609,1,0.36092615,0.48102760,0.39545652,0.17261784,0.01156024,0.09628098,0.00000000,0.40469077,0.0785,2026-09-03T09:26:13+00:00
283aeea6c54e375c,ABB-2020.00038,train,OK,,0.9212,2,0.38549078,0.52530909,0.41300902,0.14306119,0.00000000,0.09006777,0.00000000,0.47231570,0.0864,2026-09-03T09:26:14+00:00
eef6cd510b8c8d04,2020.00377,train,OK,,0.7762,2,0.35399356,0.46354097,0.37732473,0.13050084,0.00000000,0.08270217,0.00000000,0.41574231,0.0798,2026-09-03T09:26:14+00:00
415b684e00ba2b66,CD387766b,train,OK,,0.9126,1,0.38274556,0.45200118,0.41428170,0.13915247,0.01343563,0.06731859,0.00000000,0.38016731,0.0778,2026-09-03T09:26:14+00:00
ce731804d06f7a67,ABAURA8150b,train,OK,,0.8924,2,0.36851844,0.55212379,0.39558202,0.15484157,0.00000000,0.10618922,0.00000000,0.50347149,0.0788,2026-09-03T09:26:14+00:00
e4c6a8c0abcf868a,ABAURA4928,train,OK,,0.9718,1,0.36002079,0.48457292,0.38101986,0.18042259,0.00560791,0.13437255,0.00000000,0.43852285,0.0871,2026-09-03T09:26:14+00:00
3f0e311150ca8191,ABAURA8205,train,OK,,0.8644,1,0.38356844,0.43000200,0.41239771,0.12319658,0.00877895,0.05590126,0.00000000,0.36270669,0.0805,2026-09-03T09:26:14+00:00
1952402d502178fd,ABAURA4923b,train,OK,,0.7847,2,0.40237573,0.48785982,0.46039894,0.13687456,0.04256711,0.01403900,0.00000000,0.36502424,0.0865,2026-09-03T09:26:14+00:00
d2be479349d29baa,FR05ABOM220722024,train,OK,,0.9281,2,0.38790348,0.49785906,0.41087675,0.15930709,0.00308997,0.11006879,0.00000000,0.44862077,0.0874,2026-09-03T09:26:14+00:00
cc2d85c55aacd5b1,FR05ABOM220722023,train,OK,,0.9153,1,0.38537502,0.50294018,0.38874552,0.17421107,0.00000000,0.16697438,0.00000000,0.49570349,0.0858,2026-09-03T09:26:14+00:00
53d810b45feef262,FR05ABOM220722025,train,OK,,0.8954,2,0.37890285,0.53208286,0.41139209,0.11242203,0.00000000,0.05521450,0.00000000,0.47487536,0.0868,2026-09-03T09:26:14+00:00
0bcfa413960ec94a,FR04ABOM220722054,train,OK,,0.8438,1,0.42058238,0.47661248,0.44115740,0.13150792,0.01609253,0.08641396,0.00000000,0.43151852,0.0868,2026-09-03T09:26:14+00:00
1bcba009be094cb2,FR73ABOM120722025,train,OK,,0.8242,1,0.40057638,0.47674441,0.43206817,0.17682058,0.03612975,0.10293445,0.00463792,0.40285826,0.0862,2026-09-03T09:26:14+00:00
91a4e0e5796070bf,FR04ABOM220722055,train,OK,,0.9033,2,0.39952767,0.49907115,0.41781971,0.15655133,0.00018481,0.11688869,0.00000000,0.45940852,0.0874,2026-09-03T09:26:15+00:00
28182d510ab5b500,ABAURA8852,train,OK,,0.9355,1,0.38238850,0.55267167,0.42355394,0.23932241,0.01574439,0.14314578,0.00000000,0.45649505,0.0777,2026-09-03T09:26:15+00:00
3bfca735c99e34b9,FR05ABOM220722028,train,OK,,0.5881,1,0.40662834,0.45033610,0.40218079,0.12418478,0.00000000,0.13411866,0.00000000,0.46026999,0.0877,2026-09-03T09:26:15+00:00
ed6461b9013e8cf2,ABAURA8885b,train,OK,,0.9148,5,0.34511855,0.87760961,0.39268297,0.54096985,0.00934735,0.44485816,0.00000000,0.78149796,0.0852,2026-09-03T09:26:15+00:00
44d3abab7f3725cb,ABAURA8885d,train,OK,,0.8812,1,0.38750547,0.46315861,0.42175165,0.18737406,0.01136644,0.09642333,0.00000000,0.37220788,0.0790,2026-09-03T09:26:15+00:00
d2b81ddf68d8c1ae,ABAURA8885c,train,OK,,0.5648,2,0.37211749,0.43254009,0.42004600,0.16041714,0.02304594,0.03575845,0.00000000,0.30788139,0.0805,2026-09-03T09:26:15+00:00
863ba578bb4b7559,ABAURA8595,train,OK,,0.7054,2,0.38678238,0.43480718,0.41644460,0.15345809,0.01302242,0.07770313,0.00000000,0.35905221,0.0789,2026-09-03T09:26:15+00:00
b2521710042a8c57,FR04ABOM220722057,train,OK,,0.9324,2,0.39596766,0.45679370,0.41186103,0.14959480,0.00000000,0.11152098,0.00000000,0.41871986,0.0877,2026-09-03T09:26:15+00:00
a1abaab880c514c7,FR04ABOM220722050,train,OK,,0.3043,1,0.40306145,0.44363984,0.40493035,0.12036006,0.00000000,0.11615095,0.00000000,0.43943071,0.0873,2026-09-03T09:26:15+00:00
4a624820aa05cb0e,FR04ABOM220722051,train,OK,,0.9196,1,0.38192984,0.49164292,0.40619248,0.16046247,0.00318253,0.10797367,0.00000000,0.43915418,0.0861,2026-09-03T09:26:15+00:00
91c5e803fafc7ba3,CD388018,train,OK,,0.8514,1,0.41348574,0.47521198,0.45547608,0.15437415,0.03891321,0.05735981,0.00000000,0.37819764,0.0793,2026-09-03T09:26:15+00:00
8b42e5d9bce9444d,ABAURA8204,train,OK,,0.7404,1,0.38320833,0.45030114,0.41796270,0.14169346,0.01662365,0.06142388,0.00000000,0.37003157,0.0792,2026-09-03T09:26:15+00:00
91e68499d152516a,CD388018b,train,OK,,0.1045,1,0.43413761,0.48955643,0.47780383,0.11164332,0.05378984,0.02462984,0.01012360,0.40254295,0.0794,2026-09-03T09:26:16+00:00
8dc8a0af16c49cbd,ABAURA8602,train,OK,,0.8473,7,0.37696910,0.80356687,0.42494363,0.50639266,0.03135071,0.39343274,0.00000000,0.69060695,0.0795,2026-09-03T09:26:16+00:00
cdb5ea208fb8ae9e,ATBI_GR5,train,OK,,0.7044,1,0.43586317,0.49230790,0.48558632,0.12904866,0.08396226,0.03131609,0.03423908,0.39457533,0.0792,2026-09-03T09:26:16+00:00
5ce8ecfcd1b8de92,FR15ABOM100721031,train,FAILED,no_detection,,0,,,,,,,,,0.0897,2026-09-03T09:26:16+00:00
7d348d8b3de71a53,FR15ABOM100721030,train,FAILED,no_detection,,0,,,,,,,,,0.0927,2026-09-03T09:26:16+00:00
b82359bd7da56999,FR15ABOM210821077,train,FAILED,no_detection,,0,,,,,,,,,0.0886,2026-09-03T09:26:16+00:00
7a9a2df58f3d2bd1,RuppSupp1,train,OK,,0.6063,1,0.36930889,0.57814074,0.36926821,0.23556201,0.00016675,0.23564002,0.00020745,0.57821870,0.0873,2026-09-03T09:26:16+00:00
32b742f8affbc063,FR15ABOM120621015,train,FAILED,no_detection,,0,,,,,,,,,0.0867,2026-09-03T09:26:16+00:00
5bc870c4d75e799d,FR15ABOM130621006,train,FAILED,no_detection,,0,,,,,,,,,0.0890,2026-09-03T09:26:16+00:00
675b6a47aed2897b,FR15ABOM100721032,train,FAILED,no_detection,,0,,,,,,,,,0.0872,2026-09-03T09:26:16+00:00
a8cfe9989da43fac,UBC-2014.0001,train,FAILED,no_detection,,0,,,,,,,,,0.0796,2026-09-03T09:26:16+00:00
ebeb63193890d89c,FR15ABOM310520005,train,FAILED,no_detection,,0,,,,,,,,,0.0861,2026-09-03T09:26:16+00:00
30367f42c0128bbf,FR15ABOO0712002,train,OK,,0.6174,1,0.35270411,0.60773265,0.36834267,0.25414658,0.00821497,0.22583038,0.00000000,0.57941645,0.0882,2026-09-03T09:26:17+00:00
2f41a2a01bbb639d,FR15ABOM110721013,train,FAILED,no_detection,,0,,,,,,,,,0.0880,2026-09-03T09:26:17+00:00
e8655fe97b9f41f1,FR15ABOM200821156,train,FAILED,no_detection,,0,,,,,,,,,0.0883,2026-09-03T09:26:17+00:00
420f72281e840978,VAN-2019.00824,train,OK,,0.8824,1,0.34463432,0.63244337,0.39669958,0.21604297,0.00000000,0.12696987,0.00000000,0.54337031,0.0772,2026-09-03T09:26:17+00:00
7b386027308f998d,15L2021-1514,train,OK,,0.9025,1,0.39180827,0.48603150,0.41668400,0.12969546,0.00000000,0.07789247,0.00000000,0.43422848,0.0875,2026-09-03T09:26:17+00:00
f38ec4d8eb41af16,15L2021-1546,train,OK,,0.7149,2,0.38248500,0.48718807,0.41476518,0.15238321,0.00460765,0.08210157,0.00000000,0.41690645,0.0863,2026-09-03T09:26:17+00:00
38672cbb1c378cc5,VAN-2019.00822,train,OK,,0.7532,2,0.31962922,0.49511978,0.36181796,0.15549226,0.00266879,0.07604075,0.00000000,0.41566828,0.0784,2026-09-03T09:26:17+00:00
b7c916b211762deb,VAN-2019.00814,train,OK,,0.4847,1,0.49767020,0.59377509,0.53638583,0.16099523,0.09744302,0.09118732,0.05872739,0.52396715,0.0809,2026-09-03T09:26:17+00:00
25ccea3b24124728,VAN-2019.00849,train,OK,,0.7744,2,0.44442907,0.53711581,0.49926949,0.13143185,0.04762093,0.02289163,0.00000000,0.42857558,0.0802,2026-09-03T09:26:17+00:00
35bec2b8945f66eb,15L2021-1758,train,OK,,0.9290,2,0.36013049,0.47171763,0.39075711,0.14985262,0.00000000,0.08376421,0.00000000,0.40562922,0.0905,2026-09-03T09:26:17+00:00
51b0d6c3440e23b0,2020.06244,train,OK,,0.2408,1,0.35942158,0.48287529,0.39871034,0.12180886,0.00000000,0.04415812,0.00000000,0.40522456,0.0805,2026-09-03T09:26:17+00:00
07cfd4a6bcee88e2,2020.06243,train,OK,,0.9183,3,0.33932322,0.52818322,0.38538134,0.21945716,0.00392045,0.11793479,0.00000000,0.42666084,0.0792,2026-09-03T09:26:17+00:00
244aec13fa61a948,15L2021-1757,train,OK,,0.8825,1,0.36525506,0.48345825,0.39895076,0.11057493,0.00000000,0.04520355,0.00000000,0.41808683,0.0890,2026-09-03T09:26:18+00:00
9fb132eb77f9c9ef,VAN-2019.00788,train,OK,,0.7498,2,0.37203729,0.44755435,0.38355529,0.13902114,0.00000000,0.11315461,0.00000000,0.42168781,0.0810,2026-09-03T09:26:18+00:00
f014d67d4bfc062c,15L2021-1420,train,OK,,0.8522,2,0.36442626,0.56737238,0.41604495,0.19460338,0.00813031,0.09427598,0.00000000,0.46704498,0.0915,2026-09-03T09:26:18+00:00
84553f4679cbb115,VAN-2019.00787,train,OK,,0.8747,2,0.34306878,0.59024417,0.40792534,0.18174012,0.00449235,0.06767040,0.00000000,0.47617447,0.0801,2026-09-03T09:26:18+00:00
53408197639aeb6d,2020.00471,train,OK,,0.8991,1,0.38573229,0.45290917,0.40719789,0.09794060,0.00000000,0.05348762,0.00000000,0.40845618,0.0816,2026-09-03T09:26:18+00:00
2f53f55cff7b4f8f,15L2021-1499,train,OK,,0.5065,3,0.39665157,0.48115960,0.43265873,0.11474943,0.00000000,0.03917004,0.00000000,0.40558019,0.0884,2026-09-03T09:26:18+00:00
af2394397fd4b238,15L2021-1498,train,OK,,0.4316,2,0.40126896,0.52353036,0.43118742,0.13980396,0.00000000,0.07977883,0.00000000,0.46350524,0.0875,2026-09-03T09:26:18+00:00
8f48d89538a0507c,2020.00470,train,OK,,0.8914,1,0.39415270,0.55935991,0.44344541,0.15213868,0.00776930,0.05838392,0.00000000,0.46560514,0.0792,2026-09-03T09:26:18+00:00
d987d307db8cb55e,VAN-2019.00850,train,OK,,0.5112,4,0.36921194,0.48359168,0.40637007,0.15624923,0.00000000,0.07433204,0.00000000,0.40167448,0.0816,2026-09-03T09:26:18+00:00
40c7defe57cb5ec0,15L2021-1731,train,OK,,0.9010,2,0.38044637,0.46821484,0.41804871,0.10975684,0.00500658,0.03275229,0.00000000,0.39121029,0.0873,2026-09-03T09:26:18+00:00
a055ca9b5f06d5aa,VAN-2019.00785,train,OK,,0.8914,2,0.30044493,0.90150398,0.38210085,0.55892920,0.01836188,0.40425533,0.00000000,0.74683011,0.0767,2026-09-03T09:26:18+00:00
55cf1520eb4cb961,VAN-2019.00783,train,OK,,0.9038,2,0.48159632,0.50186437,0.51196724,0.07475407,0.08192130,0.02039025,0.05155041,0.44750056,0.0786,2026-09-03T09:26:18+00:00
674897b94f549ae1,FR04ABOM220722001,train,OK,,0.9163,1,0.65505129,0.60874188,0.66385573,0.40845436,0.33696875,0.38290852,0.32816437,0.58319604,0.1435,2026-09-03T09:26:19+00:00
9b26debf96b6d33a,ABAURA8208b,train,FAILED,no_detection,,0,,,,,,,,,0.0819,2026-09-03T09:26:19+00:00
c283f8449eaf26bc,ATBI_GR5b,train,OK,,0.9413,1,0.38312912,0.45060757,0.41518787,0.14196320,0.00924596,0.06714693,0.00000000,0.37579128,0.0793,2026-09-03T09:26:19+00:00
7d6c45fe5a9086e8,CD388821e,train,OK,,0.8629,1,0.35870573,0.42695811,0.37525126,0.16045140,0.00352119,0.11946312,0.00000000,0.38596985,0.0794,2026-09-03T09:26:19+00:00
f2992c5560c4775f,CD388865e,train,OK,,0.9450,1,0.37429175,0.43614990,0.39532903,0.14345662,0.00855488,0.09394101,0.00000000,0.38663429,0.0774,2026-09-03T09:26:19+00:00
4169c97aacb527dd,CD388865b,train,OK,,0.9215,1,0.39949563,0.47478756,0.42548966,0.12703556,0.00557943,0.07128812,0.00000000,0.41904011,0.0830,2026-09-03T09:26:19+00:00
2dc7543efc2ca690,ABAURA8238b,train,OK,,0.9125,1,0.40761638,0.47003734,0.44477075,0.17284805,0.03933775,0.08291605,0.00218340,0.38010538,0.0816,2026-09-03T09:26:19+00:00
d9bcdec4ade0d4e5,ABAURA8238e,train,OK,,0.9134,1,0.38018316,0.46074551,0.41500753,0.18085136,0.01408064,0.09225300,0.00000000,0.37214714,0.0821,2026-09-03T09:26:19+00:00
a7a24e12cd702b7a,CD388865c,train,OK,,0.9170,2,0.34882832,0.50296009,0.40344220,0.19402783,0.02156353,0.07412753,0.00000000,0.38305977,0.0793,2026-09-03T09:26:19+00:00
99e1ca9af66087ae,CD388865d,train,OK,,0.9382,1,0.37927881,0.44997290,0.41881725,0.12669030,0.01426341,0.03889694,0.00000000,0.36217952,0.0826,2026-09-03T09:26:19+00:00
08eae80a2cb80ac6,ABAURA8238d,train,FAILED,no_detection,,0,,,,,,,,,0.0792,2026-09-03T09:26:19+00:00
2f6968d37c4b41f7,ABAURA8238c,train,OK,,0.8978,1,0.38040128,0.41771138,0.40008044,0.13397463,0.00923183,0.08582670,0.00000000,0.36956346,0.0786,2026-09-03T09:26:20+00:00
7838b6a4732eb3e2,ABAURA8207,train,OK,,0.5830,1,0.41499633,0.45578736,0.43671229,0.13814260,0.01932445,0.08746311,0.00000000,0.40510789,0.0781,2026-09-03T09:26:20+00:00
59e94a81481e8208,ABAURA8208,train,OK,,0.9133,1,0.36811045,0.42329174,0.39646637,0.14052798,0.01197257,0.07191186,0.00000000,0.35467562,0.0784,2026-09-03T09:26:20+00:00
fa0cbd3b6cf76c3a,CD387770d,train,OK,,0.9179,1,0.36924142,0.51112878,0.41265765,0.18362422,0.01890480,0.09054878,0.00000000,0.41805336,0.0784,2026-09-03T09:26:20+00:00
2dca572e0a593c6a,CD388821f,train,OK,,0.9312,1,0.38057736,0.46580055,0.40806720,0.19560437,0.01232728,0.12373430,0.00000000,0.39393046,0.0789,2026-09-03T09:26:20+00:00
e1934323185cdb24,CD388865,train,OK,,0.9463,1,0.35570508,0.47274712,0.40022609,0.15833335,0.01453710,0.06124258,0.00000000,0.37565637,0.0785,2026-09-03T09:26:20+00:00
af6438b4dfaf7c70,ABAURA8238a,train,OK,,0.6891,2,0.41703939,0.44700894,0.44009399,0.14427595,0.02187156,0.08771063,0.00000000,0.39044359,0.0784,2026-09-03T09:26:20+00:00
92e904bdac773495,ABAURA8203,train,OK,,0.9331,1,0.40250206,0.46708822,0.43089449,0.15919328,0.03117334,0.09378989,0.00278094,0.40168485,0.0830,2026-09-03T09:26:20+00:00
d9889335caabe608,CD388018c,train,OK,,0.9584,1,0.36341602,0.43528610,0.39439085,0.15725219,0.01040686,0.08120172,0.00000000,0.35923564,0.0800,2026-09-03T09:26:20+00:00
332da3ed88b1734f,FR04ABOM220722046,train,OK,,0.8827,1,0.35933164,0.50612938,0.36967173,0.13590887,0.00000000,0.11717448,0.00000000,0.48739499,0.0889,2026-09-03T09:26:20+00:00
a3ab473cb180a70a,FR04ABOM220722047,train,OK,,0.9200,1,0.39214119,0.55176747,0.40783530,0.21492523,0.00000000,0.18087026,0.00000000,0.51771253,0.0886,2026-09-03T09:26:20+00:00
8d95f88a5bf1ef86,FR73ABOM130722003,train,OK,,0.7165,1,0.39164203,0.47050998,0.41631794,0.16056840,0.00525604,0.10245202,0.00000000,0.41239357,0.0884,2026-09-03T09:26:20+00:00
31dd9fc5fdcd7128,FR73ABOM200722031,train,OK,,0.7959,1,0.37771648,0.55405700,0.39968711,0.24447027,0.00477765,0.19461821,0.00000000,0.50420493,0.0875,2026-09-03T09:26:21+00:00
9f5c9757a92232a4,CollecYvan2,train,OK,,0.8963,1,0.39545646,0.44758973,0.40464446,0.10781650,0.00000000,0.08792901,0.00000000,0.42770222,0.0882,2026-09-03T09:26:21+00:00
4f08ac0a47ff9b91,CollecYvan5,train,OK,,0.9401,2,0.38727632,0.51041937,0.40907493,0.21795344,0.00499942,0.16441159,0.00000000,0.45687750,0.0867,2026-09-03T09:26:21+00:00
5de0f3004172d34d,FR73ABOM130722029,train,OK,,0.9433,1,0.37713155,0.50968921,0.40614522,0.17121628,0.00347199,0.10980044,0.00000000,0.44827339,0.0853,2026-09-03T09:26:21+00:00
703bcb6422c25036,CollecYvan4,train,OK,,0.8990,2,0.38926035,0.43787736,0.40522683,0.11936242,0.00000000,0.08319105,0.00000000,0.40170601,0.0931,2026-09-03T09:26:21+00:00
d6869abaab3f578a,FR73ABOM200722030,train,OK,,0.7797,2,0.39327198,0.48617753,0.40942541,0.14486644,0.00000000,0.11029448,0.00000000,0.45160556,0.0875,2026-09-03T09:26:21+00:00
9637708313925f73,CollecYvan3,train,OK,,0.4517,2,0.39225551,0.44761282,0.41039127,0.15660831,0.00382398,0.11158879,0.00000000,0.40259331,0.0870,2026-09-03T09:26:21+00:00
294b6fda2aed57c6,FR05ABOM220722027,train,FAILED,no_detection,,0,,,,,,,,,0.0875,2026-09-03T09:26:21+00:00
faf92d51bc45aa66,FR05ABOM220722026,train,OK,,0.9342,1,0.38913837,0.49878448,0.40538394,0.16807370,0.00000000,0.13244644,0.00000000,0.46315724,0.0882,2026-09-03T09:26:21+00:00
79a75fc4fd3c641c,FR73ABOM200722018,train,OK,,0.9355,1,0.39364323,0.51121837,0.41757914,0.18797810,0.00000000,0.13292533,0.00000000,0.45616564,0.0882,2026-09-03T09:26:21+00:00
f9a22c4eb9c640d6,FR73ABOM200722017,train,OK,,0.8461,2,0.39959520,0.50466633,0.40258333,0.18186024,0.00000000,0.17511022,0.00000000,0.49791631,0.0917,2026-09-03T09:26:21+00:00
cdfeb9e2e54a86df,CollecYvan6,train,OK,,0.3881,1,0.40595907,0.44731796,0.41192362,0.18301126,0.00468947,0.16665949,0.00000000,0.43096620,0.0908,2026-09-03T09:26:21+00:00
25201a740fad0728,CollecYvan1,train,FAILED,no_detection,,0,,,,,,,,,0.0888,2026-09-03T09:26:22+00:00
db1f80094f64bd7e,FR73ABOM130722041,train,FAILED,no_detection,,0,,,,,,,,,0.0902,2026-09-03T09:26:22+00:00
77d15d47d33e9f7c,FR73ABOM120722026,train,OK,,0.9120,1,0.40060854,0.49229094,0.42106307,0.20111202,0.00085611,0.14859076,0.00000000,0.43976969,0.0887,2026-09-03T09:26:22+00:00
c0221eacb81f6817,CD388016,train,OK,,0.8277,1,0.41294461,0.47220540,0.44555941,0.14117433,0.02716736,0.06796127,0.00000000,0.39899233,0.0795,2026-09-03T09:26:22+00:00
b130dd393d290d83,FR73ABOM120722028,train,OK,,0.8920,1,0.40349916,0.53302455,0.41309625,0.21762736,0.00000000,0.19498466,0.00000000,0.51038182,0.0881,2026-09-03T09:26:22+00:00
66043f2ba4462098,ABAURA8625,train,OK,,0.9291,1,0.53926039,0.53595352,0.54050618,0.48608398,0.45736298,0.48239148,0.45611718,0.53226101,0.1390,2026-09-03T09:26:22+00:00
6636234c53a32f3c,CD388391,train,OK,,0.9312,1,0.54531133,0.53002423,0.54856759,0.48016709,0.46747103,0.47075087,0.46421477,0.52060801,0.1385,2026-09-03T09:26:22+00:00
82ab8e2cfe849b67,D264520b,train,OK,,0.9080,1,0.55050141,0.53108007,0.54897565,0.47270656,0.46027911,0.47682801,0.46180490,0.53520155,0.1372,2026-09-03T09:26:22+00:00
c7dd3329937bb890,POLLINIS4981,train,OK,,0.9224,1,0.54173994,0.52353776,0.54097575,0.47422436,0.45775163,0.47651705,0.45851576,0.52583045,0.1366,2026-09-03T09:26:22+00:00
e3fcf24e798a755f,CD388872c,train,OK,,0.9347,1,0.54066318,0.52756327,0.54313290,0.48292840,0.46578157,0.47531968,0.46331185,0.51995456,0.1360,2026-09-03T09:26:23+00:00
ba2315a2332c1b22,2020.00410,train,OK,,0.9155,1,0.52776849,0.53433329,0.52818561,0.49761724,0.46303156,0.49630132,0.46261445,0.53301740,0.1370,2026-09-03T09:26:23+00:00
608ce8d9b35413ba,CD387577b,train,OK,,0.9255,1,0.53312492,0.54120821,0.53123081,0.49392927,0.46193796,0.49886435,0.46383205,0.54614329,0.1383,2026-09-03T09:26:23+00:00
ba253838581941fa,CD388235,train,OK,,0.9131,1,0.53753561,0.53570783,0.53873444,0.49831346,0.47324282,0.49458075,0.47204399,0.53197509,0.1393,2026-09-03T09:26:23+00:00
c94558d31db9148d,CD387287,train,OK,,0.9141,1,0.52773112,0.55167997,0.52871913,0.49865657,0.46001148,0.49638060,0.45902348,0.54940403,0.1388,2026-09-03T09:26:23+00:00
42f7f643833e4847,CD388872,train,OK,,0.8636,1,0.52859461,0.54209065,0.52782607,0.49355975,0.46361375,0.49536753,0.46438232,0.54389840,0.1377,2026-09-03T09:26:23+00:00
f71d5d01d852a320,ABAURA8672b,train,OK,,0.9098,1,0.52420276,0.52429122,0.52576709,0.49255911,0.46749988,0.48745248,0.46593556,0.51918459,0.1379,2026-09-03T09:26:23+00:00
8e8b6bd46510124c,CD388229b,train,OK,,0.9020,1,0.52580386,0.52922422,0.52630049,0.49364606,0.46536410,0.49213389,0.46486750,0.52771205,0.1366,2026-09-03T09:26:24+00:00
78f40548945b56e8,ABAURA5591,train,OK,,0.8914,1,0.53045249,0.50683844,0.53144360,0.47421211,0.47113082,0.47095495,0.47013971,0.50358129,0.1387,2026-09-03T09:26:24+00:00
8ac42ce0aa2a2376,2020.00449,train,OK,,0.9239,1,0.52120978,0.51374149,0.52289927,0.48308742,0.46468869,0.47738370,0.46299919,0.50803781,0.1389,2026-09-03T09:26:24+00:00
4b294051991e3460,ABAURA8627,train,OK,,0.6573,2,0.52594143,0.52968740,0.52615458,0.49119613,0.46886674,0.49063236,0.46865362,0.52912366,0.1380,2026-09-03T09:26:24+00:00
ba2def8ae2d11b13,CD387770c,train,OK,,0.8733,1,0.53041482,0.51364130,0.53025079,0.47359523,0.47255442,0.47401544,0.47271845,0.51406157,0.1426,2026-09-03T09:26:24+00:00
4d8889627865d95f,ABAURA8150,train,OK,,0.9085,1,0.52895200,0.51694351,0.53021556,0.48286897,0.46744704,0.47873110,0.46618345,0.51280564,0.1379,2026-09-03T09:26:24+00:00
800d6a969fe9e6b3,ABAURA8239c,train,OK,,0.9282,1,0.53162920,0.53262866,0.53220958,0.49408862,0.46475777,0.49228281,0.46417743,0.53082281,0.1412,2026-09-03T09:26:24+00:00
67d3b3f24b45a666,CD388809,train,OK,,0.9191,1,0.53181458,0.51340872,0.53406161,0.47724479,0.47755823,0.47100320,0.47531119,0.50716716,0.1374,2026-09-03T09:26:25+00:00
30e010761b27f1a7,ABAURA8151,train,OK,,0.9142,1,0.53153843,0.51256984,0.53283542,0.47902840,0.47039574,0.47473601,0.46909875,0.50827742,0.1361,2026-09-03T09:26:25+00:00
0430a31d4448b63a,CD388862,train,OK,,0.9222,1,0.53360587,0.52435201,0.53514409,0.48770875,0.47281888,0.48305756,0.47128066,0.51970083,0.1388,2026-09-03T09:26:25+00:00
907f132c71e868cd,2020.00339,train,OK,,0.9223,1,0.53371239,0.53714138,0.53398943,0.49661294,0.46187842,0.49573657,0.46160135,0.53626502,0.1382,2026-09-03T09:26:25+00:00
acfb38156475ed28,POLLINIS4343,train,OK,,0.9058,1,0.53009564,0.51972294,0.52872998,0.47840419,0.46413371,0.48219988,0.46549937,0.52351862,0.1408,2026-09-03T09:26:25+00:00
76910c01f9865c01,CD388612,train,OK,,0.9171,1,0.52826267,0.52947068,0.52934313,0.49163628,0.46377453,0.48830739,0.46269408,0.52614182,0.1385,2026-09-03T09:26:25+00:00
63a2028a495167de,CD388235b,train,OK,,0.9075,1,0.53095412,0.52955413,0.53186750,0.49576890,0.47343278,0.49296042,0.47251937,0.52674562,0.1395,2026-09-03T09:26:25+00:00
d69fbca8a4424895,CD387577,train,OK,,0.9358,1,0.53227860,0.54555148,0.53042167,0.49296233,0.45970079,0.49740174,0.46155775,0.54999089,0.1377,2026-09-03T09:26:26+00:00
2840b7b5df4d1b3f,CD388872b,train,OK,,0.9004,1,0.53278601,0.51297486,0.53349215,0.47791064,0.47151616,0.47569188,0.47081003,0.51075613,0.1380,2026-09-03T09:26:26+00:00
364aa8658311ec46,2020.00294,train,OK,,0.8971,1,0.52328700,0.51008582,0.52504563,0.48178026,0.47566509,0.47632593,0.47390643,0.50463146,0.1390,2026-09-03T09:26:26+00:00
ec4ea388e0135426,ABAURA8867,train,OK,,0.8969,1,0.52929968,0.51887184,0.53030956,0.48757973,0.47446051,0.48437560,0.47345060,0.51566768,0.1397,2026-09-03T09:26:26+00:00
d3e88d13918358b4,POLLINIS5985,train,OK,,0.8765,2,0.52236980,0.53248990,0.52615327,0.49451333,0.46346071,0.48340961,0.45967725,0.52138621,0.1396,2026-09-03T09:26:26+00:00
8df44bfa8b11be11,POLLINIS5983,train,OK,,0.9179,1,0.52838552,0.51900470,0.52911234,0.48489901,0.46932909,0.48263410,0.46860227,0.51673979,0.1387,2026-09-03T09:26:26+00:00
d150d3a5853f704a,CD388145,train,OK,,0.8868,1,0.53010541,0.51723886,0.53062129,0.48403066,0.46511731,0.48222157,0.46460143,0.51542979,0.1391,2026-09-03T09:26:26+00:00
1f903bf2d0ed95dd,15L2021-1743,train,OK,,0.7269,1,0.63288516,0.53753394,0.63535434,0.40074843,0.40046057,0.39321026,0.39799136,0.52999574,0.1377,2026-09-03T09:26:26+00:00
b5dd9ab0cefcbd9a,POLLINIS4384,train,OK,,0.9218,1,0.53561074,0.53481656,0.53897941,0.49715647,0.47181296,0.48647574,0.46844426,0.52413583,0.1370,2026-09-03T09:26:27+00:00
d9d25c393cbaccb5,CD388860,train,OK,,0.9160,1,0.52914345,0.53543937,0.53087050,0.49883714,0.46706304,0.49348494,0.46533599,0.53008717,0.1373,2026-09-03T09:26:27+00:00
7dd025e557849e1a,15L2021-1742,train,OK,,0.9357,1,0.62517035,0.55123925,0.62789464,0.40551344,0.36543843,0.39679068,0.36271414,0.54251653,0.1394,2026-09-03T09:26:27+00:00
a0dd42d49d9cb6a1,15L2021-1732,train,OK,,0.4922,1,0.61678642,0.56320703,0.62070060,0.42014614,0.38099787,0.40848696,0.37708369,0.55154788,0.1392,2026-09-03T09:26:27+00:00
2e5878d7050efbbd,ABAURA5633,train,OK,,0.9162,1,0.52013016,0.53100926,0.52080333,0.49493665,0.46154895,0.49297068,0.46087575,0.52904326,0.1379,2026-09-03T09:26:27+00:00
a1e1027021f1fb25,CD388145b,train,OK,,0.9114,1,0.52930200,0.51741213,0.52950054,0.48429969,0.46455032,0.48360735,0.46435174,0.51671976,0.1397,2026-09-03T09:26:27+00:00
8554ea5143a30b4c,POLLINIS5943,train,OK,,0.9098,1,0.52016371,0.53140408,0.52265382,0.49483800,0.46260205,0.48756787,0.46011198,0.52413392,0.1367,2026-09-03T09:26:27+00:00
e95c8c5e6432df60,CD387759,train,OK,,0.9124,1,0.52968961,0.51937407,0.53095341,0.48548898,0.46803722,0.48131740,0.46677342,0.51520246,0.1354,2026-09-03T09:26:28+00:00
90840ac174779ef2,CD388229c,train,OK,,0.9105,1,0.52820235,0.50906473,0.52953339,0.47473037,0.47000644,0.47062770,0.46867540,0.50496203,0.1391,2026-09-03T09:26:28+00:00
09ce294326def09d,2020.06207,train,OK,,0.9164,1,0.53099298,0.53818673,0.53237867,0.49653506,0.46018752,0.49226552,0.45880187,0.53391719,0.1384,2026-09-03T09:26:28+00:00
1fa84800df04dad0,15L2021-1740,train,OK,,0.9536,1,0.62211114,0.55088156,0.62532008,0.40315163,0.36229551,0.39299449,0.35908654,0.54072440,0.1371,2026-09-03T09:26:28+00:00
ad1d2950a08f413b,15L2021-1741,train,OK,,0.5818,1,0.63006669,0.53574008,0.62973249,0.39817467,0.39664260,0.39918149,0.39697686,0.53674692,0.1368,2026-09-03T09:26:28+00:00
015f297ab0dd4102,CD388860b,train,OK,,0.9017,1,0.53086948,0.53891098,0.53210133,0.50422615,0.47252870,0.50046474,0.47129688,0.53514957,0.1377,2026-09-03T09:26:28+00:00
eba4545229efa1ba,15L2021-1739,train,OK,,0.8926,1,0.62321866,0.56416857,0.62684101,0.41788417,0.36874297,0.40652218,0.36512062,0.55280662,0.1383,2026-09-03T09:26:28+00:00
96d697975b453a25,ABAURA8526,train,OK,,0.8552,1,0.52721238,0.51541442,0.52791971,0.48489699,0.47471815,0.48270494,0.47401083,0.51322240,0.1356,2026-09-03T09:26:29+00:00
e55a2d7d8e253760,CD387804c,train,OK,,0.9189,1,0.52998078,0.54924226,0.53152752,0.51001668,0.46685815,0.50548309,0.46531141,0.54470867,0.1369,2026-09-03T09:26:29+00:00
4fbd751b459927d9,15L2021-1483,train,OK,,0.9248,1,0.62117434,0.54597127,0.61979991,0.40340674,0.36105445,0.40784135,0.36242884,0.55040592,0.1383,2026-09-03T09:26:29+00:00
1ce727241c3313f1,POLLINIS4982b,train,OK,,0.9218,1,0.53794152,0.52883434,0.53982419,0.48695084,0.46830192,0.48123556,0.46641928,0.52311909,0.1389,2026-09-03T09:26:29+00:00
a45e48d88d2d5f59,POLLINIS4984,train,OK,,0.9445,1,0.53313273,0.53500623,0.53398645,0.49393892,0.46036440,0.49121803,0.45951071,0.53228533,0.1380,2026-09-03T09:26:29+00:00
9ad1d7ba63873922,NoName2,train,OK,,0.9355,1,0.54220539,0.53338629,0.54275995,0.47821400,0.45243967,0.47660017,0.45188513,0.53177249,0.1402,2026-09-03T09:26:29+00:00
1bd0dc835e496063,ABAURA7151,train,OK,,0.9288,1,0.53461087,0.53746992,0.53505212,0.49623457,0.46753001,0.49494982,0.46708870,0.53618515,0.1369,2026-09-03T09:26:29+00:00
c1049802cf54cdd2,20A.07897,train,OK,,0.9298,1,0.51889509,0.53624445,0.51921141,0.48939648,0.44034234,0.48844975,0.44002604,0.53529775,0.1384,2026-09-03T09:26:30+00:00
3124bac51de0c175,2020.04010,train,OK,,0.9303,1,0.35674897,0.40818509,0.38277221,0.16492987,0.01103560,0.09429201,0.00000000,0.33754724,0.0885,2026-09-03T09:26:30+00:00
20ee6ad60c254c91,2020.04044,train,OK,,0.9064,1,0.35598382,0.46998906,0.37237081,0.21724072,0.00670620,0.17505135,0.00000000,0.42779970,0.0788,2026-09-03T09:26:30+00:00
2ff9f7d5c0e5c16f,ABAURA5593,train,OK,,0.7619,2,0.37879503,0.45068380,0.40351921,0.13214837,0.00816405,0.07760977,0.00000000,0.39614519,0.0875,2026-09-03T09:26:30+00:00
fbd27118d5743c1d,CD388862b,train,OK,,0.9368,1,0.35749954,0.40616462,0.37726089,0.14713675,0.00583457,0.09685614,0.00000000,0.35588402,0.0815,2026-09-03T09:26:30+00:00
d4259af7fea351ea,ABB-2020.00032,train,FAILED,no_detection,,0,,,,,,,,,0.0865,2026-09-03T09:26:30+00:00
e1701a8fb9440401,OPPO_5923,train,OK,,0.6785,2,0.37031808,0.36790442,0.39297608,0.12896976,0.02465703,0.06689450,0.00199902,0.30582917,0.0877,2026-09-03T09:26:30+00:00
e88c20bda81225e7,BAR-2018.00332,train,OK,,0.5301,1,0.31635624,0.34842038,0.32339096,0.14975969,0.00145154,0.12947550,0.00000000,0.32813621,0.0878,2026-09-03T09:26:30+00:00
e19b3482fff667bd,BAR-2018.00871,train,OK,,0.5966,1,0.36911064,0.40709108,0.38866851,0.12772122,0.00633669,0.08009587,0.00000000,0.35946572,0.0868,2026-09-03T09:26:30+00:00
5c5d29261cb80ef2,ABB-2020.00106,train,OK,,0.7478,1,0.37992671,0.38691625,0.40303186,0.08154062,0.02371719,0.03049038,0.00061209,0.33586597,0.0871,2026-09-03T09:26:30+00:00
e5107af191798f7c,CD388135,train,OK,,0.9533,1,0.34333184,0.37336385,0.36244163,0.13816923,0.01030100,0.08751011,0.00000000,0.32270473,0.0810,2026-09-03T09:26:30+00:00
997714daabca975f,2020.03886,train,OK,,0.9345,1,0.38948002,0.43360659,0.41422671,0.13086644,0.02015855,0.07361686,0.00000000,0.37635702,0.0913,2026-09-03T09:26:30+00:00
26d010743fc04896,2017.06254,train,OK,,0.7354,1,0.34962714,0.57805854,0.36177590,0.18597054,0.00000000,0.16551995,0.00000000,0.55760795,0.0792,2026-09-03T09:26:31+00:00
37914b4ac1d3ae65,CD387324,train,OK,,0.9301,1,0.36240888,0.46334821,0.38180971,0.23029487,0.00971805,0.17533645,0.00000000,0.40838978,0.0817,2026-09-03T09:26:31+00:00
0ba5f9efaa93e2f6,NoName5,train,OK,,0.9099,1,0.39464289,0.45909333,0.41184610,0.14397591,0.00050851,0.10406577,0.00000000,0.41918322,0.0872,2026-09-03T09:26:31+00:00
8dbd7116cc8ad99c,CD387766,train,OK,,0.8843,1,0.36063334,0.55640668,0.39098826,0.17666480,0.00000000,0.12082279,0.00000000,0.50056469,0.0823,2026-09-03T09:26:31+00:00
92be102a07532438,2020.04013,train,OK,,0.9460,1,0.34600163,0.44398597,0.37251902,0.17109929,0.00811307,0.10829505,0.00000000,0.38118172,0.0793,2026-09-03T09:26:31+00:00
d8418e14e848a942,NoName4,train,OK,,0.8933,1,0.40045553,0.51202774,0.37888938,0.08707488,0.00000000,0.12294447,0.00288274,0.54789728,0.0869,2026-09-03T09:26:31+00:00
689c6f66deb0151b,CD388146,train,OK,,0.9186,1,0.38026702,0.43635285,0.41208440,0.13687262,0.01090538,0.06110005,0.00000000,0.36058027,0.0771,2026-09-03T09:26:31+00:00
a3d25b69fd4f5795,CD387303,train,OK,,0.9425,1,0.35543633,0.41100550,0.36529973,0.16876908,0.00670560,0.14283599,0.00000000,0.38507241,0.0787,2026-09-03T09:26:31+00:00
1c63a82dfbcff7db,15G2021-1826,train,OK,,0.9571,1,0.35876754,0.43830243,0.38483250,0.13001667,0.00786987,0.07333945,0.00000000,0.38162521,0.0879,2026-09-03T09:26:31+00:00
07c0fc228785e37e,2012.0034,train,OK,,0.9100,1,0.39069536,0.44374809,0.41613737,0.17790455,0.03144155,0.11247162,0.00599953,0.37831518,0.0878,2026-09-03T09:26:31+00:00
73e12f01d451df93,BAR.2018.00342,train,OK,,0.9575,1,0.35411578,0.44121096,0.38391581,0.13250190,0.01025101,0.06837689,0.00000000,0.37708595,0.0791,2026-09-03T09:26:31+00:00
19417d46fe7c1f61,FR15ABOM210821174,train,OK,,0.9320,1,0.38806427,0.46872470,0.39921799,0.12654416,0.00000000,0.10312488,0.00000000,0.44530544,0.0904,2026-09-03T09:26:31+00:00
52735e3994958c4e,FR15_ABOM30072020042,train,OK,,0.9148,1,0.38539305,0.49136436,0.40872261,0.13832256,0.00000000,0.08999813,0.00000000,0.44303992,0.0858,2026-09-03T09:26:32+00:00
c56d673f508eba74,2020.06348,train,OK,,0.9020,2,0.39002335,0.48683849,0.43998256,0.13195831,0.03861139,0.03159732,0.00000000,0.38647747,0.0787,2026-09-03T09:26:32+00:00
0979c46a18b5d095,15G2021-1200,train,OK,,0.9325,1,0.37437111,0.52624911,0.40877941,0.17615613,0.00509981,0.10566404,0.00000000,0.45575702,0.0873,2026-09-03T09:26:32+00:00
39c66d3956ea474f,FR15ABOM210821143,train,OK,,0.4172,2,0.35677096,0.54195446,0.36768273,0.13545737,0.00000000,0.11721274,0.00000000,0.52370983,0.0864,2026-09-03T09:26:32+00:00
1dd3c1069537abbe,NoName9,train,FAILED,no_detection,,0,,,,,,,,,0.0837,2026-09-03T09:26:32+00:00
8c9f4425c5b056b9,FR15ABOM210821128,train,OK,,0.9294,1,0.36553988,0.42093474,0.38472569,0.11744488,0.00416510,0.07467506,0.00000000,0.37816492,0.0857,2026-09-03T09:26:32+00:00
1e442f758087ac61,FR15_ABOM25082020010,train,OK,,0.8656,1,0.42066452,0.48796982,0.44051766,0.14165664,0.01497735,0.09828772,0.00000000,0.44460088,0.0863,2026-09-03T09:26:32+00:00
59eda39c93aa6047,FR15ABOM170821009,train,OK,,0.9494,1,0.39429671,0.50454009,0.40172651,0.21334155,0.00000000,0.19502154,0.00000000,0.48622009,0.0874,2026-09-03T09:26:32+00:00
108c1ab301a654cd,NoName11,train,OK,,0.2010,1,0.38270649,0.53354079,0.42017475,0.20027657,0.02555518,0.12140311,0.00000000,0.45466730,0.0911,2026-09-03T09:26:32+00:00
c975e517081def63,NoName10,train,OK,,0.1194,1,0.38216868,0.47292283,0.40259567,0.15940563,0.00277852,0.11305428,0.00000000,0.42657149,0.0883,2026-09-03T09:26:32+00:00
10f26f530c46d28b,2020.03930,train,OK,,0.9026,1,0.35391256,0.43204519,0.38778186,0.12906615,0.00854148,0.05354719,0.00000000,0.35652623,0.0796,2026-09-03T09:26:32+00:00
d922d2edf39fc66e,FR15_ABOM09082020078,train,OK,,0.2051,1,0.40299106,0.46847218,0.41888955,0.14009935,0.00018567,0.10407072,0.00000000,0.43244356,0.0861,2026-09-03T09:26:32+00:00
1dc5338bdbaa67a2,FR15_STPONCY300921002,train,OK,,0.9045,1,0.35794392,0.49939671,0.37735584,0.19612274,0.00272686,0.15350662,0.00000000,0.45678058,0.0853,2026-09-03T09:26:33+00:00
7b3044d101f6de79,FR15_STPONCY300921024,train,OK,,0.9439,1,0.36242038,0.47914484,0.38589302,0.19698100,0.00245603,0.14024197,0.00000000,0.42240581,0.0869,2026-09-03T09:26:33+00:00
dc9afd6af9170d78,FR15ABOM210821177,train,OK,,0.9327,1,0.37847203,0.46252304,0.40182856,0.11024420,0.00000000,0.06249878,0.00000000,0.41477764,0.0878,2026-09-03T09:26:33+00:00
f2a890e281362877,FR15_ABOM25082020008,train,OK,,0.9157,1,0.37486765,0.48355001,0.38474947,0.17454767,0.00000000,0.15232937,0.00000000,0.46133173,0.0869,2026-09-03T09:26:33+00:00
f49423e3b69fb70f,FR15_ABOM17082020015,train,OK,,0.9065,1,0.37486711,0.48340240,0.39814040,0.14765920,0.00136078,0.09874850,0.00000000,0.43449169,0.0877,2026-09-03T09:26:33+00:00
f9e2338ceb602841,NoName12,train,OK,,0.9219,1,0.38692307,0.45366469,0.41222501,0.16297467,0.00716886,0.10029661,0.00000000,0.39098662,0.0857,2026-09-03T09:26:33+00:00
d53a36c3217b0b91,FR15_ABOM25082020007,train,OK,,0.8689,3,0.42427298,0.44906121,0.43369538,0.10894099,0.02748176,0.08894664,0.01805939,0.42906693,0.0869,2026-09-03T09:26:33+00:00
69f4a651a5eca9c3,NoName13,train,OK,,0.8570,1,0.38395542,0.53721523,0.40329558,0.17315562,0.00000000,0.13449202,0.00000000,0.49855161,0.0890,2026-09-03T09:26:33+00:00
e7ec32856e212191,FR15_ABOM30072020036,train,OK,,0.9278,1,0.40011239,0.48546046,0.40518236,0.15734945,0.00000000,0.14598028,0.00000000,0.47409132,0.0865,2026-09-03T09:26:33+00:00
546d6df38cbf9804,FR15AB100518002,train,OK,,0.9797,1,0.66495299,0.66679400,0.68655950,0.39464629,0.31771773,0.34258711,0.29611123,0.61473483,0.1407,2026-09-03T09:26:33+00:00
3202dd75d414afed,ABAURA8526b,train,OK,,0.7835,3,0.45838669,0.60674447,0.50093937,0.16876929,0.07103740,0.09449330,0.02848472,0.53246850,0.0893,2026-09-03T09:26:33+00:00
261a7f27de57bfb7,ABAURA8207f,train,OK,,0.9133,1,0.36943218,0.51925057,0.41432178,0.16694731,0.00823125,0.07493317,0.00000000,0.42723644,0.0858,2026-09-03T09:26:34+00:00
6adfbad3c2def280,ABAURA8599,train,OK,,0.8628,1,0.39608136,0.56378120,0.45266563,0.16715492,0.02900348,0.05961063,0.00000000,0.45623687,0.0873,2026-09-03T09:26:34+00:00
e0debb93e4cf45e1,CD388013,train,OK,,0.8446,1,0.39497551,0.41889894,0.42680413,0.13103306,0.01375650,0.04981935,0.00000000,0.33768523,0.0868,2026-09-03T09:26:34+00:00
1fcfc1ac9c26dc4f,CD388820,train,OK,,0.5076,3,0.38959801,0.50666106,0.42564094,0.15253660,0.01299690,0.07785036,0.00000000,0.43197480,0.0901,2026-09-03T09:26:34+00:00
4de537f3168bb0f2,Znieff_galibier,train,OK,,0.7538,3,0.35684845,0.51692158,0.39186075,0.17786267,0.00000000,0.10568539,0.00000000,0.44474426,0.0946,2026-09-03T09:26:34+00:00
45baf91e01aa7881,ABAURA8205d,train,OK,,0.7940,1,0.37970230,0.61856109,0.43116161,0.25886554,0.01860486,0.15390767,0.00000000,0.51360321,0.0946,2026-09-03T09:26:34+00:00
4a96b31c2a8e42f3,ABAURA8207b,train,OK,,0.9060,2,0.40264109,0.51307184,0.42599720,0.18923406,0.00425547,0.13521516,0.00000000,0.45905298,0.0890,2026-09-03T09:26:34+00:00
353d342a37ca6594,ABAURA8207e,train,OK,,0.7263,1,0.40530348,0.48093912,0.44204748,0.14602001,0.02745273,0.06515729,0.00000000,0.40007642,0.0909,2026-09-03T09:26:34+00:00
b1f12b4793c3052e,CD388016b,train,OK,,0.9143,1,0.40670824,0.52743191,0.46304309,0.15462467,0.03563012,0.03996877,0.00000000,0.41277596,0.0897,2026-09-03T09:26:34+00:00
41fd2698e91c3482,ABAURA8207d,train,OK,,0.9657,1,0.38555160,0.44864759,0.41642308,0.14722604,0.02114910,0.07523104,0.00000000,0.37665260,0.0857,2026-09-03T09:26:34+00:00
17812c2fac37f909,ABAURA8207c,train,OK,,0.9267,2,0.39271653,0.43170154,0.43166283,0.14356156,0.01645845,0.04372148,0.00000000,0.33186147,0.0845,2026-09-03T09:26:34+00:00
a8b1c03b2d23f625,CD388391b,train,OK,,0.9174,1,0.38211995,0.54834592,0.44827724,0.14347754,0.02045117,0.01919538,0.00000000,0.42406371,0.0895,2026-09-03T09:26:35+00:00
4db68a96f9af6034,ABAURA8239d,train,OK,,0.9253,1,0.40003985,0.50482798,0.45447966,0.13263863,0.03701074,0.02420780,0.00000000,0.39639714,0.0874,2026-09-03T09:26:35+00:00
e7407fac19dc9271,CD388003,train,OK,,0.9407,1,0.38621533,0.50555187,0.42073086,0.19110528,0.01052532,0.11103500,0.00000000,0.42548162,0.0895,2026-09-03T09:26:35+00:00
c60d4fea4085360d,ABAURA8150d,train,OK,,0.8860,1,0.25340176,0.68458784,0.30815414,0.50595987,0.01682597,0.34721002,0.00000000,0.52583802,0.0912,2026-09-03T09:26:35+00:00
25c30b10ba781dbc,CD388003b,train,OK,,0.9462,1,0.38373849,0.43133399,0.42864010,0.12494448,0.01337479,0.01678448,0.00000000,0.32317394,0.0888,2026-09-03T09:26:35+00:00
9139c0c7161006ee,CD388820b,train,OK,,0.4922,2,0.40006346,0.56052536,0.46099269,0.16134948,0.03239735,0.04511399,0.00000000,0.44428986,0.0897,2026-09-03T09:26:35+00:00
8a2ce48e30747fb0,CD388018e,train,OK,,0.7051,1,0.41248837,0.47084165,0.44497836,0.14568743,0.02225965,0.07055318,0.00000000,0.39570740,0.0923,2026-09-03T09:26:35+00:00
517420fa914449a3,CD388018d,train,OK,,0.2850,1,0.43452504,0.57229102,0.47882220,0.17421120,0.04903834,0.08921329,0.00474121,0.48729312,0.0874,2026-09-03T09:26:35+00:00
de40d69c06cbd6af,ABAURA8604,train,OK,,0.8887,2,0.37003115,0.45901790,0.38344890,0.20209040,0.00033432,0.16653141,0.00000000,0.42345890,0.0900,2026-09-03T09:26:35+00:00
4d01a535075636c3,FR15_ABOM180720053,train,OK,,0.8843,1,0.36678603,0.53767526,0.36934930,0.20513435,0.00000000,0.19980587,0.00000000,0.53234679,0.0914,2026-09-03T09:26:35+00:00
5883b783eb4138aa,ABAURA7781,train,OK,,0.9417,1,0.38350007,0.50801986,0.42460653,0.16988428,0.01016520,0.08031492,0.00000000,0.41845050,0.0930,2026-09-03T09:26:35+00:00
8cff49e32dde429d,CollecYvan21,train,OK,,0.8075,1,0.38484687,0.50265884,0.42338300,0.18735445,0.01034417,0.09758481,0.00000000,0.41288921,0.1253,2026-09-03T09:26:36+00:00
dca6bd0c8b51afe1,CollecYvan19,train,OK,,0.9294,1,0.39720839,0.50553238,0.39839002,0.15302444,0.00000000,0.15060817,0.00000000,0.50311613,0.0929,2026-09-03T09:26:36+00:00
f1876888588ecd6a,FR15ABOM200722066,train,OK,,0.8576,3,0.36599806,0.52105504,0.39053863,0.17115143,0.00000000,0.12127276,0.00000000,0.47117633,0.0969,2026-09-03T09:26:36+00:00
0239f9c1aa5ef757,CollecYvan20,train,OK,,0.7789,2,0.39396173,0.51179516,0.41120675,0.20806907,0.00276754,0.16685331,0.00000000,0.47057939,0.1014,2026-09-03T09:26:36+00:00
fb21b5273aa83f53,FR15ABOM130722047,train,OK,,0.8834,1,0.40559861,0.53679329,0.39716977,0.18769072,0.00000000,0.20554481,0.00000000,0.55464739,0.0957,2026-09-03T09:26:36+00:00
8a79751e14ce5216,FR15ABOM200722026,train,OK,,0.4927,3,0.35905263,0.45496708,0.38118330,0.17098497,0.00000000,0.11764601,0.00000000,0.40162814,0.0979,2026-09-03T09:26:36+00:00
48a72034b3bf83d8,ABAURA7781b,train,OK,,0.9260,1,0.37631381,0.47654232,0.42167926,0.13026290,0.01341640,0.03520337,0.00000000,0.38148281,0.0914,2026-09-03T09:26:36+00:00
4daed64d93a4baec,FR15_ABOM180720047,train,OK,,0.6312,1,0.42085370,0.56083864,0.44717896,0.15982203,0.00000000,0.10743053,0.00000000,0.50844717,0.0905,2026-09-03T09:26:36+00:00
f7a2d7d929e69e8c,FR15_ABOM180720048,train,OK,,0.9265,1,0.36493093,0.51527858,0.39465162,0.17775966,0.00000000,0.11571842,0.00000000,0.45323735,0.0923,2026-09-03T09:26:36+00:00
f9232b36fc8d652c,FR15_ABOM180720046,train,OK,,0.4849,2,0.36599979,0.49473038,0.37716094,0.19234881,0.00000000,0.16707483,0.00000000,0.46945640,0.0956,2026-09-03T09:26:36+00:00
23499f82944bdc3a,FR15ABOM120722071,train,OK,,0.8851,2,0.36450249,0.54494226,0.36785337,0.23277400,0.00000000,0.22544095,0.00000000,0.53760922,0.1019,2026-09-03T09:26:37+00:00
a35ec32697fad922,CollecYvan22,train,OK,,0.9251,1,0.39083439,0.57335514,0.42135096,0.25096059,0.00617418,0.18109587,0.00000000,0.50349045,0.0938,2026-09-03T09:26:37+00:00
8f37391f40669853,FR15ABOM200722063,train,OK,,0.8782,2,0.35706738,0.43506202,0.36129427,0.15773712,0.00000000,0.14772950,0.00000000,0.42505437,0.0925,2026-09-03T09:26:37+00:00
dc0ee6feaed26109,FR15ABOM200722064,train,OK,,0.1533,2,0.46353123,0.56505239,0.52116865,0.12640704,0.08446003,0.02442211,0.02682257,0.46306747,0.0935,2026-09-03T09:26:37+00:00
54cb7a4705e9a9d3,CollecYvan23,train,OK,,0.9093,1,0.39454412,0.52597851,0.41902262,0.22035232,0.00390241,0.16124447,0.00000000,0.46687061,0.0914,2026-09-03T09:26:37+00:00
ff6aef025813feeb,CollecYvan24,train,OK,,0.7011,3,0.39464894,0.49180612,0.40902844,0.19717123,0.00045923,0.16175267,0.00000000,0.45638758,0.0930,2026-09-03T09:26:37+00:00
f1837f7ccf379e2e,FR15ABOM200722065,train,OK,,0.7087,2,0.44483209,0.53452742,0.49282736,0.13047417,0.04961447,0.03690694,0.00161924,0.44096020,0.0939,2026-09-03T09:26:37+00:00
fd53472983aadf94,FR15ABOM200722062,train,OK,,0.6021,1,0.41458729,0.53547287,0.43637177,0.15628676,0.00000000,0.11134549,0.00000000,0.49053162,0.0924,2026-09-03T09:26:37+00:00
480b96c628b61011,FR15_AB210818002,train,OK,,0.6562,2,0.39951569,0.55193335,0.43172118,0.18143465,0.00000000,0.11478358,0.00000000,0.48528227,0.0966,2026-09-03T09:26:37+00:00
b4873a7f2fcd3278,WB1_23_0099,test,OK,,0.1790,1,0.56534421,0.48665857,0.56551844,0.40266874,0.28901589,0.40234607,0.28884166,0.48633590,0.1239,2026-09-03T09:26:37+00:00
0cae09d1cbd1a140,WB1_23_0098,test,OK,,0.9520,1,0.55142361,0.47373953,0.54910308,0.39271331,0.29832354,0.39675331,0.30064413,0.47777954,0.1221,2026-09-03T09:26:38+00:00
a395ca2c62684a24,WB1_23_0094,test,OK,,0.6510,1,0.59041959,0.53988290,0.58549458,0.44799218,0.27631968,0.45731318,0.28124470,0.54920393,0.1217,2026-09-03T09:26:38+00:00
0c4dcb4603c16768,WB1_23_0096,test,OK,,0.9103,3,0.47639355,0.53236955,0.47474998,0.46424517,0.26593092,0.46707913,0.26757455,0.53520352,0.1245,2026-09-03T09:26:38+00:00
902a4f3c7dd68646,WB1_23_0092,test,OK,,0.8925,1,0.60100913,0.53972584,0.59747720,0.44216681,0.29878324,0.44824937,0.30231515,0.54580837,0.1201,2026-09-03T09:26:38+00:00
55b92a6e1aaa8ca1,WB1_23_0097,test,OK,,0.9590,2,0.54208523,0.58192408,0.53875154,0.49616629,0.27095947,0.50202191,0.27429318,0.58777970,0.1189,2026-09-03T09:26:38+00:00
055efb6d6bc9f194,WB1_23_0095,test,OK,,0.9592,1,0.54343969,0.55780876,0.54155356,0.47423384,0.28114861,0.47753942,0.28303468,0.56111437,0.1214,2026-09-03T09:26:38+00:00
55a2bad1cffb80d9,WB1_23_0091,test,OK,,0.8836,1,0.53162855,0.53222704,0.52406174,0.45199916,0.26610649,0.46568447,0.27367333,0.54591238,0.1219,2026-09-03T09:26:38+00:00
8de5966abd96758c,WB1_23_0093,test,OK,,0.8827,1,0.64818102,0.50846046,0.64036030,0.40514174,0.32967967,0.41837007,0.33750039,0.52168882,0.1190,2026-09-03T09:26:38+00:00
0f00efbd7ff9d96d,WB1_23_0123,test,OK,,0.9361,2,0.52668542,0.69134879,0.51399714,0.59102756,0.28497133,0.60732120,0.29765961,0.70764238,0.1204,2026-09-03T09:26:39+00:00
2e8ae39272cfff58,WB1_23_0121,test,OK,,0.9557,2,0.58831656,0.66823977,0.57754672,0.59658766,0.33511177,0.61708504,0.34588158,0.68873715,0.1202,2026-09-03T09:26:39+00:00
8aef8e8ffc540ab6,WB1_23_0118,test,OK,,0.9356,2,0.69483244,0.71142524,0.70550650,0.62306452,0.41218841,0.60313326,0.40151429,0.69149399,0.1204,2026-09-03T09:26:39+00:00
1e473ed2e9c42cd2,WB1_23_0125,test,OK,,0.2132,1,0.65476453,0.65995473,0.65559697,0.55829984,0.33767605,0.55683547,0.33684364,0.65849036,0.1210,2026-09-03T09:26:39+00:00
e6909ee6fef3700f,WB1_23_0120,test,OK,,0.9472,1,0.67187124,0.70010829,0.65640438,0.60475397,0.39371821,0.62872130,0.40918505,0.72407562,0.1195,2026-09-03T09:26:39+00:00
c3168cf48a1b36db,WB1_23_0122,test,OK,,0.9623,1,0.61568105,0.68175197,0.61753166,0.59803557,0.35766324,0.59480423,0.35581264,0.67852062,0.1224,2026-09-03T09:26:39+00:00
7089ad2a37ae9766,WB1_23_0124,test,OK,,0.9196,1,0.57321709,0.74024272,0.56354576,0.61986977,0.30265775,0.63166034,0.31232908,0.75203329,0.1197,2026-09-03T09:26:39+00:00
e9cf1fbe945d064a,WB1_23_0119,test,OK,,0.8386,1,0.66480327,0.62881237,0.66226894,0.52446163,0.33370170,0.52895027,0.33623600,0.63330102,0.1176,2026-09-03T09:26:39+00:00
a888e6d4ee1e075a,WB1_23_0117,test,OK,,0.9489,2,0.65959561,0.67311996,0.66888672,0.58127505,0.37468746,0.56453431,0.36539641,0.65637928,0.1184,2026-09-03T09:26:39+00:00
f234439086e710e0,WB1_23_0116,test,OK,,0.5981,2,0.54151016,0.70613593,0.54352427,0.61503732,0.24187990,0.61128598,0.23986578,0.70238459,0.1194,2026-09-03T09:26:40+00:00
f97dfb9f4f542741,WB1_23_0107,test,OK,,0.9460,1,0.57280910,0.59519941,0.57025850,0.54427189,0.41420797,0.54866815,0.41675860,0.59959567,0.1488,2026-09-03T09:26:40+00:00
b5a1f226dd0541fe,WB1_23_0115,test,OK,,0.9447,1,0.43789163,0.54372472,0.42689651,0.49491516,0.26470825,0.51546633,0.27570334,0.56427586,0.1451,2026-09-03T09:26:40+00:00
f4be3d72d3c350c3,WB1_23_0108,test,OK,,0.9347,2,0.51910073,0.66109294,0.51431102,0.60131001,0.32521066,0.60983211,0.33000040,0.66961503,0.1456,2026-09-03T09:26:40+00:00
61f24c90a2fe3f6b,WB1_23_0113,test,OK,,0.9424,1,0.49523169,0.41255850,0.47742099,0.35081229,0.24920906,0.38784042,0.26701978,0.44958663,0.1254,2026-09-03T09:26:40+00:00
37c4492352a01995,WB1_23_0110,test,OK,,0.9688,1,0.55697876,0.62747151,0.54420954,0.56991524,0.36322445,0.59250104,0.37599364,0.65005732,0.1346,2026-09-03T09:26:40+00:00
9229d0c02175be13,WB1_23_0112,test,OK,,0.9344,1,0.43444687,0.78444892,0.44313380,0.72166437,0.22726896,0.70486397,0.21858203,0.76764852,0.1293,2026-09-03T09:26:40+00:00
e01f90015eb99504,WB1_23_0109,test,OK,,0.9461,1,0.45844355,0.49897751,0.45410869,0.45425889,0.30399486,0.46244407,0.30832970,0.50716269,0.1348,2026-09-03T09:26:41+00:00
827ea1846b9c05ff,WB1_23_0062,test,OK,,0.9684,1,0.55314666,0.44080138,0.55349171,0.35770875,0.33555719,0.35719964,0.33521214,0.44029230,0.1123,2026-09-03T09:26:41+00:00
66a6152156033f1d,WB1_23_0064,test,OK,,0.9718,1,0.47456428,0.57189673,0.48930737,0.48458964,0.24764819,0.46163529,0.23290510,0.54894239,0.1122,2026-09-03T09:26:41+00:00
5843b2e0c3064d2c,WB1_23_0063,test,OK,,0.9554,1,0.60915941,0.59171599,0.61004710,0.53612494,0.44671932,0.53465790,0.44583163,0.59024894,0.1153,2026-09-03T09:26:41+00:00
8d70585c2aa84e2a,WB1_23_0061,test,FAILED,no_detection,,0,,,,,,,,,0.1013,2026-09-03T09:26:41+00:00
fa7f99c73251440c,WB1_23_0065,test,OK,,0.9387,2,0.58559304,0.53174573,0.58378828,0.48071030,0.43277344,0.48371425,0.43457821,0.53474963,0.1209,2026-09-03T09:26:41+00:00
d82c06c8e281a1c5,WB1_23_0067,test,OK,,0.9595,1,0.65723610,0.58733457,0.65451831,0.49614111,0.37304461,0.50085962,0.37576237,0.59205312,0.1130,2026-09-03T09:26:41+00:00
33aa1eb629d08b62,WB1_23_0069,test,OK,,0.9487,1,0.58277202,0.64231896,0.57867527,0.56839317,0.34259167,0.57575244,0.34668845,0.64967823,0.1142,2026-09-03T09:26:41+00:00
14d8013686b642db,WB1_23_0070,test,OK,,0.9781,1,0.52851838,0.61039436,0.52180463,0.53910786,0.29172480,0.55129659,0.29843855,0.62258309,0.1192,2026-09-03T09:26:41+00:00
a23ca808f430c3ca,WB1_23_0068,test,OK,,0.9448,1,0.55544281,0.59133881,0.55961007,0.49599418,0.26494506,0.48874977,0.26077780,0.58409441,0.1145,2026-09-03T09:26:42+00:00
faa4202902ed06d4,WB1_23_0025,test,OK,,0.9232,2,0.39523235,0.42929551,0.41101614,0.14335841,0.00377587,0.10337864,0.00000000,0.38931572,0.0867,2026-09-03T09:26:42+00:00
e4d52f7e7752966a,WB1_23_0021,test,OK,,0.9359,2,0.37394696,0.82216430,0.36445719,0.77618802,0.26490369,0.79673642,0.27439347,0.84271270,0.1260,2026-09-03T09:26:42+00:00
85e12d7497cd878c,WB1_23_0023,test,OK,,0.9214,1,0.38125303,0.39658698,0.39533040,0.07310031,0.00000000,0.04237373,0.00000000,0.36586043,0.0877,2026-09-03T09:26:42+00:00
5e130ee7de7ddffd,WB1_23_0024,test,OK,,0.9719,1,0.44306034,0.81868184,0.43584195,0.73598826,0.24506016,0.75264180,0.25227860,0.83533543,0.1210,2026-09-03T09:26:42+00:00
d109c5940b63b4db,WB1_23_0019,test,FAILED,no_detection,,0,,,,,,,,,0.0821,2026-09-03T09:26:42+00:00
e5bf4af9a48e1268,WB1_23_0026,test,OK,,0.1137,1,0.41108707,0.48341992,0.40695739,0.38487619,0.16144946,0.39516470,0.16557913,0.49370843,0.1230,2026-09-03T09:26:42+00:00
7194b7372193bbc4,WB1_23_0022,test,OK,,0.9760,2,0.31339461,0.81596762,0.30427310,0.73354656,0.12209245,0.75370836,0.13121396,0.83612943,0.1246,2026-09-03T09:26:42+00:00
178e31f117d29e7b,WB1_23_0017,test,OK,,0.9524,1,0.35957569,0.53305829,0.34452921,0.24248271,0.00000000,0.27528319,0.00419740,0.56585878,0.0820,2026-09-03T09:26:42+00:00
d3b18028722020d5,WB1_23_0016,test,OK,,0.2234,1,0.39006695,0.48524609,0.38783160,0.14861441,0.00000000,0.15330450,0.00000000,0.48993617,0.0827,2026-09-03T09:26:42+00:00
de81b52cb4f9d746,WB1_23,test,OK,,0.8668,1,0.54807019,0.53389961,0.54849190,0.47151542,0.38967624,0.47090688,0.38925457,0.53329104,0.1183,2026-09-03T09:26:43+00:00
3562df6cbf6b55f1,WB1_23,test,OK,,0.9431,2,0.55408174,0.64828259,0.54646838,0.60263091,0.40609515,0.61590248,0.41370848,0.66155416,0.1152,2026-09-03T09:26:43+00:00
8e12882daf60785d,WB1_23,test,OK,,0.8295,2,0.65121573,0.66578197,0.65318578,0.61668789,0.49173567,0.61301506,0.48976561,0.66210908,0.1270,2026-09-03T09:26:43+00:00
7fa0ec15bf3f9347,WB1_23,test,OK,,0.9607,1,0.67699927,0.78630942,0.67840862,0.72824234,0.48389342,0.72556603,0.48248413,0.78363305,0.1214,2026-09-03T09:26:43+00:00
31eed8e0c549a4ab,WB1_23,test,OK,,0.9353,1,0.60943609,0.60238695,0.59887695,0.53828305,0.44408116,0.55273831,0.45464030,0.61684221,0.1173,2026-09-03T09:26:43+00:00
92c40cfae38bcef2,WB1_23,test,OK,,0.9645,1,0.62781847,0.68588084,0.62596339,0.63877702,0.48177922,0.64199620,0.48363426,0.68910003,0.1209,2026-09-03T09:26:43+00:00
e2f9b91e3f1d7fd0,WB1_23,test,OK,,0.9436,1,0.54788750,0.53455234,0.54953963,0.49390677,0.41744435,0.49086291,0.41579226,0.53150851,0.1171,2026-09-03T09:26:43+00:00
3469b394d374c589,WB1_23,test,OK,,0.9414,1,0.56716365,0.51538265,0.57335073,0.45049012,0.35189071,0.43851957,0.34570360,0.50341213,0.1131,2026-09-03T09:26:43+00:00
5634b491a22273d8,WB1_23,test,OK,,0.9467,1,0.54383314,0.55091774,0.54634696,0.50473398,0.39750850,0.50014120,0.39499471,0.54632491,0.1155,2026-09-03T09:26:44+00:00
1df0869a8ae33a0f,WB1_23,test,OK,,0.9419,1,0.54723185,0.79548252,0.54311299,0.73625612,0.39876667,0.74194711,0.40288553,0.80117351,0.1178,2026-09-03T09:26:44+00:00
8d3f424d5d5415e1,WB1_23,test,OK,,0.9290,1,0.57764995,0.51439786,0.56833357,0.43593132,0.34026730,0.45128259,0.34958366,0.52974910,0.1235,2026-09-03T09:26:44+00:00
d1a32a0943e03607,WB1_23,test,OK,,0.9523,1,0.55569357,0.51397461,0.55509275,0.46579269,0.40926048,0.46682361,0.40986130,0.51500547,0.1137,2026-09-03T09:26:44+00:00
4a87f13f5d00c26e,WB1_23,test,OK,,0.9538,1,0.61422241,0.75815600,0.61339086,0.69954765,0.42224959,0.70108497,0.42308113,0.75969332,0.1097,2026-09-03T09:26:44+00:00
660a56a793d784d0,WB1_23,test,OK,,0.9527,2,0.60623616,0.73347908,0.61756563,0.65534407,0.35280052,0.63357961,0.34147105,0.71171468,0.1137,2026-09-03T09:26:44+00:00
28135c20f1a071ce,WB1_23_0001,test,OK,,0.9051,1,0.50969052,0.77555549,0.52746016,0.73771495,0.37158361,0.71458995,0.35381395,0.75243050,0.1123,2026-09-03T09:26:44+00:00
c8b200d23d113244,WB1_23_0005,test,OK,,0.9409,2,0.70723563,0.69029725,0.69121933,0.64810658,0.52575040,0.66795111,0.54176670,0.71014178,0.1126,2026-09-03T09:26:44+00:00
fa83380af44cd17c,WB1_23_0007,test,OK,,0.9213,1,0.50313973,0.76003420,0.52043557,0.71892411,0.37613258,0.69974422,0.35883683,0.74085438,0.1103,2026-09-03T09:26:44+00:00
96026cf46a1a1e7a,WB1_23_0002,test,OK,,0.9312,1,0.56604332,0.68264747,0.54820740,0.64670527,0.40073314,0.66982514,0.41856909,0.70576739,0.1122,2026-09-03T09:26:45+00:00
860609a012ba54b2,WB1_23_0004,test,OK,,0.8882,1,0.65849185,0.63879728,0.64530969,0.60351318,0.50683767,0.61985683,0.52001983,0.65514094,0.1109,2026-09-03T09:26:45+00:00
2eefb8a31d4af686,WB1_23_0006,test,OK,,0.9439,1,0.63015538,0.77083743,0.64110303,0.72967845,0.47947013,0.71609634,0.46852249,0.75725532,0.1117,2026-09-03T09:26:45+00:00
1a8e55a96ee20af0,WB1_23_0008,test,OK,,0.9208,1,0.52459991,0.71291524,0.52000105,0.68031174,0.38452694,0.68634874,0.38912582,0.71895224,0.1128,2026-09-03T09:26:45+00:00
28bedf35c31eb95f,WB1_23_0010,test,OK,,0.8637,2,0.47873825,0.66355747,0.48751962,0.61376870,0.26881072,0.60158217,0.26002932,0.65137100,0.1143,2026-09-03T09:26:45+00:00
1a87b6c0fe333113,WB1_23_0040,test,OK,,0.9358,1,0.52776641,0.55250579,0.52317363,0.51582134,0.40291062,0.52429074,0.40750343,0.56097513,0.1243,2026-09-03T09:26:45+00:00
191f1b42fa60e527,WB1_23_0038,test,OK,,0.9178,1,0.54425490,0.65178758,0.54948390,0.61022002,0.42852256,0.60166091,0.42329353,0.64322847,0.1195,2026-09-03T09:26:45+00:00
00f76d63ecf3d4c9,WB1_23_0039,test,OK,,0.9500,1,0.57780653,0.48082706,0.57522297,0.43757528,0.44258663,0.44203183,0.44517019,0.48528358,0.1223,2026-09-03T09:26:45+00:00
a5efb38f8dd1b65a,WB1_23_0037,test,OK,,0.9050,1,0.71078783,0.71087348,0.70686203,0.61832577,0.42383978,0.62507880,0.42776549,0.71762645,0.1227,2026-09-03T09:26:46+00:00
f67491d05869af1f,WB1_23_0035,test,OK,,0.8076,1,0.54721045,0.62491727,0.56243122,0.57052284,0.40979481,0.54649788,0.39457405,0.60089231,0.1206,2026-09-03T09:26:46+00:00
587e87110950face,WB1_23_0031,test,OK,,0.9684,1,0.55542272,0.55370450,0.55752885,0.49551940,0.37593180,0.49182191,0.37382567,0.55000705,0.1271,2026-09-03T09:26:46+00:00
a2a77d3889fe5fd1,WB1_23_0033,test,OK,,0.8820,1,0.51008594,0.55120045,0.50150687,0.51467079,0.39171284,0.52917498,0.40029192,0.56570464,0.1228,2026-09-03T09:26:46+00:00
f5d16296143e082d,WB1_23_0036,test,OK,,0.9558,1,0.51798427,0.55881900,0.51694936,0.50638121,0.36538988,0.50806379,0.36642480,0.56050158,0.1246,2026-09-03T09:26:46+00:00
26166e45709ebc9a,WB1_23_0034,test,OK,,0.5518,1,0.62312651,0.44575983,0.60056204,0.35143730,0.34807470,0.38541320,0.37063915,0.47973570,0.1240,2026-09-03T09:26:46+00:00
6cb54426d86a0177,WB1_23_0032,test,OK,,0.8474,1,0.53727126,0.47015026,0.53966731,0.42897448,0.41255507,0.42481393,0.41015902,0.46598971,0.1247,2026-09-03T09:26:46+00:00
35a5e3818fce5315,WB1_23_0127,test,OK,,0.9403,1,0.42949229,0.42414883,0.44323280,0.36134544,0.19805032,0.34433347,0.18430984,0.40713686,0.1143,2026-09-03T09:26:46+00:00
48b539d06ca31a5b,WB1_23_0126,test,OK,,0.9648,1,0.46593681,0.54342872,0.46507031,0.47411022,0.16120799,0.47531477,0.16207443,0.54463327,0.1148,2026-09-03T09:26:46+00:00
ed593b8fa3054908,WB1_23_0128,test,OK,,0.8971,2,0.39869881,0.54240191,0.42922753,0.45867983,0.11997347,0.42291713,0.08944471,0.50663918,0.1182,2026-09-03T09:26:47+00:00
10b8b34f9c0278c5,WB1_23_0131,test,OK,,0.9644,1,0.36957145,0.47698516,0.36808285,0.41362756,0.08395556,0.41574469,0.08544416,0.47910228,0.1152,2026-09-03T09:26:47+00:00
d4996e4e78bb2bde,WB1_23_0133,test,OK,,0.9643,1,0.37953696,0.42297834,0.38043112,0.37067959,0.17593813,0.36957082,0.17504397,0.42186958,0.1181,2026-09-03T09:26:47+00:00
dbbc7f5f2ca28b58,WB1_23_0135,test,OK,,0.9522,1,0.35418376,0.44309479,0.35331702,0.37018293,0.06842569,0.37125689,0.06929240,0.44416878,0.1242,2026-09-03T09:26:47+00:00
13876b139df5ee3a,WB1_23_0132,test,OK,,0.9595,1,0.42149824,0.43850136,0.42266971,0.37069461,0.13387522,0.36911225,0.13270369,0.43691897,0.1182,2026-09-03T09:26:47+00:00
368d65d35246b730,WB1_23_0129,test,OK,,0.9578,1,0.36496648,0.50036895,0.37424073,0.42979538,0.10949451,0.41876185,0.10022026,0.48933542,0.1189,2026-09-03T09:26:47+00:00
45fc9a6670d7d98c,WB1_23_0130,test,OK,,0.9621,1,0.31992584,0.47878116,0.32496297,0.42145428,0.07849749,0.41458634,0.07346036,0.47191322,0.1201,2026-09-03T09:26:47+00:00
f3a5aa53803523c7,WB1_23_0134,test,OK,,0.9578,1,0.43379828,0.48304769,0.43443760,0.41106647,0.12861334,0.41020501,0.12797399,0.48218623,0.1195,2026-09-03T09:26:47+00:00
