image_id,specimen_id,tancrede_image_path,matched_via,status,reason,n_out_of_bounds,aspect_ratio_obb,aspect_ratio_crops_csv,keep
b1f09ac7b47d14dc,OPIE_Lapi_030803b,/Volumes/EXT DATA/IDMB/Bombus/images/collection/Bombus_lapidarius/male/OPIE_Lapi_030803b_P1.JPG,tail3,OK,,0,2.4868,2.4868,
204d400420ea80bf,OPIE_Lapi_030803,/Volumes/EXT DATA/IDMB/Bombus/images/collection/Bombus_lapidarius/male/OPIE_Lapi_030803_P1.JPG,tail3,OK,,0,2.4732,2.4732,
9492299e29cc2996,OPIE_Lapi_060803,/Volumes/EXT DATA/IDMB/Bombus/images/collection/Bombus_lapidarius/male/OPIE_Lapi_060803_P1.JPG,tail3,OK,,0,2.4578,2.4578,
730437fd4e90ad7d,OPIE_Lapi_070820,/Volumes/EXT DATA/IDMB/Bombus/images/collection/Bombus_lapidarius/male/OPIE_Lapi_070820_P1.JPG,tail3,OK,,0,2.5205,2.5205,
45f2cc5a3546f39d,OPIE_Lapi_100803,/Volumes/EXT DATA/IDMB/Bombus/images/collection/Bombus_lapidarius/male/OPIE_Lapi_100803_P1.JPG,tail3,OK,,0,2.4440,2.4440,
fce15c38021f4e54,OPIE_Lapi_100820,/Volumes/EXT DATA/IDMB/Bombus/images/collection/Bombus_lapidarius/male/OPIE_Lapi_100820_P1.JPG,tail3,OK,,0,2.3541,2.3541,
70ec76b103b7fa54,OPIE_Lapi_160720,/Volumes/EXT DATA/IDMB/Bombus/images/collection/Bombus_lapidarius/male/OPIE_Lapi_160720_P1.JPG,tail3,OK,,0,2.4409,2.4409,
d9f756ea734431c4,OPIE_Lapi_180702,/Volumes/EXT DATA/IDMB/Bombus/images/collection/Bombus_lapidarius/male/OPIE_Lapi_180702_P1.JPG,tail3,OK,,0,2.4798,2.4798,
8290da03f48dd279,OPIE_Lapi_180703,/Volumes/EXT DATA/IDMB/Bombus/images/collection/Bombus_lapidarius/male/OPIE_Lapi_180703_P1.JPG,tail3,OK,,0,2.4344,2.4344,
0ff169e3fc47a284,OPIE_Lapi_200703b,/Volumes/EXT DATA/IDMB/Bombus/images/collection/Bombus_lapidarius/male/OPIE_Lapi_200703b_P1.JPG,tail3,OK,,0,2.4026,2.4026,
af53070f1d1e2e76,OPIE_Lapi_200703,/Volumes/EXT DATA/IDMB/Bombus/images/collection/Bombus_lapidarius/male/OPIE_Lapi_200703_P1.JPG,tail3,OK,,0,2.5031,2.5031,
e4d48e4937f536cc,OPIE_Lapi_78V,/Volumes/EXT DATA/IDMB/Bombus/images/collection/Bombus_lapidarius/male/OPIE_Lapi_78V_P1.JPG,tail3,OK,,0,2.4788,2.4788,
a7bce4533155d45b,OPIE_Lapi_7B,/Volumes/EXT DATA/IDMB/Bombus/images/collection/Bombus_lapidarius/male/OPIE_Lapi_7B_P1.JPG,tail3,OK,,0,2.4616,2.4616,
9238b85da8d0146c,OPIE_Lapi_95C,/Volumes/EXT DATA/IDMB/Bombus/images/collection/Bombus_lapidarius/male/OPIE_Lapi_95C_P1.JPG,tail3,OK,,0,2.4455,2.4455,
f805c427c371e472,OPIE_Lapi_A1b,/Volumes/EXT DATA/IDMB/Bombus/images/collection/Bombus_lapidarius/male/OPIE_Lapi_A1b_P1.JPG,tail3,OK,,0,2.3454,2.3454,
f3c14bd7ad839dc2,OPIE_Lapi_A1,/Volumes/EXT DATA/IDMB/Bombus/images/collection/Bombus_lapidarius/male/OPIE_Lapi_A1_P1.JPG,tail3,OK,,0,2.4557,2.4557,
a800566328e43059,OPIE_Lapi_B2b,/Volumes/EXT DATA/IDMB/Bombus/images/collection/Bombus_lapidarius/male/OPIE_Lapi_B2b_P1.JPG,tail3,OK,,0,2.5437,2.5437,
2b5e0d866cf7c51f,OPIE_Lapi_B2,/Volumes/EXT DATA/IDMB/Bombus/images/collection/Bombus_lapidarius/male/OPIE_Lapi_B2_P1.JPG,tail3,OK,,0,2.2181,2.2181,
389604ce08463a97,OPIE_Lapi_D1,/Volumes/EXT DATA/IDMB/Bombus/images/collection/Bombus_lapidarius/male/OPIE_Lapi_D1_P1.JPG,tail3,OK,,0,2.3992,2.3992,
aa26220e634f11a7,OPIE_Lapi_E7,/Volumes/EXT DATA/IDMB/Bombus/images/collection/Bombus_lapidarius/male/OPIE_Lapi_E7_P1.JPG,tail3,OK,,0,2.4425,2.4425,
402c9176aa7d3db3,OPIE_Lapi_H1,/Volumes/EXT DATA/IDMB/Bombus/images/collection/Bombus_lapidarius/male/OPIE_Lapi_H1_P1.JPG,tail3,OK,,0,2.4326,2.4326,
e3690c45eea2b65f,FR15ABOM130621006,/Volumes/EXT DATA/IDMB/Bombus/images/collection/Bombus_rupestris/queen/FR15ABOM130621006_P1.JPG,tail3,SUSPECT,16 landmark(s) hors du crop 512x256,16,1.5899,1.5899,
c955aaacc2dde60b,FR73ABOM130722067,/Volumes/EXT DATA/IDMB/Bombus/images/collection/Bombus_pyrenaeus/male/FR73ABOM130722067_P1.JPG,tail3,OK,,0,2.3076,2.3076,
c94558d31db9148d,CD387287,/Volumes/EXT DATA/IDMB/Bombus/images/collection/Bombus_soroeensis/worker/CD387287_P1.JPG,tail3,OK,,0,1.7277,1.7277,
b3639caf3ddf3dca,FR73ABOM120722002,/Volumes/EXT DATA/IDMB/Bombus/images/collection/Bombus_pyrenaeus/male/FR73ABOM120722002_P1.JPG,tail3,OK,,0,2.0523,2.0523,
0bfbc5dd17e44510,CD388623e,/Volumes/EXT DATA/IDMB/Bombus/images/collection/Bombus_pyrenaeus/worker/CD388623e_P1.JPG,tail3,SUSPECT,19 landmark(s) hors du crop 512x256,19,2.4198,2.4198,
37e29b5a8c659b7a,ABAURA8764,/Volumes/EXT DATA/IDMB/Bombus/images/collection/Bombus_pratorum/male/ABAURA8764_P1.JPG,tail3,SUSPECT,19 landmark(s) hors du crop 512x256,19,2.1244,2.1244,
034d788d9bc940d8,CD388865d,/Volumes/EXT DATA/IDMB/Bombus/images/collection/Bombus_sichelii/worker/CD388865d_P1.JPG,tail3,SUSPECT,19 landmark(s) hors du crop 512x256,19,2.3495,2.3495,
3fb41d7480a0ed6a,OPIE_Lapi_260620b,/Volumes/EXT DATA/IDMB/Bombus/images/collection/Bombus_lapidarius/worker/OPIE_Lapi_260620b_P1.JPG,tail3,OK,,0,2.8829,2.8829,
42b94d27d52e5fe1,FR73ABOM140722011,/Volumes/EXT DATA/IDMB/Bombus/images/collection/Bombus_monticola/male/FR73ABOM140722011_P1.JPG,tail3,OK,,0,2.1931,2.1931,
b048841b3bd41b97,CollecYvan14,/Volumes/EXT DATA/IDMB/Bombus/images/collection/Bombus_monticola/worker/CollecYvan14_P1.JPG,tail3,SKIPPED,detection.csv absent ou status != OK pour ce image_id,,,,
342f96386bc15f20,FR15_ABOM30072020040,/Volumes/EXT DATA/IDMB/Bombus/images/collection/Bombus_pomorum/worker/FR15_ABOM30072020040_P1.JPG,tail3,SUSPECT,19 landmark(s) hors du crop 512x256,19,2.7998,2.7998,
2df15e40bb197573,FR15_ABOM30072020045,/Volumes/EXT DATA/IDMB/Bombus/images/collection/Bombus_pomorum/worker/FR15_ABOM30072020045_P1.JPG,tail3,SUSPECT,19 landmark(s) hors du crop 512x256,19,2.4137,2.4137,
03a19102bf6c070b,BAR-2018.00332,/Volumes/EXT DATA/IDMB/Bombus/images/collection/Bombus_sylvarum/worker/BAR-2018.00332_P1.JPG,tail3,SUSPECT,19 landmark(s) hors du crop 512x256,19,2.3795,2.3795,
0b8d57d8876590c8,2020.00470,/Volumes/EXT DATA/IDMB/Bombus/images/collection/Bombus_rupestris/male/2020.00470_P1.JPG,tail3,SUSPECT,19 landmark(s) hors du crop 512x256,19,2.1784,2.1784,
3fde63b1f4c60d0d,N126,/Volumes/EXT DATA/IDMB/Bombus/images/collection/Bombus_pratorum/male/N126_P1.JPG,tail3,SUSPECT,19 landmark(s) hors du crop 512x256,19,2.3527,2.3527,
d8f452d167f3aff0,CollecYvan24,/Volumes/EXT DATA/IDMB/Bombus/images/collection/Bombus_wurflenii/male/CollecYvan24_P1.JPG,tail3,SUSPECT,19 landmark(s) hors du crop 512x256,19,2.2886,2.2886,
a457dad932470860,OPIE_Lapi_220620c,/Volumes/EXT DATA/IDMB/Bombus/images/collection/Bombus_lapidarius/worker/OPIE_Lapi_220620c_P1.JPG,tail3,OK,,0,2.3861,2.3861,
4a1342e0914d7f3a,CD388820b,/Volumes/EXT DATA/IDMB/Bombus/images/collection/Bombus_wurflenii/worker/CD388820b_P1.JPG,tail3,SUSPECT,19 landmark(s) hors du crop 512x256,19,2.1478,2.1478,
0430a31d4448b63a,CD388862,/Volumes/EXT DATA/IDMB/Bombus/images/collection/Bombus_soroeensis/worker/CD388862_P1.JPG,tail3,OK,,0,2.2678,2.2678,
11f9f9e12a6ea6ef,FR15ABOM200821209,/Volumes/EXT DATA/IDMB/Bombus/images/collection/Bombus_pomorum/male/FR15ABOM200821209_P1.JPG,tail3,SUSPECT,19 landmark(s) hors du crop 512x256,19,1.8384,1.8384,
f121964e05160221,FR73ABOM200722029,/Volumes/EXT DATA/IDMB/Bombus/images/collection/Bombus_pyrenaeus/male/FR73ABOM200722029_P1.JPG,tail3,OK,,0,2.1939,2.1939,
63678a52fde73929,FR73ABOM130722009,/Volumes/EXT DATA/IDMB/Bombus/images/collection/Bombus_pyrenaeus/male/FR73ABOM130722009_P1.JPG,tail3,OK,,0,2.2962,2.2962,
8375f2bfd3459f92,FR73ABOM130722062,/Volumes/EXT DATA/IDMB/Bombus/images/collection/Bombus_pyrenaeus/male/FR73ABOM130722062_P1.JPG,tail3,OK,,0,2.2508,2.2508,
6636234c53a32f3c,CD388391,/Volumes/EXT DATA/IDMB/Bombus/images/collection/Bombus_soroeensis/queen/CD388391_P1.JPG,tail3,OK,,0,2.1688,2.1688,
a5a08141d8f8816f,ABAURA8526b,/Volumes/EXT DATA/IDMB/Bombus/images/collection/Bombus_wurflenii/worker/ABAURA8526b_P1.JPG,tail3,SUSPECT,19 landmark(s) hors du crop 512x256,19,2.2142,2.2142,
b6c44c5ea73c1d71,FR15ABOM210822014,/Volumes/EXT DATA/IDMB/Bombus/images/collection/Bombus_pomorum/male/FR15ABOM210822014_P1.JPG,tail3,SUSPECT,19 landmark(s) hors du crop 512x256,19,2.2335,2.2335,
4ce1cc94d5df8def,OPIE_Lapi_130720d,/Volumes/EXT DATA/IDMB/Bombus/images/collection/Bombus_lapidarius/worker/OPIE_Lapi_130720d_P1.JPG,tail3,OK,,0,2.3913,2.3913,
7428f73cd0a933f0,CD388135,/Volumes/EXT DATA/IDMB/Bombus/images/collection/Bombus_sylvarum/worker/CD388135_P1.JPG,tail3,SUSPECT,19 landmark(s) hors du crop 512x256,19,2.2672,2.2672,
81446af8cbe96371,POLLINIS4351,/Volumes/EXT DATA/IDMB/Bombus/images/collection/Bombus_pratorum/male/POLLINIS4351_P1.JPG,tail3,SUSPECT,19 landmark(s) hors du crop 512x256,19,2.2074,2.2074,
98ce8d52e2c0a90f,OPIE_Lapi_200720,/Volumes/EXT DATA/IDMB/Bombus/images/collection/Bombus_lapidarius/worker/OPIE_Lapi_200720_P1.JPG,tail3,OK,,0,2.4642,2.4642,
0f705e15905e11c7,FR15_ABOM09082020078,/Volumes/EXT DATA/IDMB/Bombus/images/collection/Bombus_sylvarum/male/FR15_ABOM09082020078_P1.JPG,tail3,SUSPECT,19 landmark(s) hors du crop 512x256,19,2.2817,2.2817,
79920c9864a4bd88,NoName11,/Volumes/EXT DATA/IDMB/Bombus/images/collection/Bombus_sylvarum/male/NoName11_P1.JPG,tail3,SUSPECT,19 landmark(s) hors du crop 512x256,19,2.3599,2.3599,
b1a60222c3ae610f,CD388865e,/Volumes/EXT DATA/IDMB/Bombus/images/collection/Bombus_sichelii/worker/CD388865e_P1.JPG,tail3,SUSPECT,19 landmark(s) hors du crop 512x256,19,2.4046,2.4046,
3dee7dcf0bf5b89f,OPIE_Lapi_260620,/Volumes/EXT DATA/IDMB/Bombus/images/collection/Bombus_lapidarius/worker/OPIE_Lapi_260620_P1.JPG,tail3,OK,,0,2.2948,2.2948,
0c1aa712dbb9b9f0,ABAURA8885d,/Volumes/EXT DATA/IDMB/Bombus/images/collection/Bombus_ruderarius/male/ABAURA8885d_P1.JPG,tail3,SUSPECT,19 landmark(s) hors du crop 512x256,19,2.4129,2.4129,
3c228409f68a5305,2020.00301,/Volumes/EXT DATA/IDMB/Bombus/images/collection/Bombus_pratorum/male/2020.00301_P1.JPG,tail3,SUSPECT,19 landmark(s) hors du crop 512x256,19,2.3252,2.3252,
b482aa691b4451d8,FR74ABOM160722015,/Volumes/EXT DATA/IDMB/Bombus/images/collection/Bombus_monticola/worker/FR74ABOM160722015_P1.JPG,tail3,OK,,0,2.5431,2.5431,
b92388d585663405,CD387770,/Volumes/EXT DATA/IDMB/Bombus/images/collection/Bombus_pratorum/worker/CD387770_P1.JPG,tail3,SUSPECT,19 landmark(s) hors du crop 512x256,19,2.3306,2.3306,
f8117419f1d5034b,FR73ABOM140722032,/Volumes/EXT DATA/IDMB/Bombus/images/collection/Bombus_monticola/male/FR73ABOM140722032_P1.JPG,tail3,OK,,0,2.2655,2.2655,
259ccbb41a1f9769,OPIE_Lapi_290602,/Volumes/EXT DATA/IDMB/Bombus/images/collection/Bombus_lapidarius/worker/OPIE_Lapi_290602_P1.JPG,tail3,OK,,0,2.2333,2.2333,
8d95f8a69d3f4190,FR73ABOM120722027,/Volumes/EXT DATA/IDMB/Bombus/images/collection/Bombus_monticola/male/FR73ABOM120722027_P1.JPG,tail3,OK,,0,2.3603,2.3603,
48e20bc8b80e0810,FR15ABOM220821055,/Volumes/EXT DATA/IDMB/Bombus/images/collection/Bombus_pomorum/worker/FR15ABOM220821055_P1.JPG,tail3,SUSPECT,19 landmark(s) hors du crop 512x256,19,2.2267,2.2267,
74fd3bdda28e9f50,ABAURA57210,/Volumes/EXT DATA/IDMB/Bombus/images/collection/Bombus_pratorum/queen/ABAURA57210_P1.JPG,tail3,OK,,0,2.3475,2.3475,
b31baa711c2715fa,UBC-2014.0001,/Volumes/EXT DATA/IDMB/Bombus/images/collection/Bombus_rupestris/queen/UBC-2014.0001_P1.JPG,tail3,SUSPECT,19 landmark(s) hors du crop 512x256,19,2.3078,2.3078,
608ce8d9b35413ba,CD387577b,/Volumes/EXT DATA/IDMB/Bombus/images/collection/Bombus_soroeensis/worker/CD387577b_P1.JPG,tail3,OK,,0,1.9542,1.9542,
2f02eb569420af0d,ABAURA8238a,/Volumes/EXT DATA/IDMB/Bombus/images/collection/Bombus_sichelii/worker/ABAURA8238a_P1.JPG,tail3,SUSPECT,19 landmark(s) hors du crop 512x256,19,2.6449,2.6449,
,,/Volumes/EXT DATA/IDMB/Bombus/images/collection/Bombus_ruderarius/male/ATBI GR5_P1.JPG,,SKIPPED,aucune correspondance dans manifest.csv,,,,
9be325c13ee788b4,CD388016b,/Volumes/EXT DATA/IDMB/Bombus/images/collection/Bombus_wurflenii/worker/CD388016b_P1.JPG,tail3,SUSPECT,19 landmark(s) hors du crop 512x256,19,2.2466,2.2466,
68146c2cf60e5164,FR15ABOM200821014,/Volumes/EXT DATA/IDMB/Bombus/images/collection/Bombus_pomorum/worker/FR15ABOM200821014_P1.JPG,tail3,SUSPECT,19 landmark(s) hors du crop 512x256,19,2.2233,2.2233,
196764ef36225a6b,ABAURA8240b,/Volumes/EXT DATA/IDMB/Bombus/images/collection/Bombus_pratorum/worker/ABAURA8240b_P1.JPG,tail3,SUSPECT,19 landmark(s) hors du crop 512x256,19,2.3501,2.3501,
d955755a4a672fef,ABAURA8239,/Volumes/EXT DATA/IDMB/Bombus/images/collection/Bombus_pratorum/worker/ABAURA8239_P1.JPG,tail3,SUSPECT,19 landmark(s) hors du crop 512x256,19,2.3104,2.3104,
21f88e566860b63d,ABAURA8240d,/Volumes/EXT DATA/IDMB/Bombus/images/collection/Bombus_pyrenaeus/worker/ABAURA8240d_P1.JPG,tail3,SUSPECT,19 landmark(s) hors du crop 512x256,19,2.6439,2.6439,
e5531800fd3cdf6e,ABAURA8212,/Volumes/EXT DATA/IDMB/Bombus/images/collection/Bombus_pyrenaeus/worker/ABAURA8212_P1.JPG,tail3,SUSPECT,19 landmark(s) hors du crop 512x256,19,2.5571,2.5571,
2840b7b5df4d1b3f,CD388872b,/Volumes/EXT DATA/IDMB/Bombus/images/collection/Bombus_soroeensis/worker/CD388872b_P1.JPG,tail3,OK,,0,2.3567,2.3567,
abd9704240eef228,CollecYvan22,/Volumes/EXT DATA/IDMB/Bombus/images/collection/Bombus_wurflenii/male/CollecYvan22_P1.JPG,tail3,SUSPECT,19 landmark(s) hors du crop 512x256,19,2.2306,2.2306,
cb3ab6df982d3e81,FR04ABOM220722055,/Volumes/EXT DATA/IDMB/Bombus/images/collection/Bombus_ruderarius/male/FR04ABOM220722055_P1.JPG,tail3,SUSPECT,19 landmark(s) hors du crop 512x256,19,2.1961,2.1961,
a66ea33d6b900690,OPPO.2021.03276,/Volumes/EXT DATA/IDMB/Bombus/images/collection/Bombus_pratorum/worker/OPPO.2021.03276_P1.JPG,tail3,SUSPECT,19 landmark(s) hors du crop 512x256,19,2.0425,2.0425,
35d1f8a264cf0bc6,N385,/Volumes/EXT DATA/IDMB/Bombus/images/collection/Bombus_pratorum/male/N385_P1.JPG,tail3,SUSPECT,19 landmark(s) hors du crop 512x256,19,2.0669,2.0669,
2dad18940dfdde9a,CD388865,/Volumes/EXT DATA/IDMB/Bombus/images/collection/Bombus_sichelii/worker/CD388865_P1.JPG,tail3,SUSPECT,19 landmark(s) hors du crop 512x256,19,2.3199,2.3199,
f79b9dc0adf9526c,FR73ABOM140722033,/Volumes/EXT DATA/IDMB/Bombus/images/collection/Bombus_monticola/male/FR73ABOM140722033_P1.JPG,tail3,OK,,0,2.3681,2.3681,
ccced128bcb80bd0,FR15_ABOM180720048,/Volumes/EXT DATA/IDMB/Bombus/images/collection/Bombus_wurflenii/male/FR15_ABOM180720048_P1.JPG,tail3,SUSPECT,19 landmark(s) hors du crop 512x256,19,2.2212,2.2212,
,,/Volumes/EXT DATA/IDMB/Bombus/images/collection/Bombus_sylvarum/worker/OPPO 5923_P1.JPG,,SKIPPED,aucune correspondance dans manifest.csv,,,,
a45e48d88d2d5f59,POLLINIS4984,/Volumes/EXT DATA/IDMB/Bombus/images/collection/Bombus_sylvarum/queen/POLLINIS4984_P1.JPG,tail3,OK,,0,2.3903,2.3903,
60c0780e8ead0697,FR73ABOM120722103,/Volumes/EXT DATA/IDMB/Bombus/images/collection/Bombus_pyrenaeus/worker/FR73ABOM120722103_P1.JPG,tail3,OK,,0,2.2907,2.2907,
a39ea3f3d5bd44bd,FR15_ABOM17082020015,/Volumes/EXT DATA/IDMB/Bombus/images/collection/Bombus_sylvarum/male/FR15_ABOM17082020015_P1.JPG,tail3,SUSPECT,19 landmark(s) hors du crop 512x256,19,2.2763,2.2763,
7a9c3f3831c37cfe,CD388623b,/Volumes/EXT DATA/IDMB/Bombus/images/collection/Bombus_monticola/worker/CD388623b_P1.JPG,tail3,SUSPECT,19 landmark(s) hors du crop 512x256,19,2.5513,2.5513,
e2713617e753ff1c,FR04ABOM220722087,/Volumes/EXT DATA/IDMB/Bombus/images/collection/Bombus_monticola/worker/FR04ABOM220722087_P1.JPG,tail3,OK,,0,2.1354,2.1354,
fa07f6933c7269dd,2020.03936,/Volumes/EXT DATA/IDMB/Bombus/images/collection/Bombus_pyrenaeus/male/2020.03936_P1.JPG,tail3,OK,,0,2.2483,2.2483,
83039d6f02f7a727,FR73ABOM130722003,/Volumes/EXT DATA/IDMB/Bombus/images/collection/Bombus_sichelii/male/FR73ABOM130722003_P1.JPG,tail3,SUSPECT,19 landmark(s) hors du crop 512x256,19,2.3769,2.3769,
30c7f1b8a62a4a86,FR15ABOM210821048,/Volumes/EXT DATA/IDMB/Bombus/images/collection/Bombus_pomorum/male/FR15ABOM210821048_P1.JPG,tail3,SUSPECT,19 landmark(s) hors du crop 512x256,19,2.1822,2.1822,
24ca132787999367,FR15_ABOM30072020036,/Volumes/EXT DATA/IDMB/Bombus/images/collection/Bombus_sylvarum/male/FR15_ABOM30072020036_P1.JPG,tail3,SUSPECT,19 landmark(s) hors du crop 512x256,19,2.2724,2.2724,
4dca7e8b0e1d3936,FR73ABOM200722028,/Volumes/EXT DATA/IDMB/Bombus/images/collection/Bombus_pyrenaeus/male/FR73ABOM200722028_P1.JPG,tail3,OK,,0,2.2274,2.2274,
10816ff4f0a39c15,2020.00377,/Volumes/EXT DATA/IDMB/Bombus/images/collection/Bombus_ruderarius/worker/2020.00377_P1.JPG,tail3,SUSPECT,19 landmark(s) hors du crop 512x256,19,1.9188,1.9188,
c36c93b203e601d1,ABAURA8607,/Volumes/EXT DATA/IDMB/Bombus/images/collection/Bombus_pratorum/male/ABAURA8607_P1.JPG,tail3,SUSPECT,19 landmark(s) hors du crop 512x256,19,2.4343,2.4343,
8010a700d6e3c12b,ABAURA8207e,/Volumes/EXT DATA/IDMB/Bombus/images/collection/Bombus_wurflenii/worker/ABAURA8207e_P1.JPG,tail3,SUSPECT,19 landmark(s) hors du crop 512x256,19,2.2739,2.2739,
1b0831643c0cc20d,ABAURA8228b,/Volumes/EXT DATA/IDMB/Bombus/images/collection/Bombus_pyrenaeus/worker/ABAURA8228b_P1.JPG,tail3,SUSPECT,19 landmark(s) hors du crop 512x256,19,2.3593,2.3593,
6b6da1bbd5b532ce,ABAURA8205c,/Volumes/EXT DATA/IDMB/Bombus/images/collection/Bombus_ruderarius/worker/ABAURA8205c_P1.JPG,tail3,SUSPECT,19 landmark(s) hors du crop 512x256,19,2.4817,2.4817,
e67b1d62ffe71de9,FR15ABOM200722062,/Volumes/EXT DATA/IDMB/Bombus/images/collection/Bombus_wurflenii/male/FR15ABOM200722062_P1.JPG,tail3,SUSPECT,19 landmark(s) hors du crop 512x256,19,2.2575,2.2575,
acfb38156475ed28,POLLINIS4343,/Volumes/EXT DATA/IDMB/Bombus/images/collection/Bombus_soroeensis/worker/POLLINIS4343_P1.JPG,tail3,OK,,0,2.0845,2.0845,
ae8db4cf8e0f2c5a,ABAURA8852,/Volumes/EXT DATA/IDMB/Bombus/images/collection/Bombus_ruderarius/male/ABAURA8852_P1.JPG,tail3,SUSPECT,19 landmark(s) hors du crop 512x256,19,2.2282,2.2282,
6a9a972528903ec7,FR73ABOM140722009,/Volumes/EXT DATA/IDMB/Bombus/images/collection/Bombus_monticola/worker/FR73ABOM140722009_P1.JPG,tail3,SKIPPED,detection.csv absent ou status != OK pour ce image_id,,,,
a64bdd62e848bbc3,ABAURA4923,/Volumes/EXT DATA/IDMB/Bombus/images/collection/Bombus_ruderarius/worker/ABAURA4923_P1.JPG,tail3,SUSPECT,19 landmark(s) hors du crop 512x256,19,2.3654,2.3654,
8a73c15b67d769dd,FR04ABOM220722031,/Volumes/EXT DATA/IDMB/Bombus/images/collection/Bombus_pyrenaeus/worker/FR04ABOM220722031_P1.JPG,tail3,OK,,0,2.3033,2.3033,
5616bc2f4ea06c4c,CollecYvan21,/Volumes/EXT DATA/IDMB/Bombus/images/collection/Bombus_wurflenii/male/CollecYvan21_P1.JPG,tail3,SUSPECT,19 landmark(s) hors du crop 512x256,19,2.2358,2.2358,
6eb8eee10fb95f40,CD388821f,/Volumes/EXT DATA/IDMB/Bombus/images/collection/Bombus_sichelii/worker/CD388821f_P1.JPG,tail3,SUSPECT,19 landmark(s) hors du crop 512x256,19,2.4053,2.4053,
7c47133be5617baa,FR15ABOM110721013,/Volumes/EXT DATA/IDMB/Bombus/images/collection/Bombus_rupestris/queen/FR15ABOM110721013_P1.JPG,tail3,SUSPECT,16 landmark(s) hors du crop 512x256,16,1.5775,1.5775,
0680d6c33de35f6f,Znieff_galibier,/Volumes/EXT DATA/IDMB/Bombus/images/collection/Bombus_wurflenii/worker/Znieff_galibier_P1.JPG,tail3,SUSPECT,19 landmark(s) hors du crop 512x256,19,2.2249,2.2249,
f71d5d01d852a320,ABAURA8672b,/Volumes/EXT DATA/IDMB/Bombus/images/collection/Bombus_soroeensis/worker/ABAURA8672b_P1.JPG,tail3,OK,,0,2.4483,2.4483,
63b62392223dee89,ABAURA8885e,/Volumes/EXT DATA/IDMB/Bombus/images/collection/Bombus_ruderarius/queen/ABAURA8885e_P1.JPG,tail3,OK,,0,2.1894,2.1894,
558ee31b272a3e7b,FR73ABOM130722004,/Volumes/EXT DATA/IDMB/Bombus/images/collection/Bombus_pyrenaeus/worker/FR73ABOM130722004_P1.JPG,tail3,OK,,0,2.3432,2.3432,
b710721f6a29fdfc,FR73ABOM120722118,/Volumes/EXT DATA/IDMB/Bombus/images/collection/Bombus_monticola/male/FR73ABOM120722118_P1.JPG,tail3,OK,,0,2.3471,2.3471,
082c32ce83a01520,ABAURA4936,/Volumes/EXT DATA/IDMB/Bombus/images/collection/Bombus_ruderarius/worker/ABAURA4936_P1.JPG,tail3,SUSPECT,19 landmark(s) hors du crop 512x256,19,2.3647,2.3647,
efa6e0c1b3e3d432,D264520,/Volumes/EXT DATA/IDMB/Bombus/images/collection/Bombus_pratorum/queen/D264520_P1.JPG,tail3,OK,,0,2.0801,2.0801,
c7dd3329937bb890,POLLINIS4981,/Volumes/EXT DATA/IDMB/Bombus/images/collection/Bombus_soroeensis/queen/POLLINIS4981_P1.JPG,tail3,OK,,0,2.2502,2.2502,
73f2852198ce4133,FR73ABOM130722002,/Volumes/EXT DATA/IDMB/Bombus/images/collection/Bombus_monticola/worker/FR73ABOM130722002_P1.JPG,tail3,OK,,0,2.3288,2.3288,
87bd63f43e4b42fb,FR73ABOM130722039,/Volumes/EXT DATA/IDMB/Bombus/images/collection/Bombus_monticola/male/FR73ABOM130722039_P1.JPG,tail3,SKIPPED,detection.csv absent ou status != OK pour ce image_id,,,,
4b7935f8bf7ccc03,ABAURA7781b,/Volumes/EXT DATA/IDMB/Bombus/images/collection/Bombus_wurflenii/male/ABAURA7781b_P1.JPG,tail3,SUSPECT,19 landmark(s) hors du crop 512x256,19,2.2257,2.2257,
41ff66fc78754afc,FR73ABOM120722028,/Volumes/EXT DATA/IDMB/Bombus/images/collection/Bombus_sichelii/male/FR73ABOM120722028_P1.JPG,tail3,SUSPECT,19 landmark(s) hors du crop 512x256,19,2.3929,2.3929,
b4b03aeb42a3a7ed,FR15_STPONCY300921002,/Volumes/EXT DATA/IDMB/Bombus/images/collection/Bombus_sylvarum/male/FR15_STPONCY300921002_P1.JPG,tail3,SUSPECT,19 landmark(s) hors du crop 512x256,19,2.2554,2.2554,
07ae35c8ecfa5592,FR15ABOM210822013,/Volumes/EXT DATA/IDMB/Bombus/images/collection/Bombus_pomorum/male/FR15ABOM210822013_P1.JPG,tail3,SUSPECT,19 landmark(s) hors du crop 512x256,19,2.1830,2.1830,
ddd7b63ef5b5d8fb,2017.06254,/Volumes/EXT DATA/IDMB/Bombus/images/collection/Bombus_sylvarum/worker/2017.06254_P1.JPG,tail3,SUSPECT,19 landmark(s) hors du crop 512x256,19,1.9305,1.9305,
128e8c1ab3d32225,FR15ABOM210821014,/Volumes/EXT DATA/IDMB/Bombus/images/collection/Bombus_pomorum/male/FR15ABOM210821014_P1.JPG,tail3,SUSPECT,19 landmark(s) hors du crop 512x256,19,2.2300,2.2300,
0160c6005b0ea7ae,FR04ABOM220722051,/Volumes/EXT DATA/IDMB/Bombus/images/collection/Bombus_ruderarius/male/FR04ABOM220722051_P1.JPG,tail3,SUSPECT,19 landmark(s) hors du crop 512x256,19,2.2812,2.2812,
02f4b620e0055337,NoName1,/Volumes/EXT DATA/IDMB/Bombus/images/collection/Bombus_pratorum/queen/NoName1_P1.JPG,tail3,OK,,0,2.2237,2.2237,
8c430bcc0c5a1b59,2020.04013,/Volumes/EXT DATA/IDMB/Bombus/images/collection/Bombus_sylvarum/worker/2020.04013_P1.JPG,tail3,SUSPECT,19 landmark(s) hors du crop 512x256,19,2.3037,2.3037,
b99150fc19c8ee25,FR73ABOM140722001,/Volumes/EXT DATA/IDMB/Bombus/images/collection/Bombus_monticola/male/FR73ABOM140722001_P1.JPG,tail3,OK,,0,2.2447,2.2447,
76910c01f9865c01,CD388612,/Volumes/EXT DATA/IDMB/Bombus/images/collection/Bombus_soroeensis/worker/CD388612_P1.JPG,tail3,OK,,0,2.3107,2.3107,
8ac42ce0aa2a2376,2020.00449,/Volumes/EXT DATA/IDMB/Bombus/images/collection/Bombus_soroeensis/worker/2020.00449_P1.JPG,tail3,OK,,0,2.5319,2.5319,
24f9632b743d95c1,ABB-2020.00038,/Volumes/EXT DATA/IDMB/Bombus/images/collection/Bombus_ruderarius/worker/ABB-2020.00038_P1.JPG,tail3,SUSPECT,19 landmark(s) hors du crop 512x256,19,2.0225,2.0225,
24d2db6cb4ceff7b,CD388018b,/Volumes/EXT DATA/IDMB/Bombus/images/collection/Bombus_ruderarius/male/CD388018b_P1.JPG,tail3,SUSPECT,19 landmark(s) hors du crop 512x256,19,2.2262,2.2262,
2aa0edf2f211988d,FR73ABOM200722037,/Volumes/EXT DATA/IDMB/Bombus/images/collection/Bombus_pyrenaeus/worker/FR73ABOM200722037_P1.JPG,tail3,OK,,0,2.3920,2.3920,
541a93fa9f9ea3bf,FR15ABOM200821010,/Volumes/EXT DATA/IDMB/Bombus/images/collection/Bombus_pomorum/male/FR15ABOM200821010_P1.JPG,tail3,SUSPECT,19 landmark(s) hors du crop 512x256,19,2.1075,2.1075,
ae5ef7109dd5e766,CD388821b,/Volumes/EXT DATA/IDMB/Bombus/images/collection/Bombus_pyrenaeus/male/CD388821b_P1.JPG,tail3,SUSPECT,19 landmark(s) hors du crop 512x256,19,2.3563,2.3563,
b47f90c600550ac5,CD388821e,/Volumes/EXT DATA/IDMB/Bombus/images/collection/Bombus_sichelii/worker/CD388821e_P1.JPG,tail3,SUSPECT,19 landmark(s) hors du crop 512x256,19,2.4812,2.4812,
5d2926069c20eb49,VAN-2019.00814,/Volumes/EXT DATA/IDMB/Bombus/images/collection/Bombus_rupestris/male/VAN-2019.00814_P1.JPG,tail3,SUSPECT,19 landmark(s) hors du crop 512x256,19,1.7998,1.7998,
37ff9e26700cb395,FR73ABOM200722031,/Volumes/EXT DATA/IDMB/Bombus/images/collection/Bombus_sichelii/male/FR73ABOM200722031_P1.JPG,tail3,SUSPECT,19 landmark(s) hors du crop 512x256,19,2.3854,2.3854,
1329b46bd4a4ef20,2013.0265,/Volumes/EXT DATA/IDMB/Bombus/images/collection/Bombus_pratorum/male/2013.0265_P1.JPG,tail3,SUSPECT,19 landmark(s) hors du crop 512x256,19,2.0745,2.0745,
18eeb893c1dc5bdc,FR15ABOM210822016,/Volumes/EXT DATA/IDMB/Bombus/images/collection/Bombus_pomorum/male/FR15ABOM210822016_P1.JPG,tail3,SUSPECT,19 landmark(s) hors du crop 512x256,19,2.2281,2.2281,
2e5878d7050efbbd,ABAURA5633,/Volumes/EXT DATA/IDMB/Bombus/images/collection/Bombus_soroeensis/male/ABAURA5633_P1.JPG,tail3,OK,,0,2.1902,2.1902,
668754a1082bb1bf,ABAURA8207,/Volumes/EXT DATA/IDMB/Bombus/images/collection/Bombus_sichelii/worker/ABAURA8207_P1.JPG,tail3,SUSPECT,19 landmark(s) hors du crop 512x256,19,2.4139,2.4139,
cd2762c296200f6e,FR15_ABOM30072020048,/Volumes/EXT DATA/IDMB/Bombus/images/collection/Bombus_pomorum/worker/FR15_ABOM30072020048_P1.JPG,tail3,SUSPECT,19 landmark(s) hors du crop 512x256,19,2.3046,2.3046,
4273e666ca3bf267,OPIE_Lapi_130720,/Volumes/EXT DATA/IDMB/Bombus/images/collection/Bombus_lapidarius/worker/OPIE_Lapi_130720_P1.JPG,tail3,OK,,0,2.3217,2.3217,
488370b449b0b93f,FR15_ABOM30072020042,/Volumes/EXT DATA/IDMB/Bombus/images/collection/Bombus_sylvarum/male/FR15_ABOM30072020042_P1.JPG,tail3,SUSPECT,19 landmark(s) hors du crop 512x256,19,2.2159,2.2159,
30167346b354ca7b,VAN-2019.00783,/Volumes/EXT DATA/IDMB/Bombus/images/collection/Bombus_rupestris/male/VAN-2019.00783_P1.JPG,tail3,SUSPECT,19 landmark(s) hors du crop 512x256,19,2.3049,2.3049,
a635bd858282035a,ABAURA4928,/Volumes/EXT DATA/IDMB/Bombus/images/collection/Bombus_ruderarius/worker/ABAURA4928_P1.JPG,tail3,SUSPECT,19 landmark(s) hors du crop 512x256,19,2.2392,2.2392,
0bd407c3342b1795,FR05ABOM220722027,/Volumes/EXT DATA/IDMB/Bombus/images/collection/Bombus_sichelii/male/FR05ABOM220722027_P1.JPG,tail3,SUSPECT,19 landmark(s) hors du crop 512x256,19,2.3922,2.3922,
5e7a2a09b39d306c,FR15ABOM170821030b,/Volumes/EXT DATA/IDMB/Bombus/images/collection/Bombus_pomorum/male/FR15ABOM170821030b_P1.JPG,tail3,SUSPECT,19 landmark(s) hors du crop 512x256,19,2.2341,2.2341,
e3fcf24e798a755f,CD388872c,/Volumes/EXT DATA/IDMB/Bombus/images/collection/Bombus_soroeensis/queen/CD388872c_P1.JPG,tail3,OK,,0,2.3106,2.3106,
c779f73a0c9a877f,2019.01788,/Volumes/EXT DATA/IDMB/Bombus/images/collection/Bombus_pratorum/queen/2019.01788_P1.JPG,tail3,OK,,0,2.1749,2.1749,
39241296af08b894,CD388408,/Volumes/EXT DATA/IDMB/Bombus/images/collection/Bombus_monticola/worker/CD388408_P1.JPG,tail3,SUSPECT,19 landmark(s) hors du crop 512x256,19,2.2585,2.2585,
9da0ec05f74e6870,15L2021-1757,/Volumes/EXT DATA/IDMB/Bombus/images/collection/Bombus_rupestris/male/15L2021-1757_P1.JPG,tail3,SUSPECT,19 landmark(s) hors du crop 512x256,19,2.3061,2.3061,
66043f2ba4462098,ABAURA8625,/Volumes/EXT DATA/IDMB/Bombus/images/collection/Bombus_soroeensis/queen/ABAURA8625_P1.JPG,tail3,OK,,0,2.2230,2.2230,
f737514e1bef46eb,CollecYvan23,/Volumes/EXT DATA/IDMB/Bombus/images/collection/Bombus_wurflenii/male/CollecYvan23_P1.JPG,tail3,SUSPECT,19 landmark(s) hors du crop 512x256,19,2.4127,2.4127,
dcbd2af986d811c3,FR73ABOM200722019,/Volumes/EXT DATA/IDMB/Bombus/images/collection/Bombus_pyrenaeus/male/FR73ABOM200722019_P1.JPG,tail3,OK,,0,2.1892,2.1892,
7e2dafde6c4633a9,ABAURA7150,/Volumes/EXT DATA/IDMB/Bombus/images/collection/Bombus_ruderarius/queen/ABAURA7150_P1.JPG,tail3,OK,,0,2.1578,2.1578,
1f5319e159d67c92,FR15ABOM100721030,/Volumes/EXT DATA/IDMB/Bombus/images/collection/Bombus_rupestris/queen/FR15ABOM100721030_P1.JPG,tail3,SUSPECT,18 landmark(s) hors du crop 512x256,18,1.8016,1.8016,
cc147045d33008c7,OPIE_Lapi_220620,/Volumes/EXT DATA/IDMB/Bombus/images/collection/Bombus_lapidarius/worker/OPIE_Lapi_220620_P1.JPG,tail3,OK,,0,2.2586,2.2586,
,,/Volumes/EXT DATA/IDMB/Bombus/images/collection/Bombus_sichelii/worker/ATBI GR5b_P1.JPG,,SKIPPED,aucune correspondance dans manifest.csv,,,,
85b7f46b88d2c66a,CD388018e,/Volumes/EXT DATA/IDMB/Bombus/images/collection/Bombus_wurflenii/worker/CD388018e_P1.JPG,tail3,SUSPECT,19 landmark(s) hors du crop 512x256,19,2.3266,2.3266,
eb5fe4d508c8ba56,15L2021-1420,/Volumes/EXT DATA/IDMB/Bombus/images/collection/Bombus_rupestris/male/15L2021-1420_P1.JPG,tail3,SUSPECT,19 landmark(s) hors du crop 512x256,19,2.2434,2.2434,
4ad44dfef045b121,FR15ABOM200821004,/Volumes/EXT DATA/IDMB/Bombus/images/collection/Bombus_pomorum/worker/FR15ABOM200821004_P1.JPG,tail3,SUSPECT,19 landmark(s) hors du crop 512x256,19,2.2461,2.2461,
f115101284509434,ABB.2017.20260,/Volumes/EXT DATA/IDMB/Bombus/images/collection/Bombus_pratorum/worker/ABB.2017.20260_P1.JPG,tail3,SUSPECT,19 landmark(s) hors du crop 512x256,19,2.3805,2.3805,
31c44cea4e5c0df1,15L2021-1748,/Volumes/EXT DATA/IDMB/Bombus/images/collection/Bombus_pomorum/male/15L2021-1748_P1.JPG,tail3,SUSPECT,19 landmark(s) hors du crop 512x256,19,2.2928,2.2928,
79834c1fd58c6195,FR73ABOM120722042,/Volumes/EXT DATA/IDMB/Bombus/images/collection/Bombus_pyrenaeus/worker/FR73ABOM120722042_P1.JPG,tail3,OK,,0,2.2480,2.2480,
2def4e39c052f8f4,POLLINIS4402,/Volumes/EXT DATA/IDMB/Bombus/images/collection/Bombus_ruderarius/worker/POLLINIS4402_P1.JPG,tail3,SUSPECT,19 landmark(s) hors du crop 512x256,19,2.0531,2.0531,
208c787ce97a2e8e,FR73ABOM200722039,/Volumes/EXT DATA/IDMB/Bombus/images/collection/Bombus_pyrenaeus/worker/FR73ABOM200722039_P1.JPG,tail3,OK,,0,2.4158,2.4158,
64d2d153ced66860,ABB-2020.00106,/Volumes/EXT DATA/IDMB/Bombus/images/collection/Bombus_sylvarum/worker/ABB-2020.00106_P1.JPG,tail3,SUSPECT,19 landmark(s) hors du crop 512x256,19,2.3469,2.3469,
6cb9207e841f5b18,FR73ABOM200722040,/Volumes/EXT DATA/IDMB/Bombus/images/collection/Bombus_pyrenaeus/worker/FR73ABOM200722040_P1.JPG,tail3,OK,,0,2.2231,2.2231,
b5a331cd7cb00006,FR05ABOM220722026,/Volumes/EXT DATA/IDMB/Bombus/images/collection/Bombus_sichelii/male/FR05ABOM220722026_P1.JPG,tail3,SUSPECT,19 landmark(s) hors du crop 512x256,19,2.3551,2.3551,
0b1eb9f8750b45b5,CD388013,/Volumes/EXT DATA/IDMB/Bombus/images/collection/Bombus_wurflenii/worker/CD388013_P1.JPG,tail3,SUSPECT,19 landmark(s) hors du crop 512x256,19,2.2671,2.2671,
482e03f07440f8d5,ABAURA7781,/Volumes/EXT DATA/IDMB/Bombus/images/collection/Bombus_wurflenii/male/ABAURA7781_P1.JPG,tail3,SUSPECT,19 landmark(s) hors du crop 512x256,19,2.2031,2.2031,
0f5a168d0adcc5a4,N384,/Volumes/EXT DATA/IDMB/Bombus/images/collection/Bombus_pratorum/male/N384_P1.JPG,tail3,SUSPECT,19 landmark(s) hors du crop 512x256,19,2.4891,2.4891,
e4aeabc3df05d056,FR73ABOM200722032,/Volumes/EXT DATA/IDMB/Bombus/images/collection/Bombus_monticola/worker/FR73ABOM200722032_P1.JPG,tail3,OK,,0,2.2450,2.2450,
09ce294326def09d,2020.06207,/Volumes/EXT DATA/IDMB/Bombus/images/collection/Bombus_soroeensis/male/2020.06207_P1.JPG,tail3,OK,,0,2.3109,2.3109,
367dabadcbf0548c,CollecYvan6,/Volumes/EXT DATA/IDMB/Bombus/images/collection/Bombus_sichelii/male/CollecYvan6_P1.JPG,tail3,SUSPECT,19 landmark(s) hors du crop 512x256,19,2.4841,2.4841,
d30d1f1f420da1e5,FR15_ABOM25082020008,/Volumes/EXT DATA/IDMB/Bombus/images/collection/Bombus_sylvarum/male/FR15_ABOM25082020008_P1.JPG,tail3,SUSPECT,19 landmark(s) hors du crop 512x256,19,2.2659,2.2659,
43b37ad2e3532509,ABAURA4923b,/Volumes/EXT DATA/IDMB/Bombus/images/collection/Bombus_ruderarius/worker/ABAURA4923b_P1.JPG,tail3,SUSPECT,19 landmark(s) hors du crop 512x256,19,2.1500,2.1500,
1ad4ee377c8d268a,CD387804,/Volumes/EXT DATA/IDMB/Bombus/images/collection/Bombus_monticola/male/CD387804_P1.JPG,tail3,SUSPECT,19 landmark(s) hors du crop 512x256,19,2.3230,2.3230,
65162c8cf29111e1,CD387766,/Volumes/EXT DATA/IDMB/Bombus/images/collection/Bombus_sylvarum/worker/CD387766_P1.JPG,tail3,SUSPECT,19 landmark(s) hors du crop 512x256,19,2.0070,2.0070,
05a2613b9eee4a24,OPIE_Lapi_240620b,/Volumes/EXT DATA/IDMB/Bombus/images/collection/Bombus_lapidarius/worker/OPIE_Lapi_240620b_P1.JPG,tail3,OK,,0,2.3084,2.3084,
c1d7138c7deb2096,FR15ABOM210821174,/Volumes/EXT DATA/IDMB/Bombus/images/collection/Bombus_sylvarum/male/FR15ABOM210821174_P1.JPG,tail3,SUSPECT,19 landmark(s) hors du crop 512x256,19,2.3203,2.3203,
cf10586bc3dfc643,CD388018d,/Volumes/EXT DATA/IDMB/Bombus/images/collection/Bombus_wurflenii/worker/CD388018d_P1.JPG,tail3,SUSPECT,19 landmark(s) hors du crop 512x256,19,2.2639,2.2639,
837dc7259ea9a922,VAN-2019.00788,/Volumes/EXT DATA/IDMB/Bombus/images/collection/Bombus_rupestris/male/VAN-2019.00788_P1.JPG,tail3,SUSPECT,19 landmark(s) hors du crop 512x256,19,2.3341,2.3341,
ba294fef165fb616,2019.02175,/Volumes/EXT DATA/IDMB/Bombus/images/collection/Bombus_pratorum/male/2019.02175_P1.JPG,tail3,SUSPECT,19 landmark(s) hors du crop 512x256,19,2.3666,2.3666,
faa55ce204dd805c,CD388391b,/Volumes/EXT DATA/IDMB/Bombus/images/collection/Bombus_wurflenii/worker/CD388391b_P1.JPG,tail3,SUSPECT,19 landmark(s) hors du crop 512x256,19,2.1412,2.1412,
42e4bde41548740a,FR15_ABOM180720047,/Volumes/EXT DATA/IDMB/Bombus/images/collection/Bombus_wurflenii/male/FR15_ABOM180720047_P1.JPG,tail3,SUSPECT,19 landmark(s) hors du crop 512x256,19,2.2160,2.2160,
c428998b2d66e0a9,FR15ABOM120621015,/Volumes/EXT DATA/IDMB/Bombus/images/collection/Bombus_rupestris/queen/FR15ABOM120621015_P1.JPG,tail3,SUSPECT,19 landmark(s) hors du crop 512x256,19,1.7987,1.7987,
bcaf28b64cda40ca,FR73ABOM140722015,/Volumes/EXT DATA/IDMB/Bombus/images/collection/Bombus_monticola/male/FR73ABOM140722015_P1.JPG,tail3,OK,,0,2.2270,2.2270,
57d7c5838e2069bb,N205,/Volumes/EXT DATA/IDMB/Bombus/images/collection/Bombus_pratorum/worker/N205_P1.JPG,tail3,SUSPECT,19 landmark(s) hors du crop 512x256,19,1.9947,1.9947,
c76d46e4f0642cb8,FR73ABOM120722070,/Volumes/EXT DATA/IDMB/Bombus/images/collection/Bombus_monticola/male/FR73ABOM120722070_P1.JPG,tail3,OK,,0,2.3020,2.3020,
814c95b0ff281620,ABAURA8206,/Volumes/EXT DATA/IDMB/Bombus/images/collection/Bombus_pyrenaeus/worker/ABAURA8206_P1.JPG,tail3,SUSPECT,19 landmark(s) hors du crop 512x256,19,2.5894,2.5894,
800d6a969fe9e6b3,ABAURA8239c,/Volumes/EXT DATA/IDMB/Bombus/images/collection/Bombus_soroeensis/worker/ABAURA8239c_P1.JPG,tail3,OK,,0,2.3336,2.3336,
2a20cb512bae01e7,CollecYvan3,/Volumes/EXT DATA/IDMB/Bombus/images/collection/Bombus_sichelii/male/CollecYvan3_P1.JPG,tail3,SUSPECT,19 landmark(s) hors du crop 512x256,19,2.4496,2.4496,
eb5d1b4eec5c19c8,FR15ABOM170821009,/Volumes/EXT DATA/IDMB/Bombus/images/collection/Bombus_sylvarum/male/FR15ABOM170821009_P1.JPG,tail3,SUSPECT,19 landmark(s) hors du crop 512x256,19,2.3622,2.3622,
3f0fa80729192124,N407,/Volumes/EXT DATA/IDMB/Bombus/images/collection/Bombus_pratorum/worker/N407_P1.JPG,tail3,SUSPECT,19 landmark(s) hors du crop 512x256,19,2.3344,2.3344,
763dde1a2630f859,CEN187839,/Volumes/EXT DATA/IDMB/Bombus/images/collection/Bombus_pratorum/worker/CEN187839_P1.JPG,tail3,SUSPECT,19 landmark(s) hors du crop 512x256,19,2.0976,2.0976,
69c9f51fbf6c7b8f,NoName14,/Volumes/EXT DATA/IDMB/Bombus/images/collection/Bombus_pomorum/male/NoName14_P1.JPG,tail3,SUSPECT,19 landmark(s) hors du crop 512x256,19,2.1683,2.1683,
d69fbca8a4424895,CD387577,/Volumes/EXT DATA/IDMB/Bombus/images/collection/Bombus_soroeensis/worker/CD387577_P1.JPG,tail3,OK,,0,1.7930,1.7930,
904d5ba12b20a98c,FR73ABOM130722064,/Volumes/EXT DATA/IDMB/Bombus/images/collection/Bombus_pyrenaeus/male/FR73ABOM130722064_P1.JPG,tail3,OK,,0,2.3766,2.3766,
f6736c92ae4db2eb,2020.00254,/Volumes/EXT DATA/IDMB/Bombus/images/collection/Bombus_pyrenaeus/male/2020.00254_P1.JPG,tail3,OK,,0,2.2604,2.2604,
3f8be6548c4dc338,FR73ABOM120722090,/Volumes/EXT DATA/IDMB/Bombus/images/collection/Bombus_monticola/worker/FR73ABOM120722090_P1.JPG,tail3,OK,,0,2.2972,2.2972,
2b9a4e3eff70d5b2,CollecYvan1,/Volumes/EXT DATA/IDMB/Bombus/images/collection/Bombus_sichelii/male/CollecYvan1_P1.JPG,tail3,SUSPECT,19 landmark(s) hors du crop 512x256,19,2.5055,2.5055,
1c5ff4ac84ad1881,CD388862b,/Volumes/EXT DATA/IDMB/Bombus/images/collection/Bombus_sylvarum/worker/CD388862b_P1.JPG,tail3,SUSPECT,19 landmark(s) hors du crop 512x256,19,2.3436,2.3436,
82ab8e2cfe849b67,D264520b,/Volumes/EXT DATA/IDMB/Bombus/images/collection/Bombus_soroeensis/queen/D264520b_P1.JPG,tail3,OK,,0,2.0260,2.0260,
e886ab3b756cdabb,FR05ABOM220722025,/Volumes/EXT DATA/IDMB/Bombus/images/collection/Bombus_ruderarius/male/FR05ABOM220722025_P1.JPG,tail3,SUSPECT,19 landmark(s) hors du crop 512x256,19,1.9187,1.9187,
01e6295858c15b14,ABAURA8606,/Volumes/EXT DATA/IDMB/Bombus/images/collection/Bombus_ruderarius/worker/ABAURA8606_P1.JPG,tail3,SUSPECT,19 landmark(s) hors du crop 512x256,19,2.2649,2.2649,
aa30a0e8394d9bca,FR15_ABOM180720046,/Volumes/EXT DATA/IDMB/Bombus/images/collection/Bombus_wurflenii/male/FR15_ABOM180720046_P1.JPG,tail3,SUSPECT,19 landmark(s) hors du crop 512x256,19,2.3675,2.3675,
a3fc52266fd9329f,ABAURA5593,/Volumes/EXT DATA/IDMB/Bombus/images/collection/Bombus_sylvarum/worker/ABAURA5593_P1.JPG,tail3,SUSPECT,19 landmark(s) hors du crop 512x256,19,2.3911,2.3911,
50f28dbe07ae19eb,FR15ABOM210821115,/Volumes/EXT DATA/IDMB/Bombus/images/collection/Bombus_pomorum/male/FR15ABOM210821115_P1.JPG,tail3,SUSPECT,19 landmark(s) hors du crop 512x256,19,2.2379,2.2379,
634acd93a6b35271,2019.02167,/Volumes/EXT DATA/IDMB/Bombus/images/collection/Bombus_pratorum/worker/2019.02167_P1.JPG,tail3,SUSPECT,19 landmark(s) hors du crop 512x256,19,2.4980,2.4980,
a1e1027021f1fb25,CD388145b,/Volumes/EXT DATA/IDMB/Bombus/images/collection/Bombus_soroeensis/male/CD388145b_P1.JPG,tail3,OK,,0,2.6153,2.6153,
c19909680249d624,FR15ABOM100721032,/Volumes/EXT DATA/IDMB/Bombus/images/collection/Bombus_rupestris/queen/FR15ABOM100721032_P1.JPG,tail3,SUSPECT,18 landmark(s) hors du crop 512x256,18,1.6370,1.6370,
7e00108eca94eed8,NoName5,/Volumes/EXT DATA/IDMB/Bombus/images/collection/Bombus_sylvarum/worker/NoName5_P1.JPG,tail3,SUSPECT,19 landmark(s) hors du crop 512x256,19,2.2682,2.2682,
674897b94f549ae1,FR04ABOM220722001,/Volumes/EXT DATA/IDMB/Bombus/images/collection/Bombus_sichelii/queen/FR04ABOM220722001_P1.JPG,tail3,OK,,0,2.1761,2.1761,
73230946c5e0a28e,FR73ABOM130722041,/Volumes/EXT DATA/IDMB/Bombus/images/collection/Bombus_sichelii/male/FR73ABOM130722041_P1.JPG,tail3,SUSPECT,19 landmark(s) hors du crop 512x256,19,2.3458,2.3458,
b4153f68602097af,NoName4,/Volumes/EXT DATA/IDMB/Bombus/images/collection/Bombus_sylvarum/worker/NoName4_P1.JPG,tail3,SUSPECT,19 landmark(s) hors du crop 512x256,19,1.9381,1.9381,
cfb7473d192c358c,CD388146,/Volumes/EXT DATA/IDMB/Bombus/images/collection/Bombus_sylvarum/worker/CD388146_P1.JPG,tail3,SUSPECT,19 landmark(s) hors du crop 512x256,19,2.2699,2.2699,
a6d83ad4ee161880,FR15ABOM200821233,/Volumes/EXT DATA/IDMB/Bombus/images/collection/Bombus_pomorum/worker/FR15ABOM200821233_P1.JPG,tail3,SUSPECT,19 landmark(s) hors du crop 512x256,19,2.3797,2.3797,
8981482b05ffa5b9,FR15ABOM200722063,/Volumes/EXT DATA/IDMB/Bombus/images/collection/Bombus_wurflenii/male/FR15ABOM200722063_P1.JPG,tail3,SUSPECT,19 landmark(s) hors du crop 512x256,19,2.3389,2.3389,
5b4c8da259870228,FR15_ABOM30072020071,/Volumes/EXT DATA/IDMB/Bombus/images/collection/Bombus_pomorum/worker/FR15_ABOM30072020071_P1.JPG,tail3,SUSPECT,19 landmark(s) hors du crop 512x256,19,2.0542,2.0542,
b81a6ff3c2b9c087,ABAURA8238e,/Volumes/EXT DATA/IDMB/Bombus/images/collection/Bombus_sichelii/worker/ABAURA8238e_P1.JPG,tail3,SUSPECT,19 landmark(s) hors du crop 512x256,19,2.4483,2.4483,
9862b7d851abcc80,FR73ABOM200722041,/Volumes/EXT DATA/IDMB/Bombus/images/collection/Bombus_pyrenaeus/worker/FR73ABOM200722041_P1.JPG,tail3,SKIPPED,detection.csv absent ou status != OK pour ce image_id,,,,
c2df0da4fbc1bb17,RuppSupp1,/Volumes/EXT DATA/IDMB/Bombus/images/collection/Bombus_rupestris/queen/RuppSupp1_P1.JPG,tail3,SUSPECT,19 landmark(s) hors du crop 512x256,19,1.9904,1.9904,
63797934e696c115,CD388018,/Volumes/EXT DATA/IDMB/Bombus/images/collection/Bombus_ruderarius/male/CD388018_P1.JPG,tail3,SUSPECT,19 landmark(s) hors du crop 512x256,19,2.2830,2.2830,
afa89e2955baed81,FR15ABOM150720008,/Volumes/EXT DATA/IDMB/Bombus/images/collection/Bombus_pomorum/male/FR15ABOM150720008_P1.JPG,tail3,SUSPECT,19 landmark(s) hors du crop 512x256,19,2.2572,2.2572,
907f132c71e868cd,2020.00339,/Volumes/EXT DATA/IDMB/Bombus/images/collection/Bombus_soroeensis/worker/2020.00339_P1.JPG,tail3,OK,,0,2.3724,2.3724,
636796ad62c94a56,CollecYvan20,/Volumes/EXT DATA/IDMB/Bombus/images/collection/Bombus_wurflenii/male/CollecYvan20_P1.JPG,tail3,SUSPECT,19 landmark(s) hors du crop 512x256,19,2.3008,2.3008,
b2bf19ff2c5c304f,ABAURA8747,/Volumes/EXT DATA/IDMB/Bombus/images/collection/Bombus_pratorum/male/ABAURA8747_P1.JPG,tail3,SUSPECT,19 landmark(s) hors du crop 512x256,19,2.2747,2.2747,
ae0a4faedcfbfb4b,15G2021-1200,/Volumes/EXT DATA/IDMB/Bombus/images/collection/Bombus_sylvarum/male/15G2021-1200_P1.JPG,tail3,SUSPECT,19 landmark(s) hors du crop 512x256,19,2.1868,2.1868,
4f90fb857e60b33a,FR15ABOM210821043,/Volumes/EXT DATA/IDMB/Bombus/images/collection/Bombus_pomorum/worker/FR15ABOM210821043_P1.JPG,tail3,SUSPECT,19 landmark(s) hors du crop 512x256,19,2.1626,2.1626,
a69b635b11615b73,ABAURA8233,/Volumes/EXT DATA/IDMB/Bombus/images/collection/Bombus_pratorum/male/ABAURA8233_P1.JPG,tail3,SUSPECT,19 landmark(s) hors du crop 512x256,19,2.3002,2.3002,
b82e5243b358907f,CollecYvan15,/Volumes/EXT DATA/IDMB/Bombus/images/collection/Bombus_monticola/worker/CollecYvan15_P1.JPG,tail3,OK,,0,2.1490,2.1490,
e0569afa30972419,FR73ABOM140722031,/Volumes/EXT DATA/IDMB/Bombus/images/collection/Bombus_monticola/male/FR73ABOM140722031_P1.JPG,tail3,OK,,0,2.2973,2.2973,
e95c8c5e6432df60,CD387759,/Volumes/EXT DATA/IDMB/Bombus/images/collection/Bombus_soroeensis/male/CD387759_P1.JPG,tail3,OK,,0,2.4757,2.4757,
b7d19797b1cf383f,ABAURA8239b,/Volumes/EXT DATA/IDMB/Bombus/images/collection/Bombus_pratorum/worker/ABAURA8239b_P1.JPG,tail3,SUSPECT,19 landmark(s) hors du crop 512x256,19,2.3280,2.3280,
cc6283d672e01eca,ABAURA8595,/Volumes/EXT DATA/IDMB/Bombus/images/collection/Bombus_ruderarius/male/ABAURA8595_P1.JPG,tail3,SUSPECT,19 landmark(s) hors du crop 512x256,19,2.3429,2.3429,
6b145a707d3bfe93,FR73ABOM130722046,/Volumes/EXT DATA/IDMB/Bombus/images/collection/Bombus_pyrenaeus/worker/FR73ABOM130722046_P1.JPG,tail3,OK,,0,2.2763,2.2763,
4ccb8fc03ce5931a,ABAURA8150d,/Volumes/EXT DATA/IDMB/Bombus/images/collection/Bombus_wurflenii/worker/ABAURA8150d_P1.JPG,tail3,SUSPECT,19 landmark(s) hors du crop 512x256,19,2.2249,2.2249,
0c6fced571579aa0,15G2021-1826,/Volumes/EXT DATA/IDMB/Bombus/images/collection/Bombus_sylvarum/worker/15G2021-1826_P1.JPG,tail3,SUSPECT,19 landmark(s) hors du crop 512x256,19,2.2116,2.2116,
8208923078920504,FR15ABOM200722026,/Volumes/EXT DATA/IDMB/Bombus/images/collection/Bombus_wurflenii/male/FR15ABOM200722026_P1.JPG,tail3,SUSPECT,19 landmark(s) hors du crop 512x256,19,2.2879,2.2879,
2f65b78d59772a54,ABAURA8228,/Volumes/EXT DATA/IDMB/Bombus/images/collection/Bombus_pratorum/worker/ABAURA8228_P1.JPG,tail3,SUSPECT,19 landmark(s) hors du crop 512x256,19,2.3260,2.3260,
8b28d6b181f16467,CD388016,/Volumes/EXT DATA/IDMB/Bombus/images/collection/Bombus_sichelii/male/CD388016_P1.JPG,tail3,SUSPECT,19 landmark(s) hors du crop 512x256,19,2.4483,2.4483,
2c728e64575ee400,ABAURA8885b,/Volumes/EXT DATA/IDMB/Bombus/images/collection/Bombus_ruderarius/male/ABAURA8885b_P1.JPG,tail3,SUSPECT,19 landmark(s) hors du crop 512x256,19,2.1137,2.1137,
cea051bcc567392f,FR15ABOM200722064,/Volumes/EXT DATA/IDMB/Bombus/images/collection/Bombus_wurflenii/male/FR15ABOM200722064_P1.JPG,tail3,SUSPECT,19 landmark(s) hors du crop 512x256,19,2.3109,2.3109,
6ab1330ba20e66b4,FR73ABOM130722018,/Volumes/EXT DATA/IDMB/Bombus/images/collection/Bombus_pyrenaeus/male/FR73ABOM130722018_P1.JPG,tail3,OK,,0,2.2601,2.2601,
a0dd42d49d9cb6a1,15L2021-1732,/Volumes/EXT DATA/IDMB/Bombus/images/collection/Bombus_soroeensis/male/15L2021-1732_P1.JPG,tail3,OK,,0,2.2340,2.2340,
bc6a53b86fa66411,FR15ABOM200821035,/Volumes/EXT DATA/IDMB/Bombus/images/collection/Bombus_pomorum/worker/FR15ABOM200821035_P1.JPG,tail3,SUSPECT,19 landmark(s) hors du crop 512x256,19,2.4516,2.4516,
cef5edace93bae09,FR73ABOM130722021,/Volumes/EXT DATA/IDMB/Bombus/images/collection/Bombus_pyrenaeus/male/FR73ABOM130722021_P1.JPG,tail3,OK,,0,2.2803,2.2803,
d190313493a03d5a,FR73ABOM130722029,/Volumes/EXT DATA/IDMB/Bombus/images/collection/Bombus_sichelii/male/FR73ABOM130722029_P1.JPG,tail3,SUSPECT,19 landmark(s) hors du crop 512x256,19,2.2859,2.2859,
668983b69ae7a068,CollecYvan18,/Volumes/EXT DATA/IDMB/Bombus/images/collection/Bombus_monticola/worker/CollecYvan18_P1.JPG,tail3,OK,,0,2.4024,2.4024,
59916f1089a5fa65,FR15ABOM170821074,/Volumes/EXT DATA/IDMB/Bombus/images/collection/Bombus_pomorum/worker/FR15ABOM170821074_P1.JPG,tail3,SUSPECT,19 landmark(s) hors du crop 512x256,19,2.2291,2.2291,
d052ead34e1f1181,CollecYvan19,/Volumes/EXT DATA/IDMB/Bombus/images/collection/Bombus_wurflenii/male/CollecYvan19_P1.JPG,tail3,SKIPPED,detection.csv absent ou status != OK pour ce image_id,,,,
dbf8b670371ae2a4,CD388623d,/Volumes/EXT DATA/IDMB/Bombus/images/collection/Bombus_monticola/worker/CD388623d_P1.JPG,tail3,SUSPECT,19 landmark(s) hors du crop 512x256,19,2.2147,2.2147,
c5c1095e92123444,FR73ABOM130722030,/Volumes/EXT DATA/IDMB/Bombus/images/collection/Bombus_pyrenaeus/male/FR73ABOM130722030_P1.JPG,tail3,OK,,0,2.2961,2.2961,
97bea21e19ad8f1d,ABAURA8240,/Volumes/EXT DATA/IDMB/Bombus/images/collection/Bombus_pratorum/worker/ABAURA8240_P1.JPG,tail3,SUSPECT,19 landmark(s) hors du crop 512x256,19,2.4696,2.4696,
030433f33c5cc327,FR15ABOM200722066,/Volumes/EXT DATA/IDMB/Bombus/images/collection/Bombus_wurflenii/male/FR15ABOM200722066_P1.JPG,tail3,SUSPECT,19 landmark(s) hors du crop 512x256,19,2.2342,2.2342,
63a2028a495167de,CD388235b,/Volumes/EXT DATA/IDMB/Bombus/images/collection/Bombus_soroeensis/worker/CD388235b_P1.JPG,tail3,OK,,0,2.3061,2.3061,
c383531cea5a3963,CollecYvan2,/Volumes/EXT DATA/IDMB/Bombus/images/collection/Bombus_sichelii/male/CollecYvan2_P1.JPG,tail3,SUSPECT,19 landmark(s) hors du crop 512x256,19,2.3273,2.3273,
9ad1d7ba63873922,NoName2,/Volumes/EXT DATA/IDMB/Bombus/images/collection/Bombus_sylvarum/queen/NoName2_P1.JPG,tail3,OK,,0,2.1827,2.1827,
26dd38b04669facf,ABAURA8239d,/Volumes/EXT DATA/IDMB/Bombus/images/collection/Bombus_wurflenii/worker/ABAURA8239d_P1.JPG,tail3,SUSPECT,19 landmark(s) hors du crop 512x256,19,2.2826,2.2826,
568dd869160c4c36,FR73ABOM130722063,/Volumes/EXT DATA/IDMB/Bombus/images/collection/Bombus_pyrenaeus/male/FR73ABOM130722063_P1.JPG,tail3,OK,,0,2.3066,2.3066,
d3ed44f4b30bbc98,FR15ABOM200821202,/Volumes/EXT DATA/IDMB/Bombus/images/collection/Bombus_pomorum/worker/FR15ABOM200821202_P1.JPG,tail3,SUSPECT,19 landmark(s) hors du crop 512x256,19,2.1456,2.1456,
78ad772409bd030a,2020.00471,/Volumes/EXT DATA/IDMB/Bombus/images/collection/Bombus_rupestris/male/2020.00471_P1.JPG,tail3,SUSPECT,19 landmark(s) hors du crop 512x256,19,2.2747,2.2747,
0ab7aace9a08d7f1,FR73ABOM130722065,/Volumes/EXT DATA/IDMB/Bombus/images/collection/Bombus_pyrenaeus/male/FR73ABOM130722065_P1.JPG,tail3,OK,,0,2.3591,2.3591,
9c273f938a31dcf3,CD388623,/Volumes/EXT DATA/IDMB/Bombus/images/collection/Bombus_monticola/male/CD388623_P1.JPG,tail3,SUSPECT,19 landmark(s) hors du crop 512x256,19,2.4199,2.4199,
4af029c7fba40d73,FR15ABOM170821123,/Volumes/EXT DATA/IDMB/Bombus/images/collection/Bombus_pomorum/worker/FR15ABOM170821123_P1.JPG,tail3,SUSPECT,19 landmark(s) hors du crop 512x256,19,2.2249,2.2249,
cb393915445f9c59,ABAURA8885c,/Volumes/EXT DATA/IDMB/Bombus/images/collection/Bombus_ruderarius/male/ABAURA8885c_P1.JPG,tail3,SUSPECT,19 landmark(s) hors du crop 512x256,19,2.4052,2.4052,
5cca6f5fdd2b3ce2,ABAURA7548,/Volumes/EXT DATA/IDMB/Bombus/images/collection/Bombus_pratorum/worker/ABAURA7548_P1.JPG,tail3,SUSPECT,19 landmark(s) hors du crop 512x256,19,2.3233,2.3233,
ee197cdadbd4e695,ABAURA8885f,/Volumes/EXT DATA/IDMB/Bombus/images/collection/Bombus_ruderarius/queen/ABAURA8885f_P1.JPG,tail3,OK,,0,2.2112,2.2112,
42f7f643833e4847,CD388872,/Volumes/EXT DATA/IDMB/Bombus/images/collection/Bombus_soroeensis/worker/CD388872_P1.JPG,tail3,OK,,0,1.7642,1.7642,
1a935472ffed59a5,OPIE_Lapi_230620,/Volumes/EXT DATA/IDMB/Bombus/images/collection/Bombus_lapidarius/worker/OPIE_Lapi_230620_P1.JPG,tail3,OK,,0,2.3252,2.3252,
1706cfb2574593a9,FR15ABOM200821005,/Volumes/EXT DATA/IDMB/Bombus/images/collection/Bombus_pomorum/male/FR15ABOM200821005_P1.JPG,tail3,SUSPECT,19 landmark(s) hors du crop 512x256,19,2.0861,2.0861,
1ce727241c3313f1,POLLINIS4982b,/Volumes/EXT DATA/IDMB/Bombus/images/collection/Bombus_sylvarum/queen/POLLINIS4982b_P1.JPG,tail3,OK,,0,2.2769,2.2769,
6d8558679717d90a,2007.0008,/Volumes/EXT DATA/IDMB/Bombus/images/collection/Bombus_pratorum/male/2007.0008_P1.JPG,tail3,SUSPECT,19 landmark(s) hors du crop 512x256,19,2.2435,2.2435,
d883fe7419088695,FR15_STPONCY300921024,/Volumes/EXT DATA/IDMB/Bombus/images/collection/Bombus_sylvarum/male/FR15_STPONCY300921024_P1.JPG,tail3,SUSPECT,19 landmark(s) hors du crop 512x256,19,2.5105,2.5105,
8df44bfa8b11be11,POLLINIS5983,/Volumes/EXT DATA/IDMB/Bombus/images/collection/Bombus_soroeensis/male/POLLINIS5983_P1.JPG,tail3,OK,,0,2.3372,2.3372,
f306768d7642aecf,OPIE_Lapi_220620d,/Volumes/EXT DATA/IDMB/Bombus/images/collection/Bombus_lapidarius/worker/OPIE_Lapi_220620d_P1.JPG,tail3,OK,,0,2.4308,2.4308,
94583fcd6b85301f,ABAURA4898,/Volumes/EXT DATA/IDMB/Bombus/images/collection/Bombus_pratorum/worker/ABAURA4898_P1.JPG,tail3,SUSPECT,19 landmark(s) hors du crop 512x256,19,2.2075,2.2075,
13ccc34ed1953fae,FR15ABOM170821030,/Volumes/EXT DATA/IDMB/Bombus/images/collection/Bombus_pomorum/male/FR15ABOM170821030_P1.JPG,tail3,SUSPECT,19 landmark(s) hors du crop 512x256,19,2.1068,2.1068,
373971fe46fb3cdd,FR15_ABOM180720054,/Volumes/EXT DATA/IDMB/Bombus/images/collection/Bombus_pomorum/worker/FR15_ABOM180720054_P1.JPG,tail3,SUSPECT,19 landmark(s) hors du crop 512x256,19,2.2170,2.2170,
4eb6186c40a47f22,FR04ABOM220722057,/Volumes/EXT DATA/IDMB/Bombus/images/collection/Bombus_ruderarius/male/FR04ABOM220722057_P1.JPG,tail3,SUSPECT,19 landmark(s) hors du crop 512x256,19,2.2541,2.2541,
4f385a07e9407caf,ABAURA8885,/Volumes/EXT DATA/IDMB/Bombus/images/collection/Bombus_pomorum/male/ABAURA8885_P1.JPG,tail3,SUSPECT,19 landmark(s) hors du crop 512x256,19,2.1399,2.1399,
bcdaaea3b42e5313,FR73ABOM130722017,/Volumes/EXT DATA/IDMB/Bombus/images/collection/Bombus_monticola/male/FR73ABOM130722017_P1.JPG,tail3,OK,,0,2.2845,2.2845,
f59bb7ceca5fa865,OPIE_Lapi_070820b,/Volumes/EXT DATA/IDMB/Bombus/images/collection/Bombus_lapidarius/worker/OPIE_Lapi_070820b_P1.JPG,tail3,OK,,0,2.2763,2.2763,
bbcd8d44aee30a15,NoName15,/Volumes/EXT DATA/IDMB/Bombus/images/collection/Bombus_pomorum/male/NoName15_P1.JPG,tail3,SUSPECT,19 landmark(s) hors du crop 512x256,19,2.1889,2.1889,
a6659b7797b91746,ABAURA8599,/Volumes/EXT DATA/IDMB/Bombus/images/collection/Bombus_wurflenii/worker/ABAURA8599_P1.JPG,tail3,SUSPECT,19 landmark(s) hors du crop 512x256,19,2.2232,2.2232,
0ffb277d072a3db4,FR15ABOM210821119,/Volumes/EXT DATA/IDMB/Bombus/images/collection/Bombus_pomorum/worker/FR15ABOM210821119_P1.JPG,tail3,SUSPECT,19 landmark(s) hors du crop 512x256,19,2.1810,2.1810,
d9d25c393cbaccb5,CD388860,/Volumes/EXT DATA/IDMB/Bombus/images/collection/Bombus_soroeensis/male/CD388860_P1.JPG,tail3,OK,,0,2.3244,2.3244,
a5bd6e4389bc9794,ABAURA8207f,/Volumes/EXT DATA/IDMB/Bombus/images/collection/Bombus_wurflenii/worker/ABAURA8207f_P1.JPG,tail3,SUSPECT,19 landmark(s) hors du crop 512x256,19,2.1385,2.1385,
94e17d8b6647350d,CD388230c,/Volumes/EXT DATA/IDMB/Bombus/images/collection/Bombus_monticola/male/CD388230c_P1.JPG,tail3,SUSPECT,19 landmark(s) hors du crop 512x256,19,2.4692,2.4692,
2377319cffcd687e,ABAURA8208,/Volumes/EXT DATA/IDMB/Bombus/images/collection/Bombus_sichelii/worker/ABAURA8208_P1.JPG,tail3,SUSPECT,19 landmark(s) hors du crop 512x256,19,2.2578,2.2578,
306786aa16836afd,CD387313,/Volumes/EXT DATA/IDMB/Bombus/images/collection/Bombus_ruderarius/worker/CD387313_P1.JPG,tail3,SUSPECT,19 landmark(s) hors du crop 512x256,19,2.1029,2.1029,
6c97b87e8a34eb40,FR15ABOM130722047,/Volumes/EXT DATA/IDMB/Bombus/images/collection/Bombus_wurflenii/male/FR15ABOM130722047_P1.JPG,tail3,SUSPECT,19 landmark(s) hors du crop 512x256,19,2.1713,2.1713,
376d74c2ab1a0a98,ABAURA8150c,/Volumes/EXT DATA/IDMB/Bombus/images/collection/Bombus_ruderarius/queen/ABAURA8150c_P1.JPG,tail3,OK,,0,2.1727,2.1727,
22abc57ca4a87fdc,CD388820,/Volumes/EXT DATA/IDMB/Bombus/images/collection/Bombus_wurflenii/worker/CD388820_P1.JPG,tail3,SUSPECT,19 landmark(s) hors du crop 512x256,19,2.2082,2.2082,
42bf3a8bcdba75dc,ABAURA8201,/Volumes/EXT DATA/IDMB/Bombus/images/collection/Bombus_pratorum/queen/ABAURA8201_P1.JPG,tail3,OK,,0,2.3305,2.3305,
8cb716fe95da0f35,OPIE_Lapi_270702,/Volumes/EXT DATA/IDMB/Bombus/images/collection/Bombus_lapidarius/worker/OPIE_Lapi_270702_P1.JPG,tail3,OK,,0,2.2837,2.2837,
ba253838581941fa,CD388235,/Volumes/EXT DATA/IDMB/Bombus/images/collection/Bombus_soroeensis/worker/CD388235_P1.JPG,tail3,OK,,0,2.3352,2.3352,
fec0e2ce9edaafe7,NoName13,/Volumes/EXT DATA/IDMB/Bombus/images/collection/Bombus_sylvarum/male/NoName13_P1.JPG,tail3,SUSPECT,19 landmark(s) hors du crop 512x256,19,2.0935,2.0935,
c93976c44a2a03b0,FR04ABOM220722054,/Volumes/EXT DATA/IDMB/Bombus/images/collection/Bombus_ruderarius/male/FR04ABOM220722054_P1.JPG,tail3,SUSPECT,19 landmark(s) hors du crop 512x256,19,2.3461,2.3461,
70c3419ebab57613,ABAURA8238c,/Volumes/EXT DATA/IDMB/Bombus/images/collection/Bombus_sichelii/worker/ABAURA8238c_P1.JPG,tail3,SUSPECT,19 landmark(s) hors du crop 512x256,19,2.2694,2.2694,
fb559a0c04786643,OPIE_Lapi_130720c,/Volumes/EXT DATA/IDMB/Bombus/images/collection/Bombus_lapidarius/worker/OPIE_Lapi_130720c_P1.JPG,tail3,OK,,0,2.3151,2.3151,
f70e86c1fd31489e,ABAURA7155,/Volumes/EXT DATA/IDMB/Bombus/images/collection/Bombus_pratorum/queen/ABAURA7155_P1.JPG,tail3,OK,,0,2.1687,2.1687,
69ae4f428ff53ce3,Polset_1,/Volumes/EXT DATA/IDMB/Bombus/images/collection/Bombus_monticola/worker/Polset_1_P1.JPG,tail3,SUSPECT,19 landmark(s) hors du crop 512x256,19,2.2853,2.2853,
8ace3c513e8b7bfb,VAN-2019.00849,/Volumes/EXT DATA/IDMB/Bombus/images/collection/Bombus_rupestris/male/VAN-2019.00849_P1.JPG,tail3,SUSPECT,19 landmark(s) hors du crop 512x256,19,2.1277,2.1277,
8e8b6bd46510124c,CD388229b,/Volumes/EXT DATA/IDMB/Bombus/images/collection/Bombus_soroeensis/worker/CD388229b_P1.JPG,tail3,OK,,0,2.2837,2.2837,
a4f478c94267c342,15L2021-1498,/Volumes/EXT DATA/IDMB/Bombus/images/collection/Bombus_rupestris/male/15L2021-1498_P1.JPG,tail3,SUSPECT,19 landmark(s) hors du crop 512x256,19,2.4209,2.4209,
28fdf9f62edaa192,ABAURA8203,/Volumes/EXT DATA/IDMB/Bombus/images/collection/Bombus_sichelii/worker/ABAURA8203_P1.JPG,tail3,SUSPECT,19 landmark(s) hors du crop 512x256,19,2.3982,2.3982,
4cbe479796b954c7,CollecYvan16,/Volumes/EXT DATA/IDMB/Bombus/images/collection/Bombus_monticola/worker/CollecYvan16_P1.JPG,tail3,OK,,0,2.2177,2.2177,
a19122fdffe22e27,CD388861b,/Volumes/EXT DATA/IDMB/Bombus/images/collection/Bombus_pyrenaeus/worker/CD388861b_P1.JPG,tail3,SUSPECT,19 landmark(s) hors du crop 512x256,19,2.5083,2.5083,
abf0eb1da221fd6a,ABAURA4926,/Volumes/EXT DATA/IDMB/Bombus/images/collection/Bombus_pratorum/worker/ABAURA4926_P1.JPG,tail3,SUSPECT,19 landmark(s) hors du crop 512x256,19,1.7427,1.7427,
25023ee86708d4cb,2020.06244,/Volumes/EXT DATA/IDMB/Bombus/images/collection/Bombus_rupestris/male/2020.06244_P1.JPG,tail3,SUSPECT,19 landmark(s) hors du crop 512x256,19,2.1467,2.1467,
3436bf37f48bc9fa,POLLINIS4415,/Volumes/EXT DATA/IDMB/Bombus/images/collection/Bombus_pomorum/worker/POLLINIS4415_P1.JPG,tail3,SUSPECT,19 landmark(s) hors du crop 512x256,19,2.0862,2.0862,
25cc079babff097e,FR15ABOM210821177,/Volumes/EXT DATA/IDMB/Bombus/images/collection/Bombus_sylvarum/male/FR15ABOM210821177_P1.JPG,tail3,SUSPECT,19 landmark(s) hors du crop 512x256,19,2.2026,2.2026,
f26bca0a30ed5d84,FR73ABOM130722006,/Volumes/EXT DATA/IDMB/Bombus/images/collection/Bombus_pyrenaeus/worker/FR73ABOM130722006_P1.JPG,tail3,OK,,0,2.2984,2.2984,
4d8889627865d95f,ABAURA8150,/Volumes/EXT DATA/IDMB/Bombus/images/collection/Bombus_soroeensis/worker/ABAURA8150_P1.JPG,tail3,OK,,0,2.4561,2.4561,
b0527ca4dcd08ca4,VAN-2019.00787,/Volumes/EXT DATA/IDMB/Bombus/images/collection/Bombus_rupestris/male/VAN-2019.00787_P1.JPG,tail3,SUSPECT,19 landmark(s) hors du crop 512x256,19,2.0105,2.0105,
e4823bf4fe74d748,FR73ABOM120722026,/Volumes/EXT DATA/IDMB/Bombus/images/collection/Bombus_sichelii/male/FR73ABOM120722026_P1.JPG,tail3,SUSPECT,19 landmark(s) hors du crop 512x256,19,2.3473,2.3473,
6e4e5e8fc31f4e89,ABAURA8208b,/Volumes/EXT DATA/IDMB/Bombus/images/collection/Bombus_sichelii/worker/ABAURA8208b_P1.JPG,tail3,SUSPECT,19 landmark(s) hors du crop 512x256,19,2.2658,2.2658,
d9b67d5517603d76,FR15_ABOM25082020007,/Volumes/EXT DATA/IDMB/Bombus/images/collection/Bombus_sylvarum/male/FR15_ABOM25082020007_P1.JPG,tail3,SUSPECT,19 landmark(s) hors du crop 512x256,19,2.0267,2.0267,
a641a660bcaa2d46,ABAURA8238,/Volumes/EXT DATA/IDMB/Bombus/images/collection/Bombus_pratorum/male/ABAURA8238_P1.JPG,tail3,SUSPECT,19 landmark(s) hors du crop 512x256,19,2.7349,2.7349,
70472ad48a3260cc,ABAURA4904,/Volumes/EXT DATA/IDMB/Bombus/images/collection/Bombus_ruderarius/worker/ABAURA4904_P1.JPG,tail3,SUSPECT,19 landmark(s) hors du crop 512x256,19,2.1486,2.1486,
4a2010ba82bf8592,FR15ABOM210821107,/Volumes/EXT DATA/IDMB/Bombus/images/collection/Bombus_pomorum/male/FR15ABOM210821107_P1.JPG,tail3,SUSPECT,19 landmark(s) hors du crop 512x256,19,2.0505,2.0505,
37a7207027a8adec,FR73ABOM130722040,/Volumes/EXT DATA/IDMB/Bombus/images/collection/Bombus_pyrenaeus/male/FR73ABOM130722040_P1.JPG,tail3,OK,,0,2.3003,2.3003,
8554ea5143a30b4c,POLLINIS5943,/Volumes/EXT DATA/IDMB/Bombus/images/collection/Bombus_soroeensis/male/POLLINIS5943_P1.JPG,tail3,OK,,0,2.1897,2.1897,
6ed883c199116c26,FR73ABOM120722021,/Volumes/EXT DATA/IDMB/Bombus/images/collection/Bombus_pyrenaeus/worker/FR73ABOM120722021_P1.JPG,tail3,OK,,0,2.2063,2.2063,
9b72421d0cffd340,VAN-2019.00795,/Volumes/EXT DATA/IDMB/Bombus/images/collection/Bombus_ruderarius/worker/VAN-2019.00795_P1.JPG,tail3,SUSPECT,19 landmark(s) hors du crop 512x256,19,2.3174,2.3174,
d4661d90b2c2b5c4,FR73ABOM130722005,/Volumes/EXT DATA/IDMB/Bombus/images/collection/Bombus_pyrenaeus/worker/FR73ABOM130722005_P1.JPG,tail3,OK,,0,2.1558,2.1558,
a52612d36c67242a,ABAURA8238d,/Volumes/EXT DATA/IDMB/Bombus/images/collection/Bombus_sichelii/worker/ABAURA8238d_P1.JPG,tail3,SUSPECT,19 landmark(s) hors du crop 512x256,19,2.5099,2.5099,
3d59b0c95e006cfa,CD388003,/Volumes/EXT DATA/IDMB/Bombus/images/collection/Bombus_wurflenii/worker/CD388003_P1.JPG,tail3,SUSPECT,19 landmark(s) hors du crop 512x256,19,2.1954,2.1954,
7cb5e0d9b0ebe3e8,FR74ABOM170722014,/Volumes/EXT DATA/IDMB/Bombus/images/collection/Bombus_monticola/worker/FR74ABOM170722014_P1.JPG,tail3,OK,,0,2.3406,2.3406,
364aa8658311ec46,2020.00294,/Volumes/EXT DATA/IDMB/Bombus/images/collection/Bombus_soroeensis/worker/2020.00294_P1.JPG,tail3,OK,,0,2.3261,2.3261,
8020177f956dfa97,FR04ABOM220722060,/Volumes/EXT DATA/IDMB/Bombus/images/collection/Bombus_monticola/male/FR04ABOM220722060_P1.JPG,tail3,OK,,0,2.3222,2.3222,
194d46dbe92a5705,ABAURA8207c,/Volumes/EXT DATA/IDMB/Bombus/images/collection/Bombus_wurflenii/worker/ABAURA8207c_P1.JPG,tail3,SUSPECT,19 landmark(s) hors du crop 512x256,19,2.2471,2.2471,
7295280ddb0c56f0,FR15_ABOM180720053,/Volumes/EXT DATA/IDMB/Bombus/images/collection/Bombus_wurflenii/male/FR15_ABOM180720053_P1.JPG,tail3,SUSPECT,19 landmark(s) hors du crop 512x256,19,2.2557,2.2557,
db7106406a2a4c02,CD388821,/Volumes/EXT DATA/IDMB/Bombus/images/collection/Bombus_monticola/male/CD388821_P1.JPG,tail3,SUSPECT,19 landmark(s) hors du crop 512x256,19,2.3562,2.3562,
d4aa02e22ae03923,2019.02188,/Volumes/EXT DATA/IDMB/Bombus/images/collection/Bombus_pratorum/worker/2019.02188_P1.JPG,tail3,SUSPECT,19 landmark(s) hors du crop 512x256,19,2.2790,2.2790,
c53e929c4ab17765,FR15ABOM210822015,/Volumes/EXT DATA/IDMB/Bombus/images/collection/Bombus_pomorum/male/FR15ABOM210822015_P1.JPG,tail3,SUSPECT,19 landmark(s) hors du crop 512x256,19,2.1531,2.1531,
54c9b09d1872646e,2019.02184,/Volumes/EXT DATA/IDMB/Bombus/images/collection/Bombus_pratorum/queen/2019.02184_P1.JPG,tail3,OK,,0,2.1736,2.1736,
2b750bd62c8f6f4d,2020.03926,/Volumes/EXT DATA/IDMB/Bombus/images/collection/Bombus_pratorum/male/2020.03926_P1.JPG,tail3,SUSPECT,19 landmark(s) hors du crop 512x256,19,1.7780,1.7780,
d150d3a5853f704a,CD388145,/Volumes/EXT DATA/IDMB/Bombus/images/collection/Bombus_soroeensis/male/CD388145_P1.JPG,tail3,OK,,0,2.6300,2.6300,
bb0b38658221de13,FR05ABOM220722023,/Volumes/EXT DATA/IDMB/Bombus/images/collection/Bombus_ruderarius/male/FR05ABOM220722023_P1.JPG,tail3,SUSPECT,19 landmark(s) hors du crop 512x256,19,2.1742,2.1742,
adc9375a1f881f83,ABAURA8204,/Volumes/EXT DATA/IDMB/Bombus/images/collection/Bombus_ruderarius/male/ABAURA8204_P1.JPG,tail3,SUSPECT,19 landmark(s) hors du crop 512x256,19,2.2763,2.2763,
afa2733ef2d3d17d,ABAURA8150b,/Volumes/EXT DATA/IDMB/Bombus/images/collection/Bombus_ruderarius/worker/ABAURA8150b_P1.JPG,tail3,SUSPECT,19 landmark(s) hors du crop 512x256,19,2.0810,2.0810,
293ee473e3a80f34,CD388623c,/Volumes/EXT DATA/IDMB/Bombus/images/collection/Bombus_monticola/worker/CD388623c_P1.JPG,tail3,SUSPECT,19 landmark(s) hors du crop 512x256,19,2.4256,2.4256,
90840ac174779ef2,CD388229c,/Volumes/EXT DATA/IDMB/Bombus/images/collection/Bombus_soroeensis/male/CD388229c_P1.JPG,tail3,OK,,0,2.3117,2.3117,
e55a2d7d8e253760,CD387804c,/Volumes/EXT DATA/IDMB/Bombus/images/collection/Bombus_soroeensis/male/CD387804c_P1.JPG,tail3,OK,,0,2.1982,2.1982,
ef6eda02d790d8d0,FR04ABOM220722061,/Volumes/EXT DATA/IDMB/Bombus/images/collection/Bombus_pyrenaeus/male/FR04ABOM220722061_P1.JPG,tail3,OK,,0,2.3043,2.3043,
40523f230187aeee,ABAURA8604,/Volumes/EXT DATA/IDMB/Bombus/images/collection/Bombus_wurflenii/worker/ABAURA8604_P1.JPG,tail3,SUSPECT,19 landmark(s) hors du crop 512x256,19,2.2897,2.2897,
945ee73ffa62db9a,FR15ABOM100721031,/Volumes/EXT DATA/IDMB/Bombus/images/collection/Bombus_rupestris/queen/FR15ABOM100721031_P1.JPG,tail3,SUSPECT,19 landmark(s) hors du crop 512x256,19,1.6750,1.6750,
83c0adfd4496e2f0,ABAURA4902,/Volumes/EXT DATA/IDMB/Bombus/images/collection/Bombus_ruderarius/worker/ABAURA4902_P1.JPG,tail3,SUSPECT,19 landmark(s) hors du crop 512x256,19,2.1744,2.1744,
a3c4920591e8fba0,ABAURA8207b,/Volumes/EXT DATA/IDMB/Bombus/images/collection/Bombus_wurflenii/worker/ABAURA8207b_P1.JPG,tail3,SUSPECT,19 landmark(s) hors du crop 512x256,19,2.2670,2.2670,
307a106694369966,FR15ABOM150821068,/Volumes/EXT DATA/IDMB/Bombus/images/collection/Bombus_pomorum/worker/FR15ABOM150821068_P1.JPG,tail3,SUSPECT,19 landmark(s) hors du crop 512x256,19,2.2862,2.2862,
dd485bd2d093fa7e,OPIE_Lapi_230620b,/Volumes/EXT DATA/IDMB/Bombus/images/collection/Bombus_lapidarius/worker/OPIE_Lapi_230620b_P1.JPG,tail3,OK,,0,2.2997,2.2997,
dee0257031455c91,FR73ABOM130722020,/Volumes/EXT DATA/IDMB/Bombus/images/collection/Bombus_pyrenaeus/male/FR73ABOM130722020_P1.JPG,tail3,OK,,0,2.3188,2.3188,
8727b6c498dc4008,FR15ABOM200722065,/Volumes/EXT DATA/IDMB/Bombus/images/collection/Bombus_wurflenii/male/FR15ABOM200722065_P1.JPG,tail3,SUSPECT,19 landmark(s) hors du crop 512x256,19,2.2936,2.2936,
67d3b3f24b45a666,CD388809,/Volumes/EXT DATA/IDMB/Bombus/images/collection/Bombus_soroeensis/worker/CD388809_P1.JPG,tail3,OK,,0,2.0832,2.0832,
2b3b4f62c27d55c2,FR04ABOM220722047,/Volumes/EXT DATA/IDMB/Bombus/images/collection/Bombus_sichelii/male/FR04ABOM220722047_P1.JPG,tail3,SUSPECT,19 landmark(s) hors du crop 512x256,19,2.3243,2.3243,
2063627090d3100e,ABAURA8240c,/Volumes/EXT DATA/IDMB/Bombus/images/collection/Bombus_pratorum/worker/ABAURA8240c_P1.JPG,tail3,SUSPECT,19 landmark(s) hors du crop 512x256,19,2.0097,2.0097,
970fde072567a9b1,FR04ABOM220722089,/Volumes/EXT DATA/IDMB/Bombus/images/collection/Bombus_pyrenaeus/queen/FR04ABOM220722089_P1.JPG,tail3,OK,,0,2.1890,2.1890,
eba4545229efa1ba,15L2021-1739,/Volumes/EXT DATA/IDMB/Bombus/images/collection/Bombus_soroeensis/male/15L2021-1739_P1.JPG,tail3,OK,,0,2.3525,2.3525,
ec4ea388e0135426,ABAURA8867,/Volumes/EXT DATA/IDMB/Bombus/images/collection/Bombus_soroeensis/worker/ABAURA8867_P1.JPG,tail3,OK,,0,2.3797,2.3797,
a2245dee4fde772d,FR73ABOM130722001,/Volumes/EXT DATA/IDMB/Bombus/images/collection/Bombus_monticola/worker/FR73ABOM130722001_P1.JPG,tail3,OK,,0,2.1500,2.1500,
2d65a061e305b630,VAN-2019.00850,/Volumes/EXT DATA/IDMB/Bombus/images/collection/Bombus_rupestris/male/VAN-2019.00850_P1.JPG,tail3,SUSPECT,19 landmark(s) hors du crop 512x256,19,2.2312,2.2312,
57594cb4054693b0,ABAURA8205b,/Volumes/EXT DATA/IDMB/Bombus/images/collection/Bombus_ruderarius/worker/ABAURA8205b_P1.JPG,tail3,SUSPECT,19 landmark(s) hors du crop 512x256,19,2.1605,2.1605,
71dc6d0d508e82b0,NoName9,/Volumes/EXT DATA/IDMB/Bombus/images/collection/Bombus_sylvarum/male/NoName9_P1.JPG,tail3,SUSPECT,19 landmark(s) hors du crop 512x256,19,2.4211,2.4211,
4fbd751b459927d9,15L2021-1483,/Volumes/EXT DATA/IDMB/Bombus/images/collection/Bombus_soroeensis/male/15L2021-1483_P1.JPG,tail3,OK,,0,2.4199,2.4199,
624241c2adff69a6,FR15ABOM200821156,/Volumes/EXT DATA/IDMB/Bombus/images/collection/Bombus_rupestris/queen/FR15ABOM200821156_P1.JPG,tail3,SUSPECT,13 landmark(s) hors du crop 512x256,13,1.4907,1.4907,
393628d7e190f37d,FR73ABOM150722001,/Volumes/EXT DATA/IDMB/Bombus/images/collection/Bombus_monticola/male/FR73ABOM150722001_P1.JPG,tail3,OK,,0,2.2110,2.2110,
e839b466b970869b,CD388018c,/Volumes/EXT DATA/IDMB/Bombus/images/collection/Bombus_sichelii/worker/CD388018c_P1.JPG,tail3,SUSPECT,19 landmark(s) hors du crop 512x256,19,2.3478,2.3478,
bad35adae20298a0,FR73ABOM200722034,/Volumes/EXT DATA/IDMB/Bombus/images/collection/Bombus_pyrenaeus/worker/FR73ABOM200722034_P1.JPG,tail3,OK,,0,2.2586,2.2586,
78f40548945b56e8,ABAURA5591,/Volumes/EXT DATA/IDMB/Bombus/images/collection/Bombus_soroeensis/worker/ABAURA5591_P1.JPG,tail3,OK,,0,2.4648,2.4648,
79ad6b160d226108,CD387770d,/Volumes/EXT DATA/IDMB/Bombus/images/collection/Bombus_sichelii/worker/CD387770d_P1.JPG,tail3,SUSPECT,19 landmark(s) hors du crop 512x256,19,2.3032,2.3032,
89db2d384e5e424a,BAR.2018.00342,/Volumes/EXT DATA/IDMB/Bombus/images/collection/Bombus_sylvarum/worker/BAR.2018.00342_P1.JPG,tail3,SUSPECT,19 landmark(s) hors du crop 512x256,19,2.0571,2.0571,
c9dd7d0425a86283,FR05ABOM220722024,/Volumes/EXT DATA/IDMB/Bombus/images/collection/Bombus_ruderarius/male/FR05ABOM220722024_P1.JPG,tail3,SUSPECT,19 landmark(s) hors du crop 512x256,19,2.1910,2.1910,
f71ff213f80d0bf8,FR73ABOM120722072,/Volumes/EXT DATA/IDMB/Bombus/images/collection/Bombus_pyrenaeus/male/FR73ABOM120722072_P1.JPG,tail3,OK,,0,2.1919,2.1919,
cee57c2d99b94e99,CD387303,/Volumes/EXT DATA/IDMB/Bombus/images/collection/Bombus_sylvarum/worker/CD387303_P1.JPG,tail3,SUSPECT,19 landmark(s) hors du crop 512x256,19,2.2935,2.2935,
ad1d2950a08f413b,15L2021-1741,/Volumes/EXT DATA/IDMB/Bombus/images/collection/Bombus_soroeensis/male/15L2021-1741_P1.JPG,tail3,OK,,0,2.2592,2.2592,
da02567753682912,FR73ABOM200722017,/Volumes/EXT DATA/IDMB/Bombus/images/collection/Bombus_sichelii/male/FR73ABOM200722017_P1.JPG,tail3,SUSPECT,19 landmark(s) hors du crop 512x256,19,2.3350,2.3350,
7dd025e557849e1a,15L2021-1742,/Volumes/EXT DATA/IDMB/Bombus/images/collection/Bombus_soroeensis/male/15L2021-1742_P1.JPG,tail3,OK,,0,2.4014,2.4014,
b2d994acde47d2b4,FR15ABOM200821215,/Volumes/EXT DATA/IDMB/Bombus/images/collection/Bombus_pomorum/worker/FR15ABOM200821215_P1.JPG,tail3,SUSPECT,19 landmark(s) hors du crop 512x256,19,2.1920,2.1920,
fdf82c1dd7b5a73b,CD388821c,/Volumes/EXT DATA/IDMB/Bombus/images/collection/Bombus_pyrenaeus/male/CD388821c_P1.JPG,tail3,SUSPECT,19 landmark(s) hors du crop 512x256,19,2.4428,2.4428,
75c500bdb7c8a50f,ABAURA7163,/Volumes/EXT DATA/IDMB/Bombus/images/collection/Bombus_ruderarius/queen/ABAURA7163_P1.JPG,tail3,OK,,0,2.2042,2.2042,
c32cd7e7a5303d50,CD388861,/Volumes/EXT DATA/IDMB/Bombus/images/collection/Bombus_pratorum/male/CD388861_P1.JPG,tail3,SUSPECT,19 landmark(s) hors du crop 512x256,19,2.2536,2.2536,
753050243f266b43,FR04ABOM220722092,/Volumes/EXT DATA/IDMB/Bombus/images/collection/Bombus_pyrenaeus/worker/FR04ABOM220722092_P1.JPG,tail3,OK,,0,2.3219,2.3219,
48a9ea20113c09e3,15L2021-1758,/Volumes/EXT DATA/IDMB/Bombus/images/collection/Bombus_rupestris/male/15L2021-1758_P1.JPG,tail3,SUSPECT,19 landmark(s) hors du crop 512x256,19,2.3701,2.3701,
a8a020a2acc3ba05,OPIE_Lapi_130720b,/Volumes/EXT DATA/IDMB/Bombus/images/collection/Bombus_lapidarius/worker/OPIE_Lapi_130720b_P1.JPG,tail3,OK,,0,2.2994,2.2994,
8e8b8c08a61c4ece,FR15ABOM200821126,/Volumes/EXT DATA/IDMB/Bombus/images/collection/Bombus_pomorum/worker/FR15ABOM200821126_P1.JPG,tail3,SUSPECT,19 landmark(s) hors du crop 512x256,19,2.2212,2.2212,
784f0fdad9e36fd4,FR15ABOO0712002,/Volumes/EXT DATA/IDMB/Bombus/images/collection/Bombus_rupestris/queen/FR15ABOO0712002_P1.JPG,tail3,SUSPECT,17 landmark(s) hors du crop 512x256,17,1.7502,1.7502,
b65c91f3f7307c39,ABAURA5667,/Volumes/EXT DATA/IDMB/Bombus/images/collection/Bombus_monticola/worker/ABAURA5667_P1.JPG,tail3,OK,,0,2.2278,2.2278,
e6a91485d1c14e4d,CD388229,/Volumes/EXT DATA/IDMB/Bombus/images/collection/Bombus_pratorum/male/CD388229_P1.JPG,tail3,SUSPECT,19 landmark(s) hors du crop 512x256,19,2.4968,2.4968,
d616aaa6180fb8c8,FR73ABOM140722026,/Volumes/EXT DATA/IDMB/Bombus/images/collection/Bombus_monticola/queen/FR73ABOM140722026_P1.JPG,tail3,OK,,0,2.1663,2.1663,
1bd0dc835e496063,ABAURA7151,/Volumes/EXT DATA/IDMB/Bombus/images/collection/Bombus_sylvarum/queen/ABAURA7151_P1.JPG,tail3,OK,,0,2.1833,2.1833,
5e96479a4080586d,2020.04010,/Volumes/EXT DATA/IDMB/Bombus/images/collection/Bombus_sylvarum/worker/2020.04010_P1.JPG,tail3,SUSPECT,19 landmark(s) hors du crop 512x256,19,2.4766,2.4766,
00572780db9e4dc8,FR74ABOM160722001,/Volumes/EXT DATA/IDMB/Bombus/images/collection/Bombus_monticola/worker/FR74ABOM160722001_P1.JPG,tail3,OK,,0,2.2941,2.2941,
276e83d7d067f0ce,FR73ABOM200722038,/Volumes/EXT DATA/IDMB/Bombus/images/collection/Bombus_pyrenaeus/worker/FR73ABOM200722038_P1.JPG,tail3,OK,,0,2.3513,2.3513,
a953922f3309fcd6,FR15ABOM210821077,/Volumes/EXT DATA/IDMB/Bombus/images/collection/Bombus_rupestris/queen/FR15ABOM210821077_P1.JPG,tail3,SUSPECT,16 landmark(s) hors du crop 512x256,16,1.7113,1.7113,
4557bf7b27408187,ABB-2020.00032,/Volumes/EXT DATA/IDMB/Bombus/images/collection/Bombus_sylvarum/worker/ABB-2020.00032_P1.JPG,tail3,SUSPECT,19 landmark(s) hors du crop 512x256,19,2.3861,2.3861,
119949be147f158c,ABAURA8207d,/Volumes/EXT DATA/IDMB/Bombus/images/collection/Bombus_wurflenii/worker/ABAURA8207d_P1.JPG,tail3,SUSPECT,19 landmark(s) hors du crop 512x256,19,2.2703,2.2703,
1fa84800df04dad0,15L2021-1740,/Volumes/EXT DATA/IDMB/Bombus/images/collection/Bombus_soroeensis/male/15L2021-1740_P1.JPG,tail3,OK,,0,2.3739,2.3739,
8ac56297575d3c1e,FR73ABOM150722006,/Volumes/EXT DATA/IDMB/Bombus/images/collection/Bombus_monticola/male/FR73ABOM150722006_P1.JPG,tail3,SKIPPED,detection.csv absent ou status != OK pour ce image_id,,,,
96d697975b453a25,ABAURA8526,/Volumes/EXT DATA/IDMB/Bombus/images/collection/Bombus_soroeensis/male/ABAURA8526_P1.JPG,tail3,OK,,0,2.3244,2.3244,
da23195f610e0326,CD388821d,/Volumes/EXT DATA/IDMB/Bombus/images/collection/Bombus_pyrenaeus/male/CD388821d_P1.JPG,tail3,SUSPECT,19 landmark(s) hors du crop 512x256,19,2.3382,2.3382,
50ca09299fc38dd6,FR73ABOM200722030,/Volumes/EXT DATA/IDMB/Bombus/images/collection/Bombus_sichelii/male/FR73ABOM200722030_P1.JPG,tail3,SUSPECT,19 landmark(s) hors du crop 512x256,19,2.5417,2.5417,
d3e88d13918358b4,POLLINIS5985,/Volumes/EXT DATA/IDMB/Bombus/images/collection/Bombus_soroeensis/male/POLLINIS5985_P1.JPG,tail3,OK,,0,2.2011,2.2011,
5882fc50e0e6fa65,2020.03886,/Volumes/EXT DATA/IDMB/Bombus/images/collection/Bombus_sylvarum/worker/2020.03886_P1.JPG,tail3,SUSPECT,19 landmark(s) hors du crop 512x256,19,2.5502,2.5502,
adf505200fc1c2fe,FR73ABOM200722018,/Volumes/EXT DATA/IDMB/Bombus/images/collection/Bombus_sichelii/male/FR73ABOM200722018_P1.JPG,tail3,SUSPECT,19 landmark(s) hors du crop 512x256,19,2.3673,2.3673,
eff4e914c9952eaf,2020.06348,/Volumes/EXT DATA/IDMB/Bombus/images/collection/Bombus_sylvarum/male/2020.06348_P1.JPG,tail3,SUSPECT,19 landmark(s) hors du crop 512x256,19,2.3971,2.3971,
015f297ab0dd4102,CD388860b,/Volumes/EXT DATA/IDMB/Bombus/images/collection/Bombus_soroeensis/male/CD388860b_P1.JPG,tail3,OK,,0,2.2901,2.2901,
a57447fc28e276e7,2019.02080,/Volumes/EXT DATA/IDMB/Bombus/images/collection/Bombus_pratorum/male/2019.02080_P1.JPG,tail3,SUSPECT,19 landmark(s) hors du crop 512x256,19,2.2770,2.2770,
59a122fe39201ce8,CD387770b,/Volumes/EXT DATA/IDMB/Bombus/images/collection/Bombus_monticola/male/CD387770b_P1.JPG,tail3,SUSPECT,19 landmark(s) hors du crop 512x256,19,2.3830,2.3830,
ee8b352a724cec20,CD388865c,/Volumes/EXT DATA/IDMB/Bombus/images/collection/Bombus_sichelii/worker/CD388865c_P1.JPG,tail3,SUSPECT,19 landmark(s) hors du crop 512x256,19,2.2733,2.2733,
78ccc671128751a5,2019.00316,/Volumes/EXT DATA/IDMB/Bombus/images/collection/Bombus_pratorum/worker/2019.00316_P1.JPG,tail3,SUSPECT,19 landmark(s) hors du crop 512x256,19,2.0053,2.0053,
863e92a4f63e1efe,NoName3,/Volumes/EXT DATA/IDMB/Bombus/images/collection/Bombus_pomorum/male/NoName3_P1.JPG,tail3,SUSPECT,19 landmark(s) hors du crop 512x256,19,2.2311,2.2311,
786c3009835c6874,OPIE_Lapi_110702,/Volumes/EXT DATA/IDMB/Bombus/images/collection/Bombus_lapidarius/worker/OPIE_Lapi_110702_P1.JPG,tail3,OK,,0,2.4021,2.4021,
49a80767708659ca,CD387324,/Volumes/EXT DATA/IDMB/Bombus/images/collection/Bombus_sylvarum/worker/CD387324_P1.JPG,tail3,SUSPECT,19 landmark(s) hors du crop 512x256,19,2.3231,2.3231,
a47ab3bb60790d65,VAN-2019.00822,/Volumes/EXT DATA/IDMB/Bombus/images/collection/Bombus_rupestris/male/VAN-2019.00822_P1.JPG,tail3,SUSPECT,19 landmark(s) hors du crop 512x256,19,2.0407,2.0407,
da72dafb91ec87b0,FR15ABOM210822012,/Volumes/EXT DATA/IDMB/Bombus/images/collection/Bombus_pomorum/male/FR15ABOM210822012_P1.JPG,tail3,SUSPECT,19 landmark(s) hors du crop 512x256,19,2.1018,2.1018,
9626aa00a948debe,CD388230b,/Volumes/EXT DATA/IDMB/Bombus/images/collection/Bombus_pratorum/male/CD388230b_P1.JPG,tail3,SUSPECT,19 landmark(s) hors du crop 512x256,19,2.6210,2.6210,
ba2315a2332c1b22,2020.00410,/Volumes/EXT DATA/IDMB/Bombus/images/collection/Bombus_soroeensis/worker/2020.00410_P1.JPG,tail3,OK,,0,2.3660,2.3660,
75a1b47687ff0324,FR15_ABOM30072020044,/Volumes/EXT DATA/IDMB/Bombus/images/collection/Bombus_pomorum/worker/FR15_ABOM30072020044_P1.JPG,tail3,SUSPECT,19 landmark(s) hors du crop 512x256,19,2.2616,2.2616,
2f9a5cc010a5bc70,OPIE_Lapi_240620,/Volumes/EXT DATA/IDMB/Bombus/images/collection/Bombus_lapidarius/worker/OPIE_Lapi_240620_P1.JPG,tail3,OK,,0,2.4865,2.4865,
d2b390ef817532c6,2020.06243,/Volumes/EXT DATA/IDMB/Bombus/images/collection/Bombus_rupestris/male/2020.06243_P1.JPG,tail3,SUSPECT,19 landmark(s) hors du crop 512x256,19,2.2848,2.2848,
a7c2a22a87ea501c,CD388230,/Volumes/EXT DATA/IDMB/Bombus/images/collection/Bombus_pratorum/male/CD388230_P1.JPG,tail3,SUSPECT,19 landmark(s) hors du crop 512x256,19,2.2413,2.2413,
ffb12b98b12e4805,POLLINIS4455,/Volumes/EXT DATA/IDMB/Bombus/images/collection/Bombus_ruderarius/worker/POLLINIS4455_P1.JPG,tail3,SUSPECT,19 landmark(s) hors du crop 512x256,19,2.3377,2.3377,
546d6df38cbf9804,FR15AB100518002,/Volumes/EXT DATA/IDMB/Bombus/images/collection/Bombus_wurflenii/queen/FR15AB100518002_P1.JPG,tail3,OK,,0,1.8071,1.8071,
e0b59f1b7eab60ea,2012.0034,/Volumes/EXT DATA/IDMB/Bombus/images/collection/Bombus_sylvarum/worker/2012.0034_P1.JPG,tail3,SUSPECT,19 landmark(s) hors du crop 512x256,19,2.6334,2.6334,
45da948bccc509d3,15L2021-1514,/Volumes/EXT DATA/IDMB/Bombus/images/collection/Bombus_rupestris/male/15L2021-1514_P1.JPG,tail3,SUSPECT,19 landmark(s) hors du crop 512x256,19,2.3699,2.3699,
5dfc2624bec59e27,VAN-2019.00824,/Volumes/EXT DATA/IDMB/Bombus/images/collection/Bombus_rupestris/male/VAN-2019.00824_P1.JPG,tail3,SUSPECT,11 landmark(s) hors du crop 512x256,11,1.4937,1.4937,
da8e14b89a3174a1,NoName12,/Volumes/EXT DATA/IDMB/Bombus/images/collection/Bombus_sylvarum/male/NoName12_P1.JPG,tail3,SUSPECT,19 landmark(s) hors du crop 512x256,19,2.2835,2.2835,
bc837c5c536d0f37,FR73ABOM130722066,/Volumes/EXT DATA/IDMB/Bombus/images/collection/Bombus_pyrenaeus/male/FR73ABOM130722066_P1.JPG,tail3,OK,,0,2.2589,2.2589,
1f903bf2d0ed95dd,15L2021-1743,/Volumes/EXT DATA/IDMB/Bombus/images/collection/Bombus_soroeensis/male/15L2021-1743_P1.JPG,tail3,OK,,0,2.2897,2.2897,
1d1427019c8cca75,FR15ABOM120722071,/Volumes/EXT DATA/IDMB/Bombus/images/collection/Bombus_wurflenii/male/FR15ABOM120722071_P1.JPG,tail3,SUSPECT,19 landmark(s) hors du crop 512x256,19,2.2557,2.2557,
0a90c4c53a2db8d1,CollecYvan17,/Volumes/EXT DATA/IDMB/Bombus/images/collection/Bombus_monticola/worker/CollecYvan17_P1.JPG,tail3,OK,,0,2.1471,2.1471,
72a67e07acd03a64,CD388865b,/Volumes/EXT DATA/IDMB/Bombus/images/collection/Bombus_sichelii/worker/CD388865b_P1.JPG,tail3,SUSPECT,19 landmark(s) hors du crop 512x256,19,2.3762,2.3762,
5a4abbbc9583eb78,FR15ABOM100721047,/Volumes/EXT DATA/IDMB/Bombus/images/collection/Bombus_pomorum/queen/FR15ABOM100721047_P1.JPG,tail3,OK,,0,2.0637,2.0637,
b5dd9ab0cefcbd9a,POLLINIS4384,/Volumes/EXT DATA/IDMB/Bombus/images/collection/Bombus_soroeensis/male/POLLINIS4384_P1.JPG,tail3,OK,,0,2.3780,2.3780,
b9306a35663100ba,FR15ABOM210821128,/Volumes/EXT DATA/IDMB/Bombus/images/collection/Bombus_sylvarum/male/FR15ABOM210821128_P1.JPG,tail3,SUSPECT,19 landmark(s) hors du crop 512x256,19,2.3730,2.3730,
14753e9639562eb0,ABAURA8238b,/Volumes/EXT DATA/IDMB/Bombus/images/collection/Bombus_sichelii/worker/ABAURA8238b_P1.JPG,tail3,SUSPECT,19 landmark(s) hors du crop 512x256,19,2.4315,2.4315,
70d16cbe4bd33a81,FR73ABOM130722037,/Volumes/EXT DATA/IDMB/Bombus/images/collection/Bombus_monticola/male/FR73ABOM130722037_P1.JPG,tail3,OK,,0,2.3061,2.3061,
6e0c5ad4669ced2c,FR15ABOM310520005,/Volumes/EXT DATA/IDMB/Bombus/images/collection/Bombus_rupestris/queen/FR15ABOM310520005_P1.JPG,tail3,SUSPECT,16 landmark(s) hors du crop 512x256,16,1.6784,1.6784,
c65f9c21faf38527,15L2021-1731,/Volumes/EXT DATA/IDMB/Bombus/images/collection/Bombus_rupestris/male/15L2021-1731_P1.JPG,tail3,SUSPECT,19 landmark(s) hors du crop 512x256,19,2.3345,2.3345,
91fa8d19c49909e9,OPIE_Lapi_160720b,/Volumes/EXT DATA/IDMB/Bombus/images/collection/Bombus_lapidarius/worker/OPIE_Lapi_160720b_P1.JPG,tail3,OK,,0,2.4373,2.4373,
3d9db6d74889a4bf,CollecYvan4,/Volumes/EXT DATA/IDMB/Bombus/images/collection/Bombus_sichelii/male/CollecYvan4_P1.JPG,tail3,SUSPECT,19 landmark(s) hors du crop 512x256,19,2.3644,2.3644,
9319b4d2111deb2c,FR15ABOM210821143,/Volumes/EXT DATA/IDMB/Bombus/images/collection/Bombus_sylvarum/male/FR15ABOM210821143_P1.JPG,tail3,SUSPECT,19 landmark(s) hors du crop 512x256,19,1.9757,1.9757,
548a5dbb6283e544,FR15ABOM210821110,/Volumes/EXT DATA/IDMB/Bombus/images/collection/Bombus_pomorum/male/FR15ABOM210821110_P1.JPG,tail3,SUSPECT,19 landmark(s) hors du crop 512x256,19,2.2351,2.2351,
5a5efd17a2622447,FR73ABOM130722027,/Volumes/EXT DATA/IDMB/Bombus/images/collection/Bombus_pyrenaeus/worker/FR73ABOM130722027_P1.JPG,tail3,OK,,0,2.3614,2.3614,
cf183efdb01d5a06,POLLINIS4393,/Volumes/EXT DATA/IDMB/Bombus/images/collection/Bombus_pratorum/worker/POLLINIS4393_P1.JPG,tail3,SUSPECT,19 landmark(s) hors du crop 512x256,19,2.1449,2.1449,
4e6d8960aef34ec0,15L2021-1546,/Volumes/EXT DATA/IDMB/Bombus/images/collection/Bombus_rupestris/male/15L2021-1546_P1.JPG,tail3,SUSPECT,19 landmark(s) hors du crop 512x256,19,2.4409,2.4409,
f4c1c6a5692e8814,CD388003b,/Volumes/EXT DATA/IDMB/Bombus/images/collection/Bombus_wurflenii/worker/CD388003b_P1.JPG,tail3,SUSPECT,19 landmark(s) hors du crop 512x256,19,2.3275,2.3275,
204e502a2d01bad4,NoName10,/Volumes/EXT DATA/IDMB/Bombus/images/collection/Bombus_sylvarum/male/NoName10_P1.JPG,tail3,SUSPECT,19 landmark(s) hors du crop 512x256,19,2.3127,2.3127,
8dad7a5869b47fb5,BAR-2018.00871,/Volumes/EXT DATA/IDMB/Bombus/images/collection/Bombus_sylvarum/worker/BAR-2018.00871_P1.JPG,tail3,SUSPECT,19 landmark(s) hors du crop 512x256,19,2.4798,2.4798,
658c941ebcc9d48b,ABAURA8205,/Volumes/EXT DATA/IDMB/Bombus/images/collection/Bombus_ruderarius/worker/ABAURA8205_P1.JPG,tail3,SUSPECT,19 landmark(s) hors du crop 512x256,19,2.2004,2.2004,
ee48575111b209bb,2019.02118,/Volumes/EXT DATA/IDMB/Bombus/images/collection/Bombus_pratorum/queen/2019.02118_P1.JPG,tail3,OK,,0,2.0939,2.0939,
242c17a0284eb273,15L2021-1499,/Volumes/EXT DATA/IDMB/Bombus/images/collection/Bombus_rupestris/male/15L2021-1499_P1.JPG,tail3,SUSPECT,19 landmark(s) hors du crop 512x256,19,2.2778,2.2778,
49584a00a3a612e2,D264515,/Volumes/EXT DATA/IDMB/Bombus/images/collection/Bombus_ruderarius/worker/D264515_P1.JPG,tail3,SUSPECT,19 landmark(s) hors du crop 512x256,19,2.3719,2.3719,
b31b53788a925fa4,ABAURA4915,/Volumes/EXT DATA/IDMB/Bombus/images/collection/Bombus_ruderarius/worker/ABAURA4915_P1.JPG,tail3,SUSPECT,19 landmark(s) hors du crop 512x256,19,2.2779,2.2779,
c1049802cf54cdd2,20A.07897,/Volumes/EXT DATA/IDMB/Bombus/images/collection/Bombus_sylvarum/queen/20A.07897_P1.JPG,tail3,OK,,0,2.2447,2.2447,
09f9103df5fbb3a5,ABAURA8602,/Volumes/EXT DATA/IDMB/Bombus/images/collection/Bombus_ruderarius/male/ABAURA8602_P1.JPG,tail3,SUSPECT,19 landmark(s) hors du crop 512x256,19,2.2242,2.2242,
215537ff3eaa9238,AGR.2016.1415,/Volumes/EXT DATA/IDMB/Bombus/images/collection/Bombus_pratorum/male/AGR.2016.1415_P1.JPG,tail3,SUSPECT,19 landmark(s) hors du crop 512x256,19,1.5561,1.5561,
ed177e7fc6be63fd,FR05ABOM220722028,/Volumes/EXT DATA/IDMB/Bombus/images/collection/Bombus_ruderarius/male/FR05ABOM220722028_P1.JPG,tail3,SUSPECT,19 landmark(s) hors du crop 512x256,19,2.1423,2.1423,
3dfdef470851b40f,FR73ABOM120722025,/Volumes/EXT DATA/IDMB/Bombus/images/collection/Bombus_ruderarius/male/FR73ABOM120722025_P1.JPG,tail3,SUSPECT,19 landmark(s) hors du crop 512x256,19,2.3725,2.3725,
30e010761b27f1a7,ABAURA8151,/Volumes/EXT DATA/IDMB/Bombus/images/collection/Bombus_soroeensis/worker/ABAURA8151_P1.JPG,tail3,OK,,0,2.4821,2.4821,
21a4804456aaa18a,FR04ABOM220722050,/Volumes/EXT DATA/IDMB/Bombus/images/collection/Bombus_ruderarius/male/FR04ABOM220722050_P1.JPG,tail3,SUSPECT,19 landmark(s) hors du crop 512x256,19,2.2170,2.2170,
14e8257475f3d276,FR73ABOM130722007,/Volumes/EXT DATA/IDMB/Bombus/images/collection/Bombus_pyrenaeus/male/FR73ABOM130722007_P1.JPG,tail3,OK,,0,2.3199,2.3199,
4f9dc6e5a5f6faf8,FR04ABOM220722046,/Volumes/EXT DATA/IDMB/Bombus/images/collection/Bombus_sichelii/male/FR04ABOM220722046_P1.JPG,tail3,SUSPECT,19 landmark(s) hors du crop 512x256,19,2.0919,2.0919,
0ee4acaf085b59a9,N815,/Volumes/EXT DATA/IDMB/Bombus/images/collection/Bombus_pratorum/male/N815_P1.JPG,tail3,SUSPECT,19 landmark(s) hors du crop 512x256,19,2.0169,2.0169,
8ad23c0aa16dae18,FR15_ABOM25082020010,/Volumes/EXT DATA/IDMB/Bombus/images/collection/Bombus_sylvarum/male/FR15_ABOM25082020010_P1.JPG,tail3,SUSPECT,19 landmark(s) hors du crop 512x256,19,2.4145,2.4145,
f8ae9ee34ca871ea,FR15_AB210818002,/Volumes/EXT DATA/IDMB/Bombus/images/collection/Bombus_wurflenii/male/FR15_AB210818002_P1.JPG,tail3,SUSPECT,19 landmark(s) hors du crop 512x256,19,2.2352,2.2352,
a16a2ad0a0abec8e,FR15ABOM210821100,/Volumes/EXT DATA/IDMB/Bombus/images/collection/Bombus_pomorum/male/FR15ABOM210821100_P1.JPG,tail3,SUSPECT,19 landmark(s) hors du crop 512x256,19,2.1298,2.1298,
ba2def8ae2d11b13,CD387770c,/Volumes/EXT DATA/IDMB/Bombus/images/collection/Bombus_soroeensis/worker/CD387770c_P1.JPG,tail3,OK,,0,1.9210,1.9210,
e41c904d6f691d56,2019.02059,/Volumes/EXT DATA/IDMB/Bombus/images/collection/Bombus_pratorum/male/2019.02059_P1.JPG,tail3,SUSPECT,19 landmark(s) hors du crop 512x256,19,2.2406,2.2406,
9b10ebac5b1a30f5,CD387766b,/Volumes/EXT DATA/IDMB/Bombus/images/collection/Bombus_ruderarius/worker/CD387766b_P1.JPG,tail3,SUSPECT,19 landmark(s) hors du crop 512x256,19,2.3783,2.3783,
3e34b1a5f8c44921,VAN-2019.00785,/Volumes/EXT DATA/IDMB/Bombus/images/collection/Bombus_rupestris/male/VAN-2019.00785_P1.JPG,tail3,SUSPECT,19 landmark(s) hors du crop 512x256,19,2.1346,2.1346,
25c4f06607004b27,ABAURA7153,/Volumes/EXT DATA/IDMB/Bombus/images/collection/Bombus_pratorum/worker/ABAURA7153_P1.JPG,tail3,SUSPECT,19 landmark(s) hors du crop 512x256,19,2.2536,2.2536,
fc5623924b45bf9a,OPIE_Lapi_220620b,/Volumes/EXT DATA/IDMB/Bombus/images/collection/Bombus_lapidarius/worker/OPIE_Lapi_220620b_P1.JPG,tail3,OK,,0,2.2957,2.2957,
12d459412b5c23de,2020.04044,/Volumes/EXT DATA/IDMB/Bombus/images/collection/Bombus_sylvarum/worker/2020.04044_P1.JPG,tail3,SUSPECT,19 landmark(s) hors du crop 512x256,19,2.2129,2.2129,
3b46c375663c4500,N628,/Volumes/EXT DATA/IDMB/Bombus/images/collection/Bombus_pratorum/male/N628_P1.JPG,tail3,SUSPECT,19 landmark(s) hors du crop 512x256,19,2.1989,2.1989,
bc540ed6ba9b6a1e,CollecYvan5,/Volumes/EXT DATA/IDMB/Bombus/images/collection/Bombus_sichelii/male/CollecYvan5_P1.JPG,tail3,SUSPECT,19 landmark(s) hors du crop 512x256,19,2.5204,2.5204,
ba94408b1b9a130c,2019.02073,/Volumes/EXT DATA/IDMB/Bombus/images/collection/Bombus_pratorum/male/2019.02073_P1.JPG,tail3,SUSPECT,19 landmark(s) hors du crop 512x256,19,2.3673,2.3673,
e7de34520d0a1d14,FR73ABOM140722039,/Volumes/EXT DATA/IDMB/Bombus/images/collection/Bombus_pyrenaeus/worker/FR73ABOM140722039_P1.JPG,tail3,OK,,0,2.2884,2.2884,
2532f620e9f121da,2020.03930,/Volumes/EXT DATA/IDMB/Bombus/images/collection/Bombus_sylvarum/male/2020.03930_P1.JPG,tail3,SUSPECT,19 landmark(s) hors du crop 512x256,19,2.1905,2.1905,
844688e9038ff13c,ABAURA8205d,/Volumes/EXT DATA/IDMB/Bombus/images/collection/Bombus_wurflenii/worker/ABAURA8205d_P1.JPG,tail3,SUSPECT,19 landmark(s) hors du crop 512x256,19,2.1186,2.1186,
a23a00833dca0013,CD388769,/Volumes/EXT DATA/IDMB/Bombus/images/collection/Bombus_pratorum/worker/CD388769_P1.JPG,tail3,SUSPECT,19 landmark(s) hors du crop 512x256,19,1.7439,1.7439,
4b294051991e3460,ABAURA8627,/Volumes/EXT DATA/IDMB/Bombus/images/collection/Bombus_soroeensis/worker/ABAURA8627_P1.JPG,tail3,OK,,0,1.9844,1.9844,
622cf37f9463bd75,FR15ABOM150820018,/Volumes/EXT DATA/IDMB/Bombus/images/collection/Bombus_confusus/male/FR15ABOM150820018_P1.JPG,tail3,SUSPECT,19 landmark(s) hors du crop 512x256,19,2.3918,2.3918,
90054c44163f685a,FR15ABOM170821029,/Volumes/EXT DATA/IDMB/Bombus/images/collection/Bombus_confusus/male/FR15ABOM170821029_P1.JPG,tail3,SUSPECT,19 landmark(s) hors du crop 512x256,19,2.3118,2.3118,
303af0e2f7cbcfe6,FR15ABOM210821137,/Volumes/EXT DATA/IDMB/Bombus/images/collection/Bombus_confusus/male/FR15ABOM210821137_P1.JPG,tail3,SUSPECT,19 landmark(s) hors du crop 512x256,19,2.3566,2.3566,
92c3ebabbe6eb62e,FR15ABOM210821139,/Volumes/EXT DATA/IDMB/Bombus/images/collection/Bombus_confusus/male/FR15ABOM210821139_P1.JPG,tail3,SUSPECT,19 landmark(s) hors du crop 512x256,19,2.4109,2.4109,
b2513a410f9c7db4,FR15ABOM210821165,/Volumes/EXT DATA/IDMB/Bombus/images/collection/Bombus_confusus/male/FR15ABOM210821165_P1.JPG,tail3,SUSPECT,19 landmark(s) hors du crop 512x256,19,2.3310,2.3310,
917e0938a6c8c870,FR15ABOM210821171,/Volumes/EXT DATA/IDMB/Bombus/images/collection/Bombus_confusus/male/FR15ABOM210821171_P1.JPG,tail3,SUSPECT,19 landmark(s) hors du crop 512x256,19,2.3038,2.3038,
db44fa7f8f049b92,FR15ABOM210821210,/Volumes/EXT DATA/IDMB/Bombus/images/collection/Bombus_confusus/male/FR15ABOM210821210_P1.JPG,tail3,SUSPECT,19 landmark(s) hors du crop 512x256,19,2.3136,2.3136,
9962ad4fbcb7cfa2,FR15ABOM210821212,/Volumes/EXT DATA/IDMB/Bombus/images/collection/Bombus_confusus/male/FR15ABOM210821212_P1.JPG,tail3,SUSPECT,19 landmark(s) hors du crop 512x256,19,2.4799,2.4799,
063854e0961efca8,FR15ABOM220821043,/Volumes/EXT DATA/IDMB/Bombus/images/collection/Bombus_confusus/male/FR15ABOM220821043_P1.JPG,tail3,SUSPECT,19 landmark(s) hors du crop 512x256,19,2.4488,2.4488,
bb4ba89b3b3b17f6,FR15ABOM220821068,/Volumes/EXT DATA/IDMB/Bombus/images/collection/Bombus_confusus/male/FR15ABOM220821068_P1.JPG,tail3,SUSPECT,19 landmark(s) hors du crop 512x256,19,2.3768,2.3768,
1625d333fc11d8e3,FR15ABOM220821070,/Volumes/EXT DATA/IDMB/Bombus/images/collection/Bombus_confusus/male/FR15ABOM220821070_P1.JPG,tail3,SUSPECT,19 landmark(s) hors du crop 512x256,19,2.2845,2.2845,
7a69b27655238644,FR15_ABOM07082020038,/Volumes/EXT DATA/IDMB/Bombus/images/collection/Bombus_confusus/male/FR15_ABOM07082020038_P1.JPG,tail3,SUSPECT,19 landmark(s) hors du crop 512x256,19,2.4126,2.4126,
71235b2836e7bfb3,FR15_ABOM07082020082,/Volumes/EXT DATA/IDMB/Bombus/images/collection/Bombus_confusus/male/FR15_ABOM07082020082_P1.JPG,tail3,SUSPECT,19 landmark(s) hors du crop 512x256,19,2.2529,2.2529,
74e04ca7a21e914d,FR15_ABOM080820007,/Volumes/EXT DATA/IDMB/Bombus/images/collection/Bombus_confusus/male/FR15_ABOM080820007_P1.JPG,tail3,SUSPECT,19 landmark(s) hors du crop 512x256,19,2.3625,2.3625,
2dbbcaea550e5452,FR15_ABOM080820039,/Volumes/EXT DATA/IDMB/Bombus/images/collection/Bombus_confusus/male/FR15_ABOM080820039_P1.JPG,tail3,SUSPECT,19 landmark(s) hors du crop 512x256,19,2.2715,2.2715,
295fe26213d53f23,FR15_ABOM090820071,/Volumes/EXT DATA/IDMB/Bombus/images/collection/Bombus_confusus/male/FR15_ABOM090820071_P1.JPG,tail3,SUSPECT,19 landmark(s) hors du crop 512x256,19,2.3557,2.3557,
8d119ef7974131f3,FR15_ABOM14080820006,/Volumes/EXT DATA/IDMB/Bombus/images/collection/Bombus_confusus/male/FR15_ABOM14080820006_P1.JPG,tail3,SUSPECT,19 landmark(s) hors du crop 512x256,19,2.3659,2.3659,
5f56dc959b71ef98,FR15_ABOM170820009,/Volumes/EXT DATA/IDMB/Bombus/images/collection/Bombus_confusus/male/FR15_ABOM170820009_P1.JPG,tail3,SUSPECT,19 landmark(s) hors du crop 512x256,19,2.3658,2.3658,
eb239601f0c34818,FR15_ABOM170820030,/Volumes/EXT DATA/IDMB/Bombus/images/collection/Bombus_confusus/male/FR15_ABOM170820030_P1.JPG,tail3,SUSPECT,19 landmark(s) hors du crop 512x256,19,2.0824,2.0824,
c2d29f14bbbdba0e,NoName8,/Volumes/EXT DATA/IDMB/Bombus/images/collection/Bombus_confusus/male/NoName8_P1.JPG,tail3,SUSPECT,19 landmark(s) hors du crop 512x256,19,2.2931,2.2931,
47a83d441036f2aa,CollecYvan10,/Volumes/EXT DATA/IDMB/Bombus/images/collection/Bombus_confusus/worker/CollecYvan10_P1.JPG,tail3,SUSPECT,19 landmark(s) hors du crop 512x256,19,2.2631,2.2631,
2ae8e84151225977,CollecYvan11,/Volumes/EXT DATA/IDMB/Bombus/images/collection/Bombus_confusus/worker/CollecYvan11_P1.JPG,tail3,SUSPECT,19 landmark(s) hors du crop 512x256,19,2.3236,2.3236,
fafa713d61124322,CollecYvan12,/Volumes/EXT DATA/IDMB/Bombus/images/collection/Bombus_confusus/worker/CollecYvan12_P1.JPG,tail3,SUSPECT,19 landmark(s) hors du crop 512x256,19,2.2020,2.2020,
2a7856876e077752,CollecYvan8,/Volumes/EXT DATA/IDMB/Bombus/images/collection/Bombus_confusus/worker/CollecYvan8_P1.JPG,tail3,SUSPECT,19 landmark(s) hors du crop 512x256,19,2.4542,2.4542,
c4ccac306ab1f113,CollecYvan9,/Volumes/EXT DATA/IDMB/Bombus/images/collection/Bombus_confusus/worker/CollecYvan9_P1.JPG,tail3,SUSPECT,19 landmark(s) hors du crop 512x256,19,2.4759,2.4759,
49fde66284a224e3,FR15ABOM170821018,/Volumes/EXT DATA/IDMB/Bombus/images/collection/Bombus_confusus/worker/FR15ABOM170821018_P1.JPG,tail3,SUSPECT,19 landmark(s) hors du crop 512x256,19,2.2740,2.2740,
d36f9e2b4a9c3eef,FR15ABOM170821115,/Volumes/EXT DATA/IDMB/Bombus/images/collection/Bombus_confusus/worker/FR15ABOM170821115_P1.JPG,tail3,SUSPECT,19 landmark(s) hors du crop 512x256,19,1.8050,1.8050,
701dfee11ac1c9eb,FR15ABOM170821120,/Volumes/EXT DATA/IDMB/Bombus/images/collection/Bombus_confusus/worker/FR15ABOM170821120_P1.JPG,tail3,SUSPECT,19 landmark(s) hors du crop 512x256,19,2.2972,2.2972,
8cb4779389758935,FR15ABOM210821112,/Volumes/EXT DATA/IDMB/Bombus/images/collection/Bombus_confusus/worker/FR15ABOM210821112_P1.JPG,tail3,SUSPECT,19 landmark(s) hors du crop 512x256,19,2.1961,2.1961,
7c0b5f3acdc94a4f,FR15ABOM210821125,/Volumes/EXT DATA/IDMB/Bombus/images/collection/Bombus_confusus/worker/FR15ABOM210821125_P1.JPG,tail3,SUSPECT,19 landmark(s) hors du crop 512x256,19,2.1340,2.1340,
20ec9e1ea071b33b,FR15ABOM210821147,/Volumes/EXT DATA/IDMB/Bombus/images/collection/Bombus_confusus/worker/FR15ABOM210821147_P1.JPG,tail3,SUSPECT,19 landmark(s) hors du crop 512x256,19,2.4804,2.4804,
acab86d21b3166ea,FR15ABOM210821211,/Volumes/EXT DATA/IDMB/Bombus/images/collection/Bombus_confusus/worker/FR15ABOM210821211_P1.JPG,tail3,SUSPECT,19 landmark(s) hors du crop 512x256,19,2.2733,2.2733,
2cead9b79ae9b4be,FR15ABOM220821084,/Volumes/EXT DATA/IDMB/Bombus/images/collection/Bombus_confusus/worker/FR15ABOM220821084_P1.JPG,tail3,SUSPECT,19 landmark(s) hors du crop 512x256,19,2.3747,2.3747,
add0428a3fef3553,FR15ABOM220821085,/Volumes/EXT DATA/IDMB/Bombus/images/collection/Bombus_confusus/worker/FR15ABOM220821085_P1.JPG,tail3,SUSPECT,19 landmark(s) hors du crop 512x256,19,2.4239,2.4239,
d7ccae17d65d64aa,FR15_ABOM023082020028,/Volumes/EXT DATA/IDMB/Bombus/images/collection/Bombus_confusus/worker/FR15_ABOM023082020028_P1.JPG,tail3,SKIPPED,detection.csv absent ou status != OK pour ce image_id,,,,
cfa71cdb188697e8,FR15_ABOM07082020049,/Volumes/EXT DATA/IDMB/Bombus/images/collection/Bombus_confusus/worker/FR15_ABOM07082020049_P1.JPG,tail3,SKIPPED,detection.csv absent ou status != OK pour ce image_id,,,,
9603fa4301cfa4b7,FR15_ABOM07082020062,/Volumes/EXT DATA/IDMB/Bombus/images/collection/Bombus_confusus/worker/FR15_ABOM07082020062_P1.JPG,tail3,SUSPECT,19 landmark(s) hors du crop 512x256,19,2.1147,2.1147,
df0f8444b746db0b,FR15_ABOM09082020094,/Volumes/EXT DATA/IDMB/Bombus/images/collection/Bombus_confusus/worker/FR15_ABOM09082020094_P1.JPG,tail3,SUSPECT,19 landmark(s) hors du crop 512x256,19,2.2192,2.2192,
30b19cdaa995b583,NoName6,/Volumes/EXT DATA/IDMB/Bombus/images/collection/Bombus_confusus/worker/NoName6_P1.JPG,tail3,SUSPECT,19 landmark(s) hors du crop 512x256,19,2.3636,2.3636,
b0cefafce23ddc9e,NoName7,/Volumes/EXT DATA/IDMB/Bombus/images/collection/Bombus_confusus/worker/NoName7_P1.JPG,tail3,SUSPECT,19 landmark(s) hors du crop 512x256,19,2.3432,2.3432,
d4f474dc661e36cb,FR15ABOM060621003,/Volumes/EXT DATA/IDMB/Bombus/images/collection/Bombus_confusus/queen/FR15ABOM060621003_P1.JPG,tail3,SUSPECT,19 landmark(s) hors du crop 512x256,19,2.1116,2.1116,
28135c20f1a071ce,WB1_23_0001,/Volumes/EXT DATA/IDMB/Bombus/images/terrain/charlotte/WB1_23_0001_2.jpg,tail3,SUSPECT,19 landmark(s) hors du crop 512x256,19,2.3153,2.3153,
860609a012ba54b2,WB1_23_0004,/Volumes/EXT DATA/IDMB/Bombus/images/terrain/charlotte/WB1_23_0004_2.jpg,tail3,SUSPECT,19 landmark(s) hors du crop 512x256,19,2.2058,2.2058,
c8b200d23d113244,WB1_23_0005,/Volumes/EXT DATA/IDMB/Bombus/images/terrain/charlotte/WB1_23_0005_2.jpg,tail3,SUSPECT,19 landmark(s) hors du crop 512x256,19,2.2044,2.2044,
fa83380af44cd17c,WB1_23_0007,/Volumes/EXT DATA/IDMB/Bombus/images/terrain/charlotte/WB1_23_0007_3.jpg,tail3,SUSPECT,19 landmark(s) hors du crop 512x256,19,1.9729,1.9729,
28bedf35c31eb95f,WB1_23_0010,/Volumes/EXT DATA/IDMB/Bombus/images/terrain/charlotte/WB1_23_0010_3.jpg,tail3,SUSPECT,19 landmark(s) hors du crop 512x256,19,2.4690,2.4690,
6cb54426d86a0177,WB1_23_0032,/Volumes/EXT DATA/IDMB/Bombus/images/terrain/guilhem/WB1_23_0032_1.jpg,tail3,SUSPECT,19 landmark(s) hors du crop 512x256,19,2.3153,2.3153,
f5d16296143e082d,WB1_23_0036,/Volumes/EXT DATA/IDMB/Bombus/images/terrain/guilhem/WB1_23_0036_3.jpg,tail3,SUSPECT,19 landmark(s) hors du crop 512x256,19,2.1677,2.1677,
827ea1846b9c05ff,WB1_23_0062,/Volumes/EXT DATA/IDMB/Bombus/images/terrain/ligia/WB1_23_0062_2.jpg,tail3,OK,,0,1.9671,1.9671,
9229d0c02175be13,WB1_23_0112,/Volumes/EXT DATA/IDMB/Bombus/images/terrain/victor/WB1_23_0112_2.jpg,tail3,OK,,0,2.5786,2.5786,
b5a1f226dd0541fe,WB1_23_0115,/Volumes/EXT DATA/IDMB/Bombus/images/terrain/victor/WB1_23_0115_2.jpg,tail3,SUSPECT,19 landmark(s) hors du crop 512x256,19,2.4922,2.4922,
e9cf1fbe945d064a,WB1_23_0119,/Volumes/EXT DATA/IDMB/Bombus/images/terrain/mehdi/WB1_23_0119_3.jpg,tail3,SUSPECT,19 landmark(s) hors du crop 512x256,19,2.3615,2.3615,
ed593b8fa3054908,WB1_23_0128,/Volumes/EXT DATA/IDMB/Bombus/images/terrain/tonie/WB1_23_0128_3.jpg,tail3,SUSPECT,19 landmark(s) hors du crop 512x256,19,2.0802,2.0802,
45fc9a6670d7d98c,WB1_23_0130,/Volumes/EXT DATA/IDMB/Bombus/images/terrain/tonie/WB1_23_0130_3.jpg,tail3,SUSPECT,19 landmark(s) hors du crop 512x256,19,2.4211,2.4211,
55b92a6e1aaa8ca1,WB1_23_0097,/Volumes/EXT DATA/IDMB/Bombus/images/terrain/basile/WB1_23_0097_3.jpg,tail3,SUSPECT,19 landmark(s) hors du crop 512x256,19,2.3420,2.3420,
a5efb38f8dd1b65a,WB1_23_0037,/Volumes/EXT DATA/IDMB/Bombus/images/terrain/guilhem/WB1_23_0037_1.jpg,tail3,SUSPECT,19 landmark(s) hors du crop 512x256,19,2.2936,2.2936,
e2f9b91e3f1d7fd0,WB1_23,/Volumes/EXT DATA/IDMB/Bombus/images/terrain/adrien/WB1_23_151.jpg,tail3,OK,,0,2.4470,2.4470,
14d8013686b642db,WB1_23_0070,/Volumes/EXT DATA/IDMB/Bombus/images/terrain/ligia/WB1_23_0070_1.jpg,tail3,OK,,0,2.4207,2.4207,
c3168cf48a1b36db,WB1_23_0122,/Volumes/EXT DATA/IDMB/Bombus/images/terrain/mehdi/WB1_23_0122_2.jpg,tail3,SUSPECT,19 landmark(s) hors du crop 512x256,19,2.3281,2.3281,
0cae09d1cbd1a140,WB1_23_0098,/Volumes/EXT DATA/IDMB/Bombus/images/terrain/basile/WB1_23_0098_3.jpg,tail3,SUSPECT,19 landmark(s) hors du crop 512x256,19,2.3213,2.3213,
f3a5aa53803523c7,WB1_23_0134,/Volumes/EXT DATA/IDMB/Bombus/images/terrain/tonie/WB1_23_0134_2.jpg,tail3,SUSPECT,19 landmark(s) hors du crop 512x256,19,2.3926,2.3926,
f234439086e710e0,WB1_23_0116,/Volumes/EXT DATA/IDMB/Bombus/images/terrain/mehdi/WB1_23_0116_2.jpg,tail3,SUSPECT,19 landmark(s) hors du crop 512x256,19,2.4834,2.4834,
1a87b6c0fe333113,WB1_23_0040,/Volumes/EXT DATA/IDMB/Bombus/images/terrain/guilhem/WB1_23_0040_1.jpg,tail3,SUSPECT,19 landmark(s) hors du crop 512x256,19,2.4587,2.4587,
660a56a793d784d0,WB1_23,/Volumes/EXT DATA/IDMB/Bombus/images/terrain/adrien/WB1_23_137.jpg,tail3,OK,,0,2.5514,2.5514,
,,/Volumes/EXT DATA/IDMB/Bombus/images/terrain/tarek/IMG_20230719_154946.jpg,,SKIPPED,aucune correspondance dans manifest.csv,,,,
d1a32a0943e03607,WB1_23,/Volumes/EXT DATA/IDMB/Bombus/images/terrain/adrien/WB1_23_152.jpg,tail3,OK,,0,2.2789,2.2789,
5634b491a22273d8,WB1_23,/Volumes/EXT DATA/IDMB/Bombus/images/terrain/adrien/WB1_23_153.jpg,tail3,OK,,0,2.4265,2.4265,
,,/Volumes/EXT DATA/IDMB/Bombus/images/terrain/tarek/IMG_20230719_151646.jpg,,SKIPPED,aucune correspondance dans manifest.csv,,,,
1df0869a8ae33a0f,WB1_23,/Volumes/EXT DATA/IDMB/Bombus/images/terrain/adrien/WB1_23_147.jpg,tail3,OK,,0,1.8351,1.8351,
00f76d63ecf3d4c9,WB1_23_0039,/Volumes/EXT DATA/IDMB/Bombus/images/terrain/guilhem/WB1_23_0039_1.jpg,tail3,SUSPECT,19 landmark(s) hors du crop 512x256,19,2.3000,2.3000,
d3b18028722020d5,WB1_23_0016,/Volumes/EXT DATA/IDMB/Bombus/images/terrain/yvan/WB1_23_0016_2.jpg,tail3,OK,,0,1.5467,1.5467,
,,/Volumes/EXT DATA/IDMB/Bombus/images/terrain/tarek/IMG_20230719_151232.jpg,,SKIPPED,aucune correspondance dans manifest.csv,,,,
85e12d7497cd878c,WB1_23_0023,/Volumes/EXT DATA/IDMB/Bombus/images/terrain/yvan/WB1_23_0023_2.jpg,tail3,OK,,0,1.6297,1.6297,
a395ca2c62684a24,WB1_23_0094,/Volumes/EXT DATA/IDMB/Bombus/images/terrain/basile/WB1_23_0094_3.jpg,tail3,SUSPECT,19 landmark(s) hors du crop 512x256,19,2.5234,2.5234,
de81b52cb4f9d746,WB1_23,/Volumes/EXT DATA/IDMB/Bombus/images/terrain/adrien/WB1_23_139.jpg,tail3,OK,,0,1.9168,1.9168,
e5bf4af9a48e1268,WB1_23_0026,/Volumes/EXT DATA/IDMB/Bombus/images/terrain/yvan/WB1_23_0026_2.jpg,tail3,OK,,0,2.4914,2.4914,
fa7f99c73251440c,WB1_23_0065,/Volumes/EXT DATA/IDMB/Bombus/images/terrain/ligia/WB1_23_0065_1.jpg,tail3,OK,,0,2.2193,2.2193,
10b8b34f9c0278c5,WB1_23_0131,/Volumes/EXT DATA/IDMB/Bombus/images/terrain/tonie/WB1_23_0131_2.jpg,tail3,SUSPECT,19 landmark(s) hors du crop 512x256,19,2.5254,2.5254,
f4be3d72d3c350c3,WB1_23_0108,/Volumes/EXT DATA/IDMB/Bombus/images/terrain/victor/WB1_23_0108_1.jpg,tail3,SUSPECT,19 landmark(s) hors du crop 512x256,19,2.3723,2.3723,
7194b7372193bbc4,WB1_23_0022,/Volumes/EXT DATA/IDMB/Bombus/images/terrain/yvan/WB1_23_0022_2.jpg,tail3,OK,,0,2.2104,2.2104,
e01f90015eb99504,WB1_23_0109,/Volumes/EXT DATA/IDMB/Bombus/images/terrain/victor/WB1_23_0109_1.jpg,tail3,OK,,0,2.5176,2.5176,
55a2bad1cffb80d9,WB1_23_0091,/Volumes/EXT DATA/IDMB/Bombus/images/terrain/basile/WB1_23_0091_3.jpg,tail3,SUSPECT,19 landmark(s) hors du crop 512x256,19,2.4115,2.4115,
7089ad2a37ae9766,WB1_23_0124,/Volumes/EXT DATA/IDMB/Bombus/images/terrain/mehdi/WB1_23_0124_2.jpg,tail3,SUSPECT,19 landmark(s) hors du crop 512x256,19,1.6255,1.6255,
1e473ed2e9c42cd2,WB1_23_0125,/Volumes/EXT DATA/IDMB/Bombus/images/terrain/mehdi/WB1_23_0125_2.jpg,tail3,SUSPECT,19 landmark(s) hors du crop 512x256,19,2.3456,2.3456,
e4d52f7e7752966a,WB1_23_0021,/Volumes/EXT DATA/IDMB/Bombus/images/terrain/yvan/WB1_23_0021_2.jpg,tail3,OK,,0,2.1653,2.1653,
92c40cfae38bcef2,WB1_23,/Volumes/EXT DATA/IDMB/Bombus/images/terrain/adrien/WB1_23_150.jpg,tail3,OK,,0,2.3047,2.3047,
5e130ee7de7ddffd,WB1_23_0024,/Volumes/EXT DATA/IDMB/Bombus/images/terrain/yvan/WB1_23_0024_2.jpg,tail3,OK,,0,2.3071,2.3071,
8d70585c2aa84e2a,WB1_23_0061,/Volumes/EXT DATA/IDMB/Bombus/images/terrain/ligia/WB1_23_0061_1.jpg,tail3,SKIPPED,detection.csv absent ou status != OK pour ce image_id,,,,
b4873a7f2fcd3278,WB1_23_0099,/Volumes/EXT DATA/IDMB/Bombus/images/terrain/basile/WB1_23_0099_3.jpg,tail3,SUSPECT,19 landmark(s) hors du crop 512x256,19,2.4691,2.4691,
,,/Volumes/EXT DATA/IDMB/Bombus/images/terrain/tarek/IMG_20230719_153739.jpg,,SKIPPED,aucune correspondance dans manifest.csv,,,,
055efb6d6bc9f194,WB1_23_0095,/Volumes/EXT DATA/IDMB/Bombus/images/terrain/basile/WB1_23_0095_3.jpg,tail3,SUSPECT,19 landmark(s) hors du crop 512x256,19,2.3369,2.3369,
,,/Volumes/EXT DATA/IDMB/Bombus/images/terrain/tarek/IMG_20230719_152506.jpg,,SKIPPED,aucune correspondance dans manifest.csv,,,,
dbbc7f5f2ca28b58,WB1_23_0135,/Volumes/EXT DATA/IDMB/Bombus/images/terrain/tonie/WB1_23_0135_2.jpg,tail3,SUSPECT,19 landmark(s) hors du crop 512x256,19,2.2004,2.2004,
d4996e4e78bb2bde,WB1_23_0133,/Volumes/EXT DATA/IDMB/Bombus/images/terrain/tonie/WB1_23_0133_2.jpg,tail3,SUSPECT,19 landmark(s) hors du crop 512x256,19,2.2020,2.2020,
902a4f3c7dd68646,WB1_23_0092,/Volumes/EXT DATA/IDMB/Bombus/images/terrain/basile/WB1_23_0092_3.jpg,tail3,SUSPECT,19 landmark(s) hors du crop 512x256,19,2.2963,2.2963,
66a6152156033f1d,WB1_23_0064,/Volumes/EXT DATA/IDMB/Bombus/images/terrain/ligia/WB1_23_0064_1.jpg,tail3,OK,,0,2.0759,2.0759,
a2a77d3889fe5fd1,WB1_23_0033,/Volumes/EXT DATA/IDMB/Bombus/images/terrain/guilhem/WB1_23_0033_1.jpg,tail3,SUSPECT,19 landmark(s) hors du crop 512x256,19,2.2542,2.2542,
8e12882daf60785d,WB1_23,/Volumes/EXT DATA/IDMB/Bombus/images/terrain/adrien/WB1_23_148.jpg,tail3,SUSPECT,14 landmark(s) hors du crop 512x256,14,2.4761,2.4761,
35a5e3818fce5315,WB1_23_0127,/Volumes/EXT DATA/IDMB/Bombus/images/terrain/tonie/WB1_23_0127_3.jpg,tail3,SUSPECT,19 landmark(s) hors du crop 512x256,19,2.1985,2.1985,
191f1b42fa60e527,WB1_23_0038,/Volumes/EXT DATA/IDMB/Bombus/images/terrain/guilhem/WB1_23_0038_1.jpg,tail3,SUSPECT,19 landmark(s) hors du crop 512x256,19,2.1825,2.1825,
2e8ae39272cfff58,WB1_23_0121,/Volumes/EXT DATA/IDMB/Bombus/images/terrain/mehdi/WB1_23_0121_2.jpg,tail3,SUSPECT,19 landmark(s) hors du crop 512x256,19,2.5376,2.5376,
48b539d06ca31a5b,WB1_23_0126,/Volumes/EXT DATA/IDMB/Bombus/images/terrain/tonie/WB1_23_0126_2.jpg,tail3,SUSPECT,19 landmark(s) hors du crop 512x256,19,2.4686,2.4686,
8d3f424d5d5415e1,WB1_23,/Volumes/EXT DATA/IDMB/Bombus/images/terrain/adrien/WB1_23_146.jpg,tail3,SUSPECT,19 landmark(s) hors du crop 512x256,19,2.1885,2.1885,
3469b394d374c589,WB1_23,/Volumes/EXT DATA/IDMB/Bombus/images/terrain/adrien/WB1_23_145.jpg,tail3,OK,,0,2.5696,2.5696,
96026cf46a1a1e7a,WB1_23_0002,/Volumes/EXT DATA/IDMB/Bombus/images/terrain/charlotte/WB1_23_0002_1.jpg,tail3,SUSPECT,19 landmark(s) hors du crop 512x256,19,2.3062,2.3062,
,,/Volumes/EXT DATA/IDMB/Bombus/images/terrain/tarek/IMG_20230719_153420.jpg,,SKIPPED,aucune correspondance dans manifest.csv,,,,
,,/Volumes/EXT DATA/IDMB/Bombus/images/terrain/tarek/IMG_20230719_154142_1.jpg,,SKIPPED,aucune correspondance dans manifest.csv,,,,
a888e6d4ee1e075a,WB1_23_0117,/Volumes/EXT DATA/IDMB/Bombus/images/terrain/mehdi/WB1_23_0117_2.jpg,tail3,SUSPECT,19 landmark(s) hors du crop 512x256,19,2.4024,2.4024,
31eed8e0c549a4ab,WB1_23,/Volumes/EXT DATA/IDMB/Bombus/images/terrain/adrien/WB1_23_144.jpg,tail3,OK,,0,1.8182,1.8182,
f67491d05869af1f,WB1_23_0035,/Volumes/EXT DATA/IDMB/Bombus/images/terrain/guilhem/WB1_23_0035_1.jpg,tail3,SUSPECT,19 landmark(s) hors du crop 512x256,19,2.1046,2.1046,
368d65d35246b730,WB1_23_0129,/Volumes/EXT DATA/IDMB/Bombus/images/terrain/tonie/WB1_23_0129_2.jpg,tail3,SUSPECT,19 landmark(s) hors du crop 512x256,19,2.1126,2.1126,
faa4202902ed06d4,WB1_23_0025,/Volumes/EXT DATA/IDMB/Bombus/images/terrain/yvan/WB1_23_0025_2.jpg,tail3,OK,,0,1.8994,1.8994,
,,/Volumes/EXT DATA/IDMB/Bombus/images/terrain/tarek/IMG_20230719_155556.jpg,,SKIPPED,aucune correspondance dans manifest.csv,,,,
37c4492352a01995,WB1_23_0110,/Volumes/EXT DATA/IDMB/Bombus/images/terrain/victor/WB1_23_0110_1.jpg,tail3,OK,,0,2.3584,2.3584,
587e87110950face,WB1_23_0031,/Volumes/EXT DATA/IDMB/Bombus/images/terrain/guilhem/WB1_23_0031_1.jpg,tail3,SUSPECT,19 landmark(s) hors du crop 512x256,19,2.3408,2.3408,
33aa1eb629d08b62,WB1_23_0069,/Volumes/EXT DATA/IDMB/Bombus/images/terrain/ligia/WB1_23_0069_1.jpg,tail3,OK,,0,2.3951,2.3951,
5843b2e0c3064d2c,WB1_23_0063,/Volumes/EXT DATA/IDMB/Bombus/images/terrain/ligia/WB1_23_0063_1.jpg,tail3,OK,,0,2.2035,2.2035,
178e31f117d29e7b,WB1_23_0017,/Volumes/EXT DATA/IDMB/Bombus/images/terrain/yvan/WB1_23_0017_1.jpg,tail3,OK,,0,1.6328,1.6328,
1a8e55a96ee20af0,WB1_23_0008,/Volumes/EXT DATA/IDMB/Bombus/images/terrain/charlotte/WB1_23_0008_1.jpg,tail3,SUSPECT,19 landmark(s) hors du crop 512x256,19,2.3355,2.3355,
a23ca808f430c3ca,WB1_23_0068,/Volumes/EXT DATA/IDMB/Bombus/images/terrain/ligia/WB1_23_0068_1.jpg,tail3,OK,,0,2.3179,2.3179,
0c4dcb4603c16768,WB1_23_0096,/Volumes/EXT DATA/IDMB/Bombus/images/terrain/basile/WB1_23_0096_3.jpg,tail3,SUSPECT,19 landmark(s) hors du crop 512x256,19,2.2989,2.2989,
4a87f13f5d00c26e,WB1_23,/Volumes/EXT DATA/IDMB/Bombus/images/terrain/adrien/WB1_23_142.jpg,tail3,OK,,0,2.4556,2.4556,
13876b139df5ee3a,WB1_23_0132,/Volumes/EXT DATA/IDMB/Bombus/images/terrain/tonie/WB1_23_0132_2.jpg,tail3,SUSPECT,19 landmark(s) hors du crop 512x256,19,2.3985,2.3985,
8de5966abd96758c,WB1_23_0093,/Volumes/EXT DATA/IDMB/Bombus/images/terrain/basile/WB1_23_0093_3.jpg,tail3,SUSPECT,19 landmark(s) hors du crop 512x256,19,2.2553,2.2553,
f97dfb9f4f542741,WB1_23_0107,/Volumes/EXT DATA/IDMB/Bombus/images/terrain/victor/WB1_23_0107_1.jpg,tail3,SUSPECT,19 landmark(s) hors du crop 512x256,19,2.2981,2.2981,
,,/Volumes/EXT DATA/IDMB/Bombus/images/terrain/tarek/IMG_20230719_150347.jpg,,SKIPPED,aucune correspondance dans manifest.csv,,,,
2eefb8a31d4af686,WB1_23_0006,/Volumes/EXT DATA/IDMB/Bombus/images/terrain/charlotte/WB1_23_0006_1.jpg,tail3,SUSPECT,19 landmark(s) hors du crop 512x256,19,2.2073,2.2073,
,,/Volumes/EXT DATA/IDMB/Bombus/images/terrain/tarek/IMG_20230719_152946.jpg,,SKIPPED,aucune correspondance dans manifest.csv,,,,
,,/Volumes/EXT DATA/IDMB/Bombus/images/terrain/tarek/IMG_20230719_152217.jpg,,SKIPPED,aucune correspondance dans manifest.csv,,,,
26166e45709ebc9a,WB1_23_0034,/Volumes/EXT DATA/IDMB/Bombus/images/terrain/guilhem/WB1_23_0034_1.jpg,tail3,SUSPECT,19 landmark(s) hors du crop 512x256,19,2.0076,2.0076,
8aef8e8ffc540ab6,WB1_23_0118,/Volumes/EXT DATA/IDMB/Bombus/images/terrain/mehdi/WB1_23_0118_2.jpg,tail3,SUSPECT,19 landmark(s) hors du crop 512x256,19,2.4897,2.4897,
7fa0ec15bf3f9347,WB1_23,/Volumes/EXT DATA/IDMB/Bombus/images/terrain/adrien/WB1_23_149.jpg,tail3,OK,,0,2.5222,2.5222,
e6909ee6fef3700f,WB1_23_0120,/Volumes/EXT DATA/IDMB/Bombus/images/terrain/mehdi/WB1_23_0120_2.jpg,tail3,SUSPECT,19 landmark(s) hors du crop 512x256,19,2.0661,2.0661,
3562df6cbf6b55f1,WB1_23,/Volumes/EXT DATA/IDMB/Bombus/images/terrain/adrien/WB1_23_138.jpg,tail3,OK,,0,2.3152,2.3152,
0f00efbd7ff9d96d,WB1_23_0123,/Volumes/EXT DATA/IDMB/Bombus/images/terrain/mehdi/WB1_23_0123_2.jpg,tail3,SUSPECT,19 landmark(s) hors du crop 512x256,19,1.7122,1.7122,
,,/Volumes/EXT DATA/IDMB/Bombus/images/terrain/tarek/IMG_20230719_154527.jpg,,SKIPPED,aucune correspondance dans manifest.csv,,,,
d82c06c8e281a1c5,WB1_23_0067,/Volumes/EXT DATA/IDMB/Bombus/images/terrain/ligia/WB1_23_0067_1.jpg,tail3,OK,,0,2.3149,2.3149,
d109c5940b63b4db,WB1_23_0019,/Volumes/EXT DATA/IDMB/Bombus/images/terrain/yvan/WB1_23_0019_3.jpg,tail3,SKIPPED,detection.csv absent ou status != OK pour ce image_id,,,,
61f24c90a2fe3f6b,WB1_23_0113,/Volumes/EXT DATA/IDMB/Bombus/images/terrain/victor/WB1_23_0113_1.jpg,tail3,OK,,0,2.7720,2.7720,
