photo_id,inv_id,status,error_reason,n_landmarks_found,model_name,processing_time_s,processed_at
ARLY_0001_P_1,ARLY_0001,OK,,18,weights,0.1588,2026-09-11T09:37:19+00:00
ARLY_0001_P_2,ARLY_0001,OK,,18,weights,0.0908,2026-09-11T09:37:19+00:00
ARLY_0001_P_3,ARLY_0001,SUSPECT,only_13_of_18_expected_maxima,13,weights,0.0890,2026-09-11T09:37:19+00:00
ARLY_0001_P_4,ARLY_0001,SUSPECT,only_17_of_18_expected_maxima,17,weights,0.0898,2026-09-11T09:37:19+00:00
ARLY_0001_P_5,ARLY_0001,OK,,18,weights,0.0929,2026-09-11T09:37:19+00:00
ARLY_0001_S_1,ARLY_0001,OK,,18,weights,0.0965,2026-09-11T09:37:19+00:00
ARLY_0001_S_2,ARLY_0001,OK,,18,weights,0.0962,2026-09-11T09:37:20+00:00
ARLY_0001_S_3,ARLY_0001,OK,,18,weights,0.0941,2026-09-11T09:37:20+00:00
ARLY_0001_S_4,ARLY_0001,SUSPECT,only_16_of_18_expected_maxima,16,weights,0.0959,2026-09-11T09:37:20+00:00
ARLY_0001_S_5,ARLY_0001,SUSPECT,only_15_of_18_expected_maxima,15,weights,0.0979,2026-09-11T09:37:20+00:00
ARLY_0004_P_1,ARLY_0004,OK,,18,weights,0.0980,2026-09-11T09:37:20+00:00
ARLY_0004_P_2,ARLY_0004,OK,,18,weights,0.0958,2026-09-11T09:37:20+00:00
ARLY_0004_P_3,ARLY_0004,SUSPECT,only_12_of_18_expected_maxima,12,weights,0.0912,2026-09-11T09:37:20+00:00
ARLY_0004_P_4,ARLY_0004,OK,,18,weights,0.0925,2026-09-11T09:37:20+00:00
ARLY_0004_P_5,ARLY_0004,OK,,18,weights,0.0912,2026-09-11T09:37:20+00:00
ARLY_0004_S_1,ARLY_0004,OK,,18,weights,0.0936,2026-09-11T09:37:20+00:00
ARLY_0004_S_2,ARLY_0004,OK,,18,weights,0.0959,2026-09-11T09:37:20+00:00
ARLY_0004_S_3,ARLY_0004,OK,,18,weights,0.0923,2026-09-11T09:37:21+00:00
ARLY_0004_S_4,ARLY_0004,OK,,18,weights,0.0923,2026-09-11T09:37:21+00:00
ARLY_0005_P_1,ARLY_0005,OK,,18,weights,0.0928,2026-09-11T09:37:21+00:00
ARLY_0005_P_2,ARLY_0005,OK,,18,weights,0.1399,2026-09-11T09:37:21+00:00
ARLY_0005_P_3,ARLY_0005,OK,,18,weights,0.1160,2026-09-11T09:37:21+00:00
ARLY_0005_P_4,ARLY_0005,SUSPECT,only_15_of_18_expected_maxima,15,weights,0.1234,2026-09-11T09:37:21+00:00
ARLY_0005_P_5,ARLY_0005,OK,,18,weights,0.1040,2026-09-11T09:37:21+00:00
ARLY_0005_S_1,ARLY_0005,SUSPECT,only_17_of_18_expected_maxima,17,weights,0.0932,2026-09-11T09:37:21+00:00
ARLY_0005_S_2,ARLY_0005,OK,,18,weights,0.0931,2026-09-11T09:37:21+00:00
ARLY_0005_S_3,ARLY_0005,OK,,18,weights,0.1002,2026-09-11T09:37:21+00:00
ARLY_0005_S_4,ARLY_0005,OK,,18,weights,0.0995,2026-09-11T09:37:22+00:00
ARLY_0005_S_5,ARLY_0005,OK,,18,weights,0.0975,2026-09-11T09:37:22+00:00
ARLY_0006_P_1,ARLY_0006,OK,,18,weights,0.1002,2026-09-11T09:37:22+00:00
ARLY_0006_P_2,ARLY_0006,OK,,18,weights,0.0952,2026-09-11T09:37:22+00:00
ARLY_0006_P_3,ARLY_0006,OK,,18,weights,0.0893,2026-09-11T09:37:22+00:00
ARLY_0006_S_1,ARLY_0006,OK,,18,weights,0.1253,2026-09-11T09:37:22+00:00
ARLY_0006_S_2,ARLY_0006,OK,,18,weights,0.0919,2026-09-11T09:37:22+00:00
ARLY_0006_S_3,ARLY_0006,OK,,18,weights,0.0938,2026-09-11T09:37:22+00:00
ARLY_0007_P_1,ARLY_0007,OK,,18,weights,0.0931,2026-09-11T09:37:22+00:00
ARLY_0007_P_2,ARLY_0007,OK,,18,weights,0.0922,2026-09-11T09:37:22+00:00
ARLY_0007_P_3,ARLY_0007,OK,,18,weights,0.0913,2026-09-11T09:37:23+00:00
ARLY_0007_S_1,ARLY_0007,OK,,18,weights,0.0912,2026-09-11T09:37:23+00:00
ARLY_0007_S_2,ARLY_0007,OK,,18,weights,0.0888,2026-09-11T09:37:23+00:00
ARLY_0008_P_1,ARLY_0008,OK,,18,weights,0.0900,2026-09-11T09:37:23+00:00
ARLY_0008_P_2,ARLY_0008,OK,,18,weights,0.0891,2026-09-11T09:37:23+00:00
ARLY_0008_P_3,ARLY_0008,OK,,18,weights,0.0887,2026-09-11T09:37:23+00:00
ARLY_0008_S_1,ARLY_0008,OK,,18,weights,0.0900,2026-09-11T09:37:23+00:00
ARLY_0008_S_2,ARLY_0008,OK,,18,weights,0.0894,2026-09-11T09:37:23+00:00
ARLY_0008_S_3,ARLY_0008,OK,,18,weights,0.0893,2026-09-11T09:37:23+00:00
ARLY_0009_P_1,ARLY_0009,OK,,18,weights,0.0917,2026-09-11T09:37:23+00:00
ARLY_0009_P_2,ARLY_0009,OK,,18,weights,0.0908,2026-09-11T09:37:23+00:00
ARLY_0009_P_3,ARLY_0009,OK,,18,weights,0.0928,2026-09-11T09:37:24+00:00
ARLY_0009_S_1,ARLY_0009,OK,,18,weights,0.0955,2026-09-11T09:37:24+00:00
ARLY_0009_S_2,ARLY_0009,OK,,18,weights,0.0986,2026-09-11T09:37:24+00:00
ARLY_0009_S_3,ARLY_0009,OK,,18,weights,0.0887,2026-09-11T09:37:24+00:00
ARLY_0010_P_1,ARLY_0010,OK,,18,weights,0.0927,2026-09-11T09:37:24+00:00
ARLY_0010_P_2,ARLY_0010,OK,,18,weights,0.0976,2026-09-11T09:37:24+00:00
ARLY_0010_P_3,ARLY_0010,OK,,18,weights,0.0967,2026-09-11T09:37:24+00:00
ARLY_0010_S_1,ARLY_0010,OK,,18,weights,0.0955,2026-09-11T09:37:24+00:00
ARLY_0010_S_2,ARLY_0010,OK,,18,weights,0.0953,2026-09-11T09:37:24+00:00
ARLY_0010_S_3,ARLY_0010,OK,,18,weights,0.0901,2026-09-11T09:37:24+00:00
ARLY_0011_P_1,ARLY_0011,OK,,18,weights,0.0935,2026-09-11T09:37:25+00:00
ARLY_0011_P_2,ARLY_0011,OK,,18,weights,0.0920,2026-09-11T09:37:25+00:00
ARLY_0011_P_3,ARLY_0011,OK,,18,weights,0.0937,2026-09-11T09:37:25+00:00
ARLY_0011_S_1,ARLY_0011,OK,,18,weights,0.0926,2026-09-11T09:37:25+00:00
ARLY_0011_S_2,ARLY_0011,OK,,18,weights,0.0918,2026-09-11T09:37:25+00:00
ARLY_0011_S_3,ARLY_0011,OK,,18,weights,0.0906,2026-09-11T09:37:25+00:00
ARLY_0012_P_1,ARLY_0012,OK,,18,weights,0.0939,2026-09-11T09:37:25+00:00
ARLY_0012_P_2,ARLY_0012,OK,,18,weights,0.0910,2026-09-11T09:37:25+00:00
ARLY_0012_P_3,ARLY_0012,OK,,18,weights,0.0914,2026-09-11T09:37:25+00:00
ARLY_0012_S_1,ARLY_0012,OK,,18,weights,0.0886,2026-09-11T09:37:25+00:00
ARLY_0012_S_2,ARLY_0012,OK,,18,weights,0.0917,2026-09-11T09:37:25+00:00
ARLY_0012_S_3,ARLY_0012,OK,,18,weights,0.0902,2026-09-11T09:37:26+00:00
ARLY_0013_P_1,ARLY_0013,OK,,18,weights,0.0910,2026-09-11T09:37:26+00:00
ARLY_0013_P_2,ARLY_0013,OK,,18,weights,0.0888,2026-09-11T09:37:26+00:00
ARLY_0013_P_3,ARLY_0013,OK,,18,weights,0.0870,2026-09-11T09:37:26+00:00
ARLY_0013_S_1,ARLY_0013,OK,,18,weights,0.0905,2026-09-11T09:37:26+00:00
ARLY_0013_S_2,ARLY_0013,OK,,18,weights,0.0950,2026-09-11T09:37:26+00:00
ARLY_0013_S_3,ARLY_0013,OK,,18,weights,0.0924,2026-09-11T09:37:26+00:00
ARLY_0014_P_1,ARLY_0014,OK,,18,weights,0.0883,2026-09-11T09:37:26+00:00
ARLY_0014_P_2,ARLY_0014,OK,,18,weights,0.0968,2026-09-11T09:37:26+00:00
ARLY_0014_P_3,ARLY_0014,OK,,18,weights,0.0909,2026-09-11T09:37:26+00:00
ARLY_0014_S_1,ARLY_0014,OK,,18,weights,0.0924,2026-09-11T09:37:26+00:00
ARLY_0014_S_2,ARLY_0014,OK,,18,weights,0.0905,2026-09-11T09:37:27+00:00
ARLY_0014_S_3,ARLY_0014,OK,,18,weights,0.0929,2026-09-11T09:37:27+00:00
ARLY_0015_P_1,ARLY_0015,OK,,18,weights,0.0926,2026-09-11T09:37:27+00:00
ARLY_0015_P_2,ARLY_0015,OK,,18,weights,0.0879,2026-09-11T09:37:27+00:00
ARLY_0015_P_3,ARLY_0015,OK,,18,weights,0.0894,2026-09-11T09:37:27+00:00
ARLY_0015_S_1,ARLY_0015,OK,,18,weights,0.0940,2026-09-11T09:37:27+00:00
ARLY_0015_S_2,ARLY_0015,OK,,18,weights,0.0935,2026-09-11T09:37:27+00:00
ARLY_0015_S_3,ARLY_0015,OK,,18,weights,0.0914,2026-09-11T09:37:27+00:00
ARLY_0016_P_1,ARLY_0016,SUSPECT,only_13_of_18_expected_maxima,13,weights,0.0870,2026-09-11T09:37:27+00:00
ARLY_0016_P_2,ARLY_0016,SUSPECT,only_12_of_18_expected_maxima,12,weights,0.0883,2026-09-11T09:37:27+00:00
ARLY_0016_P_3,ARLY_0016,SUSPECT,only_10_of_18_expected_maxima,10,weights,0.0866,2026-09-11T09:37:27+00:00
ARLY_0016_P_4,ARLY_0016,SUSPECT,only_7_of_18_expected_maxima,7,weights,0.0840,2026-09-11T09:37:28+00:00
ARLY_0016_P_5,ARLY_0016,SUSPECT,only_6_of_18_expected_maxima,6,weights,0.0868,2026-09-11T09:37:28+00:00
ARLY_0016_S_1,ARLY_0016,SUSPECT,only_15_of_18_expected_maxima,15,weights,0.0879,2026-09-11T09:37:28+00:00
ARLY_0016_S_2,ARLY_0016,SUSPECT,only_15_of_18_expected_maxima,15,weights,0.0884,2026-09-11T09:37:28+00:00
ARLY_0016_S_3,ARLY_0016,OK,,18,weights,0.0907,2026-09-11T09:37:28+00:00
ARLY_0016_S_4,ARLY_0016,SUSPECT,only_15_of_18_expected_maxima,15,weights,0.0880,2026-09-11T09:37:28+00:00
ARLY_0016_S_5,ARLY_0016,OK,,18,weights,0.0887,2026-09-11T09:37:28+00:00
ARLY_0028_P_1,ARLY_0028,OK,,18,weights,0.0898,2026-09-11T09:37:28+00:00
ARLY_0028_P_2,ARLY_0028,OK,,18,weights,0.0875,2026-09-11T09:37:28+00:00
ARLY_0028_P_3,ARLY_0028,OK,,18,weights,0.0935,2026-09-11T09:37:28+00:00
ARLY_0028_S_1,ARLY_0028,OK,,18,weights,0.0906,2026-09-11T09:37:28+00:00
ARLY_0028_S_2,ARLY_0028,OK,,18,weights,0.0883,2026-09-11T09:37:28+00:00
ARLY_0028_S_3,ARLY_0028,OK,,18,weights,0.0912,2026-09-11T09:37:29+00:00
ARLY_0029_P_1,ARLY_0029,OK,,18,weights,0.0912,2026-09-11T09:37:29+00:00
ARLY_0029_P_2,ARLY_0029,OK,,18,weights,0.0907,2026-09-11T09:37:29+00:00
ARLY_0029_P_3,ARLY_0029,OK,,18,weights,0.0897,2026-09-11T09:37:29+00:00
ARLY_0029_S_1,ARLY_0029,OK,,18,weights,0.0900,2026-09-11T09:37:29+00:00
ARLY_0029_S_2,ARLY_0029,OK,,18,weights,0.0888,2026-09-11T09:37:29+00:00
ARLY_0029_S_3,ARLY_0029,OK,,18,weights,0.0901,2026-09-11T09:37:29+00:00
ARLY_0036_P_1,ARLY_0036,OK,,18,weights,0.0889,2026-09-11T09:37:29+00:00
ARLY_0036_P_2,ARLY_0036,OK,,18,weights,0.0898,2026-09-11T09:37:29+00:00
ARLY_0036_P_3,ARLY_0036,OK,,18,weights,0.1291,2026-09-11T09:37:29+00:00
ARLY_0036_S_1,ARLY_0036,OK,,18,weights,0.0919,2026-09-11T09:37:30+00:00
ARLY_0036_S_2,ARLY_0036,OK,,18,weights,0.0893,2026-09-11T09:37:30+00:00
ARLY_0036_S_3,ARLY_0036,OK,,18,weights,0.0905,2026-09-11T09:37:30+00:00
ARLY_0037_P_1,ARLY_0037,OK,,18,weights,0.0898,2026-09-11T09:37:30+00:00
ARLY_0037_P_2,ARLY_0037,OK,,18,weights,0.0891,2026-09-11T09:37:30+00:00
ARLY_0037_P_3,ARLY_0037,OK,,18,weights,0.0890,2026-09-11T09:37:30+00:00
ARLY_0037_S_1,ARLY_0037,OK,,18,weights,0.0888,2026-09-11T09:37:30+00:00
ARLY_0037_S_2,ARLY_0037,OK,,18,weights,0.0909,2026-09-11T09:37:30+00:00
ARLY_0037_S_3,ARLY_0037,OK,,18,weights,0.0890,2026-09-11T09:37:30+00:00
ARLY_0038_P_1,ARLY_0038,SUSPECT,only_15_of_18_expected_maxima,15,weights,0.0874,2026-09-11T09:37:30+00:00
ARLY_0038_P_2,ARLY_0038,SUSPECT,only_15_of_18_expected_maxima,15,weights,0.0908,2026-09-11T09:37:30+00:00
ARLY_0038_P_3,ARLY_0038,SUSPECT,only_14_of_18_expected_maxima,14,weights,0.0888,2026-09-11T09:37:31+00:00
ARLY_0038_P_4,ARLY_0038,SUSPECT,only_16_of_18_expected_maxima,16,weights,0.0902,2026-09-11T09:37:31+00:00
ARLY_0038_P_5,ARLY_0038,SUSPECT,only_17_of_18_expected_maxima,17,weights,0.0896,2026-09-11T09:37:31+00:00
ARLY_0049_P_1,ARLY_0049,OK,,18,weights,0.0920,2026-09-11T09:37:31+00:00
ARLY_0049_P_2,ARLY_0049,OK,,18,weights,0.0910,2026-09-11T09:37:31+00:00
ARLY_0049_S_1,ARLY_0049,OK,,18,weights,0.0969,2026-09-11T09:37:31+00:00
ARLY_0049_S_2,ARLY_0049,OK,,18,weights,0.0874,2026-09-11T09:37:31+00:00
ARLY_0049_S_3,ARLY_0049,OK,,18,weights,0.0908,2026-09-11T09:37:31+00:00
ARLY_0050_P_1,ARLY_0050,SUSPECT,only_1_of_18_expected_maxima,1,weights,0.0859,2026-09-11T09:37:31+00:00
ARLY_0050_P_2,ARLY_0050,SUSPECT,only_1_of_18_expected_maxima,1,weights,0.0899,2026-09-11T09:37:31+00:00
ARLY_0050_P_3,ARLY_0050,SUSPECT,only_1_of_18_expected_maxima,1,weights,0.0860,2026-09-11T09:37:31+00:00
ARLY_0050_S_1,ARLY_0050,SUSPECT,only_4_of_18_expected_maxima,4,weights,0.0841,2026-09-11T09:37:31+00:00
ARLY_0050_S_2,ARLY_0050,SUSPECT,only_7_of_18_expected_maxima,7,weights,0.0869,2026-09-11T09:37:32+00:00
ARLY_0050_S_3,ARLY_0050,SUSPECT,only_5_of_18_expected_maxima,5,weights,0.0859,2026-09-11T09:37:32+00:00
ARLY_0054_P_1,ARLY_0054,OK,,18,weights,0.0894,2026-09-11T09:37:32+00:00
ARLY_0054_P_2,ARLY_0054,SUSPECT,only_15_of_18_expected_maxima,15,weights,0.0915,2026-09-11T09:37:32+00:00
ARLY_0054_P_3,ARLY_0054,SUSPECT,only_17_of_18_expected_maxima,17,weights,0.0913,2026-09-11T09:37:32+00:00
ARLY_0054_P_4,ARLY_0054,OK,,18,weights,0.0903,2026-09-11T09:37:32+00:00
ARLY_0054_P_5,ARLY_0054,SUSPECT,only_17_of_18_expected_maxima,17,weights,0.0867,2026-09-11T09:37:32+00:00
ARLY_0054_S_1,ARLY_0054,OK,,18,weights,0.0931,2026-09-11T09:37:32+00:00
ARLY_0054_S_2,ARLY_0054,SUSPECT,only_15_of_18_expected_maxima,15,weights,0.0893,2026-09-11T09:37:32+00:00
ARLY_0054_S_3,ARLY_0054,OK,,18,weights,0.0929,2026-09-11T09:37:32+00:00
ARLY_0054_S_4,ARLY_0054,OK,,18,weights,0.0894,2026-09-11T09:37:32+00:00
ARLY_0054_S_5,ARLY_0054,OK,,18,weights,0.0962,2026-09-11T09:37:33+00:00
ARLY_0055_P_1,ARLY_0055,SUSPECT,only_6_of_18_expected_maxima,6,weights,0.0906,2026-09-11T09:37:33+00:00
ARLY_0055_P_2,ARLY_0055,SUSPECT,only_3_of_18_expected_maxima,3,weights,0.0846,2026-09-11T09:37:33+00:00
ARLY_0055_P_3,ARLY_0055,SUSPECT,only_6_of_18_expected_maxima,6,weights,0.0919,2026-09-11T09:37:33+00:00
ARLY_0055_P_4,ARLY_0055,SUSPECT,only_6_of_18_expected_maxima,6,weights,0.0872,2026-09-11T09:37:33+00:00
ARLY_0055_P_5,ARLY_0055,SUSPECT,only_3_of_18_expected_maxima,3,weights,0.0866,2026-09-11T09:37:33+00:00
ARLY_0055_S_1,ARLY_0055,SUSPECT,only_11_of_18_expected_maxima,11,weights,0.0878,2026-09-11T09:37:33+00:00
ARLY_0055_S_2,ARLY_0055,OK,,18,weights,0.0885,2026-09-11T09:37:33+00:00
ARLY_0055_S_3,ARLY_0055,SUSPECT,only_15_of_18_expected_maxima,15,weights,0.0882,2026-09-11T09:37:33+00:00
ARLY_0055_S_4,ARLY_0055,SUSPECT,only_17_of_18_expected_maxima,17,weights,0.0891,2026-09-11T09:37:33+00:00
ARLY_0055_S_5,ARLY_0055,SUSPECT,only_16_of_18_expected_maxima,16,weights,0.0895,2026-09-11T09:37:33+00:00
ARLY_0055_S_6,ARLY_0055,SUSPECT,only_14_of_18_expected_maxima,14,weights,0.0887,2026-09-11T09:37:34+00:00
ARLY_PRAT_0001_P_1,ARLY_PRAT_0001,OK,,18,weights,0.0899,2026-09-11T09:37:34+00:00
ARLY_PRAT_0001_P_2,ARLY_PRAT_0001,OK,,18,weights,0.0897,2026-09-11T09:37:34+00:00
ARLY_PRAT_0001_S_1,ARLY_PRAT_0001,OK,,18,weights,0.0910,2026-09-11T09:37:34+00:00
ARLY_PRAT_0001_S_2,ARLY_PRAT_0001,OK,,18,weights,0.0896,2026-09-11T09:37:34+00:00
ARLY_PRAT_0001_S_3,ARLY_PRAT_0001,OK,,18,weights,0.0891,2026-09-11T09:37:34+00:00
ARLY_PRAT_0002_P_1,ARLY_PRAT_0002,OK,,18,weights,0.0902,2026-09-11T09:37:34+00:00
ARLY_PRAT_0002_P_2,ARLY_PRAT_0002,OK,,18,weights,0.0897,2026-09-11T09:37:34+00:00
ARLY_PRAT_0002_S_1,ARLY_PRAT_0002,OK,,18,weights,0.0895,2026-09-11T09:37:34+00:00
ARLY_PRAT_0002_S_2,ARLY_PRAT_0002,OK,,18,weights,0.0888,2026-09-11T09:37:34+00:00
ARLY_PRAT_0002_S_3,ARLY_PRAT_0002,OK,,18,weights,0.0895,2026-09-11T09:37:34+00:00
ARLY_PRAT_0003_P_1,ARLY_PRAT_0003,OK,,18,weights,0.0891,2026-09-11T09:37:35+00:00
ARLY_PRAT_0003_P_2,ARLY_PRAT_0003,OK,,18,weights,0.0901,2026-09-11T09:37:35+00:00
ARLY_PRAT_0003_S_1,ARLY_PRAT_0003,OK,,18,weights,0.0922,2026-09-11T09:37:35+00:00
ARLY_PRAT_0003_S_2,ARLY_PRAT_0003,OK,,18,weights,0.0899,2026-09-11T09:37:35+00:00
ARLY_PRAT_0003_S_3,ARLY_PRAT_0003,OK,,18,weights,0.0899,2026-09-11T09:37:35+00:00
ARLY_PRAT_0004_P_1,ARLY_PRAT_0004,OK,,18,weights,0.0898,2026-09-11T09:37:35+00:00
ARLY_PRAT_0004_P_2,ARLY_PRAT_0004,OK,,18,weights,0.0898,2026-09-11T09:37:35+00:00
ARLY_PRAT_0004_S_1,ARLY_PRAT_0004,OK,,18,weights,0.0897,2026-09-11T09:37:35+00:00
ARLY_PRAT_0004_S_2,ARLY_PRAT_0004,OK,,18,weights,0.0896,2026-09-11T09:37:35+00:00
ARLY_PRAT_0004_S_3,ARLY_PRAT_0004,OK,,18,weights,0.0887,2026-09-11T09:37:35+00:00
ARLY_PRAT_0005_P_1,ARLY_PRAT_0005,OK,,18,weights,0.0893,2026-09-11T09:37:35+00:00
ARLY_PRAT_0005_P_2,ARLY_PRAT_0005,OK,,18,weights,0.0898,2026-09-11T09:37:36+00:00
ARLY_PRAT_0005_S_1,ARLY_PRAT_0005,OK,,18,weights,0.0894,2026-09-11T09:37:36+00:00
ARLY_PRAT_0005_S_2,ARLY_PRAT_0005,OK,,18,weights,0.0903,2026-09-11T09:37:36+00:00
ARLY_PRAT_0005_S_3,ARLY_PRAT_0005,OK,,18,weights,0.0896,2026-09-11T09:37:36+00:00
ARLY_PRAT_0006_P_1,ARLY_PRAT_0006,OK,,18,weights,0.0897,2026-09-11T09:37:36+00:00
ARLY_PRAT_0006_P_2,ARLY_PRAT_0006,OK,,18,weights,0.0949,2026-09-11T09:37:36+00:00
ARLY_PRAT_0006_S_2,ARLY_PRAT_0006,OK,,18,weights,0.0910,2026-09-11T09:37:36+00:00
ARLY_PRAT_0006_S_3,ARLY_PRAT_0006,OK,,18,weights,0.0900,2026-09-11T09:37:36+00:00
ARLY_PRAT_0007_P_1,ARLY_PRAT_0007,OK,,18,weights,0.0907,2026-09-11T09:37:36+00:00
ARLY_PRAT_0007_P_2,ARLY_PRAT_0007,OK,,18,weights,0.0980,2026-09-11T09:37:36+00:00
ARLY_PRAT_0007_S_1,ARLY_PRAT_0007,OK,,18,weights,0.0901,2026-09-11T09:37:36+00:00
ARLY_PRAT_0007_S_2,ARLY_PRAT_0007,OK,,18,weights,0.0908,2026-09-11T09:37:37+00:00
ARLY_PRAT_0007_S_3,ARLY_PRAT_0007,OK,,18,weights,0.0907,2026-09-11T09:37:37+00:00
ARLY_PRAT_0008_P_1,ARLY_PRAT_0008,OK,,18,weights,0.0900,2026-09-11T09:37:37+00:00
ARLY_PRAT_0008_P_2,ARLY_PRAT_0008,OK,,18,weights,0.0891,2026-09-11T09:37:37+00:00
ARLY_PRAT_0008_S_2,ARLY_PRAT_0008,OK,,18,weights,0.0893,2026-09-11T09:37:37+00:00
ARLY_PRAT_0008_S_3,ARLY_PRAT_0008,OK,,18,weights,0.0902,2026-09-11T09:37:37+00:00
ARLY_PRAT_0009_P_1,ARLY_PRAT_0009,OK,,18,weights,0.0901,2026-09-11T09:37:37+00:00
ARLY_PRAT_0009_P_2,ARLY_PRAT_0009,OK,,18,weights,0.0896,2026-09-11T09:37:37+00:00
ARLY_PRAT_0009_S_1,ARLY_PRAT_0009,OK,,18,weights,0.0890,2026-09-11T09:37:37+00:00
ARLY_PRAT_0009_S_2,ARLY_PRAT_0009,OK,,18,weights,0.0949,2026-09-11T09:37:37+00:00
ARLY_PRAT_0009_S_3,ARLY_PRAT_0009,OK,,18,weights,0.0900,2026-09-11T09:37:37+00:00
ARLY_PRAT_0010_P_1,ARLY_PRAT_0010,OK,,18,weights,0.0905,2026-09-11T09:37:38+00:00
ARLY_PRAT_0010_P_2,ARLY_PRAT_0010,OK,,18,weights,0.0921,2026-09-11T09:37:38+00:00
ARLY_PRAT_0010_S_1,ARLY_PRAT_0010,OK,,18,weights,0.0885,2026-09-11T09:37:38+00:00
ARLY_PRAT_0010_S_2,ARLY_PRAT_0010,OK,,18,weights,0.0940,2026-09-11T09:37:38+00:00
ARLY_PRAT_0010_S_3,ARLY_PRAT_0010,OK,,18,weights,0.0913,2026-09-11T09:37:38+00:00
ARLY_PRAT_0011_P_1,ARLY_PRAT_0011,OK,,18,weights,0.0889,2026-09-11T09:37:38+00:00
ARLY_PRAT_0011_P_2,ARLY_PRAT_0011,OK,,18,weights,0.0883,2026-09-11T09:37:38+00:00
ARLY_PRAT_0011_S_1,ARLY_PRAT_0011,OK,,18,weights,0.0907,2026-09-11T09:37:38+00:00
ARLY_PRAT_0011_S_2,ARLY_PRAT_0011,OK,,18,weights,0.0901,2026-09-11T09:37:38+00:00
ARLY_PRAT_0012_P_1,ARLY_PRAT_0012,OK,,18,weights,0.0889,2026-09-11T09:37:38+00:00
ARLY_PRAT_0012_P_2,ARLY_PRAT_0012,OK,,18,weights,0.0898,2026-09-11T09:37:38+00:00
ARLY_PRAT_0012_S_1,ARLY_PRAT_0012,OK,,18,weights,0.0913,2026-09-11T09:37:39+00:00
ARLY_PRAT_0012_S_2,ARLY_PRAT_0012,OK,,18,weights,0.0901,2026-09-11T09:37:39+00:00
ARLY_PRAT_0012_S_3,ARLY_PRAT_0012,OK,,18,weights,0.0905,2026-09-11T09:37:39+00:00
ARLY_PRAT_0013_P_1,ARLY_PRAT_0013,OK,,18,weights,0.0959,2026-09-11T09:37:39+00:00
ARLY_PRAT_0013_P_2,ARLY_PRAT_0013,OK,,18,weights,0.0890,2026-09-11T09:37:39+00:00
ARLY_PRAT_0013_S_1,ARLY_PRAT_0013,OK,,18,weights,0.0910,2026-09-11T09:37:39+00:00
ARLY_PRAT_0013_S_2,ARLY_PRAT_0013,OK,,18,weights,0.0910,2026-09-11T09:37:39+00:00
ARLY_PRAT_0014_P_1,ARLY_PRAT_0014,OK,,18,weights,0.0908,2026-09-11T09:37:39+00:00
ARLY_PRAT_0014_P_2,ARLY_PRAT_0014,OK,,18,weights,0.0894,2026-09-11T09:37:39+00:00
ARLY_PRAT_0014_S_1,ARLY_PRAT_0014,OK,,18,weights,0.0893,2026-09-11T09:37:39+00:00
ARLY_PRAT_0014_S_2,ARLY_PRAT_0014,OK,,18,weights,0.0888,2026-09-11T09:37:39+00:00
ARLY_PRAT_0014_S_3,ARLY_PRAT_0014,OK,,18,weights,0.0909,2026-09-11T09:37:40+00:00
ARLY_PRAT_0015_P_1,ARLY_PRAT_0015,OK,,18,weights,0.0929,2026-09-11T09:37:40+00:00
ARLY_PRAT_0015_P_2,ARLY_PRAT_0015,OK,,18,weights,0.0917,2026-09-11T09:37:40+00:00
ARLY_PRAT_0015_S_1,ARLY_PRAT_0015,OK,,18,weights,0.0902,2026-09-11T09:37:40+00:00
ARLY_PRAT_0015_S_2,ARLY_PRAT_0015,OK,,18,weights,0.0893,2026-09-11T09:37:40+00:00
ARLY_PRAT_0015_S_3,ARLY_PRAT_0015,OK,,18,weights,0.0896,2026-09-11T09:37:40+00:00
ARLY_PRAT_0016_P_1,ARLY_PRAT_0016,OK,,18,weights,0.0898,2026-09-11T09:37:40+00:00
ARLY_PRAT_0016_P_2,ARLY_PRAT_0016,OK,,18,weights,0.0885,2026-09-11T09:37:40+00:00
ARLY_PRAT_0016_S_1,ARLY_PRAT_0016,OK,,18,weights,0.0901,2026-09-11T09:37:40+00:00
ARLY_PRAT_0016_S_2,ARLY_PRAT_0016,OK,,18,weights,0.0945,2026-09-11T09:37:40+00:00
ARLY_PRAT_0016_S_3,ARLY_PRAT_0016,OK,,18,weights,0.0900,2026-09-11T09:37:40+00:00
ARLY_PRAT_0017_P_1,ARLY_PRAT_0017,OK,,18,weights,0.0899,2026-09-11T09:37:41+00:00
ARLY_PRAT_0017_P_2,ARLY_PRAT_0017,OK,,18,weights,0.0878,2026-09-11T09:37:41+00:00
ARLY_PRAT_0017_S_1,ARLY_PRAT_0017,OK,,18,weights,0.0910,2026-09-11T09:37:41+00:00
ARLY_PRAT_0017_S_2,ARLY_PRAT_0017,OK,,18,weights,0.0911,2026-09-11T09:37:41+00:00
ARLY_PRAT_0017_S_3,ARLY_PRAT_0017,OK,,18,weights,0.0895,2026-09-11T09:37:41+00:00
ARLY_PRAT_0018_P_1,ARLY_PRAT_0018,OK,,18,weights,0.0896,2026-09-11T09:37:41+00:00
ARLY_PRAT_0018_P_2,ARLY_PRAT_0018,OK,,18,weights,0.0963,2026-09-11T09:37:41+00:00
ARLY_PRAT_0018_S_1,ARLY_PRAT_0018,OK,,18,weights,0.0905,2026-09-11T09:37:41+00:00
ARLY_PRAT_0018_S_2,ARLY_PRAT_0018,OK,,18,weights,0.0889,2026-09-11T09:37:41+00:00
ARLY_PRAT_0018_S_3,ARLY_PRAT_0018,OK,,18,weights,0.0959,2026-09-11T09:37:41+00:00
ARLY_PRAT_0019_P_1,ARLY_PRAT_0019,OK,,18,weights,0.0874,2026-09-11T09:37:41+00:00
ARLY_PRAT_0019_P_2,ARLY_PRAT_0019,OK,,18,weights,0.0872,2026-09-11T09:37:42+00:00
ARLY_PRAT_0019_S_1,ARLY_PRAT_0019,OK,,18,weights,0.0889,2026-09-11T09:37:42+00:00
ARLY_PRAT_0019_S_2,ARLY_PRAT_0019,OK,,18,weights,0.0896,2026-09-11T09:37:42+00:00
ARLY_PRAT_0019_S_3,ARLY_PRAT_0019,OK,,18,weights,0.0872,2026-09-11T09:37:42+00:00
ARLY_PRAT_0020_P_1,ARLY_PRAT_0020,OK,,18,weights,0.0930,2026-09-11T09:37:42+00:00
ARLY_PRAT_0020_P_2,ARLY_PRAT_0020,OK,,18,weights,0.0886,2026-09-11T09:37:42+00:00
ARLY_PRAT_0020_S_1,ARLY_PRAT_0020,OK,,18,weights,0.0885,2026-09-11T09:37:42+00:00
ARLY_PRAT_0020_S_2,ARLY_PRAT_0020,OK,,18,weights,0.0889,2026-09-11T09:37:42+00:00
ARLY_PRAT_0020_S_3,ARLY_PRAT_0020,OK,,18,weights,0.0870,2026-09-11T09:37:42+00:00
ARLY_PRAT_0021_P_1,ARLY_PRAT_0021,OK,,18,weights,0.0888,2026-09-11T09:37:42+00:00
ARLY_PRAT_0021_P_2,ARLY_PRAT_0021,OK,,18,weights,0.0880,2026-09-11T09:37:42+00:00
ARLY_PRAT_0021_S_1,ARLY_PRAT_0021,OK,,18,weights,0.0882,2026-09-11T09:37:42+00:00
ARLY_PRAT_0021_S_2,ARLY_PRAT_0021,OK,,18,weights,0.0869,2026-09-11T09:37:43+00:00
ARLY_PRAT_0021_S_3,ARLY_PRAT_0021,OK,,18,weights,0.0902,2026-09-11T09:37:43+00:00
ARLY_PRAT_0022_P_1,ARLY_PRAT_0022,OK,,18,weights,0.0863,2026-09-11T09:37:43+00:00
ARLY_PRAT_0022_P_2,ARLY_PRAT_0022,OK,,18,weights,0.0900,2026-09-11T09:37:43+00:00
ARLY_PRAT_0022_S_1,ARLY_PRAT_0022,OK,,18,weights,0.0866,2026-09-11T09:37:43+00:00
ARLY_PRAT_0022_S_2,ARLY_PRAT_0022,OK,,18,weights,0.0879,2026-09-11T09:37:43+00:00
ARLY_PRAT_0022_S_3,ARLY_PRAT_0022,OK,,18,weights,0.0897,2026-09-11T09:37:43+00:00
ARLY_PRAT_0023_P_1,ARLY_PRAT_0023,OK,,18,weights,0.0864,2026-09-11T09:37:43+00:00
ARLY_PRAT_0023_P_2,ARLY_PRAT_0023,OK,,18,weights,0.0883,2026-09-11T09:37:43+00:00
ARLY_PRAT_0023_S_1,ARLY_PRAT_0023,OK,,18,weights,0.0890,2026-09-11T09:37:43+00:00
ARLY_PRAT_0023_S_2,ARLY_PRAT_0023,OK,,18,weights,0.0869,2026-09-11T09:37:43+00:00
ARLY_PRAT_0023_S_3,ARLY_PRAT_0023,OK,,18,weights,0.0874,2026-09-11T09:37:44+00:00
ARLY_PRAT_0024_P_1,ARLY_PRAT_0024,OK,,18,weights,0.0871,2026-09-11T09:37:44+00:00
ARLY_PRAT_0024_P_2,ARLY_PRAT_0024,OK,,18,weights,0.0894,2026-09-11T09:37:44+00:00
ARLY_PRAT_0024_S_1,ARLY_PRAT_0024,OK,,18,weights,0.0870,2026-09-11T09:37:44+00:00
ARLY_PRAT_0024_S_2,ARLY_PRAT_0024,OK,,18,weights,0.0888,2026-09-11T09:37:44+00:00
ARLY_PRAT_0024_S_3,ARLY_PRAT_0024,OK,,18,weights,0.0867,2026-09-11T09:37:44+00:00
ARLY_PRAT_0025_P_1,ARLY_PRAT_0025,OK,,18,weights,0.0882,2026-09-11T09:37:44+00:00
ARLY_PRAT_0025_P_2,ARLY_PRAT_0025,OK,,18,weights,0.0883,2026-09-11T09:37:44+00:00
ARLY_PRAT_0025_S_1,ARLY_PRAT_0025,OK,,18,weights,0.0885,2026-09-11T09:37:44+00:00
ARLY_PRAT_0025_S_2,ARLY_PRAT_0025,OK,,18,weights,0.0906,2026-09-11T09:37:44+00:00
ARLY_PRAT_0025_S_3,ARLY_PRAT_0025,OK,,18,weights,0.0889,2026-09-11T09:37:44+00:00
ARLY_PRAT_0026_P_1,ARLY_PRAT_0026,OK,,18,weights,0.0887,2026-09-11T09:37:45+00:00
ARLY_PRAT_0026_P_2,ARLY_PRAT_0026,OK,,18,weights,0.0896,2026-09-11T09:37:45+00:00
ARLY_PRAT_0026_S_1,ARLY_PRAT_0026,OK,,18,weights,0.0885,2026-09-11T09:37:45+00:00
ARLY_PRAT_0026_S_2,ARLY_PRAT_0026,OK,,18,weights,0.0899,2026-09-11T09:37:45+00:00
ARLY_PRAT_0026_S_3,ARLY_PRAT_0026,OK,,18,weights,0.0893,2026-09-11T09:37:45+00:00
ARLY_PRAT_0027_P_1,ARLY_PRAT_0027,OK,,18,weights,0.0891,2026-09-11T09:37:45+00:00
ARLY_PRAT_0027_P_2,ARLY_PRAT_0027,OK,,18,weights,0.0909,2026-09-11T09:37:45+00:00
ARLY_PRAT_0027_S_1,ARLY_PRAT_0027,OK,,18,weights,0.0885,2026-09-11T09:37:45+00:00
ARLY_PRAT_0027_S_2,ARLY_PRAT_0027,OK,,18,weights,0.0894,2026-09-11T09:37:45+00:00
ARLY_PRAT_0027_S_3,ARLY_PRAT_0027,OK,,18,weights,0.0894,2026-09-11T09:37:45+00:00
ARLY_PRAT_0028_P_1,ARLY_PRAT_0028,OK,,18,weights,0.0885,2026-09-11T09:37:45+00:00
ARLY_PRAT_0028_P_2,ARLY_PRAT_0028,OK,,18,weights,0.0902,2026-09-11T09:37:46+00:00
ARLY_PRAT_0028_S_1,ARLY_PRAT_0028,OK,,18,weights,0.0907,2026-09-11T09:37:46+00:00
ARLY_PRAT_0028_S_2,ARLY_PRAT_0028,OK,,18,weights,0.0900,2026-09-11T09:37:46+00:00
ARLY_PRAT_0028_S_3,ARLY_PRAT_0028,OK,,18,weights,0.0896,2026-09-11T09:37:46+00:00
ARLY_PRAT_0029_P_1,ARLY_PRAT_0029,OK,,18,weights,0.0891,2026-09-11T09:37:46+00:00
ARLY_PRAT_0029_P_2,ARLY_PRAT_0029,OK,,18,weights,0.0898,2026-09-11T09:37:46+00:00
ARLY_PRAT_0029_S_1,ARLY_PRAT_0029,OK,,18,weights,0.1221,2026-09-11T09:37:46+00:00
ARLY_PRAT_0029_S_2,ARLY_PRAT_0029,OK,,18,weights,0.0904,2026-09-11T09:37:46+00:00
ARLY_PRAT_0029_S_3,ARLY_PRAT_0029,OK,,18,weights,0.0891,2026-09-11T09:37:46+00:00
ARLY_PRAT_0030_P_1,ARLY_PRAT_0030,OK,,18,weights,0.0965,2026-09-11T09:37:46+00:00
ARLY_PRAT_0030_P_2,ARLY_PRAT_0030,OK,,18,weights,0.0877,2026-09-11T09:37:46+00:00
ARLY_PRAT_0030_S_1,ARLY_PRAT_0030,OK,,18,weights,0.0854,2026-09-11T09:37:47+00:00
ARLY_PRAT_0030_S_2,ARLY_PRAT_0030,OK,,18,weights,0.0876,2026-09-11T09:37:47+00:00
ARLY_PRAT_0030_S_3,ARLY_PRAT_0030,OK,,18,weights,0.0875,2026-09-11T09:37:47+00:00
ARLY_PRAT_0031_P_1,ARLY_PRAT_0031,OK,,18,weights,0.0885,2026-09-11T09:37:47+00:00
ARLY_PRAT_0031_P_2,ARLY_PRAT_0031,OK,,18,weights,0.0870,2026-09-11T09:37:47+00:00
ARLY_PRAT_0031_S_1,ARLY_PRAT_0031,OK,,18,weights,0.0888,2026-09-11T09:37:47+00:00
ARLY_PRAT_0031_S_2,ARLY_PRAT_0031,OK,,18,weights,0.0873,2026-09-11T09:37:47+00:00
ARLY_PRAT_0031_S_3,ARLY_PRAT_0031,OK,,18,weights,0.0874,2026-09-11T09:37:47+00:00
ARLY_PRAT_0032_P_1,ARLY_PRAT_0032,OK,,18,weights,0.0873,2026-09-11T09:37:47+00:00
ARLY_PRAT_0032_P_2,ARLY_PRAT_0032,OK,,18,weights,0.0890,2026-09-11T09:37:47+00:00
ARLY_PRAT_0032_S_1,ARLY_PRAT_0032,OK,,18,weights,0.0890,2026-09-11T09:37:47+00:00
ARLY_PRAT_0032_S_2,ARLY_PRAT_0032,OK,,18,weights,0.0856,2026-09-11T09:37:47+00:00
ARLY_PRAT_0032_S_3,ARLY_PRAT_0032,OK,,18,weights,0.0919,2026-09-11T09:37:48+00:00
ARLY_PRAT_0033_P_1,ARLY_PRAT_0033,OK,,18,weights,0.0897,2026-09-11T09:37:48+00:00
ARLY_PRAT_0033_P_2,ARLY_PRAT_0033,OK,,18,weights,0.0868,2026-09-11T09:37:48+00:00
ARLY_PRAT_0033_S_1,ARLY_PRAT_0033,OK,,18,weights,0.0879,2026-09-11T09:37:48+00:00
ARLY_PRAT_0033_S_2,ARLY_PRAT_0033,OK,,18,weights,0.0875,2026-09-11T09:37:48+00:00
ARLY_PRAT_0033_S_3,ARLY_PRAT_0033,OK,,18,weights,0.0870,2026-09-11T09:37:48+00:00
ARLY_PRAT_0034_P_1,ARLY_PRAT_0034,OK,,18,weights,0.0874,2026-09-11T09:37:48+00:00
ARLY_PRAT_0034_P_2,ARLY_PRAT_0034,OK,,18,weights,0.0873,2026-09-11T09:37:48+00:00
ARLY_PRAT_0034_S_1,ARLY_PRAT_0034,OK,,18,weights,0.0859,2026-09-11T09:37:48+00:00
ARLY_PRAT_0034_S_2,ARLY_PRAT_0034,OK,,18,weights,0.0889,2026-09-11T09:37:48+00:00
ARLY_PRAT_0034_S_3,ARLY_PRAT_0034,OK,,18,weights,0.0898,2026-09-11T09:37:48+00:00
ARLY_PRAT_0035_P_1,ARLY_PRAT_0035,OK,,18,weights,0.0889,2026-09-11T09:37:49+00:00
ARLY_PRAT_0035_P_2,ARLY_PRAT_0035,OK,,18,weights,0.0885,2026-09-11T09:37:49+00:00
ARLY_PRAT_0035_S_1,ARLY_PRAT_0035,OK,,18,weights,0.0878,2026-09-11T09:37:49+00:00
ARLY_PRAT_0035_S_2,ARLY_PRAT_0035,OK,,18,weights,0.0876,2026-09-11T09:37:49+00:00
ARLY_PRAT_0035_S_3,ARLY_PRAT_0035,SUSPECT,only_17_of_18_expected_maxima,17,weights,0.0864,2026-09-11T09:37:49+00:00
ARLY_PRAT_0036_P_1,ARLY_PRAT_0036,OK,,18,weights,0.0883,2026-09-11T09:37:49+00:00
ARLY_PRAT_0036_P_2,ARLY_PRAT_0036,OK,,18,weights,0.0875,2026-09-11T09:37:49+00:00
ARLY_PRAT_0036_S_1,ARLY_PRAT_0036,OK,,18,weights,0.0895,2026-09-11T09:37:49+00:00
ARLY_PRAT_0036_S_2,ARLY_PRAT_0036,OK,,18,weights,0.0890,2026-09-11T09:37:49+00:00
ARLY_PRAT_0036_S_3,ARLY_PRAT_0036,OK,,18,weights,0.0886,2026-09-11T09:37:49+00:00
ARLY_PRAT_0037_P_1,ARLY_PRAT_0037,OK,,18,weights,0.0899,2026-09-11T09:37:49+00:00
ARLY_PRAT_0037_P_2,ARLY_PRAT_0037,OK,,18,weights,0.0891,2026-09-11T09:37:50+00:00
ARLY_PRAT_0037_S_1,ARLY_PRAT_0037,OK,,18,weights,0.0896,2026-09-11T09:37:50+00:00
ARLY_PRAT_0037_S_2,ARLY_PRAT_0037,OK,,18,weights,0.0892,2026-09-11T09:37:50+00:00
ARLY_PRAT_0037_S_3,ARLY_PRAT_0037,OK,,18,weights,0.0913,2026-09-11T09:37:50+00:00
ARLY_PRAT_0038_P_1,ARLY_PRAT_0038,OK,,18,weights,0.0881,2026-09-11T09:37:50+00:00
ARLY_PRAT_0038_P_2,ARLY_PRAT_0038,OK,,18,weights,0.0888,2026-09-11T09:37:50+00:00
ARLY_PRAT_0038_S_1,ARLY_PRAT_0038,OK,,18,weights,0.0894,2026-09-11T09:37:50+00:00
ARLY_PRAT_0038_S_2,ARLY_PRAT_0038,OK,,18,weights,0.0881,2026-09-11T09:37:50+00:00
ARLY_PRAT_0038_S_3,ARLY_PRAT_0038,OK,,18,weights,0.0896,2026-09-11T09:37:50+00:00
ARLY_PRAT_0039_P_1,ARLY_PRAT_0039,OK,,18,weights,0.0906,2026-09-11T09:37:50+00:00
ARLY_PRAT_0039_P_2,ARLY_PRAT_0039,OK,,18,weights,0.0879,2026-09-11T09:37:50+00:00
ARLY_PRAT_0039_S_1,ARLY_PRAT_0039,OK,,18,weights,0.0882,2026-09-11T09:37:51+00:00
ARLY_PRAT_0039_S_2,ARLY_PRAT_0039,OK,,18,weights,0.0897,2026-09-11T09:37:51+00:00
ARLY_PRAT_0039_S_3,ARLY_PRAT_0039,OK,,18,weights,0.0892,2026-09-11T09:37:51+00:00
ARLY_PRAT_0040_P_1,ARLY_PRAT_0040,OK,,18,weights,0.0957,2026-09-11T09:37:51+00:00
ARLY_PRAT_0040_P_2,ARLY_PRAT_0040,OK,,18,weights,0.0899,2026-09-11T09:37:51+00:00
ARLY_PRAT_0040_S_1,ARLY_PRAT_0040,OK,,18,weights,0.0898,2026-09-11T09:37:51+00:00
ARLY_PRAT_0040_S_2,ARLY_PRAT_0040,OK,,18,weights,0.0936,2026-09-11T09:37:51+00:00
ARLY_PRAT_0040_S_3,ARLY_PRAT_0040,OK,,18,weights,0.0883,2026-09-11T09:37:51+00:00
ARLY_PRAT_0041_P_1,ARLY_PRAT_0041,OK,,18,weights,0.0891,2026-09-11T09:37:51+00:00
ARLY_PRAT_0041_P_2,ARLY_PRAT_0041,OK,,18,weights,0.0923,2026-09-11T09:37:51+00:00
ARLY_PRAT_0041_S_1,ARLY_PRAT_0041,OK,,18,weights,0.0951,2026-09-11T09:37:51+00:00
ARLY_PRAT_0041_S_2,ARLY_PRAT_0041,OK,,18,weights,0.0872,2026-09-11T09:37:52+00:00
ARLY_PRAT_0041_S_3,ARLY_PRAT_0041,OK,,18,weights,0.0857,2026-09-11T09:37:52+00:00
ARLY_PRAT_0042_P_1,ARLY_PRAT_0042,OK,,18,weights,0.0884,2026-09-11T09:37:52+00:00
ARLY_PRAT_0042_P_2,ARLY_PRAT_0042,OK,,18,weights,0.0848,2026-09-11T09:37:52+00:00
ARLY_PRAT_0042_S_1,ARLY_PRAT_0042,OK,,18,weights,0.0891,2026-09-11T09:37:52+00:00
ARLY_PRAT_0042_S_2,ARLY_PRAT_0042,OK,,18,weights,0.0895,2026-09-11T09:37:52+00:00
ARLY_PRAT_0042_S_3,ARLY_PRAT_0042,OK,,18,weights,0.0908,2026-09-11T09:37:52+00:00
ARLY_PRAT_0043_P_1,ARLY_PRAT_0043,OK,,18,weights,0.0871,2026-09-11T09:37:52+00:00
ARLY_PRAT_0043_P_2,ARLY_PRAT_0043,OK,,18,weights,0.0871,2026-09-11T09:37:52+00:00
ARLY_PRAT_0043_S_1,ARLY_PRAT_0043,OK,,18,weights,0.0891,2026-09-11T09:37:52+00:00
ARLY_PRAT_0043_S_2,ARLY_PRAT_0043,SUSPECT,only_17_of_18_expected_maxima,17,weights,0.0876,2026-09-11T09:37:52+00:00
ARLY_PRAT_0043_S_3,ARLY_PRAT_0043,OK,,18,weights,0.0903,2026-09-11T09:37:52+00:00
ARLY_PRAT_0044_P_1,ARLY_PRAT_0044,OK,,18,weights,0.0929,2026-09-11T09:37:53+00:00
ARLY_PRAT_0044_P_2,ARLY_PRAT_0044,OK,,18,weights,0.0914,2026-09-11T09:37:53+00:00
ARLY_PRAT_0044_S_1,ARLY_PRAT_0044,OK,,18,weights,0.0927,2026-09-11T09:37:53+00:00
ARLY_PRAT_0044_S_2,ARLY_PRAT_0044,OK,,18,weights,0.0889,2026-09-11T09:37:53+00:00
ARLY_PRAT_0044_S_3,ARLY_PRAT_0044,OK,,18,weights,0.0854,2026-09-11T09:37:53+00:00
ARLY_PRAT_0045_P_1,ARLY_PRAT_0045,OK,,18,weights,0.0879,2026-09-11T09:37:53+00:00
ARLY_PRAT_0045_P_2,ARLY_PRAT_0045,OK,,18,weights,0.0900,2026-09-11T09:37:53+00:00
ARLY_PRAT_0045_S_1,ARLY_PRAT_0045,OK,,18,weights,0.0888,2026-09-11T09:37:53+00:00
ARLY_PRAT_0045_S_2,ARLY_PRAT_0045,OK,,18,weights,0.0877,2026-09-11T09:37:53+00:00
ARLY_PRAT_0045_S_3,ARLY_PRAT_0045,OK,,18,weights,0.0868,2026-09-11T09:37:53+00:00
ARLY_PRAT_0046_P_1,ARLY_PRAT_0046,OK,,18,weights,0.0869,2026-09-11T09:37:53+00:00
ARLY_PRAT_0046_P_2,ARLY_PRAT_0046,OK,,18,weights,0.0867,2026-09-11T09:37:54+00:00
ARLY_PRAT_0046_P_3,ARLY_PRAT_0046,OK,,18,weights,0.0876,2026-09-11T09:37:54+00:00
ARLY_PRAT_0046_P_4,ARLY_PRAT_0046,OK,,18,weights,0.0879,2026-09-11T09:37:54+00:00
ARLY_PRAT_0046_S_1,ARLY_PRAT_0046,OK,,18,weights,0.0892,2026-09-11T09:37:54+00:00
ARLY_PRAT_0046_S_2,ARLY_PRAT_0046,OK,,18,weights,0.0881,2026-09-11T09:37:54+00:00
ARLY_PRAT_0046_S_3,ARLY_PRAT_0046,OK,,18,weights,0.0877,2026-09-11T09:37:54+00:00
ARLY_PRAT_0046_S_4,ARLY_PRAT_0046,OK,,18,weights,0.0882,2026-09-11T09:37:54+00:00
ARLY_PRAT_0046_S_5,ARLY_PRAT_0046,OK,,18,weights,0.1268,2026-09-11T09:37:54+00:00
ARLY_PRAT_0046_S_6,ARLY_PRAT_0046,OK,,18,weights,0.0944,2026-09-11T09:37:54+00:00
ARLY_PRAT_0047_P_1,ARLY_PRAT_0047,OK,,18,weights,0.0999,2026-09-11T09:37:54+00:00
ARLY_PRAT_0047_P_2,ARLY_PRAT_0047,OK,,18,weights,0.1003,2026-09-11T09:37:55+00:00
ARLY_PRAT_0047_S_1,ARLY_PRAT_0047,OK,,18,weights,0.0998,2026-09-11T09:37:55+00:00
ARLY_PRAT_0047_S_2,ARLY_PRAT_0047,OK,,18,weights,0.0996,2026-09-11T09:37:55+00:00
ARLY_PRAT_0047_S_3,ARLY_PRAT_0047,OK,,18,weights,0.1296,2026-09-11T09:37:55+00:00
ARLY_PRAT_0048_P_1,ARLY_PRAT_0048,OK,,18,weights,0.1018,2026-09-11T09:37:55+00:00
ARLY_PRAT_0048_P_2,ARLY_PRAT_0048,OK,,18,weights,0.0908,2026-09-11T09:37:55+00:00
ARLY_PRAT_0048_S_1,ARLY_PRAT_0048,OK,,18,weights,0.0892,2026-09-11T09:37:55+00:00
ARLY_PRAT_0048_S_2,ARLY_PRAT_0048,OK,,18,weights,0.0892,2026-09-11T09:37:55+00:00
ARLY_PRAT_0048_S_3,ARLY_PRAT_0048,OK,,18,weights,0.0913,2026-09-11T09:37:55+00:00
ARLY_PRAT_0049_P_1,ARLY_PRAT_0049,OK,,18,weights,0.0929,2026-09-11T09:37:55+00:00
ARLY_PRAT_0049_P_2,ARLY_PRAT_0049,OK,,18,weights,0.0923,2026-09-11T09:37:55+00:00
ARLY_PRAT_0049_S_1,ARLY_PRAT_0049,OK,,18,weights,0.0877,2026-09-11T09:37:56+00:00
ARLY_PRAT_0049_S_2,ARLY_PRAT_0049,OK,,18,weights,0.0904,2026-09-11T09:37:56+00:00
ARLY_PRAT_0049_S_3,ARLY_PRAT_0049,OK,,18,weights,0.0897,2026-09-11T09:37:56+00:00
ARLY_PRAT_0050_P_1,ARLY_PRAT_0050,OK,,18,weights,0.0886,2026-09-11T09:37:56+00:00
ARLY_PRAT_0050_P_2,ARLY_PRAT_0050,OK,,18,weights,0.0910,2026-09-11T09:37:56+00:00
ARLY_PRAT_0050_S_1,ARLY_PRAT_0050,OK,,18,weights,0.0902,2026-09-11T09:37:56+00:00
ARLY_PRAT_0050_S_2,ARLY_PRAT_0050,OK,,18,weights,0.0971,2026-09-11T09:37:56+00:00
ARLY_PRAT_0050_S_3,ARLY_PRAT_0050,OK,,18,weights,0.0894,2026-09-11T09:37:56+00:00
ARLY_PRAT_0051_P_1,ARLY_PRAT_0051,OK,,18,weights,0.0895,2026-09-11T09:37:56+00:00
ARLY_PRAT_0051_P_2,ARLY_PRAT_0051,OK,,18,weights,0.0898,2026-09-11T09:37:56+00:00
ARLY_PRAT_0051_S_1,ARLY_PRAT_0051,OK,,18,weights,0.0979,2026-09-11T09:37:56+00:00
ARLY_PRAT_0051_S_2,ARLY_PRAT_0051,OK,,18,weights,0.0914,2026-09-11T09:37:57+00:00
ARLY_PRAT_0051_S_3,ARLY_PRAT_0051,OK,,18,weights,0.0906,2026-09-11T09:37:57+00:00
ARLY_PRAT_0052_P_1,ARLY_PRAT_0052,OK,,18,weights,0.0905,2026-09-11T09:37:57+00:00
ARLY_PRAT_0052_P_2,ARLY_PRAT_0052,OK,,18,weights,0.0892,2026-09-11T09:37:57+00:00
ARLY_PRAT_0052_S_1,ARLY_PRAT_0052,OK,,18,weights,0.0901,2026-09-11T09:37:57+00:00
ARLY_PRAT_0052_S_2,ARLY_PRAT_0052,OK,,18,weights,0.0913,2026-09-11T09:37:57+00:00
ARLY_PRAT_0052_S_3,ARLY_PRAT_0052,OK,,18,weights,0.0892,2026-09-11T09:37:57+00:00
ARLY_PRAT_0053_P_1,ARLY_PRAT_0053,SUSPECT,only_17_of_18_expected_maxima,17,weights,0.0906,2026-09-11T09:37:57+00:00
ARLY_PRAT_0053_P_2,ARLY_PRAT_0053,OK,,18,weights,0.0907,2026-09-11T09:37:57+00:00
ARLY_PRAT_0053_S_1,ARLY_PRAT_0053,OK,,18,weights,0.0920,2026-09-11T09:37:57+00:00
ARLY_PRAT_0053_S_2,ARLY_PRAT_0053,OK,,18,weights,0.0898,2026-09-11T09:37:57+00:00
ARLY_PRAT_0053_S_3,ARLY_PRAT_0053,OK,,18,weights,0.0907,2026-09-11T09:37:58+00:00
ARLY_PRAT_0054_P_1,ARLY_PRAT_0054,OK,,18,weights,0.0887,2026-09-11T09:37:58+00:00
ARLY_PRAT_0054_P_2,ARLY_PRAT_0054,OK,,18,weights,0.0904,2026-09-11T09:37:58+00:00
ARLY_PRAT_0054_S_1,ARLY_PRAT_0054,OK,,18,weights,0.0879,2026-09-11T09:37:58+00:00
ARLY_PRAT_0054_S_2,ARLY_PRAT_0054,OK,,18,weights,0.0860,2026-09-11T09:37:58+00:00
ARLY_PRAT_0054_S_3,ARLY_PRAT_0054,OK,,18,weights,0.0883,2026-09-11T09:37:58+00:00
ARLY_PRAT_0055_P_1,ARLY_PRAT_0055,OK,,18,weights,0.0893,2026-09-11T09:37:58+00:00
ARLY_PRAT_0055_P_2,ARLY_PRAT_0055,OK,,18,weights,0.0905,2026-09-11T09:37:58+00:00
ARLY_PRAT_0055_S_1,ARLY_PRAT_0055,OK,,18,weights,0.0890,2026-09-11T09:37:58+00:00
ARLY_PRAT_0055_S_2,ARLY_PRAT_0055,OK,,18,weights,0.0891,2026-09-11T09:37:58+00:00
ARLY_PRAT_0055_S_3,ARLY_PRAT_0055,OK,,18,weights,0.0876,2026-09-11T09:37:58+00:00
ARLY_PRAT_0056_P_1,ARLY_PRAT_0056,OK,,18,weights,0.0884,2026-09-11T09:37:59+00:00
ARLY_PRAT_0056_P_2,ARLY_PRAT_0056,OK,,18,weights,0.0902,2026-09-11T09:37:59+00:00
ARLY_PRAT_0056_S_1,ARLY_PRAT_0056,OK,,18,weights,0.0899,2026-09-11T09:37:59+00:00
ARLY_PRAT_0056_S_2,ARLY_PRAT_0056,OK,,18,weights,0.0896,2026-09-11T09:37:59+00:00
ARLY_PRAT_0056_S_3,ARLY_PRAT_0056,OK,,18,weights,0.0881,2026-09-11T09:37:59+00:00
ARLY_PRAT_0057_P_1,ARLY_PRAT_0057,OK,,18,weights,0.0931,2026-09-11T09:37:59+00:00
ARLY_PRAT_0057_P_2,ARLY_PRAT_0057,OK,,18,weights,0.0904,2026-09-11T09:37:59+00:00
ARLY_PRAT_0057_S_1,ARLY_PRAT_0057,OK,,18,weights,0.0890,2026-09-11T09:37:59+00:00
ARLY_PRAT_0057_S_2,ARLY_PRAT_0057,OK,,18,weights,0.0886,2026-09-11T09:37:59+00:00
ARLY_PRAT_0057_S_3,ARLY_PRAT_0057,OK,,18,weights,0.0889,2026-09-11T09:37:59+00:00
ARLY_PRAT_0058_P_1,ARLY_PRAT_0058,OK,,18,weights,0.0902,2026-09-11T09:37:59+00:00
ARLY_PRAT_0058_P_2,ARLY_PRAT_0058,OK,,18,weights,0.0903,2026-09-11T09:38:00+00:00
ARLY_PRAT_0058_S_1,ARLY_PRAT_0058,OK,,18,weights,0.0917,2026-09-11T09:38:00+00:00
ARLY_PRAT_0058_S_2,ARLY_PRAT_0058,OK,,18,weights,0.0900,2026-09-11T09:38:00+00:00
ARLY_PRAT_0058_S_3,ARLY_PRAT_0058,OK,,18,weights,0.0913,2026-09-11T09:38:00+00:00
ARLY_PRAT_0059_P_1,ARLY_PRAT_0059,OK,,18,weights,0.0944,2026-09-11T09:38:00+00:00
ARLY_PRAT_0059_P_2,ARLY_PRAT_0059,OK,,18,weights,0.0905,2026-09-11T09:38:00+00:00
ARLY_PRAT_0059_S_1,ARLY_PRAT_0059,OK,,18,weights,0.0881,2026-09-11T09:38:00+00:00
ARLY_PRAT_0059_S_2,ARLY_PRAT_0059,OK,,18,weights,0.0902,2026-09-11T09:38:00+00:00
ARLY_PRAT_0059_S_3,ARLY_PRAT_0059,OK,,18,weights,0.0884,2026-09-11T09:38:00+00:00
ARLY_PRAT_0060_P_1,ARLY_PRAT_0060,OK,,18,weights,0.0882,2026-09-11T09:38:00+00:00
ARLY_PRAT_0060_P_2,ARLY_PRAT_0060,OK,,18,weights,0.0902,2026-09-11T09:38:00+00:00
ARLY_PRAT_0060_S_1,ARLY_PRAT_0060,OK,,18,weights,0.0886,2026-09-11T09:38:01+00:00
ARLY_PRAT_0060_S_2,ARLY_PRAT_0060,OK,,18,weights,0.0897,2026-09-11T09:38:01+00:00
ARLY_PRAT_0060_S_3,ARLY_PRAT_0060,OK,,18,weights,0.0887,2026-09-11T09:38:01+00:00
ARLY_PRAT_0061_P_1,ARLY_PRAT_0061,OK,,18,weights,0.0891,2026-09-11T09:38:01+00:00
ARLY_PRAT_0061_P_2,ARLY_PRAT_0061,OK,,18,weights,0.0887,2026-09-11T09:38:01+00:00
ARLY_PRAT_0061_S_1,ARLY_PRAT_0061,OK,,18,weights,0.0900,2026-09-11T09:38:01+00:00
ARLY_PRAT_0061_S_2,ARLY_PRAT_0061,OK,,18,weights,0.0895,2026-09-11T09:38:01+00:00
ARLY_PRAT_0061_S_3,ARLY_PRAT_0061,OK,,18,weights,0.0970,2026-09-11T09:38:01+00:00
ARLY_PRAT_0062_P_1,ARLY_PRAT_0062,OK,,18,weights,0.0900,2026-09-11T09:38:01+00:00
ARLY_PRAT_0062_P_2,ARLY_PRAT_0062,OK,,18,weights,0.0893,2026-09-11T09:38:01+00:00
ARLY_PRAT_0062_S_1,ARLY_PRAT_0062,OK,,18,weights,0.0946,2026-09-11T09:38:01+00:00
ARLY_PRAT_0062_S_2,ARLY_PRAT_0062,OK,,18,weights,0.0896,2026-09-11T09:38:02+00:00
ARLY_PRAT_0062_S_3,ARLY_PRAT_0062,OK,,18,weights,0.0881,2026-09-11T09:38:02+00:00
ARLY_PRAT_0063_P_1,ARLY_PRAT_0063,OK,,18,weights,0.0889,2026-09-11T09:38:02+00:00
ARLY_PRAT_0063_P_2,ARLY_PRAT_0063,OK,,18,weights,0.0882,2026-09-11T09:38:02+00:00
ARLY_PRAT_0063_S_1,ARLY_PRAT_0063,OK,,18,weights,0.0892,2026-09-11T09:38:02+00:00
ARLY_PRAT_0063_S_2,ARLY_PRAT_0063,OK,,18,weights,0.0885,2026-09-11T09:38:02+00:00
ARLY_PRAT_0063_S_3,ARLY_PRAT_0063,OK,,18,weights,0.0924,2026-09-11T09:38:02+00:00
ARLY_PRAT_0064_P_1,ARLY_PRAT_0064,OK,,18,weights,0.0876,2026-09-11T09:38:02+00:00
ARLY_PRAT_0064_P_2,ARLY_PRAT_0064,OK,,18,weights,0.0881,2026-09-11T09:38:02+00:00
ARLY_PRAT_0064_S_1,ARLY_PRAT_0064,OK,,18,weights,0.0897,2026-09-11T09:38:02+00:00
ARLY_PRAT_0064_S_2,ARLY_PRAT_0064,OK,,18,weights,0.0898,2026-09-11T09:38:02+00:00
ARLY_PRAT_0064_S_3,ARLY_PRAT_0064,OK,,18,weights,0.0884,2026-09-11T09:38:03+00:00
ARLY_PRAT_0065_P_1,ARLY_PRAT_0065,OK,,18,weights,0.0869,2026-09-11T09:38:03+00:00
ARLY_PRAT_0065_P_2,ARLY_PRAT_0065,OK,,18,weights,0.0905,2026-09-11T09:38:03+00:00
ARLY_PRAT_0065_S_1,ARLY_PRAT_0065,OK,,18,weights,0.0902,2026-09-11T09:38:03+00:00
ARLY_PRAT_0065_S_2,ARLY_PRAT_0065,OK,,18,weights,0.0911,2026-09-11T09:38:03+00:00
ARLY_PRAT_0065_S_3,ARLY_PRAT_0065,OK,,18,weights,0.0889,2026-09-11T09:38:03+00:00
ARLY_SORO_0001_P_1,ARLY_SORO_0001,OK,,18,weights,0.0880,2026-09-11T09:38:03+00:00
ARLY_SORO_0001_P_2,ARLY_SORO_0001,SUSPECT,only_17_of_18_expected_maxima,17,weights,0.0889,2026-09-11T09:38:03+00:00
ARLY_SORO_0001_S_1,ARLY_SORO_0001,OK,,18,weights,0.0887,2026-09-11T09:38:03+00:00
ARLY_SORO_0001_S_2,ARLY_SORO_0001,OK,,18,weights,0.0898,2026-09-11T09:38:03+00:00
ARLY_SORO_0001_S_3,ARLY_SORO_0001,OK,,18,weights,0.0882,2026-09-11T09:38:03+00:00
ARLY_SORO_0002_P_1,ARLY_SORO_0002,OK,,18,weights,0.0885,2026-09-11T09:38:04+00:00
ARLY_SORO_0002_P_2,ARLY_SORO_0002,OK,,18,weights,0.0891,2026-09-11T09:38:04+00:00
ARLY_SORO_0002_S_1,ARLY_SORO_0002,OK,,18,weights,0.0898,2026-09-11T09:38:04+00:00
ARLY_SORO_0002_S_2,ARLY_SORO_0002,OK,,18,weights,0.0890,2026-09-11T09:38:04+00:00
ARLY_SORO_0002_S_3,ARLY_SORO_0002,OK,,18,weights,0.0887,2026-09-11T09:38:04+00:00
ARLY_SORO_0003_P_1,ARLY_SORO_0003,OK,,18,weights,0.0896,2026-09-11T09:38:04+00:00
ARLY_SORO_0003_P_2,ARLY_SORO_0003,OK,,18,weights,0.0882,2026-09-11T09:38:04+00:00
ARLY_SORO_0003_S_1,ARLY_SORO_0003,OK,,18,weights,0.0902,2026-09-11T09:38:04+00:00
ARLY_SORO_0003_S_2,ARLY_SORO_0003,OK,,18,weights,0.0888,2026-09-11T09:38:04+00:00
ARLY_SORO_0003_S_3,ARLY_SORO_0003,OK,,18,weights,0.0898,2026-09-11T09:38:04+00:00
ARLY_SORO_0004_P_1,ARLY_SORO_0004,OK,,18,weights,0.0944,2026-09-11T09:38:04+00:00
ARLY_SORO_0004_P_2,ARLY_SORO_0004,OK,,18,weights,0.0941,2026-09-11T09:38:05+00:00
ARLY_SORO_0004_S_1,ARLY_SORO_0004,OK,,18,weights,0.0887,2026-09-11T09:38:05+00:00
ARLY_SORO_0004_S_2,ARLY_SORO_0004,OK,,18,weights,0.0885,2026-09-11T09:38:05+00:00
ARLY_SORO_0004_S_3,ARLY_SORO_0004,OK,,18,weights,0.0897,2026-09-11T09:38:05+00:00
ARLY_SORO_0005_P_1,ARLY_SORO_0005,OK,,18,weights,0.0918,2026-09-11T09:38:05+00:00
ARLY_SORO_0005_P_2,ARLY_SORO_0005,OK,,18,weights,0.0904,2026-09-11T09:38:05+00:00
ARLY_SORO_0005_S_1,ARLY_SORO_0005,OK,,18,weights,0.0895,2026-09-11T09:38:05+00:00
ARLY_SORO_0005_S_2,ARLY_SORO_0005,OK,,18,weights,0.0895,2026-09-11T09:38:05+00:00
ARLY_SORO_0005_S_3,ARLY_SORO_0005,OK,,18,weights,0.0905,2026-09-11T09:38:05+00:00
ARLY_SORO_0006_P_1,ARLY_SORO_0006,OK,,18,weights,0.0894,2026-09-11T09:38:05+00:00
ARLY_SORO_0006_P_2,ARLY_SORO_0006,OK,,18,weights,0.0878,2026-09-11T09:38:05+00:00
ARLY_SORO_0006_S_1,ARLY_SORO_0006,OK,,18,weights,0.0899,2026-09-11T09:38:05+00:00
ARLY_SORO_0006_S_2,ARLY_SORO_0006,OK,,18,weights,0.0904,2026-09-11T09:38:06+00:00
ARLY_SORO_0006_S_3,ARLY_SORO_0006,OK,,18,weights,0.0905,2026-09-11T09:38:06+00:00
ARLY_SORO_0007_P_1,ARLY_SORO_0007,OK,,18,weights,0.0893,2026-09-11T09:38:06+00:00
ARLY_SORO_0007_P_2,ARLY_SORO_0007,OK,,18,weights,0.0900,2026-09-11T09:38:06+00:00
ARLY_SORO_0007_S_1,ARLY_SORO_0007,OK,,18,weights,0.0916,2026-09-11T09:38:06+00:00
ARLY_SORO_0007_S_2,ARLY_SORO_0007,OK,,18,weights,0.0894,2026-09-11T09:38:06+00:00
ARLY_SORO_0007_S_3,ARLY_SORO_0007,OK,,18,weights,0.0898,2026-09-11T09:38:06+00:00
ARLY_SORO_0008_P_1,ARLY_SORO_0008,OK,,18,weights,0.0972,2026-09-11T09:38:06+00:00
ARLY_SORO_0008_P_2,ARLY_SORO_0008,OK,,18,weights,0.0892,2026-09-11T09:38:06+00:00
ARLY_SORO_0008_S_1,ARLY_SORO_0008,OK,,18,weights,0.0884,2026-09-11T09:38:06+00:00
ARLY_SORO_0008_S_2,ARLY_SORO_0008,OK,,18,weights,0.0932,2026-09-11T09:38:06+00:00
ARLY_SORO_0008_S_3,ARLY_SORO_0008,OK,,18,weights,0.0904,2026-09-11T09:38:07+00:00
ARLY_SORO_0009_P_1,ARLY_SORO_0009,OK,,18,weights,0.0870,2026-09-11T09:38:07+00:00
ARLY_SORO_0009_P_2,ARLY_SORO_0009,OK,,18,weights,0.0885,2026-09-11T09:38:07+00:00
ARLY_SORO_0009_S_1,ARLY_SORO_0009,OK,,18,weights,0.0861,2026-09-11T09:38:07+00:00
ARLY_SORO_0009_S_2,ARLY_SORO_0009,OK,,18,weights,0.0879,2026-09-11T09:38:07+00:00
ARLY_SORO_0009_S_3,ARLY_SORO_0009,OK,,18,weights,0.0897,2026-09-11T09:38:07+00:00
ARLY_SORO_0010_P_1,ARLY_SORO_0010,OK,,18,weights,0.0874,2026-09-11T09:38:07+00:00
ARLY_SORO_0010_P_2,ARLY_SORO_0010,OK,,18,weights,0.0886,2026-09-11T09:38:07+00:00
ARLY_SORO_0010_S_1,ARLY_SORO_0010,OK,,18,weights,0.0877,2026-09-11T09:38:07+00:00
ARLY_SORO_0010_S_2,ARLY_SORO_0010,OK,,18,weights,0.0893,2026-09-11T09:38:07+00:00
ARLY_SORO_0010_S_3,ARLY_SORO_0010,OK,,18,weights,0.0853,2026-09-11T09:38:07+00:00
ARLY_SORO_0011_P_1,ARLY_SORO_0011,OK,,18,weights,0.0875,2026-09-11T09:38:08+00:00
ARLY_SORO_0011_P_2,ARLY_SORO_0011,OK,,18,weights,0.0875,2026-09-11T09:38:08+00:00
ARLY_SORO_0011_S_1,ARLY_SORO_0011,OK,,18,weights,0.0899,2026-09-11T09:38:08+00:00
ARLY_SORO_0011_S_2,ARLY_SORO_0011,OK,,18,weights,0.0888,2026-09-11T09:38:08+00:00
ARLY_SORO_0011_S_3,ARLY_SORO_0011,OK,,18,weights,0.0889,2026-09-11T09:38:08+00:00
ARLY_SORO_0012_P_1,ARLY_SORO_0012,OK,,18,weights,0.0885,2026-09-11T09:38:08+00:00
ARLY_SORO_0012_P_2,ARLY_SORO_0012,OK,,18,weights,0.0885,2026-09-11T09:38:08+00:00
ARLY_SORO_0012_S_1,ARLY_SORO_0012,OK,,18,weights,0.0895,2026-09-11T09:38:08+00:00
ARLY_SORO_0012_S_2,ARLY_SORO_0012,SUSPECT,only_17_of_18_expected_maxima,17,weights,0.0886,2026-09-11T09:38:08+00:00
ARLY_SORO_0012_S_3,ARLY_SORO_0012,OK,,18,weights,0.0896,2026-09-11T09:38:08+00:00
ARLY_SORO_0013_P_1,ARLY_SORO_0013,OK,,18,weights,0.0862,2026-09-11T09:38:08+00:00
ARLY_SORO_0013_P_2,ARLY_SORO_0013,OK,,18,weights,0.0894,2026-09-11T09:38:09+00:00
ARLY_SORO_0013_S_1,ARLY_SORO_0013,OK,,18,weights,0.0884,2026-09-11T09:38:09+00:00
ARLY_SORO_0013_S_2,ARLY_SORO_0013,OK,,18,weights,0.0881,2026-09-11T09:38:09+00:00
ARLY_SORO_0013_S_3,ARLY_SORO_0013,OK,,18,weights,0.0903,2026-09-11T09:38:09+00:00
ARLY_SORO_0014_P_1,ARLY_SORO_0014,OK,,18,weights,0.1145,2026-09-11T09:38:09+00:00
ARLY_SORO_0014_P_2,ARLY_SORO_0014,OK,,18,weights,0.0938,2026-09-11T09:38:09+00:00
ARLY_SORO_0014_S_1,ARLY_SORO_0014,OK,,18,weights,0.0871,2026-09-11T09:38:09+00:00
ARLY_SORO_0014_S_2,ARLY_SORO_0014,OK,,18,weights,0.0896,2026-09-11T09:38:09+00:00
ARLY_SORO_0014_S_3,ARLY_SORO_0014,OK,,18,weights,0.0897,2026-09-11T09:38:09+00:00
ARLY_SORO_0015_P_1,ARLY_SORO_0015,OK,,18,weights,0.0892,2026-09-11T09:38:09+00:00
ARLY_SORO_0015_P_2,ARLY_SORO_0015,OK,,18,weights,0.0895,2026-09-11T09:38:09+00:00
ARLY_SORO_0015_S_1,ARLY_SORO_0015,OK,,18,weights,0.0899,2026-09-11T09:38:10+00:00
ARLY_SORO_0015_S_2,ARLY_SORO_0015,OK,,18,weights,0.0926,2026-09-11T09:38:10+00:00
ARLY_SORO_0015_S_3,ARLY_SORO_0015,OK,,18,weights,0.0898,2026-09-11T09:38:10+00:00
ARLY_SORO_0016_P_1,ARLY_SORO_0016,OK,,18,weights,0.0900,2026-09-11T09:38:10+00:00
ARLY_SORO_0016_P_2,ARLY_SORO_0016,OK,,18,weights,0.0910,2026-09-11T09:38:10+00:00
ARLY_SORO_0016_S_1,ARLY_SORO_0016,OK,,18,weights,0.0910,2026-09-11T09:38:10+00:00
ARLY_SORO_0016_S_2,ARLY_SORO_0016,OK,,18,weights,0.0908,2026-09-11T09:38:10+00:00
ARLY_SORO_0016_S_3,ARLY_SORO_0016,OK,,18,weights,0.0889,2026-09-11T09:38:10+00:00
ARLY_SORO_0017_P_1,ARLY_SORO_0017,OK,,18,weights,0.0895,2026-09-11T09:38:10+00:00
ARLY_SORO_0017_P_2,ARLY_SORO_0017,OK,,18,weights,0.0890,2026-09-11T09:38:10+00:00
ARLY_SORO_0017_S_1,ARLY_SORO_0017,OK,,18,weights,0.0900,2026-09-11T09:38:10+00:00
ARLY_SORO_0017_S_2,ARLY_SORO_0017,OK,,18,weights,0.0873,2026-09-11T09:38:11+00:00
ARLY_SORO_0017_S_3,ARLY_SORO_0017,OK,,18,weights,0.0877,2026-09-11T09:38:11+00:00
ARLY_SORO_0018_P_1,ARLY_SORO_0018,OK,,18,weights,0.0890,2026-09-11T09:38:11+00:00
ARLY_SORO_0018_P_2,ARLY_SORO_0018,OK,,18,weights,0.0904,2026-09-11T09:38:11+00:00
ARLY_SORO_0018_S_1,ARLY_SORO_0018,OK,,18,weights,0.0912,2026-09-11T09:38:11+00:00
ARLY_SORO_0018_S_2,ARLY_SORO_0018,OK,,18,weights,0.0897,2026-09-11T09:38:11+00:00
ARLY_SORO_0018_S_3,ARLY_SORO_0018,OK,,18,weights,0.0904,2026-09-11T09:38:11+00:00
ARLY_SORO_0019_P_1,ARLY_SORO_0019,OK,,18,weights,0.0899,2026-09-11T09:38:11+00:00
ARLY_SORO_0019_P_2,ARLY_SORO_0019,OK,,18,weights,0.0971,2026-09-11T09:38:11+00:00
ARLY_SORO_0019_S_1,ARLY_SORO_0019,OK,,18,weights,0.0921,2026-09-11T09:38:11+00:00
ARLY_SORO_0019_S_2,ARLY_SORO_0019,OK,,18,weights,0.0923,2026-09-11T09:38:11+00:00
ARLY_SORO_0019_S_3,ARLY_SORO_0019,OK,,18,weights,0.0944,2026-09-11T09:38:12+00:00
ARLY_SORO_0020_P_1,ARLY_SORO_0020,OK,,18,weights,0.0872,2026-09-11T09:38:12+00:00
ARLY_SORO_0020_P_2,ARLY_SORO_0020,OK,,18,weights,0.0875,2026-09-11T09:38:12+00:00
ARLY_SORO_0020_S_1,ARLY_SORO_0020,OK,,18,weights,0.0884,2026-09-11T09:38:12+00:00
ARLY_SORO_0020_S_2,ARLY_SORO_0020,OK,,18,weights,0.0887,2026-09-11T09:38:12+00:00
ARLY_SORO_0020_S_3,ARLY_SORO_0020,OK,,18,weights,0.0879,2026-09-11T09:38:12+00:00
ARLY_SORO_0021_P_1,ARLY_SORO_0021,OK,,18,weights,0.0876,2026-09-11T09:38:12+00:00
ARLY_SORO_0021_P_2,ARLY_SORO_0021,OK,,18,weights,0.0856,2026-09-11T09:38:12+00:00
ARLY_SORO_0021_S_1,ARLY_SORO_0021,OK,,18,weights,0.0879,2026-09-11T09:38:12+00:00
ARLY_SORO_0021_S_2,ARLY_SORO_0021,OK,,18,weights,0.0890,2026-09-11T09:38:12+00:00
ARLY_SORO_0021_S_3,ARLY_SORO_0021,OK,,18,weights,0.0882,2026-09-11T09:38:12+00:00
ARLY_SORO_0022_P_1,ARLY_SORO_0022,OK,,18,weights,0.0871,2026-09-11T09:38:13+00:00
ARLY_SORO_0022_P_2,ARLY_SORO_0022,OK,,18,weights,0.0861,2026-09-11T09:38:13+00:00
ARLY_SORO_0022_S_1,ARLY_SORO_0022,OK,,18,weights,0.0912,2026-09-11T09:38:13+00:00
ARLY_SORO_0022_S_2,ARLY_SORO_0022,OK,,18,weights,0.0890,2026-09-11T09:38:13+00:00
ARLY_SORO_0022_S_3,ARLY_SORO_0022,OK,,18,weights,0.0901,2026-09-11T09:38:13+00:00
ARLY_SORO_0023_P_1,ARLY_SORO_0023,OK,,18,weights,0.0866,2026-09-11T09:38:13+00:00
ARLY_SORO_0023_P_2,ARLY_SORO_0023,OK,,18,weights,0.0872,2026-09-11T09:38:13+00:00
ARLY_SORO_0023_S_1,ARLY_SORO_0023,OK,,18,weights,0.0883,2026-09-11T09:38:13+00:00
ARLY_SORO_0023_S_2,ARLY_SORO_0023,OK,,18,weights,0.0875,2026-09-11T09:38:13+00:00
ARLY_SORO_0023_S_3,ARLY_SORO_0023,OK,,18,weights,0.0868,2026-09-11T09:38:13+00:00
ARLY_SORO_0024_P_1,ARLY_SORO_0024,OK,,18,weights,0.0905,2026-09-11T09:38:13+00:00
ARLY_SORO_0024_P_2,ARLY_SORO_0024,OK,,18,weights,0.0878,2026-09-11T09:38:13+00:00
ARLY_SORO_0024_S_2,ARLY_SORO_0024,OK,,18,weights,0.0890,2026-09-11T09:38:14+00:00
ARLY_SORO_0024_S_3,ARLY_SORO_0024,OK,,18,weights,0.0881,2026-09-11T09:38:14+00:00
ARLY_SORO_0025_P_1,ARLY_SORO_0025,OK,,18,weights,0.0877,2026-09-11T09:38:14+00:00
ARLY_SORO_0025_P_2,ARLY_SORO_0025,OK,,18,weights,0.0874,2026-09-11T09:38:14+00:00
ARLY_SORO_0025_S_1,ARLY_SORO_0025,OK,,18,weights,0.0867,2026-09-11T09:38:14+00:00
ARLY_SORO_0025_S_2,ARLY_SORO_0025,OK,,18,weights,0.0896,2026-09-11T09:38:14+00:00
ARLY_SORO_0025_S_3,ARLY_SORO_0025,OK,,18,weights,0.0898,2026-09-11T09:38:14+00:00
ARLY_SORO_0026_P_1,ARLY_SORO_0026,OK,,18,weights,0.0906,2026-09-11T09:38:14+00:00
ARLY_SORO_0026_P_2,ARLY_SORO_0026,OK,,18,weights,0.0908,2026-09-11T09:38:14+00:00
ARLY_SORO_0026_S_1,ARLY_SORO_0026,OK,,18,weights,0.0902,2026-09-11T09:38:14+00:00
ARLY_SORO_0026_S_2,ARLY_SORO_0026,OK,,18,weights,0.0911,2026-09-11T09:38:14+00:00
ARLY_SORO_0026_S_3,ARLY_SORO_0026,OK,,18,weights,0.0923,2026-09-11T09:38:15+00:00
ARLY_SORO_0027_P_1,ARLY_SORO_0027,OK,,18,weights,0.0904,2026-09-11T09:38:15+00:00
ARLY_SORO_0027_P_2,ARLY_SORO_0027,OK,,18,weights,0.0908,2026-09-11T09:38:15+00:00
ARLY_SORO_0027_S_1,ARLY_SORO_0027,OK,,18,weights,0.0919,2026-09-11T09:38:15+00:00
ARLY_SORO_0027_S_2,ARLY_SORO_0027,OK,,18,weights,0.0880,2026-09-11T09:38:15+00:00
ARLY_SORO_0027_S_3,ARLY_SORO_0027,OK,,18,weights,0.0897,2026-09-11T09:38:15+00:00
ARLY_SORO_0028_P_1,ARLY_SORO_0028,OK,,18,weights,0.0901,2026-09-11T09:38:15+00:00
ARLY_SORO_0028_P_2,ARLY_SORO_0028,OK,,18,weights,0.0885,2026-09-11T09:38:15+00:00
ARLY_SORO_0028_S_1,ARLY_SORO_0028,OK,,18,weights,0.0900,2026-09-11T09:38:15+00:00
ARLY_SORO_0028_S_2,ARLY_SORO_0028,OK,,18,weights,0.0890,2026-09-11T09:38:15+00:00
ARLY_SORO_0028_S_3,ARLY_SORO_0028,OK,,18,weights,0.0911,2026-09-11T09:38:15+00:00
ARLY_SORO_0029_P_1,ARLY_SORO_0029,OK,,18,weights,0.0932,2026-09-11T09:38:16+00:00
ARLY_SORO_0029_P_2,ARLY_SORO_0029,OK,,18,weights,0.0920,2026-09-11T09:38:16+00:00
ARLY_SORO_0029_S_1,ARLY_SORO_0029,OK,,18,weights,0.0930,2026-09-11T09:38:16+00:00
ARLY_SORO_0029_S_2,ARLY_SORO_0029,OK,,18,weights,0.0882,2026-09-11T09:38:16+00:00
ARLY_SORO_0029_S_3,ARLY_SORO_0029,OK,,18,weights,0.0905,2026-09-11T09:38:16+00:00
ARLY_SORO_0030_P_1,ARLY_SORO_0030,OK,,18,weights,0.0881,2026-09-11T09:38:16+00:00
ARLY_SORO_0030_P_2,ARLY_SORO_0030,OK,,18,weights,0.0875,2026-09-11T09:38:16+00:00
ARLY_SORO_0030_S_1,ARLY_SORO_0030,OK,,18,weights,0.0892,2026-09-11T09:38:16+00:00
ARLY_SORO_0030_S_2,ARLY_SORO_0030,OK,,18,weights,0.0962,2026-09-11T09:38:16+00:00
ARLY_SORO_0030_S_3,ARLY_SORO_0030,OK,,18,weights,0.0895,2026-09-11T09:38:16+00:00
ARLY_SORO_0031_P_1,ARLY_SORO_0031,OK,,18,weights,0.0886,2026-09-11T09:38:16+00:00
ARLY_SORO_0031_P_2,ARLY_SORO_0031,OK,,18,weights,0.0904,2026-09-11T09:38:17+00:00
ARLY_SORO_0031_S_1,ARLY_SORO_0031,OK,,18,weights,0.0908,2026-09-11T09:38:17+00:00
ARLY_SORO_0031_S_2,ARLY_SORO_0031,OK,,18,weights,0.0866,2026-09-11T09:38:17+00:00
ARLY_SORO_0031_S_3,ARLY_SORO_0031,OK,,18,weights,0.0880,2026-09-11T09:38:17+00:00
ARLY_SORO_0032_P_1,ARLY_SORO_0032,OK,,18,weights,0.0872,2026-09-11T09:38:17+00:00
ARLY_SORO_0032_P_2,ARLY_SORO_0032,OK,,18,weights,0.0877,2026-09-11T09:38:17+00:00
ARLY_SORO_0032_S_1,ARLY_SORO_0032,OK,,18,weights,0.0885,2026-09-11T09:38:17+00:00
ARLY_SORO_0032_S_2,ARLY_SORO_0032,OK,,18,weights,0.0911,2026-09-11T09:38:17+00:00
ARLY_SORO_0032_S_3,ARLY_SORO_0032,OK,,18,weights,0.0889,2026-09-11T09:38:17+00:00
ARLY_SORO_0033_P_1,ARLY_SORO_0033,OK,,18,weights,0.0894,2026-09-11T09:38:17+00:00
ARLY_SORO_0033_P_2,ARLY_SORO_0033,OK,,18,weights,0.0884,2026-09-11T09:38:17+00:00
ARLY_SORO_0033_S_1,ARLY_SORO_0033,OK,,18,weights,0.0872,2026-09-11T09:38:18+00:00
ARLY_SORO_0033_S_2,ARLY_SORO_0033,OK,,18,weights,0.0883,2026-09-11T09:38:18+00:00
ARLY_SORO_0033_S_3,ARLY_SORO_0033,OK,,18,weights,0.0882,2026-09-11T09:38:18+00:00
ARLY_SORO_0034_P_1,ARLY_SORO_0034,OK,,18,weights,0.0915,2026-09-11T09:38:18+00:00
ARLY_SORO_0034_P_2,ARLY_SORO_0034,OK,,18,weights,0.0931,2026-09-11T09:38:18+00:00
ARLY_SORO_0034_S_1,ARLY_SORO_0034,OK,,18,weights,0.0880,2026-09-11T09:38:18+00:00
ARLY_SORO_0034_S_2,ARLY_SORO_0034,OK,,18,weights,0.0888,2026-09-11T09:38:18+00:00
ARLY_SORO_0034_S_3,ARLY_SORO_0034,OK,,18,weights,0.0905,2026-09-11T09:38:18+00:00
ARLY_SORO_0035_P_1,ARLY_SORO_0035,OK,,18,weights,0.0899,2026-09-11T09:38:18+00:00
ARLY_SORO_0035_P_2,ARLY_SORO_0035,OK,,18,weights,0.0917,2026-09-11T09:38:18+00:00
ARLY_SORO_0035_S_1,ARLY_SORO_0035,OK,,18,weights,0.0910,2026-09-11T09:38:18+00:00
ARLY_SORO_0035_S_2,ARLY_SORO_0035,OK,,18,weights,0.0873,2026-09-11T09:38:19+00:00
ARLY_SORO_0035_S_3,ARLY_SORO_0035,OK,,18,weights,0.0875,2026-09-11T09:38:19+00:00
ARLY_SORO_0036_P_1,ARLY_SORO_0036,OK,,18,weights,0.0879,2026-09-11T09:38:19+00:00
ARLY_SORO_0036_P_2,ARLY_SORO_0036,OK,,18,weights,0.0868,2026-09-11T09:38:19+00:00
ARLY_SORO_0036_S_1,ARLY_SORO_0036,OK,,18,weights,0.0865,2026-09-11T09:38:19+00:00
ARLY_SORO_0036_S_2,ARLY_SORO_0036,OK,,18,weights,0.0896,2026-09-11T09:38:19+00:00
ARLY_SORO_0036_S_3,ARLY_SORO_0036,OK,,18,weights,0.0874,2026-09-11T09:38:19+00:00
ARLY_SORO_0037_P_1,ARLY_SORO_0037,OK,,18,weights,0.0899,2026-09-11T09:38:19+00:00
ARLY_SORO_0037_P_2,ARLY_SORO_0037,OK,,18,weights,0.0887,2026-09-11T09:38:19+00:00
ARLY_SORO_0037_S_2,ARLY_SORO_0037,OK,,18,weights,0.0878,2026-09-11T09:38:19+00:00
ARLY_SORO_0037_S_3,ARLY_SORO_0037,OK,,18,weights,0.0890,2026-09-11T09:38:19+00:00
ARLY_SORO_0038_P_1,ARLY_SORO_0038,OK,,18,weights,0.0898,2026-09-11T09:38:19+00:00
ARLY_SORO_0038_P_2,ARLY_SORO_0038,OK,,18,weights,0.0897,2026-09-11T09:38:20+00:00
ARLY_SORO_0038_S_1,ARLY_SORO_0038,OK,,18,weights,0.0888,2026-09-11T09:38:20+00:00
ARLY_SORO_0038_S_2,ARLY_SORO_0038,OK,,18,weights,0.0888,2026-09-11T09:38:20+00:00
ARLY_SORO_0038_S_3,ARLY_SORO_0038,OK,,18,weights,0.0884,2026-09-11T09:38:20+00:00
ARLY_SORO_0039_P_1,ARLY_SORO_0039,OK,,18,weights,0.0902,2026-09-11T09:38:20+00:00
ARLY_SORO_0039_P_2,ARLY_SORO_0039,OK,,18,weights,0.0920,2026-09-11T09:38:20+00:00
ARLY_SORO_0039_S_1,ARLY_SORO_0039,OK,,18,weights,0.0897,2026-09-11T09:38:20+00:00
ARLY_SORO_0039_S_2,ARLY_SORO_0039,OK,,18,weights,0.0914,2026-09-11T09:38:20+00:00
ARLY_SORO_0039_S_3,ARLY_SORO_0039,OK,,18,weights,0.0977,2026-09-11T09:38:20+00:00
ARLY_SORO_0040_P_1,ARLY_SORO_0040,OK,,18,weights,0.1017,2026-09-11T09:38:20+00:00
ARLY_SORO_0040_P_2,ARLY_SORO_0040,OK,,18,weights,0.1046,2026-09-11T09:38:21+00:00
ARLY_SORO_0040_S_1,ARLY_SORO_0040,OK,,18,weights,0.0974,2026-09-11T09:38:21+00:00
ARLY_SORO_0040_S_2,ARLY_SORO_0040,OK,,18,weights,0.1015,2026-09-11T09:38:21+00:00
ARLY_SORO_0040_S_3,ARLY_SORO_0040,OK,,18,weights,0.1018,2026-09-11T09:38:21+00:00
ARLY_SORO_0041_P_1,ARLY_SORO_0041,OK,,18,weights,0.0992,2026-09-11T09:38:21+00:00
ARLY_SORO_0041_P_2,ARLY_SORO_0041,OK,,18,weights,0.0960,2026-09-11T09:38:21+00:00
ARLY_SORO_0041_S_1,ARLY_SORO_0041,OK,,18,weights,0.1276,2026-09-11T09:38:21+00:00
ARLY_SORO_0041_S_2,ARLY_SORO_0041,OK,,18,weights,0.1538,2026-09-11T09:38:21+00:00
ARLY_SORO_0041_S_3,ARLY_SORO_0041,OK,,18,weights,0.1030,2026-09-11T09:38:21+00:00
ARLY_SORO_0042_P_1,ARLY_SORO_0042,OK,,18,weights,0.0986,2026-09-11T09:38:22+00:00
ARLY_SORO_0042_P_2,ARLY_SORO_0042,OK,,18,weights,0.0976,2026-09-11T09:38:22+00:00
ARLY_SORO_0042_S_1,ARLY_SORO_0042,OK,,18,weights,0.0991,2026-09-11T09:38:22+00:00
ARLY_SORO_0042_S_2,ARLY_SORO_0042,OK,,18,weights,0.0997,2026-09-11T09:38:22+00:00
ARLY_SORO_0042_S_3,ARLY_SORO_0042,OK,,18,weights,0.0932,2026-09-11T09:38:22+00:00
ARLY_SORO_0043_P_1,ARLY_SORO_0043,OK,,18,weights,0.0913,2026-09-11T09:38:22+00:00
ARLY_SORO_0043_P_2,ARLY_SORO_0043,OK,,18,weights,0.0953,2026-09-11T09:38:22+00:00
ARLY_SORO_0043_S_1,ARLY_SORO_0043,OK,,18,weights,0.1031,2026-09-11T09:38:22+00:00
ARLY_SORO_0043_S_2,ARLY_SORO_0043,OK,,18,weights,0.0938,2026-09-11T09:38:22+00:00
ARLY_SORO_0043_S_3,ARLY_SORO_0043,OK,,18,weights,0.0944,2026-09-11T09:38:22+00:00
ARLY_SORO_0044_P_1,ARLY_SORO_0044,OK,,18,weights,0.0951,2026-09-11T09:38:22+00:00
ARLY_SORO_0044_P_2,ARLY_SORO_0044,OK,,18,weights,0.0953,2026-09-11T09:38:23+00:00
ARLY_SORO_0044_S_1,ARLY_SORO_0044,OK,,18,weights,0.0952,2026-09-11T09:38:23+00:00
ARLY_SORO_0044_S_2,ARLY_SORO_0044,OK,,18,weights,0.0943,2026-09-11T09:38:23+00:00
ARLY_SORO_0044_S_3,ARLY_SORO_0044,OK,,18,weights,0.0927,2026-09-11T09:38:23+00:00
ARLY_SORO_0045_P_1,ARLY_SORO_0045,OK,,18,weights,0.0924,2026-09-11T09:38:23+00:00
ARLY_SORO_0045_P_2,ARLY_SORO_0045,OK,,18,weights,0.0922,2026-09-11T09:38:23+00:00
ARLY_SORO_0045_S_1,ARLY_SORO_0045,OK,,18,weights,0.0892,2026-09-11T09:38:23+00:00
ARLY_SORO_0045_S_2,ARLY_SORO_0045,OK,,18,weights,0.0900,2026-09-11T09:38:23+00:00
ARLY_SORO_0045_S_3,ARLY_SORO_0045,OK,,18,weights,0.0925,2026-09-11T09:38:23+00:00
ARLY_SORO_0046_P_1,ARLY_SORO_0046,OK,,18,weights,0.0915,2026-09-11T09:38:23+00:00
ARLY_SORO_0046_P_2,ARLY_SORO_0046,OK,,18,weights,0.0916,2026-09-11T09:38:23+00:00
ARLY_SORO_0046_S_1,ARLY_SORO_0046,OK,,18,weights,0.0942,2026-09-11T09:38:24+00:00
ARLY_SORO_0046_S_2,ARLY_SORO_0046,OK,,18,weights,0.0925,2026-09-11T09:38:24+00:00
ARLY_SORO_0046_S_3,ARLY_SORO_0046,OK,,18,weights,0.0926,2026-09-11T09:38:24+00:00
ARLY_SORO_0047_P_1,ARLY_SORO_0047,OK,,18,weights,0.0929,2026-09-11T09:38:24+00:00
ARLY_SORO_0047_P_2,ARLY_SORO_0047,OK,,18,weights,0.0945,2026-09-11T09:38:24+00:00
ARLY_SORO_0047_S_1,ARLY_SORO_0047,OK,,18,weights,0.0977,2026-09-11T09:38:24+00:00
ARLY_SORO_0047_S_2,ARLY_SORO_0047,OK,,18,weights,0.0926,2026-09-11T09:38:24+00:00
ARLY_SORO_0047_S_3,ARLY_SORO_0047,OK,,18,weights,0.0952,2026-09-11T09:38:24+00:00
ARLY_SORO_0048_P_1,ARLY_SORO_0048,OK,,18,weights,0.0997,2026-09-11T09:38:24+00:00
ARLY_SORO_0048_P_2,ARLY_SORO_0048,OK,,18,weights,0.0991,2026-09-11T09:38:24+00:00
ARLY_SORO_0048_S_1,ARLY_SORO_0048,OK,,18,weights,0.0947,2026-09-11T09:38:25+00:00
ARLY_SORO_0048_S_2,ARLY_SORO_0048,OK,,18,weights,0.0967,2026-09-11T09:38:25+00:00
ARLY_SORO_0048_S_3,ARLY_SORO_0048,OK,,18,weights,0.0959,2026-09-11T09:38:25+00:00
ARLY_SORO_0049_P_1,ARLY_SORO_0049,OK,,18,weights,0.0942,2026-09-11T09:38:25+00:00
ARLY_SORO_0049_P_2,ARLY_SORO_0049,OK,,18,weights,0.0925,2026-09-11T09:38:25+00:00
ARLY_SORO_0049_S_1,ARLY_SORO_0049,OK,,18,weights,0.0928,2026-09-11T09:38:25+00:00
ARLY_SORO_0049_S_2,ARLY_SORO_0049,OK,,18,weights,0.0945,2026-09-11T09:38:25+00:00
ARLY_SORO_0049_S_3,ARLY_SORO_0049,OK,,18,weights,0.0932,2026-09-11T09:38:25+00:00
ARLY_SORO_0050_P_1,ARLY_SORO_0050,OK,,18,weights,0.1084,2026-09-11T09:38:25+00:00
ARLY_SORO_0050_P_2,ARLY_SORO_0050,OK,,18,weights,0.1081,2026-09-11T09:38:25+00:00
ARLY_SORO_0050_S_1,ARLY_SORO_0050,OK,,18,weights,0.1003,2026-09-11T09:38:26+00:00
ARLY_SORO_0050_S_2,ARLY_SORO_0050,OK,,18,weights,0.0950,2026-09-11T09:38:26+00:00
ARLY_SORO_0050_S_3,ARLY_SORO_0050,OK,,18,weights,0.1003,2026-09-11T09:38:26+00:00
ARLY_SORO_0051_P_1,ARLY_SORO_0051,OK,,18,weights,0.1073,2026-09-11T09:38:26+00:00
ARLY_SORO_0051_P_2,ARLY_SORO_0051,OK,,18,weights,0.0980,2026-09-11T09:38:26+00:00
ARLY_SORO_0051_S_1,ARLY_SORO_0051,OK,,18,weights,0.0940,2026-09-11T09:38:26+00:00
ARLY_SORO_0051_S_2,ARLY_SORO_0051,OK,,18,weights,0.0895,2026-09-11T09:38:26+00:00
ARLY_SORO_0051_S_3,ARLY_SORO_0051,OK,,18,weights,0.0991,2026-09-11T09:38:26+00:00
ARLY_SORO_0052_P_1,ARLY_SORO_0052,OK,,18,weights,0.1056,2026-09-11T09:38:26+00:00
ARLY_SORO_0052_P_2,ARLY_SORO_0052,OK,,18,weights,0.0945,2026-09-11T09:38:26+00:00
ARLY_SORO_0052_S_1,ARLY_SORO_0052,OK,,18,weights,0.0952,2026-09-11T09:38:26+00:00
ARLY_SORO_0052_S_2,ARLY_SORO_0052,OK,,18,weights,0.1010,2026-09-11T09:38:27+00:00
ARLY_SORO_0052_S_3,ARLY_SORO_0052,OK,,18,weights,0.0938,2026-09-11T09:38:27+00:00
ARLY_SORO_0053_P_1,ARLY_SORO_0053,OK,,18,weights,0.1128,2026-09-11T09:38:27+00:00
ARLY_SORO_0053_P_2,ARLY_SORO_0053,OK,,18,weights,0.1100,2026-09-11T09:38:27+00:00
ARLY_SORO_0053_S_1,ARLY_SORO_0053,OK,,18,weights,0.1386,2026-09-11T09:38:27+00:00
ARLY_SORO_0053_S_2,ARLY_SORO_0053,OK,,18,weights,0.1204,2026-09-11T09:38:27+00:00
ARLY_SORO_0053_S_3,ARLY_SORO_0053,OK,,18,weights,0.1007,2026-09-11T09:38:27+00:00
ARLY_SORO_0054_P_1,ARLY_SORO_0054,OK,,18,weights,0.0988,2026-09-11T09:38:27+00:00
ARLY_SORO_0054_P_2,ARLY_SORO_0054,OK,,18,weights,0.0930,2026-09-11T09:38:27+00:00
ARLY_SORO_0054_S_1,ARLY_SORO_0054,OK,,18,weights,0.0961,2026-09-11T09:38:28+00:00
ARLY_SORO_0054_S_2,ARLY_SORO_0054,OK,,18,weights,0.0970,2026-09-11T09:38:28+00:00
ARLY_SORO_0054_S_3,ARLY_SORO_0054,OK,,18,weights,0.1088,2026-09-11T09:38:28+00:00
ARLY_SORO_0055_P_1,ARLY_SORO_0055,OK,,18,weights,0.1357,2026-09-11T09:38:28+00:00
ARLY_SORO_0055_P_2,ARLY_SORO_0055,OK,,18,weights,0.1256,2026-09-11T09:38:28+00:00
ARLY_SORO_0055_S_1,ARLY_SORO_0055,OK,,18,weights,0.1024,2026-09-11T09:38:28+00:00
ARLY_SORO_0055_S_2,ARLY_SORO_0055,OK,,18,weights,0.0984,2026-09-11T09:38:28+00:00
ARLY_SORO_0055_S_3,ARLY_SORO_0055,OK,,18,weights,0.0949,2026-09-11T09:38:28+00:00
ARLY_SORO_0056_P_1,ARLY_SORO_0056,OK,,18,weights,0.0993,2026-09-11T09:38:28+00:00
ARLY_SORO_0056_P_2,ARLY_SORO_0056,OK,,18,weights,0.1005,2026-09-11T09:38:29+00:00
ARLY_SORO_0056_S_1,ARLY_SORO_0056,OK,,18,weights,0.1036,2026-09-11T09:38:29+00:00
ARLY_SORO_0056_S_2,ARLY_SORO_0056,OK,,18,weights,0.0987,2026-09-11T09:38:29+00:00
ARLY_SORO_0056_S_3,ARLY_SORO_0056,OK,,18,weights,0.1022,2026-09-11T09:38:29+00:00
ARLY_SORO_0057_P_1,ARLY_SORO_0057,OK,,18,weights,0.1001,2026-09-11T09:38:29+00:00
ARLY_SORO_0057_P_2,ARLY_SORO_0057,OK,,18,weights,0.0978,2026-09-11T09:38:29+00:00
ARLY_SORO_0057_S_1,ARLY_SORO_0057,OK,,18,weights,0.1032,2026-09-11T09:38:29+00:00
ARLY_SORO_0057_S_2,ARLY_SORO_0057,OK,,18,weights,0.0996,2026-09-11T09:38:29+00:00
ARLY_SORO_0057_S_3,ARLY_SORO_0057,OK,,18,weights,0.1000,2026-09-11T09:38:29+00:00
ARLY_SORO_0058_P_1,ARLY_SORO_0058,OK,,18,weights,0.0994,2026-09-11T09:38:29+00:00
ARLY_SORO_0058_P_2,ARLY_SORO_0058,OK,,18,weights,0.0957,2026-09-11T09:38:30+00:00
ARLY_SORO_0058_S_1,ARLY_SORO_0058,OK,,18,weights,0.0930,2026-09-11T09:38:30+00:00
ARLY_SORO_0058_S_2,ARLY_SORO_0058,OK,,18,weights,0.0963,2026-09-11T09:38:30+00:00
ARLY_SORO_0058_S_3,ARLY_SORO_0058,OK,,18,weights,0.0941,2026-09-11T09:38:30+00:00
ARLY_SORO_0059_P_1,ARLY_SORO_0059,OK,,18,weights,0.0992,2026-09-11T09:38:30+00:00
ARLY_SORO_0059_P_2,ARLY_SORO_0059,OK,,18,weights,0.0921,2026-09-11T09:38:30+00:00
ARLY_SORO_0059_S_1,ARLY_SORO_0059,OK,,18,weights,0.0948,2026-09-11T09:38:30+00:00
ARLY_SORO_0059_S_2,ARLY_SORO_0059,OK,,18,weights,0.0911,2026-09-11T09:38:30+00:00
ARLY_SORO_0059_S_3,ARLY_SORO_0059,OK,,18,weights,0.0903,2026-09-11T09:38:30+00:00
ARLY_SORO_0060_P_1,ARLY_SORO_0060,OK,,18,weights,0.0897,2026-09-11T09:38:30+00:00
ARLY_SORO_0060_P_2,ARLY_SORO_0060,OK,,18,weights,0.0945,2026-09-11T09:38:30+00:00
ARLY_SORO_0060_S_1,ARLY_SORO_0060,OK,,18,weights,0.0914,2026-09-11T09:38:31+00:00
ARLY_SORO_0060_S_2,ARLY_SORO_0060,OK,,18,weights,0.0919,2026-09-11T09:38:31+00:00
ARLY_SORO_0060_S_3,ARLY_SORO_0060,OK,,18,weights,0.0896,2026-09-11T09:38:31+00:00
ARLY_SORO_0061_P_1,ARLY_SORO_0061,OK,,18,weights,0.0909,2026-09-11T09:38:31+00:00
ARLY_SORO_0061_P_2,ARLY_SORO_0061,OK,,18,weights,0.0897,2026-09-11T09:38:31+00:00
ARLY_SORO_0061_S_1,ARLY_SORO_0061,OK,,18,weights,0.0914,2026-09-11T09:38:31+00:00
ARLY_SORO_0061_S_2,ARLY_SORO_0061,OK,,18,weights,0.0902,2026-09-11T09:38:31+00:00
ARLY_SORO_0061_S_3,ARLY_SORO_0061,OK,,18,weights,0.0905,2026-09-11T09:38:31+00:00
ARLY_SORO_0062_P_1,ARLY_SORO_0062,OK,,18,weights,0.0889,2026-09-11T09:38:31+00:00
ARLY_SORO_0062_P_2,ARLY_SORO_0062,OK,,18,weights,0.0897,2026-09-11T09:38:31+00:00
ARLY_SORO_0062_S_1,ARLY_SORO_0062,OK,,18,weights,0.0891,2026-09-11T09:38:31+00:00
ARLY_SORO_0062_S_2,ARLY_SORO_0062,OK,,18,weights,0.0887,2026-09-11T09:38:32+00:00
ARLY_SORO_0062_S_3,ARLY_SORO_0062,OK,,18,weights,0.0886,2026-09-11T09:38:32+00:00
ARLY_SORO_0063_P_1,ARLY_SORO_0063,OK,,18,weights,0.0908,2026-09-11T09:38:32+00:00
ARLY_SORO_0063_P_2,ARLY_SORO_0063,OK,,18,weights,0.0909,2026-09-11T09:38:32+00:00
ARLY_SORO_0063_S_1,ARLY_SORO_0063,OK,,18,weights,0.0889,2026-09-11T09:38:32+00:00
ARLY_SORO_0063_S_2,ARLY_SORO_0063,OK,,18,weights,0.0914,2026-09-11T09:38:32+00:00
ARLY_SORO_0063_S_3,ARLY_SORO_0063,OK,,18,weights,0.0910,2026-09-11T09:38:32+00:00
ARLY_SORO_0064_P_1,ARLY_SORO_0064,OK,,18,weights,0.0907,2026-09-11T09:38:32+00:00
ARLY_SORO_0064_P_2,ARLY_SORO_0064,OK,,18,weights,0.0898,2026-09-11T09:38:32+00:00
ARLY_SORO_0064_S_1,ARLY_SORO_0064,OK,,18,weights,0.0903,2026-09-11T09:38:32+00:00
ARLY_SORO_0064_S_2,ARLY_SORO_0064,OK,,18,weights,0.0895,2026-09-11T09:38:32+00:00
ARLY_SORO_0064_S_3,ARLY_SORO_0064,OK,,18,weights,0.0895,2026-09-11T09:38:33+00:00
ARLY_SORO_0065_P_1,ARLY_SORO_0065,OK,,18,weights,0.0889,2026-09-11T09:38:33+00:00
ARLY_SORO_0065_P_2,ARLY_SORO_0065,OK,,18,weights,0.0889,2026-09-11T09:38:33+00:00
ARLY_SORO_0065_S_1,ARLY_SORO_0065,OK,,18,weights,0.0883,2026-09-11T09:38:33+00:00
ARLY_SORO_0065_S_2,ARLY_SORO_0065,OK,,18,weights,0.0888,2026-09-11T09:38:33+00:00
ARLY_SORO_0065_S_3,ARLY_SORO_0065,OK,,18,weights,0.0909,2026-09-11T09:38:33+00:00
ARLY_SORO_0066_P_1,ARLY_SORO_0066,OK,,18,weights,0.0876,2026-09-11T09:38:33+00:00
ARLY_SORO_0066_P_2,ARLY_SORO_0066,OK,,18,weights,0.0908,2026-09-11T09:38:33+00:00
ARLY_SORO_0066_S_1,ARLY_SORO_0066,OK,,18,weights,0.0888,2026-09-11T09:38:33+00:00
ARLY_SORO_0066_S_2,ARLY_SORO_0066,OK,,18,weights,0.0870,2026-09-11T09:38:33+00:00
ARLY_SORO_0066_S_3,ARLY_SORO_0066,OK,,18,weights,0.0900,2026-09-11T09:38:33+00:00
ARLY_SORO_0067_P_1,ARLY_SORO_0067,OK,,18,weights,0.0886,2026-09-11T09:38:34+00:00
ARLY_SORO_0067_P_2,ARLY_SORO_0067,OK,,18,weights,0.0865,2026-09-11T09:38:34+00:00
ARLY_SORO_0067_S_1,ARLY_SORO_0067,OK,,18,weights,0.0874,2026-09-11T09:38:34+00:00
ARLY_SORO_0067_S_2,ARLY_SORO_0067,OK,,18,weights,0.0883,2026-09-11T09:38:34+00:00
ARLY_SORO_0067_S_3,ARLY_SORO_0067,OK,,18,weights,0.0883,2026-09-11T09:38:34+00:00
ARLY_SORO_0068_P_1,ARLY_SORO_0068,OK,,18,weights,0.0901,2026-09-11T09:38:34+00:00
ARLY_SORO_0068_P_2,ARLY_SORO_0068,OK,,18,weights,0.0891,2026-09-11T09:38:34+00:00
ARLY_SORO_0068_S_1,ARLY_SORO_0068,OK,,18,weights,0.0885,2026-09-11T09:38:34+00:00
ARLY_SORO_0068_S_2,ARLY_SORO_0068,OK,,18,weights,0.0882,2026-09-11T09:38:34+00:00
ARLY_SORO_0068_S_3,ARLY_SORO_0068,OK,,18,weights,0.0891,2026-09-11T09:38:34+00:00
ARLY_SORO_0069_P_1,ARLY_SORO_0069,OK,,18,weights,0.0895,2026-09-11T09:38:34+00:00
ARLY_SORO_0069_P_2,ARLY_SORO_0069,OK,,18,weights,0.0905,2026-09-11T09:38:35+00:00
ARLY_SORO_0069_S_1,ARLY_SORO_0069,OK,,18,weights,0.0885,2026-09-11T09:38:35+00:00
ARLY_SORO_0069_S_2,ARLY_SORO_0069,OK,,18,weights,0.0878,2026-09-11T09:38:35+00:00
ARLY_SORO_0069_S_3,ARLY_SORO_0069,OK,,18,weights,0.0896,2026-09-11T09:38:35+00:00
ARLY_SORO_0070_P_1,ARLY_SORO_0070,OK,,18,weights,0.0898,2026-09-11T09:38:35+00:00
ARLY_SORO_0070_P_2,ARLY_SORO_0070,OK,,18,weights,0.0909,2026-09-11T09:38:35+00:00
ARLY_SORO_0070_S_1,ARLY_SORO_0070,OK,,18,weights,0.0902,2026-09-11T09:38:35+00:00
ARLY_SORO_0070_S_2,ARLY_SORO_0070,OK,,18,weights,0.0916,2026-09-11T09:38:35+00:00
ARLY_SORO_0071_P_1,ARLY_SORO_0071,OK,,18,weights,0.0929,2026-09-11T09:38:35+00:00
ARLY_SORO_0071_P_2,ARLY_SORO_0071,OK,,18,weights,0.0962,2026-09-11T09:38:35+00:00
ARLY_SORO_0071_S_1,ARLY_SORO_0071,OK,,18,weights,0.0960,2026-09-11T09:38:35+00:00
ARLY_SORO_0071_S_2,ARLY_SORO_0071,OK,,18,weights,0.0966,2026-09-11T09:38:36+00:00
ARLY_SORO_0071_S_3,ARLY_SORO_0071,OK,,18,weights,0.0942,2026-09-11T09:38:36+00:00
ARLY_SORO_0072_P_1,ARLY_SORO_0072,OK,,18,weights,0.0902,2026-09-11T09:38:36+00:00
ARLY_SORO_0072_P_2,ARLY_SORO_0072,OK,,18,weights,0.0917,2026-09-11T09:38:36+00:00
ARLY_SORO_0072_S_1,ARLY_SORO_0072,OK,,18,weights,0.0953,2026-09-11T09:38:36+00:00
ARLY_SORO_0072_S_2,ARLY_SORO_0072,OK,,18,weights,0.0982,2026-09-11T09:38:36+00:00
ARLY_SORO_0072_S_3,ARLY_SORO_0072,OK,,18,weights,0.0929,2026-09-11T09:38:36+00:00
ARLY_SORO_0073_P_1,ARLY_SORO_0073,SUSPECT,only_17_of_18_expected_maxima,17,weights,0.0959,2026-09-11T09:38:36+00:00
ARLY_SORO_0073_P_2,ARLY_SORO_0073,SUSPECT,only_16_of_18_expected_maxima,16,weights,0.0957,2026-09-11T09:38:36+00:00
ARLY_SORO_0073_S_1,ARLY_SORO_0073,SUSPECT,only_17_of_18_expected_maxima,17,weights,0.1087,2026-09-11T09:38:36+00:00
ARLY_SORO_0073_S_2,ARLY_SORO_0073,SUSPECT,only_16_of_18_expected_maxima,16,weights,0.1185,2026-09-11T09:38:37+00:00
ARLY_SORO_0073_S_3,ARLY_SORO_0073,SUSPECT,only_16_of_18_expected_maxima,16,weights,0.0997,2026-09-11T09:38:37+00:00
ARLY_SORO_0074_P_1,ARLY_SORO_0074,OK,,18,weights,0.0962,2026-09-11T09:38:37+00:00
ARLY_SORO_0074_P_2,ARLY_SORO_0074,OK,,18,weights,0.0941,2026-09-11T09:38:37+00:00
ARLY_SORO_0074_S_1,ARLY_SORO_0074,OK,,18,weights,0.0967,2026-09-11T09:38:37+00:00
ARLY_SORO_0074_S_2,ARLY_SORO_0074,OK,,18,weights,0.1061,2026-09-11T09:38:37+00:00
ARLY_SORO_0074_S_3,ARLY_SORO_0074,OK,,18,weights,0.1057,2026-09-11T09:38:37+00:00
ARLY_SORO_0075_P_1,ARLY_SORO_0075,OK,,18,weights,0.0970,2026-09-11T09:38:37+00:00
ARLY_SORO_0075_P_2,ARLY_SORO_0075,OK,,18,weights,0.1010,2026-09-11T09:38:37+00:00
ARLY_SORO_0075_S_2,ARLY_SORO_0075,OK,,18,weights,0.0988,2026-09-11T09:38:37+00:00
ARLY_SORO_0075_S_3,ARLY_SORO_0075,OK,,18,weights,0.0978,2026-09-11T09:38:38+00:00
ARLY_SORO_0076_P_1,ARLY_SORO_0076,OK,,18,weights,0.0976,2026-09-11T09:38:38+00:00
ARLY_SORO_0076_P_2,ARLY_SORO_0076,OK,,18,weights,0.0930,2026-09-11T09:38:38+00:00
ARLY_SORO_0076_S_1,ARLY_SORO_0076,OK,,18,weights,0.0952,2026-09-11T09:38:38+00:00
ARLY_SORO_0076_S_2,ARLY_SORO_0076,OK,,18,weights,0.0953,2026-09-11T09:38:38+00:00
ARLY_SORO_0076_S_3,ARLY_SORO_0076,OK,,18,weights,0.0973,2026-09-11T09:38:38+00:00
ARLY_SORO_0077_P_1,ARLY_SORO_0077,OK,,18,weights,0.0906,2026-09-11T09:38:38+00:00
ARLY_SORO_0077_P_2,ARLY_SORO_0077,OK,,18,weights,0.0912,2026-09-11T09:38:38+00:00
ARLY_SORO_0077_S_1,ARLY_SORO_0077,OK,,18,weights,0.0959,2026-09-11T09:38:38+00:00
ARLY_SORO_0077_S_2,ARLY_SORO_0077,OK,,18,weights,0.0964,2026-09-11T09:38:38+00:00
ARLY_SORO_0077_S_3,ARLY_SORO_0077,OK,,18,weights,0.0916,2026-09-11T09:38:38+00:00
ARLY_SORO_0078_P_1,ARLY_SORO_0078,OK,,18,weights,0.0921,2026-09-11T09:38:39+00:00
ARLY_SORO_0078_P_2,ARLY_SORO_0078,OK,,18,weights,0.0928,2026-09-11T09:38:39+00:00
ARLY_SORO_0078_S_1,ARLY_SORO_0078,OK,,18,weights,0.0915,2026-09-11T09:38:39+00:00
ARLY_SORO_0078_S_2,ARLY_SORO_0078,OK,,18,weights,0.0922,2026-09-11T09:38:39+00:00
ARLY_SORO_0078_S_3,ARLY_SORO_0078,OK,,18,weights,0.0899,2026-09-11T09:38:39+00:00
ARLY_SORO_0079_P_1,ARLY_SORO_0079,OK,,18,weights,0.0920,2026-09-11T09:38:39+00:00
ARLY_SORO_0079_P_2,ARLY_SORO_0079,OK,,18,weights,0.0920,2026-09-11T09:38:39+00:00
ARLY_SORO_0079_S_1,ARLY_SORO_0079,OK,,18,weights,0.0904,2026-09-11T09:38:39+00:00
ARLY_SORO_0079_S_2,ARLY_SORO_0079,OK,,18,weights,0.0918,2026-09-11T09:38:39+00:00
ARLY_SORO_0079_S_3,ARLY_SORO_0079,OK,,18,weights,0.0934,2026-09-11T09:38:39+00:00
ARLY_SORO_0080_P_1,ARLY_SORO_0080,OK,,18,weights,0.0927,2026-09-11T09:38:39+00:00
ARLY_SORO_0080_P_2,ARLY_SORO_0080,OK,,18,weights,0.0900,2026-09-11T09:38:40+00:00
ARLY_SORO_0080_S_1,ARLY_SORO_0080,OK,,18,weights,0.0936,2026-09-11T09:38:40+00:00
ARLY_SORO_0080_S_2,ARLY_SORO_0080,OK,,18,weights,0.0922,2026-09-11T09:38:40+00:00
ARLY_SORO_0080_S_3,ARLY_SORO_0080,OK,,18,weights,0.0915,2026-09-11T09:38:40+00:00
ARLY_SORO_0081_P_1,ARLY_SORO_0081,OK,,18,weights,0.0914,2026-09-11T09:38:40+00:00
ARLY_SORO_0081_P_2,ARLY_SORO_0081,OK,,18,weights,0.0903,2026-09-11T09:38:40+00:00
ARLY_SORO_0081_S_1,ARLY_SORO_0081,OK,,18,weights,0.0912,2026-09-11T09:38:40+00:00
ARLY_SORO_0081_S_2,ARLY_SORO_0081,OK,,18,weights,0.0917,2026-09-11T09:38:40+00:00
ARLY_SORO_0081_S_3,ARLY_SORO_0081,OK,,18,weights,0.0915,2026-09-11T09:38:40+00:00
ARLY_SORO_0082_P_1,ARLY_SORO_0082,OK,,18,weights,0.0915,2026-09-11T09:38:40+00:00
ARLY_SORO_0082_P_2,ARLY_SORO_0082,OK,,18,weights,0.0918,2026-09-11T09:38:40+00:00
ARLY_SORO_0082_S_2,ARLY_SORO_0082,OK,,18,weights,0.0917,2026-09-11T09:38:41+00:00
ARLY_SORO_0083_P_1,ARLY_SORO_0083,OK,,18,weights,0.0921,2026-09-11T09:38:41+00:00
ARLY_SORO_0083_P_2,ARLY_SORO_0083,OK,,18,weights,0.0929,2026-09-11T09:38:41+00:00
ARLY_SORO_0083_S_1,ARLY_SORO_0083,OK,,18,weights,0.0896,2026-09-11T09:38:41+00:00
ARLY_SORO_0083_S_2,ARLY_SORO_0083,OK,,18,weights,0.0913,2026-09-11T09:38:41+00:00
ARLY_SORO_0083_S_3,ARLY_SORO_0083,OK,,18,weights,0.0914,2026-09-11T09:38:41+00:00
ARLY_SORO_0084_P_1,ARLY_SORO_0084,OK,,18,weights,0.0923,2026-09-11T09:38:41+00:00
ARLY_SORO_0084_P_2,ARLY_SORO_0084,OK,,18,weights,0.0917,2026-09-11T09:38:41+00:00
ARLY_SORO_0084_S_1,ARLY_SORO_0084,OK,,18,weights,0.0927,2026-09-11T09:38:41+00:00
ARLY_SORO_0084_S_2,ARLY_SORO_0084,OK,,18,weights,0.0904,2026-09-11T09:38:41+00:00
ARLY_SORO_0084_S_3,ARLY_SORO_0084,OK,,18,weights,0.0904,2026-09-11T09:38:42+00:00
ARLY_SORO_0085_P_1,ARLY_SORO_0085,OK,,18,weights,0.0922,2026-09-11T09:38:42+00:00
ARLY_SORO_0085_P_2,ARLY_SORO_0085,OK,,18,weights,0.0924,2026-09-11T09:38:42+00:00
ARLY_SORO_0085_S_1,ARLY_SORO_0085,OK,,18,weights,0.0907,2026-09-11T09:38:42+00:00
ARLY_SORO_0085_S_2,ARLY_SORO_0085,OK,,18,weights,0.0901,2026-09-11T09:38:42+00:00
ARLY_SORO_0085_S_3,ARLY_SORO_0085,OK,,18,weights,0.0918,2026-09-11T09:38:42+00:00
ARLY_SORO_0086_P_1,ARLY_SORO_0086,OK,,18,weights,0.0909,2026-09-11T09:38:42+00:00
ARLY_SORO_0086_P_2,ARLY_SORO_0086,OK,,18,weights,0.0927,2026-09-11T09:38:42+00:00
ARLY_SORO_0086_S_1,ARLY_SORO_0086,OK,,18,weights,0.0905,2026-09-11T09:38:42+00:00
ARLY_SORO_0086_S_2,ARLY_SORO_0086,OK,,18,weights,0.0930,2026-09-11T09:38:42+00:00
ARLY_SORO_0086_S_3,ARLY_SORO_0086,OK,,18,weights,0.0911,2026-09-11T09:38:42+00:00
ARLY_SORO_0087_P_1,ARLY_SORO_0087,OK,,18,weights,0.0934,2026-09-11T09:38:43+00:00
ARLY_SORO_0087_P_2,ARLY_SORO_0087,OK,,18,weights,0.0964,2026-09-11T09:38:43+00:00
ARLY_SORO_0087_S_1,ARLY_SORO_0087,OK,,18,weights,0.0915,2026-09-11T09:38:43+00:00
ARLY_SORO_0087_S_2,ARLY_SORO_0087,OK,,18,weights,0.0976,2026-09-11T09:38:43+00:00
ARLY_SORO_0087_S_3,ARLY_SORO_0087,OK,,18,weights,0.1018,2026-09-11T09:38:43+00:00
ARLY_SORO_0088_P_1,ARLY_SORO_0088,OK,,18,weights,0.1000,2026-09-11T09:38:43+00:00
ARLY_SORO_0088_P_2,ARLY_SORO_0088,OK,,18,weights,0.0998,2026-09-11T09:38:43+00:00
ARLY_SORO_0088_S_1,ARLY_SORO_0088,OK,,18,weights,0.0970,2026-09-11T09:38:43+00:00
ARLY_SORO_0088_S_2,ARLY_SORO_0088,OK,,18,weights,0.0966,2026-09-11T09:38:43+00:00
ARLY_SORO_0088_S_3,ARLY_SORO_0088,OK,,18,weights,0.0935,2026-09-11T09:38:43+00:00
ARLY_SORO_0089_P_1,ARLY_SORO_0089,OK,,18,weights,0.0911,2026-09-11T09:38:44+00:00
ARLY_SORO_0089_P_2,ARLY_SORO_0089,OK,,18,weights,0.0890,2026-09-11T09:38:44+00:00
ARLY_SORO_0089_S_1,ARLY_SORO_0089,OK,,18,weights,0.0963,2026-09-11T09:38:44+00:00
ARLY_SORO_0089_S_2,ARLY_SORO_0089,OK,,18,weights,0.1049,2026-09-11T09:38:44+00:00
ARLY_SORO_0089_S_3,ARLY_SORO_0089,OK,,18,weights,0.0957,2026-09-11T09:38:44+00:00
ARLY_SORO_0090_P_1,ARLY_SORO_0090,OK,,18,weights,0.0941,2026-09-11T09:38:44+00:00
ARLY_SORO_0090_P_2,ARLY_SORO_0090,OK,,18,weights,0.0915,2026-09-11T09:38:44+00:00
ARLY_SORO_0090_S_1,ARLY_SORO_0090,OK,,18,weights,0.0915,2026-09-11T09:38:44+00:00
ARLY_SORO_0090_S_2,ARLY_SORO_0090,OK,,18,weights,0.0901,2026-09-11T09:38:44+00:00
ARLY_SORO_0090_S_3,ARLY_SORO_0090,OK,,18,weights,0.0894,2026-09-11T09:38:44+00:00
ARLY_SORO_0091_P_1,ARLY_SORO_0091,OK,,18,weights,0.0920,2026-09-11T09:38:44+00:00
ARLY_SORO_0091_P_2,ARLY_SORO_0091,OK,,18,weights,0.0885,2026-09-11T09:38:45+00:00
ARLY_SORO_0091_S_1,ARLY_SORO_0091,OK,,18,weights,0.0906,2026-09-11T09:38:45+00:00
ARLY_SORO_0091_S_2,ARLY_SORO_0091,OK,,18,weights,0.0907,2026-09-11T09:38:45+00:00
ARLY_SORO_0091_S_3,ARLY_SORO_0091,OK,,18,weights,0.0916,2026-09-11T09:38:45+00:00
ARLY_SORO_0092_P_1,ARLY_SORO_0092,OK,,18,weights,0.0916,2026-09-11T09:38:45+00:00
ARLY_SORO_0092_P_2,ARLY_SORO_0092,OK,,18,weights,0.0917,2026-09-11T09:38:45+00:00
ARLY_SORO_0092_S_1,ARLY_SORO_0092,OK,,18,weights,0.0908,2026-09-11T09:38:45+00:00
ARLY_SORO_0092_S_2,ARLY_SORO_0092,OK,,18,weights,0.0919,2026-09-11T09:38:45+00:00
ARLY_SORO_0092_S_3,ARLY_SORO_0092,OK,,18,weights,0.0909,2026-09-11T09:38:45+00:00
ARLY_SORO_0093_P_1,ARLY_SORO_0093,OK,,18,weights,0.0905,2026-09-11T09:38:45+00:00
ARLY_SORO_0093_P_2,ARLY_SORO_0093,OK,,18,weights,0.0898,2026-09-11T09:38:45+00:00
ARLY_SORO_0093_S_1,ARLY_SORO_0093,OK,,18,weights,0.0898,2026-09-11T09:38:46+00:00
ARLY_SORO_0093_S_2,ARLY_SORO_0093,OK,,18,weights,0.0898,2026-09-11T09:38:46+00:00
ARLY_SORO_0094_P_1,ARLY_SORO_0094,OK,,18,weights,0.0901,2026-09-11T09:38:46+00:00
ARLY_SORO_0094_P_2,ARLY_SORO_0094,OK,,18,weights,0.0891,2026-09-11T09:38:46+00:00
ARLY_SORO_0094_S_1,ARLY_SORO_0094,OK,,18,weights,0.0926,2026-09-11T09:38:46+00:00
ARLY_SORO_0094_S_2,ARLY_SORO_0094,OK,,18,weights,0.0906,2026-09-11T09:38:46+00:00
ARLY_SORO_0095_P_1,ARLY_SORO_0095,OK,,18,weights,0.0917,2026-09-11T09:38:46+00:00
ARLY_SORO_0095_P_2,ARLY_SORO_0095,OK,,18,weights,0.0928,2026-09-11T09:38:46+00:00
ARLY_SORO_0095_S_1,ARLY_SORO_0095,OK,,18,weights,0.0910,2026-09-11T09:38:46+00:00
ARLY_SORO_0095_S_2,ARLY_SORO_0095,OK,,18,weights,0.0901,2026-09-11T09:38:46+00:00
ARLY_SORO_0095_S_3,ARLY_SORO_0095,OK,,18,weights,0.0904,2026-09-11T09:38:46+00:00
ARLY_SORO_0096_P_1,ARLY_SORO_0096,OK,,18,weights,0.0896,2026-09-11T09:38:47+00:00
ARLY_SORO_0096_P_2,ARLY_SORO_0096,OK,,18,weights,0.0893,2026-09-11T09:38:47+00:00
ARLY_SORO_0096_S_1,ARLY_SORO_0096,OK,,18,weights,0.0945,2026-09-11T09:38:47+00:00
ARLY_SORO_0096_S_2,ARLY_SORO_0096,OK,,18,weights,0.0909,2026-09-11T09:38:47+00:00
ARLY_SORO_0096_S_3,ARLY_SORO_0096,OK,,18,weights,0.0933,2026-09-11T09:38:47+00:00
ARLY_SORO_0097_P_1,ARLY_SORO_0097,OK,,18,weights,0.0905,2026-09-11T09:38:47+00:00
ARLY_SORO_0097_P_2,ARLY_SORO_0097,OK,,18,weights,0.0908,2026-09-11T09:38:47+00:00
ARLY_SORO_0097_S_1,ARLY_SORO_0097,OK,,18,weights,0.0921,2026-09-11T09:38:47+00:00
ARLY_SORO_0097_S_2,ARLY_SORO_0097,OK,,18,weights,0.0922,2026-09-11T09:38:47+00:00
ARLY_SORO_0097_S_3,ARLY_SORO_0097,OK,,18,weights,0.0906,2026-09-11T09:38:47+00:00
ARLY_SORO_0099_P_1,ARLY_SORO_0099,OK,,18,weights,0.0900,2026-09-11T09:38:47+00:00
ARLY_SORO_0099_P_2,ARLY_SORO_0099,OK,,18,weights,0.0900,2026-09-11T09:38:48+00:00
ARLY_SORO_0099_S_1,ARLY_SORO_0099,OK,,18,weights,0.0897,2026-09-11T09:38:48+00:00
ARLY_SORO_0099_S_2,ARLY_SORO_0099,OK,,18,weights,0.0908,2026-09-11T09:38:48+00:00
ARLY_SORO_0099_S_3,ARLY_SORO_0099,OK,,18,weights,0.0911,2026-09-11T09:38:48+00:00
ARLY_SORO_0100_P_1,ARLY_SORO_0100,OK,,18,weights,0.0919,2026-09-11T09:38:48+00:00
ARLY_SORO_0100_P_2,ARLY_SORO_0100,OK,,18,weights,0.0904,2026-09-11T09:38:48+00:00
ARLY_SORO_0100_S_1,ARLY_SORO_0100,OK,,18,weights,0.0917,2026-09-11T09:38:48+00:00
ARLY_SORO_0100_S_2,ARLY_SORO_0100,OK,,18,weights,0.0910,2026-09-11T09:38:48+00:00
ARLY_SORO_0100_S_3,ARLY_SORO_0100,OK,,18,weights,0.0900,2026-09-11T09:38:48+00:00
ARLY_SORO_0101_P_1,ARLY_SORO_0101,OK,,18,weights,0.0910,2026-09-11T09:38:48+00:00
ARLY_SORO_0101_P_2,ARLY_SORO_0101,OK,,18,weights,0.0893,2026-09-11T09:38:48+00:00
ARLY_SORO_0101_S_1,ARLY_SORO_0101,OK,,18,weights,0.0898,2026-09-11T09:38:49+00:00
ARLY_SORO_0101_S_2,ARLY_SORO_0101,OK,,18,weights,0.0914,2026-09-11T09:38:49+00:00
ARLY_SORO_0101_S_3,ARLY_SORO_0101,OK,,18,weights,0.0896,2026-09-11T09:38:49+00:00
ARLY_SORO_0102_P_1,ARLY_SORO_0102,OK,,18,weights,0.0896,2026-09-11T09:38:49+00:00
ARLY_SORO_0102_P_2,ARLY_SORO_0102,OK,,18,weights,0.0897,2026-09-11T09:38:49+00:00
ARLY_SORO_0102_S_1,ARLY_SORO_0102,OK,,18,weights,0.0904,2026-09-11T09:38:49+00:00
ARLY_SORO_0102_S_2,ARLY_SORO_0102,OK,,18,weights,0.0903,2026-09-11T09:38:49+00:00
ARLY_SORO_0102_S_3,ARLY_SORO_0102,OK,,18,weights,0.0900,2026-09-11T09:38:49+00:00
ARLY_SORO_0103_P_1,ARLY_SORO_0103,OK,,18,weights,0.0894,2026-09-11T09:38:49+00:00
ARLY_SORO_0103_P_2,ARLY_SORO_0103,OK,,18,weights,0.0900,2026-09-11T09:38:49+00:00
ARLY_SORO_0103_S_1,ARLY_SORO_0103,OK,,18,weights,0.0911,2026-09-11T09:38:49+00:00
ARLY_SORO_0103_S_2,ARLY_SORO_0103,OK,,18,weights,0.0910,2026-09-11T09:38:50+00:00
ARLY_SORO_0103_S_3,ARLY_SORO_0103,OK,,18,weights,0.0896,2026-09-11T09:38:50+00:00
ARLY_SORO_0104_P_1,ARLY_SORO_0104,OK,,18,weights,0.0877,2026-09-11T09:38:50+00:00
ARLY_SORO_0104_P_2,ARLY_SORO_0104,OK,,18,weights,0.0906,2026-09-11T09:38:50+00:00
ARLY_SORO_0104_S_1,ARLY_SORO_0104,OK,,18,weights,0.0895,2026-09-11T09:38:50+00:00
ARLY_SORO_0104_S_2,ARLY_SORO_0104,OK,,18,weights,0.0903,2026-09-11T09:38:50+00:00
ARLY_SORO_0104_S_3,ARLY_SORO_0104,OK,,18,weights,0.0894,2026-09-11T09:38:50+00:00
ARLY_SORO_0105_P_1,ARLY_SORO_0105,OK,,18,weights,0.0912,2026-09-11T09:38:50+00:00
ARLY_SORO_0105_P_2,ARLY_SORO_0105,OK,,18,weights,0.0914,2026-09-11T09:38:50+00:00
ARLY_SORO_0105_S_1,ARLY_SORO_0105,OK,,18,weights,0.0904,2026-09-11T09:38:50+00:00
ARLY_SORO_0105_S_2,ARLY_SORO_0105,OK,,18,weights,0.0909,2026-09-11T09:38:50+00:00
ARLY_SORO_0105_S_3,ARLY_SORO_0105,OK,,18,weights,0.0950,2026-09-11T09:38:51+00:00
ARLY_SORO_0106_P_1,ARLY_SORO_0106,OK,,18,weights,0.0945,2026-09-11T09:38:51+00:00
ARLY_SORO_0106_P_2,ARLY_SORO_0106,OK,,18,weights,0.0902,2026-09-11T09:38:51+00:00
ARLY_SORO_0106_S_1,ARLY_SORO_0106,OK,,18,weights,0.0892,2026-09-11T09:38:51+00:00
ARLY_SORO_0106_S_2,ARLY_SORO_0106,OK,,18,weights,0.1029,2026-09-11T09:38:51+00:00
ARLY_SORO_0106_S_3,ARLY_SORO_0106,OK,,18,weights,0.1027,2026-09-11T09:38:51+00:00
ARLY_SORO_0107_P_1,ARLY_SORO_0107,OK,,18,weights,0.0969,2026-09-11T09:38:51+00:00
ARLY_SORO_0107_P_2,ARLY_SORO_0107,OK,,18,weights,0.0999,2026-09-11T09:38:51+00:00
ARLY_SORO_0107_S_1,ARLY_SORO_0107,OK,,18,weights,0.0994,2026-09-11T09:38:51+00:00
ARLY_SORO_0107_S_2,ARLY_SORO_0107,OK,,18,weights,0.1000,2026-09-11T09:38:51+00:00
ARLY_SORO_0107_S_3,ARLY_SORO_0107,OK,,18,weights,0.0998,2026-09-11T09:38:52+00:00
ARLY_SORO_0108_P_1,ARLY_SORO_0108,OK,,18,weights,0.0977,2026-09-11T09:38:52+00:00
ARLY_SORO_0108_P_2,ARLY_SORO_0108,OK,,18,weights,0.0953,2026-09-11T09:38:52+00:00
ARLY_SORO_0108_S_1,ARLY_SORO_0108,OK,,18,weights,0.0965,2026-09-11T09:38:52+00:00
ARLY_SORO_0108_S_2,ARLY_SORO_0108,OK,,18,weights,0.0977,2026-09-11T09:38:52+00:00
ARLY_SORO_0108_S_3,ARLY_SORO_0108,OK,,18,weights,0.0970,2026-09-11T09:38:52+00:00
ARLY_SORO_0109_P_1,ARLY_SORO_0109,OK,,18,weights,0.0961,2026-09-11T09:38:52+00:00
ARLY_SORO_0109_P_2,ARLY_SORO_0109,OK,,18,weights,0.0970,2026-09-11T09:38:52+00:00
ARLY_SORO_0109_S_1,ARLY_SORO_0109,OK,,18,weights,0.0937,2026-09-11T09:38:52+00:00
ARLY_SORO_0109_S_2,ARLY_SORO_0109,OK,,18,weights,0.0918,2026-09-11T09:38:52+00:00
ARLY_SORO_0109_S_3,ARLY_SORO_0109,OK,,18,weights,0.0890,2026-09-11T09:38:52+00:00
ARLY_SORO_0110_P_1,ARLY_SORO_0110,OK,,18,weights,0.0930,2026-09-11T09:38:53+00:00
ARLY_SORO_0110_P_2,ARLY_SORO_0110,OK,,18,weights,0.0902,2026-09-11T09:38:53+00:00
ARLY_SORO_0110_S_1,ARLY_SORO_0110,OK,,18,weights,0.0904,2026-09-11T09:38:53+00:00
ARLY_SORO_0110_S_2,ARLY_SORO_0110,OK,,18,weights,0.0917,2026-09-11T09:38:53+00:00
ARLY_SORO_0110_S_3,ARLY_SORO_0110,OK,,18,weights,0.0907,2026-09-11T09:38:53+00:00
ARLY_SORO_0111_P_1,ARLY_SORO_0111,OK,,18,weights,0.1018,2026-09-11T09:38:53+00:00
ARLY_SORO_0111_P_2,ARLY_SORO_0111,OK,,18,weights,0.0945,2026-09-11T09:38:53+00:00
ARLY_SORO_0111_S_1,ARLY_SORO_0111,OK,,18,weights,0.1002,2026-09-11T09:38:53+00:00
ARLY_SORO_0111_S_2,ARLY_SORO_0111,OK,,18,weights,0.0951,2026-09-11T09:38:53+00:00
ARLY_SORO_0111_S_3,ARLY_SORO_0111,OK,,18,weights,0.0976,2026-09-11T09:38:53+00:00
ARLY_SORO_0112_P_1,ARLY_SORO_0112,OK,,18,weights,0.0963,2026-09-11T09:38:54+00:00
ARLY_SORO_0112_P_2,ARLY_SORO_0112,OK,,18,weights,0.0938,2026-09-11T09:38:54+00:00
ARLY_SORO_0112_S_1,ARLY_SORO_0112,OK,,18,weights,0.0961,2026-09-11T09:38:54+00:00
ARLY_SORO_0112_S_2,ARLY_SORO_0112,OK,,18,weights,0.0952,2026-09-11T09:38:54+00:00
ARLY_SORO_0112_S_3,ARLY_SORO_0112,OK,,18,weights,0.0912,2026-09-11T09:38:54+00:00
ARLY_SORO_0113_P_1,ARLY_SORO_0113,OK,,18,weights,0.0933,2026-09-11T09:38:54+00:00
ARLY_SORO_0113_P_2,ARLY_SORO_0113,OK,,18,weights,0.0927,2026-09-11T09:38:54+00:00
ARLY_SORO_0113_S_1,ARLY_SORO_0113,OK,,18,weights,0.0964,2026-09-11T09:38:54+00:00
ARLY_SORO_0113_S_2,ARLY_SORO_0113,OK,,18,weights,0.1100,2026-09-11T09:38:54+00:00
ARLY_SORO_0113_S_3,ARLY_SORO_0113,OK,,18,weights,0.0991,2026-09-11T09:38:54+00:00
ARLY_SORO_0114_P_1,ARLY_SORO_0114,OK,,18,weights,0.0907,2026-09-11T09:38:54+00:00
ARLY_SORO_0114_P_2,ARLY_SORO_0114,OK,,18,weights,0.1010,2026-09-11T09:38:55+00:00
ARLY_SORO_0114_S_1,ARLY_SORO_0114,OK,,18,weights,0.1003,2026-09-11T09:38:55+00:00
ARLY_SORO_0114_S_2,ARLY_SORO_0114,OK,,18,weights,0.1039,2026-09-11T09:38:55+00:00
ARLY_SORO_0114_S_3,ARLY_SORO_0114,OK,,18,weights,0.1011,2026-09-11T09:38:55+00:00
ARLY_SORO_0116_P_1,ARLY_SORO_0116,OK,,18,weights,0.0950,2026-09-11T09:38:55+00:00
ARLY_SORO_0116_P_2,ARLY_SORO_0116,OK,,18,weights,0.0934,2026-09-11T09:38:55+00:00
ARLY_SORO_0116_S_1,ARLY_SORO_0116,OK,,18,weights,0.0922,2026-09-11T09:38:55+00:00
ARLY_SORO_0116_S_2,ARLY_SORO_0116,OK,,18,weights,0.0919,2026-09-11T09:38:55+00:00
ARLY_SORO_0116_S_3,ARLY_SORO_0116,OK,,18,weights,0.0908,2026-09-11T09:38:55+00:00
ARLY_SORO_0117_P_1,ARLY_SORO_0117,OK,,18,weights,0.0928,2026-09-11T09:38:55+00:00
ARLY_SORO_0117_P_2,ARLY_SORO_0117,OK,,18,weights,0.0958,2026-09-11T09:38:56+00:00
ARLY_SORO_0117_S_1,ARLY_SORO_0117,OK,,18,weights,0.1300,2026-09-11T09:38:56+00:00
ARLY_SORO_0117_S_2,ARLY_SORO_0117,OK,,18,weights,0.1212,2026-09-11T09:38:56+00:00
ARLY_SORO_0117_S_3,ARLY_SORO_0117,OK,,18,weights,0.1139,2026-09-11T09:38:56+00:00
ARLY_SORO_0118_P_1,ARLY_SORO_0118,OK,,18,weights,0.1687,2026-09-11T09:38:56+00:00
ARLY_SORO_0118_P_2,ARLY_SORO_0118,OK,,18,weights,0.1229,2026-09-11T09:38:56+00:00
ARLY_SORO_0118_S_1,ARLY_SORO_0118,OK,,18,weights,0.1168,2026-09-11T09:38:56+00:00
ARLY_SORO_0118_S_2,ARLY_SORO_0118,OK,,18,weights,0.0988,2026-09-11T09:38:56+00:00
ARLY_SORO_0118_S_3,ARLY_SORO_0118,OK,,18,weights,0.1009,2026-09-11T09:38:57+00:00
ARLY_SORO_0119_P_1,ARLY_SORO_0119,OK,,18,weights,0.1198,2026-09-11T09:38:57+00:00
ARLY_SORO_0119_P_2,ARLY_SORO_0119,OK,,18,weights,0.1083,2026-09-11T09:38:57+00:00
ARLY_SORO_0119_S_1,ARLY_SORO_0119,OK,,18,weights,0.1134,2026-09-11T09:38:57+00:00
ARLY_SORO_0119_S_2,ARLY_SORO_0119,OK,,18,weights,0.1292,2026-09-11T09:38:57+00:00
ARLY_SORO_0119_S_3,ARLY_SORO_0119,OK,,18,weights,0.1301,2026-09-11T09:38:57+00:00
ARLY_SORO_0120_P_1,ARLY_SORO_0120,OK,,18,weights,0.1157,2026-09-11T09:38:57+00:00
ARLY_SORO_0120_P_2,ARLY_SORO_0120,OK,,18,weights,0.1082,2026-09-11T09:38:57+00:00
ARLY_SORO_0120_S_1,ARLY_SORO_0120,OK,,18,weights,0.0978,2026-09-11T09:38:57+00:00
ARLY_SORO_0120_S_2,ARLY_SORO_0120,OK,,18,weights,0.0976,2026-09-11T09:38:58+00:00
ARLY_SORO_0120_S_3,ARLY_SORO_0120,OK,,18,weights,0.0959,2026-09-11T09:38:58+00:00
ARLY_SORO_0121_P_1,ARLY_SORO_0121,OK,,18,weights,0.0925,2026-09-11T09:38:58+00:00
ARLY_SORO_0121_P_2,ARLY_SORO_0121,OK,,18,weights,0.1183,2026-09-11T09:38:58+00:00
ARLY_SORO_0121_S_1,ARLY_SORO_0121,OK,,18,weights,0.1030,2026-09-11T09:38:58+00:00
ARLY_SORO_0121_S_2,ARLY_SORO_0121,OK,,18,weights,0.0973,2026-09-11T09:38:58+00:00
ARLY_SORO_0121_S_3,ARLY_SORO_0121,OK,,18,weights,0.0966,2026-09-11T09:38:58+00:00
ARLY_SORO_0122_P_1,ARLY_SORO_0122,OK,,18,weights,0.0955,2026-09-11T09:38:58+00:00
ARLY_SORO_0122_P_2,ARLY_SORO_0122,OK,,18,weights,0.0959,2026-09-11T09:38:58+00:00
ARLY_SORO_0122_S_1,ARLY_SORO_0122,OK,,18,weights,0.0967,2026-09-11T09:38:58+00:00
ARLY_SORO_0122_S_2,ARLY_SORO_0122,OK,,18,weights,0.0968,2026-09-11T09:38:59+00:00
ARLY_SORO_0122_S_3,ARLY_SORO_0122,OK,,18,weights,0.0959,2026-09-11T09:38:59+00:00
ARLY_SORO_0123_P_1,ARLY_SORO_0123,OK,,18,weights,0.0952,2026-09-11T09:38:59+00:00
ARLY_SORO_0123_P_2,ARLY_SORO_0123,OK,,18,weights,0.0964,2026-09-11T09:38:59+00:00
ARLY_SORO_0123_S_1,ARLY_SORO_0123,OK,,18,weights,0.0942,2026-09-11T09:38:59+00:00
ARLY_SORO_0123_S_2,ARLY_SORO_0123,OK,,18,weights,0.0982,2026-09-11T09:38:59+00:00
ARLY_SORO_0123_S_3,ARLY_SORO_0123,OK,,18,weights,0.0963,2026-09-11T09:38:59+00:00
ARLY_SORO_0124_P_1,ARLY_SORO_0124,OK,,18,weights,0.0960,2026-09-11T09:38:59+00:00
ARLY_SORO_0124_P_2,ARLY_SORO_0124,OK,,18,weights,0.0959,2026-09-11T09:38:59+00:00
ARLY_SORO_0124_S_1,ARLY_SORO_0124,OK,,18,weights,0.0997,2026-09-11T09:38:59+00:00
ARLY_SORO_0124_S_2,ARLY_SORO_0124,OK,,18,weights,0.0960,2026-09-11T09:39:00+00:00
ARLY_SORO_0124_S_3,ARLY_SORO_0124,OK,,18,weights,0.0973,2026-09-11T09:39:00+00:00
ARLY_SORO_0125_P_1,ARLY_SORO_0125,OK,,18,weights,0.0965,2026-09-11T09:39:00+00:00
ARLY_SORO_0125_P_2,ARLY_SORO_0125,OK,,18,weights,0.0933,2026-09-11T09:39:00+00:00
ARLY_SORO_0125_S_1,ARLY_SORO_0125,OK,,18,weights,0.0952,2026-09-11T09:39:00+00:00
ARLY_SORO_0125_S_2,ARLY_SORO_0125,OK,,18,weights,0.1019,2026-09-11T09:39:00+00:00
ARLY_SORO_0125_S_3,ARLY_SORO_0125,OK,,18,weights,0.0949,2026-09-11T09:39:00+00:00
ARLY_SORO_0126_P_1,ARLY_SORO_0126,OK,,18,weights,0.0918,2026-09-11T09:39:00+00:00
ARLY_SORO_0126_P_2,ARLY_SORO_0126,OK,,18,weights,0.0912,2026-09-11T09:39:00+00:00
ARLY_SORO_0126_S_1,ARLY_SORO_0126,OK,,18,weights,0.0907,2026-09-11T09:39:00+00:00
ARLY_SORO_0126_S_2,ARLY_SORO_0126,OK,,18,weights,0.0886,2026-09-11T09:39:00+00:00
ARLY_SORO_0126_S_3,ARLY_SORO_0126,OK,,18,weights,0.0903,2026-09-11T09:39:01+00:00
ARLY_SORO_0127_P_1,ARLY_SORO_0127,OK,,18,weights,0.0905,2026-09-11T09:39:01+00:00
ARLY_SORO_0127_P_2,ARLY_SORO_0127,OK,,18,weights,0.0901,2026-09-11T09:39:01+00:00
ARLY_SORO_0127_S_1,ARLY_SORO_0127,OK,,18,weights,0.0905,2026-09-11T09:39:01+00:00
ARLY_SORO_0127_S_2,ARLY_SORO_0127,OK,,18,weights,0.0900,2026-09-11T09:39:01+00:00
ARLY_SORO_0127_S_3,ARLY_SORO_0127,OK,,18,weights,0.0932,2026-09-11T09:39:01+00:00
ARLY_SORO_0128_P_1,ARLY_SORO_0128,OK,,18,weights,0.0908,2026-09-11T09:39:01+00:00
ARLY_SORO_0128_P_2,ARLY_SORO_0128,OK,,18,weights,0.0900,2026-09-11T09:39:01+00:00
ARLY_SORO_0128_S_1,ARLY_SORO_0128,OK,,18,weights,0.0906,2026-09-11T09:39:01+00:00
ARLY_SORO_0128_S_2,ARLY_SORO_0128,OK,,18,weights,0.0911,2026-09-11T09:39:01+00:00
ARLY_SORO_0128_S_3,ARLY_SORO_0128,OK,,18,weights,0.0903,2026-09-11T09:39:01+00:00
ARLY_SORO_0129_P_1,ARLY_SORO_0129,OK,,18,weights,0.0885,2026-09-11T09:39:02+00:00
ARLY_SORO_0129_P_2,ARLY_SORO_0129,OK,,18,weights,0.0894,2026-09-11T09:39:02+00:00
ARLY_SORO_0129_S_1,ARLY_SORO_0129,OK,,18,weights,0.0908,2026-09-11T09:39:02+00:00
ARLY_SORO_0129_S_2,ARLY_SORO_0129,OK,,18,weights,0.0881,2026-09-11T09:39:02+00:00
ARLY_SORO_0129_S_3,ARLY_SORO_0129,OK,,18,weights,0.0890,2026-09-11T09:39:02+00:00
ARLY_SORO_0130_P_1,ARLY_SORO_0130,OK,,18,weights,0.0899,2026-09-11T09:39:02+00:00
ARLY_SORO_0130_P_2,ARLY_SORO_0130,OK,,18,weights,0.0895,2026-09-11T09:39:02+00:00
ARLY_SORO_0130_S_1,ARLY_SORO_0130,OK,,18,weights,0.0896,2026-09-11T09:39:02+00:00
ARLY_SORO_0130_S_2,ARLY_SORO_0130,OK,,18,weights,0.0894,2026-09-11T09:39:02+00:00
ARLY_SORO_0130_S_3,ARLY_SORO_0130,OK,,18,weights,0.0896,2026-09-11T09:39:02+00:00
ARLY_SORO_0131_P_1,ARLY_SORO_0131,OK,,18,weights,0.0891,2026-09-11T09:39:02+00:00
ARLY_SORO_0131_P_2,ARLY_SORO_0131,OK,,18,weights,0.0885,2026-09-11T09:39:03+00:00
ARLY_SORO_0131_S_1,ARLY_SORO_0131,OK,,18,weights,0.0894,2026-09-11T09:39:03+00:00
ARLY_SORO_0131_S_2,ARLY_SORO_0131,OK,,18,weights,0.0896,2026-09-11T09:39:03+00:00
ARLY_SORO_0131_S_3,ARLY_SORO_0131,OK,,18,weights,0.0883,2026-09-11T09:39:03+00:00
ARLY_SORO_0132_P_1,ARLY_SORO_0132,OK,,18,weights,0.0892,2026-09-11T09:39:03+00:00
ARLY_SORO_0132_P_2,ARLY_SORO_0132,OK,,18,weights,0.0896,2026-09-11T09:39:03+00:00
ARLY_SORO_0132_S_1,ARLY_SORO_0132,OK,,18,weights,0.0893,2026-09-11T09:39:03+00:00
ARLY_SORO_0132_S_2,ARLY_SORO_0132,OK,,18,weights,0.0913,2026-09-11T09:39:03+00:00
ARLY_SORO_0132_S_3,ARLY_SORO_0132,OK,,18,weights,0.0900,2026-09-11T09:39:03+00:00
ARLY_SORO_0133_P_1,ARLY_SORO_0133,OK,,18,weights,0.0891,2026-09-11T09:39:03+00:00
ARLY_SORO_0133_P_2,ARLY_SORO_0133,OK,,18,weights,0.0888,2026-09-11T09:39:03+00:00
ARLY_SORO_0133_S_1,ARLY_SORO_0133,OK,,18,weights,0.0880,2026-09-11T09:39:04+00:00
ARLY_SORO_0133_S_2,ARLY_SORO_0133,OK,,18,weights,0.0899,2026-09-11T09:39:04+00:00
ARLY_SORO_0133_S_3,ARLY_SORO_0133,OK,,18,weights,0.0892,2026-09-11T09:39:04+00:00
ARLY_SORO_0134_P_1,ARLY_SORO_0134,OK,,18,weights,0.0908,2026-09-11T09:39:04+00:00
ARLY_SORO_0134_P_2,ARLY_SORO_0134,OK,,18,weights,0.0901,2026-09-11T09:39:04+00:00
ARLY_SORO_0134_S_1,ARLY_SORO_0134,OK,,18,weights,0.0902,2026-09-11T09:39:04+00:00
ARLY_SORO_0134_S_2,ARLY_SORO_0134,OK,,18,weights,0.0889,2026-09-11T09:39:04+00:00
ARLY_SORO_0134_S_3,ARLY_SORO_0134,OK,,18,weights,0.0901,2026-09-11T09:39:04+00:00
ARLY_SORO_0135_P_1,ARLY_SORO_0135,OK,,18,weights,0.0896,2026-09-11T09:39:04+00:00
ARLY_SORO_0135_P_2,ARLY_SORO_0135,OK,,18,weights,0.0908,2026-09-11T09:39:04+00:00
ARLY_SORO_0135_S_1,ARLY_SORO_0135,OK,,18,weights,0.0897,2026-09-11T09:39:04+00:00
ARLY_SORO_0135_S_2,ARLY_SORO_0135,OK,,18,weights,0.0891,2026-09-11T09:39:05+00:00
ARLY_SORO_0135_S_3,ARLY_SORO_0135,OK,,18,weights,0.0900,2026-09-11T09:39:05+00:00
ARLY_SORO_0136_P_1,ARLY_SORO_0136,OK,,18,weights,0.0891,2026-09-11T09:39:05+00:00
ARLY_SORO_0136_P_2,ARLY_SORO_0136,OK,,18,weights,0.0895,2026-09-11T09:39:05+00:00
ARLY_SORO_0136_S_1,ARLY_SORO_0136,OK,,18,weights,0.0892,2026-09-11T09:39:05+00:00
ARLY_SORO_0136_S_2,ARLY_SORO_0136,OK,,18,weights,0.0899,2026-09-11T09:39:05+00:00
ARLY_SORO_0136_S_3,ARLY_SORO_0136,OK,,18,weights,0.0888,2026-09-11T09:39:05+00:00
ARLY_SORO_0137_P_1,ARLY_SORO_0137,OK,,18,weights,0.0903,2026-09-11T09:39:05+00:00
ARLY_SORO_0137_P_2,ARLY_SORO_0137,OK,,18,weights,0.0899,2026-09-11T09:39:05+00:00
ARLY_SORO_0137_S_1,ARLY_SORO_0137,OK,,18,weights,0.0878,2026-09-11T09:39:05+00:00
ARLY_SORO_0137_S_2,ARLY_SORO_0137,OK,,18,weights,0.0904,2026-09-11T09:39:05+00:00
ARLY_SORO_0137_S_3,ARLY_SORO_0137,OK,,18,weights,0.0909,2026-09-11T09:39:06+00:00
ARLY_SORO_0139_P_1,ARLY_SORO_0139,OK,,18,weights,0.0880,2026-09-11T09:39:06+00:00
ARLY_SORO_0139_P_2,ARLY_SORO_0139,OK,,18,weights,0.0892,2026-09-11T09:39:06+00:00
ARLY_SORO_0139_S_1,ARLY_SORO_0139,OK,,18,weights,0.0891,2026-09-11T09:39:06+00:00
ARLY_SORO_0139_S_2,ARLY_SORO_0139,OK,,18,weights,0.0905,2026-09-11T09:39:06+00:00
ARLY_SORO_0139_S_3,ARLY_SORO_0139,OK,,18,weights,0.0919,2026-09-11T09:39:06+00:00
ARLY_SORO_0140_P_1,ARLY_SORO_0140,OK,,18,weights,0.0916,2026-09-11T09:39:06+00:00
ARLY_SORO_0140_P_2,ARLY_SORO_0140,OK,,18,weights,0.0896,2026-09-11T09:39:06+00:00
ARLY_SORO_0140_S_1,ARLY_SORO_0140,OK,,18,weights,0.0907,2026-09-11T09:39:06+00:00
ARLY_SORO_0140_S_3,ARLY_SORO_0140,OK,,18,weights,0.0911,2026-09-11T09:39:06+00:00
ARLY_SORO_0141_P_1,ARLY_SORO_0141,OK,,18,weights,0.0890,2026-09-11T09:39:06+00:00
ARLY_SORO_0141_P_2,ARLY_SORO_0141,OK,,18,weights,0.0882,2026-09-11T09:39:07+00:00
ARLY_SORO_0141_S_1,ARLY_SORO_0141,OK,,18,weights,0.0894,2026-09-11T09:39:07+00:00
ARLY_SORO_0141_S_2,ARLY_SORO_0141,OK,,18,weights,0.0884,2026-09-11T09:39:07+00:00
ARLY_SORO_0141_S_3,ARLY_SORO_0141,OK,,18,weights,0.0873,2026-09-11T09:39:07+00:00
ARLY_SORO_0142_P_1,ARLY_SORO_0142,OK,,18,weights,0.0869,2026-09-11T09:39:07+00:00
ARLY_SORO_0142_P_2,ARLY_SORO_0142,OK,,18,weights,0.0875,2026-09-11T09:39:07+00:00
ARLY_SORO_0142_S_1,ARLY_SORO_0142,OK,,18,weights,0.0876,2026-09-11T09:39:07+00:00
ARLY_SORO_0142_S_2,ARLY_SORO_0142,OK,,18,weights,0.0896,2026-09-11T09:39:07+00:00
ARLY_SORO_0142_S_3,ARLY_SORO_0142,OK,,18,weights,0.0882,2026-09-11T09:39:07+00:00
ARLY_SORO_0143_P_1,ARLY_SORO_0143,OK,,18,weights,0.0887,2026-09-11T09:39:07+00:00
ARLY_SORO_0143_P_2,ARLY_SORO_0143,OK,,18,weights,0.0875,2026-09-11T09:39:07+00:00
ARLY_SORO_0143_S_1,ARLY_SORO_0143,OK,,18,weights,0.0904,2026-09-11T09:39:08+00:00
ARLY_SORO_0143_S_3,ARLY_SORO_0143,OK,,18,weights,0.0917,2026-09-11T09:39:08+00:00
ARLY_SORO_0144_P_1,ARLY_SORO_0144,OK,,18,weights,0.0901,2026-09-11T09:39:08+00:00
ARLY_SORO_0144_P_2,ARLY_SORO_0144,OK,,18,weights,0.1047,2026-09-11T09:39:08+00:00
ARLY_SORO_0144_S_1,ARLY_SORO_0144,OK,,18,weights,0.0975,2026-09-11T09:39:08+00:00
ARLY_SORO_0144_S_2,ARLY_SORO_0144,OK,,18,weights,0.0926,2026-09-11T09:39:08+00:00
ARLY_SORO_0144_S_3,ARLY_SORO_0144,OK,,18,weights,0.0892,2026-09-11T09:39:08+00:00
ARLY_SORO_0145_P_1,ARLY_SORO_0145,OK,,18,weights,0.0897,2026-09-11T09:39:08+00:00
ARLY_SORO_0145_P_2,ARLY_SORO_0145,OK,,18,weights,0.0895,2026-09-11T09:39:08+00:00
ARLY_SORO_0145_S_1,ARLY_SORO_0145,OK,,18,weights,0.0865,2026-09-11T09:39:08+00:00
ARLY_SORO_0145_S_2,ARLY_SORO_0145,OK,,18,weights,0.0889,2026-09-11T09:39:08+00:00
ARLY_SORO_0145_S_3,ARLY_SORO_0145,OK,,18,weights,0.0890,2026-09-11T09:39:09+00:00
ARLY_SORO_0146_P_1,ARLY_SORO_0146,OK,,18,weights,0.0869,2026-09-11T09:39:09+00:00
ARLY_SORO_0146_P_2,ARLY_SORO_0146,OK,,18,weights,0.0883,2026-09-11T09:39:09+00:00
ARLY_SORO_0146_S_1,ARLY_SORO_0146,OK,,18,weights,0.0888,2026-09-11T09:39:09+00:00
ARLY_SORO_0146_S_2,ARLY_SORO_0146,OK,,18,weights,0.0891,2026-09-11T09:39:09+00:00
ARLY_SORO_0146_S_3,ARLY_SORO_0146,OK,,18,weights,0.0883,2026-09-11T09:39:09+00:00
ARLY_SORO_0147_P_1,ARLY_SORO_0147,OK,,18,weights,0.0897,2026-09-11T09:39:09+00:00
ARLY_SORO_0147_P_2,ARLY_SORO_0147,OK,,18,weights,0.0909,2026-09-11T09:39:09+00:00
ARLY_SORO_0147_S_2,ARLY_SORO_0147,OK,,18,weights,0.0907,2026-09-11T09:39:09+00:00
ARLY_SORO_0147_S_3,ARLY_SORO_0147,OK,,18,weights,0.0906,2026-09-11T09:39:09+00:00
ARLY_SORO_0148_P_1,ARLY_SORO_0148,OK,,18,weights,0.0914,2026-09-11T09:39:09+00:00
ARLY_SORO_0148_P_2,ARLY_SORO_0148,OK,,18,weights,0.0902,2026-09-11T09:39:09+00:00
ARLY_SORO_0148_S_1,ARLY_SORO_0148,OK,,18,weights,0.0925,2026-09-11T09:39:10+00:00
ARLY_SORO_0148_S_2,ARLY_SORO_0148,OK,,18,weights,0.0926,2026-09-11T09:39:10+00:00
ARLY_SORO_0148_S_3,ARLY_SORO_0148,OK,,18,weights,0.0906,2026-09-11T09:39:10+00:00
ARLY_SORO_0149_P_1,ARLY_SORO_0149,OK,,18,weights,0.0910,2026-09-11T09:39:10+00:00
ARLY_SORO_0149_P_2,ARLY_SORO_0149,OK,,18,weights,0.0905,2026-09-11T09:39:10+00:00
ARLY_SORO_0149_S_1,ARLY_SORO_0149,OK,,18,weights,0.0900,2026-09-11T09:39:10+00:00
ARLY_SORO_0149_S_2,ARLY_SORO_0149,OK,,18,weights,0.0885,2026-09-11T09:39:10+00:00
ARLY_SORO_0149_S_3,ARLY_SORO_0149,OK,,18,weights,0.0902,2026-09-11T09:39:10+00:00
ARLY_SORO_0150_P_1,ARLY_SORO_0150,OK,,18,weights,0.0908,2026-09-11T09:39:10+00:00
ARLY_SORO_0150_P_2,ARLY_SORO_0150,OK,,18,weights,0.0904,2026-09-11T09:39:10+00:00
ARLY_SORO_0150_S_1,ARLY_SORO_0150,OK,,18,weights,0.0904,2026-09-11T09:39:11+00:00
ARLY_SORO_0150_S_2,ARLY_SORO_0150,OK,,18,weights,0.0930,2026-09-11T09:39:11+00:00
ARLY_SORO_0150_S_3,ARLY_SORO_0150,OK,,18,weights,0.0921,2026-09-11T09:39:11+00:00
ARLY_SORO_0151_P_1,ARLY_SORO_0151,OK,,18,weights,0.0888,2026-09-11T09:39:11+00:00
ARLY_SORO_0151_P_2,ARLY_SORO_0151,OK,,18,weights,0.0897,2026-09-11T09:39:11+00:00
ARLY_SORO_0151_S_1,ARLY_SORO_0151,OK,,18,weights,0.0887,2026-09-11T09:39:11+00:00
ARLY_SORO_0151_S_2,ARLY_SORO_0151,OK,,18,weights,0.0891,2026-09-11T09:39:11+00:00
ARLY_SORO_0151_S_3,ARLY_SORO_0151,OK,,18,weights,0.0895,2026-09-11T09:39:11+00:00
ARLY_SORO_0152_P_1,ARLY_SORO_0152,OK,,18,weights,0.0894,2026-09-11T09:39:11+00:00
ARLY_SORO_0152_P_2,ARLY_SORO_0152,OK,,18,weights,0.0899,2026-09-11T09:39:11+00:00
ARLY_SORO_0152_S_1,ARLY_SORO_0152,OK,,18,weights,0.0900,2026-09-11T09:39:11+00:00
ARLY_SORO_0152_S_2,ARLY_SORO_0152,OK,,18,weights,0.0897,2026-09-11T09:39:12+00:00
ARLY_SORO_0152_S_3,ARLY_SORO_0152,SUSPECT,only_14_of_18_expected_maxima,14,weights,0.0892,2026-09-11T09:39:12+00:00
ARLY_SORO_0153_P_1,ARLY_SORO_0153,OK,,18,weights,0.0886,2026-09-11T09:39:12+00:00
ARLY_SORO_0153_P_2,ARLY_SORO_0153,OK,,18,weights,0.0889,2026-09-11T09:39:12+00:00
ARLY_SORO_0153_S_1,ARLY_SORO_0153,OK,,18,weights,0.0891,2026-09-11T09:39:12+00:00
ARLY_SORO_0153_S_2,ARLY_SORO_0153,OK,,18,weights,0.0909,2026-09-11T09:39:12+00:00
ARLY_SORO_0153_S_3,ARLY_SORO_0153,OK,,18,weights,0.0888,2026-09-11T09:39:12+00:00
ARTHRO_0001_P_1,ARTHRO_0001,OK,,18,weights,0.0900,2026-09-11T09:39:12+00:00
ARTHRO_0001_P_2,ARTHRO_0001,OK,,18,weights,0.0893,2026-09-11T09:39:12+00:00
ARTHRO_0001_S_1,ARTHRO_0001,OK,,18,weights,0.0887,2026-09-11T09:39:12+00:00
ARTHRO_0001_S_2,ARTHRO_0001,OK,,18,weights,0.0883,2026-09-11T09:39:12+00:00
ARTHRO_0001_S_3,ARTHRO_0001,OK,,18,weights,0.0913,2026-09-11T09:39:12+00:00
ARTHRO_0002_P_1,ARTHRO_0002,OK,,18,weights,0.0890,2026-09-11T09:39:13+00:00
ARTHRO_0002_P_2,ARTHRO_0002,OK,,18,weights,0.0890,2026-09-11T09:39:13+00:00
ARTHRO_0002_S_1,ARTHRO_0002,OK,,18,weights,0.0885,2026-09-11T09:39:13+00:00
ARTHRO_0002_S_2,ARTHRO_0002,OK,,18,weights,0.0899,2026-09-11T09:39:13+00:00
ARTHRO_0002_S_3,ARTHRO_0002,OK,,18,weights,0.0894,2026-09-11T09:39:13+00:00
ARTHRO_0003_P_1,ARTHRO_0003,OK,,18,weights,0.0894,2026-09-11T09:39:13+00:00
ARTHRO_0003_P_2,ARTHRO_0003,OK,,18,weights,0.0899,2026-09-11T09:39:13+00:00
ARTHRO_0003_S_1,ARTHRO_0003,OK,,18,weights,0.0915,2026-09-11T09:39:13+00:00
ARTHRO_0003_S_2,ARTHRO_0003,OK,,18,weights,0.0900,2026-09-11T09:39:13+00:00
ARTHRO_0003_S_3,ARTHRO_0003,OK,,18,weights,0.0919,2026-09-11T09:39:13+00:00
ARTHRO_0004_P_1,ARTHRO_0004,OK,,18,weights,0.0896,2026-09-11T09:39:13+00:00
ARTHRO_0004_P_2,ARTHRO_0004,OK,,18,weights,0.0894,2026-09-11T09:39:14+00:00
ARTHRO_0004_S_1,ARTHRO_0004,OK,,18,weights,0.0906,2026-09-11T09:39:14+00:00
ARTHRO_0004_S_2,ARTHRO_0004,OK,,18,weights,0.0908,2026-09-11T09:39:14+00:00
ARTHRO_0004_S_3,ARTHRO_0004,OK,,18,weights,0.0891,2026-09-11T09:39:14+00:00
BRUGEROLLES_0002_P_1,BRUGEROLLES_0002,OK,,18,weights,0.0908,2026-09-11T09:39:14+00:00
BRUGEROLLES_0002_P_2,BRUGEROLLES_0002,OK,,18,weights,0.0896,2026-09-11T09:39:14+00:00
BRUGEROLLES_0002_S_1,BRUGEROLLES_0002,OK,,18,weights,0.0882,2026-09-11T09:39:14+00:00
BRUGEROLLES_0002_S_2,BRUGEROLLES_0002,OK,,18,weights,0.0887,2026-09-11T09:39:14+00:00
BRUGEROLLES_0002_S_3,BRUGEROLLES_0002,OK,,18,weights,0.0899,2026-09-11T09:39:14+00:00
BRUGEROLLES_0003_P_1,BRUGEROLLES_0003,OK,,18,weights,0.0905,2026-09-11T09:39:14+00:00
BRUGEROLLES_0003_P_2,BRUGEROLLES_0003,OK,,18,weights,0.0908,2026-09-11T09:39:15+00:00
BRUGEROLLES_0003_S_1,BRUGEROLLES_0003,OK,,18,weights,0.0896,2026-09-11T09:39:15+00:00
BRUGEROLLES_0003_S_2,BRUGEROLLES_0003,OK,,18,weights,0.0888,2026-09-11T09:39:15+00:00
BRUGEROLLES_0003_S_3,BRUGEROLLES_0003,OK,,18,weights,0.0896,2026-09-11T09:39:15+00:00
BRUGEROLLES_0004_P_1,BRUGEROLLES_0004,OK,,18,weights,0.0883,2026-09-11T09:39:15+00:00
BRUGEROLLES_0004_P_2,BRUGEROLLES_0004,OK,,18,weights,0.0919,2026-09-11T09:39:15+00:00
BRUGEROLLES_0004_S_1,BRUGEROLLES_0004,OK,,18,weights,0.0871,2026-09-11T09:39:15+00:00
BRUGEROLLES_0004_S_2,BRUGEROLLES_0004,OK,,18,weights,0.0884,2026-09-11T09:39:15+00:00
BRUGEROLLES_0004_S_3,BRUGEROLLES_0004,OK,,18,weights,0.0904,2026-09-11T09:39:15+00:00
BRUGEROLLES_0006_P_2,BRUGEROLLES_0006,OK,,18,weights,0.0904,2026-09-11T09:39:15+00:00
BRUGEROLLES_0006_S_1,BRUGEROLLES_0006,OK,,18,weights,0.0884,2026-09-11T09:39:15+00:00
BRUGEROLLES_0006_S_2,BRUGEROLLES_0006,OK,,18,weights,0.0907,2026-09-11T09:39:15+00:00
BRUGEROLLES_0006_S_3,BRUGEROLLES_0006,OK,,18,weights,0.0888,2026-09-11T09:39:16+00:00
BRUGEROLLES_0007_P_1,BRUGEROLLES_0007,OK,,18,weights,0.0903,2026-09-11T09:39:16+00:00
BRUGEROLLES_0007_P_2,BRUGEROLLES_0007,OK,,18,weights,0.0897,2026-09-11T09:39:16+00:00
BRUGEROLLES_0007_S_1,BRUGEROLLES_0007,OK,,18,weights,0.0885,2026-09-11T09:39:16+00:00
BRUGEROLLES_0007_S_2,BRUGEROLLES_0007,OK,,18,weights,0.0903,2026-09-11T09:39:16+00:00
BRUGEROLLES_0007_S_3,BRUGEROLLES_0007,OK,,18,weights,0.0909,2026-09-11T09:39:16+00:00
BRUGEROLLES_0009_P_2,BRUGEROLLES_0009,OK,,18,weights,0.0922,2026-09-11T09:39:16+00:00
BRUGEROLLES_0009_S_1,BRUGEROLLES_0009,OK,,18,weights,0.0912,2026-09-11T09:39:16+00:00
BRUGEROLLES_0009_S_2,BRUGEROLLES_0009,OK,,18,weights,0.0904,2026-09-11T09:39:16+00:00
BRUGEROLLES_0009_S_3,BRUGEROLLES_0009,OK,,18,weights,0.0899,2026-09-11T09:39:16+00:00
BRUGEROLLES_0010_P_1,BRUGEROLLES_0010,OK,,18,weights,0.0895,2026-09-11T09:39:16+00:00
BRUGEROLLES_0010_P_2,BRUGEROLLES_0010,OK,,18,weights,0.0886,2026-09-11T09:39:17+00:00
BRUGEROLLES_0010_S_1,BRUGEROLLES_0010,OK,,18,weights,0.0884,2026-09-11T09:39:17+00:00
BRUGEROLLES_0010_S_2,BRUGEROLLES_0010,OK,,18,weights,0.0895,2026-09-11T09:39:17+00:00
BRUGEROLLES_0010_S_3,BRUGEROLLES_0010,OK,,18,weights,0.0875,2026-09-11T09:39:17+00:00
BRUGEROLLES_0011_P_1,BRUGEROLLES_0011,OK,,18,weights,0.0881,2026-09-11T09:39:17+00:00
BRUGEROLLES_0011_P_2,BRUGEROLLES_0011,OK,,18,weights,0.0898,2026-09-11T09:39:17+00:00
BRUGEROLLES_0011_S_1,BRUGEROLLES_0011,OK,,18,weights,0.0880,2026-09-11T09:39:17+00:00
BRUGEROLLES_0011_S_2,BRUGEROLLES_0011,OK,,18,weights,0.0881,2026-09-11T09:39:17+00:00
BRUGEROLLES_0011_S_3,BRUGEROLLES_0011,OK,,18,weights,0.0898,2026-09-11T09:39:17+00:00
BRUGEROLLES_0012_P_1,BRUGEROLLES_0012,OK,,18,weights,0.0881,2026-09-11T09:39:17+00:00
BRUGEROLLES_0012_P_2,BRUGEROLLES_0012,OK,,18,weights,0.0863,2026-09-11T09:39:17+00:00
BRUGEROLLES_0012_S_1,BRUGEROLLES_0012,OK,,18,weights,0.0893,2026-09-11T09:39:18+00:00
BRUGEROLLES_0012_S_2,BRUGEROLLES_0012,OK,,18,weights,0.0891,2026-09-11T09:39:18+00:00
BRUGEROLLES_0012_S_3,BRUGEROLLES_0012,OK,,18,weights,0.0887,2026-09-11T09:39:18+00:00
BRUGEROLLES_0013_P_1,BRUGEROLLES_0013,OK,,18,weights,0.0880,2026-09-11T09:39:18+00:00
BRUGEROLLES_0013_P_2,BRUGEROLLES_0013,OK,,18,weights,0.0890,2026-09-11T09:39:18+00:00
BRUGEROLLES_0013_S_1,BRUGEROLLES_0013,OK,,18,weights,0.0890,2026-09-11T09:39:18+00:00
BRUGEROLLES_0013_S_2,BRUGEROLLES_0013,OK,,18,weights,0.0886,2026-09-11T09:39:18+00:00
BRUGEROLLES_0013_S_3,BRUGEROLLES_0013,OK,,18,weights,0.0881,2026-09-11T09:39:18+00:00
BRUGEROLLES_0014_P_1,BRUGEROLLES_0014,OK,,18,weights,0.0875,2026-09-11T09:39:18+00:00
BRUGEROLLES_0014_P_2,BRUGEROLLES_0014,OK,,18,weights,0.0888,2026-09-11T09:39:18+00:00
BRUGEROLLES_0014_S_1,BRUGEROLLES_0014,OK,,18,weights,0.0890,2026-09-11T09:39:18+00:00
BRUGEROLLES_0014_S_2,BRUGEROLLES_0014,OK,,18,weights,0.0885,2026-09-11T09:39:19+00:00
BRUGEROLLES_0014_S_3,BRUGEROLLES_0014,OK,,18,weights,0.0902,2026-09-11T09:39:19+00:00
BRUGEROLLES_0015_P_1,BRUGEROLLES_0015,OK,,18,weights,0.0895,2026-09-11T09:39:19+00:00
BRUGEROLLES_0015_P_2,BRUGEROLLES_0015,OK,,18,weights,0.0891,2026-09-11T09:39:19+00:00
BRUGEROLLES_0015_S_1,BRUGEROLLES_0015,OK,,18,weights,0.0880,2026-09-11T09:39:19+00:00
BRUGEROLLES_0015_S_2,BRUGEROLLES_0015,OK,,18,weights,0.0889,2026-09-11T09:39:19+00:00
BRUGEROLLES_0015_S_3,BRUGEROLLES_0015,OK,,18,weights,0.0881,2026-09-11T09:39:19+00:00
BRUGEROLLES_0016_P_1,BRUGEROLLES_0016,OK,,18,weights,0.0893,2026-09-11T09:39:19+00:00
BRUGEROLLES_0016_P_2,BRUGEROLLES_0016,OK,,18,weights,0.0887,2026-09-11T09:39:19+00:00
BRUGEROLLES_0016_S_1,BRUGEROLLES_0016,OK,,18,weights,0.0889,2026-09-11T09:39:19+00:00
BRUGEROLLES_0016_S_2,BRUGEROLLES_0016,OK,,18,weights,0.0897,2026-09-11T09:39:19+00:00
BRUGEROLLES_0016_S_3,BRUGEROLLES_0016,OK,,18,weights,0.0884,2026-09-11T09:39:20+00:00
BRUGEROLLES_0018_P_1,BRUGEROLLES_0018,OK,,18,weights,0.0890,2026-09-11T09:39:20+00:00
BRUGEROLLES_0018_P_2,BRUGEROLLES_0018,OK,,18,weights,0.0875,2026-09-11T09:39:20+00:00
BRUGEROLLES_0018_S_1,BRUGEROLLES_0018,OK,,18,weights,0.0896,2026-09-11T09:39:20+00:00
BRUGEROLLES_0018_S_2,BRUGEROLLES_0018,OK,,18,weights,0.0885,2026-09-11T09:39:20+00:00
BRUGEROLLES_0018_S_3,BRUGEROLLES_0018,OK,,18,weights,0.0894,2026-09-11T09:39:20+00:00
BRUGEROLLES_0019_P_1,BRUGEROLLES_0019,OK,,18,weights,0.0892,2026-09-11T09:39:20+00:00
BRUGEROLLES_0019_P_2,BRUGEROLLES_0019,OK,,18,weights,0.0871,2026-09-11T09:39:20+00:00
BRUGEROLLES_0019_S_1,BRUGEROLLES_0019,OK,,18,weights,0.0889,2026-09-11T09:39:20+00:00
BRUGEROLLES_0019_S_2,BRUGEROLLES_0019,OK,,18,weights,0.0869,2026-09-11T09:39:20+00:00
BRUGEROLLES_0019_S_3,BRUGEROLLES_0019,OK,,18,weights,0.0899,2026-09-11T09:39:20+00:00
BRUGEROLLES_0020_P_1,BRUGEROLLES_0020,OK,,18,weights,0.0894,2026-09-11T09:39:20+00:00
BRUGEROLLES_0020_P_2,BRUGEROLLES_0020,OK,,18,weights,0.0920,2026-09-11T09:39:21+00:00
BRUGEROLLES_0020_S_1,BRUGEROLLES_0020,OK,,18,weights,0.0896,2026-09-11T09:39:21+00:00
BRUGEROLLES_0020_S_2,BRUGEROLLES_0020,OK,,18,weights,0.0891,2026-09-11T09:39:21+00:00
BRUGEROLLES_0020_S_3,BRUGEROLLES_0020,OK,,18,weights,0.0881,2026-09-11T09:39:21+00:00
BRUGEROLLES_0021_P_1,BRUGEROLLES_0021,OK,,18,weights,0.0887,2026-09-11T09:39:21+00:00
BRUGEROLLES_0021_P_2,BRUGEROLLES_0021,OK,,18,weights,0.0892,2026-09-11T09:39:21+00:00
BRUGEROLLES_0021_S_1,BRUGEROLLES_0021,OK,,18,weights,0.0872,2026-09-11T09:39:21+00:00
BRUGEROLLES_0021_S_2,BRUGEROLLES_0021,OK,,18,weights,0.0887,2026-09-11T09:39:21+00:00
BRUGEROLLES_0021_S_3,BRUGEROLLES_0021,OK,,18,weights,0.0883,2026-09-11T09:39:21+00:00
BRUGEROLLES_0022_P_1,BRUGEROLLES_0022,OK,,18,weights,0.0893,2026-09-11T09:39:21+00:00
BRUGEROLLES_0022_P_2,BRUGEROLLES_0022,OK,,18,weights,0.0875,2026-09-11T09:39:21+00:00
BRUGEROLLES_0022_S_1,BRUGEROLLES_0022,OK,,18,weights,0.0881,2026-09-11T09:39:22+00:00
BRUGEROLLES_0022_S_2,BRUGEROLLES_0022,OK,,18,weights,0.0899,2026-09-11T09:39:22+00:00
BRUGEROLLES_0022_S_3,BRUGEROLLES_0022,OK,,18,weights,0.0900,2026-09-11T09:39:22+00:00
BRUGEROLLES_0023_P_1,BRUGEROLLES_0023,OK,,18,weights,0.0895,2026-09-11T09:39:22+00:00
BRUGEROLLES_0023_P_2,BRUGEROLLES_0023,OK,,18,weights,0.0914,2026-09-11T09:39:22+00:00
BRUGEROLLES_0023_S_1,BRUGEROLLES_0023,OK,,18,weights,0.0878,2026-09-11T09:39:22+00:00
BRUGEROLLES_0023_S_2,BRUGEROLLES_0023,OK,,18,weights,0.0894,2026-09-11T09:39:22+00:00
BRUGEROLLES_0023_S_3,BRUGEROLLES_0023,OK,,18,weights,0.0897,2026-09-11T09:39:22+00:00
BRUGEROLLES_0024_P_1,BRUGEROLLES_0024,OK,,18,weights,0.0894,2026-09-11T09:39:22+00:00
BRUGEROLLES_0024_P_2,BRUGEROLLES_0024,OK,,18,weights,0.0889,2026-09-11T09:39:22+00:00
BRUGEROLLES_0024_S_1,BRUGEROLLES_0024,OK,,18,weights,0.0904,2026-09-11T09:39:22+00:00
BRUGEROLLES_0024_S_2,BRUGEROLLES_0024,OK,,18,weights,0.0905,2026-09-11T09:39:23+00:00
BRUGEROLLES_0024_S_3,BRUGEROLLES_0024,OK,,18,weights,0.0891,2026-09-11T09:39:23+00:00
BRUGEROLLES_0025_P_1,BRUGEROLLES_0025,OK,,18,weights,0.0896,2026-09-11T09:39:23+00:00
BRUGEROLLES_0025_P_2,BRUGEROLLES_0025,OK,,18,weights,0.0912,2026-09-11T09:39:23+00:00
BRUGEROLLES_0025_S_1,BRUGEROLLES_0025,OK,,18,weights,0.0919,2026-09-11T09:39:23+00:00
BRUGEROLLES_0025_S_2,BRUGEROLLES_0025,OK,,18,weights,0.0913,2026-09-11T09:39:23+00:00
BRUGEROLLES_0025_S_3,BRUGEROLLES_0025,OK,,18,weights,0.0882,2026-09-11T09:39:23+00:00
BRUGEROLLES_0027_P_1,BRUGEROLLES_0027,OK,,18,weights,0.0885,2026-09-11T09:39:23+00:00
BRUGEROLLES_0027_P_2,BRUGEROLLES_0027,OK,,18,weights,0.0906,2026-09-11T09:39:23+00:00
BRUGEROLLES_0027_S_1,BRUGEROLLES_0027,OK,,18,weights,0.0896,2026-09-11T09:39:23+00:00
BRUGEROLLES_0027_S_2,BRUGEROLLES_0027,OK,,18,weights,0.0878,2026-09-11T09:39:23+00:00
BRUGEROLLES_0027_S_3,BRUGEROLLES_0027,OK,,18,weights,0.0891,2026-09-11T09:39:24+00:00
BRUGEROLLES_0029_P_1,BRUGEROLLES_0029,OK,,18,weights,0.0866,2026-09-11T09:39:24+00:00
BRUGEROLLES_0029_P_2,BRUGEROLLES_0029,OK,,18,weights,0.0880,2026-09-11T09:39:24+00:00
BRUGEROLLES_0029_S_1,BRUGEROLLES_0029,OK,,18,weights,0.0869,2026-09-11T09:39:24+00:00
BRUGEROLLES_0029_S_2,BRUGEROLLES_0029,OK,,18,weights,0.0873,2026-09-11T09:39:24+00:00
BRUGEROLLES_0029_S_3,BRUGEROLLES_0029,OK,,18,weights,0.0889,2026-09-11T09:39:24+00:00
CPIE15_0001_P_1,CPIE15_0001,OK,,18,weights,0.0907,2026-09-11T09:39:24+00:00
CPIE15_0001_P_2,CPIE15_0001,OK,,18,weights,0.0863,2026-09-11T09:39:24+00:00
CPIE15_0001_S_1,CPIE15_0001,OK,,18,weights,0.0904,2026-09-11T09:39:24+00:00
CPIE15_0001_S_2,CPIE15_0001,OK,,18,weights,0.0877,2026-09-11T09:39:24+00:00
CPIE15_0001_S_3,CPIE15_0001,OK,,18,weights,0.0877,2026-09-11T09:39:24+00:00
CPIE15_0002_P_1,CPIE15_0002,OK,,18,weights,0.0901,2026-09-11T09:39:25+00:00
CPIE15_0002_P_2,CPIE15_0002,OK,,18,weights,0.0889,2026-09-11T09:39:25+00:00
CPIE15_0002_S_1,CPIE15_0002,OK,,18,weights,0.0877,2026-09-11T09:39:25+00:00
CPIE15_0002_S_2,CPIE15_0002,OK,,18,weights,0.0879,2026-09-11T09:39:25+00:00
CPIE15_0002_S_3,CPIE15_0002,OK,,18,weights,0.0887,2026-09-11T09:39:25+00:00
CPIE15_0003_P_1,CPIE15_0003,OK,,18,weights,0.0893,2026-09-11T09:39:25+00:00
CPIE15_0003_P_2,CPIE15_0003,OK,,18,weights,0.0887,2026-09-11T09:39:25+00:00
CPIE15_0003_S_1,CPIE15_0003,OK,,18,weights,0.0884,2026-09-11T09:39:25+00:00
CPIE15_0003_S_2,CPIE15_0003,OK,,18,weights,0.0897,2026-09-11T09:39:25+00:00
CPIE15_0003_S_3,CPIE15_0003,OK,,18,weights,0.0881,2026-09-11T09:39:25+00:00
CPIE15_0004_P_1,CPIE15_0004,OK,,18,weights,0.0887,2026-09-11T09:39:25+00:00
CPIE15_0004_P_2,CPIE15_0004,OK,,18,weights,0.0893,2026-09-11T09:39:26+00:00
CPIE15_0004_S_1,CPIE15_0004,OK,,18,weights,0.0892,2026-09-11T09:39:26+00:00
CPIE15_0004_S_2,CPIE15_0004,OK,,18,weights,0.0897,2026-09-11T09:39:26+00:00
CPIE15_0004_S_3,CPIE15_0004,OK,,18,weights,0.0910,2026-09-11T09:39:26+00:00
CPIE15_0005_P_1,CPIE15_0005,OK,,18,weights,0.0896,2026-09-11T09:39:26+00:00
CPIE15_0005_P_2,CPIE15_0005,OK,,18,weights,0.0909,2026-09-11T09:39:26+00:00
CPIE15_0005_S_1,CPIE15_0005,OK,,18,weights,0.0898,2026-09-11T09:39:26+00:00
CPIE15_0005_S_2,CPIE15_0005,OK,,18,weights,0.0921,2026-09-11T09:39:26+00:00
CPIE15_0005_S_3,CPIE15_0005,OK,,18,weights,0.0902,2026-09-11T09:39:26+00:00
CPIE15_0006_P_1,CPIE15_0006,OK,,18,weights,0.0911,2026-09-11T09:39:26+00:00
CPIE15_0006_P_2,CPIE15_0006,OK,,18,weights,0.0901,2026-09-11T09:39:26+00:00
CPIE15_0006_S_1,CPIE15_0006,OK,,18,weights,0.0880,2026-09-11T09:39:27+00:00
CPIE15_0006_S_2,CPIE15_0006,OK,,18,weights,0.0893,2026-09-11T09:39:27+00:00
CPIE15_0006_S_3,CPIE15_0006,OK,,18,weights,0.0914,2026-09-11T09:39:27+00:00
CPIE15_0007_P_1,CPIE15_0007,OK,,18,weights,0.0905,2026-09-11T09:39:27+00:00
CPIE15_0007_P_2,CPIE15_0007,OK,,18,weights,0.0898,2026-09-11T09:39:27+00:00
CPIE15_0007_S_1,CPIE15_0007,OK,,18,weights,0.0891,2026-09-11T09:39:27+00:00
CPIE15_0007_S_2,CPIE15_0007,OK,,18,weights,0.0893,2026-09-11T09:39:27+00:00
CPIE15_0007_S_3,CPIE15_0007,OK,,18,weights,0.0882,2026-09-11T09:39:27+00:00
CPIE15_0008_P_1,CPIE15_0008,OK,,18,weights,0.0884,2026-09-11T09:39:27+00:00
CPIE15_0008_P_2,CPIE15_0008,OK,,18,weights,0.0911,2026-09-11T09:39:27+00:00
CPIE15_0008_S_1,CPIE15_0008,OK,,18,weights,0.0888,2026-09-11T09:39:27+00:00
CPIE15_0008_S_2,CPIE15_0008,OK,,18,weights,0.0887,2026-09-11T09:39:27+00:00
CPIE15_0008_S_3,CPIE15_0008,OK,,18,weights,0.0891,2026-09-11T09:39:28+00:00
CPIE15_0009_P_1,CPIE15_0009,OK,,18,weights,0.0896,2026-09-11T09:39:28+00:00
CPIE15_0009_P_2,CPIE15_0009,OK,,18,weights,0.0880,2026-09-11T09:39:28+00:00
CPIE15_0009_S_1,CPIE15_0009,OK,,18,weights,0.0892,2026-09-11T09:39:28+00:00
CPIE15_0009_S_2,CPIE15_0009,OK,,18,weights,0.1140,2026-09-11T09:39:28+00:00
CPIE15_0009_S_3,CPIE15_0009,OK,,18,weights,0.0877,2026-09-11T09:39:28+00:00
CPIE15_0010_P_1,CPIE15_0010,OK,,18,weights,0.0886,2026-09-11T09:39:28+00:00
CPIE15_0010_P_2,CPIE15_0010,OK,,18,weights,0.0898,2026-09-11T09:39:28+00:00
CPIE15_0010_S_1,CPIE15_0010,OK,,18,weights,0.0887,2026-09-11T09:39:28+00:00
CPIE15_0010_S_2,CPIE15_0010,OK,,18,weights,0.0887,2026-09-11T09:39:28+00:00
CPIE15_0010_S_3,CPIE15_0010,OK,,18,weights,0.0879,2026-09-11T09:39:29+00:00
CPIE15_0011_P_1,CPIE15_0011,OK,,18,weights,0.0882,2026-09-11T09:39:29+00:00
CPIE15_0011_P_2,CPIE15_0011,OK,,18,weights,0.0891,2026-09-11T09:39:29+00:00
CPIE15_0011_S_1,CPIE15_0011,OK,,18,weights,0.0887,2026-09-11T09:39:29+00:00
CPIE15_0011_S_2,CPIE15_0011,OK,,18,weights,0.0886,2026-09-11T09:39:29+00:00
CPIE15_0011_S_3,CPIE15_0011,OK,,18,weights,0.0887,2026-09-11T09:39:29+00:00
CPIE15_0012_P_1,CPIE15_0012,OK,,18,weights,0.0880,2026-09-11T09:39:29+00:00
CPIE15_0012_P_2,CPIE15_0012,OK,,18,weights,0.0889,2026-09-11T09:39:29+00:00
CPIE15_0012_S_1,CPIE15_0012,OK,,18,weights,0.0899,2026-09-11T09:39:29+00:00
CPIE15_0012_S_2,CPIE15_0012,OK,,18,weights,0.0878,2026-09-11T09:39:29+00:00
CPIE15_0012_S_3,CPIE15_0012,OK,,18,weights,0.0881,2026-09-11T09:39:29+00:00
CPIE15_0013_P_1,CPIE15_0013,OK,,18,weights,0.0866,2026-09-11T09:39:29+00:00
CPIE15_0013_P_2,CPIE15_0013,OK,,18,weights,0.0892,2026-09-11T09:39:30+00:00
CPIE15_0013_S_1,CPIE15_0013,OK,,18,weights,0.0878,2026-09-11T09:39:30+00:00
CPIE15_0013_S_2,CPIE15_0013,OK,,18,weights,0.0893,2026-09-11T09:39:30+00:00
CPIE15_0013_S_3,CPIE15_0013,OK,,18,weights,0.0886,2026-09-11T09:39:30+00:00
CPIE15_0014_P_1,CPIE15_0014,OK,,18,weights,0.0899,2026-09-11T09:39:30+00:00
CPIE15_0014_P_2,CPIE15_0014,OK,,18,weights,0.0885,2026-09-11T09:39:30+00:00
CPIE15_0014_S_1,CPIE15_0014,OK,,18,weights,0.0892,2026-09-11T09:39:30+00:00
CPIE15_0014_S_2,CPIE15_0014,OK,,18,weights,0.0899,2026-09-11T09:39:30+00:00
CPIE15_0014_S_3,CPIE15_0014,OK,,18,weights,0.0905,2026-09-11T09:39:30+00:00
CPIE15_0015_P_1,CPIE15_0015,OK,,18,weights,0.0885,2026-09-11T09:39:30+00:00
CPIE15_0015_P_2,CPIE15_0015,OK,,18,weights,0.0889,2026-09-11T09:39:30+00:00
CPIE15_0015_S_1,CPIE15_0015,OK,,18,weights,0.0892,2026-09-11T09:39:31+00:00
CPIE15_0015_S_2,CPIE15_0015,OK,,18,weights,0.0894,2026-09-11T09:39:31+00:00
CPIE15_0015_S_3,CPIE15_0015,OK,,18,weights,0.0915,2026-09-11T09:39:31+00:00
CPIE15_0016_P_1,CPIE15_0016,OK,,18,weights,0.0910,2026-09-11T09:39:31+00:00
CPIE15_0016_P_2,CPIE15_0016,OK,,18,weights,0.0884,2026-09-11T09:39:31+00:00
CPIE15_0016_S_1,CPIE15_0016,OK,,18,weights,0.0878,2026-09-11T09:39:31+00:00
CPIE15_0016_S_2,CPIE15_0016,OK,,18,weights,0.0897,2026-09-11T09:39:31+00:00
CPIE15_0016_S_3,CPIE15_0016,OK,,18,weights,0.0898,2026-09-11T09:39:31+00:00
CPIE15_0017_P_1,CPIE15_0017,SUSPECT,only_16_of_18_expected_maxima,16,weights,0.0895,2026-09-11T09:39:31+00:00
CPIE15_0017_P_2,CPIE15_0017,SUSPECT,only_16_of_18_expected_maxima,16,weights,0.0888,2026-09-11T09:39:31+00:00
CPIE15_0017_S_1,CPIE15_0017,SUSPECT,only_15_of_18_expected_maxima,15,weights,0.0893,2026-09-11T09:39:31+00:00
CPIE15_0017_S_2,CPIE15_0017,SUSPECT,only_16_of_18_expected_maxima,16,weights,0.0895,2026-09-11T09:39:32+00:00
CPIE15_0017_S_3,CPIE15_0017,SUSPECT,only_15_of_18_expected_maxima,15,weights,0.0873,2026-09-11T09:39:32+00:00
CPIE15_0018_P_1,CPIE15_0018,OK,,18,weights,0.0916,2026-09-11T09:39:32+00:00
CPIE15_0018_P_2,CPIE15_0018,OK,,18,weights,0.0900,2026-09-11T09:39:32+00:00
CPIE15_0018_S_1,CPIE15_0018,OK,,18,weights,0.0913,2026-09-11T09:39:32+00:00
CPIE15_0018_S_2,CPIE15_0018,OK,,18,weights,0.0899,2026-09-11T09:39:32+00:00
CPIE15_0018_S_3,CPIE15_0018,OK,,18,weights,0.0903,2026-09-11T09:39:32+00:00
CPIE15_0019_P_1,CPIE15_0019,OK,,18,weights,0.0890,2026-09-11T09:39:32+00:00
CPIE15_0019_P_2,CPIE15_0019,OK,,18,weights,0.0898,2026-09-11T09:39:32+00:00
CPIE15_0019_S_1,CPIE15_0019,OK,,18,weights,0.0896,2026-09-11T09:39:32+00:00
CPIE15_0019_S_2,CPIE15_0019,OK,,18,weights,0.0913,2026-09-11T09:39:32+00:00
CPIE15_0019_S_3,CPIE15_0019,OK,,18,weights,0.0905,2026-09-11T09:39:33+00:00
CPIE15_0020_P_1,CPIE15_0020,OK,,18,weights,0.0907,2026-09-11T09:39:33+00:00
CPIE15_0020_P_2,CPIE15_0020,OK,,18,weights,0.0885,2026-09-11T09:39:33+00:00
CPIE15_0020_S_1,CPIE15_0020,OK,,18,weights,0.0904,2026-09-11T09:39:33+00:00
CPIE15_0020_S_2,CPIE15_0020,OK,,18,weights,0.0895,2026-09-11T09:39:33+00:00
CPIE15_0020_S_3,CPIE15_0020,OK,,18,weights,0.0905,2026-09-11T09:39:33+00:00
CPIE15_0021_P_1,CPIE15_0021,OK,,18,weights,0.0901,2026-09-11T09:39:33+00:00
CPIE15_0021_P_2,CPIE15_0021,OK,,18,weights,0.0917,2026-09-11T09:39:33+00:00
CPIE15_0021_S_1,CPIE15_0021,OK,,18,weights,0.0920,2026-09-11T09:39:33+00:00
CPIE15_0021_S_2,CPIE15_0021,OK,,18,weights,0.0885,2026-09-11T09:39:33+00:00
CPIE15_0021_S_3,CPIE15_0021,OK,,18,weights,0.0905,2026-09-11T09:39:33+00:00
CPIE15_0022_P_1,CPIE15_0022,OK,,18,weights,0.0893,2026-09-11T09:39:34+00:00
CPIE15_0022_P_2,CPIE15_0022,OK,,18,weights,0.0907,2026-09-11T09:39:34+00:00
CPIE15_0022_S_1,CPIE15_0022,OK,,18,weights,0.0889,2026-09-11T09:39:34+00:00
CPIE15_0022_S_3,CPIE15_0022,OK,,18,weights,0.0880,2026-09-11T09:39:34+00:00
CPIE15_0023_P_1,CPIE15_0023,OK,,18,weights,0.0903,2026-09-11T09:39:34+00:00
CPIE15_0023_P_2,CPIE15_0023,OK,,18,weights,0.0918,2026-09-11T09:39:34+00:00
CPIE15_0023_S_1,CPIE15_0023,OK,,18,weights,0.0895,2026-09-11T09:39:34+00:00
CPIE15_0023_S_2,CPIE15_0023,OK,,18,weights,0.0903,2026-09-11T09:39:34+00:00
CPIE15_0023_S_3,CPIE15_0023,OK,,18,weights,0.0902,2026-09-11T09:39:34+00:00
CPIE15_0024_P_1,CPIE15_0024,OK,,18,weights,0.0912,2026-09-11T09:39:34+00:00
CPIE15_0024_P_2,CPIE15_0024,OK,,18,weights,0.0895,2026-09-11T09:39:34+00:00
CPIE15_0024_S_1,CPIE15_0024,OK,,18,weights,0.0895,2026-09-11T09:39:35+00:00
CPIE15_0024_S_2,CPIE15_0024,OK,,18,weights,0.0886,2026-09-11T09:39:35+00:00
CPIE15_0024_S_3,CPIE15_0024,OK,,18,weights,0.0899,2026-09-11T09:39:35+00:00
CPIE15_0025_P_1,CPIE15_0025,OK,,18,weights,0.0897,2026-09-11T09:39:35+00:00
CPIE15_0025_P_2,CPIE15_0025,OK,,18,weights,0.0898,2026-09-11T09:39:35+00:00
CPIE15_0025_S_1,CPIE15_0025,OK,,18,weights,0.0884,2026-09-11T09:39:35+00:00
CPIE15_0025_S_3,CPIE15_0025,OK,,18,weights,0.0893,2026-09-11T09:39:35+00:00
CPIE15_0026_P_1,CPIE15_0026,OK,,18,weights,0.0914,2026-09-11T09:39:35+00:00
CPIE15_0026_P_2,CPIE15_0026,OK,,18,weights,0.0892,2026-09-11T09:39:35+00:00
CPIE15_0026_S_1,CPIE15_0026,OK,,18,weights,0.0887,2026-09-11T09:39:35+00:00
CPIE15_0026_S_2,CPIE15_0026,OK,,18,weights,0.0899,2026-09-11T09:39:35+00:00
CPIE15_0026_S_3,CPIE15_0026,OK,,18,weights,0.0890,2026-09-11T09:39:36+00:00
CPIE15_0027_P_1,CPIE15_0027,OK,,18,weights,0.0906,2026-09-11T09:39:36+00:00
CPIE15_0027_P_2,CPIE15_0027,OK,,18,weights,0.0889,2026-09-11T09:39:36+00:00
CPIE15_0027_S_1,CPIE15_0027,OK,,18,weights,0.0882,2026-09-11T09:39:36+00:00
CPIE15_0027_S_2,CPIE15_0027,OK,,18,weights,0.0884,2026-09-11T09:39:36+00:00
CPIE15_0027_S_3,CPIE15_0027,OK,,18,weights,0.0884,2026-09-11T09:39:36+00:00
CPIE15_0028_P_1,CPIE15_0028,OK,,18,weights,0.0883,2026-09-11T09:39:36+00:00
CPIE15_0028_P_2,CPIE15_0028,OK,,18,weights,0.0897,2026-09-11T09:39:36+00:00
CPIE15_0028_S_1,CPIE15_0028,OK,,18,weights,0.0915,2026-09-11T09:39:36+00:00
CPIE15_0028_S_2,CPIE15_0028,OK,,18,weights,0.0915,2026-09-11T09:39:36+00:00
CPIE15_0028_S_3,CPIE15_0028,OK,,18,weights,0.0912,2026-09-11T09:39:36+00:00
CPIE15_0029_P_1,CPIE15_0029,OK,,18,weights,0.0895,2026-09-11T09:39:37+00:00
CPIE15_0029_P_2,CPIE15_0029,OK,,18,weights,0.0902,2026-09-11T09:39:37+00:00
CPIE15_0029_S_1,CPIE15_0029,OK,,18,weights,0.0893,2026-09-11T09:39:37+00:00
CPIE15_0029_S_2,CPIE15_0029,OK,,18,weights,0.0907,2026-09-11T09:39:37+00:00
CPIE15_0029_S_3,CPIE15_0029,OK,,18,weights,0.0897,2026-09-11T09:39:37+00:00
CPIE15_0030_P_1,CPIE15_0030,OK,,18,weights,0.0883,2026-09-11T09:39:37+00:00
CPIE15_0030_P_2,CPIE15_0030,OK,,18,weights,0.0904,2026-09-11T09:39:37+00:00
CPIE15_0030_S_1,CPIE15_0030,OK,,18,weights,0.0901,2026-09-11T09:39:37+00:00
CPIE15_0030_S_2,CPIE15_0030,OK,,18,weights,0.0908,2026-09-11T09:39:37+00:00
CPIE15_0030_S_3,CPIE15_0030,OK,,18,weights,0.0908,2026-09-11T09:39:37+00:00
CPIE15_0031_P_1,CPIE15_0031,OK,,18,weights,0.0901,2026-09-11T09:39:37+00:00
CPIE15_0031_P_2,CPIE15_0031,OK,,18,weights,0.0892,2026-09-11T09:39:38+00:00
CPIE15_0031_S_1,CPIE15_0031,OK,,18,weights,0.0900,2026-09-11T09:39:38+00:00
CPIE15_0031_S_2,CPIE15_0031,OK,,18,weights,0.0883,2026-09-11T09:39:38+00:00
CPIE15_0031_S_3,CPIE15_0031,OK,,18,weights,0.0908,2026-09-11T09:39:38+00:00
CPIE15_0032_P_1,CPIE15_0032,OK,,18,weights,0.0897,2026-09-11T09:39:38+00:00
CPIE15_0032_P_2,CPIE15_0032,OK,,18,weights,0.0892,2026-09-11T09:39:38+00:00
CPIE15_0032_S_1,CPIE15_0032,OK,,18,weights,0.0896,2026-09-11T09:39:38+00:00
CPIE15_0032_S_2,CPIE15_0032,OK,,18,weights,0.0892,2026-09-11T09:39:38+00:00
CPIE15_0032_S_3,CPIE15_0032,OK,,18,weights,0.0902,2026-09-11T09:39:38+00:00
IEESZ_0004_P_1,IEESZ_0004,OK,,18,weights,0.0898,2026-09-11T09:39:38+00:00
IEESZ_0004_P_2,IEESZ_0004,OK,,18,weights,0.0906,2026-09-11T09:39:38+00:00
IEESZ_0004_P_3,IEESZ_0004,OK,,18,weights,0.0893,2026-09-11T09:39:39+00:00
IEESZ_0004_P_4,IEESZ_0004,OK,,18,weights,0.0907,2026-09-11T09:39:39+00:00
IEESZ_0004_P_5,IEESZ_0004,OK,,18,weights,0.0905,2026-09-11T09:39:39+00:00
IEESZ_0004_S_1,IEESZ_0004,OK,,18,weights,0.0896,2026-09-11T09:39:39+00:00
IEESZ_0004_S_2,IEESZ_0004,OK,,18,weights,0.0885,2026-09-11T09:39:39+00:00
IEESZ_0004_S_3,IEESZ_0004,OK,,18,weights,0.0897,2026-09-11T09:39:39+00:00
IEESZ_0004_S_4,IEESZ_0004,OK,,18,weights,0.0894,2026-09-11T09:39:39+00:00
IEESZ_0004_S_5,IEESZ_0004,OK,,18,weights,0.0896,2026-09-11T09:39:39+00:00
IEESZ_0019_P_1,IEESZ_0019,OK,,18,weights,0.0899,2026-09-11T09:39:39+00:00
IEESZ_0019_P_2,IEESZ_0019,OK,,18,weights,0.0900,2026-09-11T09:39:39+00:00
IEESZ_0019_P_3,IEESZ_0019,OK,,18,weights,0.0905,2026-09-11T09:39:39+00:00
IEESZ_0019_S_1,IEESZ_0019,OK,,18,weights,0.0890,2026-09-11T09:39:40+00:00
IEESZ_0019_S_2,IEESZ_0019,OK,,18,weights,0.0926,2026-09-11T09:39:40+00:00
IEESZ_0019_S_3,IEESZ_0019,OK,,18,weights,0.0918,2026-09-11T09:39:40+00:00
IEESZ_0042_P_1,IEESZ_0042,OK,,18,weights,0.0892,2026-09-11T09:39:40+00:00
IEESZ_0042_P_2,IEESZ_0042,OK,,18,weights,0.0886,2026-09-11T09:39:40+00:00
IEESZ_0042_P_3,IEESZ_0042,OK,,18,weights,0.0900,2026-09-11T09:39:40+00:00
IEESZ_0042_P_4,IEESZ_0042,OK,,18,weights,0.0892,2026-09-11T09:39:40+00:00
IEESZ_0042_P_5,IEESZ_0042,OK,,18,weights,0.0894,2026-09-11T09:39:40+00:00
IEESZ_0042_S_1,IEESZ_0042,OK,,18,weights,0.0902,2026-09-11T09:39:40+00:00
IEESZ_0042_S_2,IEESZ_0042,OK,,18,weights,0.0897,2026-09-11T09:39:40+00:00
IEESZ_0042_S_3,IEESZ_0042,OK,,18,weights,0.0890,2026-09-11T09:39:40+00:00
IEESZ_0042_S_4,IEESZ_0042,OK,,18,weights,0.0884,2026-09-11T09:39:41+00:00
IEESZ_0042_S_5,IEESZ_0042,OK,,18,weights,0.0900,2026-09-11T09:39:41+00:00
IEESZ_0043_P_1,IEESZ_0043,OK,,18,weights,0.0895,2026-09-11T09:39:41+00:00
IEESZ_0043_P_2,IEESZ_0043,OK,,18,weights,0.0897,2026-09-11T09:39:41+00:00
IEESZ_0043_P_3,IEESZ_0043,OK,,18,weights,0.0893,2026-09-11T09:39:41+00:00
IEESZ_0043_P_4,IEESZ_0043,OK,,18,weights,0.0903,2026-09-11T09:39:41+00:00
IEESZ_0043_P_5,IEESZ_0043,OK,,18,weights,0.0905,2026-09-11T09:39:41+00:00
IEESZ_0043_S_1,IEESZ_0043,OK,,18,weights,0.0900,2026-09-11T09:39:41+00:00
IEESZ_0043_S_2,IEESZ_0043,OK,,18,weights,0.0913,2026-09-11T09:39:41+00:00
IEESZ_0043_S_3,IEESZ_0043,OK,,18,weights,0.0873,2026-09-11T09:39:41+00:00
IEESZ_0043_S_4,IEESZ_0043,OK,,18,weights,0.0898,2026-09-11T09:39:41+00:00
IEESZ_0043_S_5,IEESZ_0043,OK,,18,weights,0.0871,2026-09-11T09:39:42+00:00
IEESZ_0048_P_1,IEESZ_0048,OK,,18,weights,0.0897,2026-09-11T09:39:42+00:00
IEESZ_0048_P_2,IEESZ_0048,OK,,18,weights,0.0882,2026-09-11T09:39:42+00:00
IEESZ_0048_P_3,IEESZ_0048,OK,,18,weights,0.0878,2026-09-11T09:39:42+00:00
IEESZ_0048_S_1,IEESZ_0048,OK,,18,weights,0.0896,2026-09-11T09:39:42+00:00
IEESZ_0048_S_2,IEESZ_0048,OK,,18,weights,0.0910,2026-09-11T09:39:42+00:00
IEESZ_0048_S_3,IEESZ_0048,OK,,18,weights,0.0926,2026-09-11T09:39:42+00:00
IEESZ_0063_P_1,IEESZ_0063,OK,,18,weights,0.1025,2026-09-11T09:39:42+00:00
IEESZ_0063_P_2,IEESZ_0063,OK,,18,weights,0.1495,2026-09-11T09:39:42+00:00
IEESZ_0063_P_3,IEESZ_0063,OK,,18,weights,0.1151,2026-09-11T09:39:42+00:00
IEESZ_0063_P_4,IEESZ_0063,OK,,18,weights,0.0999,2026-09-11T09:39:43+00:00
IEESZ_0063_P_5,IEESZ_0063,OK,,18,weights,0.0979,2026-09-11T09:39:43+00:00
IEESZ_0063_S_1,IEESZ_0063,OK,,18,weights,0.0977,2026-09-11T09:39:43+00:00
IEESZ_0063_S_2,IEESZ_0063,OK,,18,weights,0.1039,2026-09-11T09:39:43+00:00
IEESZ_0063_S_3,IEESZ_0063,OK,,18,weights,0.0958,2026-09-11T09:39:43+00:00
IEESZ_0063_S_4,IEESZ_0063,SUSPECT,only_15_of_18_expected_maxima,15,weights,0.0962,2026-09-11T09:39:43+00:00
IEESZ_0063_S_5,IEESZ_0063,OK,,18,weights,0.1020,2026-09-11T09:39:43+00:00
IEESZ_0072_P_1,IEESZ_0072,OK,,18,weights,0.1185,2026-09-11T09:39:43+00:00
IEESZ_0072_P_2,IEESZ_0072,OK,,18,weights,0.1224,2026-09-11T09:39:43+00:00
IEESZ_0072_P_3,IEESZ_0072,OK,,18,weights,0.0971,2026-09-11T09:39:43+00:00
IEESZ_0072_P_4,IEESZ_0072,OK,,18,weights,0.0986,2026-09-11T09:39:44+00:00
IEESZ_0072_P_5,IEESZ_0072,OK,,18,weights,0.1090,2026-09-11T09:39:44+00:00
IEESZ_0072_S_1,IEESZ_0072,OK,,18,weights,0.1071,2026-09-11T09:39:44+00:00
IEESZ_0072_S_2,IEESZ_0072,OK,,18,weights,0.1085,2026-09-11T09:39:44+00:00
IEESZ_0072_S_3,IEESZ_0072,OK,,18,weights,0.0983,2026-09-11T09:39:44+00:00
IEESZ_0072_S_4,IEESZ_0072,OK,,18,weights,0.0957,2026-09-11T09:39:44+00:00
IEESZ_0072_S_5,IEESZ_0072,OK,,18,weights,0.0995,2026-09-11T09:39:44+00:00
ISSERTES_0001_P_1,ISSERTES_0001,OK,,18,weights,0.1001,2026-09-11T09:39:44+00:00
ISSERTES_0001_P_2,ISSERTES_0001,OK,,18,weights,0.0985,2026-09-11T09:39:44+00:00
ISSERTES_0001_S_1,ISSERTES_0001,OK,,18,weights,0.0963,2026-09-11T09:39:44+00:00
ISSERTES_0001_S_2,ISSERTES_0001,OK,,18,weights,0.0952,2026-09-11T09:39:45+00:00
ISSERTES_0001_S_3,ISSERTES_0001,OK,,18,weights,0.0921,2026-09-11T09:39:45+00:00
ISSERTES_0002_P_1,ISSERTES_0002,OK,,18,weights,0.0961,2026-09-11T09:39:45+00:00
ISSERTES_0002_P_2,ISSERTES_0002,OK,,18,weights,0.0958,2026-09-11T09:39:45+00:00
ISSERTES_0002_S_1,ISSERTES_0002,OK,,18,weights,0.0966,2026-09-11T09:39:45+00:00
ISSERTES_0002_S_2,ISSERTES_0002,OK,,18,weights,0.0928,2026-09-11T09:39:45+00:00
ISSERTES_0002_S_3,ISSERTES_0002,OK,,18,weights,0.0955,2026-09-11T09:39:45+00:00
ISSERTES_0003_P_1,ISSERTES_0003,SUSPECT,only_13_of_18_expected_maxima,13,weights,0.0942,2026-09-11T09:39:45+00:00
ISSERTES_0003_P_2,ISSERTES_0003,SUSPECT,only_11_of_18_expected_maxima,11,weights,0.0923,2026-09-11T09:39:45+00:00
ISSERTES_0003_S_1,ISSERTES_0003,SUSPECT,only_15_of_18_expected_maxima,15,weights,0.0942,2026-09-11T09:39:45+00:00
ISSERTES_0003_S_2,ISSERTES_0003,OK,,18,weights,0.0917,2026-09-11T09:39:46+00:00
ISSERTES_0003_S_3,ISSERTES_0003,OK,,18,weights,0.0950,2026-09-11T09:39:46+00:00
ISSERTES_0004_P_1,ISSERTES_0004,OK,,18,weights,0.0951,2026-09-11T09:39:46+00:00
ISSERTES_0004_P_2,ISSERTES_0004,OK,,18,weights,0.0936,2026-09-11T09:39:46+00:00
ISSERTES_0004_S_1,ISSERTES_0004,OK,,18,weights,0.0962,2026-09-11T09:39:46+00:00
ISSERTES_0004_S_2,ISSERTES_0004,OK,,18,weights,0.0959,2026-09-11T09:39:46+00:00
ISSERTES_0004_S_3,ISSERTES_0004,OK,,18,weights,0.0913,2026-09-11T09:39:46+00:00
ISSERTES_0005_P_1,ISSERTES_0005,OK,,18,weights,0.0964,2026-09-11T09:39:46+00:00
ISSERTES_0005_P_2,ISSERTES_0005,OK,,18,weights,0.0963,2026-09-11T09:39:46+00:00
ISSERTES_0005_S_1,ISSERTES_0005,OK,,18,weights,0.0919,2026-09-11T09:39:46+00:00
ISSERTES_0005_S_2,ISSERTES_0005,OK,,18,weights,0.1008,2026-09-11T09:39:47+00:00
ISSERTES_0005_S_3,ISSERTES_0005,OK,,18,weights,0.0948,2026-09-11T09:39:47+00:00
ISSERTES_0006_P_1,ISSERTES_0006,OK,,18,weights,0.0951,2026-09-11T09:39:47+00:00
ISSERTES_0006_P_2,ISSERTES_0006,OK,,18,weights,0.0948,2026-09-11T09:39:47+00:00
ISSERTES_0006_S_1,ISSERTES_0006,OK,,18,weights,0.0933,2026-09-11T09:39:47+00:00
ISSERTES_0006_S_2,ISSERTES_0006,OK,,18,weights,0.0958,2026-09-11T09:39:47+00:00
ISSERTES_0006_S_3,ISSERTES_0006,OK,,18,weights,0.0986,2026-09-11T09:39:47+00:00
ISSERTES_0007_P_1,ISSERTES_0007,OK,,18,weights,0.0950,2026-09-11T09:39:47+00:00
ISSERTES_0007_P_2,ISSERTES_0007,OK,,18,weights,0.0935,2026-09-11T09:39:47+00:00
ISSERTES_0007_S_1,ISSERTES_0007,OK,,18,weights,0.0948,2026-09-11T09:39:47+00:00
ISSERTES_0007_S_2,ISSERTES_0007,OK,,18,weights,0.0936,2026-09-11T09:39:47+00:00
ISSERTES_0007_S_3,ISSERTES_0007,OK,,18,weights,0.0942,2026-09-11T09:39:48+00:00
ISSERTES_0008_P_1,ISSERTES_0008,OK,,18,weights,0.0953,2026-09-11T09:39:48+00:00
ISSERTES_0008_P_2,ISSERTES_0008,OK,,18,weights,0.0944,2026-09-11T09:39:48+00:00
ISSERTES_0008_S_1,ISSERTES_0008,OK,,18,weights,0.0942,2026-09-11T09:39:48+00:00
ISSERTES_0008_S_2,ISSERTES_0008,OK,,18,weights,0.0925,2026-09-11T09:39:48+00:00
ISSERTES_0008_S_3,ISSERTES_0008,OK,,18,weights,0.0912,2026-09-11T09:39:48+00:00
ISSERTES_0009_P_1,ISSERTES_0009,OK,,18,weights,0.0962,2026-09-11T09:39:48+00:00
ISSERTES_0009_P_2,ISSERTES_0009,OK,,18,weights,0.0932,2026-09-11T09:39:48+00:00
ISSERTES_0009_S_1,ISSERTES_0009,OK,,18,weights,0.0942,2026-09-11T09:39:48+00:00
ISSERTES_0009_S_2,ISSERTES_0009,OK,,18,weights,0.0937,2026-09-11T09:39:48+00:00
ISSERTES_0009_S_3,ISSERTES_0009,OK,,18,weights,0.0924,2026-09-11T09:39:48+00:00
ISSERTES_0010_P_1,ISSERTES_0010,OK,,18,weights,0.0927,2026-09-11T09:39:49+00:00
ISSERTES_0010_P_2,ISSERTES_0010,OK,,18,weights,0.0933,2026-09-11T09:39:49+00:00
ISSERTES_0010_S_1,ISSERTES_0010,OK,,18,weights,0.0931,2026-09-11T09:39:49+00:00
ISSERTES_0010_S_2,ISSERTES_0010,OK,,18,weights,0.0919,2026-09-11T09:39:49+00:00
ISSERTES_0010_S_3,ISSERTES_0010,OK,,18,weights,0.0902,2026-09-11T09:39:49+00:00
ISSERTES_0011_P_1,ISSERTES_0011,OK,,18,weights,0.0954,2026-09-11T09:39:49+00:00
ISSERTES_0011_P_2,ISSERTES_0011,OK,,18,weights,0.0907,2026-09-11T09:39:49+00:00
ISSERTES_0011_S_1,ISSERTES_0011,OK,,18,weights,0.0936,2026-09-11T09:39:49+00:00
ISSERTES_0011_S_3,ISSERTES_0011,OK,,18,weights,0.0922,2026-09-11T09:39:49+00:00
ISSERTES_0012_P_1,ISSERTES_0012,OK,,18,weights,0.0951,2026-09-11T09:39:49+00:00
ISSERTES_0012_P_2,ISSERTES_0012,OK,,18,weights,0.0941,2026-09-11T09:39:50+00:00
ISSERTES_0012_S_1,ISSERTES_0012,OK,,18,weights,0.0933,2026-09-11T09:39:50+00:00
ISSERTES_0012_S_2,ISSERTES_0012,OK,,18,weights,0.0945,2026-09-11T09:39:50+00:00
ISSERTES_0012_S_3,ISSERTES_0012,OK,,18,weights,0.0928,2026-09-11T09:39:50+00:00
ISSERTES_0013_P_1,ISSERTES_0013,OK,,18,weights,0.0941,2026-09-11T09:39:50+00:00
ISSERTES_0013_P_2,ISSERTES_0013,OK,,18,weights,0.0927,2026-09-11T09:39:50+00:00
ISSERTES_0013_S_1,ISSERTES_0013,OK,,18,weights,0.0937,2026-09-11T09:39:50+00:00
ISSERTES_0013_S_2,ISSERTES_0013,OK,,18,weights,0.0922,2026-09-11T09:39:50+00:00
ISSERTES_0013_S_3,ISSERTES_0013,OK,,18,weights,0.0947,2026-09-11T09:39:50+00:00
ISSERTES_0014_P_1,ISSERTES_0014,OK,,18,weights,0.0929,2026-09-11T09:39:50+00:00
ISSERTES_0014_P_2,ISSERTES_0014,OK,,18,weights,0.0960,2026-09-11T09:39:50+00:00
ISSERTES_0014_S_1,ISSERTES_0014,OK,,18,weights,0.0958,2026-09-11T09:39:51+00:00
ISSERTES_0014_S_2,ISSERTES_0014,OK,,18,weights,0.0937,2026-09-11T09:39:51+00:00
ISSERTES_0014_S_3,ISSERTES_0014,OK,,18,weights,0.0950,2026-09-11T09:39:51+00:00
ISSERTES_0015_P_1,ISSERTES_0015,OK,,18,weights,0.0934,2026-09-11T09:39:51+00:00
ISSERTES_0015_P_2,ISSERTES_0015,OK,,18,weights,0.0939,2026-09-11T09:39:51+00:00
ISSERTES_0015_S_1,ISSERTES_0015,OK,,18,weights,0.0928,2026-09-11T09:39:51+00:00
ISSERTES_0015_S_2,ISSERTES_0015,OK,,18,weights,0.0916,2026-09-11T09:39:51+00:00
ISSERTES_0015_S_3,ISSERTES_0015,OK,,18,weights,0.0951,2026-09-11T09:39:51+00:00
ISSERTES_0016_P_1,ISSERTES_0016,OK,,18,weights,0.0954,2026-09-11T09:39:51+00:00
ISSERTES_0016_P_2,ISSERTES_0016,OK,,18,weights,0.0926,2026-09-11T09:39:51+00:00
ISSERTES_0016_S_1,ISSERTES_0016,OK,,18,weights,0.0942,2026-09-11T09:39:52+00:00
ISSERTES_0016_S_2,ISSERTES_0016,OK,,18,weights,0.0938,2026-09-11T09:39:52+00:00
ISSERTES_0016_S_3,ISSERTES_0016,OK,,18,weights,0.0950,2026-09-11T09:39:52+00:00
ISSERTES_0017_P_2,ISSERTES_0017,OK,,18,weights,0.0932,2026-09-11T09:39:52+00:00
ISSERTES_0017_S_1,ISSERTES_0017,OK,,18,weights,0.0939,2026-09-11T09:39:52+00:00
ISSERTES_0017_S_2,ISSERTES_0017,OK,,18,weights,0.0936,2026-09-11T09:39:52+00:00
ISSERTES_0017_S_3,ISSERTES_0017,OK,,18,weights,0.0907,2026-09-11T09:39:52+00:00
ISSERTES_0018_P_1,ISSERTES_0018,OK,,18,weights,0.0909,2026-09-11T09:39:52+00:00
ISSERTES_0018_P_2,ISSERTES_0018,SUSPECT,only_17_of_18_expected_maxima,17,weights,0.0949,2026-09-11T09:39:52+00:00
ISSERTES_0018_S_1,ISSERTES_0018,OK,,18,weights,0.0928,2026-09-11T09:39:52+00:00
ISSERTES_0018_S_2,ISSERTES_0018,OK,,18,weights,0.0936,2026-09-11T09:39:52+00:00
ISSERTES_0018_S_3,ISSERTES_0018,OK,,18,weights,0.0939,2026-09-11T09:39:53+00:00
ISSERTES_0019_P_1,ISSERTES_0019,OK,,18,weights,0.0940,2026-09-11T09:39:53+00:00
ISSERTES_0019_P_2,ISSERTES_0019,OK,,18,weights,0.0950,2026-09-11T09:39:53+00:00
ISSERTES_0019_S_1,ISSERTES_0019,OK,,18,weights,0.0937,2026-09-11T09:39:53+00:00
ISSERTES_0019_S_2,ISSERTES_0019,OK,,18,weights,0.0965,2026-09-11T09:39:53+00:00
ISSERTES_0019_S_3,ISSERTES_0019,OK,,18,weights,0.0911,2026-09-11T09:39:53+00:00
ISSERTES_0020_P_1,ISSERTES_0020,OK,,18,weights,0.0976,2026-09-11T09:39:53+00:00
ISSERTES_0020_P_2,ISSERTES_0020,OK,,18,weights,0.0942,2026-09-11T09:39:53+00:00
ISSERTES_0020_S_1,ISSERTES_0020,OK,,18,weights,0.0919,2026-09-11T09:39:53+00:00
ISSERTES_0020_S_2,ISSERTES_0020,OK,,18,weights,0.0955,2026-09-11T09:39:53+00:00
ISSERTES_0020_S_3,ISSERTES_0020,OK,,18,weights,0.0959,2026-09-11T09:39:53+00:00
ISSERTES_0021_P_1,ISSERTES_0021,OK,,18,weights,0.0907,2026-09-11T09:39:54+00:00
ISSERTES_0021_P_2,ISSERTES_0021,OK,,18,weights,0.0940,2026-09-11T09:39:54+00:00
ISSERTES_0021_S_1,ISSERTES_0021,OK,,18,weights,0.0930,2026-09-11T09:39:54+00:00
ISSERTES_0021_S_2,ISSERTES_0021,OK,,18,weights,0.0945,2026-09-11T09:39:54+00:00
ISSERTES_0021_S_3,ISSERTES_0021,OK,,18,weights,0.0949,2026-09-11T09:39:54+00:00
ISSERTES_0022_P_1,ISSERTES_0022,OK,,18,weights,0.0926,2026-09-11T09:39:54+00:00
ISSERTES_0022_P_2,ISSERTES_0022,OK,,18,weights,0.0936,2026-09-11T09:39:54+00:00
ISSERTES_0022_S_1,ISSERTES_0022,OK,,18,weights,0.0932,2026-09-11T09:39:54+00:00
ISSERTES_0022_S_2,ISSERTES_0022,OK,,18,weights,0.0949,2026-09-11T09:39:54+00:00
ISSERTES_0022_S_3,ISSERTES_0022,OK,,18,weights,0.0936,2026-09-11T09:39:54+00:00
ISSERTES_0023_P_1,ISSERTES_0023,OK,,18,weights,0.0952,2026-09-11T09:39:55+00:00
ISSERTES_0023_P_2,ISSERTES_0023,OK,,18,weights,0.0942,2026-09-11T09:39:55+00:00
ISSERTES_0023_S_1,ISSERTES_0023,OK,,18,weights,0.0951,2026-09-11T09:39:55+00:00
ISSERTES_0023_S_2,ISSERTES_0023,OK,,18,weights,0.0929,2026-09-11T09:39:55+00:00
ISSERTES_0023_S_3,ISSERTES_0023,OK,,18,weights,0.0930,2026-09-11T09:39:55+00:00
ISSERTES_0024_P_1,ISSERTES_0024,OK,,18,weights,0.0912,2026-09-11T09:39:55+00:00
ISSERTES_0024_P_2,ISSERTES_0024,OK,,18,weights,0.0945,2026-09-11T09:39:55+00:00
ISSERTES_0024_S_1,ISSERTES_0024,OK,,18,weights,0.0966,2026-09-11T09:39:55+00:00
ISSERTES_0024_S_2,ISSERTES_0024,OK,,18,weights,0.0908,2026-09-11T09:39:55+00:00
ISSERTES_0024_S_3,ISSERTES_0024,OK,,18,weights,0.0962,2026-09-11T09:39:55+00:00
ISSERTES_0025_P_1,ISSERTES_0025,OK,,18,weights,0.0947,2026-09-11T09:39:55+00:00
ISSERTES_0025_P_2,ISSERTES_0025,OK,,18,weights,0.0907,2026-09-11T09:39:56+00:00
ISSERTES_0025_S_1,ISSERTES_0025,OK,,18,weights,0.0937,2026-09-11T09:39:56+00:00
ISSERTES_0025_S_2,ISSERTES_0025,OK,,18,weights,0.0910,2026-09-11T09:39:56+00:00
ISSERTES_0025_S_3,ISSERTES_0025,OK,,18,weights,0.0925,2026-09-11T09:39:56+00:00
ISSERTES_0026_P_1,ISSERTES_0026,OK,,18,weights,0.0996,2026-09-11T09:39:56+00:00
ISSERTES_0026_P_2,ISSERTES_0026,OK,,18,weights,0.0939,2026-09-11T09:39:56+00:00
ISSERTES_0026_S_1,ISSERTES_0026,OK,,18,weights,0.0921,2026-09-11T09:39:56+00:00
ISSERTES_0026_S_2,ISSERTES_0026,OK,,18,weights,0.0941,2026-09-11T09:39:56+00:00
ISSERTES_0026_S_3,ISSERTES_0026,OK,,18,weights,0.0940,2026-09-11T09:39:56+00:00
ISSERTES_0027_P_1,ISSERTES_0027,OK,,18,weights,0.0927,2026-09-11T09:39:56+00:00
ISSERTES_0027_P_2,ISSERTES_0027,OK,,18,weights,0.0902,2026-09-11T09:39:57+00:00
ISSERTES_0027_S_1,ISSERTES_0027,OK,,18,weights,0.0928,2026-09-11T09:39:57+00:00
ISSERTES_0027_S_2,ISSERTES_0027,OK,,18,weights,0.0932,2026-09-11T09:39:57+00:00
ISSERTES_0027_S_3,ISSERTES_0027,OK,,18,weights,0.0921,2026-09-11T09:39:57+00:00
ISSERTES_0028_P_1,ISSERTES_0028,OK,,18,weights,0.0931,2026-09-11T09:39:57+00:00
ISSERTES_0028_P_2,ISSERTES_0028,OK,,18,weights,0.0896,2026-09-11T09:39:57+00:00
ISSERTES_0028_S_1,ISSERTES_0028,OK,,18,weights,0.0935,2026-09-11T09:39:57+00:00
ISSERTES_0028_S_2,ISSERTES_0028,OK,,18,weights,0.0911,2026-09-11T09:39:57+00:00
ISSERTES_0028_S_3,ISSERTES_0028,OK,,18,weights,0.0919,2026-09-11T09:39:57+00:00
ISSERTES_0029_P_1,ISSERTES_0029,OK,,18,weights,0.0914,2026-09-11T09:39:57+00:00
ISSERTES_0029_P_2,ISSERTES_0029,OK,,18,weights,0.0924,2026-09-11T09:39:57+00:00
ISSERTES_0029_S_1,ISSERTES_0029,OK,,18,weights,0.0919,2026-09-11T09:39:58+00:00
ISSERTES_0029_S_2,ISSERTES_0029,OK,,18,weights,0.0934,2026-09-11T09:39:58+00:00
ISSERTES_0029_S_3,ISSERTES_0029,OK,,18,weights,0.0929,2026-09-11T09:39:58+00:00
ISSERTES_0030_P_2,ISSERTES_0030,OK,,18,weights,0.0928,2026-09-11T09:39:58+00:00
ISSERTES_0030_S_1,ISSERTES_0030,OK,,18,weights,0.0934,2026-09-11T09:39:58+00:00
ISSERTES_0030_S_2,ISSERTES_0030,OK,,18,weights,0.0929,2026-09-11T09:39:58+00:00
ISSERTES_0030_S_3,ISSERTES_0030,OK,,18,weights,0.0944,2026-09-11T09:39:58+00:00
ISSERTES_0031_P_1,ISSERTES_0031,OK,,18,weights,0.0926,2026-09-11T09:39:58+00:00
ISSERTES_0031_P_2,ISSERTES_0031,OK,,18,weights,0.0919,2026-09-11T09:39:58+00:00
ISSERTES_0031_S_1,ISSERTES_0031,OK,,18,weights,0.0934,2026-09-11T09:39:58+00:00
ISSERTES_0031_S_2,ISSERTES_0031,OK,,18,weights,0.0923,2026-09-11T09:39:58+00:00
ISSERTES_0031_S_3,ISSERTES_0031,OK,,18,weights,0.0906,2026-09-11T09:39:59+00:00
ISSERTES_0032_P_1,ISSERTES_0032,OK,,18,weights,0.0923,2026-09-11T09:39:59+00:00
ISSERTES_0032_P_2,ISSERTES_0032,OK,,18,weights,0.0931,2026-09-11T09:39:59+00:00
ISSERTES_0032_S_1,ISSERTES_0032,OK,,18,weights,0.0925,2026-09-11T09:39:59+00:00
ISSERTES_0032_S_2,ISSERTES_0032,OK,,18,weights,0.0919,2026-09-11T09:39:59+00:00
ISSERTES_0032_S_3,ISSERTES_0032,OK,,18,weights,0.0906,2026-09-11T09:39:59+00:00
ISSERTES_0033_P_1,ISSERTES_0033,OK,,18,weights,0.0941,2026-09-11T09:39:59+00:00
ISSERTES_0033_P_2,ISSERTES_0033,OK,,18,weights,0.0915,2026-09-11T09:39:59+00:00
ISSERTES_0033_S_1,ISSERTES_0033,OK,,18,weights,0.0934,2026-09-11T09:39:59+00:00
ISSERTES_0033_S_2,ISSERTES_0033,OK,,18,weights,0.0940,2026-09-11T09:39:59+00:00
ISSERTES_0033_S_3,ISSERTES_0033,OK,,18,weights,0.0922,2026-09-11T09:39:59+00:00
ISSERTES_0034_P_1,ISSERTES_0034,SUSPECT,only_12_of_18_expected_maxima,12,weights,0.0929,2026-09-11T09:40:00+00:00
ISSERTES_0034_P_2,ISSERTES_0034,SUSPECT,only_16_of_18_expected_maxima,16,weights,0.0920,2026-09-11T09:40:00+00:00
ISSERTES_0034_S_1,ISSERTES_0034,SUSPECT,only_15_of_18_expected_maxima,15,weights,0.0938,2026-09-11T09:40:00+00:00
ISSERTES_0034_S_2,ISSERTES_0034,OK,,18,weights,0.0938,2026-09-11T09:40:00+00:00
ISSERTES_0034_S_3,ISSERTES_0034,SUSPECT,only_17_of_18_expected_maxima,17,weights,0.0922,2026-09-11T09:40:00+00:00
ISSERTES_0035_P_1,ISSERTES_0035,SUSPECT,only_14_of_18_expected_maxima,14,weights,0.0906,2026-09-11T09:40:00+00:00
ISSERTES_0035_P_2,ISSERTES_0035,SUSPECT,only_14_of_18_expected_maxima,14,weights,0.0917,2026-09-11T09:40:00+00:00
ISSERTES_0035_S_1,ISSERTES_0035,SUSPECT,only_15_of_18_expected_maxima,15,weights,0.0915,2026-09-11T09:40:00+00:00
ISSERTES_0035_S_2,ISSERTES_0035,SUSPECT,only_15_of_18_expected_maxima,15,weights,0.0930,2026-09-11T09:40:00+00:00
ISSERTES_0035_S_3,ISSERTES_0035,SUSPECT,only_16_of_18_expected_maxima,16,weights,0.0934,2026-09-11T09:40:00+00:00
ISSERTES_0036_P_1,ISSERTES_0036,SUSPECT,only_14_of_18_expected_maxima,14,weights,0.0914,2026-09-11T09:40:01+00:00
ISSERTES_0036_P_2,ISSERTES_0036,SUSPECT,only_15_of_18_expected_maxima,15,weights,0.0934,2026-09-11T09:40:01+00:00
ISSERTES_0036_S_1,ISSERTES_0036,SUSPECT,only_17_of_18_expected_maxima,17,weights,0.0930,2026-09-11T09:40:01+00:00
ISSERTES_0036_S_2,ISSERTES_0036,OK,,18,weights,0.0925,2026-09-11T09:40:01+00:00
ISSERTES_0036_S_3,ISSERTES_0036,OK,,18,weights,0.0927,2026-09-11T09:40:01+00:00
ISSERTES_0037_P_1,ISSERTES_0037,OK,,18,weights,0.0936,2026-09-11T09:40:01+00:00
ISSERTES_0037_P_2,ISSERTES_0037,OK,,18,weights,0.0942,2026-09-11T09:40:01+00:00
ISSERTES_0037_S_1,ISSERTES_0037,OK,,18,weights,0.0940,2026-09-11T09:40:01+00:00
ISSERTES_0037_S_2,ISSERTES_0037,OK,,18,weights,0.0938,2026-09-11T09:40:01+00:00
ISSERTES_0037_S_3,ISSERTES_0037,OK,,18,weights,0.0938,2026-09-11T09:40:01+00:00
ISSERTES_0038_P_1,ISSERTES_0038,SUSPECT,only_12_of_18_expected_maxima,12,weights,0.0877,2026-09-11T09:40:01+00:00
ISSERTES_0038_P_2,ISSERTES_0038,SUSPECT,only_17_of_18_expected_maxima,17,weights,0.0887,2026-09-11T09:40:02+00:00
ISSERTES_0038_S_1,ISSERTES_0038,SUSPECT,only_14_of_18_expected_maxima,14,weights,0.0909,2026-09-11T09:40:02+00:00
ISSERTES_0038_S_2,ISSERTES_0038,OK,,18,weights,0.0912,2026-09-11T09:40:02+00:00
ISSERTES_0038_S_3,ISSERTES_0038,SUSPECT,only_17_of_18_expected_maxima,17,weights,0.0902,2026-09-11T09:40:02+00:00
ISSERTES_0039_P_1,ISSERTES_0039,SUSPECT,only_6_of_18_expected_maxima,6,weights,0.0853,2026-09-11T09:40:02+00:00
ISSERTES_0039_P_2,ISSERTES_0039,SUSPECT,only_8_of_18_expected_maxima,8,weights,0.0880,2026-09-11T09:40:02+00:00
ISSERTES_0039_S_1,ISSERTES_0039,SUSPECT,only_8_of_18_expected_maxima,8,weights,0.0879,2026-09-11T09:40:02+00:00
ISSERTES_0039_S_2,ISSERTES_0039,SUSPECT,only_14_of_18_expected_maxima,14,weights,0.0947,2026-09-11T09:40:02+00:00
ISSERTES_0039_S_3,ISSERTES_0039,SUSPECT,only_16_of_18_expected_maxima,16,weights,0.0913,2026-09-11T09:40:02+00:00
ISSERTES_0040_P_1,ISSERTES_0040,OK,,18,weights,0.0926,2026-09-11T09:40:02+00:00
ISSERTES_0040_P_2,ISSERTES_0040,OK,,18,weights,0.0950,2026-09-11T09:40:02+00:00
ISSERTES_0040_S_1,ISSERTES_0040,OK,,18,weights,0.0959,2026-09-11T09:40:03+00:00
ISSERTES_0040_S_2,ISSERTES_0040,OK,,18,weights,0.0976,2026-09-11T09:40:03+00:00
ISSERTES_0040_S_3,ISSERTES_0040,OK,,18,weights,0.0901,2026-09-11T09:40:03+00:00
ISSERTES_0041_P_1,ISSERTES_0041,OK,,18,weights,0.0959,2026-09-11T09:40:03+00:00
ISSERTES_0041_P_2,ISSERTES_0041,OK,,18,weights,0.0964,2026-09-11T09:40:03+00:00
ISSERTES_0041_S_1,ISSERTES_0041,OK,,18,weights,0.0939,2026-09-11T09:40:03+00:00
ISSERTES_0041_S_2,ISSERTES_0041,OK,,18,weights,0.0947,2026-09-11T09:40:03+00:00
ISSERTES_0041_S_3,ISSERTES_0041,OK,,18,weights,0.0938,2026-09-11T09:40:03+00:00
ISSERTES_0042_P_1,ISSERTES_0042,OK,,18,weights,0.0931,2026-09-11T09:40:03+00:00
ISSERTES_0042_P_2,ISSERTES_0042,OK,,18,weights,0.0963,2026-09-11T09:40:03+00:00
ISSERTES_0042_S_1,ISSERTES_0042,OK,,18,weights,0.0960,2026-09-11T09:40:04+00:00
ISSERTES_0042_S_2,ISSERTES_0042,OK,,18,weights,0.0924,2026-09-11T09:40:04+00:00
ISSERTES_0042_S_3,ISSERTES_0042,OK,,18,weights,0.0928,2026-09-11T09:40:04+00:00
ISSERTES_0043_P_1,ISSERTES_0043,OK,,18,weights,0.0939,2026-09-11T09:40:04+00:00
ISSERTES_0043_P_2,ISSERTES_0043,OK,,18,weights,0.0951,2026-09-11T09:40:04+00:00
ISSERTES_0043_S_1,ISSERTES_0043,OK,,18,weights,0.0946,2026-09-11T09:40:04+00:00
ISSERTES_0043_S_2,ISSERTES_0043,OK,,18,weights,0.0961,2026-09-11T09:40:04+00:00
ISSERTES_0043_S_3,ISSERTES_0043,OK,,18,weights,0.0928,2026-09-11T09:40:04+00:00
ISSERTES_0044_P_1,ISSERTES_0044,OK,,18,weights,0.0948,2026-09-11T09:40:04+00:00
ISSERTES_0044_P_2,ISSERTES_0044,OK,,18,weights,0.1094,2026-09-11T09:40:04+00:00
ISSERTES_0044_S_1,ISSERTES_0044,OK,,18,weights,0.0944,2026-09-11T09:40:04+00:00
ISSERTES_0044_S_2,ISSERTES_0044,OK,,18,weights,0.0958,2026-09-11T09:40:05+00:00
ISSERTES_0044_S_3,ISSERTES_0044,OK,,18,weights,0.0932,2026-09-11T09:40:05+00:00
ISSERTES_0045_P_1,ISSERTES_0045,OK,,18,weights,0.0952,2026-09-11T09:40:05+00:00
ISSERTES_0045_P_2,ISSERTES_0045,OK,,18,weights,0.0958,2026-09-11T09:40:05+00:00
ISSERTES_0045_S_1,ISSERTES_0045,OK,,18,weights,0.0948,2026-09-11T09:40:05+00:00
ISSERTES_0045_S_2,ISSERTES_0045,OK,,18,weights,0.0919,2026-09-11T09:40:05+00:00
ISSERTES_0045_S_3,ISSERTES_0045,OK,,18,weights,0.0937,2026-09-11T09:40:05+00:00
ISSERTES_0046_P_1,ISSERTES_0046,OK,,18,weights,0.0932,2026-09-11T09:40:05+00:00
ISSERTES_0046_P_2,ISSERTES_0046,OK,,18,weights,0.1009,2026-09-11T09:40:05+00:00
ISSERTES_0046_S_1,ISSERTES_0046,OK,,18,weights,0.0944,2026-09-11T09:40:05+00:00
ISSERTES_0046_S_2,ISSERTES_0046,OK,,18,weights,0.0942,2026-09-11T09:40:06+00:00
ISSERTES_0046_S_3,ISSERTES_0046,OK,,18,weights,0.0937,2026-09-11T09:40:06+00:00
ISSERTES_0047_P_1,ISSERTES_0047,OK,,18,weights,0.0944,2026-09-11T09:40:06+00:00
ISSERTES_0047_P_2,ISSERTES_0047,OK,,18,weights,0.0998,2026-09-11T09:40:06+00:00
ISSERTES_0047_S_1,ISSERTES_0047,OK,,18,weights,0.0999,2026-09-11T09:40:06+00:00
ISSERTES_0047_S_2,ISSERTES_0047,OK,,18,weights,0.0944,2026-09-11T09:40:06+00:00
ISSERTES_0047_S_3,ISSERTES_0047,OK,,18,weights,0.0912,2026-09-11T09:40:06+00:00
ISSERTES_0048_P_1,ISSERTES_0048,OK,,18,weights,0.0915,2026-09-11T09:40:06+00:00
ISSERTES_0048_P_2,ISSERTES_0048,OK,,18,weights,0.0895,2026-09-11T09:40:06+00:00
ISSERTES_0048_S_1,ISSERTES_0048,OK,,18,weights,0.0951,2026-09-11T09:40:06+00:00
ISSERTES_0048_S_2,ISSERTES_0048,OK,,18,weights,0.0941,2026-09-11T09:40:06+00:00
ISSERTES_0048_S_3,ISSERTES_0048,OK,,18,weights,0.0938,2026-09-11T09:40:07+00:00
ISSERTES_0049_P_1,ISSERTES_0049,OK,,18,weights,0.0934,2026-09-11T09:40:07+00:00
ISSERTES_0049_P_2,ISSERTES_0049,OK,,18,weights,0.0940,2026-09-11T09:40:07+00:00
ISSERTES_0049_S_1,ISSERTES_0049,OK,,18,weights,0.0950,2026-09-11T09:40:07+00:00
ISSERTES_0049_S_2,ISSERTES_0049,OK,,18,weights,0.0933,2026-09-11T09:40:07+00:00
ISSERTES_0049_S_3,ISSERTES_0049,OK,,18,weights,0.0908,2026-09-11T09:40:07+00:00
ISSERTES_0050_P_1,ISSERTES_0050,OK,,18,weights,0.0935,2026-09-11T09:40:07+00:00
ISSERTES_0050_P_2,ISSERTES_0050,OK,,18,weights,0.0904,2026-09-11T09:40:07+00:00
ISSERTES_0050_S_1,ISSERTES_0050,OK,,18,weights,0.0934,2026-09-11T09:40:07+00:00
ISSERTES_0050_S_2,ISSERTES_0050,OK,,18,weights,0.0951,2026-09-11T09:40:07+00:00
ISSERTES_0050_S_3,ISSERTES_0050,OK,,18,weights,0.0926,2026-09-11T09:40:08+00:00
ISSERTES_0051_P_1,ISSERTES_0051,OK,,18,weights,0.0932,2026-09-11T09:40:08+00:00
ISSERTES_0051_P_2,ISSERTES_0051,OK,,18,weights,0.0919,2026-09-11T09:40:08+00:00
ISSERTES_0051_S_1,ISSERTES_0051,OK,,18,weights,0.0947,2026-09-11T09:40:08+00:00
ISSERTES_0051_S_2,ISSERTES_0051,OK,,18,weights,0.0956,2026-09-11T09:40:08+00:00
ISSERTES_0051_S_3,ISSERTES_0051,OK,,18,weights,0.0912,2026-09-11T09:40:08+00:00
ISSERTES_0052_P_1,ISSERTES_0052,OK,,18,weights,0.0948,2026-09-11T09:40:08+00:00
ISSERTES_0052_P_2,ISSERTES_0052,OK,,18,weights,0.0886,2026-09-11T09:40:08+00:00
ISSERTES_0052_S_1,ISSERTES_0052,OK,,18,weights,0.0930,2026-09-11T09:40:08+00:00
ISSERTES_0052_S_2,ISSERTES_0052,OK,,18,weights,0.0904,2026-09-11T09:40:08+00:00
ISSERTES_0052_S_3,ISSERTES_0052,OK,,18,weights,0.0947,2026-09-11T09:40:08+00:00
ISSERTES_0053_P_1,ISSERTES_0053,OK,,18,weights,0.0918,2026-09-11T09:40:09+00:00
ISSERTES_0053_P_2,ISSERTES_0053,OK,,18,weights,0.0945,2026-09-11T09:40:09+00:00
ISSERTES_0053_S_1,ISSERTES_0053,OK,,18,weights,0.0942,2026-09-11T09:40:09+00:00
ISSERTES_0053_S_2,ISSERTES_0053,OK,,18,weights,0.0921,2026-09-11T09:40:09+00:00
ISSERTES_0053_S_3,ISSERTES_0053,OK,,18,weights,0.0932,2026-09-11T09:40:09+00:00
ISSERTES_0054_P_1,ISSERTES_0054,OK,,18,weights,0.0918,2026-09-11T09:40:09+00:00
ISSERTES_0054_S_1,ISSERTES_0054,SUSPECT,only_16_of_18_expected_maxima,16,weights,0.0940,2026-09-11T09:40:09+00:00
ISSERTES_0054_S_2,ISSERTES_0054,SUSPECT,only_15_of_18_expected_maxima,15,weights,0.0910,2026-09-11T09:40:09+00:00
ISSERTES_0054_S_3,ISSERTES_0054,OK,,18,weights,0.0924,2026-09-11T09:40:09+00:00
ISSERTES_0055_P_1,ISSERTES_0055,OK,,18,weights,0.0956,2026-09-11T09:40:09+00:00
ISSERTES_0055_P_2,ISSERTES_0055,OK,,18,weights,0.0912,2026-09-11T09:40:09+00:00
ISSERTES_0055_S_1,ISSERTES_0055,OK,,18,weights,0.0961,2026-09-11T09:40:10+00:00
ISSERTES_0055_S_2,ISSERTES_0055,OK,,18,weights,0.0951,2026-09-11T09:40:10+00:00
ISSERTES_0055_S_3,ISSERTES_0055,OK,,18,weights,0.0921,2026-09-11T09:40:10+00:00
ISSERTES_0056_P_1,ISSERTES_0056,OK,,18,weights,0.0936,2026-09-11T09:40:10+00:00
ISSERTES_0056_P_2,ISSERTES_0056,OK,,18,weights,0.0906,2026-09-11T09:40:10+00:00
ISSERTES_0056_S_1,ISSERTES_0056,OK,,18,weights,0.0950,2026-09-11T09:40:10+00:00
ISSERTES_0056_S_2,ISSERTES_0056,OK,,18,weights,0.0923,2026-09-11T09:40:10+00:00
ISSERTES_0056_S_3,ISSERTES_0056,OK,,18,weights,0.0949,2026-09-11T09:40:10+00:00
ISSERTES_0057_P_1,ISSERTES_0057,OK,,18,weights,0.0927,2026-09-11T09:40:10+00:00
ISSERTES_0057_P_2,ISSERTES_0057,OK,,18,weights,0.0967,2026-09-11T09:40:10+00:00
ISSERTES_0057_S_1,ISSERTES_0057,OK,,18,weights,0.0971,2026-09-11T09:40:11+00:00
ISSERTES_0057_S_2,ISSERTES_0057,OK,,18,weights,0.0950,2026-09-11T09:40:11+00:00
ISSERTES_0057_S_3,ISSERTES_0057,OK,,18,weights,0.0942,2026-09-11T09:40:11+00:00
ISSERTES_0058_P_1,ISSERTES_0058,OK,,18,weights,0.0965,2026-09-11T09:40:11+00:00
ISSERTES_0058_P_2,ISSERTES_0058,OK,,18,weights,0.0936,2026-09-11T09:40:11+00:00
ISSERTES_0058_S_1,ISSERTES_0058,OK,,18,weights,0.0916,2026-09-11T09:40:11+00:00
ISSERTES_0058_S_2,ISSERTES_0058,OK,,18,weights,0.0921,2026-09-11T09:40:11+00:00
ISSERTES_0058_S_3,ISSERTES_0058,OK,,18,weights,0.0916,2026-09-11T09:40:11+00:00
ISSERTES_0059_P_1,ISSERTES_0059,OK,,18,weights,0.0954,2026-09-11T09:40:11+00:00
ISSERTES_0059_P_2,ISSERTES_0059,OK,,18,weights,0.0935,2026-09-11T09:40:11+00:00
ISSERTES_0059_S_1,ISSERTES_0059,OK,,18,weights,0.0930,2026-09-11T09:40:11+00:00
ISSERTES_0059_S_2,ISSERTES_0059,OK,,18,weights,0.0989,2026-09-11T09:40:12+00:00
ISSERTES_0059_S_3,ISSERTES_0059,OK,,18,weights,0.0966,2026-09-11T09:40:12+00:00
ISSERTES_0060_P_1,ISSERTES_0060,OK,,18,weights,0.0945,2026-09-11T09:40:12+00:00
ISSERTES_0060_P_2,ISSERTES_0060,OK,,18,weights,0.0934,2026-09-11T09:40:12+00:00
ISSERTES_0060_S_1,ISSERTES_0060,OK,,18,weights,0.0949,2026-09-11T09:40:12+00:00
ISSERTES_0060_S_2,ISSERTES_0060,OK,,18,weights,0.0943,2026-09-11T09:40:12+00:00
ISSERTES_0060_S_3,ISSERTES_0060,OK,,18,weights,0.0940,2026-09-11T09:40:12+00:00
ISSERTES_0061_P_1,ISSERTES_0061,OK,,18,weights,0.0962,2026-09-11T09:40:12+00:00
ISSERTES_0061_P_2,ISSERTES_0061,OK,,18,weights,0.0933,2026-09-11T09:40:12+00:00
ISSERTES_0061_S_1,ISSERTES_0061,OK,,18,weights,0.0952,2026-09-11T09:40:12+00:00
ISSERTES_0061_S_2,ISSERTES_0061,OK,,18,weights,0.0975,2026-09-11T09:40:13+00:00
ISSERTES_0061_S_3,ISSERTES_0061,OK,,18,weights,0.0966,2026-09-11T09:40:13+00:00
ISSERTES_0062_P_1,ISSERTES_0062,OK,,18,weights,0.0967,2026-09-11T09:40:13+00:00
ISSERTES_0062_P_2,ISSERTES_0062,OK,,18,weights,0.0970,2026-09-11T09:40:13+00:00
ISSERTES_0062_S_1,ISSERTES_0062,OK,,18,weights,0.0953,2026-09-11T09:40:13+00:00
ISSERTES_0062_S_2,ISSERTES_0062,OK,,18,weights,0.0939,2026-09-11T09:40:13+00:00
ISSERTES_0062_S_3,ISSERTES_0062,OK,,18,weights,0.0939,2026-09-11T09:40:13+00:00
ISSERTES_0063_P_1,ISSERTES_0063,OK,,18,weights,0.0932,2026-09-11T09:40:13+00:00
ISSERTES_0063_P_2,ISSERTES_0063,OK,,18,weights,0.0960,2026-09-11T09:40:13+00:00
ISSERTES_0063_S_1,ISSERTES_0063,OK,,18,weights,0.0959,2026-09-11T09:40:13+00:00
ISSERTES_0063_S_2,ISSERTES_0063,OK,,18,weights,0.0928,2026-09-11T09:40:13+00:00
ISSERTES_0063_S_3,ISSERTES_0063,OK,,18,weights,0.0945,2026-09-11T09:40:14+00:00
ISSERTES_0064_P_1,ISSERTES_0064,OK,,18,weights,0.0940,2026-09-11T09:40:14+00:00
ISSERTES_0064_P_2,ISSERTES_0064,OK,,18,weights,0.0940,2026-09-11T09:40:14+00:00
ISSERTES_0064_S_1,ISSERTES_0064,OK,,18,weights,0.0954,2026-09-11T09:40:14+00:00
ISSERTES_0064_S_2,ISSERTES_0064,SUSPECT,only_17_of_18_expected_maxima,17,weights,0.0969,2026-09-11T09:40:14+00:00
ISSERTES_0064_S_3,ISSERTES_0064,OK,,18,weights,0.0912,2026-09-11T09:40:14+00:00
ISSERTES_0065_P_1,ISSERTES_0065,OK,,18,weights,0.0941,2026-09-11T09:40:14+00:00
ISSERTES_0065_P_2,ISSERTES_0065,OK,,18,weights,0.0917,2026-09-11T09:40:14+00:00
ISSERTES_0065_S_1,ISSERTES_0065,OK,,18,weights,0.0931,2026-09-11T09:40:14+00:00
ISSERTES_0065_S_2,ISSERTES_0065,OK,,18,weights,0.0917,2026-09-11T09:40:14+00:00
ISSERTES_0065_S_3,ISSERTES_0065,OK,,18,weights,0.0938,2026-09-11T09:40:15+00:00
ISSERTES_0066_P_1,ISSERTES_0066,OK,,18,weights,0.0960,2026-09-11T09:40:15+00:00
ISSERTES_0066_P_2,ISSERTES_0066,OK,,18,weights,0.0938,2026-09-11T09:40:15+00:00
ISSERTES_0066_S_2,ISSERTES_0066,OK,,18,weights,0.0975,2026-09-11T09:40:15+00:00
ISSERTES_0066_S_3,ISSERTES_0066,OK,,18,weights,0.0930,2026-09-11T09:40:15+00:00
ISSERTES_0067_P_1,ISSERTES_0067,OK,,18,weights,0.0932,2026-09-11T09:40:15+00:00
ISSERTES_0067_P_2,ISSERTES_0067,OK,,18,weights,0.0919,2026-09-11T09:40:15+00:00
ISSERTES_0067_S_2,ISSERTES_0067,OK,,18,weights,0.0933,2026-09-11T09:40:15+00:00
ISSERTES_0067_S_3,ISSERTES_0067,OK,,18,weights,0.0956,2026-09-11T09:40:15+00:00
ISSERTES_0068_P_1,ISSERTES_0068,OK,,18,weights,0.0930,2026-09-11T09:40:15+00:00
ISSERTES_0068_P_2,ISSERTES_0068,OK,,18,weights,0.0938,2026-09-11T09:40:16+00:00
ISSERTES_0068_S_1,ISSERTES_0068,OK,,18,weights,0.0941,2026-09-11T09:40:16+00:00
ISSERTES_0068_S_2,ISSERTES_0068,OK,,18,weights,0.0922,2026-09-11T09:40:16+00:00
ISSERTES_0068_S_3,ISSERTES_0068,OK,,18,weights,0.0946,2026-09-11T09:40:16+00:00
ISSERTES_0069_P_1,ISSERTES_0069,OK,,18,weights,0.0914,2026-09-11T09:40:16+00:00
ISSERTES_0069_P_2,ISSERTES_0069,OK,,18,weights,0.0926,2026-09-11T09:40:16+00:00
ISSERTES_0069_S_1,ISSERTES_0069,OK,,18,weights,0.0912,2026-09-11T09:40:16+00:00
ISSERTES_0069_S_2,ISSERTES_0069,OK,,18,weights,0.0939,2026-09-11T09:40:16+00:00
ISSERTES_0069_S_3,ISSERTES_0069,OK,,18,weights,0.0953,2026-09-11T09:40:16+00:00
ISSERTES_0070_P_1,ISSERTES_0070,OK,,18,weights,0.0935,2026-09-11T09:40:16+00:00
ISSERTES_0070_P_2,ISSERTES_0070,OK,,18,weights,0.0950,2026-09-11T09:40:16+00:00
ISSERTES_0070_S_1,ISSERTES_0070,OK,,18,weights,0.0935,2026-09-11T09:40:17+00:00
ISSERTES_0070_S_2,ISSERTES_0070,OK,,18,weights,0.0942,2026-09-11T09:40:17+00:00
ISSERTES_0070_S_3,ISSERTES_0070,OK,,18,weights,0.0943,2026-09-11T09:40:17+00:00
ISSERTES_0071_P_1,ISSERTES_0071,OK,,18,weights,0.0916,2026-09-11T09:40:17+00:00
ISSERTES_0071_P_2,ISSERTES_0071,OK,,18,weights,0.0938,2026-09-11T09:40:17+00:00
ISSERTES_0071_S_1,ISSERTES_0071,OK,,18,weights,0.0927,2026-09-11T09:40:17+00:00
ISSERTES_0071_S_2,ISSERTES_0071,OK,,18,weights,0.0945,2026-09-11T09:40:17+00:00
ISSERTES_0071_S_3,ISSERTES_0071,OK,,18,weights,0.0945,2026-09-11T09:40:17+00:00
ISSERTES_0072_P_1,ISSERTES_0072,OK,,18,weights,0.0961,2026-09-11T09:40:17+00:00
ISSERTES_0072_P_2,ISSERTES_0072,OK,,18,weights,0.0914,2026-09-11T09:40:17+00:00
ISSERTES_0072_S_1,ISSERTES_0072,OK,,18,weights,0.0948,2026-09-11T09:40:17+00:00
ISSERTES_0072_S_2,ISSERTES_0072,OK,,18,weights,0.0900,2026-09-11T09:40:18+00:00
ISSERTES_0072_S_3,ISSERTES_0072,OK,,18,weights,0.0942,2026-09-11T09:40:18+00:00
ISSERTES_0073_P_1,ISSERTES_0073,OK,,18,weights,0.0925,2026-09-11T09:40:18+00:00
ISSERTES_0073_P_2,ISSERTES_0073,OK,,18,weights,0.0944,2026-09-11T09:40:18+00:00
ISSERTES_0073_S_1,ISSERTES_0073,OK,,18,weights,0.0941,2026-09-11T09:40:18+00:00
ISSERTES_0073_S_2,ISSERTES_0073,OK,,18,weights,0.0897,2026-09-11T09:40:18+00:00
ISSERTES_0073_S_3,ISSERTES_0073,OK,,18,weights,0.0947,2026-09-11T09:40:18+00:00
ISSERTES_0074_P_1,ISSERTES_0074,OK,,18,weights,0.0944,2026-09-11T09:40:18+00:00
ISSERTES_0074_P_2,ISSERTES_0074,OK,,18,weights,0.0914,2026-09-11T09:40:18+00:00
ISSERTES_0074_S_1,ISSERTES_0074,OK,,18,weights,0.0936,2026-09-11T09:40:18+00:00
ISSERTES_0074_S_2,ISSERTES_0074,OK,,18,weights,0.0923,2026-09-11T09:40:18+00:00
ISSERTES_0074_S_3,ISSERTES_0074,OK,,18,weights,0.0940,2026-09-11T09:40:19+00:00
ISSERTES_0075_P_1,ISSERTES_0075,OK,,18,weights,0.0915,2026-09-11T09:40:19+00:00
ISSERTES_0075_S_1,ISSERTES_0075,OK,,18,weights,0.0939,2026-09-11T09:40:19+00:00
ISSERTES_0075_S_2,ISSERTES_0075,OK,,18,weights,0.0952,2026-09-11T09:40:19+00:00
ISSERTES_0075_S_3,ISSERTES_0075,OK,,18,weights,0.0917,2026-09-11T09:40:19+00:00
ISSERTES_0076_P_1,ISSERTES_0076,OK,,18,weights,0.0954,2026-09-11T09:40:19+00:00
ISSERTES_0076_P_2,ISSERTES_0076,OK,,18,weights,0.0946,2026-09-11T09:40:19+00:00
ISSERTES_0076_S_1,ISSERTES_0076,OK,,18,weights,0.0930,2026-09-11T09:40:19+00:00
ISSERTES_0076_S_2,ISSERTES_0076,OK,,18,weights,0.0948,2026-09-11T09:40:19+00:00
ISSERTES_0076_S_3,ISSERTES_0076,OK,,18,weights,0.0921,2026-09-11T09:40:19+00:00
ISSERTES_0077_P_1,ISSERTES_0077,OK,,18,weights,0.0982,2026-09-11T09:40:20+00:00
ISSERTES_0077_P_2,ISSERTES_0077,OK,,18,weights,0.0942,2026-09-11T09:40:20+00:00
ISSERTES_0077_S_1,ISSERTES_0077,OK,,18,weights,0.0925,2026-09-11T09:40:20+00:00
ISSERTES_0077_S_2,ISSERTES_0077,OK,,18,weights,0.0903,2026-09-11T09:40:20+00:00
ISSERTES_0077_S_3,ISSERTES_0077,OK,,18,weights,0.0922,2026-09-11T09:40:20+00:00
ISSERTES_0078_P_1,ISSERTES_0078,OK,,18,weights,0.0965,2026-09-11T09:40:20+00:00
ISSERTES_0078_P_2,ISSERTES_0078,OK,,18,weights,0.0918,2026-09-11T09:40:20+00:00
ISSERTES_0078_S_1,ISSERTES_0078,OK,,18,weights,0.0941,2026-09-11T09:40:20+00:00
ISSERTES_0078_S_2,ISSERTES_0078,OK,,18,weights,0.0941,2026-09-11T09:40:20+00:00
ISSERTES_0078_S_3,ISSERTES_0078,OK,,18,weights,0.0936,2026-09-11T09:40:20+00:00
ISSERTES_0079_P_1,ISSERTES_0079,OK,,18,weights,0.0926,2026-09-11T09:40:21+00:00
ISSERTES_0079_P_2,ISSERTES_0079,OK,,18,weights,0.0915,2026-09-11T09:40:21+00:00
ISSERTES_0079_S_1,ISSERTES_0079,OK,,18,weights,0.0948,2026-09-11T09:40:21+00:00
ISSERTES_0079_S_2,ISSERTES_0079,OK,,18,weights,0.0910,2026-09-11T09:40:21+00:00
ISSERTES_0079_S_3,ISSERTES_0079,OK,,18,weights,0.0934,2026-09-11T09:40:21+00:00
ISSERTES_0080_P_1,ISSERTES_0080,OK,,18,weights,0.0921,2026-09-11T09:40:21+00:00
ISSERTES_0080_P_2,ISSERTES_0080,OK,,18,weights,0.0930,2026-09-11T09:40:21+00:00
ISSERTES_0080_S_1,ISSERTES_0080,OK,,18,weights,0.0941,2026-09-11T09:40:21+00:00
ISSERTES_0080_S_2,ISSERTES_0080,OK,,18,weights,0.0926,2026-09-11T09:40:21+00:00
ISSERTES_0080_S_3,ISSERTES_0080,OK,,18,weights,0.0945,2026-09-11T09:40:21+00:00
ISSERTES_0081_P_1,ISSERTES_0081,OK,,18,weights,0.0953,2026-09-11T09:40:21+00:00
ISSERTES_0081_P_2,ISSERTES_0081,OK,,18,weights,0.0927,2026-09-11T09:40:22+00:00
ISSERTES_0081_S_1,ISSERTES_0081,OK,,18,weights,0.0936,2026-09-11T09:40:22+00:00
ISSERTES_0081_S_2,ISSERTES_0081,OK,,18,weights,0.0918,2026-09-11T09:40:22+00:00
ISSERTES_0081_S_3,ISSERTES_0081,OK,,18,weights,0.0929,2026-09-11T09:40:22+00:00
ISSERTES_0082_P_1,ISSERTES_0082,OK,,18,weights,0.0919,2026-09-11T09:40:22+00:00
ISSERTES_0082_P_2,ISSERTES_0082,OK,,18,weights,0.0936,2026-09-11T09:40:22+00:00
ISSERTES_0082_S_1,ISSERTES_0082,OK,,18,weights,0.0946,2026-09-11T09:40:22+00:00
ISSERTES_0082_S_2,ISSERTES_0082,OK,,18,weights,0.0931,2026-09-11T09:40:22+00:00
ISSERTES_0082_S_3,ISSERTES_0082,OK,,18,weights,0.0949,2026-09-11T09:40:22+00:00
ISSERTES_0083_P_1,ISSERTES_0083,OK,,18,weights,0.0925,2026-09-11T09:40:22+00:00
ISSERTES_0083_P_2,ISSERTES_0083,OK,,18,weights,0.0946,2026-09-11T09:40:22+00:00
ISSERTES_0083_S_1,ISSERTES_0083,OK,,18,weights,0.0937,2026-09-11T09:40:23+00:00
ISSERTES_0083_S_2,ISSERTES_0083,OK,,18,weights,0.0934,2026-09-11T09:40:23+00:00
ISSERTES_0083_S_3,ISSERTES_0083,OK,,18,weights,0.0949,2026-09-11T09:40:23+00:00
ISSERTES_0084_P_1,ISSERTES_0084,OK,,18,weights,0.0943,2026-09-11T09:40:23+00:00
ISSERTES_0084_P_2,ISSERTES_0084,OK,,18,weights,0.0943,2026-09-11T09:40:23+00:00
ISSERTES_0084_S_1,ISSERTES_0084,OK,,18,weights,0.0935,2026-09-11T09:40:23+00:00
ISSERTES_0084_S_2,ISSERTES_0084,OK,,18,weights,0.0938,2026-09-11T09:40:23+00:00
ISSERTES_0084_S_3,ISSERTES_0084,OK,,18,weights,0.0895,2026-09-11T09:40:23+00:00
ISSERTES_0085_P_1,ISSERTES_0085,OK,,18,weights,0.0946,2026-09-11T09:40:23+00:00
ISSERTES_0085_P_2,ISSERTES_0085,OK,,18,weights,0.0922,2026-09-11T09:40:23+00:00
ISSERTES_0085_S_2,ISSERTES_0085,OK,,18,weights,0.0928,2026-09-11T09:40:23+00:00
ISSERTES_0085_S_3,ISSERTES_0085,OK,,18,weights,0.0936,2026-09-11T09:40:24+00:00
ISSERTES_0086_P_1,ISSERTES_0086,OK,,18,weights,0.0948,2026-09-11T09:40:24+00:00
ISSERTES_0086_P_2,ISSERTES_0086,OK,,18,weights,0.0917,2026-09-11T09:40:24+00:00
ISSERTES_0086_S_1,ISSERTES_0086,OK,,18,weights,0.0907,2026-09-11T09:40:24+00:00
ISSERTES_0086_S_2,ISSERTES_0086,OK,,18,weights,0.0917,2026-09-11T09:40:24+00:00
ISSERTES_0086_S_3,ISSERTES_0086,OK,,18,weights,0.0928,2026-09-11T09:40:24+00:00
ISSERTES_0087_P_1,ISSERTES_0087,OK,,18,weights,0.0934,2026-09-11T09:40:24+00:00
ISSERTES_0087_P_2,ISSERTES_0087,OK,,18,weights,0.0991,2026-09-11T09:40:24+00:00
ISSERTES_0087_S_1,ISSERTES_0087,OK,,18,weights,0.0925,2026-09-11T09:40:24+00:00
ISSERTES_0087_S_2,ISSERTES_0087,OK,,18,weights,0.0956,2026-09-11T09:40:24+00:00
ISSERTES_0087_S_3,ISSERTES_0087,OK,,18,weights,0.0942,2026-09-11T09:40:25+00:00
ISSERTES_0088_P_1,ISSERTES_0088,OK,,18,weights,0.0945,2026-09-11T09:40:25+00:00
ISSERTES_0088_P_2,ISSERTES_0088,OK,,18,weights,0.0958,2026-09-11T09:40:25+00:00
ISSERTES_0088_S_1,ISSERTES_0088,OK,,18,weights,0.0941,2026-09-11T09:40:25+00:00
ISSERTES_0088_S_2,ISSERTES_0088,OK,,18,weights,0.0911,2026-09-11T09:40:25+00:00
ISSERTES_0088_S_3,ISSERTES_0088,OK,,18,weights,0.0954,2026-09-11T09:40:25+00:00
ISSERTES_0089_P_1,ISSERTES_0089,OK,,18,weights,0.0909,2026-09-11T09:40:25+00:00
ISSERTES_0089_P_2,ISSERTES_0089,OK,,18,weights,0.0928,2026-09-11T09:40:25+00:00
ISSERTES_0089_S_1,ISSERTES_0089,OK,,18,weights,0.0909,2026-09-11T09:40:25+00:00
ISSERTES_0089_S_2,ISSERTES_0089,OK,,18,weights,0.0917,2026-09-11T09:40:25+00:00
ISSERTES_0089_S_3,ISSERTES_0089,OK,,18,weights,0.0916,2026-09-11T09:40:25+00:00
ISSERTES_0090_P_1,ISSERTES_0090,OK,,18,weights,0.0949,2026-09-11T09:40:26+00:00
ISSERTES_0090_P_2,ISSERTES_0090,OK,,18,weights,0.0915,2026-09-11T09:40:26+00:00
ISSERTES_0090_S_1,ISSERTES_0090,OK,,18,weights,0.0932,2026-09-11T09:40:26+00:00
ISSERTES_0090_S_2,ISSERTES_0090,OK,,18,weights,0.0918,2026-09-11T09:40:26+00:00
ISSERTES_0090_S_3,ISSERTES_0090,OK,,18,weights,0.0949,2026-09-11T09:40:26+00:00
ISSERTES_0091_P_1,ISSERTES_0091,OK,,18,weights,0.0932,2026-09-11T09:40:26+00:00
ISSERTES_0091_P_2,ISSERTES_0091,OK,,18,weights,0.0909,2026-09-11T09:40:26+00:00
ISSERTES_0091_S_1,ISSERTES_0091,OK,,18,weights,0.0920,2026-09-11T09:40:26+00:00
ISSERTES_0091_S_2,ISSERTES_0091,OK,,18,weights,0.0915,2026-09-11T09:40:26+00:00
ISSERTES_0091_S_3,ISSERTES_0091,OK,,18,weights,0.0937,2026-09-11T09:40:26+00:00
ISSERTES_0092_P_1,ISSERTES_0092,OK,,18,weights,0.0906,2026-09-11T09:40:27+00:00
ISSERTES_0092_P_2,ISSERTES_0092,OK,,18,weights,0.0959,2026-09-11T09:40:27+00:00
ISSERTES_0092_S_1,ISSERTES_0092,OK,,18,weights,0.0936,2026-09-11T09:40:27+00:00
ISSERTES_0092_S_2,ISSERTES_0092,OK,,18,weights,0.0912,2026-09-11T09:40:27+00:00
ISSERTES_0092_S_3,ISSERTES_0092,OK,,18,weights,0.0939,2026-09-11T09:40:27+00:00
ISSERTES_0093_P_1,ISSERTES_0093,OK,,18,weights,0.0913,2026-09-11T09:40:27+00:00
ISSERTES_0093_P_2,ISSERTES_0093,OK,,18,weights,0.0944,2026-09-11T09:40:27+00:00
ISSERTES_0093_S_1,ISSERTES_0093,OK,,18,weights,0.0915,2026-09-11T09:40:27+00:00
ISSERTES_0093_S_2,ISSERTES_0093,OK,,18,weights,0.0923,2026-09-11T09:40:27+00:00
ISSERTES_0093_S_3,ISSERTES_0093,OK,,18,weights,0.0930,2026-09-11T09:40:27+00:00
ISSERTES_0094_P_1,ISSERTES_0094,OK,,18,weights,0.0930,2026-09-11T09:40:27+00:00
ISSERTES_0094_P_2,ISSERTES_0094,OK,,18,weights,0.0937,2026-09-11T09:40:28+00:00
ISSERTES_0094_S_1,ISSERTES_0094,OK,,18,weights,0.0921,2026-09-11T09:40:28+00:00
ISSERTES_0094_S_2,ISSERTES_0094,OK,,18,weights,0.0960,2026-09-11T09:40:28+00:00
ISSERTES_0094_S_3,ISSERTES_0094,OK,,18,weights,0.0928,2026-09-11T09:40:28+00:00
ISSERTES_0095_P_1,ISSERTES_0095,OK,,18,weights,0.0944,2026-09-11T09:40:28+00:00
ISSERTES_0095_P_2,ISSERTES_0095,OK,,18,weights,0.0926,2026-09-11T09:40:28+00:00
ISSERTES_0095_S_1,ISSERTES_0095,OK,,18,weights,0.0913,2026-09-11T09:40:28+00:00
ISSERTES_0095_S_3,ISSERTES_0095,OK,,18,weights,0.0942,2026-09-11T09:40:28+00:00
ISSERTES_0096_P_1,ISSERTES_0096,OK,,18,weights,0.0929,2026-09-11T09:40:28+00:00
ISSERTES_0096_P_2,ISSERTES_0096,OK,,18,weights,0.0932,2026-09-11T09:40:28+00:00
ISSERTES_0096_S_1,ISSERTES_0096,OK,,18,weights,0.0932,2026-09-11T09:40:28+00:00
ISSERTES_0096_S_2,ISSERTES_0096,OK,,18,weights,0.0924,2026-09-11T09:40:29+00:00
ISSERTES_0096_S_3,ISSERTES_0096,OK,,18,weights,0.0949,2026-09-11T09:40:29+00:00
ISSERTES_0097_P_1,ISSERTES_0097,OK,,18,weights,0.0946,2026-09-11T09:40:29+00:00
ISSERTES_0097_P_2,ISSERTES_0097,OK,,18,weights,0.0930,2026-09-11T09:40:29+00:00
ISSERTES_0097_S_1,ISSERTES_0097,OK,,18,weights,0.0991,2026-09-11T09:40:29+00:00
ISSERTES_0097_S_2,ISSERTES_0097,OK,,18,weights,0.1234,2026-09-11T09:40:29+00:00
ISSERTES_0097_S_3,ISSERTES_0097,OK,,18,weights,0.0957,2026-09-11T09:40:29+00:00
ISSERTES_0098_P_1,ISSERTES_0098,OK,,18,weights,0.0933,2026-09-11T09:40:29+00:00
ISSERTES_0098_P_2,ISSERTES_0098,OK,,18,weights,0.0913,2026-09-11T09:40:29+00:00
ISSERTES_0098_S_1,ISSERTES_0098,OK,,18,weights,0.0984,2026-09-11T09:40:29+00:00
ISSERTES_0098_S_2,ISSERTES_0098,OK,,18,weights,0.0962,2026-09-11T09:40:30+00:00
ISSERTES_0098_S_3,ISSERTES_0098,OK,,18,weights,0.0935,2026-09-11T09:40:30+00:00
ISSERTES_0099_P_1,ISSERTES_0099,OK,,18,weights,0.0941,2026-09-11T09:40:30+00:00
ISSERTES_0099_P_2,ISSERTES_0099,OK,,18,weights,0.0955,2026-09-11T09:40:30+00:00
ISSERTES_0099_S_1,ISSERTES_0099,OK,,18,weights,0.0958,2026-09-11T09:40:30+00:00
ISSERTES_0099_S_2,ISSERTES_0099,OK,,18,weights,0.0915,2026-09-11T09:40:30+00:00
ISSERTES_0099_S_3,ISSERTES_0099,OK,,18,weights,0.0938,2026-09-11T09:40:30+00:00
ISSERTES_0100_P_1,ISSERTES_0100,OK,,18,weights,0.0910,2026-09-11T09:40:30+00:00
ISSERTES_0100_P_2,ISSERTES_0100,OK,,18,weights,0.0946,2026-09-11T09:40:30+00:00
ISSERTES_0100_S_1,ISSERTES_0100,OK,,18,weights,0.0918,2026-09-11T09:40:30+00:00
ISSERTES_0100_S_2,ISSERTES_0100,OK,,18,weights,0.0941,2026-09-11T09:40:31+00:00
ISSERTES_0100_S_3,ISSERTES_0100,OK,,18,weights,0.0935,2026-09-11T09:40:31+00:00
ISSERTES_0101_P_1,ISSERTES_0101,OK,,18,weights,0.0935,2026-09-11T09:40:31+00:00
ISSERTES_0101_P_2,ISSERTES_0101,OK,,18,weights,0.0936,2026-09-11T09:40:31+00:00
ISSERTES_0101_S_1,ISSERTES_0101,OK,,18,weights,0.0918,2026-09-11T09:40:31+00:00
ISSERTES_0101_S_2,ISSERTES_0101,OK,,18,weights,0.0936,2026-09-11T09:40:31+00:00
ISSERTES_0101_S_3,ISSERTES_0101,OK,,18,weights,0.0949,2026-09-11T09:40:31+00:00
ISSERTES_0102_P_1,ISSERTES_0102,OK,,18,weights,0.0934,2026-09-11T09:40:31+00:00
ISSERTES_0102_P_2,ISSERTES_0102,OK,,18,weights,0.0945,2026-09-11T09:40:31+00:00
ISSERTES_0102_S_1,ISSERTES_0102,OK,,18,weights,0.0953,2026-09-11T09:40:31+00:00
ISSERTES_0102_S_2,ISSERTES_0102,OK,,18,weights,0.0913,2026-09-11T09:40:31+00:00
ISSERTES_0102_S_3,ISSERTES_0102,OK,,18,weights,0.0947,2026-09-11T09:40:32+00:00
ISSERTES_0103_P_1,ISSERTES_0103,OK,,18,weights,0.0925,2026-09-11T09:40:32+00:00
ISSERTES_0103_P_2,ISSERTES_0103,OK,,18,weights,0.0924,2026-09-11T09:40:32+00:00
ISSERTES_0103_S_1,ISSERTES_0103,OK,,18,weights,0.0950,2026-09-11T09:40:32+00:00
ISSERTES_0103_S_2,ISSERTES_0103,OK,,18,weights,0.0918,2026-09-11T09:40:32+00:00
ISSERTES_0103_S_3,ISSERTES_0103,OK,,18,weights,0.0940,2026-09-11T09:40:32+00:00
ISSERTES_0104_P_1,ISSERTES_0104,OK,,18,weights,0.0932,2026-09-11T09:40:32+00:00
ISSERTES_0104_P_2,ISSERTES_0104,OK,,18,weights,0.0951,2026-09-11T09:40:32+00:00
ISSERTES_0104_S_1,ISSERTES_0104,OK,,18,weights,0.0939,2026-09-11T09:40:32+00:00
ISSERTES_0104_S_2,ISSERTES_0104,OK,,18,weights,0.0906,2026-09-11T09:40:32+00:00
ISSERTES_0104_S_3,ISSERTES_0104,OK,,18,weights,0.0944,2026-09-11T09:40:32+00:00
ISSERTES_0105_P_1,ISSERTES_0105,OK,,18,weights,0.0926,2026-09-11T09:40:33+00:00
ISSERTES_0105_P_2,ISSERTES_0105,OK,,18,weights,0.0955,2026-09-11T09:40:33+00:00
ISSERTES_0105_S_1,ISSERTES_0105,OK,,18,weights,0.0922,2026-09-11T09:40:33+00:00
ISSERTES_0105_S_2,ISSERTES_0105,OK,,18,weights,0.0949,2026-09-11T09:40:33+00:00
ISSERTES_0105_S_3,ISSERTES_0105,OK,,18,weights,0.0922,2026-09-11T09:40:33+00:00
ISSERTES_0106_P_1,ISSERTES_0106,OK,,18,weights,0.0903,2026-09-11T09:40:33+00:00
ISSERTES_0106_P_2,ISSERTES_0106,OK,,18,weights,0.0948,2026-09-11T09:40:33+00:00
ISSERTES_0106_S_1,ISSERTES_0106,OK,,18,weights,0.0962,2026-09-11T09:40:33+00:00
ISSERTES_0106_S_2,ISSERTES_0106,OK,,18,weights,0.0919,2026-09-11T09:40:33+00:00
ISSERTES_0106_S_3,ISSERTES_0106,OK,,18,weights,0.0925,2026-09-11T09:40:33+00:00
ISSERTES_0107_P_1,ISSERTES_0107,OK,,18,weights,0.0906,2026-09-11T09:40:34+00:00
ISSERTES_0107_P_2,ISSERTES_0107,OK,,18,weights,0.0937,2026-09-11T09:40:34+00:00
ISSERTES_0107_S_1,ISSERTES_0107,OK,,18,weights,0.0965,2026-09-11T09:40:34+00:00
ISSERTES_0107_S_2,ISSERTES_0107,OK,,18,weights,0.0947,2026-09-11T09:40:34+00:00
ISSERTES_0107_S_3,ISSERTES_0107,OK,,18,weights,0.0974,2026-09-11T09:40:34+00:00
ISSERTES_0108_P_1,ISSERTES_0108,OK,,18,weights,0.0943,2026-09-11T09:40:34+00:00
ISSERTES_0108_P_2,ISSERTES_0108,OK,,18,weights,0.0919,2026-09-11T09:40:34+00:00
ISSERTES_0108_S_1,ISSERTES_0108,OK,,18,weights,0.0950,2026-09-11T09:40:34+00:00
ISSERTES_0108_S_2,ISSERTES_0108,OK,,18,weights,0.0947,2026-09-11T09:40:34+00:00
ISSERTES_0108_S_3,ISSERTES_0108,OK,,18,weights,0.0921,2026-09-11T09:40:34+00:00
ISSERTES_0109_P_1,ISSERTES_0109,OK,,18,weights,0.0933,2026-09-11T09:40:35+00:00
ISSERTES_0109_P_2,ISSERTES_0109,OK,,18,weights,0.0908,2026-09-11T09:40:35+00:00
ISSERTES_0109_S_1,ISSERTES_0109,OK,,18,weights,0.0928,2026-09-11T09:40:35+00:00
ISSERTES_0109_S_2,ISSERTES_0109,OK,,18,weights,0.0919,2026-09-11T09:40:35+00:00
ISSERTES_0109_S_3,ISSERTES_0109,OK,,18,weights,0.0948,2026-09-11T09:40:35+00:00
ISSERTES_0110_P_1,ISSERTES_0110,OK,,18,weights,0.0946,2026-09-11T09:40:35+00:00
ISSERTES_0110_P_2,ISSERTES_0110,OK,,18,weights,0.0939,2026-09-11T09:40:35+00:00
ISSERTES_0110_S_1,ISSERTES_0110,OK,,18,weights,0.0927,2026-09-11T09:40:35+00:00
ISSERTES_0110_S_2,ISSERTES_0110,OK,,18,weights,0.0919,2026-09-11T09:40:35+00:00
ISSERTES_0110_S_3,ISSERTES_0110,OK,,18,weights,0.0928,2026-09-11T09:40:35+00:00
ISSERTES_0111_P_1,ISSERTES_0111,OK,,18,weights,0.0933,2026-09-11T09:40:35+00:00
ISSERTES_0111_P_2,ISSERTES_0111,OK,,18,weights,0.0938,2026-09-11T09:40:36+00:00
ISSERTES_0111_S_1,ISSERTES_0111,OK,,18,weights,0.0940,2026-09-11T09:40:36+00:00
ISSERTES_0111_S_2,ISSERTES_0111,OK,,18,weights,0.0902,2026-09-11T09:40:36+00:00
ISSERTES_0111_S_3,ISSERTES_0111,OK,,18,weights,0.0945,2026-09-11T09:40:36+00:00
ISSERTES_0112_P_1,ISSERTES_0112,OK,,18,weights,0.0950,2026-09-11T09:40:36+00:00
ISSERTES_0112_P_2,ISSERTES_0112,OK,,18,weights,0.0941,2026-09-11T09:40:36+00:00
ISSERTES_0112_S_1,ISSERTES_0112,OK,,18,weights,0.0926,2026-09-11T09:40:36+00:00
ISSERTES_0112_S_2,ISSERTES_0112,OK,,18,weights,0.0913,2026-09-11T09:40:36+00:00
ISSERTES_0112_S_3,ISSERTES_0112,OK,,18,weights,0.0932,2026-09-11T09:40:36+00:00
ISSERTES_0113_P_1,ISSERTES_0113,OK,,18,weights,0.0922,2026-09-11T09:40:36+00:00
ISSERTES_0113_P_2,ISSERTES_0113,OK,,18,weights,0.0921,2026-09-11T09:40:36+00:00
ISSERTES_0113_S_1,ISSERTES_0113,OK,,18,weights,0.0951,2026-09-11T09:40:37+00:00
ISSERTES_0113_S_2,ISSERTES_0113,OK,,18,weights,0.0924,2026-09-11T09:40:37+00:00
ISSERTES_0113_S_3,ISSERTES_0113,OK,,18,weights,0.0968,2026-09-11T09:40:37+00:00
ISSERTES_0114_P_1,ISSERTES_0114,OK,,18,weights,0.0980,2026-09-11T09:40:37+00:00
ISSERTES_0114_P_2,ISSERTES_0114,OK,,18,weights,0.0955,2026-09-11T09:40:37+00:00
ISSERTES_0114_S_1,ISSERTES_0114,OK,,18,weights,0.0928,2026-09-11T09:40:37+00:00
ISSERTES_0114_S_2,ISSERTES_0114,OK,,18,weights,0.0949,2026-09-11T09:40:37+00:00
ISSERTES_0114_S_3,ISSERTES_0114,OK,,18,weights,0.0925,2026-09-11T09:40:37+00:00
ISSERTES_0115_P_1,ISSERTES_0115,OK,,18,weights,0.0966,2026-09-11T09:40:37+00:00
ISSERTES_0115_P_2,ISSERTES_0115,OK,,18,weights,0.0945,2026-09-11T09:40:37+00:00
ISSERTES_0115_S_1,ISSERTES_0115,OK,,18,weights,0.0931,2026-09-11T09:40:37+00:00
ISSERTES_0115_S_2,ISSERTES_0115,OK,,18,weights,0.0942,2026-09-11T09:40:38+00:00
ISSERTES_0115_S_3,ISSERTES_0115,OK,,18,weights,0.0948,2026-09-11T09:40:38+00:00
ISSERTES_0116_P_1,ISSERTES_0116,OK,,18,weights,0.0907,2026-09-11T09:40:38+00:00
ISSERTES_0116_P_2,ISSERTES_0116,OK,,18,weights,0.0953,2026-09-11T09:40:38+00:00
ISSERTES_0116_S_1,ISSERTES_0116,OK,,18,weights,0.0968,2026-09-11T09:40:38+00:00
ISSERTES_0116_S_3,ISSERTES_0116,OK,,18,weights,0.0931,2026-09-11T09:40:38+00:00
ISSERTES_0117_P_1,ISSERTES_0117,OK,,18,weights,0.0943,2026-09-11T09:40:38+00:00
ISSERTES_0117_P_2,ISSERTES_0117,OK,,18,weights,0.0939,2026-09-11T09:40:38+00:00
ISSERTES_0117_S_1,ISSERTES_0117,OK,,18,weights,0.0930,2026-09-11T09:40:38+00:00
ISSERTES_0117_S_2,ISSERTES_0117,OK,,18,weights,0.0991,2026-09-11T09:40:38+00:00
ISSERTES_0117_S_3,ISSERTES_0117,OK,,18,weights,0.0948,2026-09-11T09:40:39+00:00
ISSERTES_0118_P_1,ISSERTES_0118,OK,,18,weights,0.0964,2026-09-11T09:40:39+00:00
ISSERTES_0118_P_2,ISSERTES_0118,OK,,18,weights,0.0921,2026-09-11T09:40:39+00:00
ISSERTES_0118_S_1,ISSERTES_0118,OK,,18,weights,0.0949,2026-09-11T09:40:39+00:00
ISSERTES_0118_S_2,ISSERTES_0118,OK,,18,weights,0.0967,2026-09-11T09:40:39+00:00
ISSERTES_0118_S_3,ISSERTES_0118,OK,,18,weights,0.0929,2026-09-11T09:40:39+00:00
ISSERTES_0119_P_2,ISSERTES_0119,OK,,18,weights,0.0943,2026-09-11T09:40:39+00:00
ISSERTES_0119_S_1,ISSERTES_0119,OK,,18,weights,0.0930,2026-09-11T09:40:39+00:00
ISSERTES_0119_S_2,ISSERTES_0119,OK,,18,weights,0.0926,2026-09-11T09:40:39+00:00
ISSERTES_0119_S_3,ISSERTES_0119,OK,,18,weights,0.0953,2026-09-11T09:40:39+00:00
ISSERTES_0120_P_1,ISSERTES_0120,OK,,18,weights,0.0900,2026-09-11T09:40:40+00:00
ISSERTES_0120_P_2,ISSERTES_0120,OK,,18,weights,0.0972,2026-09-11T09:40:40+00:00
ISSERTES_0120_S_1,ISSERTES_0120,OK,,18,weights,0.0956,2026-09-11T09:40:40+00:00
ISSERTES_0120_S_2,ISSERTES_0120,OK,,18,weights,0.0924,2026-09-11T09:40:40+00:00
ISSERTES_0120_S_3,ISSERTES_0120,OK,,18,weights,0.0942,2026-09-11T09:40:40+00:00
ISSERTES_0121_P_1,ISSERTES_0121,OK,,18,weights,0.0923,2026-09-11T09:40:40+00:00
ISSERTES_0121_P_2,ISSERTES_0121,OK,,18,weights,0.0944,2026-09-11T09:40:40+00:00
ISSERTES_0121_S_1,ISSERTES_0121,OK,,18,weights,0.0945,2026-09-11T09:40:40+00:00
ISSERTES_0121_S_2,ISSERTES_0121,OK,,18,weights,0.0901,2026-09-11T09:40:40+00:00
ISSERTES_0121_S_3,ISSERTES_0121,OK,,18,weights,0.0933,2026-09-11T09:40:40+00:00
ISSERTES_0122_P_1,ISSERTES_0122,OK,,18,weights,0.0922,2026-09-11T09:40:40+00:00
ISSERTES_0122_P_2,ISSERTES_0122,OK,,18,weights,0.0921,2026-09-11T09:40:41+00:00
ISSERTES_0122_S_1,ISSERTES_0122,OK,,18,weights,0.0927,2026-09-11T09:40:41+00:00
ISSERTES_0122_S_2,ISSERTES_0122,OK,,18,weights,0.0939,2026-09-11T09:40:41+00:00
ISSERTES_0122_S_3,ISSERTES_0122,OK,,18,weights,0.0958,2026-09-11T09:40:41+00:00
ISSERTES_0123_P_1,ISSERTES_0123,OK,,18,weights,0.0935,2026-09-11T09:40:41+00:00
ISSERTES_0123_P_2,ISSERTES_0123,OK,,18,weights,0.0921,2026-09-11T09:40:41+00:00
ISSERTES_0123_S_1,ISSERTES_0123,OK,,18,weights,0.0938,2026-09-11T09:40:41+00:00
ISSERTES_0123_S_2,ISSERTES_0123,OK,,18,weights,0.0941,2026-09-11T09:40:41+00:00
ISSERTES_0123_S_3,ISSERTES_0123,OK,,18,weights,0.0947,2026-09-11T09:40:41+00:00
ISSERTES_0124_P_1,ISSERTES_0124,OK,,18,weights,0.0906,2026-09-11T09:40:41+00:00
ISSERTES_0124_P_2,ISSERTES_0124,OK,,18,weights,0.0930,2026-09-11T09:40:41+00:00
ISSERTES_0124_S_1,ISSERTES_0124,OK,,18,weights,0.0922,2026-09-11T09:40:42+00:00
ISSERTES_0124_S_2,ISSERTES_0124,OK,,18,weights,0.0959,2026-09-11T09:40:42+00:00
ISSERTES_0124_S_3,ISSERTES_0124,OK,,18,weights,0.0948,2026-09-11T09:40:42+00:00
ISSERTES_0125_P_1,ISSERTES_0125,OK,,18,weights,0.0953,2026-09-11T09:40:42+00:00
ISSERTES_0125_P_2,ISSERTES_0125,OK,,18,weights,0.0931,2026-09-11T09:40:42+00:00
ISSERTES_0125_S_1,ISSERTES_0125,OK,,18,weights,0.0941,2026-09-11T09:40:42+00:00
ISSERTES_0125_S_2,ISSERTES_0125,OK,,18,weights,0.0928,2026-09-11T09:40:42+00:00
ISSERTES_0125_S_3,ISSERTES_0125,OK,,18,weights,0.0943,2026-09-11T09:40:42+00:00
ISSERTES_0126_P_1,ISSERTES_0126,OK,,18,weights,0.0943,2026-09-11T09:40:42+00:00
ISSERTES_0126_P_2,ISSERTES_0126,OK,,18,weights,0.0893,2026-09-11T09:40:42+00:00
ISSERTES_0126_S_1,ISSERTES_0126,OK,,18,weights,0.0947,2026-09-11T09:40:43+00:00
ISSERTES_0126_S_2,ISSERTES_0126,OK,,18,weights,0.0929,2026-09-11T09:40:43+00:00
ISSERTES_0126_S_3,ISSERTES_0126,OK,,18,weights,0.0912,2026-09-11T09:40:43+00:00
ISSERTES_0127_P_1,ISSERTES_0127,OK,,18,weights,0.0911,2026-09-11T09:40:43+00:00
ISSERTES_0127_P_2,ISSERTES_0127,OK,,18,weights,0.0954,2026-09-11T09:40:43+00:00
ISSERTES_0127_S_1,ISSERTES_0127,OK,,18,weights,0.0947,2026-09-11T09:40:43+00:00
ISSERTES_0127_S_2,ISSERTES_0127,OK,,18,weights,0.0925,2026-09-11T09:40:43+00:00
ISSERTES_0127_S_3,ISSERTES_0127,OK,,18,weights,0.0961,2026-09-11T09:40:43+00:00
ISSERTES_0128_P_1,ISSERTES_0128,OK,,18,weights,0.0962,2026-09-11T09:40:43+00:00
ISSERTES_0128_P_2,ISSERTES_0128,OK,,18,weights,0.0954,2026-09-11T09:40:43+00:00
ISSERTES_0128_S_1,ISSERTES_0128,OK,,18,weights,0.0918,2026-09-11T09:40:44+00:00
ISSERTES_0128_S_2,ISSERTES_0128,OK,,18,weights,0.0941,2026-09-11T09:40:44+00:00
ISSERTES_0128_S_3,ISSERTES_0128,OK,,18,weights,0.0945,2026-09-11T09:40:44+00:00
ISSERTES_0129_P_1,ISSERTES_0129,OK,,18,weights,0.0935,2026-09-11T09:40:44+00:00
ISSERTES_0129_P_2,ISSERTES_0129,OK,,18,weights,0.0942,2026-09-11T09:40:44+00:00
ISSERTES_0129_S_1,ISSERTES_0129,OK,,18,weights,0.0923,2026-09-11T09:40:44+00:00
ISSERTES_0129_S_2,ISSERTES_0129,OK,,18,weights,0.0931,2026-09-11T09:40:44+00:00
ISSERTES_0129_S_3,ISSERTES_0129,OK,,18,weights,0.0937,2026-09-11T09:40:44+00:00
ISSERTES_0130_P_2,ISSERTES_0130,OK,,18,weights,0.0927,2026-09-11T09:40:44+00:00
ISSERTES_0130_S_1,ISSERTES_0130,OK,,18,weights,0.0952,2026-09-11T09:40:44+00:00
ISSERTES_0130_S_2,ISSERTES_0130,OK,,18,weights,0.0921,2026-09-11T09:40:44+00:00
ISSERTES_0130_S_3,ISSERTES_0130,OK,,18,weights,0.0942,2026-09-11T09:40:45+00:00
ISSERTES_0131_P_1,ISSERTES_0131,OK,,18,weights,0.0920,2026-09-11T09:40:45+00:00
ISSERTES_0131_P_2,ISSERTES_0131,OK,,18,weights,0.0938,2026-09-11T09:40:45+00:00
ISSERTES_0131_S_1,ISSERTES_0131,OK,,18,weights,0.0942,2026-09-11T09:40:45+00:00
ISSERTES_0131_S_2,ISSERTES_0131,OK,,18,weights,0.0924,2026-09-11T09:40:45+00:00
ISSERTES_0131_S_3,ISSERTES_0131,OK,,18,weights,0.0944,2026-09-11T09:40:45+00:00
ISSERTES_0132_P_1,ISSERTES_0132,OK,,18,weights,0.0908,2026-09-11T09:40:45+00:00
ISSERTES_0132_P_2,ISSERTES_0132,OK,,18,weights,0.0931,2026-09-11T09:40:45+00:00
ISSERTES_0132_S_1,ISSERTES_0132,OK,,18,weights,0.0912,2026-09-11T09:40:45+00:00
ISSERTES_0132_S_2,ISSERTES_0132,OK,,18,weights,0.0946,2026-09-11T09:40:45+00:00
ISSERTES_0132_S_3,ISSERTES_0132,OK,,18,weights,0.0954,2026-09-11T09:40:45+00:00
ISSERTES_0133_P_1,ISSERTES_0133,OK,,18,weights,0.0941,2026-09-11T09:40:46+00:00
ISSERTES_0133_P_2,ISSERTES_0133,OK,,18,weights,0.0934,2026-09-11T09:40:46+00:00
ISSERTES_0133_S_1,ISSERTES_0133,OK,,18,weights,0.0962,2026-09-11T09:40:46+00:00
ISSERTES_0133_S_2,ISSERTES_0133,OK,,18,weights,0.0913,2026-09-11T09:40:46+00:00
ISSERTES_0133_S_3,ISSERTES_0133,OK,,18,weights,0.0933,2026-09-11T09:40:46+00:00
ISSERTES_0134_P_1,ISSERTES_0134,OK,,18,weights,0.0883,2026-09-11T09:40:46+00:00
ISSERTES_0134_P_2,ISSERTES_0134,OK,,18,weights,0.0932,2026-09-11T09:40:46+00:00
ISSERTES_0134_S_1,ISSERTES_0134,OK,,18,weights,0.0910,2026-09-11T09:40:46+00:00
ISSERTES_0134_S_2,ISSERTES_0134,OK,,18,weights,0.0938,2026-09-11T09:40:46+00:00
ISSERTES_0134_S_3,ISSERTES_0134,OK,,18,weights,0.0905,2026-09-11T09:40:46+00:00
ISSERTES_0135_P_1,ISSERTES_0135,OK,,18,weights,0.0934,2026-09-11T09:40:46+00:00
ISSERTES_0135_P_2,ISSERTES_0135,OK,,18,weights,0.0931,2026-09-11T09:40:47+00:00
ISSERTES_0135_S_1,ISSERTES_0135,OK,,18,weights,0.0948,2026-09-11T09:40:47+00:00
ISSERTES_0135_S_2,ISSERTES_0135,OK,,18,weights,0.0937,2026-09-11T09:40:47+00:00
ISSERTES_0135_S_3,ISSERTES_0135,OK,,18,weights,0.0926,2026-09-11T09:40:47+00:00
ISSERTES_0136_P_1,ISSERTES_0136,OK,,18,weights,0.0942,2026-09-11T09:40:47+00:00
ISSERTES_0136_P_2,ISSERTES_0136,OK,,18,weights,0.0936,2026-09-11T09:40:47+00:00
ISSERTES_0136_S_1,ISSERTES_0136,OK,,18,weights,0.0916,2026-09-11T09:40:47+00:00
ISSERTES_0136_S_2,ISSERTES_0136,OK,,18,weights,0.0939,2026-09-11T09:40:47+00:00
ISSERTES_0136_S_3,ISSERTES_0136,OK,,18,weights,0.0919,2026-09-11T09:40:47+00:00
ISSERTES_0137_P_1,ISSERTES_0137,OK,,18,weights,0.0946,2026-09-11T09:40:47+00:00
ISSERTES_0137_P_2,ISSERTES_0137,OK,,18,weights,0.0910,2026-09-11T09:40:48+00:00
ISSERTES_0137_S_1,ISSERTES_0137,OK,,18,weights,0.0925,2026-09-11T09:40:48+00:00
ISSERTES_0137_S_2,ISSERTES_0137,OK,,18,weights,0.0908,2026-09-11T09:40:48+00:00
ISSERTES_0137_S_3,ISSERTES_0137,OK,,18,weights,0.0934,2026-09-11T09:40:48+00:00
ISSERTES_0138_P_1,ISSERTES_0138,OK,,18,weights,0.0979,2026-09-11T09:40:48+00:00
ISSERTES_0138_P_2,ISSERTES_0138,OK,,18,weights,0.0975,2026-09-11T09:40:48+00:00
ISSERTES_0138_S_1,ISSERTES_0138,OK,,18,weights,0.0953,2026-09-11T09:40:48+00:00
ISSERTES_0138_S_2,ISSERTES_0138,OK,,18,weights,0.0926,2026-09-11T09:40:48+00:00
ISSERTES_0138_S_3,ISSERTES_0138,OK,,18,weights,0.0958,2026-09-11T09:40:48+00:00
ISSERTES_0139_P_2,ISSERTES_0139,OK,,18,weights,0.0961,2026-09-11T09:40:48+00:00
ISSERTES_0139_S_1,ISSERTES_0139,OK,,18,weights,0.0921,2026-09-11T09:40:49+00:00
ISSERTES_0139_S_2,ISSERTES_0139,OK,,18,weights,0.0938,2026-09-11T09:40:49+00:00
ISSERTES_0139_S_3,ISSERTES_0139,OK,,18,weights,0.0928,2026-09-11T09:40:49+00:00
ISSERTES_0140_P_1,ISSERTES_0140,OK,,18,weights,0.0936,2026-09-11T09:40:49+00:00
ISSERTES_0140_P_2,ISSERTES_0140,OK,,18,weights,0.0929,2026-09-11T09:40:49+00:00
ISSERTES_0140_S_1,ISSERTES_0140,OK,,18,weights,0.0934,2026-09-11T09:40:49+00:00
ISSERTES_0140_S_2,ISSERTES_0140,OK,,18,weights,0.0964,2026-09-11T09:40:49+00:00
ISSERTES_0140_S_3,ISSERTES_0140,OK,,18,weights,0.0907,2026-09-11T09:40:49+00:00
ISSERTES_0141_P_1,ISSERTES_0141,OK,,18,weights,0.0935,2026-09-11T09:40:49+00:00
ISSERTES_0141_P_2,ISSERTES_0141,OK,,18,weights,0.0898,2026-09-11T09:40:49+00:00
ISSERTES_0141_S_1,ISSERTES_0141,OK,,18,weights,0.0941,2026-09-11T09:40:49+00:00
ISSERTES_0141_S_2,ISSERTES_0141,OK,,18,weights,0.0930,2026-09-11T09:40:50+00:00
ISSERTES_0141_S_3,ISSERTES_0141,OK,,18,weights,0.0928,2026-09-11T09:40:50+00:00
ISSERTES_0142_P_1,ISSERTES_0142,OK,,18,weights,0.0925,2026-09-11T09:40:50+00:00
ISSERTES_0142_P_2,ISSERTES_0142,OK,,18,weights,0.0920,2026-09-11T09:40:50+00:00
ISSERTES_0142_S_1,ISSERTES_0142,OK,,18,weights,0.0943,2026-09-11T09:40:50+00:00
ISSERTES_0142_S_2,ISSERTES_0142,OK,,18,weights,0.0911,2026-09-11T09:40:50+00:00
ISSERTES_0142_S_3,ISSERTES_0142,OK,,18,weights,0.0935,2026-09-11T09:40:50+00:00
ISSERTES_0143_P_1,ISSERTES_0143,OK,,18,weights,0.0935,2026-09-11T09:40:50+00:00
ISSERTES_0143_P_2,ISSERTES_0143,OK,,18,weights,0.0934,2026-09-11T09:40:50+00:00
ISSERTES_0143_S_1,ISSERTES_0143,OK,,18,weights,0.0935,2026-09-11T09:40:50+00:00
ISSERTES_0143_S_2,ISSERTES_0143,OK,,18,weights,0.0907,2026-09-11T09:40:50+00:00
ISSERTES_0143_S_3,ISSERTES_0143,OK,,18,weights,0.0932,2026-09-11T09:40:51+00:00
ISSERTES_0144_P_1,ISSERTES_0144,OK,,18,weights,0.0892,2026-09-11T09:40:51+00:00
ISSERTES_0144_P_2,ISSERTES_0144,OK,,18,weights,0.0937,2026-09-11T09:40:51+00:00
ISSERTES_0144_S_1,ISSERTES_0144,OK,,18,weights,0.0930,2026-09-11T09:40:51+00:00
ISSERTES_0144_S_2,ISSERTES_0144,OK,,18,weights,0.0944,2026-09-11T09:40:51+00:00
ISSERTES_0144_S_3,ISSERTES_0144,OK,,18,weights,0.0926,2026-09-11T09:40:51+00:00
ISSERTES_0145_P_1,ISSERTES_0145,OK,,18,weights,0.0922,2026-09-11T09:40:51+00:00
ISSERTES_0145_P_2,ISSERTES_0145,OK,,18,weights,0.0939,2026-09-11T09:40:51+00:00
ISSERTES_0145_S_1,ISSERTES_0145,OK,,18,weights,0.0908,2026-09-11T09:40:51+00:00
ISSERTES_0145_S_2,ISSERTES_0145,OK,,18,weights,0.0942,2026-09-11T09:40:51+00:00
ISSERTES_0145_S_3,ISSERTES_0145,OK,,18,weights,0.0941,2026-09-11T09:40:51+00:00
ISSERTES_0146_P_1,ISSERTES_0146,OK,,18,weights,0.0939,2026-09-11T09:40:52+00:00
ISSERTES_0146_P_2,ISSERTES_0146,OK,,18,weights,0.0925,2026-09-11T09:40:52+00:00
ISSERTES_0146_S_1,ISSERTES_0146,OK,,18,weights,0.0915,2026-09-11T09:40:52+00:00
ISSERTES_0146_S_2,ISSERTES_0146,OK,,18,weights,0.0965,2026-09-11T09:40:52+00:00
ISSERTES_0146_S_3,ISSERTES_0146,OK,,18,weights,0.0941,2026-09-11T09:40:52+00:00
ISSERTES_0147_P_1,ISSERTES_0147,OK,,18,weights,0.0929,2026-09-11T09:40:52+00:00
ISSERTES_0147_P_2,ISSERTES_0147,OK,,18,weights,0.0952,2026-09-11T09:40:52+00:00
ISSERTES_0147_S_1,ISSERTES_0147,OK,,18,weights,0.0934,2026-09-11T09:40:52+00:00
ISSERTES_0147_S_2,ISSERTES_0147,OK,,18,weights,0.0930,2026-09-11T09:40:52+00:00
ISSERTES_0147_S_3,ISSERTES_0147,OK,,18,weights,0.0937,2026-09-11T09:40:52+00:00
ISSERTES_0148_P_1,ISSERTES_0148,OK,,18,weights,0.0928,2026-09-11T09:40:53+00:00
ISSERTES_0148_P_2,ISSERTES_0148,OK,,18,weights,0.0950,2026-09-11T09:40:53+00:00
ISSERTES_0148_S_1,ISSERTES_0148,OK,,18,weights,0.0947,2026-09-11T09:40:53+00:00
ISSERTES_0148_S_2,ISSERTES_0148,OK,,18,weights,0.0953,2026-09-11T09:40:53+00:00
ISSERTES_0148_S_3,ISSERTES_0148,OK,,18,weights,0.0943,2026-09-11T09:40:53+00:00
ISSERTES_0149_P_1,ISSERTES_0149,OK,,18,weights,0.0951,2026-09-11T09:40:53+00:00
ISSERTES_0149_P_2,ISSERTES_0149,OK,,18,weights,0.0932,2026-09-11T09:40:53+00:00
ISSERTES_0149_S_1,ISSERTES_0149,OK,,18,weights,0.0907,2026-09-11T09:40:53+00:00
ISSERTES_0149_S_2,ISSERTES_0149,OK,,18,weights,0.0976,2026-09-11T09:40:53+00:00
ISSERTES_0149_S_3,ISSERTES_0149,OK,,18,weights,0.0938,2026-09-11T09:40:53+00:00
ISSERTES_0150_P_1,ISSERTES_0150,OK,,18,weights,0.0932,2026-09-11T09:40:54+00:00
ISSERTES_0150_P_2,ISSERTES_0150,OK,,18,weights,0.0932,2026-09-11T09:40:54+00:00
ISSERTES_0150_S_1,ISSERTES_0150,OK,,18,weights,0.0913,2026-09-11T09:40:54+00:00
ISSERTES_0150_S_2,ISSERTES_0150,OK,,18,weights,0.0919,2026-09-11T09:40:54+00:00
ISSERTES_0150_S_3,ISSERTES_0150,OK,,18,weights,0.0917,2026-09-11T09:40:54+00:00
ISSERTES_0151_P_1,ISSERTES_0151,OK,,18,weights,0.0932,2026-09-11T09:40:54+00:00
ISSERTES_0151_P_2,ISSERTES_0151,OK,,18,weights,0.0912,2026-09-11T09:40:54+00:00
ISSERTES_0151_S_1,ISSERTES_0151,OK,,18,weights,0.0918,2026-09-11T09:40:54+00:00
ISSERTES_0151_S_2,ISSERTES_0151,OK,,18,weights,0.0919,2026-09-11T09:40:54+00:00
ISSERTES_0151_S_3,ISSERTES_0151,OK,,18,weights,0.0946,2026-09-11T09:40:54+00:00
ISSERTES_0152_P_1,ISSERTES_0152,OK,,18,weights,0.0909,2026-09-11T09:40:54+00:00
ISSERTES_0152_P_2,ISSERTES_0152,OK,,18,weights,0.0942,2026-09-11T09:40:55+00:00
ISSERTES_0152_S_1,ISSERTES_0152,OK,,18,weights,0.0956,2026-09-11T09:40:55+00:00
ISSERTES_0152_S_2,ISSERTES_0152,OK,,18,weights,0.0924,2026-09-11T09:40:55+00:00
ISSERTES_0152_S_3,ISSERTES_0152,OK,,18,weights,0.0907,2026-09-11T09:40:55+00:00
ISSERTES_0153_P_1,ISSERTES_0153,OK,,18,weights,0.0899,2026-09-11T09:40:55+00:00
ISSERTES_0153_P_2,ISSERTES_0153,OK,,18,weights,0.0930,2026-09-11T09:40:55+00:00
ISSERTES_0153_S_1,ISSERTES_0153,OK,,18,weights,0.0919,2026-09-11T09:40:55+00:00
ISSERTES_0153_S_2,ISSERTES_0153,OK,,18,weights,0.0917,2026-09-11T09:40:55+00:00
ISSERTES_0153_S_3,ISSERTES_0153,OK,,18,weights,0.0936,2026-09-11T09:40:55+00:00
ISSERTES_0154_P_1,ISSERTES_0154,OK,,18,weights,0.0940,2026-09-11T09:40:55+00:00
ISSERTES_0154_P_2,ISSERTES_0154,OK,,18,weights,0.0962,2026-09-11T09:40:55+00:00
ISSERTES_0154_S_1,ISSERTES_0154,OK,,18,weights,0.0913,2026-09-11T09:40:56+00:00
ISSERTES_0154_S_3,ISSERTES_0154,OK,,18,weights,0.0940,2026-09-11T09:40:56+00:00
ISSERTES_0155_P_1,ISSERTES_0155,OK,,18,weights,0.0899,2026-09-11T09:40:56+00:00
ISSERTES_0155_P_2,ISSERTES_0155,OK,,18,weights,0.0935,2026-09-11T09:40:56+00:00
ISSERTES_0155_S_1,ISSERTES_0155,OK,,18,weights,0.0927,2026-09-11T09:40:56+00:00
ISSERTES_0155_S_2,ISSERTES_0155,OK,,18,weights,0.0921,2026-09-11T09:40:56+00:00
ISSERTES_0155_S_3,ISSERTES_0155,OK,,18,weights,0.0933,2026-09-11T09:40:56+00:00
ISSERTES_0156_P_1,ISSERTES_0156,OK,,18,weights,0.0924,2026-09-11T09:40:56+00:00
ISSERTES_0156_P_2,ISSERTES_0156,OK,,18,weights,0.0920,2026-09-11T09:40:56+00:00
ISSERTES_0156_S_1,ISSERTES_0156,OK,,18,weights,0.0919,2026-09-11T09:40:56+00:00
ISSERTES_0156_S_2,ISSERTES_0156,OK,,18,weights,0.0942,2026-09-11T09:40:56+00:00
ISSERTES_0156_S_3,ISSERTES_0156,OK,,18,weights,0.0912,2026-09-11T09:40:57+00:00
ISSERTES_0157_P_1,ISSERTES_0157,OK,,18,weights,0.0947,2026-09-11T09:40:57+00:00
ISSERTES_0157_P_2,ISSERTES_0157,OK,,18,weights,0.0935,2026-09-11T09:40:57+00:00
ISSERTES_0157_S_1,ISSERTES_0157,OK,,18,weights,0.0941,2026-09-11T09:40:57+00:00
ISSERTES_0157_S_2,ISSERTES_0157,OK,,18,weights,0.0960,2026-09-11T09:40:57+00:00
ISSERTES_0157_S_3,ISSERTES_0157,OK,,18,weights,0.0932,2026-09-11T09:40:57+00:00
ISSERTES_0158_P_1,ISSERTES_0158,OK,,18,weights,0.0934,2026-09-11T09:40:57+00:00
ISSERTES_0158_P_2,ISSERTES_0158,OK,,18,weights,0.0936,2026-09-11T09:40:57+00:00
ISSERTES_0158_S_1,ISSERTES_0158,OK,,18,weights,0.0953,2026-09-11T09:40:57+00:00
ISSERTES_0158_S_2,ISSERTES_0158,OK,,18,weights,0.0930,2026-09-11T09:40:57+00:00
ISSERTES_0158_S_3,ISSERTES_0158,OK,,18,weights,0.0888,2026-09-11T09:40:58+00:00
ISSERTES_0159_P_1,ISSERTES_0159,OK,,18,weights,0.0927,2026-09-11T09:40:58+00:00
ISSERTES_0159_P_2,ISSERTES_0159,OK,,18,weights,0.0944,2026-09-11T09:40:58+00:00
ISSERTES_0159_S_1,ISSERTES_0159,OK,,18,weights,0.0936,2026-09-11T09:40:58+00:00
ISSERTES_0159_S_2,ISSERTES_0159,OK,,18,weights,0.0897,2026-09-11T09:40:58+00:00
ISSERTES_0159_S_3,ISSERTES_0159,OK,,18,weights,0.0902,2026-09-11T09:40:58+00:00
ISSERTES_0160_P_1,ISSERTES_0160,OK,,18,weights,0.0924,2026-09-11T09:40:58+00:00
ISSERTES_0160_P_2,ISSERTES_0160,OK,,18,weights,0.0909,2026-09-11T09:40:58+00:00
ISSERTES_0160_S_1,ISSERTES_0160,OK,,18,weights,0.0920,2026-09-11T09:40:58+00:00
ISSERTES_0160_S_2,ISSERTES_0160,OK,,18,weights,0.0930,2026-09-11T09:40:58+00:00
ISSERTES_0160_S_3,ISSERTES_0160,OK,,18,weights,0.0932,2026-09-11T09:40:58+00:00
ISSERTES_0161_P_1,ISSERTES_0161,OK,,18,weights,0.0902,2026-09-11T09:40:59+00:00
ISSERTES_0161_P_2,ISSERTES_0161,OK,,18,weights,0.0936,2026-09-11T09:40:59+00:00
ISSERTES_0161_S_1,ISSERTES_0161,OK,,18,weights,0.0915,2026-09-11T09:40:59+00:00
ISSERTES_0161_S_2,ISSERTES_0161,OK,,18,weights,0.0934,2026-09-11T09:40:59+00:00
ISSERTES_0161_S_3,ISSERTES_0161,OK,,18,weights,0.0935,2026-09-11T09:40:59+00:00
ISSERTES_0162_P_1,ISSERTES_0162,OK,,18,weights,0.0919,2026-09-11T09:40:59+00:00
ISSERTES_0162_P_2,ISSERTES_0162,OK,,18,weights,0.0937,2026-09-11T09:40:59+00:00
ISSERTES_0162_S_1,ISSERTES_0162,OK,,18,weights,0.0912,2026-09-11T09:40:59+00:00
ISSERTES_0162_S_2,ISSERTES_0162,OK,,18,weights,0.0939,2026-09-11T09:40:59+00:00
ISSERTES_0162_S_3,ISSERTES_0162,OK,,18,weights,0.0928,2026-09-11T09:40:59+00:00
ISSERTES_0163_P_1,ISSERTES_0163,OK,,18,weights,0.0940,2026-09-11T09:40:59+00:00
ISSERTES_0163_P_2,ISSERTES_0163,OK,,18,weights,0.0932,2026-09-11T09:41:00+00:00
ISSERTES_0163_S_1,ISSERTES_0163,OK,,18,weights,0.0936,2026-09-11T09:41:00+00:00
ISSERTES_0163_S_2,ISSERTES_0163,OK,,18,weights,0.0933,2026-09-11T09:41:00+00:00
ISSERTES_0163_S_3,ISSERTES_0163,OK,,18,weights,0.0952,2026-09-11T09:41:00+00:00
ISSERTES_0164_P_2,ISSERTES_0164,OK,,18,weights,0.0930,2026-09-11T09:41:00+00:00
ISSERTES_0164_S_2,ISSERTES_0164,OK,,18,weights,0.0944,2026-09-11T09:41:00+00:00
ISSERTES_0164_S_3,ISSERTES_0164,OK,,18,weights,0.0954,2026-09-11T09:41:00+00:00
ISSERTES_0165_P_1,ISSERTES_0165,OK,,18,weights,0.0924,2026-09-11T09:41:00+00:00
ISSERTES_0165_P_2,ISSERTES_0165,OK,,18,weights,0.0954,2026-09-11T09:41:00+00:00
ISSERTES_0165_S_1,ISSERTES_0165,OK,,18,weights,0.0902,2026-09-11T09:41:00+00:00
ISSERTES_0165_S_2,ISSERTES_0165,OK,,18,weights,0.0949,2026-09-11T09:41:01+00:00
ISSERTES_0165_S_3,ISSERTES_0165,OK,,18,weights,0.0933,2026-09-11T09:41:01+00:00
ISSERTES_0166_P_1,ISSERTES_0166,OK,,18,weights,0.0957,2026-09-11T09:41:01+00:00
ISSERTES_0166_P_2,ISSERTES_0166,OK,,18,weights,0.0945,2026-09-11T09:41:01+00:00
ISSERTES_0166_S_1,ISSERTES_0166,OK,,18,weights,0.0946,2026-09-11T09:41:01+00:00
ISSERTES_0166_S_2,ISSERTES_0166,OK,,18,weights,0.0923,2026-09-11T09:41:01+00:00
ISSERTES_0166_S_3,ISSERTES_0166,OK,,18,weights,0.0956,2026-09-11T09:41:01+00:00
ISSERTES_0167_P_1,ISSERTES_0167,OK,,18,weights,0.0944,2026-09-11T09:41:01+00:00
ISSERTES_0167_P_2,ISSERTES_0167,OK,,18,weights,0.0940,2026-09-11T09:41:01+00:00
ISSERTES_0167_S_1,ISSERTES_0167,OK,,18,weights,0.0957,2026-09-11T09:41:01+00:00
ISSERTES_0167_S_2,ISSERTES_0167,OK,,18,weights,0.0953,2026-09-11T09:41:01+00:00
ISSERTES_0168_P_1,ISSERTES_0168,OK,,18,weights,0.0925,2026-09-11T09:41:02+00:00
ISSERTES_0168_P_2,ISSERTES_0168,OK,,18,weights,0.0928,2026-09-11T09:41:02+00:00
ISSERTES_0168_S_1,ISSERTES_0168,OK,,18,weights,0.0933,2026-09-11T09:41:02+00:00
ISSERTES_0168_S_2,ISSERTES_0168,OK,,18,weights,0.0945,2026-09-11T09:41:02+00:00
ISSERTES_0168_S_3,ISSERTES_0168,OK,,18,weights,0.0941,2026-09-11T09:41:02+00:00
ISSERTES_0169_P_1,ISSERTES_0169,OK,,18,weights,0.0953,2026-09-11T09:41:02+00:00
ISSERTES_0169_P_2,ISSERTES_0169,OK,,18,weights,0.0948,2026-09-11T09:41:02+00:00
ISSERTES_0169_S_1,ISSERTES_0169,OK,,18,weights,0.0960,2026-09-11T09:41:02+00:00
ISSERTES_0169_S_2,ISSERTES_0169,OK,,18,weights,0.0950,2026-09-11T09:41:02+00:00
ISSERTES_0169_S_3,ISSERTES_0169,OK,,18,weights,0.0941,2026-09-11T09:41:02+00:00
ISSERTES_0170_P_1,ISSERTES_0170,OK,,18,weights,0.0926,2026-09-11T09:41:03+00:00
ISSERTES_0170_P_2,ISSERTES_0170,OK,,18,weights,0.0938,2026-09-11T09:41:03+00:00
ISSERTES_0170_S_1,ISSERTES_0170,OK,,18,weights,0.0943,2026-09-11T09:41:03+00:00
ISSERTES_0170_S_2,ISSERTES_0170,OK,,18,weights,0.0933,2026-09-11T09:41:03+00:00
ISSERTES_0170_S_3,ISSERTES_0170,OK,,18,weights,0.0950,2026-09-11T09:41:03+00:00
ISSERTES_0171_P_1,ISSERTES_0171,OK,,18,weights,0.0950,2026-09-11T09:41:03+00:00
ISSERTES_0171_P_2,ISSERTES_0171,OK,,18,weights,0.0937,2026-09-11T09:41:03+00:00
ISSERTES_0171_S_1,ISSERTES_0171,OK,,18,weights,0.0934,2026-09-11T09:41:03+00:00
ISSERTES_0171_S_2,ISSERTES_0171,OK,,18,weights,0.0924,2026-09-11T09:41:03+00:00
ISSERTES_0171_S_3,ISSERTES_0171,OK,,18,weights,0.0930,2026-09-11T09:41:03+00:00
ISSERTES_0172_P_1,ISSERTES_0172,OK,,18,weights,0.0915,2026-09-11T09:41:03+00:00
ISSERTES_0172_P_2,ISSERTES_0172,OK,,18,weights,0.0937,2026-09-11T09:41:04+00:00
ISSERTES_0172_S_1,ISSERTES_0172,OK,,18,weights,0.0906,2026-09-11T09:41:04+00:00
ISSERTES_0172_S_2,ISSERTES_0172,OK,,18,weights,0.0914,2026-09-11T09:41:04+00:00
ISSERTES_0172_S_3,ISSERTES_0172,OK,,18,weights,0.0922,2026-09-11T09:41:04+00:00
ISSERTES_0173_P_1,ISSERTES_0173,OK,,18,weights,0.0929,2026-09-11T09:41:04+00:00
ISSERTES_0173_P_2,ISSERTES_0173,OK,,18,weights,0.0929,2026-09-11T09:41:04+00:00
ISSERTES_0173_S_1,ISSERTES_0173,OK,,18,weights,0.0929,2026-09-11T09:41:04+00:00
ISSERTES_0173_S_2,ISSERTES_0173,OK,,18,weights,0.0928,2026-09-11T09:41:04+00:00
ISSERTES_0173_S_3,ISSERTES_0173,OK,,18,weights,0.0928,2026-09-11T09:41:04+00:00
ISSERTES_0174_P_1,ISSERTES_0174,OK,,18,weights,0.0948,2026-09-11T09:41:04+00:00
ISSERTES_0174_P_2,ISSERTES_0174,OK,,18,weights,0.0936,2026-09-11T09:41:05+00:00
ISSERTES_0174_S_1,ISSERTES_0174,OK,,18,weights,0.0918,2026-09-11T09:41:05+00:00
ISSERTES_0174_S_2,ISSERTES_0174,OK,,18,weights,0.0918,2026-09-11T09:41:05+00:00
ISSERTES_0174_S_3,ISSERTES_0174,OK,,18,weights,0.0943,2026-09-11T09:41:05+00:00
ISSERTES_0175_P_1,ISSERTES_0175,OK,,18,weights,0.0937,2026-09-11T09:41:05+00:00
ISSERTES_0175_P_2,ISSERTES_0175,OK,,18,weights,0.0914,2026-09-11T09:41:05+00:00
ISSERTES_0175_S_1,ISSERTES_0175,OK,,18,weights,0.0945,2026-09-11T09:41:05+00:00
ISSERTES_0175_S_2,ISSERTES_0175,OK,,18,weights,0.0906,2026-09-11T09:41:05+00:00
ISSERTES_0175_S_3,ISSERTES_0175,OK,,18,weights,0.0919,2026-09-11T09:41:05+00:00
ISSERTES_0176_P_1,ISSERTES_0176,OK,,18,weights,0.0942,2026-09-11T09:41:05+00:00
ISSERTES_0176_P_2,ISSERTES_0176,OK,,18,weights,0.0918,2026-09-11T09:41:05+00:00
ISSERTES_0176_S_1,ISSERTES_0176,OK,,18,weights,0.0946,2026-09-11T09:41:06+00:00
ISSERTES_0176_S_2,ISSERTES_0176,OK,,18,weights,0.0907,2026-09-11T09:41:06+00:00
ISSERTES_0176_S_3,ISSERTES_0176,OK,,18,weights,0.0925,2026-09-11T09:41:06+00:00
ISSERTES_0177_P_1,ISSERTES_0177,OK,,18,weights,0.0895,2026-09-11T09:41:06+00:00
ISSERTES_0177_P_2,ISSERTES_0177,OK,,18,weights,0.0936,2026-09-11T09:41:06+00:00
ISSERTES_0177_S_1,ISSERTES_0177,OK,,18,weights,0.0912,2026-09-11T09:41:06+00:00
ISSERTES_0177_S_2,ISSERTES_0177,OK,,18,weights,0.0951,2026-09-11T09:41:06+00:00
ISSERTES_0177_S_3,ISSERTES_0177,OK,,18,weights,0.0926,2026-09-11T09:41:06+00:00
ISSERTES_0178_P_1,ISSERTES_0178,OK,,18,weights,0.0943,2026-09-11T09:41:06+00:00
ISSERTES_0178_P_2,ISSERTES_0178,OK,,18,weights,0.0928,2026-09-11T09:41:06+00:00
ISSERTES_0178_S_1,ISSERTES_0178,OK,,18,weights,0.0927,2026-09-11T09:41:06+00:00
ISSERTES_0178_S_2,ISSERTES_0178,OK,,18,weights,0.0949,2026-09-11T09:41:07+00:00
ISSERTES_0178_S_3,ISSERTES_0178,OK,,18,weights,0.0917,2026-09-11T09:41:07+00:00
ISSERTES_0179_P_1,ISSERTES_0179,OK,,18,weights,0.0967,2026-09-11T09:41:07+00:00
ISSERTES_0179_P_2,ISSERTES_0179,OK,,18,weights,0.0939,2026-09-11T09:41:07+00:00
ISSERTES_0179_S_1,ISSERTES_0179,OK,,18,weights,0.0937,2026-09-11T09:41:07+00:00
ISSERTES_0179_S_3,ISSERTES_0179,OK,,18,weights,0.0927,2026-09-11T09:41:07+00:00
ISSERTES_0180_P_1,ISSERTES_0180,OK,,18,weights,0.0905,2026-09-11T09:41:07+00:00
ISSERTES_0180_P_2,ISSERTES_0180,OK,,18,weights,0.0969,2026-09-11T09:41:07+00:00
ISSERTES_0180_S_1,ISSERTES_0180,OK,,18,weights,0.0939,2026-09-11T09:41:07+00:00
ISSERTES_0180_S_2,ISSERTES_0180,OK,,18,weights,0.0942,2026-09-11T09:41:07+00:00
ISSERTES_0180_S_3,ISSERTES_0180,OK,,18,weights,0.0926,2026-09-11T09:41:08+00:00
ISSERTES_0181_P_1,ISSERTES_0181,OK,,18,weights,0.0929,2026-09-11T09:41:08+00:00
ISSERTES_0181_P_2,ISSERTES_0181,OK,,18,weights,0.0959,2026-09-11T09:41:08+00:00
ISSERTES_0181_S_1,ISSERTES_0181,OK,,18,weights,0.0895,2026-09-11T09:41:08+00:00
ISSERTES_0181_S_3,ISSERTES_0181,OK,,18,weights,0.0914,2026-09-11T09:41:08+00:00
ISSERTES_0182_P_1,ISSERTES_0182,OK,,18,weights,0.0929,2026-09-11T09:41:08+00:00
ISSERTES_0182_P_2,ISSERTES_0182,OK,,18,weights,0.0932,2026-09-11T09:41:08+00:00
ISSERTES_0182_S_1,ISSERTES_0182,OK,,18,weights,0.0918,2026-09-11T09:41:08+00:00
ISSERTES_0182_S_2,ISSERTES_0182,SUSPECT,only_17_of_18_expected_maxima,17,weights,0.0915,2026-09-11T09:41:08+00:00
ISSERTES_0182_S_3,ISSERTES_0182,OK,,18,weights,0.0952,2026-09-11T09:41:08+00:00
ISSERTES_0183_P_1,ISSERTES_0183,OK,,18,weights,0.0917,2026-09-11T09:41:08+00:00
ISSERTES_0183_P_2,ISSERTES_0183,OK,,18,weights,0.0945,2026-09-11T09:41:09+00:00
ISSERTES_0183_S_1,ISSERTES_0183,OK,,18,weights,0.0912,2026-09-11T09:41:09+00:00
ISSERTES_0183_S_2,ISSERTES_0183,OK,,18,weights,0.0936,2026-09-11T09:41:09+00:00
ISSERTES_0183_S_3,ISSERTES_0183,OK,,18,weights,0.0902,2026-09-11T09:41:09+00:00
ISSERTES_0184_P_1,ISSERTES_0184,OK,,18,weights,0.0910,2026-09-11T09:41:09+00:00
ISSERTES_0184_P_2,ISSERTES_0184,OK,,18,weights,0.0927,2026-09-11T09:41:09+00:00
ISSERTES_0184_S_1,ISSERTES_0184,OK,,18,weights,0.0928,2026-09-11T09:41:09+00:00
ISSERTES_0184_S_2,ISSERTES_0184,OK,,18,weights,0.0903,2026-09-11T09:41:09+00:00
ISSERTES_0184_S_3,ISSERTES_0184,OK,,18,weights,0.0955,2026-09-11T09:41:09+00:00
ISSERTES_0185_P_1,ISSERTES_0185,OK,,18,weights,0.0953,2026-09-11T09:41:09+00:00
ISSERTES_0185_P_2,ISSERTES_0185,OK,,18,weights,0.0927,2026-09-11T09:41:09+00:00
ISSERTES_0185_S_1,ISSERTES_0185,OK,,18,weights,0.0938,2026-09-11T09:41:10+00:00
ISSERTES_0185_S_2,ISSERTES_0185,OK,,18,weights,0.0977,2026-09-11T09:41:10+00:00
ISSERTES_0185_S_3,ISSERTES_0185,OK,,18,weights,0.0934,2026-09-11T09:41:10+00:00
ISSERTES_0186_P_1,ISSERTES_0186,OK,,18,weights,0.0941,2026-09-11T09:41:10+00:00
ISSERTES_0186_P_2,ISSERTES_0186,OK,,18,weights,0.0950,2026-09-11T09:41:10+00:00
ISSERTES_0186_S_1,ISSERTES_0186,OK,,18,weights,0.0911,2026-09-11T09:41:10+00:00
ISSERTES_0186_S_2,ISSERTES_0186,OK,,18,weights,0.0928,2026-09-11T09:41:10+00:00
ISSERTES_0186_S_3,ISSERTES_0186,OK,,18,weights,0.0928,2026-09-11T09:41:10+00:00
ISSERTES_0187_P_1,ISSERTES_0187,OK,,18,weights,0.0914,2026-09-11T09:41:10+00:00
ISSERTES_0187_P_2,ISSERTES_0187,OK,,18,weights,0.0917,2026-09-11T09:41:10+00:00
ISSERTES_0187_S_1,ISSERTES_0187,OK,,18,weights,0.0938,2026-09-11T09:41:11+00:00
ISSERTES_0187_S_2,ISSERTES_0187,OK,,18,weights,0.0914,2026-09-11T09:41:11+00:00
ISSERTES_0187_S_3,ISSERTES_0187,OK,,18,weights,0.0951,2026-09-11T09:41:11+00:00
ISSERTES_0188_P_1,ISSERTES_0188,OK,,18,weights,0.0940,2026-09-11T09:41:11+00:00
ISSERTES_0188_P_2,ISSERTES_0188,OK,,18,weights,0.0941,2026-09-11T09:41:11+00:00
ISSERTES_0188_S_1,ISSERTES_0188,OK,,18,weights,0.0929,2026-09-11T09:41:11+00:00
ISSERTES_0188_S_2,ISSERTES_0188,OK,,18,weights,0.0951,2026-09-11T09:41:11+00:00
ISSERTES_0188_S_3,ISSERTES_0188,OK,,18,weights,0.0890,2026-09-11T09:41:11+00:00
ISSERTES_0189_P_1,ISSERTES_0189,OK,,18,weights,0.0952,2026-09-11T09:41:11+00:00
ISSERTES_0189_P_2,ISSERTES_0189,OK,,18,weights,0.0910,2026-09-11T09:41:11+00:00
ISSERTES_0189_S_1,ISSERTES_0189,OK,,18,weights,0.0981,2026-09-11T09:41:12+00:00
ISSERTES_0189_S_2,ISSERTES_0189,OK,,18,weights,0.0937,2026-09-11T09:41:12+00:00
ISSERTES_0189_S_3,ISSERTES_0189,OK,,18,weights,0.0943,2026-09-11T09:41:12+00:00
ISSERTES_0194_P_1,ISSERTES_0194,OK,,18,weights,0.0927,2026-09-11T09:41:12+00:00
ISSERTES_0194_P_2,ISSERTES_0194,OK,,18,weights,0.0936,2026-09-11T09:41:12+00:00
ISSERTES_0194_S_1,ISSERTES_0194,OK,,18,weights,0.0951,2026-09-11T09:41:12+00:00
ISSERTES_0194_S_2,ISSERTES_0194,OK,,18,weights,0.0907,2026-09-11T09:41:12+00:00
ISSERTES_0194_S_3,ISSERTES_0194,OK,,18,weights,0.0950,2026-09-11T09:41:12+00:00
ISSERTES_0195_P_1,ISSERTES_0195,OK,,18,weights,0.0939,2026-09-11T09:41:12+00:00
ISSERTES_0195_P_2,ISSERTES_0195,OK,,18,weights,0.0928,2026-09-11T09:41:12+00:00
ISSERTES_0195_S_1,ISSERTES_0195,OK,,18,weights,0.0910,2026-09-11T09:41:12+00:00
ISSERTES_0195_S_2,ISSERTES_0195,OK,,18,weights,0.0945,2026-09-11T09:41:13+00:00
ISSERTES_0195_S_3,ISSERTES_0195,OK,,18,weights,0.0946,2026-09-11T09:41:13+00:00
ISSERTES_0196_P_1,ISSERTES_0196,OK,,18,weights,0.0907,2026-09-11T09:41:13+00:00
ISSERTES_0196_P_2,ISSERTES_0196,OK,,18,weights,0.0933,2026-09-11T09:41:13+00:00
ISSERTES_0196_S_1,ISSERTES_0196,OK,,18,weights,0.0928,2026-09-11T09:41:13+00:00
ISSERTES_0196_S_2,ISSERTES_0196,OK,,18,weights,0.0923,2026-09-11T09:41:13+00:00
ISSERTES_0196_S_3,ISSERTES_0196,OK,,18,weights,0.0912,2026-09-11T09:41:13+00:00
ISSERTES_0197_P_1,ISSERTES_0197,OK,,18,weights,0.0926,2026-09-11T09:41:13+00:00
ISSERTES_0197_P_2,ISSERTES_0197,OK,,18,weights,0.0912,2026-09-11T09:41:13+00:00
ISSERTES_0197_S_1,ISSERTES_0197,OK,,18,weights,0.0913,2026-09-11T09:41:13+00:00
ISSERTES_0197_S_2,ISSERTES_0197,OK,,18,weights,0.0923,2026-09-11T09:41:13+00:00
ISSERTES_0197_S_3,ISSERTES_0197,OK,,18,weights,0.0901,2026-09-11T09:41:14+00:00
ISSERTES_0198_P_1,ISSERTES_0198,OK,,18,weights,0.0919,2026-09-11T09:41:14+00:00
ISSERTES_0198_P_2,ISSERTES_0198,OK,,18,weights,0.0910,2026-09-11T09:41:14+00:00
ISSERTES_0198_S_1,ISSERTES_0198,OK,,18,weights,0.0922,2026-09-11T09:41:14+00:00
ISSERTES_0198_S_2,ISSERTES_0198,OK,,18,weights,0.0965,2026-09-11T09:41:14+00:00
ISSERTES_0198_S_3,ISSERTES_0198,OK,,18,weights,0.0928,2026-09-11T09:41:14+00:00
OPIE_0001_P_1,OPIE_0001,OK,,18,weights,0.0922,2026-09-11T09:41:14+00:00
OPIE_0001_P_2,OPIE_0001,OK,,18,weights,0.0925,2026-09-11T09:41:14+00:00
OPIE_0001_S_1,OPIE_0001,OK,,18,weights,0.0893,2026-09-11T09:41:14+00:00
OPIE_0001_S_2,OPIE_0001,OK,,18,weights,0.0936,2026-09-11T09:41:14+00:00
OPIE_0001_S_3,OPIE_0001,OK,,18,weights,0.0904,2026-09-11T09:41:14+00:00
OPIE_0002_P_1,OPIE_0002,OK,,18,weights,0.0938,2026-09-11T09:41:15+00:00
OPIE_0002_P_2,OPIE_0002,OK,,18,weights,0.0905,2026-09-11T09:41:15+00:00
OPIE_0002_S_1,OPIE_0002,OK,,18,weights,0.0937,2026-09-11T09:41:15+00:00
OPIE_0002_S_2,OPIE_0002,OK,,18,weights,0.0898,2026-09-11T09:41:15+00:00
OPIE_0002_S_3,OPIE_0002,OK,,18,weights,0.0930,2026-09-11T09:41:15+00:00
OPIE_0003_P_1,OPIE_0003,OK,,18,weights,0.0904,2026-09-11T09:41:15+00:00
OPIE_0003_P_2,OPIE_0003,OK,,18,weights,0.0919,2026-09-11T09:41:15+00:00
OPIE_0003_S_1,OPIE_0003,OK,,18,weights,0.0919,2026-09-11T09:41:15+00:00
OPIE_0003_S_2,OPIE_0003,OK,,18,weights,0.0934,2026-09-11T09:41:15+00:00
OPIE_0003_S_3,OPIE_0003,OK,,18,weights,0.0929,2026-09-11T09:41:15+00:00
OPIE_0004_P_1,OPIE_0004,OK,,18,weights,0.0939,2026-09-11T09:41:15+00:00
OPIE_0004_P_2,OPIE_0004,OK,,18,weights,0.0925,2026-09-11T09:41:16+00:00
OPIE_0004_S_1,OPIE_0004,OK,,18,weights,0.0917,2026-09-11T09:41:16+00:00
OPIE_0004_S_2,OPIE_0004,OK,,18,weights,0.0932,2026-09-11T09:41:16+00:00
OPIE_0004_S_3,OPIE_0004,OK,,18,weights,0.0894,2026-09-11T09:41:16+00:00
OPIE_0005_P_1,OPIE_0005,OK,,18,weights,0.0936,2026-09-11T09:41:16+00:00
OPIE_0005_P_2,OPIE_0005,OK,,18,weights,0.0918,2026-09-11T09:41:16+00:00
OPIE_0005_S_1,OPIE_0005,OK,,18,weights,0.0961,2026-09-11T09:41:16+00:00
OPIE_0005_S_2,OPIE_0005,OK,,18,weights,0.0907,2026-09-11T09:41:16+00:00
OPIE_0005_S_3,OPIE_0005,OK,,18,weights,0.0896,2026-09-11T09:41:16+00:00
OPIE_0006_P_1,OPIE_0006,OK,,18,weights,0.0919,2026-09-11T09:41:16+00:00
OPIE_0006_P_2,OPIE_0006,OK,,18,weights,0.0913,2026-09-11T09:41:17+00:00
OPIE_0006_S_1,OPIE_0006,OK,,18,weights,0.0966,2026-09-11T09:41:17+00:00
OPIE_0006_S_2,OPIE_0006,OK,,18,weights,0.0904,2026-09-11T09:41:17+00:00
OPIE_0006_S_3,OPIE_0006,OK,,18,weights,0.0929,2026-09-11T09:41:17+00:00
OPIE_0007_P_1,OPIE_0007,OK,,18,weights,0.0940,2026-09-11T09:41:17+00:00
OPIE_0007_P_2,OPIE_0007,OK,,18,weights,0.0920,2026-09-11T09:41:17+00:00
OPIE_0007_S_1,OPIE_0007,OK,,18,weights,0.0920,2026-09-11T09:41:17+00:00
OPIE_0007_S_2,OPIE_0007,OK,,18,weights,0.0908,2026-09-11T09:41:17+00:00
OPIE_0007_S_3,OPIE_0007,OK,,18,weights,0.0949,2026-09-11T09:41:17+00:00
OPIE_0008_P_1,OPIE_0008,OK,,18,weights,0.0948,2026-09-11T09:41:17+00:00
OPIE_0008_P_2,OPIE_0008,OK,,18,weights,0.0932,2026-09-11T09:41:17+00:00
OPIE_0008_S_1,OPIE_0008,OK,,18,weights,0.0936,2026-09-11T09:41:18+00:00
OPIE_0008_S_2,OPIE_0008,OK,,18,weights,0.0929,2026-09-11T09:41:18+00:00
OPIE_0008_S_3,OPIE_0008,OK,,18,weights,0.0934,2026-09-11T09:41:18+00:00
OPIE_0009_P_1,OPIE_0009,OK,,18,weights,0.0909,2026-09-11T09:41:18+00:00
OPIE_0009_P_2,OPIE_0009,OK,,18,weights,0.0915,2026-09-11T09:41:18+00:00
OPIE_0009_S_1,OPIE_0009,OK,,18,weights,0.0934,2026-09-11T09:41:18+00:00
OPIE_0009_S_2,OPIE_0009,OK,,18,weights,0.0924,2026-09-11T09:41:18+00:00
OPIE_0009_S_3,OPIE_0009,OK,,18,weights,0.0941,2026-09-11T09:41:18+00:00
OPIE_0010_P_1,OPIE_0010,OK,,18,weights,0.0915,2026-09-11T09:41:18+00:00
OPIE_0010_P_2,OPIE_0010,OK,,18,weights,0.0957,2026-09-11T09:41:18+00:00
OPIE_0010_S_1,OPIE_0010,OK,,18,weights,0.0918,2026-09-11T09:41:19+00:00
OPIE_0010_S_2,OPIE_0010,OK,,18,weights,0.0936,2026-09-11T09:41:19+00:00
OPIE_0010_S_3,OPIE_0010,OK,,18,weights,0.0913,2026-09-11T09:41:19+00:00
OPIE_0011_P_1,OPIE_0011,OK,,18,weights,0.0899,2026-09-11T09:41:19+00:00
OPIE_0011_P_2,OPIE_0011,OK,,18,weights,0.0941,2026-09-11T09:41:19+00:00
OPIE_0011_S_1,OPIE_0011,OK,,18,weights,0.0927,2026-09-11T09:41:19+00:00
OPIE_0011_S_2,OPIE_0011,OK,,18,weights,0.0921,2026-09-11T09:41:19+00:00
OPIE_0011_S_3,OPIE_0011,OK,,18,weights,0.0917,2026-09-11T09:41:19+00:00
OPIE_0012_P_1,OPIE_0012,OK,,18,weights,0.0918,2026-09-11T09:41:19+00:00
OPIE_0012_P_2,OPIE_0012,OK,,18,weights,0.0896,2026-09-11T09:41:19+00:00
OPIE_0012_S_1,OPIE_0012,OK,,18,weights,0.0939,2026-09-11T09:41:19+00:00
OPIE_0012_S_2,OPIE_0012,OK,,18,weights,0.0928,2026-09-11T09:41:20+00:00
OPIE_0012_S_3,OPIE_0012,OK,,18,weights,0.0923,2026-09-11T09:41:20+00:00
OPIE_0013_P_1,OPIE_0013,OK,,18,weights,0.0917,2026-09-11T09:41:20+00:00
OPIE_0013_P_2,OPIE_0013,OK,,18,weights,0.0934,2026-09-11T09:41:20+00:00
OPIE_0013_S_1,OPIE_0013,OK,,18,weights,0.0928,2026-09-11T09:41:20+00:00
OPIE_0013_S_2,OPIE_0013,OK,,18,weights,0.0940,2026-09-11T09:41:20+00:00
OPIE_0013_S_3,OPIE_0013,OK,,18,weights,0.0932,2026-09-11T09:41:20+00:00
OPIE_0014_P_1,OPIE_0014,OK,,18,weights,0.0918,2026-09-11T09:41:20+00:00
OPIE_0014_P_2,OPIE_0014,OK,,18,weights,0.0943,2026-09-11T09:41:20+00:00
OPIE_0014_S_1,OPIE_0014,OK,,18,weights,0.0928,2026-09-11T09:41:20+00:00
OPIE_0014_S_2,OPIE_0014,OK,,18,weights,0.0945,2026-09-11T09:41:20+00:00
OPIE_0014_S_3,OPIE_0014,OK,,18,weights,0.0956,2026-09-11T09:41:21+00:00
OPIE_0015_P_1,OPIE_0015,OK,,18,weights,0.0939,2026-09-11T09:41:21+00:00
OPIE_0015_P_2,OPIE_0015,OK,,18,weights,0.0939,2026-09-11T09:41:21+00:00
OPIE_0015_S_1,OPIE_0015,OK,,18,weights,0.0984,2026-09-11T09:41:21+00:00
OPIE_0015_S_2,OPIE_0015,OK,,18,weights,0.0921,2026-09-11T09:41:21+00:00
OPIE_0015_S_3,OPIE_0015,OK,,18,weights,0.0942,2026-09-11T09:41:21+00:00
OPIE_0016_P_1,OPIE_0016,OK,,18,weights,0.0939,2026-09-11T09:41:21+00:00
OPIE_0016_P_2,OPIE_0016,OK,,18,weights,0.0955,2026-09-11T09:41:21+00:00
OPIE_0016_S_1,OPIE_0016,OK,,18,weights,0.0947,2026-09-11T09:41:21+00:00
OPIE_0016_S_2,OPIE_0016,OK,,18,weights,0.0912,2026-09-11T09:41:21+00:00
OPIE_0016_S_3,OPIE_0016,OK,,18,weights,0.0924,2026-09-11T09:41:22+00:00
OPIE_0017_P_1,OPIE_0017,OK,,18,weights,0.0909,2026-09-11T09:41:22+00:00
OPIE_0017_P_2,OPIE_0017,OK,,18,weights,0.0943,2026-09-11T09:41:22+00:00
OPIE_0017_S_1,OPIE_0017,OK,,18,weights,0.0932,2026-09-11T09:41:22+00:00
OPIE_0017_S_2,OPIE_0017,OK,,18,weights,0.0936,2026-09-11T09:41:22+00:00
OPIE_0017_S_3,OPIE_0017,OK,,18,weights,0.0955,2026-09-11T09:41:22+00:00
OPIE_0018_P_1,OPIE_0018,OK,,18,weights,0.0977,2026-09-11T09:41:22+00:00
OPIE_0018_P_2,OPIE_0018,OK,,18,weights,0.0957,2026-09-11T09:41:22+00:00
OPIE_0018_S_1,OPIE_0018,OK,,18,weights,0.0933,2026-09-11T09:41:22+00:00
OPIE_0018_S_2,OPIE_0018,OK,,18,weights,0.0944,2026-09-11T09:41:22+00:00
OPIE_0018_S_3,OPIE_0018,OK,,18,weights,0.0949,2026-09-11T09:41:22+00:00
OPIE_0019_P_1,OPIE_0019,OK,,18,weights,0.0931,2026-09-11T09:41:23+00:00
OPIE_0019_P_2,OPIE_0019,OK,,18,weights,0.0980,2026-09-11T09:41:23+00:00
OPIE_0019_S_1,OPIE_0019,OK,,18,weights,0.0977,2026-09-11T09:41:23+00:00
OPIE_0019_S_2,OPIE_0019,OK,,18,weights,0.0989,2026-09-11T09:41:23+00:00
OPIE_0019_S_3,OPIE_0019,OK,,18,weights,0.0942,2026-09-11T09:41:23+00:00
OPIE_0020_P_1,OPIE_0020,OK,,18,weights,0.0958,2026-09-11T09:41:23+00:00
OPIE_0020_P_2,OPIE_0020,OK,,18,weights,0.1003,2026-09-11T09:41:23+00:00
OPIE_0020_S_1,OPIE_0020,OK,,18,weights,0.0958,2026-09-11T09:41:23+00:00
OPIE_0020_S_2,OPIE_0020,OK,,18,weights,0.0951,2026-09-11T09:41:23+00:00
OPIE_0020_S_3,OPIE_0020,OK,,18,weights,0.0969,2026-09-11T09:41:23+00:00
OPIE_0021_P_1,OPIE_0021,OK,,18,weights,0.0991,2026-09-11T09:41:24+00:00
OPIE_0021_P_2,OPIE_0021,OK,,18,weights,0.0976,2026-09-11T09:41:24+00:00
OPIE_0021_S_1,OPIE_0021,OK,,18,weights,0.0967,2026-09-11T09:41:24+00:00
OPIE_0021_S_2,OPIE_0021,OK,,18,weights,0.0955,2026-09-11T09:41:24+00:00
OPIE_0021_S_3,OPIE_0021,OK,,18,weights,0.0955,2026-09-11T09:41:24+00:00
OPIE_0022_P_1,OPIE_0022,OK,,18,weights,0.1032,2026-09-11T09:41:24+00:00
OPIE_0022_P_2,OPIE_0022,OK,,18,weights,0.0940,2026-09-11T09:41:24+00:00
OPIE_0022_S_1,OPIE_0022,OK,,18,weights,0.1026,2026-09-11T09:41:24+00:00
OPIE_0022_S_2,OPIE_0022,OK,,18,weights,0.0996,2026-09-11T09:41:24+00:00
OPIE_0022_S_3,OPIE_0022,OK,,18,weights,0.0929,2026-09-11T09:41:24+00:00
OPIE_0023_P_1,OPIE_0023,OK,,18,weights,0.0949,2026-09-11T09:41:25+00:00
OPIE_0023_P_2,OPIE_0023,OK,,18,weights,0.0906,2026-09-11T09:41:25+00:00
OPIE_0023_S_1,OPIE_0023,OK,,18,weights,0.0922,2026-09-11T09:41:25+00:00
OPIE_0023_S_2,OPIE_0023,OK,,18,weights,0.0928,2026-09-11T09:41:25+00:00
OPIE_0023_S_3,OPIE_0023,OK,,18,weights,0.0932,2026-09-11T09:41:25+00:00
OPIE_0024_P_1,OPIE_0024,OK,,18,weights,0.0895,2026-09-11T09:41:25+00:00
OPIE_0024_P_2,OPIE_0024,OK,,18,weights,0.0938,2026-09-11T09:41:25+00:00
OPIE_0024_S_1,OPIE_0024,OK,,18,weights,0.0927,2026-09-11T09:41:25+00:00
OPIE_0024_S_2,OPIE_0024,OK,,18,weights,0.0928,2026-09-11T09:41:25+00:00
OPIE_0024_S_3,OPIE_0024,OK,,18,weights,0.0931,2026-09-11T09:41:25+00:00
OPIE_0025_P_1,OPIE_0025,OK,,18,weights,0.0926,2026-09-11T09:41:25+00:00
OPIE_0025_P_2,OPIE_0025,OK,,18,weights,0.0927,2026-09-11T09:41:26+00:00
OPIE_0025_S_1,OPIE_0025,OK,,18,weights,0.1015,2026-09-11T09:41:26+00:00
OPIE_0025_S_2,OPIE_0025,OK,,18,weights,0.0950,2026-09-11T09:41:26+00:00
OPIE_0025_S_3,OPIE_0025,OK,,18,weights,0.0921,2026-09-11T09:41:26+00:00
OPIE_0026_P_1,OPIE_0026,OK,,18,weights,0.0912,2026-09-11T09:41:26+00:00
OPIE_0026_P_2,OPIE_0026,OK,,18,weights,0.0938,2026-09-11T09:41:26+00:00
OPIE_0026_S_1,OPIE_0026,OK,,18,weights,0.0978,2026-09-11T09:41:26+00:00
OPIE_0026_S_2,OPIE_0026,OK,,18,weights,0.0945,2026-09-11T09:41:26+00:00
OPIE_0026_S_3,OPIE_0026,OK,,18,weights,0.0904,2026-09-11T09:41:26+00:00
OPIE_0027_P_1,OPIE_0027,OK,,18,weights,0.0929,2026-09-11T09:41:26+00:00
OPIE_0027_P_2,OPIE_0027,OK,,18,weights,0.0946,2026-09-11T09:41:27+00:00
OPIE_0027_S_1,OPIE_0027,OK,,18,weights,0.0965,2026-09-11T09:41:27+00:00
OPIE_0027_S_2,OPIE_0027,OK,,18,weights,0.0905,2026-09-11T09:41:27+00:00
OPIE_0027_S_3,OPIE_0027,OK,,18,weights,0.0906,2026-09-11T09:41:27+00:00
OPIE_0028_P_1,OPIE_0028,OK,,18,weights,0.0921,2026-09-11T09:41:27+00:00
OPIE_0028_P_2,OPIE_0028,OK,,18,weights,0.0931,2026-09-11T09:41:27+00:00
OPIE_0028_S_1,OPIE_0028,OK,,18,weights,0.0922,2026-09-11T09:41:27+00:00
OPIE_0028_S_2,OPIE_0028,OK,,18,weights,0.0930,2026-09-11T09:41:27+00:00
OPIE_0028_S_3,OPIE_0028,OK,,18,weights,0.0950,2026-09-11T09:41:27+00:00
OPIE_0029_P_1,OPIE_0029,OK,,18,weights,0.0910,2026-09-11T09:41:27+00:00
OPIE_0029_P_2,OPIE_0029,OK,,18,weights,0.0939,2026-09-11T09:41:27+00:00
OPIE_0029_S_1,OPIE_0029,OK,,18,weights,0.0930,2026-09-11T09:41:28+00:00
OPIE_0029_S_2,OPIE_0029,OK,,18,weights,0.0917,2026-09-11T09:41:28+00:00
OPIE_0029_S_3,OPIE_0029,OK,,18,weights,0.0918,2026-09-11T09:41:28+00:00
OPIE_0030_P_1,OPIE_0030,OK,,18,weights,0.0941,2026-09-11T09:41:28+00:00
OPIE_0030_P_2,OPIE_0030,OK,,18,weights,0.0962,2026-09-11T09:41:28+00:00
OPIE_0030_S_1,OPIE_0030,OK,,18,weights,0.0935,2026-09-11T09:41:28+00:00
OPIE_0030_S_2,OPIE_0030,OK,,18,weights,0.0935,2026-09-11T09:41:28+00:00
OPIE_0030_S_3,OPIE_0030,OK,,18,weights,0.0936,2026-09-11T09:41:28+00:00
OPIE_0031_P_1,OPIE_0031,OK,,18,weights,0.0948,2026-09-11T09:41:28+00:00
OPIE_0031_P_2,OPIE_0031,OK,,18,weights,0.0930,2026-09-11T09:41:28+00:00
OPIE_0031_S_1,OPIE_0031,OK,,18,weights,0.0907,2026-09-11T09:41:29+00:00
OPIE_0031_S_2,OPIE_0031,OK,,18,weights,0.0936,2026-09-11T09:41:29+00:00
OPIE_0031_S_3,OPIE_0031,OK,,18,weights,0.0896,2026-09-11T09:41:29+00:00
OPIE_0032_P_1,OPIE_0032,OK,,18,weights,0.0939,2026-09-11T09:41:29+00:00
OPIE_0032_P_2,OPIE_0032,OK,,18,weights,0.0932,2026-09-11T09:41:29+00:00
OPIE_0032_S_1,OPIE_0032,OK,,18,weights,0.0941,2026-09-11T09:41:29+00:00
OPIE_0032_S_2,OPIE_0032,OK,,18,weights,0.0913,2026-09-11T09:41:29+00:00
OPIE_0032_S_3,OPIE_0032,OK,,18,weights,0.0920,2026-09-11T09:41:29+00:00
OPIE_0033_P_1,OPIE_0033,OK,,18,weights,0.0941,2026-09-11T09:41:29+00:00
OPIE_0033_P_2,OPIE_0033,OK,,18,weights,0.0915,2026-09-11T09:41:29+00:00
OPIE_0033_S_1,OPIE_0033,OK,,18,weights,0.0928,2026-09-11T09:41:29+00:00
OPIE_0033_S_2,OPIE_0033,OK,,18,weights,0.0943,2026-09-11T09:41:30+00:00
OPIE_0033_S_3,OPIE_0033,OK,,18,weights,0.0956,2026-09-11T09:41:30+00:00
OPIE_0034_P_1,OPIE_0034,OK,,18,weights,0.0935,2026-09-11T09:41:30+00:00
OPIE_0034_P_2,OPIE_0034,OK,,18,weights,0.0924,2026-09-11T09:41:30+00:00
OPIE_0034_S_1,OPIE_0034,OK,,18,weights,0.0941,2026-09-11T09:41:30+00:00
OPIE_0034_S_2,OPIE_0034,OK,,18,weights,0.0951,2026-09-11T09:41:30+00:00
OPIE_0034_S_3,OPIE_0034,OK,,18,weights,0.0902,2026-09-11T09:41:30+00:00
OPIE_0035_P_1,OPIE_0035,OK,,18,weights,0.0934,2026-09-11T09:41:30+00:00
OPIE_0035_P_2,OPIE_0035,OK,,18,weights,0.0922,2026-09-11T09:41:30+00:00
OPIE_0035_S_1,OPIE_0035,OK,,18,weights,0.0968,2026-09-11T09:41:30+00:00
OPIE_0035_S_2,OPIE_0035,OK,,18,weights,0.1239,2026-09-11T09:41:31+00:00
OPIE_0035_S_3,OPIE_0035,OK,,18,weights,0.0916,2026-09-11T09:41:31+00:00
OPIE_0036_P_1,OPIE_0036,OK,,18,weights,0.0943,2026-09-11T09:41:31+00:00
OPIE_0036_P_2,OPIE_0036,OK,,18,weights,0.0936,2026-09-11T09:41:31+00:00
OPIE_0036_S_1,OPIE_0036,OK,,18,weights,0.0950,2026-09-11T09:41:31+00:00
OPIE_0036_S_2,OPIE_0036,OK,,18,weights,0.0945,2026-09-11T09:41:31+00:00
OPIE_0036_S_3,OPIE_0036,OK,,18,weights,0.0922,2026-09-11T09:41:31+00:00
OPIE_0037_P_1,OPIE_0037,OK,,18,weights,0.0898,2026-09-11T09:41:31+00:00
OPIE_0037_P_2,OPIE_0037,OK,,18,weights,0.0930,2026-09-11T09:41:31+00:00
OPIE_0037_S_1,OPIE_0037,OK,,18,weights,0.0903,2026-09-11T09:41:31+00:00
OPIE_0037_S_2,OPIE_0037,OK,,18,weights,0.0957,2026-09-11T09:41:31+00:00
OPIE_0037_S_3,OPIE_0037,OK,,18,weights,0.0941,2026-09-11T09:41:32+00:00
OPIE_0038_P_1,OPIE_0038,OK,,18,weights,0.0934,2026-09-11T09:41:32+00:00
OPIE_0038_P_2,OPIE_0038,OK,,18,weights,0.0904,2026-09-11T09:41:32+00:00
OPIE_0038_S_1,OPIE_0038,OK,,18,weights,0.0910,2026-09-11T09:41:32+00:00
OPIE_0038_S_2,OPIE_0038,OK,,18,weights,0.0923,2026-09-11T09:41:32+00:00
OPIE_0038_S_3,OPIE_0038,OK,,18,weights,0.0909,2026-09-11T09:41:32+00:00
OPIE_0039_P_1,OPIE_0039,OK,,18,weights,0.0932,2026-09-11T09:41:32+00:00
OPIE_0039_P_2,OPIE_0039,OK,,18,weights,0.0903,2026-09-11T09:41:32+00:00
OPIE_0039_S_1,OPIE_0039,OK,,18,weights,0.0995,2026-09-11T09:41:32+00:00
OPIE_0039_S_2,OPIE_0039,OK,,18,weights,0.0996,2026-09-11T09:41:32+00:00
OPIE_0039_S_3,OPIE_0039,OK,,18,weights,0.0962,2026-09-11T09:41:33+00:00
OPIE_0040_P_1,OPIE_0040,OK,,18,weights,0.0953,2026-09-11T09:41:33+00:00
OPIE_0040_P_2,OPIE_0040,OK,,18,weights,0.0947,2026-09-11T09:41:33+00:00
OPIE_0040_S_1,OPIE_0040,OK,,18,weights,0.0994,2026-09-11T09:41:33+00:00
OPIE_0040_S_2,OPIE_0040,OK,,18,weights,0.1021,2026-09-11T09:41:33+00:00
OPIE_0040_S_3,OPIE_0040,OK,,18,weights,0.0958,2026-09-11T09:41:33+00:00
OPIE_0041_P_1,OPIE_0041,OK,,18,weights,0.0962,2026-09-11T09:41:33+00:00
OPIE_0041_P_2,OPIE_0041,OK,,18,weights,0.0964,2026-09-11T09:41:33+00:00
OPIE_0041_S_1,OPIE_0041,OK,,18,weights,0.0957,2026-09-11T09:41:33+00:00
OPIE_0041_S_2,OPIE_0041,OK,,18,weights,0.0948,2026-09-11T09:41:33+00:00
OPIE_0041_S_3,OPIE_0041,OK,,18,weights,0.0996,2026-09-11T09:41:33+00:00
