photo_id,inv_id,tps_id,image_path,status,registration_cost,n_outlier_landmarks,error_reason,processing_time_s
ARLY_0001_P_1,ARLY_0001,1,/Users/superbg/Documents/IEES/idmybee/data/Bombus/collection/extraction/light/images/ARLY_0001_P_1.jpg,SUSPECT,0.004506423385965252,18,,0.0018
ARLY_0001_P_2,ARLY_0001,2,/Users/superbg/Documents/IEES/idmybee/data/Bombus/collection/extraction/light/images/ARLY_0001_P_2.jpg,OK,0.005053471065440465,1,,0.0012
ARLY_0001_P_3,ARLY_0001,3,/Users/superbg/Documents/IEES/idmybee/data/Bombus/collection/extraction/light/images/ARLY_0001_P_3.jpg,FAILED,inf,,"13 landmarks, 18 expected",0.0000
ARLY_0001_P_4,ARLY_0001,4,/Users/superbg/Documents/IEES/idmybee/data/Bombus/collection/extraction/light/images/ARLY_0001_P_4.jpg,FAILED,inf,,"17 landmarks, 18 expected",0.0000
ARLY_0001_P_5,ARLY_0001,5,/Users/superbg/Documents/IEES/idmybee/data/Bombus/collection/extraction/light/images/ARLY_0001_P_5.jpg,SUSPECT,0.006806492631673142,17,,0.0013
ARLY_0001_S_1,ARLY_0001,6,/Users/superbg/Documents/IEES/idmybee/data/Bombus/collection/extraction/light/images/ARLY_0001_S_1.jpg,OK,0.003968433299950186,7,,0.0013
ARLY_0001_S_2,ARLY_0001,7,/Users/superbg/Documents/IEES/idmybee/data/Bombus/collection/extraction/light/images/ARLY_0001_S_2.jpg,SUSPECT,0.0103392245230355,17,,0.0014
ARLY_0001_S_3,ARLY_0001,8,/Users/superbg/Documents/IEES/idmybee/data/Bombus/collection/extraction/light/images/ARLY_0001_S_3.jpg,OK,0.005292346223003925,3,,0.0014
ARLY_0001_S_4,ARLY_0001,9,/Users/superbg/Documents/IEES/idmybee/data/Bombus/collection/extraction/light/images/ARLY_0001_S_4.jpg,FAILED,inf,,"16 landmarks, 18 expected",0.0000
ARLY_0001_S_5,ARLY_0001,10,/Users/superbg/Documents/IEES/idmybee/data/Bombus/collection/extraction/light/images/ARLY_0001_S_5.jpg,FAILED,inf,,"15 landmarks, 18 expected",0.0000
ARLY_0004_P_1,ARLY_0004,11,/Users/superbg/Documents/IEES/idmybee/data/Bombus/collection/extraction/light/images/ARLY_0004_P_1.jpg,OK,0.005444118909534182,2,,0.0014
ARLY_0004_P_2,ARLY_0004,12,/Users/superbg/Documents/IEES/idmybee/data/Bombus/collection/extraction/light/images/ARLY_0004_P_2.jpg,SUSPECT,0.006395733363489308,15,,0.0013
ARLY_0004_P_3,ARLY_0004,13,/Users/superbg/Documents/IEES/idmybee/data/Bombus/collection/extraction/light/images/ARLY_0004_P_3.jpg,FAILED,inf,,"12 landmarks, 18 expected",0.0000
ARLY_0004_P_4,ARLY_0004,14,/Users/superbg/Documents/IEES/idmybee/data/Bombus/collection/extraction/light/images/ARLY_0004_P_4.jpg,SUSPECT,0.007479723963930697,17,,0.0021
ARLY_0004_P_5,ARLY_0004,15,/Users/superbg/Documents/IEES/idmybee/data/Bombus/collection/extraction/light/images/ARLY_0004_P_5.jpg,SUSPECT,0.006844146876834954,14,,0.0013
ARLY_0004_S_1,ARLY_0004,16,/Users/superbg/Documents/IEES/idmybee/data/Bombus/collection/extraction/light/images/ARLY_0004_S_1.jpg,OK,0.005009443691313776,1,,0.0012
ARLY_0004_S_2,ARLY_0004,17,/Users/superbg/Documents/IEES/idmybee/data/Bombus/collection/extraction/light/images/ARLY_0004_S_2.jpg,OK,0.004630222357111381,3,,0.0014
ARLY_0004_S_3,ARLY_0004,18,/Users/superbg/Documents/IEES/idmybee/data/Bombus/collection/extraction/light/images/ARLY_0004_S_3.jpg,OK,0.004560789878926064,0,,0.0012
ARLY_0004_S_4,ARLY_0004,19,/Users/superbg/Documents/IEES/idmybee/data/Bombus/collection/extraction/light/images/ARLY_0004_S_4.jpg,OK,0.004545696794658569,0,,0.0010
ARLY_0005_P_1,ARLY_0005,20,/Users/superbg/Documents/IEES/idmybee/data/Bombus/collection/extraction/light/images/ARLY_0005_P_1.jpg,OK,0.004699423226475509,0,,0.0010
ARLY_0005_P_2,ARLY_0005,21,/Users/superbg/Documents/IEES/idmybee/data/Bombus/collection/extraction/light/images/ARLY_0005_P_2.jpg,OK,0.004685597592473339,0,,0.0010
ARLY_0005_P_3,ARLY_0005,22,/Users/superbg/Documents/IEES/idmybee/data/Bombus/collection/extraction/light/images/ARLY_0005_P_3.jpg,SUSPECT,0.008071847806067966,16,,0.0013
ARLY_0005_P_4,ARLY_0005,23,/Users/superbg/Documents/IEES/idmybee/data/Bombus/collection/extraction/light/images/ARLY_0005_P_4.jpg,FAILED,inf,,"15 landmarks, 18 expected",0.0000
ARLY_0005_P_5,ARLY_0005,24,/Users/superbg/Documents/IEES/idmybee/data/Bombus/collection/extraction/light/images/ARLY_0005_P_5.jpg,SUSPECT,0.011204217883841983,18,,0.0014
ARLY_0005_S_1,ARLY_0005,25,/Users/superbg/Documents/IEES/idmybee/data/Bombus/collection/extraction/light/images/ARLY_0005_S_1.jpg,FAILED,inf,,"17 landmarks, 18 expected",0.0000
ARLY_0005_S_2,ARLY_0005,26,/Users/superbg/Documents/IEES/idmybee/data/Bombus/collection/extraction/light/images/ARLY_0005_S_2.jpg,OK,0.004550435703680682,0,,0.0014
ARLY_0005_S_3,ARLY_0005,27,/Users/superbg/Documents/IEES/idmybee/data/Bombus/collection/extraction/light/images/ARLY_0005_S_3.jpg,SUSPECT,0.006129978961906227,18,,0.0013
ARLY_0005_S_4,ARLY_0005,28,/Users/superbg/Documents/IEES/idmybee/data/Bombus/collection/extraction/light/images/ARLY_0005_S_4.jpg,SUSPECT,0.010969294301123273,18,,0.0009
ARLY_0005_S_5,ARLY_0005,29,/Users/superbg/Documents/IEES/idmybee/data/Bombus/collection/extraction/light/images/ARLY_0005_S_5.jpg,OK,0.004481565695919832,0,,0.0010
ARLY_0006_P_1,ARLY_0006,30,/Users/superbg/Documents/IEES/idmybee/data/Bombus/collection/extraction/light/images/ARLY_0006_P_1.jpg,OK,0.004576106799526424,0,,0.0010
ARLY_0006_P_2,ARLY_0006,31,/Users/superbg/Documents/IEES/idmybee/data/Bombus/collection/extraction/light/images/ARLY_0006_P_2.jpg,OK,0.004675860984098399,0,,0.0011
ARLY_0006_P_3,ARLY_0006,32,/Users/superbg/Documents/IEES/idmybee/data/Bombus/collection/extraction/light/images/ARLY_0006_P_3.jpg,OK,0.0044264443454632854,0,,0.0011
ARLY_0006_S_1,ARLY_0006,33,/Users/superbg/Documents/IEES/idmybee/data/Bombus/collection/extraction/light/images/ARLY_0006_S_1.jpg,OK,0.004578103687313756,0,,0.0011
ARLY_0006_S_2,ARLY_0006,34,/Users/superbg/Documents/IEES/idmybee/data/Bombus/collection/extraction/light/images/ARLY_0006_S_2.jpg,OK,0.00447025678508239,0,,0.0010
ARLY_0006_S_3,ARLY_0006,35,/Users/superbg/Documents/IEES/idmybee/data/Bombus/collection/extraction/light/images/ARLY_0006_S_3.jpg,OK,0.004536911234924275,0,,0.0010
ARLY_0007_P_1,ARLY_0007,36,/Users/superbg/Documents/IEES/idmybee/data/Bombus/collection/extraction/light/images/ARLY_0007_P_1.jpg,OK,0.004668517852912739,0,,0.0011
ARLY_0007_P_2,ARLY_0007,37,/Users/superbg/Documents/IEES/idmybee/data/Bombus/collection/extraction/light/images/ARLY_0007_P_2.jpg,OK,0.004725483610252025,0,,0.0011
ARLY_0007_P_3,ARLY_0007,38,/Users/superbg/Documents/IEES/idmybee/data/Bombus/collection/extraction/light/images/ARLY_0007_P_3.jpg,OK,0.004774375769264105,0,,0.0011
ARLY_0007_S_1,ARLY_0007,39,/Users/superbg/Documents/IEES/idmybee/data/Bombus/collection/extraction/light/images/ARLY_0007_S_1.jpg,OK,0.004690050732299354,0,,0.0011
ARLY_0007_S_2,ARLY_0007,40,/Users/superbg/Documents/IEES/idmybee/data/Bombus/collection/extraction/light/images/ARLY_0007_S_2.jpg,OK,0.004601232563312203,0,,0.0010
ARLY_0008_P_1,ARLY_0008,41,/Users/superbg/Documents/IEES/idmybee/data/Bombus/collection/extraction/light/images/ARLY_0008_P_1.jpg,OK,0.0044789144711650615,0,,0.0012
ARLY_0008_P_2,ARLY_0008,42,/Users/superbg/Documents/IEES/idmybee/data/Bombus/collection/extraction/light/images/ARLY_0008_P_2.jpg,OK,0.004387808601418077,0,,0.0009
ARLY_0008_P_3,ARLY_0008,43,/Users/superbg/Documents/IEES/idmybee/data/Bombus/collection/extraction/light/images/ARLY_0008_P_3.jpg,OK,0.004426991529288994,0,,0.0009
ARLY_0008_S_1,ARLY_0008,44,/Users/superbg/Documents/IEES/idmybee/data/Bombus/collection/extraction/light/images/ARLY_0008_S_1.jpg,OK,0.004483519424746182,0,,0.0009
ARLY_0008_S_2,ARLY_0008,45,/Users/superbg/Documents/IEES/idmybee/data/Bombus/collection/extraction/light/images/ARLY_0008_S_2.jpg,OK,0.004555948895268638,0,,0.0010
ARLY_0008_S_3,ARLY_0008,46,/Users/superbg/Documents/IEES/idmybee/data/Bombus/collection/extraction/light/images/ARLY_0008_S_3.jpg,OK,0.004576397116584044,0,,0.0009
ARLY_0009_P_1,ARLY_0009,47,/Users/superbg/Documents/IEES/idmybee/data/Bombus/collection/extraction/light/images/ARLY_0009_P_1.jpg,OK,0.004937891838085006,0,,0.0008
ARLY_0009_P_2,ARLY_0009,48,/Users/superbg/Documents/IEES/idmybee/data/Bombus/collection/extraction/light/images/ARLY_0009_P_2.jpg,OK,0.004871066168720652,0,,0.0009
ARLY_0009_P_3,ARLY_0009,49,/Users/superbg/Documents/IEES/idmybee/data/Bombus/collection/extraction/light/images/ARLY_0009_P_3.jpg,OK,0.004909116482373327,0,,0.0009
ARLY_0009_S_1,ARLY_0009,50,/Users/superbg/Documents/IEES/idmybee/data/Bombus/collection/extraction/light/images/ARLY_0009_S_1.jpg,OK,0.004858493875024785,0,,0.0008
ARLY_0009_S_2,ARLY_0009,51,/Users/superbg/Documents/IEES/idmybee/data/Bombus/collection/extraction/light/images/ARLY_0009_S_2.jpg,OK,0.004837949059195879,0,,0.0008
ARLY_0009_S_3,ARLY_0009,52,/Users/superbg/Documents/IEES/idmybee/data/Bombus/collection/extraction/light/images/ARLY_0009_S_3.jpg,OK,0.004884951965026288,0,,0.0009
ARLY_0010_P_1,ARLY_0010,53,/Users/superbg/Documents/IEES/idmybee/data/Bombus/collection/extraction/light/images/ARLY_0010_P_1.jpg,OK,0.004516256737118076,0,,0.0011
ARLY_0010_P_2,ARLY_0010,54,/Users/superbg/Documents/IEES/idmybee/data/Bombus/collection/extraction/light/images/ARLY_0010_P_2.jpg,OK,0.004505825299248815,0,,0.0010
ARLY_0010_P_3,ARLY_0010,55,/Users/superbg/Documents/IEES/idmybee/data/Bombus/collection/extraction/light/images/ARLY_0010_P_3.jpg,OK,0.004479117791448363,0,,0.0010
ARLY_0010_S_1,ARLY_0010,56,/Users/superbg/Documents/IEES/idmybee/data/Bombus/collection/extraction/light/images/ARLY_0010_S_1.jpg,OK,0.0045121267021146485,0,,0.0010
ARLY_0010_S_2,ARLY_0010,57,/Users/superbg/Documents/IEES/idmybee/data/Bombus/collection/extraction/light/images/ARLY_0010_S_2.jpg,OK,0.004458726369469381,0,,0.0009
ARLY_0010_S_3,ARLY_0010,58,/Users/superbg/Documents/IEES/idmybee/data/Bombus/collection/extraction/light/images/ARLY_0010_S_3.jpg,OK,0.004528517603434096,0,,0.0011
ARLY_0011_P_1,ARLY_0011,59,/Users/superbg/Documents/IEES/idmybee/data/Bombus/collection/extraction/light/images/ARLY_0011_P_1.jpg,OK,0.0044756844065438174,0,,0.0011
ARLY_0011_P_2,ARLY_0011,60,/Users/superbg/Documents/IEES/idmybee/data/Bombus/collection/extraction/light/images/ARLY_0011_P_2.jpg,OK,0.004561240816367894,0,,0.0008
ARLY_0011_P_3,ARLY_0011,61,/Users/superbg/Documents/IEES/idmybee/data/Bombus/collection/extraction/light/images/ARLY_0011_P_3.jpg,OK,0.004509822334960759,0,,0.0008
ARLY_0011_S_1,ARLY_0011,62,/Users/superbg/Documents/IEES/idmybee/data/Bombus/collection/extraction/light/images/ARLY_0011_S_1.jpg,OK,0.004600121720166943,0,,0.0009
ARLY_0011_S_2,ARLY_0011,63,/Users/superbg/Documents/IEES/idmybee/data/Bombus/collection/extraction/light/images/ARLY_0011_S_2.jpg,OK,0.004664364533976179,0,,0.0010
ARLY_0011_S_3,ARLY_0011,64,/Users/superbg/Documents/IEES/idmybee/data/Bombus/collection/extraction/light/images/ARLY_0011_S_3.jpg,OK,0.004586453256914105,0,,0.0008
ARLY_0012_P_1,ARLY_0012,65,/Users/superbg/Documents/IEES/idmybee/data/Bombus/collection/extraction/light/images/ARLY_0012_P_1.jpg,OK,0.0046618059603776895,0,,0.0009
ARLY_0012_P_2,ARLY_0012,66,/Users/superbg/Documents/IEES/idmybee/data/Bombus/collection/extraction/light/images/ARLY_0012_P_2.jpg,OK,0.004635584370522806,0,,0.0008
ARLY_0012_P_3,ARLY_0012,67,/Users/superbg/Documents/IEES/idmybee/data/Bombus/collection/extraction/light/images/ARLY_0012_P_3.jpg,OK,0.004684152061349696,0,,0.0012
ARLY_0012_S_1,ARLY_0012,68,/Users/superbg/Documents/IEES/idmybee/data/Bombus/collection/extraction/light/images/ARLY_0012_S_1.jpg,OK,0.0046358163589868655,0,,0.0009
ARLY_0012_S_2,ARLY_0012,69,/Users/superbg/Documents/IEES/idmybee/data/Bombus/collection/extraction/light/images/ARLY_0012_S_2.jpg,OK,0.004685524935980912,0,,0.0011
ARLY_0012_S_3,ARLY_0012,70,/Users/superbg/Documents/IEES/idmybee/data/Bombus/collection/extraction/light/images/ARLY_0012_S_3.jpg,OK,0.004641173988670844,0,,0.0008
ARLY_0013_P_1,ARLY_0013,71,/Users/superbg/Documents/IEES/idmybee/data/Bombus/collection/extraction/light/images/ARLY_0013_P_1.jpg,OK,0.004746709313916646,0,,0.0008
ARLY_0013_P_2,ARLY_0013,72,/Users/superbg/Documents/IEES/idmybee/data/Bombus/collection/extraction/light/images/ARLY_0013_P_2.jpg,OK,0.00481257773782214,0,,0.0008
ARLY_0013_P_3,ARLY_0013,73,/Users/superbg/Documents/IEES/idmybee/data/Bombus/collection/extraction/light/images/ARLY_0013_P_3.jpg,OK,0.004760942935619283,0,,0.0011
ARLY_0013_S_1,ARLY_0013,74,/Users/superbg/Documents/IEES/idmybee/data/Bombus/collection/extraction/light/images/ARLY_0013_S_1.jpg,OK,0.004806632650259813,0,,0.0011
ARLY_0013_S_2,ARLY_0013,75,/Users/superbg/Documents/IEES/idmybee/data/Bombus/collection/extraction/light/images/ARLY_0013_S_2.jpg,SUSPECT,0.007310241461941052,18,,0.0011
ARLY_0013_S_3,ARLY_0013,76,/Users/superbg/Documents/IEES/idmybee/data/Bombus/collection/extraction/light/images/ARLY_0013_S_3.jpg,OK,0.0047396012983741765,0,,0.0013
ARLY_0014_P_1,ARLY_0014,77,/Users/superbg/Documents/IEES/idmybee/data/Bombus/collection/extraction/light/images/ARLY_0014_P_1.jpg,OK,0.004585285802408494,0,,0.0011
ARLY_0014_P_2,ARLY_0014,78,/Users/superbg/Documents/IEES/idmybee/data/Bombus/collection/extraction/light/images/ARLY_0014_P_2.jpg,OK,0.004511903400015397,0,,0.0011
ARLY_0014_P_3,ARLY_0014,79,/Users/superbg/Documents/IEES/idmybee/data/Bombus/collection/extraction/light/images/ARLY_0014_P_3.jpg,OK,0.004425331781963455,0,,0.0010
ARLY_0014_S_1,ARLY_0014,80,/Users/superbg/Documents/IEES/idmybee/data/Bombus/collection/extraction/light/images/ARLY_0014_S_1.jpg,OK,0.004500879141504299,0,,0.0008
ARLY_0014_S_2,ARLY_0014,81,/Users/superbg/Documents/IEES/idmybee/data/Bombus/collection/extraction/light/images/ARLY_0014_S_2.jpg,OK,0.004482520356419451,0,,0.0009
ARLY_0014_S_3,ARLY_0014,82,/Users/superbg/Documents/IEES/idmybee/data/Bombus/collection/extraction/light/images/ARLY_0014_S_3.jpg,OK,0.004434289298058728,0,,0.0009
ARLY_0015_P_1,ARLY_0015,83,/Users/superbg/Documents/IEES/idmybee/data/Bombus/collection/extraction/light/images/ARLY_0015_P_1.jpg,OK,0.004434783478060297,0,,0.0009
ARLY_0015_P_2,ARLY_0015,84,/Users/superbg/Documents/IEES/idmybee/data/Bombus/collection/extraction/light/images/ARLY_0015_P_2.jpg,OK,0.004464327031157702,0,,0.0012
ARLY_0015_P_3,ARLY_0015,85,/Users/superbg/Documents/IEES/idmybee/data/Bombus/collection/extraction/light/images/ARLY_0015_P_3.jpg,OK,0.004471475597931016,0,,0.0009
ARLY_0015_S_1,ARLY_0015,86,/Users/superbg/Documents/IEES/idmybee/data/Bombus/collection/extraction/light/images/ARLY_0015_S_1.jpg,OK,0.004354763804109152,0,,0.0008
ARLY_0015_S_2,ARLY_0015,87,/Users/superbg/Documents/IEES/idmybee/data/Bombus/collection/extraction/light/images/ARLY_0015_S_2.jpg,OK,0.004430646145598332,0,,0.0009
ARLY_0015_S_3,ARLY_0015,88,/Users/superbg/Documents/IEES/idmybee/data/Bombus/collection/extraction/light/images/ARLY_0015_S_3.jpg,OK,0.004521169081520735,0,,0.0008
ARLY_0016_P_1,ARLY_0016,89,/Users/superbg/Documents/IEES/idmybee/data/Bombus/collection/extraction/light/images/ARLY_0016_P_1.jpg,FAILED,inf,,"13 landmarks, 18 expected",0.0000
ARLY_0016_P_2,ARLY_0016,90,/Users/superbg/Documents/IEES/idmybee/data/Bombus/collection/extraction/light/images/ARLY_0016_P_2.jpg,FAILED,inf,,"12 landmarks, 18 expected",0.0000
ARLY_0016_P_3,ARLY_0016,91,/Users/superbg/Documents/IEES/idmybee/data/Bombus/collection/extraction/light/images/ARLY_0016_P_3.jpg,FAILED,inf,,"10 landmarks, 18 expected",0.0000
ARLY_0016_P_4,ARLY_0016,92,/Users/superbg/Documents/IEES/idmybee/data/Bombus/collection/extraction/light/images/ARLY_0016_P_4.jpg,FAILED,inf,,"7 landmarks, 18 expected",0.0000
ARLY_0016_P_5,ARLY_0016,93,/Users/superbg/Documents/IEES/idmybee/data/Bombus/collection/extraction/light/images/ARLY_0016_P_5.jpg,FAILED,inf,,"6 landmarks, 18 expected",0.0000
ARLY_0016_S_1,ARLY_0016,94,/Users/superbg/Documents/IEES/idmybee/data/Bombus/collection/extraction/light/images/ARLY_0016_S_1.jpg,FAILED,inf,,"15 landmarks, 18 expected",0.0000
ARLY_0016_S_2,ARLY_0016,95,/Users/superbg/Documents/IEES/idmybee/data/Bombus/collection/extraction/light/images/ARLY_0016_S_2.jpg,FAILED,inf,,"15 landmarks, 18 expected",0.0000
ARLY_0016_S_3,ARLY_0016,96,/Users/superbg/Documents/IEES/idmybee/data/Bombus/collection/extraction/light/images/ARLY_0016_S_3.jpg,SUSPECT,0.012926799078117883,16,,0.0017
ARLY_0016_S_4,ARLY_0016,97,/Users/superbg/Documents/IEES/idmybee/data/Bombus/collection/extraction/light/images/ARLY_0016_S_4.jpg,FAILED,inf,,"15 landmarks, 18 expected",0.0000
ARLY_0016_S_5,ARLY_0016,98,/Users/superbg/Documents/IEES/idmybee/data/Bombus/collection/extraction/light/images/ARLY_0016_S_5.jpg,SUSPECT,0.011960790177543248,17,,0.0011
ARLY_0028_P_1,ARLY_0028,99,/Users/superbg/Documents/IEES/idmybee/data/Bombus/collection/extraction/light/images/ARLY_0028_P_1.jpg,OK,0.0045236890041916245,0,,0.0010
ARLY_0028_P_2,ARLY_0028,100,/Users/superbg/Documents/IEES/idmybee/data/Bombus/collection/extraction/light/images/ARLY_0028_P_2.jpg,OK,0.004508185571010894,0,,0.0010
ARLY_0028_P_3,ARLY_0028,101,/Users/superbg/Documents/IEES/idmybee/data/Bombus/collection/extraction/light/images/ARLY_0028_P_3.jpg,OK,0.004510181777676214,0,,0.0011
ARLY_0028_S_1,ARLY_0028,102,/Users/superbg/Documents/IEES/idmybee/data/Bombus/collection/extraction/light/images/ARLY_0028_S_1.jpg,OK,0.004557194200953561,0,,0.0008
ARLY_0028_S_2,ARLY_0028,103,/Users/superbg/Documents/IEES/idmybee/data/Bombus/collection/extraction/light/images/ARLY_0028_S_2.jpg,OK,0.004599621035889042,0,,0.0010
ARLY_0028_S_3,ARLY_0028,104,/Users/superbg/Documents/IEES/idmybee/data/Bombus/collection/extraction/light/images/ARLY_0028_S_3.jpg,OK,0.004604115711083617,0,,0.0008
ARLY_0029_P_1,ARLY_0029,105,/Users/superbg/Documents/IEES/idmybee/data/Bombus/collection/extraction/light/images/ARLY_0029_P_1.jpg,OK,0.004638685869822367,0,,0.0011
ARLY_0029_P_2,ARLY_0029,106,/Users/superbg/Documents/IEES/idmybee/data/Bombus/collection/extraction/light/images/ARLY_0029_P_2.jpg,OK,0.004699216408372379,0,,0.0012
ARLY_0029_P_3,ARLY_0029,107,/Users/superbg/Documents/IEES/idmybee/data/Bombus/collection/extraction/light/images/ARLY_0029_P_3.jpg,OK,0.004687029113798037,0,,0.0011
ARLY_0029_S_1,ARLY_0029,108,/Users/superbg/Documents/IEES/idmybee/data/Bombus/collection/extraction/light/images/ARLY_0029_S_1.jpg,OK,0.004769952240298681,0,,0.0010
ARLY_0029_S_2,ARLY_0029,109,/Users/superbg/Documents/IEES/idmybee/data/Bombus/collection/extraction/light/images/ARLY_0029_S_2.jpg,OK,0.004687640689818886,0,,0.0010
ARLY_0029_S_3,ARLY_0029,110,/Users/superbg/Documents/IEES/idmybee/data/Bombus/collection/extraction/light/images/ARLY_0029_S_3.jpg,OK,0.004683514692159215,0,,0.0011
ARLY_0036_P_1,ARLY_0036,111,/Users/superbg/Documents/IEES/idmybee/data/Bombus/collection/extraction/light/images/ARLY_0036_P_1.jpg,OK,0.004512923955687962,0,,0.0010
ARLY_0036_P_2,ARLY_0036,112,/Users/superbg/Documents/IEES/idmybee/data/Bombus/collection/extraction/light/images/ARLY_0036_P_2.jpg,OK,0.00448200681195981,0,,0.0010
ARLY_0036_P_3,ARLY_0036,113,/Users/superbg/Documents/IEES/idmybee/data/Bombus/collection/extraction/light/images/ARLY_0036_P_3.jpg,OK,0.004478139032830469,0,,0.0011
ARLY_0036_S_1,ARLY_0036,114,/Users/superbg/Documents/IEES/idmybee/data/Bombus/collection/extraction/light/images/ARLY_0036_S_1.jpg,OK,0.0044882543458902874,0,,0.0012
ARLY_0036_S_2,ARLY_0036,115,/Users/superbg/Documents/IEES/idmybee/data/Bombus/collection/extraction/light/images/ARLY_0036_S_2.jpg,OK,0.004416070565196271,0,,0.0009
ARLY_0036_S_3,ARLY_0036,116,/Users/superbg/Documents/IEES/idmybee/data/Bombus/collection/extraction/light/images/ARLY_0036_S_3.jpg,OK,0.004476628290540057,0,,0.0010
ARLY_0037_P_1,ARLY_0037,117,/Users/superbg/Documents/IEES/idmybee/data/Bombus/collection/extraction/light/images/ARLY_0037_P_1.jpg,OK,0.004618989876621997,0,,0.0012
ARLY_0037_P_2,ARLY_0037,118,/Users/superbg/Documents/IEES/idmybee/data/Bombus/collection/extraction/light/images/ARLY_0037_P_2.jpg,OK,0.004653784780273545,0,,0.0010
ARLY_0037_P_3,ARLY_0037,119,/Users/superbg/Documents/IEES/idmybee/data/Bombus/collection/extraction/light/images/ARLY_0037_P_3.jpg,OK,0.004577682879000387,0,,0.0011
ARLY_0037_S_1,ARLY_0037,120,/Users/superbg/Documents/IEES/idmybee/data/Bombus/collection/extraction/light/images/ARLY_0037_S_1.jpg,OK,0.0045237447690562455,0,,0.0011
ARLY_0037_S_2,ARLY_0037,121,/Users/superbg/Documents/IEES/idmybee/data/Bombus/collection/extraction/light/images/ARLY_0037_S_2.jpg,OK,0.004550592830932089,0,,0.0010
ARLY_0037_S_3,ARLY_0037,122,/Users/superbg/Documents/IEES/idmybee/data/Bombus/collection/extraction/light/images/ARLY_0037_S_3.jpg,OK,0.004520887937392761,0,,0.0010
ARLY_0038_P_1,ARLY_0038,123,/Users/superbg/Documents/IEES/idmybee/data/Bombus/collection/extraction/light/images/ARLY_0038_P_1.jpg,FAILED,inf,,"15 landmarks, 18 expected",0.0000
ARLY_0038_P_2,ARLY_0038,124,/Users/superbg/Documents/IEES/idmybee/data/Bombus/collection/extraction/light/images/ARLY_0038_P_2.jpg,FAILED,inf,,"15 landmarks, 18 expected",0.0000
ARLY_0038_P_3,ARLY_0038,125,/Users/superbg/Documents/IEES/idmybee/data/Bombus/collection/extraction/light/images/ARLY_0038_P_3.jpg,FAILED,inf,,"14 landmarks, 18 expected",0.0000
ARLY_0038_P_4,ARLY_0038,126,/Users/superbg/Documents/IEES/idmybee/data/Bombus/collection/extraction/light/images/ARLY_0038_P_4.jpg,FAILED,inf,,"16 landmarks, 18 expected",0.0000
ARLY_0038_P_5,ARLY_0038,127,/Users/superbg/Documents/IEES/idmybee/data/Bombus/collection/extraction/light/images/ARLY_0038_P_5.jpg,FAILED,inf,,"17 landmarks, 18 expected",0.0000
ARLY_0049_P_1,ARLY_0049,128,/Users/superbg/Documents/IEES/idmybee/data/Bombus/collection/extraction/light/images/ARLY_0049_P_1.jpg,OK,0.0045693424840778174,0,,0.0011
ARLY_0049_P_2,ARLY_0049,129,/Users/superbg/Documents/IEES/idmybee/data/Bombus/collection/extraction/light/images/ARLY_0049_P_2.jpg,OK,0.004698521659260297,0,,0.0011
ARLY_0049_S_1,ARLY_0049,130,/Users/superbg/Documents/IEES/idmybee/data/Bombus/collection/extraction/light/images/ARLY_0049_S_1.jpg,OK,0.004645518938942255,0,,0.0010
ARLY_0049_S_2,ARLY_0049,131,/Users/superbg/Documents/IEES/idmybee/data/Bombus/collection/extraction/light/images/ARLY_0049_S_2.jpg,OK,0.004693911593561388,0,,0.0011
ARLY_0049_S_3,ARLY_0049,132,/Users/superbg/Documents/IEES/idmybee/data/Bombus/collection/extraction/light/images/ARLY_0049_S_3.jpg,OK,0.004722181934208303,0,,0.0011
ARLY_0050_P_1,ARLY_0050,133,/Users/superbg/Documents/IEES/idmybee/data/Bombus/collection/extraction/light/images/ARLY_0050_P_1.jpg,FAILED,inf,,"1 landmarks, 18 expected",0.0000
ARLY_0050_P_2,ARLY_0050,134,/Users/superbg/Documents/IEES/idmybee/data/Bombus/collection/extraction/light/images/ARLY_0050_P_2.jpg,FAILED,inf,,"1 landmarks, 18 expected",0.0000
ARLY_0050_P_3,ARLY_0050,135,/Users/superbg/Documents/IEES/idmybee/data/Bombus/collection/extraction/light/images/ARLY_0050_P_3.jpg,FAILED,inf,,"1 landmarks, 18 expected",0.0000
ARLY_0050_S_1,ARLY_0050,136,/Users/superbg/Documents/IEES/idmybee/data/Bombus/collection/extraction/light/images/ARLY_0050_S_1.jpg,FAILED,inf,,"4 landmarks, 18 expected",0.0000
ARLY_0050_S_2,ARLY_0050,137,/Users/superbg/Documents/IEES/idmybee/data/Bombus/collection/extraction/light/images/ARLY_0050_S_2.jpg,FAILED,inf,,"7 landmarks, 18 expected",0.0000
ARLY_0050_S_3,ARLY_0050,138,/Users/superbg/Documents/IEES/idmybee/data/Bombus/collection/extraction/light/images/ARLY_0050_S_3.jpg,FAILED,inf,,"5 landmarks, 18 expected",0.0000
ARLY_0054_P_1,ARLY_0054,139,/Users/superbg/Documents/IEES/idmybee/data/Bombus/collection/extraction/light/images/ARLY_0054_P_1.jpg,SUSPECT,0.009234038610962746,14,,0.0011
ARLY_0054_P_2,ARLY_0054,140,/Users/superbg/Documents/IEES/idmybee/data/Bombus/collection/extraction/light/images/ARLY_0054_P_2.jpg,FAILED,inf,,"15 landmarks, 18 expected",0.0000
ARLY_0054_P_3,ARLY_0054,141,/Users/superbg/Documents/IEES/idmybee/data/Bombus/collection/extraction/light/images/ARLY_0054_P_3.jpg,FAILED,inf,,"17 landmarks, 18 expected",0.0000
ARLY_0054_P_4,ARLY_0054,142,/Users/superbg/Documents/IEES/idmybee/data/Bombus/collection/extraction/light/images/ARLY_0054_P_4.jpg,SUSPECT,0.005973380187779364,13,,0.0012
ARLY_0054_P_5,ARLY_0054,143,/Users/superbg/Documents/IEES/idmybee/data/Bombus/collection/extraction/light/images/ARLY_0054_P_5.jpg,FAILED,inf,,"17 landmarks, 18 expected",0.0000
ARLY_0054_S_1,ARLY_0054,144,/Users/superbg/Documents/IEES/idmybee/data/Bombus/collection/extraction/light/images/ARLY_0054_S_1.jpg,SUSPECT,0.00794059900868064,17,,0.0017
ARLY_0054_S_2,ARLY_0054,145,/Users/superbg/Documents/IEES/idmybee/data/Bombus/collection/extraction/light/images/ARLY_0054_S_2.jpg,FAILED,inf,,"15 landmarks, 18 expected",0.0000
ARLY_0054_S_3,ARLY_0054,146,/Users/superbg/Documents/IEES/idmybee/data/Bombus/collection/extraction/light/images/ARLY_0054_S_3.jpg,SUSPECT,0.0050997645442031085,10,,0.0017
ARLY_0054_S_4,ARLY_0054,147,/Users/superbg/Documents/IEES/idmybee/data/Bombus/collection/extraction/light/images/ARLY_0054_S_4.jpg,OK,0.004593059717202407,0,,0.0012
ARLY_0054_S_5,ARLY_0054,148,/Users/superbg/Documents/IEES/idmybee/data/Bombus/collection/extraction/light/images/ARLY_0054_S_5.jpg,SUSPECT,0.004781443953290741,16,,0.0012
ARLY_0055_P_1,ARLY_0055,149,/Users/superbg/Documents/IEES/idmybee/data/Bombus/collection/extraction/light/images/ARLY_0055_P_1.jpg,FAILED,inf,,"6 landmarks, 18 expected",0.0000
ARLY_0055_P_2,ARLY_0055,150,/Users/superbg/Documents/IEES/idmybee/data/Bombus/collection/extraction/light/images/ARLY_0055_P_2.jpg,FAILED,inf,,"3 landmarks, 18 expected",0.0000
ARLY_0055_P_3,ARLY_0055,151,/Users/superbg/Documents/IEES/idmybee/data/Bombus/collection/extraction/light/images/ARLY_0055_P_3.jpg,FAILED,inf,,"6 landmarks, 18 expected",0.0000
ARLY_0055_P_4,ARLY_0055,152,/Users/superbg/Documents/IEES/idmybee/data/Bombus/collection/extraction/light/images/ARLY_0055_P_4.jpg,FAILED,inf,,"6 landmarks, 18 expected",0.0000
ARLY_0055_P_5,ARLY_0055,153,/Users/superbg/Documents/IEES/idmybee/data/Bombus/collection/extraction/light/images/ARLY_0055_P_5.jpg,FAILED,inf,,"3 landmarks, 18 expected",0.0000
ARLY_0055_S_1,ARLY_0055,154,/Users/superbg/Documents/IEES/idmybee/data/Bombus/collection/extraction/light/images/ARLY_0055_S_1.jpg,FAILED,inf,,"11 landmarks, 18 expected",0.0000
ARLY_0055_S_2,ARLY_0055,155,/Users/superbg/Documents/IEES/idmybee/data/Bombus/collection/extraction/light/images/ARLY_0055_S_2.jpg,SUSPECT,0.01278196253537706,16,,0.0010
ARLY_0055_S_3,ARLY_0055,156,/Users/superbg/Documents/IEES/idmybee/data/Bombus/collection/extraction/light/images/ARLY_0055_S_3.jpg,FAILED,inf,,"15 landmarks, 18 expected",0.0000
ARLY_0055_S_4,ARLY_0055,157,/Users/superbg/Documents/IEES/idmybee/data/Bombus/collection/extraction/light/images/ARLY_0055_S_4.jpg,FAILED,inf,,"17 landmarks, 18 expected",0.0000
ARLY_0055_S_5,ARLY_0055,158,/Users/superbg/Documents/IEES/idmybee/data/Bombus/collection/extraction/light/images/ARLY_0055_S_5.jpg,FAILED,inf,,"16 landmarks, 18 expected",0.0000
ARLY_0055_S_6,ARLY_0055,159,/Users/superbg/Documents/IEES/idmybee/data/Bombus/collection/extraction/light/images/ARLY_0055_S_6.jpg,FAILED,inf,,"14 landmarks, 18 expected",0.0000
ARLY_PRAT_0001_P_1,ARLY_PRAT_0001,160,/Users/superbg/Documents/IEES/idmybee/data/Bombus/collection/extraction/light/images/ARLY_PRAT_0001_P_1.jpg,OK,0.004815447966872807,0,,0.0010
ARLY_PRAT_0001_P_2,ARLY_PRAT_0001,161,/Users/superbg/Documents/IEES/idmybee/data/Bombus/collection/extraction/light/images/ARLY_PRAT_0001_P_2.jpg,OK,0.004884082305623764,0,,0.0011
ARLY_PRAT_0001_S_1,ARLY_PRAT_0001,162,/Users/superbg/Documents/IEES/idmybee/data/Bombus/collection/extraction/light/images/ARLY_PRAT_0001_S_1.jpg,OK,0.004816118597778628,0,,0.0012
ARLY_PRAT_0001_S_2,ARLY_PRAT_0001,163,/Users/superbg/Documents/IEES/idmybee/data/Bombus/collection/extraction/light/images/ARLY_PRAT_0001_S_2.jpg,OK,0.004845956803137831,0,,0.0011
ARLY_PRAT_0001_S_3,ARLY_PRAT_0001,164,/Users/superbg/Documents/IEES/idmybee/data/Bombus/collection/extraction/light/images/ARLY_PRAT_0001_S_3.jpg,OK,0.004741934524537845,0,,0.0010
ARLY_PRAT_0002_P_1,ARLY_PRAT_0002,165,/Users/superbg/Documents/IEES/idmybee/data/Bombus/collection/extraction/light/images/ARLY_PRAT_0002_P_1.jpg,OK,0.0045050959046647404,0,,0.0011
ARLY_PRAT_0002_P_2,ARLY_PRAT_0002,166,/Users/superbg/Documents/IEES/idmybee/data/Bombus/collection/extraction/light/images/ARLY_PRAT_0002_P_2.jpg,OK,0.004538389296368201,0,,0.0010
ARLY_PRAT_0002_S_1,ARLY_PRAT_0002,167,/Users/superbg/Documents/IEES/idmybee/data/Bombus/collection/extraction/light/images/ARLY_PRAT_0002_S_1.jpg,OK,0.00452373666966417,0,,0.0010
ARLY_PRAT_0002_S_2,ARLY_PRAT_0002,168,/Users/superbg/Documents/IEES/idmybee/data/Bombus/collection/extraction/light/images/ARLY_PRAT_0002_S_2.jpg,OK,0.004540970876809759,0,,0.0010
ARLY_PRAT_0002_S_3,ARLY_PRAT_0002,169,/Users/superbg/Documents/IEES/idmybee/data/Bombus/collection/extraction/light/images/ARLY_PRAT_0002_S_3.jpg,OK,0.004573374307588932,0,,0.0012
ARLY_PRAT_0003_P_1,ARLY_PRAT_0003,170,/Users/superbg/Documents/IEES/idmybee/data/Bombus/collection/extraction/light/images/ARLY_PRAT_0003_P_1.jpg,OK,0.004578822820166635,0,,0.0008
ARLY_PRAT_0003_P_2,ARLY_PRAT_0003,171,/Users/superbg/Documents/IEES/idmybee/data/Bombus/collection/extraction/light/images/ARLY_PRAT_0003_P_2.jpg,OK,0.004528660601313529,0,,0.0010
ARLY_PRAT_0003_S_1,ARLY_PRAT_0003,172,/Users/superbg/Documents/IEES/idmybee/data/Bombus/collection/extraction/light/images/ARLY_PRAT_0003_S_1.jpg,OK,0.0045235851831209595,0,,0.0010
ARLY_PRAT_0003_S_2,ARLY_PRAT_0003,173,/Users/superbg/Documents/IEES/idmybee/data/Bombus/collection/extraction/light/images/ARLY_PRAT_0003_S_2.jpg,OK,0.004504855628555132,0,,0.0010
ARLY_PRAT_0003_S_3,ARLY_PRAT_0003,174,/Users/superbg/Documents/IEES/idmybee/data/Bombus/collection/extraction/light/images/ARLY_PRAT_0003_S_3.jpg,OK,0.004547467022170138,0,,0.0009
ARLY_PRAT_0004_P_1,ARLY_PRAT_0004,175,/Users/superbg/Documents/IEES/idmybee/data/Bombus/collection/extraction/light/images/ARLY_PRAT_0004_P_1.jpg,OK,0.004521800097487219,0,,0.0010
ARLY_PRAT_0004_P_2,ARLY_PRAT_0004,176,/Users/superbg/Documents/IEES/idmybee/data/Bombus/collection/extraction/light/images/ARLY_PRAT_0004_P_2.jpg,OK,0.004478931515325715,0,,0.0010
ARLY_PRAT_0004_S_1,ARLY_PRAT_0004,177,/Users/superbg/Documents/IEES/idmybee/data/Bombus/collection/extraction/light/images/ARLY_PRAT_0004_S_1.jpg,OK,0.004550069491195171,0,,0.0011
ARLY_PRAT_0004_S_2,ARLY_PRAT_0004,178,/Users/superbg/Documents/IEES/idmybee/data/Bombus/collection/extraction/light/images/ARLY_PRAT_0004_S_2.jpg,OK,0.004551314787278291,0,,0.0011
ARLY_PRAT_0004_S_3,ARLY_PRAT_0004,179,/Users/superbg/Documents/IEES/idmybee/data/Bombus/collection/extraction/light/images/ARLY_PRAT_0004_S_3.jpg,OK,0.00461279940796137,0,,0.0010
ARLY_PRAT_0005_P_1,ARLY_PRAT_0005,180,/Users/superbg/Documents/IEES/idmybee/data/Bombus/collection/extraction/light/images/ARLY_PRAT_0005_P_1.jpg,OK,0.004631055222342483,0,,0.0012
ARLY_PRAT_0005_P_2,ARLY_PRAT_0005,181,/Users/superbg/Documents/IEES/idmybee/data/Bombus/collection/extraction/light/images/ARLY_PRAT_0005_P_2.jpg,OK,0.0045775208350935835,0,,0.0010
ARLY_PRAT_0005_S_1,ARLY_PRAT_0005,182,/Users/superbg/Documents/IEES/idmybee/data/Bombus/collection/extraction/light/images/ARLY_PRAT_0005_S_1.jpg,OK,0.0044908684812052435,0,,0.0009
ARLY_PRAT_0005_S_2,ARLY_PRAT_0005,183,/Users/superbg/Documents/IEES/idmybee/data/Bombus/collection/extraction/light/images/ARLY_PRAT_0005_S_2.jpg,OK,0.0045875039252429245,0,,0.0009
ARLY_PRAT_0005_S_3,ARLY_PRAT_0005,184,/Users/superbg/Documents/IEES/idmybee/data/Bombus/collection/extraction/light/images/ARLY_PRAT_0005_S_3.jpg,OK,0.004517615416410677,0,,0.0010
ARLY_PRAT_0006_P_1,ARLY_PRAT_0006,185,/Users/superbg/Documents/IEES/idmybee/data/Bombus/collection/extraction/light/images/ARLY_PRAT_0006_P_1.jpg,OK,0.004581940686726483,0,,0.0011
ARLY_PRAT_0006_P_2,ARLY_PRAT_0006,186,/Users/superbg/Documents/IEES/idmybee/data/Bombus/collection/extraction/light/images/ARLY_PRAT_0006_P_2.jpg,OK,0.004492421982756292,0,,0.0011
ARLY_PRAT_0006_S_2,ARLY_PRAT_0006,187,/Users/superbg/Documents/IEES/idmybee/data/Bombus/collection/extraction/light/images/ARLY_PRAT_0006_S_2.jpg,OK,0.004437688738925902,0,,0.0010
ARLY_PRAT_0006_S_3,ARLY_PRAT_0006,188,/Users/superbg/Documents/IEES/idmybee/data/Bombus/collection/extraction/light/images/ARLY_PRAT_0006_S_3.jpg,OK,0.004531660074660501,0,,0.0011
ARLY_PRAT_0007_P_1,ARLY_PRAT_0007,189,/Users/superbg/Documents/IEES/idmybee/data/Bombus/collection/extraction/light/images/ARLY_PRAT_0007_P_1.jpg,OK,0.004544739294833975,0,,0.0014
ARLY_PRAT_0007_P_2,ARLY_PRAT_0007,190,/Users/superbg/Documents/IEES/idmybee/data/Bombus/collection/extraction/light/images/ARLY_PRAT_0007_P_2.jpg,OK,0.004612398883401921,0,,0.0013
ARLY_PRAT_0007_S_1,ARLY_PRAT_0007,191,/Users/superbg/Documents/IEES/idmybee/data/Bombus/collection/extraction/light/images/ARLY_PRAT_0007_S_1.jpg,OK,0.004561942101323112,0,,0.0010
ARLY_PRAT_0007_S_2,ARLY_PRAT_0007,192,/Users/superbg/Documents/IEES/idmybee/data/Bombus/collection/extraction/light/images/ARLY_PRAT_0007_S_2.jpg,OK,0.004550706415847763,0,,0.0010
ARLY_PRAT_0007_S_3,ARLY_PRAT_0007,193,/Users/superbg/Documents/IEES/idmybee/data/Bombus/collection/extraction/light/images/ARLY_PRAT_0007_S_3.jpg,OK,0.004539111323141827,0,,0.0010
ARLY_PRAT_0008_P_1,ARLY_PRAT_0008,194,/Users/superbg/Documents/IEES/idmybee/data/Bombus/collection/extraction/light/images/ARLY_PRAT_0008_P_1.jpg,OK,0.0045744103221122,0,,0.0010
ARLY_PRAT_0008_P_2,ARLY_PRAT_0008,195,/Users/superbg/Documents/IEES/idmybee/data/Bombus/collection/extraction/light/images/ARLY_PRAT_0008_P_2.jpg,OK,0.00455825151808134,0,,0.0011
ARLY_PRAT_0008_S_2,ARLY_PRAT_0008,196,/Users/superbg/Documents/IEES/idmybee/data/Bombus/collection/extraction/light/images/ARLY_PRAT_0008_S_2.jpg,OK,0.004436023038429614,1,,0.0010
ARLY_PRAT_0008_S_3,ARLY_PRAT_0008,197,/Users/superbg/Documents/IEES/idmybee/data/Bombus/collection/extraction/light/images/ARLY_PRAT_0008_S_3.jpg,OK,0.0044689559452459745,0,,0.0010
ARLY_PRAT_0009_P_1,ARLY_PRAT_0009,198,/Users/superbg/Documents/IEES/idmybee/data/Bombus/collection/extraction/light/images/ARLY_PRAT_0009_P_1.jpg,OK,0.004506432420208709,0,,0.0011
ARLY_PRAT_0009_P_2,ARLY_PRAT_0009,199,/Users/superbg/Documents/IEES/idmybee/data/Bombus/collection/extraction/light/images/ARLY_PRAT_0009_P_2.jpg,OK,0.004506473320279554,0,,0.0010
ARLY_PRAT_0009_S_1,ARLY_PRAT_0009,200,/Users/superbg/Documents/IEES/idmybee/data/Bombus/collection/extraction/light/images/ARLY_PRAT_0009_S_1.jpg,OK,0.004483598245795191,0,,0.0011
ARLY_PRAT_0009_S_2,ARLY_PRAT_0009,201,/Users/superbg/Documents/IEES/idmybee/data/Bombus/collection/extraction/light/images/ARLY_PRAT_0009_S_2.jpg,OK,0.004526894757342221,0,,0.0011
ARLY_PRAT_0009_S_3,ARLY_PRAT_0009,202,/Users/superbg/Documents/IEES/idmybee/data/Bombus/collection/extraction/light/images/ARLY_PRAT_0009_S_3.jpg,OK,0.00454654983404304,0,,0.0011
ARLY_PRAT_0010_P_1,ARLY_PRAT_0010,203,/Users/superbg/Documents/IEES/idmybee/data/Bombus/collection/extraction/light/images/ARLY_PRAT_0010_P_1.jpg,OK,0.00449331907242865,0,,0.0012
ARLY_PRAT_0010_P_2,ARLY_PRAT_0010,204,/Users/superbg/Documents/IEES/idmybee/data/Bombus/collection/extraction/light/images/ARLY_PRAT_0010_P_2.jpg,OK,0.004530584409447541,0,,0.0015
ARLY_PRAT_0010_S_1,ARLY_PRAT_0010,205,/Users/superbg/Documents/IEES/idmybee/data/Bombus/collection/extraction/light/images/ARLY_PRAT_0010_S_1.jpg,OK,0.0045114248470808326,0,,0.0010
ARLY_PRAT_0010_S_2,ARLY_PRAT_0010,206,/Users/superbg/Documents/IEES/idmybee/data/Bombus/collection/extraction/light/images/ARLY_PRAT_0010_S_2.jpg,OK,0.004550888425730328,0,,0.0010
ARLY_PRAT_0010_S_3,ARLY_PRAT_0010,207,/Users/superbg/Documents/IEES/idmybee/data/Bombus/collection/extraction/light/images/ARLY_PRAT_0010_S_3.jpg,OK,0.004482176608414914,0,,0.0010
ARLY_PRAT_0011_P_1,ARLY_PRAT_0011,208,/Users/superbg/Documents/IEES/idmybee/data/Bombus/collection/extraction/light/images/ARLY_PRAT_0011_P_1.jpg,OK,0.004620670559550507,0,,0.0011
ARLY_PRAT_0011_P_2,ARLY_PRAT_0011,209,/Users/superbg/Documents/IEES/idmybee/data/Bombus/collection/extraction/light/images/ARLY_PRAT_0011_P_2.jpg,OK,0.0045349089137521606,0,,0.0010
ARLY_PRAT_0011_S_1,ARLY_PRAT_0011,210,/Users/superbg/Documents/IEES/idmybee/data/Bombus/collection/extraction/light/images/ARLY_PRAT_0011_S_1.jpg,OK,0.004576537116218866,0,,0.0011
ARLY_PRAT_0011_S_2,ARLY_PRAT_0011,211,/Users/superbg/Documents/IEES/idmybee/data/Bombus/collection/extraction/light/images/ARLY_PRAT_0011_S_2.jpg,OK,0.004631400256016344,0,,0.0010
ARLY_PRAT_0012_P_1,ARLY_PRAT_0012,212,/Users/superbg/Documents/IEES/idmybee/data/Bombus/collection/extraction/light/images/ARLY_PRAT_0012_P_1.jpg,OK,0.00457909238612561,0,,0.0010
ARLY_PRAT_0012_P_2,ARLY_PRAT_0012,213,/Users/superbg/Documents/IEES/idmybee/data/Bombus/collection/extraction/light/images/ARLY_PRAT_0012_P_2.jpg,OK,0.00459342804523801,0,,0.0010
ARLY_PRAT_0012_S_1,ARLY_PRAT_0012,214,/Users/superbg/Documents/IEES/idmybee/data/Bombus/collection/extraction/light/images/ARLY_PRAT_0012_S_1.jpg,OK,0.004671604568234053,0,,0.0009
ARLY_PRAT_0012_S_2,ARLY_PRAT_0012,215,/Users/superbg/Documents/IEES/idmybee/data/Bombus/collection/extraction/light/images/ARLY_PRAT_0012_S_2.jpg,OK,0.004610258263299193,0,,0.0009
ARLY_PRAT_0012_S_3,ARLY_PRAT_0012,216,/Users/superbg/Documents/IEES/idmybee/data/Bombus/collection/extraction/light/images/ARLY_PRAT_0012_S_3.jpg,OK,0.004632621938667905,0,,0.0009
ARLY_PRAT_0013_P_1,ARLY_PRAT_0013,217,/Users/superbg/Documents/IEES/idmybee/data/Bombus/collection/extraction/light/images/ARLY_PRAT_0013_P_1.jpg,OK,0.004710977792764205,0,,0.0011
ARLY_PRAT_0013_P_2,ARLY_PRAT_0013,218,/Users/superbg/Documents/IEES/idmybee/data/Bombus/collection/extraction/light/images/ARLY_PRAT_0013_P_2.jpg,OK,0.004571902175712922,0,,0.0011
ARLY_PRAT_0013_S_1,ARLY_PRAT_0013,219,/Users/superbg/Documents/IEES/idmybee/data/Bombus/collection/extraction/light/images/ARLY_PRAT_0013_S_1.jpg,OK,0.004525381065944101,0,,0.0011
ARLY_PRAT_0013_S_2,ARLY_PRAT_0013,220,/Users/superbg/Documents/IEES/idmybee/data/Bombus/collection/extraction/light/images/ARLY_PRAT_0013_S_2.jpg,OK,0.004597306352461291,0,,0.0012
ARLY_PRAT_0014_P_1,ARLY_PRAT_0014,221,/Users/superbg/Documents/IEES/idmybee/data/Bombus/collection/extraction/light/images/ARLY_PRAT_0014_P_1.jpg,OK,0.004399194314697595,0,,0.0011
ARLY_PRAT_0014_P_2,ARLY_PRAT_0014,222,/Users/superbg/Documents/IEES/idmybee/data/Bombus/collection/extraction/light/images/ARLY_PRAT_0014_P_2.jpg,OK,0.0044651790232337184,0,,0.0010
ARLY_PRAT_0014_S_1,ARLY_PRAT_0014,223,/Users/superbg/Documents/IEES/idmybee/data/Bombus/collection/extraction/light/images/ARLY_PRAT_0014_S_1.jpg,OK,0.004451332712137818,0,,0.0010
ARLY_PRAT_0014_S_2,ARLY_PRAT_0014,224,/Users/superbg/Documents/IEES/idmybee/data/Bombus/collection/extraction/light/images/ARLY_PRAT_0014_S_2.jpg,OK,0.004480476824916009,0,,0.0011
ARLY_PRAT_0014_S_3,ARLY_PRAT_0014,225,/Users/superbg/Documents/IEES/idmybee/data/Bombus/collection/extraction/light/images/ARLY_PRAT_0014_S_3.jpg,OK,0.004438564070254673,0,,0.0010
ARLY_PRAT_0015_P_1,ARLY_PRAT_0015,226,/Users/superbg/Documents/IEES/idmybee/data/Bombus/collection/extraction/light/images/ARLY_PRAT_0015_P_1.jpg,OK,0.004729757272533119,0,,0.0010
ARLY_PRAT_0015_P_2,ARLY_PRAT_0015,227,/Users/superbg/Documents/IEES/idmybee/data/Bombus/collection/extraction/light/images/ARLY_PRAT_0015_P_2.jpg,OK,0.004759520677696724,0,,0.0011
ARLY_PRAT_0015_S_1,ARLY_PRAT_0015,228,/Users/superbg/Documents/IEES/idmybee/data/Bombus/collection/extraction/light/images/ARLY_PRAT_0015_S_1.jpg,OK,0.004706882345684244,0,,0.0011
ARLY_PRAT_0015_S_2,ARLY_PRAT_0015,229,/Users/superbg/Documents/IEES/idmybee/data/Bombus/collection/extraction/light/images/ARLY_PRAT_0015_S_2.jpg,OK,0.004707423100869921,0,,0.0008
ARLY_PRAT_0015_S_3,ARLY_PRAT_0015,230,/Users/superbg/Documents/IEES/idmybee/data/Bombus/collection/extraction/light/images/ARLY_PRAT_0015_S_3.jpg,OK,0.0045494569928692516,0,,0.0010
ARLY_PRAT_0016_P_1,ARLY_PRAT_0016,231,/Users/superbg/Documents/IEES/idmybee/data/Bombus/collection/extraction/light/images/ARLY_PRAT_0016_P_1.jpg,OK,0.00497629742258657,0,,0.0011
ARLY_PRAT_0016_P_2,ARLY_PRAT_0016,232,/Users/superbg/Documents/IEES/idmybee/data/Bombus/collection/extraction/light/images/ARLY_PRAT_0016_P_2.jpg,OK,0.005037439941981739,0,,0.0011
ARLY_PRAT_0016_S_1,ARLY_PRAT_0016,233,/Users/superbg/Documents/IEES/idmybee/data/Bombus/collection/extraction/light/images/ARLY_PRAT_0016_S_1.jpg,OK,0.004979360305193767,0,,0.0012
ARLY_PRAT_0016_S_2,ARLY_PRAT_0016,234,/Users/superbg/Documents/IEES/idmybee/data/Bombus/collection/extraction/light/images/ARLY_PRAT_0016_S_2.jpg,OK,0.005015388074419259,0,,0.0011
ARLY_PRAT_0016_S_3,ARLY_PRAT_0016,235,/Users/superbg/Documents/IEES/idmybee/data/Bombus/collection/extraction/light/images/ARLY_PRAT_0016_S_3.jpg,OK,0.0049144917287060885,0,,0.0014
ARLY_PRAT_0017_P_1,ARLY_PRAT_0017,236,/Users/superbg/Documents/IEES/idmybee/data/Bombus/collection/extraction/light/images/ARLY_PRAT_0017_P_1.jpg,OK,0.004622490073157707,0,,0.0011
ARLY_PRAT_0017_P_2,ARLY_PRAT_0017,237,/Users/superbg/Documents/IEES/idmybee/data/Bombus/collection/extraction/light/images/ARLY_PRAT_0017_P_2.jpg,OK,0.004653335745731227,0,,0.0010
ARLY_PRAT_0017_S_1,ARLY_PRAT_0017,238,/Users/superbg/Documents/IEES/idmybee/data/Bombus/collection/extraction/light/images/ARLY_PRAT_0017_S_1.jpg,OK,0.004559435423247504,0,,0.0010
ARLY_PRAT_0017_S_2,ARLY_PRAT_0017,239,/Users/superbg/Documents/IEES/idmybee/data/Bombus/collection/extraction/light/images/ARLY_PRAT_0017_S_2.jpg,OK,0.004505385209090255,0,,0.0011
ARLY_PRAT_0017_S_3,ARLY_PRAT_0017,240,/Users/superbg/Documents/IEES/idmybee/data/Bombus/collection/extraction/light/images/ARLY_PRAT_0017_S_3.jpg,OK,0.004554032741972727,0,,0.0011
ARLY_PRAT_0018_P_1,ARLY_PRAT_0018,241,/Users/superbg/Documents/IEES/idmybee/data/Bombus/collection/extraction/light/images/ARLY_PRAT_0018_P_1.jpg,OK,0.004677140164660625,0,,0.0011
ARLY_PRAT_0018_P_2,ARLY_PRAT_0018,242,/Users/superbg/Documents/IEES/idmybee/data/Bombus/collection/extraction/light/images/ARLY_PRAT_0018_P_2.jpg,OK,0.004776898034367211,0,,0.0009
ARLY_PRAT_0018_S_1,ARLY_PRAT_0018,243,/Users/superbg/Documents/IEES/idmybee/data/Bombus/collection/extraction/light/images/ARLY_PRAT_0018_S_1.jpg,OK,0.004811756164124035,0,,0.0009
ARLY_PRAT_0018_S_2,ARLY_PRAT_0018,244,/Users/superbg/Documents/IEES/idmybee/data/Bombus/collection/extraction/light/images/ARLY_PRAT_0018_S_2.jpg,OK,0.0049078584728142844,2,,0.0008
ARLY_PRAT_0018_S_3,ARLY_PRAT_0018,245,/Users/superbg/Documents/IEES/idmybee/data/Bombus/collection/extraction/light/images/ARLY_PRAT_0018_S_3.jpg,OK,0.0048161875855937284,1,,0.0008
ARLY_PRAT_0019_P_1,ARLY_PRAT_0019,246,/Users/superbg/Documents/IEES/idmybee/data/Bombus/collection/extraction/light/images/ARLY_PRAT_0019_P_1.jpg,OK,0.004558359006697868,0,,0.0010
ARLY_PRAT_0019_P_2,ARLY_PRAT_0019,247,/Users/superbg/Documents/IEES/idmybee/data/Bombus/collection/extraction/light/images/ARLY_PRAT_0019_P_2.jpg,OK,0.004515958311219082,0,,0.0010
ARLY_PRAT_0019_S_1,ARLY_PRAT_0019,248,/Users/superbg/Documents/IEES/idmybee/data/Bombus/collection/extraction/light/images/ARLY_PRAT_0019_S_1.jpg,OK,0.00449078159257944,0,,0.0011
ARLY_PRAT_0019_S_2,ARLY_PRAT_0019,249,/Users/superbg/Documents/IEES/idmybee/data/Bombus/collection/extraction/light/images/ARLY_PRAT_0019_S_2.jpg,OK,0.004532953118291258,0,,0.0011
ARLY_PRAT_0019_S_3,ARLY_PRAT_0019,250,/Users/superbg/Documents/IEES/idmybee/data/Bombus/collection/extraction/light/images/ARLY_PRAT_0019_S_3.jpg,OK,0.00445272691060464,0,,0.0010
ARLY_PRAT_0020_P_1,ARLY_PRAT_0020,251,/Users/superbg/Documents/IEES/idmybee/data/Bombus/collection/extraction/light/images/ARLY_PRAT_0020_P_1.jpg,OK,0.00424188601135217,0,,0.0014
ARLY_PRAT_0020_P_2,ARLY_PRAT_0020,252,/Users/superbg/Documents/IEES/idmybee/data/Bombus/collection/extraction/light/images/ARLY_PRAT_0020_P_2.jpg,OK,0.004270250989318181,0,,0.0010
ARLY_PRAT_0020_S_1,ARLY_PRAT_0020,253,/Users/superbg/Documents/IEES/idmybee/data/Bombus/collection/extraction/light/images/ARLY_PRAT_0020_S_1.jpg,OK,0.004343675795906249,0,,0.0010
ARLY_PRAT_0020_S_2,ARLY_PRAT_0020,254,/Users/superbg/Documents/IEES/idmybee/data/Bombus/collection/extraction/light/images/ARLY_PRAT_0020_S_2.jpg,OK,0.004288490605780543,0,,0.0010
ARLY_PRAT_0020_S_3,ARLY_PRAT_0020,255,/Users/superbg/Documents/IEES/idmybee/data/Bombus/collection/extraction/light/images/ARLY_PRAT_0020_S_3.jpg,OK,0.004311810484632624,0,,0.0010
ARLY_PRAT_0021_P_1,ARLY_PRAT_0021,256,/Users/superbg/Documents/IEES/idmybee/data/Bombus/collection/extraction/light/images/ARLY_PRAT_0021_P_1.jpg,OK,0.004535268780658203,0,,0.0012
ARLY_PRAT_0021_P_2,ARLY_PRAT_0021,257,/Users/superbg/Documents/IEES/idmybee/data/Bombus/collection/extraction/light/images/ARLY_PRAT_0021_P_2.jpg,OK,0.004505192006776631,0,,0.0012
ARLY_PRAT_0021_S_1,ARLY_PRAT_0021,258,/Users/superbg/Documents/IEES/idmybee/data/Bombus/collection/extraction/light/images/ARLY_PRAT_0021_S_1.jpg,OK,0.004419316189415751,0,,0.0009
ARLY_PRAT_0021_S_2,ARLY_PRAT_0021,259,/Users/superbg/Documents/IEES/idmybee/data/Bombus/collection/extraction/light/images/ARLY_PRAT_0021_S_2.jpg,OK,0.0044944767283210205,0,,0.0009
ARLY_PRAT_0021_S_3,ARLY_PRAT_0021,260,/Users/superbg/Documents/IEES/idmybee/data/Bombus/collection/extraction/light/images/ARLY_PRAT_0021_S_3.jpg,OK,0.004497151304298471,0,,0.0008
ARLY_PRAT_0022_P_1,ARLY_PRAT_0022,261,/Users/superbg/Documents/IEES/idmybee/data/Bombus/collection/extraction/light/images/ARLY_PRAT_0022_P_1.jpg,OK,0.004515421106797566,0,,0.0010
ARLY_PRAT_0022_P_2,ARLY_PRAT_0022,262,/Users/superbg/Documents/IEES/idmybee/data/Bombus/collection/extraction/light/images/ARLY_PRAT_0022_P_2.jpg,OK,0.004496982551643793,0,,0.0010
ARLY_PRAT_0022_S_1,ARLY_PRAT_0022,263,/Users/superbg/Documents/IEES/idmybee/data/Bombus/collection/extraction/light/images/ARLY_PRAT_0022_S_1.jpg,OK,0.004532413949329969,0,,0.0010
ARLY_PRAT_0022_S_2,ARLY_PRAT_0022,264,/Users/superbg/Documents/IEES/idmybee/data/Bombus/collection/extraction/light/images/ARLY_PRAT_0022_S_2.jpg,OK,0.004515566889174521,0,,0.0011
ARLY_PRAT_0022_S_3,ARLY_PRAT_0022,265,/Users/superbg/Documents/IEES/idmybee/data/Bombus/collection/extraction/light/images/ARLY_PRAT_0022_S_3.jpg,OK,0.0045019238366294494,0,,0.0011
ARLY_PRAT_0023_P_1,ARLY_PRAT_0023,266,/Users/superbg/Documents/IEES/idmybee/data/Bombus/collection/extraction/light/images/ARLY_PRAT_0023_P_1.jpg,OK,0.004586603717693141,0,,0.0010
ARLY_PRAT_0023_P_2,ARLY_PRAT_0023,267,/Users/superbg/Documents/IEES/idmybee/data/Bombus/collection/extraction/light/images/ARLY_PRAT_0023_P_2.jpg,OK,0.004624381715199121,0,,0.0015
ARLY_PRAT_0023_S_1,ARLY_PRAT_0023,268,/Users/superbg/Documents/IEES/idmybee/data/Bombus/collection/extraction/light/images/ARLY_PRAT_0023_S_1.jpg,OK,0.00457519454361217,0,,0.0010
ARLY_PRAT_0023_S_2,ARLY_PRAT_0023,269,/Users/superbg/Documents/IEES/idmybee/data/Bombus/collection/extraction/light/images/ARLY_PRAT_0023_S_2.jpg,OK,0.004521069227231221,0,,0.0010
ARLY_PRAT_0023_S_3,ARLY_PRAT_0023,270,/Users/superbg/Documents/IEES/idmybee/data/Bombus/collection/extraction/light/images/ARLY_PRAT_0023_S_3.jpg,OK,0.004596434743015719,0,,0.0010
ARLY_PRAT_0024_P_1,ARLY_PRAT_0024,271,/Users/superbg/Documents/IEES/idmybee/data/Bombus/collection/extraction/light/images/ARLY_PRAT_0024_P_1.jpg,OK,0.004549440765861487,0,,0.0011
ARLY_PRAT_0024_P_2,ARLY_PRAT_0024,272,/Users/superbg/Documents/IEES/idmybee/data/Bombus/collection/extraction/light/images/ARLY_PRAT_0024_P_2.jpg,OK,0.0047137794076888,0,,0.0013
ARLY_PRAT_0024_S_1,ARLY_PRAT_0024,273,/Users/superbg/Documents/IEES/idmybee/data/Bombus/collection/extraction/light/images/ARLY_PRAT_0024_S_1.jpg,OK,0.004594157086275795,0,,0.0012
ARLY_PRAT_0024_S_2,ARLY_PRAT_0024,274,/Users/superbg/Documents/IEES/idmybee/data/Bombus/collection/extraction/light/images/ARLY_PRAT_0024_S_2.jpg,OK,0.004579684300848066,0,,0.0011
ARLY_PRAT_0024_S_3,ARLY_PRAT_0024,275,/Users/superbg/Documents/IEES/idmybee/data/Bombus/collection/extraction/light/images/ARLY_PRAT_0024_S_3.jpg,OK,0.0045852630820027405,0,,0.0011
ARLY_PRAT_0025_P_1,ARLY_PRAT_0025,276,/Users/superbg/Documents/IEES/idmybee/data/Bombus/collection/extraction/light/images/ARLY_PRAT_0025_P_1.jpg,OK,0.00488385097309542,0,,0.0011
ARLY_PRAT_0025_P_2,ARLY_PRAT_0025,277,/Users/superbg/Documents/IEES/idmybee/data/Bombus/collection/extraction/light/images/ARLY_PRAT_0025_P_2.jpg,OK,0.00471312059494243,0,,0.0011
ARLY_PRAT_0025_S_1,ARLY_PRAT_0025,278,/Users/superbg/Documents/IEES/idmybee/data/Bombus/collection/extraction/light/images/ARLY_PRAT_0025_S_1.jpg,OK,0.004778009505169104,0,,0.0010
ARLY_PRAT_0025_S_2,ARLY_PRAT_0025,279,/Users/superbg/Documents/IEES/idmybee/data/Bombus/collection/extraction/light/images/ARLY_PRAT_0025_S_2.jpg,OK,0.004714862095596618,0,,0.0012
ARLY_PRAT_0025_S_3,ARLY_PRAT_0025,280,/Users/superbg/Documents/IEES/idmybee/data/Bombus/collection/extraction/light/images/ARLY_PRAT_0025_S_3.jpg,OK,0.0047720450014757205,0,,0.0011
ARLY_PRAT_0026_P_1,ARLY_PRAT_0026,281,/Users/superbg/Documents/IEES/idmybee/data/Bombus/collection/extraction/light/images/ARLY_PRAT_0026_P_1.jpg,OK,0.004652366686187147,1,,0.0011
ARLY_PRAT_0026_P_2,ARLY_PRAT_0026,282,/Users/superbg/Documents/IEES/idmybee/data/Bombus/collection/extraction/light/images/ARLY_PRAT_0026_P_2.jpg,OK,0.004689259480439515,1,,0.0012
ARLY_PRAT_0026_S_1,ARLY_PRAT_0026,283,/Users/superbg/Documents/IEES/idmybee/data/Bombus/collection/extraction/light/images/ARLY_PRAT_0026_S_1.jpg,OK,0.004577862849550118,1,,0.0010
ARLY_PRAT_0026_S_2,ARLY_PRAT_0026,284,/Users/superbg/Documents/IEES/idmybee/data/Bombus/collection/extraction/light/images/ARLY_PRAT_0026_S_2.jpg,OK,0.0046687512752174075,0,,0.0010
ARLY_PRAT_0026_S_3,ARLY_PRAT_0026,285,/Users/superbg/Documents/IEES/idmybee/data/Bombus/collection/extraction/light/images/ARLY_PRAT_0026_S_3.jpg,OK,0.004648099442745928,0,,0.0011
ARLY_PRAT_0027_P_1,ARLY_PRAT_0027,286,/Users/superbg/Documents/IEES/idmybee/data/Bombus/collection/extraction/light/images/ARLY_PRAT_0027_P_1.jpg,OK,0.004392026177239671,0,,0.0012
ARLY_PRAT_0027_P_2,ARLY_PRAT_0027,287,/Users/superbg/Documents/IEES/idmybee/data/Bombus/collection/extraction/light/images/ARLY_PRAT_0027_P_2.jpg,OK,0.004519950603821041,0,,0.0011
ARLY_PRAT_0027_S_1,ARLY_PRAT_0027,288,/Users/superbg/Documents/IEES/idmybee/data/Bombus/collection/extraction/light/images/ARLY_PRAT_0027_S_1.jpg,OK,0.004436091872232945,0,,0.0010
ARLY_PRAT_0027_S_2,ARLY_PRAT_0027,289,/Users/superbg/Documents/IEES/idmybee/data/Bombus/collection/extraction/light/images/ARLY_PRAT_0027_S_2.jpg,OK,0.0045405231518185745,0,,0.0010
ARLY_PRAT_0027_S_3,ARLY_PRAT_0027,290,/Users/superbg/Documents/IEES/idmybee/data/Bombus/collection/extraction/light/images/ARLY_PRAT_0027_S_3.jpg,OK,0.004381926274045479,0,,0.0010
ARLY_PRAT_0028_P_1,ARLY_PRAT_0028,291,/Users/superbg/Documents/IEES/idmybee/data/Bombus/collection/extraction/light/images/ARLY_PRAT_0028_P_1.jpg,OK,0.004708146579213804,0,,0.0011
ARLY_PRAT_0028_P_2,ARLY_PRAT_0028,292,/Users/superbg/Documents/IEES/idmybee/data/Bombus/collection/extraction/light/images/ARLY_PRAT_0028_P_2.jpg,OK,0.004722982967914439,0,,0.0010
ARLY_PRAT_0028_S_1,ARLY_PRAT_0028,293,/Users/superbg/Documents/IEES/idmybee/data/Bombus/collection/extraction/light/images/ARLY_PRAT_0028_S_1.jpg,OK,0.004755233595234599,0,,0.0010
ARLY_PRAT_0028_S_2,ARLY_PRAT_0028,294,/Users/superbg/Documents/IEES/idmybee/data/Bombus/collection/extraction/light/images/ARLY_PRAT_0028_S_2.jpg,OK,0.004770912614041381,0,,0.0012
ARLY_PRAT_0028_S_3,ARLY_PRAT_0028,295,/Users/superbg/Documents/IEES/idmybee/data/Bombus/collection/extraction/light/images/ARLY_PRAT_0028_S_3.jpg,OK,0.00467648547539683,0,,0.0012
ARLY_PRAT_0029_P_1,ARLY_PRAT_0029,296,/Users/superbg/Documents/IEES/idmybee/data/Bombus/collection/extraction/light/images/ARLY_PRAT_0029_P_1.jpg,OK,0.004729717383292276,0,,0.0014
ARLY_PRAT_0029_P_2,ARLY_PRAT_0029,297,/Users/superbg/Documents/IEES/idmybee/data/Bombus/collection/extraction/light/images/ARLY_PRAT_0029_P_2.jpg,OK,0.004687459162285582,0,,0.0009
ARLY_PRAT_0029_S_1,ARLY_PRAT_0029,298,/Users/superbg/Documents/IEES/idmybee/data/Bombus/collection/extraction/light/images/ARLY_PRAT_0029_S_1.jpg,OK,0.004692420558823356,0,,0.0010
ARLY_PRAT_0029_S_2,ARLY_PRAT_0029,299,/Users/superbg/Documents/IEES/idmybee/data/Bombus/collection/extraction/light/images/ARLY_PRAT_0029_S_2.jpg,OK,0.004721934693776678,0,,0.0009
ARLY_PRAT_0029_S_3,ARLY_PRAT_0029,300,/Users/superbg/Documents/IEES/idmybee/data/Bombus/collection/extraction/light/images/ARLY_PRAT_0029_S_3.jpg,OK,0.004808664682972264,0,,0.0009
ARLY_PRAT_0030_P_1,ARLY_PRAT_0030,301,/Users/superbg/Documents/IEES/idmybee/data/Bombus/collection/extraction/light/images/ARLY_PRAT_0030_P_1.jpg,OK,0.004657211306081605,0,,0.0010
ARLY_PRAT_0030_P_2,ARLY_PRAT_0030,302,/Users/superbg/Documents/IEES/idmybee/data/Bombus/collection/extraction/light/images/ARLY_PRAT_0030_P_2.jpg,OK,0.004514833337268086,0,,0.0013
ARLY_PRAT_0030_S_1,ARLY_PRAT_0030,303,/Users/superbg/Documents/IEES/idmybee/data/Bombus/collection/extraction/light/images/ARLY_PRAT_0030_S_1.jpg,OK,0.004547577271175459,0,,0.0011
ARLY_PRAT_0030_S_2,ARLY_PRAT_0030,304,/Users/superbg/Documents/IEES/idmybee/data/Bombus/collection/extraction/light/images/ARLY_PRAT_0030_S_2.jpg,OK,0.004629467187343392,0,,0.0011
ARLY_PRAT_0030_S_3,ARLY_PRAT_0030,305,/Users/superbg/Documents/IEES/idmybee/data/Bombus/collection/extraction/light/images/ARLY_PRAT_0030_S_3.jpg,OK,0.00461863543838488,0,,0.0011
ARLY_PRAT_0031_P_1,ARLY_PRAT_0031,306,/Users/superbg/Documents/IEES/idmybee/data/Bombus/collection/extraction/light/images/ARLY_PRAT_0031_P_1.jpg,OK,0.004607717189368972,0,,0.0010
ARLY_PRAT_0031_P_2,ARLY_PRAT_0031,307,/Users/superbg/Documents/IEES/idmybee/data/Bombus/collection/extraction/light/images/ARLY_PRAT_0031_P_2.jpg,OK,0.00457792867675398,0,,0.0010
ARLY_PRAT_0031_S_1,ARLY_PRAT_0031,308,/Users/superbg/Documents/IEES/idmybee/data/Bombus/collection/extraction/light/images/ARLY_PRAT_0031_S_1.jpg,OK,0.004584082707566207,0,,0.0011
ARLY_PRAT_0031_S_2,ARLY_PRAT_0031,309,/Users/superbg/Documents/IEES/idmybee/data/Bombus/collection/extraction/light/images/ARLY_PRAT_0031_S_2.jpg,OK,0.004569411491113575,0,,0.0012
ARLY_PRAT_0031_S_3,ARLY_PRAT_0031,310,/Users/superbg/Documents/IEES/idmybee/data/Bombus/collection/extraction/light/images/ARLY_PRAT_0031_S_3.jpg,OK,0.004625419426098675,0,,0.0011
ARLY_PRAT_0032_P_1,ARLY_PRAT_0032,311,/Users/superbg/Documents/IEES/idmybee/data/Bombus/collection/extraction/light/images/ARLY_PRAT_0032_P_1.jpg,OK,0.0047759408619750966,0,,0.0010
ARLY_PRAT_0032_P_2,ARLY_PRAT_0032,312,/Users/superbg/Documents/IEES/idmybee/data/Bombus/collection/extraction/light/images/ARLY_PRAT_0032_P_2.jpg,OK,0.004792076286501182,0,,0.0010
ARLY_PRAT_0032_S_1,ARLY_PRAT_0032,313,/Users/superbg/Documents/IEES/idmybee/data/Bombus/collection/extraction/light/images/ARLY_PRAT_0032_S_1.jpg,OK,0.004796789112046401,0,,0.0014
ARLY_PRAT_0032_S_2,ARLY_PRAT_0032,314,/Users/superbg/Documents/IEES/idmybee/data/Bombus/collection/extraction/light/images/ARLY_PRAT_0032_S_2.jpg,OK,0.004767322953778897,0,,0.0011
ARLY_PRAT_0032_S_3,ARLY_PRAT_0032,315,/Users/superbg/Documents/IEES/idmybee/data/Bombus/collection/extraction/light/images/ARLY_PRAT_0032_S_3.jpg,OK,0.004773810148718639,0,,0.0011
ARLY_PRAT_0033_P_1,ARLY_PRAT_0033,316,/Users/superbg/Documents/IEES/idmybee/data/Bombus/collection/extraction/light/images/ARLY_PRAT_0033_P_1.jpg,OK,0.004630638117014049,0,,0.0012
ARLY_PRAT_0033_P_2,ARLY_PRAT_0033,317,/Users/superbg/Documents/IEES/idmybee/data/Bombus/collection/extraction/light/images/ARLY_PRAT_0033_P_2.jpg,OK,0.004661855945961433,0,,0.0012
ARLY_PRAT_0033_S_1,ARLY_PRAT_0033,318,/Users/superbg/Documents/IEES/idmybee/data/Bombus/collection/extraction/light/images/ARLY_PRAT_0033_S_1.jpg,OK,0.004619636659638001,0,,0.0010
ARLY_PRAT_0033_S_2,ARLY_PRAT_0033,319,/Users/superbg/Documents/IEES/idmybee/data/Bombus/collection/extraction/light/images/ARLY_PRAT_0033_S_2.jpg,OK,0.004578058644625505,0,,0.0009
ARLY_PRAT_0033_S_3,ARLY_PRAT_0033,320,/Users/superbg/Documents/IEES/idmybee/data/Bombus/collection/extraction/light/images/ARLY_PRAT_0033_S_3.jpg,OK,0.0046702531176832296,0,,0.0010
ARLY_PRAT_0034_P_1,ARLY_PRAT_0034,321,/Users/superbg/Documents/IEES/idmybee/data/Bombus/collection/extraction/light/images/ARLY_PRAT_0034_P_1.jpg,OK,0.004892300023560513,0,,0.0008
ARLY_PRAT_0034_P_2,ARLY_PRAT_0034,322,/Users/superbg/Documents/IEES/idmybee/data/Bombus/collection/extraction/light/images/ARLY_PRAT_0034_P_2.jpg,OK,0.004915155483795172,0,,0.0009
ARLY_PRAT_0034_S_1,ARLY_PRAT_0034,323,/Users/superbg/Documents/IEES/idmybee/data/Bombus/collection/extraction/light/images/ARLY_PRAT_0034_S_1.jpg,OK,0.00481117228984771,0,,0.0009
ARLY_PRAT_0034_S_2,ARLY_PRAT_0034,324,/Users/superbg/Documents/IEES/idmybee/data/Bombus/collection/extraction/light/images/ARLY_PRAT_0034_S_2.jpg,OK,0.004827564726638417,0,,0.0009
ARLY_PRAT_0034_S_3,ARLY_PRAT_0034,325,/Users/superbg/Documents/IEES/idmybee/data/Bombus/collection/extraction/light/images/ARLY_PRAT_0034_S_3.jpg,OK,0.004812439046464537,0,,0.0011
ARLY_PRAT_0035_P_1,ARLY_PRAT_0035,326,/Users/superbg/Documents/IEES/idmybee/data/Bombus/collection/extraction/light/images/ARLY_PRAT_0035_P_1.jpg,OK,0.004589675178256809,0,,0.0011
ARLY_PRAT_0035_P_2,ARLY_PRAT_0035,327,/Users/superbg/Documents/IEES/idmybee/data/Bombus/collection/extraction/light/images/ARLY_PRAT_0035_P_2.jpg,OK,0.004685695400698594,0,,0.0010
ARLY_PRAT_0035_S_1,ARLY_PRAT_0035,328,/Users/superbg/Documents/IEES/idmybee/data/Bombus/collection/extraction/light/images/ARLY_PRAT_0035_S_1.jpg,SUSPECT,0.006995341542396056,17,,0.0014
ARLY_PRAT_0035_S_2,ARLY_PRAT_0035,329,/Users/superbg/Documents/IEES/idmybee/data/Bombus/collection/extraction/light/images/ARLY_PRAT_0035_S_2.jpg,OK,0.004564837264111293,0,,0.0011
ARLY_PRAT_0035_S_3,ARLY_PRAT_0035,330,/Users/superbg/Documents/IEES/idmybee/data/Bombus/collection/extraction/light/images/ARLY_PRAT_0035_S_3.jpg,FAILED,inf,,"17 landmarks, 18 expected",0.0000
ARLY_PRAT_0036_P_1,ARLY_PRAT_0036,331,/Users/superbg/Documents/IEES/idmybee/data/Bombus/collection/extraction/light/images/ARLY_PRAT_0036_P_1.jpg,OK,0.004513075160449626,0,,0.0010
ARLY_PRAT_0036_P_2,ARLY_PRAT_0036,332,/Users/superbg/Documents/IEES/idmybee/data/Bombus/collection/extraction/light/images/ARLY_PRAT_0036_P_2.jpg,OK,0.0045768164261132055,0,,0.0010
ARLY_PRAT_0036_S_1,ARLY_PRAT_0036,333,/Users/superbg/Documents/IEES/idmybee/data/Bombus/collection/extraction/light/images/ARLY_PRAT_0036_S_1.jpg,OK,0.004584798503918354,0,,0.0012
ARLY_PRAT_0036_S_2,ARLY_PRAT_0036,334,/Users/superbg/Documents/IEES/idmybee/data/Bombus/collection/extraction/light/images/ARLY_PRAT_0036_S_2.jpg,OK,0.004547664996171378,0,,0.0010
ARLY_PRAT_0036_S_3,ARLY_PRAT_0036,335,/Users/superbg/Documents/IEES/idmybee/data/Bombus/collection/extraction/light/images/ARLY_PRAT_0036_S_3.jpg,OK,0.004611889477634393,0,,0.0010
ARLY_PRAT_0037_P_1,ARLY_PRAT_0037,336,/Users/superbg/Documents/IEES/idmybee/data/Bombus/collection/extraction/light/images/ARLY_PRAT_0037_P_1.jpg,OK,0.004636911110851185,0,,0.0010
ARLY_PRAT_0037_P_2,ARLY_PRAT_0037,337,/Users/superbg/Documents/IEES/idmybee/data/Bombus/collection/extraction/light/images/ARLY_PRAT_0037_P_2.jpg,OK,0.004629258537271009,0,,0.0010
ARLY_PRAT_0037_S_1,ARLY_PRAT_0037,338,/Users/superbg/Documents/IEES/idmybee/data/Bombus/collection/extraction/light/images/ARLY_PRAT_0037_S_1.jpg,OK,0.004581125708493101,0,,0.0010
ARLY_PRAT_0037_S_2,ARLY_PRAT_0037,339,/Users/superbg/Documents/IEES/idmybee/data/Bombus/collection/extraction/light/images/ARLY_PRAT_0037_S_2.jpg,OK,0.004604596841645862,0,,0.0011
ARLY_PRAT_0037_S_3,ARLY_PRAT_0037,340,/Users/superbg/Documents/IEES/idmybee/data/Bombus/collection/extraction/light/images/ARLY_PRAT_0037_S_3.jpg,OK,0.004643783850546823,0,,0.0010
ARLY_PRAT_0038_P_1,ARLY_PRAT_0038,341,/Users/superbg/Documents/IEES/idmybee/data/Bombus/collection/extraction/light/images/ARLY_PRAT_0038_P_1.jpg,OK,0.004575344096066687,0,,0.0011
ARLY_PRAT_0038_P_2,ARLY_PRAT_0038,342,/Users/superbg/Documents/IEES/idmybee/data/Bombus/collection/extraction/light/images/ARLY_PRAT_0038_P_2.jpg,OK,0.004503062914072913,0,,0.0011
ARLY_PRAT_0038_S_1,ARLY_PRAT_0038,343,/Users/superbg/Documents/IEES/idmybee/data/Bombus/collection/extraction/light/images/ARLY_PRAT_0038_S_1.jpg,OK,0.00452647775000612,0,,0.0011
ARLY_PRAT_0038_S_2,ARLY_PRAT_0038,344,/Users/superbg/Documents/IEES/idmybee/data/Bombus/collection/extraction/light/images/ARLY_PRAT_0038_S_2.jpg,OK,0.004433368241102169,0,,0.0010
ARLY_PRAT_0038_S_3,ARLY_PRAT_0038,345,/Users/superbg/Documents/IEES/idmybee/data/Bombus/collection/extraction/light/images/ARLY_PRAT_0038_S_3.jpg,OK,0.004475109376597632,0,,0.0012
ARLY_PRAT_0039_P_1,ARLY_PRAT_0039,346,/Users/superbg/Documents/IEES/idmybee/data/Bombus/collection/extraction/light/images/ARLY_PRAT_0039_P_1.jpg,OK,0.004570884580491421,0,,0.0011
ARLY_PRAT_0039_P_2,ARLY_PRAT_0039,347,/Users/superbg/Documents/IEES/idmybee/data/Bombus/collection/extraction/light/images/ARLY_PRAT_0039_P_2.jpg,OK,0.004714660948458415,0,,0.0010
ARLY_PRAT_0039_S_1,ARLY_PRAT_0039,348,/Users/superbg/Documents/IEES/idmybee/data/Bombus/collection/extraction/light/images/ARLY_PRAT_0039_S_1.jpg,OK,0.004588386891576818,0,,0.0011
ARLY_PRAT_0039_S_2,ARLY_PRAT_0039,349,/Users/superbg/Documents/IEES/idmybee/data/Bombus/collection/extraction/light/images/ARLY_PRAT_0039_S_2.jpg,OK,0.0045625534435169614,0,,0.0011
ARLY_PRAT_0039_S_3,ARLY_PRAT_0039,350,/Users/superbg/Documents/IEES/idmybee/data/Bombus/collection/extraction/light/images/ARLY_PRAT_0039_S_3.jpg,OK,0.004656012203320496,0,,0.0011
ARLY_PRAT_0040_P_1,ARLY_PRAT_0040,351,/Users/superbg/Documents/IEES/idmybee/data/Bombus/collection/extraction/light/images/ARLY_PRAT_0040_P_1.jpg,OK,0.004713297418837237,0,,0.0010
ARLY_PRAT_0040_P_2,ARLY_PRAT_0040,352,/Users/superbg/Documents/IEES/idmybee/data/Bombus/collection/extraction/light/images/ARLY_PRAT_0040_P_2.jpg,OK,0.004767296431068588,0,,0.0011
ARLY_PRAT_0040_S_1,ARLY_PRAT_0040,353,/Users/superbg/Documents/IEES/idmybee/data/Bombus/collection/extraction/light/images/ARLY_PRAT_0040_S_1.jpg,OK,0.004687699951717127,0,,0.0009
ARLY_PRAT_0040_S_2,ARLY_PRAT_0040,354,/Users/superbg/Documents/IEES/idmybee/data/Bombus/collection/extraction/light/images/ARLY_PRAT_0040_S_2.jpg,OK,0.004675442577832312,0,,0.0008
ARLY_PRAT_0040_S_3,ARLY_PRAT_0040,355,/Users/superbg/Documents/IEES/idmybee/data/Bombus/collection/extraction/light/images/ARLY_PRAT_0040_S_3.jpg,OK,0.004616245039773433,0,,0.0009
ARLY_PRAT_0041_P_1,ARLY_PRAT_0041,356,/Users/superbg/Documents/IEES/idmybee/data/Bombus/collection/extraction/light/images/ARLY_PRAT_0041_P_1.jpg,OK,0.004776600136123795,0,,0.0011
ARLY_PRAT_0041_P_2,ARLY_PRAT_0041,357,/Users/superbg/Documents/IEES/idmybee/data/Bombus/collection/extraction/light/images/ARLY_PRAT_0041_P_2.jpg,OK,0.004721382853419885,0,,0.0010
ARLY_PRAT_0041_S_1,ARLY_PRAT_0041,358,/Users/superbg/Documents/IEES/idmybee/data/Bombus/collection/extraction/light/images/ARLY_PRAT_0041_S_1.jpg,OK,0.004698406480954005,0,,0.0013
ARLY_PRAT_0041_S_2,ARLY_PRAT_0041,359,/Users/superbg/Documents/IEES/idmybee/data/Bombus/collection/extraction/light/images/ARLY_PRAT_0041_S_2.jpg,OK,0.004722714328817705,0,,0.0011
ARLY_PRAT_0041_S_3,ARLY_PRAT_0041,360,/Users/superbg/Documents/IEES/idmybee/data/Bombus/collection/extraction/light/images/ARLY_PRAT_0041_S_3.jpg,OK,0.0047618329010486425,0,,0.0011
ARLY_PRAT_0042_P_1,ARLY_PRAT_0042,361,/Users/superbg/Documents/IEES/idmybee/data/Bombus/collection/extraction/light/images/ARLY_PRAT_0042_P_1.jpg,OK,0.004477601411542755,0,,0.0012
ARLY_PRAT_0042_P_2,ARLY_PRAT_0042,362,/Users/superbg/Documents/IEES/idmybee/data/Bombus/collection/extraction/light/images/ARLY_PRAT_0042_P_2.jpg,OK,0.004608688992299482,0,,0.0010
ARLY_PRAT_0042_S_1,ARLY_PRAT_0042,363,/Users/superbg/Documents/IEES/idmybee/data/Bombus/collection/extraction/light/images/ARLY_PRAT_0042_S_1.jpg,OK,0.004597906471626283,0,,0.0010
ARLY_PRAT_0042_S_2,ARLY_PRAT_0042,364,/Users/superbg/Documents/IEES/idmybee/data/Bombus/collection/extraction/light/images/ARLY_PRAT_0042_S_2.jpg,OK,0.00455793850314682,0,,0.0009
ARLY_PRAT_0042_S_3,ARLY_PRAT_0042,365,/Users/superbg/Documents/IEES/idmybee/data/Bombus/collection/extraction/light/images/ARLY_PRAT_0042_S_3.jpg,OK,0.004580540212602513,0,,0.0010
ARLY_PRAT_0043_P_1,ARLY_PRAT_0043,366,/Users/superbg/Documents/IEES/idmybee/data/Bombus/collection/extraction/light/images/ARLY_PRAT_0043_P_1.jpg,OK,0.0047110452141485674,0,,0.0011
ARLY_PRAT_0043_P_2,ARLY_PRAT_0043,367,/Users/superbg/Documents/IEES/idmybee/data/Bombus/collection/extraction/light/images/ARLY_PRAT_0043_P_2.jpg,OK,0.004680162892211007,0,,0.0011
ARLY_PRAT_0043_S_1,ARLY_PRAT_0043,368,/Users/superbg/Documents/IEES/idmybee/data/Bombus/collection/extraction/light/images/ARLY_PRAT_0043_S_1.jpg,OK,0.004638286089858469,0,,0.0011
ARLY_PRAT_0043_S_2,ARLY_PRAT_0043,369,/Users/superbg/Documents/IEES/idmybee/data/Bombus/collection/extraction/light/images/ARLY_PRAT_0043_S_2.jpg,FAILED,inf,,"17 landmarks, 18 expected",0.0000
ARLY_PRAT_0043_S_3,ARLY_PRAT_0043,370,/Users/superbg/Documents/IEES/idmybee/data/Bombus/collection/extraction/light/images/ARLY_PRAT_0043_S_3.jpg,OK,0.004632175937763069,0,,0.0011
ARLY_PRAT_0044_P_1,ARLY_PRAT_0044,371,/Users/superbg/Documents/IEES/idmybee/data/Bombus/collection/extraction/light/images/ARLY_PRAT_0044_P_1.jpg,OK,0.004626741757675224,0,,0.0010
ARLY_PRAT_0044_P_2,ARLY_PRAT_0044,372,/Users/superbg/Documents/IEES/idmybee/data/Bombus/collection/extraction/light/images/ARLY_PRAT_0044_P_2.jpg,OK,0.004564276961373779,0,,0.0012
ARLY_PRAT_0044_S_1,ARLY_PRAT_0044,373,/Users/superbg/Documents/IEES/idmybee/data/Bombus/collection/extraction/light/images/ARLY_PRAT_0044_S_1.jpg,OK,0.004574864672624733,0,,0.0010
ARLY_PRAT_0044_S_2,ARLY_PRAT_0044,374,/Users/superbg/Documents/IEES/idmybee/data/Bombus/collection/extraction/light/images/ARLY_PRAT_0044_S_2.jpg,OK,0.00455551691891103,0,,0.0010
ARLY_PRAT_0044_S_3,ARLY_PRAT_0044,375,/Users/superbg/Documents/IEES/idmybee/data/Bombus/collection/extraction/light/images/ARLY_PRAT_0044_S_3.jpg,OK,0.0046120683776519926,0,,0.0011
ARLY_PRAT_0045_P_1,ARLY_PRAT_0045,376,/Users/superbg/Documents/IEES/idmybee/data/Bombus/collection/extraction/light/images/ARLY_PRAT_0045_P_1.jpg,OK,0.0044863457667719655,0,,0.0011
ARLY_PRAT_0045_P_2,ARLY_PRAT_0045,377,/Users/superbg/Documents/IEES/idmybee/data/Bombus/collection/extraction/light/images/ARLY_PRAT_0045_P_2.jpg,OK,0.004479129523636792,0,,0.0011
ARLY_PRAT_0045_S_1,ARLY_PRAT_0045,378,/Users/superbg/Documents/IEES/idmybee/data/Bombus/collection/extraction/light/images/ARLY_PRAT_0045_S_1.jpg,OK,0.004392263344029506,0,,0.0009
ARLY_PRAT_0045_S_2,ARLY_PRAT_0045,379,/Users/superbg/Documents/IEES/idmybee/data/Bombus/collection/extraction/light/images/ARLY_PRAT_0045_S_2.jpg,OK,0.004436826329389009,0,,0.0011
ARLY_PRAT_0045_S_3,ARLY_PRAT_0045,380,/Users/superbg/Documents/IEES/idmybee/data/Bombus/collection/extraction/light/images/ARLY_PRAT_0045_S_3.jpg,OK,0.004517421400164157,0,,0.0012
ARLY_PRAT_0046_P_1,ARLY_PRAT_0046,381,/Users/superbg/Documents/IEES/idmybee/data/Bombus/collection/extraction/light/images/ARLY_PRAT_0046_P_1.jpg,OK,0.004656497739875643,0,,0.0011
ARLY_PRAT_0046_P_2,ARLY_PRAT_0046,382,/Users/superbg/Documents/IEES/idmybee/data/Bombus/collection/extraction/light/images/ARLY_PRAT_0046_P_2.jpg,OK,0.0047572788785410405,0,,0.0011
ARLY_PRAT_0046_P_3,ARLY_PRAT_0046,383,/Users/superbg/Documents/IEES/idmybee/data/Bombus/collection/extraction/light/images/ARLY_PRAT_0046_P_3.jpg,OK,0.004490222704910101,0,,0.0011
ARLY_PRAT_0046_P_4,ARLY_PRAT_0046,384,/Users/superbg/Documents/IEES/idmybee/data/Bombus/collection/extraction/light/images/ARLY_PRAT_0046_P_4.jpg,OK,0.004604104612337777,0,,0.0010
ARLY_PRAT_0046_S_1,ARLY_PRAT_0046,385,/Users/superbg/Documents/IEES/idmybee/data/Bombus/collection/extraction/light/images/ARLY_PRAT_0046_S_1.jpg,OK,0.00461175175562106,0,,0.0010
ARLY_PRAT_0046_S_2,ARLY_PRAT_0046,386,/Users/superbg/Documents/IEES/idmybee/data/Bombus/collection/extraction/light/images/ARLY_PRAT_0046_S_2.jpg,OK,0.0045632915260114225,0,,0.0010
ARLY_PRAT_0046_S_3,ARLY_PRAT_0046,387,/Users/superbg/Documents/IEES/idmybee/data/Bombus/collection/extraction/light/images/ARLY_PRAT_0046_S_3.jpg,OK,0.004599911119034769,0,,0.0011
ARLY_PRAT_0046_S_4,ARLY_PRAT_0046,388,/Users/superbg/Documents/IEES/idmybee/data/Bombus/collection/extraction/light/images/ARLY_PRAT_0046_S_4.jpg,OK,0.004581014240990472,0,,0.0012
ARLY_PRAT_0046_S_5,ARLY_PRAT_0046,389,/Users/superbg/Documents/IEES/idmybee/data/Bombus/collection/extraction/light/images/ARLY_PRAT_0046_S_5.jpg,OK,0.0046526654409848305,0,,0.0011
ARLY_PRAT_0046_S_6,ARLY_PRAT_0046,390,/Users/superbg/Documents/IEES/idmybee/data/Bombus/collection/extraction/light/images/ARLY_PRAT_0046_S_6.jpg,OK,0.0045645711106198006,0,,0.0010
ARLY_PRAT_0047_P_1,ARLY_PRAT_0047,391,/Users/superbg/Documents/IEES/idmybee/data/Bombus/collection/extraction/light/images/ARLY_PRAT_0047_P_1.jpg,OK,0.004529380855840285,0,,0.0013
ARLY_PRAT_0047_P_2,ARLY_PRAT_0047,392,/Users/superbg/Documents/IEES/idmybee/data/Bombus/collection/extraction/light/images/ARLY_PRAT_0047_P_2.jpg,OK,0.004522929603787055,0,,0.0012
ARLY_PRAT_0047_S_1,ARLY_PRAT_0047,393,/Users/superbg/Documents/IEES/idmybee/data/Bombus/collection/extraction/light/images/ARLY_PRAT_0047_S_1.jpg,OK,0.004520469284998455,0,,0.0012
ARLY_PRAT_0047_S_2,ARLY_PRAT_0047,394,/Users/superbg/Documents/IEES/idmybee/data/Bombus/collection/extraction/light/images/ARLY_PRAT_0047_S_2.jpg,OK,0.00446537550101211,0,,0.0011
ARLY_PRAT_0047_S_3,ARLY_PRAT_0047,395,/Users/superbg/Documents/IEES/idmybee/data/Bombus/collection/extraction/light/images/ARLY_PRAT_0047_S_3.jpg,OK,0.004501251113114484,0,,0.0011
ARLY_PRAT_0048_P_1,ARLY_PRAT_0048,396,/Users/superbg/Documents/IEES/idmybee/data/Bombus/collection/extraction/light/images/ARLY_PRAT_0048_P_1.jpg,OK,0.004691901114120812,0,,0.0011
ARLY_PRAT_0048_P_2,ARLY_PRAT_0048,397,/Users/superbg/Documents/IEES/idmybee/data/Bombus/collection/extraction/light/images/ARLY_PRAT_0048_P_2.jpg,OK,0.004693332142659454,0,,0.0011
ARLY_PRAT_0048_S_1,ARLY_PRAT_0048,398,/Users/superbg/Documents/IEES/idmybee/data/Bombus/collection/extraction/light/images/ARLY_PRAT_0048_S_1.jpg,OK,0.00467266071578431,0,,0.0010
ARLY_PRAT_0048_S_2,ARLY_PRAT_0048,399,/Users/superbg/Documents/IEES/idmybee/data/Bombus/collection/extraction/light/images/ARLY_PRAT_0048_S_2.jpg,OK,0.0045238398330946375,0,,0.0010
ARLY_PRAT_0048_S_3,ARLY_PRAT_0048,400,/Users/superbg/Documents/IEES/idmybee/data/Bombus/collection/extraction/light/images/ARLY_PRAT_0048_S_3.jpg,OK,0.004744565673776018,0,,0.0010
ARLY_PRAT_0049_P_1,ARLY_PRAT_0049,401,/Users/superbg/Documents/IEES/idmybee/data/Bombus/collection/extraction/light/images/ARLY_PRAT_0049_P_1.jpg,OK,0.004664821670811893,0,,0.0010
ARLY_PRAT_0049_P_2,ARLY_PRAT_0049,402,/Users/superbg/Documents/IEES/idmybee/data/Bombus/collection/extraction/light/images/ARLY_PRAT_0049_P_2.jpg,OK,0.0047232588400444985,0,,0.0010
ARLY_PRAT_0049_S_1,ARLY_PRAT_0049,403,/Users/superbg/Documents/IEES/idmybee/data/Bombus/collection/extraction/light/images/ARLY_PRAT_0049_S_1.jpg,OK,0.004778256102839281,0,,0.0008
ARLY_PRAT_0049_S_2,ARLY_PRAT_0049,404,/Users/superbg/Documents/IEES/idmybee/data/Bombus/collection/extraction/light/images/ARLY_PRAT_0049_S_2.jpg,OK,0.004723634447303558,0,,0.0008
ARLY_PRAT_0049_S_3,ARLY_PRAT_0049,405,/Users/superbg/Documents/IEES/idmybee/data/Bombus/collection/extraction/light/images/ARLY_PRAT_0049_S_3.jpg,OK,0.004708170920947423,0,,0.0008
ARLY_PRAT_0050_P_1,ARLY_PRAT_0050,406,/Users/superbg/Documents/IEES/idmybee/data/Bombus/collection/extraction/light/images/ARLY_PRAT_0050_P_1.jpg,OK,0.004532728161432045,0,,0.0011
ARLY_PRAT_0050_P_2,ARLY_PRAT_0050,407,/Users/superbg/Documents/IEES/idmybee/data/Bombus/collection/extraction/light/images/ARLY_PRAT_0050_P_2.jpg,OK,0.004508176950853806,0,,0.0010
ARLY_PRAT_0050_S_1,ARLY_PRAT_0050,408,/Users/superbg/Documents/IEES/idmybee/data/Bombus/collection/extraction/light/images/ARLY_PRAT_0050_S_1.jpg,OK,0.004608165561391292,0,,0.0010
ARLY_PRAT_0050_S_2,ARLY_PRAT_0050,409,/Users/superbg/Documents/IEES/idmybee/data/Bombus/collection/extraction/light/images/ARLY_PRAT_0050_S_2.jpg,OK,0.004537032551334691,0,,0.0011
ARLY_PRAT_0050_S_3,ARLY_PRAT_0050,410,/Users/superbg/Documents/IEES/idmybee/data/Bombus/collection/extraction/light/images/ARLY_PRAT_0050_S_3.jpg,OK,0.0046369648168259016,0,,0.0010
ARLY_PRAT_0051_P_1,ARLY_PRAT_0051,411,/Users/superbg/Documents/IEES/idmybee/data/Bombus/collection/extraction/light/images/ARLY_PRAT_0051_P_1.jpg,OK,0.004779962338189673,0,,0.0010
ARLY_PRAT_0051_P_2,ARLY_PRAT_0051,412,/Users/superbg/Documents/IEES/idmybee/data/Bombus/collection/extraction/light/images/ARLY_PRAT_0051_P_2.jpg,OK,0.00483378525144109,0,,0.0011
ARLY_PRAT_0051_S_1,ARLY_PRAT_0051,413,/Users/superbg/Documents/IEES/idmybee/data/Bombus/collection/extraction/light/images/ARLY_PRAT_0051_S_1.jpg,OK,0.004701074512095619,0,,0.0008
ARLY_PRAT_0051_S_2,ARLY_PRAT_0051,414,/Users/superbg/Documents/IEES/idmybee/data/Bombus/collection/extraction/light/images/ARLY_PRAT_0051_S_2.jpg,OK,0.004779392749417835,0,,0.0011
ARLY_PRAT_0051_S_3,ARLY_PRAT_0051,415,/Users/superbg/Documents/IEES/idmybee/data/Bombus/collection/extraction/light/images/ARLY_PRAT_0051_S_3.jpg,OK,0.004722076054360684,0,,0.0008
ARLY_PRAT_0052_P_1,ARLY_PRAT_0052,416,/Users/superbg/Documents/IEES/idmybee/data/Bombus/collection/extraction/light/images/ARLY_PRAT_0052_P_1.jpg,OK,0.0046694741081899005,0,,0.0010
ARLY_PRAT_0052_P_2,ARLY_PRAT_0052,417,/Users/superbg/Documents/IEES/idmybee/data/Bombus/collection/extraction/light/images/ARLY_PRAT_0052_P_2.jpg,OK,0.004678610453014132,0,,0.0010
ARLY_PRAT_0052_S_1,ARLY_PRAT_0052,418,/Users/superbg/Documents/IEES/idmybee/data/Bombus/collection/extraction/light/images/ARLY_PRAT_0052_S_1.jpg,OK,0.004734964775530203,0,,0.0009
ARLY_PRAT_0052_S_2,ARLY_PRAT_0052,419,/Users/superbg/Documents/IEES/idmybee/data/Bombus/collection/extraction/light/images/ARLY_PRAT_0052_S_2.jpg,OK,0.004616743064168301,0,,0.0010
ARLY_PRAT_0052_S_3,ARLY_PRAT_0052,420,/Users/superbg/Documents/IEES/idmybee/data/Bombus/collection/extraction/light/images/ARLY_PRAT_0052_S_3.jpg,OK,0.004609511242844306,0,,0.0010
ARLY_PRAT_0053_P_1,ARLY_PRAT_0053,421,/Users/superbg/Documents/IEES/idmybee/data/Bombus/collection/extraction/light/images/ARLY_PRAT_0053_P_1.jpg,FAILED,inf,,"17 landmarks, 18 expected",0.0000
ARLY_PRAT_0053_P_2,ARLY_PRAT_0053,422,/Users/superbg/Documents/IEES/idmybee/data/Bombus/collection/extraction/light/images/ARLY_PRAT_0053_P_2.jpg,OK,0.00444980211464184,0,,0.0010
ARLY_PRAT_0053_S_1,ARLY_PRAT_0053,423,/Users/superbg/Documents/IEES/idmybee/data/Bombus/collection/extraction/light/images/ARLY_PRAT_0053_S_1.jpg,OK,0.004442658165462516,0,,0.0010
ARLY_PRAT_0053_S_2,ARLY_PRAT_0053,424,/Users/superbg/Documents/IEES/idmybee/data/Bombus/collection/extraction/light/images/ARLY_PRAT_0053_S_2.jpg,OK,0.0044767647634612025,0,,0.0011
ARLY_PRAT_0053_S_3,ARLY_PRAT_0053,425,/Users/superbg/Documents/IEES/idmybee/data/Bombus/collection/extraction/light/images/ARLY_PRAT_0053_S_3.jpg,OK,0.004493732588648559,0,,0.0011
ARLY_PRAT_0054_P_1,ARLY_PRAT_0054,426,/Users/superbg/Documents/IEES/idmybee/data/Bombus/collection/extraction/light/images/ARLY_PRAT_0054_P_1.jpg,OK,0.004489361488919985,0,,0.0012
ARLY_PRAT_0054_P_2,ARLY_PRAT_0054,427,/Users/superbg/Documents/IEES/idmybee/data/Bombus/collection/extraction/light/images/ARLY_PRAT_0054_P_2.jpg,OK,0.004529786041990623,0,,0.0012
ARLY_PRAT_0054_S_1,ARLY_PRAT_0054,428,/Users/superbg/Documents/IEES/idmybee/data/Bombus/collection/extraction/light/images/ARLY_PRAT_0054_S_1.jpg,OK,0.0046837892652413435,0,,0.0010
ARLY_PRAT_0054_S_2,ARLY_PRAT_0054,429,/Users/superbg/Documents/IEES/idmybee/data/Bombus/collection/extraction/light/images/ARLY_PRAT_0054_S_2.jpg,OK,0.004514721723056382,0,,0.0010
ARLY_PRAT_0054_S_3,ARLY_PRAT_0054,430,/Users/superbg/Documents/IEES/idmybee/data/Bombus/collection/extraction/light/images/ARLY_PRAT_0054_S_3.jpg,OK,0.004598343938871476,0,,0.0010
ARLY_PRAT_0055_P_1,ARLY_PRAT_0055,431,/Users/superbg/Documents/IEES/idmybee/data/Bombus/collection/extraction/light/images/ARLY_PRAT_0055_P_1.jpg,OK,0.004506482399734086,0,,0.0010
ARLY_PRAT_0055_P_2,ARLY_PRAT_0055,432,/Users/superbg/Documents/IEES/idmybee/data/Bombus/collection/extraction/light/images/ARLY_PRAT_0055_P_2.jpg,OK,0.004464335143428013,0,,0.0010
ARLY_PRAT_0055_S_1,ARLY_PRAT_0055,433,/Users/superbg/Documents/IEES/idmybee/data/Bombus/collection/extraction/light/images/ARLY_PRAT_0055_S_1.jpg,OK,0.004478424630786428,0,,0.0010
ARLY_PRAT_0055_S_2,ARLY_PRAT_0055,434,/Users/superbg/Documents/IEES/idmybee/data/Bombus/collection/extraction/light/images/ARLY_PRAT_0055_S_2.jpg,OK,0.004381231040934266,0,,0.0010
ARLY_PRAT_0055_S_3,ARLY_PRAT_0055,435,/Users/superbg/Documents/IEES/idmybee/data/Bombus/collection/extraction/light/images/ARLY_PRAT_0055_S_3.jpg,OK,0.004430950234028273,0,,0.0010
ARLY_PRAT_0056_P_1,ARLY_PRAT_0056,436,/Users/superbg/Documents/IEES/idmybee/data/Bombus/collection/extraction/light/images/ARLY_PRAT_0056_P_1.jpg,OK,0.004771499052394182,0,,0.0009
ARLY_PRAT_0056_P_2,ARLY_PRAT_0056,437,/Users/superbg/Documents/IEES/idmybee/data/Bombus/collection/extraction/light/images/ARLY_PRAT_0056_P_2.jpg,OK,0.004751049836014469,0,,0.0010
ARLY_PRAT_0056_S_1,ARLY_PRAT_0056,438,/Users/superbg/Documents/IEES/idmybee/data/Bombus/collection/extraction/light/images/ARLY_PRAT_0056_S_1.jpg,OK,0.004801782998043179,0,,0.0009
ARLY_PRAT_0056_S_2,ARLY_PRAT_0056,439,/Users/superbg/Documents/IEES/idmybee/data/Bombus/collection/extraction/light/images/ARLY_PRAT_0056_S_2.jpg,OK,0.004768108548594575,0,,0.0008
ARLY_PRAT_0056_S_3,ARLY_PRAT_0056,440,/Users/superbg/Documents/IEES/idmybee/data/Bombus/collection/extraction/light/images/ARLY_PRAT_0056_S_3.jpg,OK,0.004877124109952795,0,,0.0008
ARLY_PRAT_0057_P_1,ARLY_PRAT_0057,441,/Users/superbg/Documents/IEES/idmybee/data/Bombus/collection/extraction/light/images/ARLY_PRAT_0057_P_1.jpg,OK,0.00474211277750033,0,,0.0011
ARLY_PRAT_0057_P_2,ARLY_PRAT_0057,442,/Users/superbg/Documents/IEES/idmybee/data/Bombus/collection/extraction/light/images/ARLY_PRAT_0057_P_2.jpg,OK,0.004702329751098016,0,,0.0010
ARLY_PRAT_0057_S_1,ARLY_PRAT_0057,443,/Users/superbg/Documents/IEES/idmybee/data/Bombus/collection/extraction/light/images/ARLY_PRAT_0057_S_1.jpg,OK,0.004632110173929553,0,,0.0010
ARLY_PRAT_0057_S_2,ARLY_PRAT_0057,444,/Users/superbg/Documents/IEES/idmybee/data/Bombus/collection/extraction/light/images/ARLY_PRAT_0057_S_2.jpg,OK,0.004635954224242775,0,,0.0011
ARLY_PRAT_0057_S_3,ARLY_PRAT_0057,445,/Users/superbg/Documents/IEES/idmybee/data/Bombus/collection/extraction/light/images/ARLY_PRAT_0057_S_3.jpg,OK,0.004717743214558433,0,,0.0011
ARLY_PRAT_0058_P_1,ARLY_PRAT_0058,446,/Users/superbg/Documents/IEES/idmybee/data/Bombus/collection/extraction/light/images/ARLY_PRAT_0058_P_1.jpg,OK,0.004692896461757654,0,,0.0010
ARLY_PRAT_0058_P_2,ARLY_PRAT_0058,447,/Users/superbg/Documents/IEES/idmybee/data/Bombus/collection/extraction/light/images/ARLY_PRAT_0058_P_2.jpg,OK,0.0045728454562439114,0,,0.0010
ARLY_PRAT_0058_S_1,ARLY_PRAT_0058,448,/Users/superbg/Documents/IEES/idmybee/data/Bombus/collection/extraction/light/images/ARLY_PRAT_0058_S_1.jpg,OK,0.004637546741448471,0,,0.0009
ARLY_PRAT_0058_S_2,ARLY_PRAT_0058,449,/Users/superbg/Documents/IEES/idmybee/data/Bombus/collection/extraction/light/images/ARLY_PRAT_0058_S_2.jpg,OK,0.0046249104027830095,0,,0.0009
ARLY_PRAT_0058_S_3,ARLY_PRAT_0058,450,/Users/superbg/Documents/IEES/idmybee/data/Bombus/collection/extraction/light/images/ARLY_PRAT_0058_S_3.jpg,OK,0.004589237520483609,0,,0.0010
ARLY_PRAT_0059_P_1,ARLY_PRAT_0059,451,/Users/superbg/Documents/IEES/idmybee/data/Bombus/collection/extraction/light/images/ARLY_PRAT_0059_P_1.jpg,OK,0.004663800205229902,0,,0.0010
ARLY_PRAT_0059_P_2,ARLY_PRAT_0059,452,/Users/superbg/Documents/IEES/idmybee/data/Bombus/collection/extraction/light/images/ARLY_PRAT_0059_P_2.jpg,OK,0.004660370814898707,0,,0.0012
ARLY_PRAT_0059_S_1,ARLY_PRAT_0059,453,/Users/superbg/Documents/IEES/idmybee/data/Bombus/collection/extraction/light/images/ARLY_PRAT_0059_S_1.jpg,OK,0.004547241565477674,0,,0.0010
ARLY_PRAT_0059_S_2,ARLY_PRAT_0059,454,/Users/superbg/Documents/IEES/idmybee/data/Bombus/collection/extraction/light/images/ARLY_PRAT_0059_S_2.jpg,OK,0.00458868155950793,0,,0.0010
ARLY_PRAT_0059_S_3,ARLY_PRAT_0059,455,/Users/superbg/Documents/IEES/idmybee/data/Bombus/collection/extraction/light/images/ARLY_PRAT_0059_S_3.jpg,OK,0.0046244827373591105,0,,0.0011
ARLY_PRAT_0060_P_1,ARLY_PRAT_0060,456,/Users/superbg/Documents/IEES/idmybee/data/Bombus/collection/extraction/light/images/ARLY_PRAT_0060_P_1.jpg,OK,0.004739072310401745,0,,0.0010
ARLY_PRAT_0060_P_2,ARLY_PRAT_0060,457,/Users/superbg/Documents/IEES/idmybee/data/Bombus/collection/extraction/light/images/ARLY_PRAT_0060_P_2.jpg,OK,0.004712317462148491,0,,0.0011
ARLY_PRAT_0060_S_1,ARLY_PRAT_0060,458,/Users/superbg/Documents/IEES/idmybee/data/Bombus/collection/extraction/light/images/ARLY_PRAT_0060_S_1.jpg,OK,0.004665865777687298,0,,0.0011
ARLY_PRAT_0060_S_2,ARLY_PRAT_0060,459,/Users/superbg/Documents/IEES/idmybee/data/Bombus/collection/extraction/light/images/ARLY_PRAT_0060_S_2.jpg,OK,0.004648416749340812,0,,0.0011
ARLY_PRAT_0060_S_3,ARLY_PRAT_0060,460,/Users/superbg/Documents/IEES/idmybee/data/Bombus/collection/extraction/light/images/ARLY_PRAT_0060_S_3.jpg,OK,0.004716576737863115,0,,0.0013
ARLY_PRAT_0061_P_1,ARLY_PRAT_0061,461,/Users/superbg/Documents/IEES/idmybee/data/Bombus/collection/extraction/light/images/ARLY_PRAT_0061_P_1.jpg,OK,0.004683473683255054,0,,0.0010
ARLY_PRAT_0061_P_2,ARLY_PRAT_0061,462,/Users/superbg/Documents/IEES/idmybee/data/Bombus/collection/extraction/light/images/ARLY_PRAT_0061_P_2.jpg,OK,0.004730932432330253,0,,0.0011
ARLY_PRAT_0061_S_1,ARLY_PRAT_0061,463,/Users/superbg/Documents/IEES/idmybee/data/Bombus/collection/extraction/light/images/ARLY_PRAT_0061_S_1.jpg,OK,0.004582829186921628,0,,0.0010
ARLY_PRAT_0061_S_2,ARLY_PRAT_0061,464,/Users/superbg/Documents/IEES/idmybee/data/Bombus/collection/extraction/light/images/ARLY_PRAT_0061_S_2.jpg,OK,0.0045426703413701565,0,,0.0010
ARLY_PRAT_0061_S_3,ARLY_PRAT_0061,465,/Users/superbg/Documents/IEES/idmybee/data/Bombus/collection/extraction/light/images/ARLY_PRAT_0061_S_3.jpg,OK,0.0046326521674427456,0,,0.0011
ARLY_PRAT_0062_P_1,ARLY_PRAT_0062,466,/Users/superbg/Documents/IEES/idmybee/data/Bombus/collection/extraction/light/images/ARLY_PRAT_0062_P_1.jpg,OK,0.004570284918307842,0,,0.0011
ARLY_PRAT_0062_P_2,ARLY_PRAT_0062,467,/Users/superbg/Documents/IEES/idmybee/data/Bombus/collection/extraction/light/images/ARLY_PRAT_0062_P_2.jpg,OK,0.004680336300601916,0,,0.0010
ARLY_PRAT_0062_S_1,ARLY_PRAT_0062,468,/Users/superbg/Documents/IEES/idmybee/data/Bombus/collection/extraction/light/images/ARLY_PRAT_0062_S_1.jpg,OK,0.004696575484808648,0,,0.0009
ARLY_PRAT_0062_S_2,ARLY_PRAT_0062,469,/Users/superbg/Documents/IEES/idmybee/data/Bombus/collection/extraction/light/images/ARLY_PRAT_0062_S_2.jpg,OK,0.004753282328639539,0,,0.0011
ARLY_PRAT_0062_S_3,ARLY_PRAT_0062,470,/Users/superbg/Documents/IEES/idmybee/data/Bombus/collection/extraction/light/images/ARLY_PRAT_0062_S_3.jpg,OK,0.004733841486111811,0,,0.0009
ARLY_PRAT_0063_P_1,ARLY_PRAT_0063,471,/Users/superbg/Documents/IEES/idmybee/data/Bombus/collection/extraction/light/images/ARLY_PRAT_0063_P_1.jpg,OK,0.0045271304051258355,0,,0.0013
ARLY_PRAT_0063_P_2,ARLY_PRAT_0063,472,/Users/superbg/Documents/IEES/idmybee/data/Bombus/collection/extraction/light/images/ARLY_PRAT_0063_P_2.jpg,OK,0.004504248409759025,0,,0.0010
ARLY_PRAT_0063_S_1,ARLY_PRAT_0063,473,/Users/superbg/Documents/IEES/idmybee/data/Bombus/collection/extraction/light/images/ARLY_PRAT_0063_S_1.jpg,OK,0.004609862297873562,0,,0.0008
ARLY_PRAT_0063_S_2,ARLY_PRAT_0063,474,/Users/superbg/Documents/IEES/idmybee/data/Bombus/collection/extraction/light/images/ARLY_PRAT_0063_S_2.jpg,OK,0.00448029653650325,0,,0.0008
ARLY_PRAT_0063_S_3,ARLY_PRAT_0063,475,/Users/superbg/Documents/IEES/idmybee/data/Bombus/collection/extraction/light/images/ARLY_PRAT_0063_S_3.jpg,OK,0.004544626254600533,0,,0.0009
ARLY_PRAT_0064_P_1,ARLY_PRAT_0064,476,/Users/superbg/Documents/IEES/idmybee/data/Bombus/collection/extraction/light/images/ARLY_PRAT_0064_P_1.jpg,OK,0.0046884351660164926,0,,0.0011
ARLY_PRAT_0064_P_2,ARLY_PRAT_0064,477,/Users/superbg/Documents/IEES/idmybee/data/Bombus/collection/extraction/light/images/ARLY_PRAT_0064_P_2.jpg,OK,0.0047032263906393815,0,,0.0010
ARLY_PRAT_0064_S_1,ARLY_PRAT_0064,478,/Users/superbg/Documents/IEES/idmybee/data/Bombus/collection/extraction/light/images/ARLY_PRAT_0064_S_1.jpg,OK,0.004570754781771715,0,,0.0010
ARLY_PRAT_0064_S_2,ARLY_PRAT_0064,479,/Users/superbg/Documents/IEES/idmybee/data/Bombus/collection/extraction/light/images/ARLY_PRAT_0064_S_2.jpg,OK,0.004665743831859768,0,,0.0010
ARLY_PRAT_0064_S_3,ARLY_PRAT_0064,480,/Users/superbg/Documents/IEES/idmybee/data/Bombus/collection/extraction/light/images/ARLY_PRAT_0064_S_3.jpg,OK,0.004647074956588761,0,,0.0010
ARLY_PRAT_0065_P_1,ARLY_PRAT_0065,481,/Users/superbg/Documents/IEES/idmybee/data/Bombus/collection/extraction/light/images/ARLY_PRAT_0065_P_1.jpg,OK,0.0047300673022676884,0,,0.0011
ARLY_PRAT_0065_P_2,ARLY_PRAT_0065,482,/Users/superbg/Documents/IEES/idmybee/data/Bombus/collection/extraction/light/images/ARLY_PRAT_0065_P_2.jpg,OK,0.004676588054260922,0,,0.0010
ARLY_PRAT_0065_S_1,ARLY_PRAT_0065,483,/Users/superbg/Documents/IEES/idmybee/data/Bombus/collection/extraction/light/images/ARLY_PRAT_0065_S_1.jpg,OK,0.004628409587242441,0,,0.0010
ARLY_PRAT_0065_S_2,ARLY_PRAT_0065,484,/Users/superbg/Documents/IEES/idmybee/data/Bombus/collection/extraction/light/images/ARLY_PRAT_0065_S_2.jpg,OK,0.0046730443576697,0,,0.0009
ARLY_PRAT_0065_S_3,ARLY_PRAT_0065,485,/Users/superbg/Documents/IEES/idmybee/data/Bombus/collection/extraction/light/images/ARLY_PRAT_0065_S_3.jpg,OK,0.004629317503911595,0,,0.0009
ARLY_SORO_0001_P_1,ARLY_SORO_0001,486,/Users/superbg/Documents/IEES/idmybee/data/Bombus/collection/extraction/light/images/ARLY_SORO_0001_P_1.jpg,SUSPECT,0.005887978485440147,14,,0.0013
ARLY_SORO_0001_P_2,ARLY_SORO_0001,487,/Users/superbg/Documents/IEES/idmybee/data/Bombus/collection/extraction/light/images/ARLY_SORO_0001_P_2.jpg,FAILED,inf,,"17 landmarks, 18 expected",0.0000
ARLY_SORO_0001_S_1,ARLY_SORO_0001,488,/Users/superbg/Documents/IEES/idmybee/data/Bombus/collection/extraction/light/images/ARLY_SORO_0001_S_1.jpg,SUSPECT,0.00755041837284451,16,,0.0012
ARLY_SORO_0001_S_2,ARLY_SORO_0001,489,/Users/superbg/Documents/IEES/idmybee/data/Bombus/collection/extraction/light/images/ARLY_SORO_0001_S_2.jpg,SUSPECT,0.005774039504017805,14,,0.0013
ARLY_SORO_0001_S_3,ARLY_SORO_0001,490,/Users/superbg/Documents/IEES/idmybee/data/Bombus/collection/extraction/light/images/ARLY_SORO_0001_S_3.jpg,SUSPECT,0.005806076639121757,14,,0.0013
ARLY_SORO_0002_P_1,ARLY_SORO_0002,491,/Users/superbg/Documents/IEES/idmybee/data/Bombus/collection/extraction/light/images/ARLY_SORO_0002_P_1.jpg,OK,0.004426384959150025,0,,0.0010
ARLY_SORO_0002_P_2,ARLY_SORO_0002,492,/Users/superbg/Documents/IEES/idmybee/data/Bombus/collection/extraction/light/images/ARLY_SORO_0002_P_2.jpg,OK,0.004447865762282257,0,,0.0012
ARLY_SORO_0002_S_1,ARLY_SORO_0002,493,/Users/superbg/Documents/IEES/idmybee/data/Bombus/collection/extraction/light/images/ARLY_SORO_0002_S_1.jpg,OK,0.004463407478464185,0,,0.0013
ARLY_SORO_0002_S_2,ARLY_SORO_0002,494,/Users/superbg/Documents/IEES/idmybee/data/Bombus/collection/extraction/light/images/ARLY_SORO_0002_S_2.jpg,OK,0.004400164083226455,0,,0.0011
ARLY_SORO_0002_S_3,ARLY_SORO_0002,495,/Users/superbg/Documents/IEES/idmybee/data/Bombus/collection/extraction/light/images/ARLY_SORO_0002_S_3.jpg,OK,0.004443640817928367,0,,0.0011
ARLY_SORO_0003_P_1,ARLY_SORO_0003,496,/Users/superbg/Documents/IEES/idmybee/data/Bombus/collection/extraction/light/images/ARLY_SORO_0003_P_1.jpg,OK,0.004596769513129166,0,,0.0009
ARLY_SORO_0003_P_2,ARLY_SORO_0003,497,/Users/superbg/Documents/IEES/idmybee/data/Bombus/collection/extraction/light/images/ARLY_SORO_0003_P_2.jpg,OK,0.004617508661617874,0,,0.0010
ARLY_SORO_0003_S_1,ARLY_SORO_0003,498,/Users/superbg/Documents/IEES/idmybee/data/Bombus/collection/extraction/light/images/ARLY_SORO_0003_S_1.jpg,OK,0.004683558381449534,0,,0.0010
ARLY_SORO_0003_S_2,ARLY_SORO_0003,499,/Users/superbg/Documents/IEES/idmybee/data/Bombus/collection/extraction/light/images/ARLY_SORO_0003_S_2.jpg,OK,0.004629918110560419,0,,0.0012
ARLY_SORO_0003_S_3,ARLY_SORO_0003,500,/Users/superbg/Documents/IEES/idmybee/data/Bombus/collection/extraction/light/images/ARLY_SORO_0003_S_3.jpg,OK,0.004632922196915383,0,,0.0010
ARLY_SORO_0004_P_1,ARLY_SORO_0004,501,/Users/superbg/Documents/IEES/idmybee/data/Bombus/collection/extraction/light/images/ARLY_SORO_0004_P_1.jpg,OK,0.004520528096564024,0,,0.0010
ARLY_SORO_0004_P_2,ARLY_SORO_0004,502,/Users/superbg/Documents/IEES/idmybee/data/Bombus/collection/extraction/light/images/ARLY_SORO_0004_P_2.jpg,OK,0.00451301203680661,0,,0.0009
ARLY_SORO_0004_S_1,ARLY_SORO_0004,503,/Users/superbg/Documents/IEES/idmybee/data/Bombus/collection/extraction/light/images/ARLY_SORO_0004_S_1.jpg,OK,0.004541163542677841,0,,0.0010
ARLY_SORO_0004_S_2,ARLY_SORO_0004,504,/Users/superbg/Documents/IEES/idmybee/data/Bombus/collection/extraction/light/images/ARLY_SORO_0004_S_2.jpg,OK,0.004518088979782928,0,,0.0010
ARLY_SORO_0004_S_3,ARLY_SORO_0004,505,/Users/superbg/Documents/IEES/idmybee/data/Bombus/collection/extraction/light/images/ARLY_SORO_0004_S_3.jpg,OK,0.004549586004659742,0,,0.0010
ARLY_SORO_0005_P_1,ARLY_SORO_0005,506,/Users/superbg/Documents/IEES/idmybee/data/Bombus/collection/extraction/light/images/ARLY_SORO_0005_P_1.jpg,OK,0.004506872376195309,0,,0.0012
ARLY_SORO_0005_P_2,ARLY_SORO_0005,507,/Users/superbg/Documents/IEES/idmybee/data/Bombus/collection/extraction/light/images/ARLY_SORO_0005_P_2.jpg,OK,0.004442389803124664,0,,0.0011
ARLY_SORO_0005_S_1,ARLY_SORO_0005,508,/Users/superbg/Documents/IEES/idmybee/data/Bombus/collection/extraction/light/images/ARLY_SORO_0005_S_1.jpg,OK,0.004483481753543852,0,,0.0011
ARLY_SORO_0005_S_2,ARLY_SORO_0005,509,/Users/superbg/Documents/IEES/idmybee/data/Bombus/collection/extraction/light/images/ARLY_SORO_0005_S_2.jpg,OK,0.004438465428986989,0,,0.0011
ARLY_SORO_0005_S_3,ARLY_SORO_0005,510,/Users/superbg/Documents/IEES/idmybee/data/Bombus/collection/extraction/light/images/ARLY_SORO_0005_S_3.jpg,OK,0.004404041110257214,0,,0.0010
ARLY_SORO_0006_P_1,ARLY_SORO_0006,511,/Users/superbg/Documents/IEES/idmybee/data/Bombus/collection/extraction/light/images/ARLY_SORO_0006_P_1.jpg,OK,0.004492508088394477,1,,0.0010
ARLY_SORO_0006_P_2,ARLY_SORO_0006,512,/Users/superbg/Documents/IEES/idmybee/data/Bombus/collection/extraction/light/images/ARLY_SORO_0006_P_2.jpg,OK,0.00449010731748081,1,,0.0010
ARLY_SORO_0006_S_1,ARLY_SORO_0006,513,/Users/superbg/Documents/IEES/idmybee/data/Bombus/collection/extraction/light/images/ARLY_SORO_0006_S_1.jpg,OK,0.004486903058671065,1,,0.0009
ARLY_SORO_0006_S_2,ARLY_SORO_0006,514,/Users/superbg/Documents/IEES/idmybee/data/Bombus/collection/extraction/light/images/ARLY_SORO_0006_S_2.jpg,OK,0.0046050130473409626,1,,0.0014
ARLY_SORO_0006_S_3,ARLY_SORO_0006,515,/Users/superbg/Documents/IEES/idmybee/data/Bombus/collection/extraction/light/images/ARLY_SORO_0006_S_3.jpg,OK,0.0045004708646077755,1,,0.0010
ARLY_SORO_0007_P_1,ARLY_SORO_0007,516,/Users/superbg/Documents/IEES/idmybee/data/Bombus/collection/extraction/light/images/ARLY_SORO_0007_P_1.jpg,OK,0.004427316510365448,0,,0.0011
ARLY_SORO_0007_P_2,ARLY_SORO_0007,517,/Users/superbg/Documents/IEES/idmybee/data/Bombus/collection/extraction/light/images/ARLY_SORO_0007_P_2.jpg,OK,0.004361190732029622,0,,0.0010
ARLY_SORO_0007_S_1,ARLY_SORO_0007,518,/Users/superbg/Documents/IEES/idmybee/data/Bombus/collection/extraction/light/images/ARLY_SORO_0007_S_1.jpg,OK,0.0043607224922433555,1,,0.0010
ARLY_SORO_0007_S_2,ARLY_SORO_0007,519,/Users/superbg/Documents/IEES/idmybee/data/Bombus/collection/extraction/light/images/ARLY_SORO_0007_S_2.jpg,OK,0.004497142277859771,0,,0.0011
ARLY_SORO_0007_S_3,ARLY_SORO_0007,520,/Users/superbg/Documents/IEES/idmybee/data/Bombus/collection/extraction/light/images/ARLY_SORO_0007_S_3.jpg,OK,0.0044361680616467804,1,,0.0011
ARLY_SORO_0008_P_1,ARLY_SORO_0008,521,/Users/superbg/Documents/IEES/idmybee/data/Bombus/collection/extraction/light/images/ARLY_SORO_0008_P_1.jpg,OK,0.0048321159121947795,0,,0.0013
ARLY_SORO_0008_P_2,ARLY_SORO_0008,522,/Users/superbg/Documents/IEES/idmybee/data/Bombus/collection/extraction/light/images/ARLY_SORO_0008_P_2.jpg,OK,0.004773440342863497,0,,0.0012
ARLY_SORO_0008_S_1,ARLY_SORO_0008,523,/Users/superbg/Documents/IEES/idmybee/data/Bombus/collection/extraction/light/images/ARLY_SORO_0008_S_1.jpg,OK,0.004906782715053403,0,,0.0012
ARLY_SORO_0008_S_2,ARLY_SORO_0008,524,/Users/superbg/Documents/IEES/idmybee/data/Bombus/collection/extraction/light/images/ARLY_SORO_0008_S_2.jpg,OK,0.004900615686400921,0,,0.0012
ARLY_SORO_0008_S_3,ARLY_SORO_0008,525,/Users/superbg/Documents/IEES/idmybee/data/Bombus/collection/extraction/light/images/ARLY_SORO_0008_S_3.jpg,OK,0.004898786298639933,1,,0.0011
ARLY_SORO_0009_P_1,ARLY_SORO_0009,526,/Users/superbg/Documents/IEES/idmybee/data/Bombus/collection/extraction/light/images/ARLY_SORO_0009_P_1.jpg,OK,0.004478092789417413,0,,0.0010
ARLY_SORO_0009_P_2,ARLY_SORO_0009,527,/Users/superbg/Documents/IEES/idmybee/data/Bombus/collection/extraction/light/images/ARLY_SORO_0009_P_2.jpg,OK,0.004498055329974638,0,,0.0010
ARLY_SORO_0009_S_1,ARLY_SORO_0009,528,/Users/superbg/Documents/IEES/idmybee/data/Bombus/collection/extraction/light/images/ARLY_SORO_0009_S_1.jpg,OK,0.00451084917903916,0,,0.0012
ARLY_SORO_0009_S_2,ARLY_SORO_0009,529,/Users/superbg/Documents/IEES/idmybee/data/Bombus/collection/extraction/light/images/ARLY_SORO_0009_S_2.jpg,OK,0.004548099679382803,0,,0.0014
ARLY_SORO_0009_S_3,ARLY_SORO_0009,530,/Users/superbg/Documents/IEES/idmybee/data/Bombus/collection/extraction/light/images/ARLY_SORO_0009_S_3.jpg,OK,0.004473111982322351,0,,0.0010
ARLY_SORO_0010_P_1,ARLY_SORO_0010,531,/Users/superbg/Documents/IEES/idmybee/data/Bombus/collection/extraction/light/images/ARLY_SORO_0010_P_1.jpg,OK,0.004699414660071565,0,,0.0010
ARLY_SORO_0010_P_2,ARLY_SORO_0010,532,/Users/superbg/Documents/IEES/idmybee/data/Bombus/collection/extraction/light/images/ARLY_SORO_0010_P_2.jpg,OK,0.0046456075424390455,0,,0.0010
ARLY_SORO_0010_S_1,ARLY_SORO_0010,533,/Users/superbg/Documents/IEES/idmybee/data/Bombus/collection/extraction/light/images/ARLY_SORO_0010_S_1.jpg,OK,0.004655559624926681,0,,0.0008
ARLY_SORO_0010_S_2,ARLY_SORO_0010,534,/Users/superbg/Documents/IEES/idmybee/data/Bombus/collection/extraction/light/images/ARLY_SORO_0010_S_2.jpg,OK,0.004644411270500993,0,,0.0010
ARLY_SORO_0010_S_3,ARLY_SORO_0010,535,/Users/superbg/Documents/IEES/idmybee/data/Bombus/collection/extraction/light/images/ARLY_SORO_0010_S_3.jpg,OK,0.004637152451946496,0,,0.0008
ARLY_SORO_0011_P_1,ARLY_SORO_0011,536,/Users/superbg/Documents/IEES/idmybee/data/Bombus/collection/extraction/light/images/ARLY_SORO_0011_P_1.jpg,OK,0.004617737296759548,0,,0.0012
ARLY_SORO_0011_P_2,ARLY_SORO_0011,537,/Users/superbg/Documents/IEES/idmybee/data/Bombus/collection/extraction/light/images/ARLY_SORO_0011_P_2.jpg,OK,0.004652840331227131,0,,0.0011
ARLY_SORO_0011_S_1,ARLY_SORO_0011,538,/Users/superbg/Documents/IEES/idmybee/data/Bombus/collection/extraction/light/images/ARLY_SORO_0011_S_1.jpg,OK,0.004753914464047191,0,,0.0011
ARLY_SORO_0011_S_2,ARLY_SORO_0011,539,/Users/superbg/Documents/IEES/idmybee/data/Bombus/collection/extraction/light/images/ARLY_SORO_0011_S_2.jpg,OK,0.004648860754789359,0,,0.0014
ARLY_SORO_0011_S_3,ARLY_SORO_0011,540,/Users/superbg/Documents/IEES/idmybee/data/Bombus/collection/extraction/light/images/ARLY_SORO_0011_S_3.jpg,OK,0.0046889143957804,0,,0.0011
ARLY_SORO_0012_P_1,ARLY_SORO_0012,541,/Users/superbg/Documents/IEES/idmybee/data/Bombus/collection/extraction/light/images/ARLY_SORO_0012_P_1.jpg,OK,0.00456716781319946,0,,0.0011
ARLY_SORO_0012_P_2,ARLY_SORO_0012,542,/Users/superbg/Documents/IEES/idmybee/data/Bombus/collection/extraction/light/images/ARLY_SORO_0012_P_2.jpg,OK,0.004581631998422947,0,,0.0011
ARLY_SORO_0012_S_1,ARLY_SORO_0012,543,/Users/superbg/Documents/IEES/idmybee/data/Bombus/collection/extraction/light/images/ARLY_SORO_0012_S_1.jpg,OK,0.0046017872751983845,0,,0.0009
ARLY_SORO_0012_S_2,ARLY_SORO_0012,544,/Users/superbg/Documents/IEES/idmybee/data/Bombus/collection/extraction/light/images/ARLY_SORO_0012_S_2.jpg,FAILED,inf,,"17 landmarks, 18 expected",0.0000
ARLY_SORO_0012_S_3,ARLY_SORO_0012,545,/Users/superbg/Documents/IEES/idmybee/data/Bombus/collection/extraction/light/images/ARLY_SORO_0012_S_3.jpg,OK,0.004607921924599942,0,,0.0009
ARLY_SORO_0013_P_1,ARLY_SORO_0013,546,/Users/superbg/Documents/IEES/idmybee/data/Bombus/collection/extraction/light/images/ARLY_SORO_0013_P_1.jpg,OK,0.004511873352714298,0,,0.0011
ARLY_SORO_0013_P_2,ARLY_SORO_0013,547,/Users/superbg/Documents/IEES/idmybee/data/Bombus/collection/extraction/light/images/ARLY_SORO_0013_P_2.jpg,OK,0.00452957401564341,0,,0.0010
ARLY_SORO_0013_S_1,ARLY_SORO_0013,548,/Users/superbg/Documents/IEES/idmybee/data/Bombus/collection/extraction/light/images/ARLY_SORO_0013_S_1.jpg,OK,0.004476184974152952,0,,0.0010
ARLY_SORO_0013_S_2,ARLY_SORO_0013,549,/Users/superbg/Documents/IEES/idmybee/data/Bombus/collection/extraction/light/images/ARLY_SORO_0013_S_2.jpg,OK,0.004472339895179566,0,,0.0010
ARLY_SORO_0013_S_3,ARLY_SORO_0013,550,/Users/superbg/Documents/IEES/idmybee/data/Bombus/collection/extraction/light/images/ARLY_SORO_0013_S_3.jpg,OK,0.004564149895888531,0,,0.0010
ARLY_SORO_0014_P_1,ARLY_SORO_0014,551,/Users/superbg/Documents/IEES/idmybee/data/Bombus/collection/extraction/light/images/ARLY_SORO_0014_P_1.jpg,OK,0.004722721096101884,0,,0.0010
ARLY_SORO_0014_P_2,ARLY_SORO_0014,552,/Users/superbg/Documents/IEES/idmybee/data/Bombus/collection/extraction/light/images/ARLY_SORO_0014_P_2.jpg,OK,0.004710993895994173,0,,0.0013
ARLY_SORO_0014_S_1,ARLY_SORO_0014,553,/Users/superbg/Documents/IEES/idmybee/data/Bombus/collection/extraction/light/images/ARLY_SORO_0014_S_1.jpg,OK,0.004797117415941345,0,,0.0010
ARLY_SORO_0014_S_2,ARLY_SORO_0014,554,/Users/superbg/Documents/IEES/idmybee/data/Bombus/collection/extraction/light/images/ARLY_SORO_0014_S_2.jpg,OK,0.004750888430771436,0,,0.0010
ARLY_SORO_0014_S_3,ARLY_SORO_0014,555,/Users/superbg/Documents/IEES/idmybee/data/Bombus/collection/extraction/light/images/ARLY_SORO_0014_S_3.jpg,OK,0.004688335737010305,0,,0.0013
ARLY_SORO_0015_P_1,ARLY_SORO_0015,556,/Users/superbg/Documents/IEES/idmybee/data/Bombus/collection/extraction/light/images/ARLY_SORO_0015_P_1.jpg,OK,0.0043838638397049705,0,,0.0012
ARLY_SORO_0015_P_2,ARLY_SORO_0015,557,/Users/superbg/Documents/IEES/idmybee/data/Bombus/collection/extraction/light/images/ARLY_SORO_0015_P_2.jpg,OK,0.00444854707250425,0,,0.0011
ARLY_SORO_0015_S_1,ARLY_SORO_0015,558,/Users/superbg/Documents/IEES/idmybee/data/Bombus/collection/extraction/light/images/ARLY_SORO_0015_S_1.jpg,OK,0.004390627757913236,0,,0.0011
ARLY_SORO_0015_S_2,ARLY_SORO_0015,559,/Users/superbg/Documents/IEES/idmybee/data/Bombus/collection/extraction/light/images/ARLY_SORO_0015_S_2.jpg,OK,0.004418505180965645,0,,0.0011
ARLY_SORO_0015_S_3,ARLY_SORO_0015,560,/Users/superbg/Documents/IEES/idmybee/data/Bombus/collection/extraction/light/images/ARLY_SORO_0015_S_3.jpg,OK,0.004401753526420625,0,,0.0013
ARLY_SORO_0016_P_1,ARLY_SORO_0016,561,/Users/superbg/Documents/IEES/idmybee/data/Bombus/collection/extraction/light/images/ARLY_SORO_0016_P_1.jpg,OK,0.004563024845679589,0,,0.0010
ARLY_SORO_0016_P_2,ARLY_SORO_0016,562,/Users/superbg/Documents/IEES/idmybee/data/Bombus/collection/extraction/light/images/ARLY_SORO_0016_P_2.jpg,OK,0.004493217742199355,0,,0.0010
ARLY_SORO_0016_S_1,ARLY_SORO_0016,563,/Users/superbg/Documents/IEES/idmybee/data/Bombus/collection/extraction/light/images/ARLY_SORO_0016_S_1.jpg,OK,0.004435995178095182,0,,0.0010
ARLY_SORO_0016_S_2,ARLY_SORO_0016,564,/Users/superbg/Documents/IEES/idmybee/data/Bombus/collection/extraction/light/images/ARLY_SORO_0016_S_2.jpg,OK,0.004443809022170032,0,,0.0010
ARLY_SORO_0016_S_3,ARLY_SORO_0016,565,/Users/superbg/Documents/IEES/idmybee/data/Bombus/collection/extraction/light/images/ARLY_SORO_0016_S_3.jpg,OK,0.004513910786097043,0,,0.0010
ARLY_SORO_0017_P_1,ARLY_SORO_0017,566,/Users/superbg/Documents/IEES/idmybee/data/Bombus/collection/extraction/light/images/ARLY_SORO_0017_P_1.jpg,OK,0.004610932357078249,0,,0.0012
ARLY_SORO_0017_P_2,ARLY_SORO_0017,567,/Users/superbg/Documents/IEES/idmybee/data/Bombus/collection/extraction/light/images/ARLY_SORO_0017_P_2.jpg,OK,0.004580273668472645,0,,0.0012
ARLY_SORO_0017_S_1,ARLY_SORO_0017,568,/Users/superbg/Documents/IEES/idmybee/data/Bombus/collection/extraction/light/images/ARLY_SORO_0017_S_1.jpg,OK,0.004622593902215002,0,,0.0011
ARLY_SORO_0017_S_2,ARLY_SORO_0017,569,/Users/superbg/Documents/IEES/idmybee/data/Bombus/collection/extraction/light/images/ARLY_SORO_0017_S_2.jpg,OK,0.004577663476353526,0,,0.0011
ARLY_SORO_0017_S_3,ARLY_SORO_0017,570,/Users/superbg/Documents/IEES/idmybee/data/Bombus/collection/extraction/light/images/ARLY_SORO_0017_S_3.jpg,OK,0.004571214897228661,0,,0.0013
ARLY_SORO_0018_P_1,ARLY_SORO_0018,571,/Users/superbg/Documents/IEES/idmybee/data/Bombus/collection/extraction/light/images/ARLY_SORO_0018_P_1.jpg,OK,0.0046991115025902825,0,,0.0011
ARLY_SORO_0018_P_2,ARLY_SORO_0018,572,/Users/superbg/Documents/IEES/idmybee/data/Bombus/collection/extraction/light/images/ARLY_SORO_0018_P_2.jpg,OK,0.0046658865739197765,0,,0.0011
ARLY_SORO_0018_S_1,ARLY_SORO_0018,573,/Users/superbg/Documents/IEES/idmybee/data/Bombus/collection/extraction/light/images/ARLY_SORO_0018_S_1.jpg,OK,0.004672774396657683,0,,0.0011
ARLY_SORO_0018_S_2,ARLY_SORO_0018,574,/Users/superbg/Documents/IEES/idmybee/data/Bombus/collection/extraction/light/images/ARLY_SORO_0018_S_2.jpg,OK,0.00466891553281093,0,,0.0012
ARLY_SORO_0018_S_3,ARLY_SORO_0018,575,/Users/superbg/Documents/IEES/idmybee/data/Bombus/collection/extraction/light/images/ARLY_SORO_0018_S_3.jpg,OK,0.004734089273783507,0,,0.0011
ARLY_SORO_0019_P_1,ARLY_SORO_0019,576,/Users/superbg/Documents/IEES/idmybee/data/Bombus/collection/extraction/light/images/ARLY_SORO_0019_P_1.jpg,OK,0.004561168449972022,0,,0.0011
ARLY_SORO_0019_P_2,ARLY_SORO_0019,577,/Users/superbg/Documents/IEES/idmybee/data/Bombus/collection/extraction/light/images/ARLY_SORO_0019_P_2.jpg,OK,0.004513020012342137,0,,0.0011
ARLY_SORO_0019_S_1,ARLY_SORO_0019,578,/Users/superbg/Documents/IEES/idmybee/data/Bombus/collection/extraction/light/images/ARLY_SORO_0019_S_1.jpg,OK,0.004645600961056252,0,,0.0010
ARLY_SORO_0019_S_2,ARLY_SORO_0019,579,/Users/superbg/Documents/IEES/idmybee/data/Bombus/collection/extraction/light/images/ARLY_SORO_0019_S_2.jpg,OK,0.004678158555522007,0,,0.0010
ARLY_SORO_0019_S_3,ARLY_SORO_0019,580,/Users/superbg/Documents/IEES/idmybee/data/Bombus/collection/extraction/light/images/ARLY_SORO_0019_S_3.jpg,OK,0.004568804861481659,0,,0.0011
ARLY_SORO_0020_P_1,ARLY_SORO_0020,581,/Users/superbg/Documents/IEES/idmybee/data/Bombus/collection/extraction/light/images/ARLY_SORO_0020_P_1.jpg,OK,0.004457681779375699,0,,0.0011
ARLY_SORO_0020_P_2,ARLY_SORO_0020,582,/Users/superbg/Documents/IEES/idmybee/data/Bombus/collection/extraction/light/images/ARLY_SORO_0020_P_2.jpg,OK,0.004571838860725571,0,,0.0012
ARLY_SORO_0020_S_1,ARLY_SORO_0020,583,/Users/superbg/Documents/IEES/idmybee/data/Bombus/collection/extraction/light/images/ARLY_SORO_0020_S_1.jpg,OK,0.004458860136134012,0,,0.0011
ARLY_SORO_0020_S_2,ARLY_SORO_0020,584,/Users/superbg/Documents/IEES/idmybee/data/Bombus/collection/extraction/light/images/ARLY_SORO_0020_S_2.jpg,OK,0.004472792799236538,0,,0.0011
ARLY_SORO_0020_S_3,ARLY_SORO_0020,585,/Users/superbg/Documents/IEES/idmybee/data/Bombus/collection/extraction/light/images/ARLY_SORO_0020_S_3.jpg,OK,0.004461698233573413,0,,0.0012
ARLY_SORO_0021_P_1,ARLY_SORO_0021,586,/Users/superbg/Documents/IEES/idmybee/data/Bombus/collection/extraction/light/images/ARLY_SORO_0021_P_1.jpg,OK,0.004444750374980665,0,,0.0011
ARLY_SORO_0021_P_2,ARLY_SORO_0021,587,/Users/superbg/Documents/IEES/idmybee/data/Bombus/collection/extraction/light/images/ARLY_SORO_0021_P_2.jpg,OK,0.004508444845540822,0,,0.0011
ARLY_SORO_0021_S_1,ARLY_SORO_0021,588,/Users/superbg/Documents/IEES/idmybee/data/Bombus/collection/extraction/light/images/ARLY_SORO_0021_S_1.jpg,OK,0.004510532652946071,0,,0.0011
ARLY_SORO_0021_S_2,ARLY_SORO_0021,589,/Users/superbg/Documents/IEES/idmybee/data/Bombus/collection/extraction/light/images/ARLY_SORO_0021_S_2.jpg,OK,0.004423802135204087,0,,0.0012
ARLY_SORO_0021_S_3,ARLY_SORO_0021,590,/Users/superbg/Documents/IEES/idmybee/data/Bombus/collection/extraction/light/images/ARLY_SORO_0021_S_3.jpg,OK,0.004466845043013617,0,,0.0012
ARLY_SORO_0022_P_1,ARLY_SORO_0022,591,/Users/superbg/Documents/IEES/idmybee/data/Bombus/collection/extraction/light/images/ARLY_SORO_0022_P_1.jpg,OK,0.004812069941446161,2,,0.0011
ARLY_SORO_0022_P_2,ARLY_SORO_0022,592,/Users/superbg/Documents/IEES/idmybee/data/Bombus/collection/extraction/light/images/ARLY_SORO_0022_P_2.jpg,OK,0.00461982714688212,1,,0.0009
ARLY_SORO_0022_S_1,ARLY_SORO_0022,593,/Users/superbg/Documents/IEES/idmybee/data/Bombus/collection/extraction/light/images/ARLY_SORO_0022_S_1.jpg,OK,0.004647831703338902,2,,0.0010
ARLY_SORO_0022_S_2,ARLY_SORO_0022,594,/Users/superbg/Documents/IEES/idmybee/data/Bombus/collection/extraction/light/images/ARLY_SORO_0022_S_2.jpg,OK,0.004668567067736915,0,,0.0010
ARLY_SORO_0022_S_3,ARLY_SORO_0022,595,/Users/superbg/Documents/IEES/idmybee/data/Bombus/collection/extraction/light/images/ARLY_SORO_0022_S_3.jpg,OK,0.004697013272364364,1,,0.0011
ARLY_SORO_0023_P_1,ARLY_SORO_0023,596,/Users/superbg/Documents/IEES/idmybee/data/Bombus/collection/extraction/light/images/ARLY_SORO_0023_P_1.jpg,OK,0.0046293242261409235,0,,0.0012
ARLY_SORO_0023_P_2,ARLY_SORO_0023,597,/Users/superbg/Documents/IEES/idmybee/data/Bombus/collection/extraction/light/images/ARLY_SORO_0023_P_2.jpg,OK,0.004686324832970971,1,,0.0012
ARLY_SORO_0023_S_1,ARLY_SORO_0023,598,/Users/superbg/Documents/IEES/idmybee/data/Bombus/collection/extraction/light/images/ARLY_SORO_0023_S_1.jpg,OK,0.004489146800775828,0,,0.0008
ARLY_SORO_0023_S_2,ARLY_SORO_0023,599,/Users/superbg/Documents/IEES/idmybee/data/Bombus/collection/extraction/light/images/ARLY_SORO_0023_S_2.jpg,OK,0.004557757266582699,0,,0.0008
ARLY_SORO_0023_S_3,ARLY_SORO_0023,600,/Users/superbg/Documents/IEES/idmybee/data/Bombus/collection/extraction/light/images/ARLY_SORO_0023_S_3.jpg,OK,0.004591030494616681,0,,0.0009
ARLY_SORO_0024_P_1,ARLY_SORO_0024,601,/Users/superbg/Documents/IEES/idmybee/data/Bombus/collection/extraction/light/images/ARLY_SORO_0024_P_1.jpg,OK,0.004600162179607013,0,,0.0012
ARLY_SORO_0024_P_2,ARLY_SORO_0024,602,/Users/superbg/Documents/IEES/idmybee/data/Bombus/collection/extraction/light/images/ARLY_SORO_0024_P_2.jpg,OK,0.004528246160996549,0,,0.0011
ARLY_SORO_0024_S_2,ARLY_SORO_0024,603,/Users/superbg/Documents/IEES/idmybee/data/Bombus/collection/extraction/light/images/ARLY_SORO_0024_S_2.jpg,OK,0.004652309714845496,0,,0.0010
ARLY_SORO_0024_S_3,ARLY_SORO_0024,604,/Users/superbg/Documents/IEES/idmybee/data/Bombus/collection/extraction/light/images/ARLY_SORO_0024_S_3.jpg,OK,0.004713516721915878,0,,0.0011
ARLY_SORO_0025_P_1,ARLY_SORO_0025,605,/Users/superbg/Documents/IEES/idmybee/data/Bombus/collection/extraction/light/images/ARLY_SORO_0025_P_1.jpg,OK,0.00456080768289061,0,,0.0010
ARLY_SORO_0025_P_2,ARLY_SORO_0025,606,/Users/superbg/Documents/IEES/idmybee/data/Bombus/collection/extraction/light/images/ARLY_SORO_0025_P_2.jpg,OK,0.004572145063150201,0,,0.0010
ARLY_SORO_0025_S_1,ARLY_SORO_0025,607,/Users/superbg/Documents/IEES/idmybee/data/Bombus/collection/extraction/light/images/ARLY_SORO_0025_S_1.jpg,OK,0.004606625481180747,0,,0.0011
ARLY_SORO_0025_S_2,ARLY_SORO_0025,608,/Users/superbg/Documents/IEES/idmybee/data/Bombus/collection/extraction/light/images/ARLY_SORO_0025_S_2.jpg,OK,0.0046821072505897525,0,,0.0010
ARLY_SORO_0025_S_3,ARLY_SORO_0025,609,/Users/superbg/Documents/IEES/idmybee/data/Bombus/collection/extraction/light/images/ARLY_SORO_0025_S_3.jpg,OK,0.004671457085475197,0,,0.0010
ARLY_SORO_0026_P_1,ARLY_SORO_0026,610,/Users/superbg/Documents/IEES/idmybee/data/Bombus/collection/extraction/light/images/ARLY_SORO_0026_P_1.jpg,OK,0.004461078655732142,0,,0.0010
ARLY_SORO_0026_P_2,ARLY_SORO_0026,611,/Users/superbg/Documents/IEES/idmybee/data/Bombus/collection/extraction/light/images/ARLY_SORO_0026_P_2.jpg,OK,0.004534614783646649,0,,0.0009
ARLY_SORO_0026_S_1,ARLY_SORO_0026,612,/Users/superbg/Documents/IEES/idmybee/data/Bombus/collection/extraction/light/images/ARLY_SORO_0026_S_1.jpg,OK,0.004632391080717492,0,,0.0011
ARLY_SORO_0026_S_2,ARLY_SORO_0026,613,/Users/superbg/Documents/IEES/idmybee/data/Bombus/collection/extraction/light/images/ARLY_SORO_0026_S_2.jpg,OK,0.004569691147141004,0,,0.0010
ARLY_SORO_0026_S_3,ARLY_SORO_0026,614,/Users/superbg/Documents/IEES/idmybee/data/Bombus/collection/extraction/light/images/ARLY_SORO_0026_S_3.jpg,OK,0.004652736193153722,0,,0.0012
ARLY_SORO_0027_P_1,ARLY_SORO_0027,615,/Users/superbg/Documents/IEES/idmybee/data/Bombus/collection/extraction/light/images/ARLY_SORO_0027_P_1.jpg,OK,0.004830735606435449,1,,0.0012
ARLY_SORO_0027_P_2,ARLY_SORO_0027,616,/Users/superbg/Documents/IEES/idmybee/data/Bombus/collection/extraction/light/images/ARLY_SORO_0027_P_2.jpg,OK,0.00482347114082834,1,,0.0012
ARLY_SORO_0027_S_1,ARLY_SORO_0027,617,/Users/superbg/Documents/IEES/idmybee/data/Bombus/collection/extraction/light/images/ARLY_SORO_0027_S_1.jpg,OK,0.0047762161783849065,0,,0.0012
ARLY_SORO_0027_S_2,ARLY_SORO_0027,618,/Users/superbg/Documents/IEES/idmybee/data/Bombus/collection/extraction/light/images/ARLY_SORO_0027_S_2.jpg,OK,0.004832803385510159,0,,0.0011
ARLY_SORO_0027_S_3,ARLY_SORO_0027,619,/Users/superbg/Documents/IEES/idmybee/data/Bombus/collection/extraction/light/images/ARLY_SORO_0027_S_3.jpg,OK,0.004815985966470794,0,,0.0011
ARLY_SORO_0028_P_1,ARLY_SORO_0028,620,/Users/superbg/Documents/IEES/idmybee/data/Bombus/collection/extraction/light/images/ARLY_SORO_0028_P_1.jpg,OK,0.004357231724568989,0,,0.0010
ARLY_SORO_0028_P_2,ARLY_SORO_0028,621,/Users/superbg/Documents/IEES/idmybee/data/Bombus/collection/extraction/light/images/ARLY_SORO_0028_P_2.jpg,OK,0.004358783727563167,0,,0.0010
ARLY_SORO_0028_S_1,ARLY_SORO_0028,622,/Users/superbg/Documents/IEES/idmybee/data/Bombus/collection/extraction/light/images/ARLY_SORO_0028_S_1.jpg,OK,0.004463037955928478,0,,0.0011
ARLY_SORO_0028_S_2,ARLY_SORO_0028,623,/Users/superbg/Documents/IEES/idmybee/data/Bombus/collection/extraction/light/images/ARLY_SORO_0028_S_2.jpg,OK,0.004500572559635631,0,,0.0010
ARLY_SORO_0028_S_3,ARLY_SORO_0028,624,/Users/superbg/Documents/IEES/idmybee/data/Bombus/collection/extraction/light/images/ARLY_SORO_0028_S_3.jpg,OK,0.004474978248188084,0,,0.0010
ARLY_SORO_0029_P_1,ARLY_SORO_0029,625,/Users/superbg/Documents/IEES/idmybee/data/Bombus/collection/extraction/light/images/ARLY_SORO_0029_P_1.jpg,OK,0.004471648286179234,0,,0.0011
ARLY_SORO_0029_P_2,ARLY_SORO_0029,626,/Users/superbg/Documents/IEES/idmybee/data/Bombus/collection/extraction/light/images/ARLY_SORO_0029_P_2.jpg,OK,0.0043973979633179896,0,,0.0011
ARLY_SORO_0029_S_1,ARLY_SORO_0029,627,/Users/superbg/Documents/IEES/idmybee/data/Bombus/collection/extraction/light/images/ARLY_SORO_0029_S_1.jpg,OK,0.004365692552993076,0,,0.0010
ARLY_SORO_0029_S_2,ARLY_SORO_0029,628,/Users/superbg/Documents/IEES/idmybee/data/Bombus/collection/extraction/light/images/ARLY_SORO_0029_S_2.jpg,OK,0.004366634866358451,0,,0.0010
ARLY_SORO_0029_S_3,ARLY_SORO_0029,629,/Users/superbg/Documents/IEES/idmybee/data/Bombus/collection/extraction/light/images/ARLY_SORO_0029_S_3.jpg,OK,0.00438654118429387,0,,0.0010
ARLY_SORO_0030_P_1,ARLY_SORO_0030,630,/Users/superbg/Documents/IEES/idmybee/data/Bombus/collection/extraction/light/images/ARLY_SORO_0030_P_1.jpg,OK,0.004495246298758493,0,,0.0010
ARLY_SORO_0030_P_2,ARLY_SORO_0030,631,/Users/superbg/Documents/IEES/idmybee/data/Bombus/collection/extraction/light/images/ARLY_SORO_0030_P_2.jpg,OK,0.004534667148062542,0,,0.0010
ARLY_SORO_0030_S_1,ARLY_SORO_0030,632,/Users/superbg/Documents/IEES/idmybee/data/Bombus/collection/extraction/light/images/ARLY_SORO_0030_S_1.jpg,OK,0.004541046536646196,0,,0.0010
ARLY_SORO_0030_S_2,ARLY_SORO_0030,633,/Users/superbg/Documents/IEES/idmybee/data/Bombus/collection/extraction/light/images/ARLY_SORO_0030_S_2.jpg,OK,0.004494085385133342,0,,0.0010
ARLY_SORO_0030_S_3,ARLY_SORO_0030,634,/Users/superbg/Documents/IEES/idmybee/data/Bombus/collection/extraction/light/images/ARLY_SORO_0030_S_3.jpg,OK,0.00446122205060676,0,,0.0011
ARLY_SORO_0031_P_1,ARLY_SORO_0031,635,/Users/superbg/Documents/IEES/idmybee/data/Bombus/collection/extraction/light/images/ARLY_SORO_0031_P_1.jpg,OK,0.004631214353696761,0,,0.0009
ARLY_SORO_0031_P_2,ARLY_SORO_0031,636,/Users/superbg/Documents/IEES/idmybee/data/Bombus/collection/extraction/light/images/ARLY_SORO_0031_P_2.jpg,OK,0.004758977884704611,0,,0.0009
ARLY_SORO_0031_S_1,ARLY_SORO_0031,637,/Users/superbg/Documents/IEES/idmybee/data/Bombus/collection/extraction/light/images/ARLY_SORO_0031_S_1.jpg,OK,0.004702182831840431,0,,0.0010
ARLY_SORO_0031_S_2,ARLY_SORO_0031,638,/Users/superbg/Documents/IEES/idmybee/data/Bombus/collection/extraction/light/images/ARLY_SORO_0031_S_2.jpg,OK,0.004740763547053603,0,,0.0010
ARLY_SORO_0031_S_3,ARLY_SORO_0031,639,/Users/superbg/Documents/IEES/idmybee/data/Bombus/collection/extraction/light/images/ARLY_SORO_0031_S_3.jpg,OK,0.00471905588750755,0,,0.0010
ARLY_SORO_0032_P_1,ARLY_SORO_0032,640,/Users/superbg/Documents/IEES/idmybee/data/Bombus/collection/extraction/light/images/ARLY_SORO_0032_P_1.jpg,OK,0.00468854277809197,2,,0.0010
ARLY_SORO_0032_P_2,ARLY_SORO_0032,641,/Users/superbg/Documents/IEES/idmybee/data/Bombus/collection/extraction/light/images/ARLY_SORO_0032_P_2.jpg,OK,0.004635833787895133,1,,0.0010
ARLY_SORO_0032_S_1,ARLY_SORO_0032,642,/Users/superbg/Documents/IEES/idmybee/data/Bombus/collection/extraction/light/images/ARLY_SORO_0032_S_1.jpg,OK,0.004543276985553003,2,,0.0010
ARLY_SORO_0032_S_2,ARLY_SORO_0032,643,/Users/superbg/Documents/IEES/idmybee/data/Bombus/collection/extraction/light/images/ARLY_SORO_0032_S_2.jpg,OK,0.004534373380240698,2,,0.0010
ARLY_SORO_0032_S_3,ARLY_SORO_0032,644,/Users/superbg/Documents/IEES/idmybee/data/Bombus/collection/extraction/light/images/ARLY_SORO_0032_S_3.jpg,OK,0.004645997812615173,4,,0.0010
ARLY_SORO_0033_P_1,ARLY_SORO_0033,645,/Users/superbg/Documents/IEES/idmybee/data/Bombus/collection/extraction/light/images/ARLY_SORO_0033_P_1.jpg,OK,0.004496303219936266,0,,0.0010
ARLY_SORO_0033_P_2,ARLY_SORO_0033,646,/Users/superbg/Documents/IEES/idmybee/data/Bombus/collection/extraction/light/images/ARLY_SORO_0033_P_2.jpg,OK,0.004449932687653312,0,,0.0011
ARLY_SORO_0033_S_1,ARLY_SORO_0033,647,/Users/superbg/Documents/IEES/idmybee/data/Bombus/collection/extraction/light/images/ARLY_SORO_0033_S_1.jpg,OK,0.0044619908317994235,0,,0.0009
ARLY_SORO_0033_S_2,ARLY_SORO_0033,648,/Users/superbg/Documents/IEES/idmybee/data/Bombus/collection/extraction/light/images/ARLY_SORO_0033_S_2.jpg,OK,0.004494530033901858,0,,0.0010
ARLY_SORO_0033_S_3,ARLY_SORO_0033,649,/Users/superbg/Documents/IEES/idmybee/data/Bombus/collection/extraction/light/images/ARLY_SORO_0033_S_3.jpg,OK,0.004517228049657014,0,,0.0011
ARLY_SORO_0034_P_1,ARLY_SORO_0034,650,/Users/superbg/Documents/IEES/idmybee/data/Bombus/collection/extraction/light/images/ARLY_SORO_0034_P_1.jpg,OK,0.004605534853703304,1,,0.0010
ARLY_SORO_0034_P_2,ARLY_SORO_0034,651,/Users/superbg/Documents/IEES/idmybee/data/Bombus/collection/extraction/light/images/ARLY_SORO_0034_P_2.jpg,OK,0.0045608483577043585,1,,0.0010
ARLY_SORO_0034_S_1,ARLY_SORO_0034,652,/Users/superbg/Documents/IEES/idmybee/data/Bombus/collection/extraction/light/images/ARLY_SORO_0034_S_1.jpg,OK,0.0045523406840785345,1,,0.0010
ARLY_SORO_0034_S_2,ARLY_SORO_0034,653,/Users/superbg/Documents/IEES/idmybee/data/Bombus/collection/extraction/light/images/ARLY_SORO_0034_S_2.jpg,OK,0.004615794787948364,1,,0.0010
ARLY_SORO_0034_S_3,ARLY_SORO_0034,654,/Users/superbg/Documents/IEES/idmybee/data/Bombus/collection/extraction/light/images/ARLY_SORO_0034_S_3.jpg,OK,0.004528221852759444,1,,0.0011
ARLY_SORO_0035_P_1,ARLY_SORO_0035,655,/Users/superbg/Documents/IEES/idmybee/data/Bombus/collection/extraction/light/images/ARLY_SORO_0035_P_1.jpg,OK,0.004755496950729737,0,,0.0013
ARLY_SORO_0035_P_2,ARLY_SORO_0035,656,/Users/superbg/Documents/IEES/idmybee/data/Bombus/collection/extraction/light/images/ARLY_SORO_0035_P_2.jpg,OK,0.004771240271265321,0,,0.0010
ARLY_SORO_0035_S_1,ARLY_SORO_0035,657,/Users/superbg/Documents/IEES/idmybee/data/Bombus/collection/extraction/light/images/ARLY_SORO_0035_S_1.jpg,OK,0.004686255285406863,0,,0.0011
ARLY_SORO_0035_S_2,ARLY_SORO_0035,658,/Users/superbg/Documents/IEES/idmybee/data/Bombus/collection/extraction/light/images/ARLY_SORO_0035_S_2.jpg,OK,0.004751687840483402,0,,0.0012
ARLY_SORO_0035_S_3,ARLY_SORO_0035,659,/Users/superbg/Documents/IEES/idmybee/data/Bombus/collection/extraction/light/images/ARLY_SORO_0035_S_3.jpg,OK,0.004811653340883739,0,,0.0011
ARLY_SORO_0036_P_1,ARLY_SORO_0036,660,/Users/superbg/Documents/IEES/idmybee/data/Bombus/collection/extraction/light/images/ARLY_SORO_0036_P_1.jpg,OK,0.004650532410879341,0,,0.0010
ARLY_SORO_0036_P_2,ARLY_SORO_0036,661,/Users/superbg/Documents/IEES/idmybee/data/Bombus/collection/extraction/light/images/ARLY_SORO_0036_P_2.jpg,OK,0.0046995739487342425,0,,0.0010
ARLY_SORO_0036_S_1,ARLY_SORO_0036,662,/Users/superbg/Documents/IEES/idmybee/data/Bombus/collection/extraction/light/images/ARLY_SORO_0036_S_1.jpg,OK,0.004683216499749101,0,,0.0011
ARLY_SORO_0036_S_2,ARLY_SORO_0036,663,/Users/superbg/Documents/IEES/idmybee/data/Bombus/collection/extraction/light/images/ARLY_SORO_0036_S_2.jpg,OK,0.004685195384804201,0,,0.0008
ARLY_SORO_0036_S_3,ARLY_SORO_0036,664,/Users/superbg/Documents/IEES/idmybee/data/Bombus/collection/extraction/light/images/ARLY_SORO_0036_S_3.jpg,OK,0.004629274128422531,0,,0.0010
ARLY_SORO_0037_P_1,ARLY_SORO_0037,665,/Users/superbg/Documents/IEES/idmybee/data/Bombus/collection/extraction/light/images/ARLY_SORO_0037_P_1.jpg,OK,0.00478637932245575,0,,0.0010
ARLY_SORO_0037_P_2,ARLY_SORO_0037,666,/Users/superbg/Documents/IEES/idmybee/data/Bombus/collection/extraction/light/images/ARLY_SORO_0037_P_2.jpg,OK,0.0047680624349354175,0,,0.0010
ARLY_SORO_0037_S_2,ARLY_SORO_0037,667,/Users/superbg/Documents/IEES/idmybee/data/Bombus/collection/extraction/light/images/ARLY_SORO_0037_S_2.jpg,OK,0.004825448331532228,0,,0.0010
ARLY_SORO_0037_S_3,ARLY_SORO_0037,668,/Users/superbg/Documents/IEES/idmybee/data/Bombus/collection/extraction/light/images/ARLY_SORO_0037_S_3.jpg,OK,0.004751999565871266,0,,0.0010
ARLY_SORO_0038_P_1,ARLY_SORO_0038,669,/Users/superbg/Documents/IEES/idmybee/data/Bombus/collection/extraction/light/images/ARLY_SORO_0038_P_1.jpg,OK,0.004698063623705432,0,,0.0013
ARLY_SORO_0038_P_2,ARLY_SORO_0038,670,/Users/superbg/Documents/IEES/idmybee/data/Bombus/collection/extraction/light/images/ARLY_SORO_0038_P_2.jpg,OK,0.004644933374019988,0,,0.0012
ARLY_SORO_0038_S_1,ARLY_SORO_0038,671,/Users/superbg/Documents/IEES/idmybee/data/Bombus/collection/extraction/light/images/ARLY_SORO_0038_S_1.jpg,OK,0.004713617042228658,0,,0.0012
ARLY_SORO_0038_S_2,ARLY_SORO_0038,672,/Users/superbg/Documents/IEES/idmybee/data/Bombus/collection/extraction/light/images/ARLY_SORO_0038_S_2.jpg,OK,0.004682833637928089,0,,0.0011
ARLY_SORO_0038_S_3,ARLY_SORO_0038,673,/Users/superbg/Documents/IEES/idmybee/data/Bombus/collection/extraction/light/images/ARLY_SORO_0038_S_3.jpg,OK,0.004743261245010968,0,,0.0012
ARLY_SORO_0039_P_1,ARLY_SORO_0039,674,/Users/superbg/Documents/IEES/idmybee/data/Bombus/collection/extraction/light/images/ARLY_SORO_0039_P_1.jpg,OK,0.004380608826567111,0,,0.0010
ARLY_SORO_0039_P_2,ARLY_SORO_0039,675,/Users/superbg/Documents/IEES/idmybee/data/Bombus/collection/extraction/light/images/ARLY_SORO_0039_P_2.jpg,OK,0.004402362268686853,0,,0.0010
ARLY_SORO_0039_S_1,ARLY_SORO_0039,676,/Users/superbg/Documents/IEES/idmybee/data/Bombus/collection/extraction/light/images/ARLY_SORO_0039_S_1.jpg,OK,0.004329579200814509,0,,0.0009
ARLY_SORO_0039_S_2,ARLY_SORO_0039,677,/Users/superbg/Documents/IEES/idmybee/data/Bombus/collection/extraction/light/images/ARLY_SORO_0039_S_2.jpg,OK,0.0043785084164503696,0,,0.0010
ARLY_SORO_0039_S_3,ARLY_SORO_0039,678,/Users/superbg/Documents/IEES/idmybee/data/Bombus/collection/extraction/light/images/ARLY_SORO_0039_S_3.jpg,OK,0.004347731120651906,0,,0.0010
ARLY_SORO_0040_P_1,ARLY_SORO_0040,679,/Users/superbg/Documents/IEES/idmybee/data/Bombus/collection/extraction/light/images/ARLY_SORO_0040_P_1.jpg,OK,0.00472785002211231,0,,0.0010
ARLY_SORO_0040_P_2,ARLY_SORO_0040,680,/Users/superbg/Documents/IEES/idmybee/data/Bombus/collection/extraction/light/images/ARLY_SORO_0040_P_2.jpg,OK,0.004669793974924171,0,,0.0011
ARLY_SORO_0040_S_1,ARLY_SORO_0040,681,/Users/superbg/Documents/IEES/idmybee/data/Bombus/collection/extraction/light/images/ARLY_SORO_0040_S_1.jpg,OK,0.004769409883024504,0,,0.0012
ARLY_SORO_0040_S_2,ARLY_SORO_0040,682,/Users/superbg/Documents/IEES/idmybee/data/Bombus/collection/extraction/light/images/ARLY_SORO_0040_S_2.jpg,OK,0.004759726162459472,0,,0.0012
ARLY_SORO_0040_S_3,ARLY_SORO_0040,683,/Users/superbg/Documents/IEES/idmybee/data/Bombus/collection/extraction/light/images/ARLY_SORO_0040_S_3.jpg,OK,0.004655401890012345,0,,0.0011
ARLY_SORO_0041_P_1,ARLY_SORO_0041,684,/Users/superbg/Documents/IEES/idmybee/data/Bombus/collection/extraction/light/images/ARLY_SORO_0041_P_1.jpg,OK,0.004410795529278073,0,,0.0010
ARLY_SORO_0041_P_2,ARLY_SORO_0041,685,/Users/superbg/Documents/IEES/idmybee/data/Bombus/collection/extraction/light/images/ARLY_SORO_0041_P_2.jpg,OK,0.0043740250018287795,0,,0.0011
ARLY_SORO_0041_S_1,ARLY_SORO_0041,686,/Users/superbg/Documents/IEES/idmybee/data/Bombus/collection/extraction/light/images/ARLY_SORO_0041_S_1.jpg,OK,0.00436254146869998,0,,0.0012
ARLY_SORO_0041_S_2,ARLY_SORO_0041,687,/Users/superbg/Documents/IEES/idmybee/data/Bombus/collection/extraction/light/images/ARLY_SORO_0041_S_2.jpg,OK,0.00437959011843354,0,,0.0011
ARLY_SORO_0041_S_3,ARLY_SORO_0041,688,/Users/superbg/Documents/IEES/idmybee/data/Bombus/collection/extraction/light/images/ARLY_SORO_0041_S_3.jpg,OK,0.0043897622061416595,0,,0.0011
ARLY_SORO_0042_P_1,ARLY_SORO_0042,689,/Users/superbg/Documents/IEES/idmybee/data/Bombus/collection/extraction/light/images/ARLY_SORO_0042_P_1.jpg,OK,0.004711223094959064,0,,0.0012
ARLY_SORO_0042_P_2,ARLY_SORO_0042,690,/Users/superbg/Documents/IEES/idmybee/data/Bombus/collection/extraction/light/images/ARLY_SORO_0042_P_2.jpg,OK,0.00468285206381237,0,,0.0011
ARLY_SORO_0042_S_1,ARLY_SORO_0042,691,/Users/superbg/Documents/IEES/idmybee/data/Bombus/collection/extraction/light/images/ARLY_SORO_0042_S_1.jpg,OK,0.004747368680799102,0,,0.0010
ARLY_SORO_0042_S_2,ARLY_SORO_0042,692,/Users/superbg/Documents/IEES/idmybee/data/Bombus/collection/extraction/light/images/ARLY_SORO_0042_S_2.jpg,OK,0.004650961065213415,0,,0.0011
ARLY_SORO_0042_S_3,ARLY_SORO_0042,693,/Users/superbg/Documents/IEES/idmybee/data/Bombus/collection/extraction/light/images/ARLY_SORO_0042_S_3.jpg,OK,0.004770507837389569,0,,0.0011
ARLY_SORO_0043_P_1,ARLY_SORO_0043,694,/Users/superbg/Documents/IEES/idmybee/data/Bombus/collection/extraction/light/images/ARLY_SORO_0043_P_1.jpg,OK,0.004487771973264684,0,,0.0010
ARLY_SORO_0043_P_2,ARLY_SORO_0043,695,/Users/superbg/Documents/IEES/idmybee/data/Bombus/collection/extraction/light/images/ARLY_SORO_0043_P_2.jpg,OK,0.004355158950727034,0,,0.0010
ARLY_SORO_0043_S_1,ARLY_SORO_0043,696,/Users/superbg/Documents/IEES/idmybee/data/Bombus/collection/extraction/light/images/ARLY_SORO_0043_S_1.jpg,OK,0.0043842003257544854,0,,0.0012
ARLY_SORO_0043_S_2,ARLY_SORO_0043,697,/Users/superbg/Documents/IEES/idmybee/data/Bombus/collection/extraction/light/images/ARLY_SORO_0043_S_2.jpg,OK,0.004411573818745488,0,,0.0011
ARLY_SORO_0043_S_3,ARLY_SORO_0043,698,/Users/superbg/Documents/IEES/idmybee/data/Bombus/collection/extraction/light/images/ARLY_SORO_0043_S_3.jpg,OK,0.004346918349967927,0,,0.0010
ARLY_SORO_0044_P_1,ARLY_SORO_0044,699,/Users/superbg/Documents/IEES/idmybee/data/Bombus/collection/extraction/light/images/ARLY_SORO_0044_P_1.jpg,OK,0.004542978209113844,0,,0.0010
ARLY_SORO_0044_P_2,ARLY_SORO_0044,700,/Users/superbg/Documents/IEES/idmybee/data/Bombus/collection/extraction/light/images/ARLY_SORO_0044_P_2.jpg,OK,0.004581316850307215,0,,0.0011
ARLY_SORO_0044_S_1,ARLY_SORO_0044,701,/Users/superbg/Documents/IEES/idmybee/data/Bombus/collection/extraction/light/images/ARLY_SORO_0044_S_1.jpg,OK,0.004602740378717824,0,,0.0010
ARLY_SORO_0044_S_2,ARLY_SORO_0044,702,/Users/superbg/Documents/IEES/idmybee/data/Bombus/collection/extraction/light/images/ARLY_SORO_0044_S_2.jpg,OK,0.004657397142722429,0,,0.0010
ARLY_SORO_0044_S_3,ARLY_SORO_0044,703,/Users/superbg/Documents/IEES/idmybee/data/Bombus/collection/extraction/light/images/ARLY_SORO_0044_S_3.jpg,OK,0.004651877326084121,0,,0.0010
ARLY_SORO_0045_P_1,ARLY_SORO_0045,704,/Users/superbg/Documents/IEES/idmybee/data/Bombus/collection/extraction/light/images/ARLY_SORO_0045_P_1.jpg,OK,0.004524021349978389,0,,0.0012
ARLY_SORO_0045_P_2,ARLY_SORO_0045,705,/Users/superbg/Documents/IEES/idmybee/data/Bombus/collection/extraction/light/images/ARLY_SORO_0045_P_2.jpg,OK,0.004547944712264537,0,,0.0010
ARLY_SORO_0045_S_1,ARLY_SORO_0045,706,/Users/superbg/Documents/IEES/idmybee/data/Bombus/collection/extraction/light/images/ARLY_SORO_0045_S_1.jpg,OK,0.0046846893625812,0,,0.0010
ARLY_SORO_0045_S_2,ARLY_SORO_0045,707,/Users/superbg/Documents/IEES/idmybee/data/Bombus/collection/extraction/light/images/ARLY_SORO_0045_S_2.jpg,OK,0.00461956792818411,0,,0.0010
ARLY_SORO_0045_S_3,ARLY_SORO_0045,708,/Users/superbg/Documents/IEES/idmybee/data/Bombus/collection/extraction/light/images/ARLY_SORO_0045_S_3.jpg,OK,0.004589667359705969,0,,0.0010
ARLY_SORO_0046_P_1,ARLY_SORO_0046,709,/Users/superbg/Documents/IEES/idmybee/data/Bombus/collection/extraction/light/images/ARLY_SORO_0046_P_1.jpg,OK,0.004532683923242617,0,,0.0010
ARLY_SORO_0046_P_2,ARLY_SORO_0046,710,/Users/superbg/Documents/IEES/idmybee/data/Bombus/collection/extraction/light/images/ARLY_SORO_0046_P_2.jpg,OK,0.004510496712263113,0,,0.0010
ARLY_SORO_0046_S_1,ARLY_SORO_0046,711,/Users/superbg/Documents/IEES/idmybee/data/Bombus/collection/extraction/light/images/ARLY_SORO_0046_S_1.jpg,OK,0.004557593290191398,0,,0.0010
ARLY_SORO_0046_S_2,ARLY_SORO_0046,712,/Users/superbg/Documents/IEES/idmybee/data/Bombus/collection/extraction/light/images/ARLY_SORO_0046_S_2.jpg,OK,0.004616186710027673,0,,0.0010
ARLY_SORO_0046_S_3,ARLY_SORO_0046,713,/Users/superbg/Documents/IEES/idmybee/data/Bombus/collection/extraction/light/images/ARLY_SORO_0046_S_3.jpg,OK,0.004492404915440809,0,,0.0010
ARLY_SORO_0047_P_1,ARLY_SORO_0047,714,/Users/superbg/Documents/IEES/idmybee/data/Bombus/collection/extraction/light/images/ARLY_SORO_0047_P_1.jpg,OK,0.0045596880689929686,0,,0.0010
ARLY_SORO_0047_P_2,ARLY_SORO_0047,715,/Users/superbg/Documents/IEES/idmybee/data/Bombus/collection/extraction/light/images/ARLY_SORO_0047_P_2.jpg,OK,0.004621234779584511,0,,0.0011
ARLY_SORO_0047_S_1,ARLY_SORO_0047,716,/Users/superbg/Documents/IEES/idmybee/data/Bombus/collection/extraction/light/images/ARLY_SORO_0047_S_1.jpg,OK,0.004587932103110736,0,,0.0010
ARLY_SORO_0047_S_2,ARLY_SORO_0047,717,/Users/superbg/Documents/IEES/idmybee/data/Bombus/collection/extraction/light/images/ARLY_SORO_0047_S_2.jpg,OK,0.004559451966765927,0,,0.0011
ARLY_SORO_0047_S_3,ARLY_SORO_0047,718,/Users/superbg/Documents/IEES/idmybee/data/Bombus/collection/extraction/light/images/ARLY_SORO_0047_S_3.jpg,OK,0.004576011594146536,0,,0.0011
ARLY_SORO_0048_P_1,ARLY_SORO_0048,719,/Users/superbg/Documents/IEES/idmybee/data/Bombus/collection/extraction/light/images/ARLY_SORO_0048_P_1.jpg,OK,0.0045476096930195005,0,,0.0012
ARLY_SORO_0048_P_2,ARLY_SORO_0048,720,/Users/superbg/Documents/IEES/idmybee/data/Bombus/collection/extraction/light/images/ARLY_SORO_0048_P_2.jpg,OK,0.004487992421006433,0,,0.0011
ARLY_SORO_0048_S_1,ARLY_SORO_0048,721,/Users/superbg/Documents/IEES/idmybee/data/Bombus/collection/extraction/light/images/ARLY_SORO_0048_S_1.jpg,OK,0.004474502975922907,0,,0.0011
ARLY_SORO_0048_S_2,ARLY_SORO_0048,722,/Users/superbg/Documents/IEES/idmybee/data/Bombus/collection/extraction/light/images/ARLY_SORO_0048_S_2.jpg,OK,0.004496836018048319,0,,0.0011
ARLY_SORO_0048_S_3,ARLY_SORO_0048,723,/Users/superbg/Documents/IEES/idmybee/data/Bombus/collection/extraction/light/images/ARLY_SORO_0048_S_3.jpg,OK,0.004495494815847164,0,,0.0011
ARLY_SORO_0049_P_1,ARLY_SORO_0049,724,/Users/superbg/Documents/IEES/idmybee/data/Bombus/collection/extraction/light/images/ARLY_SORO_0049_P_1.jpg,OK,0.00452116562615144,0,,0.0012
ARLY_SORO_0049_P_2,ARLY_SORO_0049,725,/Users/superbg/Documents/IEES/idmybee/data/Bombus/collection/extraction/light/images/ARLY_SORO_0049_P_2.jpg,OK,0.00448246225947024,0,,0.0011
ARLY_SORO_0049_S_1,ARLY_SORO_0049,726,/Users/superbg/Documents/IEES/idmybee/data/Bombus/collection/extraction/light/images/ARLY_SORO_0049_S_1.jpg,OK,0.004523523680945293,0,,0.0012
ARLY_SORO_0049_S_2,ARLY_SORO_0049,727,/Users/superbg/Documents/IEES/idmybee/data/Bombus/collection/extraction/light/images/ARLY_SORO_0049_S_2.jpg,OK,0.004553056741512063,0,,0.0011
ARLY_SORO_0049_S_3,ARLY_SORO_0049,728,/Users/superbg/Documents/IEES/idmybee/data/Bombus/collection/extraction/light/images/ARLY_SORO_0049_S_3.jpg,OK,0.004478230061367883,0,,0.0011
ARLY_SORO_0050_P_1,ARLY_SORO_0050,729,/Users/superbg/Documents/IEES/idmybee/data/Bombus/collection/extraction/light/images/ARLY_SORO_0050_P_1.jpg,OK,0.004639061360464403,0,,0.0010
ARLY_SORO_0050_P_2,ARLY_SORO_0050,730,/Users/superbg/Documents/IEES/idmybee/data/Bombus/collection/extraction/light/images/ARLY_SORO_0050_P_2.jpg,OK,0.004593440746822483,0,,0.0010
ARLY_SORO_0050_S_1,ARLY_SORO_0050,731,/Users/superbg/Documents/IEES/idmybee/data/Bombus/collection/extraction/light/images/ARLY_SORO_0050_S_1.jpg,OK,0.00459488242241546,0,,0.0011
ARLY_SORO_0050_S_2,ARLY_SORO_0050,732,/Users/superbg/Documents/IEES/idmybee/data/Bombus/collection/extraction/light/images/ARLY_SORO_0050_S_2.jpg,OK,0.0047466688148460195,0,,0.0010
ARLY_SORO_0050_S_3,ARLY_SORO_0050,733,/Users/superbg/Documents/IEES/idmybee/data/Bombus/collection/extraction/light/images/ARLY_SORO_0050_S_3.jpg,OK,0.004662105130116872,0,,0.0010
ARLY_SORO_0051_P_1,ARLY_SORO_0051,734,/Users/superbg/Documents/IEES/idmybee/data/Bombus/collection/extraction/light/images/ARLY_SORO_0051_P_1.jpg,OK,0.0044933275072468444,0,,0.0011
ARLY_SORO_0051_P_2,ARLY_SORO_0051,735,/Users/superbg/Documents/IEES/idmybee/data/Bombus/collection/extraction/light/images/ARLY_SORO_0051_P_2.jpg,OK,0.0045208160889772765,0,,0.0010
ARLY_SORO_0051_S_1,ARLY_SORO_0051,736,/Users/superbg/Documents/IEES/idmybee/data/Bombus/collection/extraction/light/images/ARLY_SORO_0051_S_1.jpg,OK,0.004554207164954515,0,,0.0010
ARLY_SORO_0051_S_2,ARLY_SORO_0051,737,/Users/superbg/Documents/IEES/idmybee/data/Bombus/collection/extraction/light/images/ARLY_SORO_0051_S_2.jpg,OK,0.004468542848651117,0,,0.0010
ARLY_SORO_0051_S_3,ARLY_SORO_0051,738,/Users/superbg/Documents/IEES/idmybee/data/Bombus/collection/extraction/light/images/ARLY_SORO_0051_S_3.jpg,OK,0.004451066275487196,0,,0.0009
ARLY_SORO_0052_P_1,ARLY_SORO_0052,739,/Users/superbg/Documents/IEES/idmybee/data/Bombus/collection/extraction/light/images/ARLY_SORO_0052_P_1.jpg,OK,0.004721671483341854,0,,0.0010
ARLY_SORO_0052_P_2,ARLY_SORO_0052,740,/Users/superbg/Documents/IEES/idmybee/data/Bombus/collection/extraction/light/images/ARLY_SORO_0052_P_2.jpg,OK,0.004706080071890483,0,,0.0008
ARLY_SORO_0052_S_1,ARLY_SORO_0052,741,/Users/superbg/Documents/IEES/idmybee/data/Bombus/collection/extraction/light/images/ARLY_SORO_0052_S_1.jpg,OK,0.004767752924389425,0,,0.0010
ARLY_SORO_0052_S_2,ARLY_SORO_0052,742,/Users/superbg/Documents/IEES/idmybee/data/Bombus/collection/extraction/light/images/ARLY_SORO_0052_S_2.jpg,OK,0.004780447942647396,0,,0.0010
ARLY_SORO_0052_S_3,ARLY_SORO_0052,743,/Users/superbg/Documents/IEES/idmybee/data/Bombus/collection/extraction/light/images/ARLY_SORO_0052_S_3.jpg,OK,0.004750657195976117,0,,0.0013
ARLY_SORO_0053_P_1,ARLY_SORO_0053,744,/Users/superbg/Documents/IEES/idmybee/data/Bombus/collection/extraction/light/images/ARLY_SORO_0053_P_1.jpg,OK,0.004467441909797689,0,,0.0011
ARLY_SORO_0053_P_2,ARLY_SORO_0053,745,/Users/superbg/Documents/IEES/idmybee/data/Bombus/collection/extraction/light/images/ARLY_SORO_0053_P_2.jpg,OK,0.004411020643901782,1,,0.0009
ARLY_SORO_0053_S_1,ARLY_SORO_0053,746,/Users/superbg/Documents/IEES/idmybee/data/Bombus/collection/extraction/light/images/ARLY_SORO_0053_S_1.jpg,OK,0.004432898457301969,0,,0.0011
ARLY_SORO_0053_S_2,ARLY_SORO_0053,747,/Users/superbg/Documents/IEES/idmybee/data/Bombus/collection/extraction/light/images/ARLY_SORO_0053_S_2.jpg,OK,0.004298236530804172,0,,0.0010
ARLY_SORO_0053_S_3,ARLY_SORO_0053,748,/Users/superbg/Documents/IEES/idmybee/data/Bombus/collection/extraction/light/images/ARLY_SORO_0053_S_3.jpg,OK,0.00440842614918548,0,,0.0010
ARLY_SORO_0054_P_1,ARLY_SORO_0054,749,/Users/superbg/Documents/IEES/idmybee/data/Bombus/collection/extraction/light/images/ARLY_SORO_0054_P_1.jpg,OK,0.004694084640384084,0,,0.0010
ARLY_SORO_0054_P_2,ARLY_SORO_0054,750,/Users/superbg/Documents/IEES/idmybee/data/Bombus/collection/extraction/light/images/ARLY_SORO_0054_P_2.jpg,OK,0.00471699357529473,0,,0.0012
ARLY_SORO_0054_S_1,ARLY_SORO_0054,751,/Users/superbg/Documents/IEES/idmybee/data/Bombus/collection/extraction/light/images/ARLY_SORO_0054_S_1.jpg,OK,0.004684983043991318,0,,0.0012
ARLY_SORO_0054_S_2,ARLY_SORO_0054,752,/Users/superbg/Documents/IEES/idmybee/data/Bombus/collection/extraction/light/images/ARLY_SORO_0054_S_2.jpg,OK,0.004704053722807046,0,,0.0010
ARLY_SORO_0054_S_3,ARLY_SORO_0054,753,/Users/superbg/Documents/IEES/idmybee/data/Bombus/collection/extraction/light/images/ARLY_SORO_0054_S_3.jpg,OK,0.004713355351187174,0,,0.0011
ARLY_SORO_0055_P_1,ARLY_SORO_0055,754,/Users/superbg/Documents/IEES/idmybee/data/Bombus/collection/extraction/light/images/ARLY_SORO_0055_P_1.jpg,OK,0.004511945655281933,0,,0.0009
ARLY_SORO_0055_P_2,ARLY_SORO_0055,755,/Users/superbg/Documents/IEES/idmybee/data/Bombus/collection/extraction/light/images/ARLY_SORO_0055_P_2.jpg,OK,0.004567419481218759,0,,0.0011
ARLY_SORO_0055_S_1,ARLY_SORO_0055,756,/Users/superbg/Documents/IEES/idmybee/data/Bombus/collection/extraction/light/images/ARLY_SORO_0055_S_1.jpg,OK,0.0045608137328410625,0,,0.0011
ARLY_SORO_0055_S_2,ARLY_SORO_0055,757,/Users/superbg/Documents/IEES/idmybee/data/Bombus/collection/extraction/light/images/ARLY_SORO_0055_S_2.jpg,OK,0.0044516928272256935,0,,0.0011
ARLY_SORO_0055_S_3,ARLY_SORO_0055,758,/Users/superbg/Documents/IEES/idmybee/data/Bombus/collection/extraction/light/images/ARLY_SORO_0055_S_3.jpg,OK,0.004538960253725681,0,,0.0012
ARLY_SORO_0056_P_1,ARLY_SORO_0056,759,/Users/superbg/Documents/IEES/idmybee/data/Bombus/collection/extraction/light/images/ARLY_SORO_0056_P_1.jpg,OK,0.0044684211078659265,0,,0.0014
ARLY_SORO_0056_P_2,ARLY_SORO_0056,760,/Users/superbg/Documents/IEES/idmybee/data/Bombus/collection/extraction/light/images/ARLY_SORO_0056_P_2.jpg,OK,0.00446001511883503,0,,0.0010
ARLY_SORO_0056_S_1,ARLY_SORO_0056,761,/Users/superbg/Documents/IEES/idmybee/data/Bombus/collection/extraction/light/images/ARLY_SORO_0056_S_1.jpg,OK,0.0044646202176198795,0,,0.0010
ARLY_SORO_0056_S_2,ARLY_SORO_0056,762,/Users/superbg/Documents/IEES/idmybee/data/Bombus/collection/extraction/light/images/ARLY_SORO_0056_S_2.jpg,OK,0.004551299645895628,0,,0.0010
ARLY_SORO_0056_S_3,ARLY_SORO_0056,763,/Users/superbg/Documents/IEES/idmybee/data/Bombus/collection/extraction/light/images/ARLY_SORO_0056_S_3.jpg,OK,0.004450902841465865,0,,0.0011
ARLY_SORO_0057_P_1,ARLY_SORO_0057,764,/Users/superbg/Documents/IEES/idmybee/data/Bombus/collection/extraction/light/images/ARLY_SORO_0057_P_1.jpg,OK,0.004404799440212357,0,,0.0013
ARLY_SORO_0057_P_2,ARLY_SORO_0057,765,/Users/superbg/Documents/IEES/idmybee/data/Bombus/collection/extraction/light/images/ARLY_SORO_0057_P_2.jpg,OK,0.0044437977763695435,0,,0.0011
ARLY_SORO_0057_S_1,ARLY_SORO_0057,766,/Users/superbg/Documents/IEES/idmybee/data/Bombus/collection/extraction/light/images/ARLY_SORO_0057_S_1.jpg,OK,0.004404753187756021,0,,0.0010
ARLY_SORO_0057_S_2,ARLY_SORO_0057,767,/Users/superbg/Documents/IEES/idmybee/data/Bombus/collection/extraction/light/images/ARLY_SORO_0057_S_2.jpg,OK,0.004364119566099573,0,,0.0009
ARLY_SORO_0057_S_3,ARLY_SORO_0057,768,/Users/superbg/Documents/IEES/idmybee/data/Bombus/collection/extraction/light/images/ARLY_SORO_0057_S_3.jpg,OK,0.004388028984154633,0,,0.0011
ARLY_SORO_0058_P_1,ARLY_SORO_0058,769,/Users/superbg/Documents/IEES/idmybee/data/Bombus/collection/extraction/light/images/ARLY_SORO_0058_P_1.jpg,OK,0.004404237321620041,0,,0.0010
ARLY_SORO_0058_P_2,ARLY_SORO_0058,770,/Users/superbg/Documents/IEES/idmybee/data/Bombus/collection/extraction/light/images/ARLY_SORO_0058_P_2.jpg,OK,0.004534791677325944,1,,0.0010
ARLY_SORO_0058_S_1,ARLY_SORO_0058,771,/Users/superbg/Documents/IEES/idmybee/data/Bombus/collection/extraction/light/images/ARLY_SORO_0058_S_1.jpg,OK,0.004409956830220532,0,,0.0012
ARLY_SORO_0058_S_2,ARLY_SORO_0058,772,/Users/superbg/Documents/IEES/idmybee/data/Bombus/collection/extraction/light/images/ARLY_SORO_0058_S_2.jpg,OK,0.0043721741187729875,0,,0.0011
ARLY_SORO_0058_S_3,ARLY_SORO_0058,773,/Users/superbg/Documents/IEES/idmybee/data/Bombus/collection/extraction/light/images/ARLY_SORO_0058_S_3.jpg,OK,0.00444230286216988,0,,0.0011
ARLY_SORO_0059_P_1,ARLY_SORO_0059,774,/Users/superbg/Documents/IEES/idmybee/data/Bombus/collection/extraction/light/images/ARLY_SORO_0059_P_1.jpg,OK,0.0047168127307289425,0,,0.0010
ARLY_SORO_0059_P_2,ARLY_SORO_0059,775,/Users/superbg/Documents/IEES/idmybee/data/Bombus/collection/extraction/light/images/ARLY_SORO_0059_P_2.jpg,OK,0.0046967788656385534,0,,0.0011
ARLY_SORO_0059_S_1,ARLY_SORO_0059,776,/Users/superbg/Documents/IEES/idmybee/data/Bombus/collection/extraction/light/images/ARLY_SORO_0059_S_1.jpg,OK,0.004724022916374118,0,,0.0009
ARLY_SORO_0059_S_2,ARLY_SORO_0059,777,/Users/superbg/Documents/IEES/idmybee/data/Bombus/collection/extraction/light/images/ARLY_SORO_0059_S_2.jpg,OK,0.004738803286920338,0,,0.0008
ARLY_SORO_0059_S_3,ARLY_SORO_0059,778,/Users/superbg/Documents/IEES/idmybee/data/Bombus/collection/extraction/light/images/ARLY_SORO_0059_S_3.jpg,OK,0.00469758821805205,0,,0.0009
ARLY_SORO_0060_P_1,ARLY_SORO_0060,779,/Users/superbg/Documents/IEES/idmybee/data/Bombus/collection/extraction/light/images/ARLY_SORO_0060_P_1.jpg,OK,0.0045574342865875575,0,,0.0011
ARLY_SORO_0060_P_2,ARLY_SORO_0060,780,/Users/superbg/Documents/IEES/idmybee/data/Bombus/collection/extraction/light/images/ARLY_SORO_0060_P_2.jpg,OK,0.004632524282210584,0,,0.0014
ARLY_SORO_0060_S_1,ARLY_SORO_0060,781,/Users/superbg/Documents/IEES/idmybee/data/Bombus/collection/extraction/light/images/ARLY_SORO_0060_S_1.jpg,OK,0.0045192733090897155,0,,0.0011
ARLY_SORO_0060_S_2,ARLY_SORO_0060,782,/Users/superbg/Documents/IEES/idmybee/data/Bombus/collection/extraction/light/images/ARLY_SORO_0060_S_2.jpg,OK,0.004555623376947841,0,,0.0010
ARLY_SORO_0060_S_3,ARLY_SORO_0060,783,/Users/superbg/Documents/IEES/idmybee/data/Bombus/collection/extraction/light/images/ARLY_SORO_0060_S_3.jpg,OK,0.0045196350431317206,0,,0.0010
ARLY_SORO_0061_P_1,ARLY_SORO_0061,784,/Users/superbg/Documents/IEES/idmybee/data/Bombus/collection/extraction/light/images/ARLY_SORO_0061_P_1.jpg,OK,0.004383284079338697,0,,0.0011
ARLY_SORO_0061_P_2,ARLY_SORO_0061,785,/Users/superbg/Documents/IEES/idmybee/data/Bombus/collection/extraction/light/images/ARLY_SORO_0061_P_2.jpg,OK,0.0043926108339678496,0,,0.0012
ARLY_SORO_0061_S_1,ARLY_SORO_0061,786,/Users/superbg/Documents/IEES/idmybee/data/Bombus/collection/extraction/light/images/ARLY_SORO_0061_S_1.jpg,OK,0.0043892694058662255,0,,0.0011
ARLY_SORO_0061_S_2,ARLY_SORO_0061,787,/Users/superbg/Documents/IEES/idmybee/data/Bombus/collection/extraction/light/images/ARLY_SORO_0061_S_2.jpg,OK,0.004487959701054669,0,,0.0011
ARLY_SORO_0061_S_3,ARLY_SORO_0061,788,/Users/superbg/Documents/IEES/idmybee/data/Bombus/collection/extraction/light/images/ARLY_SORO_0061_S_3.jpg,OK,0.004476623176177168,0,,0.0011
ARLY_SORO_0062_P_1,ARLY_SORO_0062,789,/Users/superbg/Documents/IEES/idmybee/data/Bombus/collection/extraction/light/images/ARLY_SORO_0062_P_1.jpg,OK,0.004661224588522635,0,,0.0010
ARLY_SORO_0062_P_2,ARLY_SORO_0062,790,/Users/superbg/Documents/IEES/idmybee/data/Bombus/collection/extraction/light/images/ARLY_SORO_0062_P_2.jpg,OK,0.0047064180855803835,0,,0.0010
ARLY_SORO_0062_S_1,ARLY_SORO_0062,791,/Users/superbg/Documents/IEES/idmybee/data/Bombus/collection/extraction/light/images/ARLY_SORO_0062_S_1.jpg,OK,0.00455961496707423,0,,0.0011
ARLY_SORO_0062_S_2,ARLY_SORO_0062,792,/Users/superbg/Documents/IEES/idmybee/data/Bombus/collection/extraction/light/images/ARLY_SORO_0062_S_2.jpg,OK,0.004529268603167747,0,,0.0011
ARLY_SORO_0062_S_3,ARLY_SORO_0062,793,/Users/superbg/Documents/IEES/idmybee/data/Bombus/collection/extraction/light/images/ARLY_SORO_0062_S_3.jpg,OK,0.004510246080108664,0,,0.0011
ARLY_SORO_0063_P_1,ARLY_SORO_0063,794,/Users/superbg/Documents/IEES/idmybee/data/Bombus/collection/extraction/light/images/ARLY_SORO_0063_P_1.jpg,OK,0.004458694498744326,0,,0.0011
ARLY_SORO_0063_P_2,ARLY_SORO_0063,795,/Users/superbg/Documents/IEES/idmybee/data/Bombus/collection/extraction/light/images/ARLY_SORO_0063_P_2.jpg,OK,0.004526353154257208,0,,0.0013
ARLY_SORO_0063_S_1,ARLY_SORO_0063,796,/Users/superbg/Documents/IEES/idmybee/data/Bombus/collection/extraction/light/images/ARLY_SORO_0063_S_1.jpg,OK,0.0043829368043509145,0,,0.0011
ARLY_SORO_0063_S_2,ARLY_SORO_0063,797,/Users/superbg/Documents/IEES/idmybee/data/Bombus/collection/extraction/light/images/ARLY_SORO_0063_S_2.jpg,OK,0.004448626153747819,0,,0.0010
ARLY_SORO_0063_S_3,ARLY_SORO_0063,798,/Users/superbg/Documents/IEES/idmybee/data/Bombus/collection/extraction/light/images/ARLY_SORO_0063_S_3.jpg,OK,0.004463628973001714,0,,0.0010
ARLY_SORO_0064_P_1,ARLY_SORO_0064,799,/Users/superbg/Documents/IEES/idmybee/data/Bombus/collection/extraction/light/images/ARLY_SORO_0064_P_1.jpg,OK,0.004559451675952386,0,,0.0011
ARLY_SORO_0064_P_2,ARLY_SORO_0064,800,/Users/superbg/Documents/IEES/idmybee/data/Bombus/collection/extraction/light/images/ARLY_SORO_0064_P_2.jpg,OK,0.0044571636725390705,0,,0.0011
ARLY_SORO_0064_S_1,ARLY_SORO_0064,801,/Users/superbg/Documents/IEES/idmybee/data/Bombus/collection/extraction/light/images/ARLY_SORO_0064_S_1.jpg,OK,0.004397586196972385,0,,0.0010
ARLY_SORO_0064_S_2,ARLY_SORO_0064,802,/Users/superbg/Documents/IEES/idmybee/data/Bombus/collection/extraction/light/images/ARLY_SORO_0064_S_2.jpg,OK,0.004403491693567777,0,,0.0010
ARLY_SORO_0064_S_3,ARLY_SORO_0064,803,/Users/superbg/Documents/IEES/idmybee/data/Bombus/collection/extraction/light/images/ARLY_SORO_0064_S_3.jpg,OK,0.0044268098643860205,0,,0.0010
ARLY_SORO_0065_P_1,ARLY_SORO_0065,804,/Users/superbg/Documents/IEES/idmybee/data/Bombus/collection/extraction/light/images/ARLY_SORO_0065_P_1.jpg,OK,0.004299729270073164,0,,0.0010
ARLY_SORO_0065_P_2,ARLY_SORO_0065,805,/Users/superbg/Documents/IEES/idmybee/data/Bombus/collection/extraction/light/images/ARLY_SORO_0065_P_2.jpg,OK,0.004288775117919107,0,,0.0011
ARLY_SORO_0065_S_1,ARLY_SORO_0065,806,/Users/superbg/Documents/IEES/idmybee/data/Bombus/collection/extraction/light/images/ARLY_SORO_0065_S_1.jpg,OK,0.0042599856775679965,0,,0.0012
ARLY_SORO_0065_S_2,ARLY_SORO_0065,807,/Users/superbg/Documents/IEES/idmybee/data/Bombus/collection/extraction/light/images/ARLY_SORO_0065_S_2.jpg,OK,0.0043000172444000425,0,,0.0010
ARLY_SORO_0065_S_3,ARLY_SORO_0065,808,/Users/superbg/Documents/IEES/idmybee/data/Bombus/collection/extraction/light/images/ARLY_SORO_0065_S_3.jpg,OK,0.004299405104795523,0,,0.0011
ARLY_SORO_0066_P_1,ARLY_SORO_0066,809,/Users/superbg/Documents/IEES/idmybee/data/Bombus/collection/extraction/light/images/ARLY_SORO_0066_P_1.jpg,OK,0.004622037699946099,0,,0.0010
ARLY_SORO_0066_P_2,ARLY_SORO_0066,810,/Users/superbg/Documents/IEES/idmybee/data/Bombus/collection/extraction/light/images/ARLY_SORO_0066_P_2.jpg,OK,0.004598511394522133,0,,0.0011
ARLY_SORO_0066_S_1,ARLY_SORO_0066,811,/Users/superbg/Documents/IEES/idmybee/data/Bombus/collection/extraction/light/images/ARLY_SORO_0066_S_1.jpg,OK,0.00448043184238479,0,,0.0011
ARLY_SORO_0066_S_2,ARLY_SORO_0066,812,/Users/superbg/Documents/IEES/idmybee/data/Bombus/collection/extraction/light/images/ARLY_SORO_0066_S_2.jpg,OK,0.004550436801157738,0,,0.0010
ARLY_SORO_0066_S_3,ARLY_SORO_0066,813,/Users/superbg/Documents/IEES/idmybee/data/Bombus/collection/extraction/light/images/ARLY_SORO_0066_S_3.jpg,OK,0.0044780231486508445,0,,0.0010
ARLY_SORO_0067_P_1,ARLY_SORO_0067,814,/Users/superbg/Documents/IEES/idmybee/data/Bombus/collection/extraction/light/images/ARLY_SORO_0067_P_1.jpg,OK,0.004302204679792662,0,,0.0010
ARLY_SORO_0067_P_2,ARLY_SORO_0067,815,/Users/superbg/Documents/IEES/idmybee/data/Bombus/collection/extraction/light/images/ARLY_SORO_0067_P_2.jpg,OK,0.004334450437258578,0,,0.0010
ARLY_SORO_0067_S_1,ARLY_SORO_0067,816,/Users/superbg/Documents/IEES/idmybee/data/Bombus/collection/extraction/light/images/ARLY_SORO_0067_S_1.jpg,OK,0.004310153692124311,0,,0.0010
ARLY_SORO_0067_S_2,ARLY_SORO_0067,817,/Users/superbg/Documents/IEES/idmybee/data/Bombus/collection/extraction/light/images/ARLY_SORO_0067_S_2.jpg,OK,0.004340297663640168,0,,0.0010
ARLY_SORO_0067_S_3,ARLY_SORO_0067,818,/Users/superbg/Documents/IEES/idmybee/data/Bombus/collection/extraction/light/images/ARLY_SORO_0067_S_3.jpg,OK,0.004348557023891323,0,,0.0010
ARLY_SORO_0068_P_1,ARLY_SORO_0068,819,/Users/superbg/Documents/IEES/idmybee/data/Bombus/collection/extraction/light/images/ARLY_SORO_0068_P_1.jpg,OK,0.004309544167422101,0,,0.0013
ARLY_SORO_0068_P_2,ARLY_SORO_0068,820,/Users/superbg/Documents/IEES/idmybee/data/Bombus/collection/extraction/light/images/ARLY_SORO_0068_P_2.jpg,OK,0.004275355054384773,0,,0.0011
ARLY_SORO_0068_S_1,ARLY_SORO_0068,821,/Users/superbg/Documents/IEES/idmybee/data/Bombus/collection/extraction/light/images/ARLY_SORO_0068_S_1.jpg,OK,0.004315776936318693,0,,0.0012
ARLY_SORO_0068_S_2,ARLY_SORO_0068,822,/Users/superbg/Documents/IEES/idmybee/data/Bombus/collection/extraction/light/images/ARLY_SORO_0068_S_2.jpg,OK,0.004277506344276087,0,,0.0010
ARLY_SORO_0068_S_3,ARLY_SORO_0068,823,/Users/superbg/Documents/IEES/idmybee/data/Bombus/collection/extraction/light/images/ARLY_SORO_0068_S_3.jpg,OK,0.004297414193968213,0,,0.0011
ARLY_SORO_0069_P_1,ARLY_SORO_0069,824,/Users/superbg/Documents/IEES/idmybee/data/Bombus/collection/extraction/light/images/ARLY_SORO_0069_P_1.jpg,OK,0.004470195967511353,0,,0.0009
ARLY_SORO_0069_P_2,ARLY_SORO_0069,825,/Users/superbg/Documents/IEES/idmybee/data/Bombus/collection/extraction/light/images/ARLY_SORO_0069_P_2.jpg,OK,0.004409371116245078,0,,0.0010
ARLY_SORO_0069_S_1,ARLY_SORO_0069,826,/Users/superbg/Documents/IEES/idmybee/data/Bombus/collection/extraction/light/images/ARLY_SORO_0069_S_1.jpg,OK,0.004503560931156173,0,,0.0009
ARLY_SORO_0069_S_2,ARLY_SORO_0069,827,/Users/superbg/Documents/IEES/idmybee/data/Bombus/collection/extraction/light/images/ARLY_SORO_0069_S_2.jpg,OK,0.004499522944923063,1,,0.0011
ARLY_SORO_0069_S_3,ARLY_SORO_0069,828,/Users/superbg/Documents/IEES/idmybee/data/Bombus/collection/extraction/light/images/ARLY_SORO_0069_S_3.jpg,OK,0.004470337263063705,2,,0.0011
ARLY_SORO_0070_P_1,ARLY_SORO_0070,829,/Users/superbg/Documents/IEES/idmybee/data/Bombus/collection/extraction/light/images/ARLY_SORO_0070_P_1.jpg,OK,0.0046466212191724485,0,,0.0010
ARLY_SORO_0070_P_2,ARLY_SORO_0070,830,/Users/superbg/Documents/IEES/idmybee/data/Bombus/collection/extraction/light/images/ARLY_SORO_0070_P_2.jpg,OK,0.004526183416594119,0,,0.0010
ARLY_SORO_0070_S_1,ARLY_SORO_0070,831,/Users/superbg/Documents/IEES/idmybee/data/Bombus/collection/extraction/light/images/ARLY_SORO_0070_S_1.jpg,OK,0.004544196087245116,0,,0.0011
ARLY_SORO_0070_S_2,ARLY_SORO_0070,832,/Users/superbg/Documents/IEES/idmybee/data/Bombus/collection/extraction/light/images/ARLY_SORO_0070_S_2.jpg,OK,0.0045008506821588275,0,,0.0011
ARLY_SORO_0071_P_1,ARLY_SORO_0071,833,/Users/superbg/Documents/IEES/idmybee/data/Bombus/collection/extraction/light/images/ARLY_SORO_0071_P_1.jpg,OK,0.004603377927454782,0,,0.0011
ARLY_SORO_0071_P_2,ARLY_SORO_0071,834,/Users/superbg/Documents/IEES/idmybee/data/Bombus/collection/extraction/light/images/ARLY_SORO_0071_P_2.jpg,OK,0.0046302973133022455,0,,0.0011
ARLY_SORO_0071_S_1,ARLY_SORO_0071,835,/Users/superbg/Documents/IEES/idmybee/data/Bombus/collection/extraction/light/images/ARLY_SORO_0071_S_1.jpg,OK,0.004584090018065968,0,,0.0010
ARLY_SORO_0071_S_2,ARLY_SORO_0071,836,/Users/superbg/Documents/IEES/idmybee/data/Bombus/collection/extraction/light/images/ARLY_SORO_0071_S_2.jpg,OK,0.004589356581825059,0,,0.0010
ARLY_SORO_0071_S_3,ARLY_SORO_0071,837,/Users/superbg/Documents/IEES/idmybee/data/Bombus/collection/extraction/light/images/ARLY_SORO_0071_S_3.jpg,OK,0.004633065314066762,0,,0.0011
ARLY_SORO_0072_P_1,ARLY_SORO_0072,838,/Users/superbg/Documents/IEES/idmybee/data/Bombus/collection/extraction/light/images/ARLY_SORO_0072_P_1.jpg,OK,0.004444485008369799,0,,0.0012
ARLY_SORO_0072_P_2,ARLY_SORO_0072,839,/Users/superbg/Documents/IEES/idmybee/data/Bombus/collection/extraction/light/images/ARLY_SORO_0072_P_2.jpg,OK,0.004479234161923331,0,,0.0011
ARLY_SORO_0072_S_1,ARLY_SORO_0072,840,/Users/superbg/Documents/IEES/idmybee/data/Bombus/collection/extraction/light/images/ARLY_SORO_0072_S_1.jpg,OK,0.00439844836926549,0,,0.0010
ARLY_SORO_0072_S_2,ARLY_SORO_0072,841,/Users/superbg/Documents/IEES/idmybee/data/Bombus/collection/extraction/light/images/ARLY_SORO_0072_S_2.jpg,OK,0.004441317623173874,0,,0.0011
ARLY_SORO_0072_S_3,ARLY_SORO_0072,842,/Users/superbg/Documents/IEES/idmybee/data/Bombus/collection/extraction/light/images/ARLY_SORO_0072_S_3.jpg,OK,0.004488809344498477,0,,0.0011
ARLY_SORO_0073_P_1,ARLY_SORO_0073,843,/Users/superbg/Documents/IEES/idmybee/data/Bombus/collection/extraction/light/images/ARLY_SORO_0073_P_1.jpg,FAILED,inf,,"17 landmarks, 18 expected",0.0000
ARLY_SORO_0073_P_2,ARLY_SORO_0073,844,/Users/superbg/Documents/IEES/idmybee/data/Bombus/collection/extraction/light/images/ARLY_SORO_0073_P_2.jpg,FAILED,inf,,"16 landmarks, 18 expected",0.0000
ARLY_SORO_0073_S_1,ARLY_SORO_0073,845,/Users/superbg/Documents/IEES/idmybee/data/Bombus/collection/extraction/light/images/ARLY_SORO_0073_S_1.jpg,FAILED,inf,,"17 landmarks, 18 expected",0.0000
ARLY_SORO_0073_S_2,ARLY_SORO_0073,846,/Users/superbg/Documents/IEES/idmybee/data/Bombus/collection/extraction/light/images/ARLY_SORO_0073_S_2.jpg,FAILED,inf,,"16 landmarks, 18 expected",0.0000
ARLY_SORO_0073_S_3,ARLY_SORO_0073,847,/Users/superbg/Documents/IEES/idmybee/data/Bombus/collection/extraction/light/images/ARLY_SORO_0073_S_3.jpg,FAILED,inf,,"16 landmarks, 18 expected",0.0000
ARLY_SORO_0074_P_1,ARLY_SORO_0074,848,/Users/superbg/Documents/IEES/idmybee/data/Bombus/collection/extraction/light/images/ARLY_SORO_0074_P_1.jpg,OK,0.004766911944786793,0,,0.0010
ARLY_SORO_0074_P_2,ARLY_SORO_0074,849,/Users/superbg/Documents/IEES/idmybee/data/Bombus/collection/extraction/light/images/ARLY_SORO_0074_P_2.jpg,OK,0.004864325100165123,0,,0.0010
ARLY_SORO_0074_S_1,ARLY_SORO_0074,850,/Users/superbg/Documents/IEES/idmybee/data/Bombus/collection/extraction/light/images/ARLY_SORO_0074_S_1.jpg,OK,0.004746518045086466,0,,0.0008
ARLY_SORO_0074_S_2,ARLY_SORO_0074,851,/Users/superbg/Documents/IEES/idmybee/data/Bombus/collection/extraction/light/images/ARLY_SORO_0074_S_2.jpg,OK,0.004792080690600706,0,,0.0008
ARLY_SORO_0074_S_3,ARLY_SORO_0074,852,/Users/superbg/Documents/IEES/idmybee/data/Bombus/collection/extraction/light/images/ARLY_SORO_0074_S_3.jpg,OK,0.00472540661452998,0,,0.0010
ARLY_SORO_0075_P_1,ARLY_SORO_0075,853,/Users/superbg/Documents/IEES/idmybee/data/Bombus/collection/extraction/light/images/ARLY_SORO_0075_P_1.jpg,OK,0.004471937511284574,0,,0.0010
ARLY_SORO_0075_P_2,ARLY_SORO_0075,854,/Users/superbg/Documents/IEES/idmybee/data/Bombus/collection/extraction/light/images/ARLY_SORO_0075_P_2.jpg,OK,0.004488060677257838,0,,0.0010
ARLY_SORO_0075_S_2,ARLY_SORO_0075,855,/Users/superbg/Documents/IEES/idmybee/data/Bombus/collection/extraction/light/images/ARLY_SORO_0075_S_2.jpg,OK,0.00450839733872238,0,,0.0011
ARLY_SORO_0075_S_3,ARLY_SORO_0075,856,/Users/superbg/Documents/IEES/idmybee/data/Bombus/collection/extraction/light/images/ARLY_SORO_0075_S_3.jpg,OK,0.004531410951901734,0,,0.0010
ARLY_SORO_0076_P_1,ARLY_SORO_0076,857,/Users/superbg/Documents/IEES/idmybee/data/Bombus/collection/extraction/light/images/ARLY_SORO_0076_P_1.jpg,OK,0.004574509750068778,0,,0.0010
ARLY_SORO_0076_P_2,ARLY_SORO_0076,858,/Users/superbg/Documents/IEES/idmybee/data/Bombus/collection/extraction/light/images/ARLY_SORO_0076_P_2.jpg,OK,0.004540520806492238,0,,0.0011
ARLY_SORO_0076_S_1,ARLY_SORO_0076,859,/Users/superbg/Documents/IEES/idmybee/data/Bombus/collection/extraction/light/images/ARLY_SORO_0076_S_1.jpg,OK,0.004493248010375337,0,,0.0011
ARLY_SORO_0076_S_2,ARLY_SORO_0076,860,/Users/superbg/Documents/IEES/idmybee/data/Bombus/collection/extraction/light/images/ARLY_SORO_0076_S_2.jpg,OK,0.0045823735406328794,0,,0.0009
ARLY_SORO_0076_S_3,ARLY_SORO_0076,861,/Users/superbg/Documents/IEES/idmybee/data/Bombus/collection/extraction/light/images/ARLY_SORO_0076_S_3.jpg,OK,0.004490585086543217,0,,0.0010
ARLY_SORO_0077_P_1,ARLY_SORO_0077,862,/Users/superbg/Documents/IEES/idmybee/data/Bombus/collection/extraction/light/images/ARLY_SORO_0077_P_1.jpg,OK,0.004492381434332415,0,,0.0011
ARLY_SORO_0077_P_2,ARLY_SORO_0077,863,/Users/superbg/Documents/IEES/idmybee/data/Bombus/collection/extraction/light/images/ARLY_SORO_0077_P_2.jpg,OK,0.004379219573858555,0,,0.0010
ARLY_SORO_0077_S_1,ARLY_SORO_0077,864,/Users/superbg/Documents/IEES/idmybee/data/Bombus/collection/extraction/light/images/ARLY_SORO_0077_S_1.jpg,OK,0.004371160648926644,0,,0.0011
ARLY_SORO_0077_S_2,ARLY_SORO_0077,865,/Users/superbg/Documents/IEES/idmybee/data/Bombus/collection/extraction/light/images/ARLY_SORO_0077_S_2.jpg,OK,0.004430989679212312,0,,0.0008
ARLY_SORO_0077_S_3,ARLY_SORO_0077,866,/Users/superbg/Documents/IEES/idmybee/data/Bombus/collection/extraction/light/images/ARLY_SORO_0077_S_3.jpg,OK,0.004328429899665578,0,,0.0008
ARLY_SORO_0078_P_1,ARLY_SORO_0078,867,/Users/superbg/Documents/IEES/idmybee/data/Bombus/collection/extraction/light/images/ARLY_SORO_0078_P_1.jpg,OK,0.004540148725601235,0,,0.0011
ARLY_SORO_0078_P_2,ARLY_SORO_0078,868,/Users/superbg/Documents/IEES/idmybee/data/Bombus/collection/extraction/light/images/ARLY_SORO_0078_P_2.jpg,OK,0.004560904128966135,0,,0.0011
ARLY_SORO_0078_S_1,ARLY_SORO_0078,869,/Users/superbg/Documents/IEES/idmybee/data/Bombus/collection/extraction/light/images/ARLY_SORO_0078_S_1.jpg,OK,0.004553817165076569,0,,0.0011
ARLY_SORO_0078_S_2,ARLY_SORO_0078,870,/Users/superbg/Documents/IEES/idmybee/data/Bombus/collection/extraction/light/images/ARLY_SORO_0078_S_2.jpg,OK,0.004623603185989402,0,,0.0010
ARLY_SORO_0078_S_3,ARLY_SORO_0078,871,/Users/superbg/Documents/IEES/idmybee/data/Bombus/collection/extraction/light/images/ARLY_SORO_0078_S_3.jpg,OK,0.004566952689559355,0,,0.0010
ARLY_SORO_0079_P_1,ARLY_SORO_0079,872,/Users/superbg/Documents/IEES/idmybee/data/Bombus/collection/extraction/light/images/ARLY_SORO_0079_P_1.jpg,OK,0.0044989049797552316,0,,0.0011
ARLY_SORO_0079_P_2,ARLY_SORO_0079,873,/Users/superbg/Documents/IEES/idmybee/data/Bombus/collection/extraction/light/images/ARLY_SORO_0079_P_2.jpg,OK,0.0046068746417146055,0,,0.0011
ARLY_SORO_0079_S_1,ARLY_SORO_0079,874,/Users/superbg/Documents/IEES/idmybee/data/Bombus/collection/extraction/light/images/ARLY_SORO_0079_S_1.jpg,OK,0.004547132176080385,0,,0.0011
ARLY_SORO_0079_S_2,ARLY_SORO_0079,875,/Users/superbg/Documents/IEES/idmybee/data/Bombus/collection/extraction/light/images/ARLY_SORO_0079_S_2.jpg,OK,0.0044626488561693885,0,,0.0011
ARLY_SORO_0079_S_3,ARLY_SORO_0079,876,/Users/superbg/Documents/IEES/idmybee/data/Bombus/collection/extraction/light/images/ARLY_SORO_0079_S_3.jpg,OK,0.004523225453253515,1,,0.0010
ARLY_SORO_0080_P_1,ARLY_SORO_0080,877,/Users/superbg/Documents/IEES/idmybee/data/Bombus/collection/extraction/light/images/ARLY_SORO_0080_P_1.jpg,OK,0.004567442556646898,0,,0.0011
ARLY_SORO_0080_P_2,ARLY_SORO_0080,878,/Users/superbg/Documents/IEES/idmybee/data/Bombus/collection/extraction/light/images/ARLY_SORO_0080_P_2.jpg,OK,0.004513796817378455,0,,0.0012
ARLY_SORO_0080_S_1,ARLY_SORO_0080,879,/Users/superbg/Documents/IEES/idmybee/data/Bombus/collection/extraction/light/images/ARLY_SORO_0080_S_1.jpg,OK,0.004576977578404867,0,,0.0012
ARLY_SORO_0080_S_2,ARLY_SORO_0080,880,/Users/superbg/Documents/IEES/idmybee/data/Bombus/collection/extraction/light/images/ARLY_SORO_0080_S_2.jpg,OK,0.004557611167237384,0,,0.0012
ARLY_SORO_0080_S_3,ARLY_SORO_0080,881,/Users/superbg/Documents/IEES/idmybee/data/Bombus/collection/extraction/light/images/ARLY_SORO_0080_S_3.jpg,OK,0.004501004813583705,0,,0.0011
ARLY_SORO_0081_P_1,ARLY_SORO_0081,882,/Users/superbg/Documents/IEES/idmybee/data/Bombus/collection/extraction/light/images/ARLY_SORO_0081_P_1.jpg,OK,0.004348030861197202,0,,0.0010
ARLY_SORO_0081_P_2,ARLY_SORO_0081,883,/Users/superbg/Documents/IEES/idmybee/data/Bombus/collection/extraction/light/images/ARLY_SORO_0081_P_2.jpg,OK,0.004338818717888992,0,,0.0011
ARLY_SORO_0081_S_1,ARLY_SORO_0081,884,/Users/superbg/Documents/IEES/idmybee/data/Bombus/collection/extraction/light/images/ARLY_SORO_0081_S_1.jpg,OK,0.004432188233567998,0,,0.0009
ARLY_SORO_0081_S_2,ARLY_SORO_0081,885,/Users/superbg/Documents/IEES/idmybee/data/Bombus/collection/extraction/light/images/ARLY_SORO_0081_S_2.jpg,OK,0.004346641328350212,0,,0.0009
ARLY_SORO_0081_S_3,ARLY_SORO_0081,886,/Users/superbg/Documents/IEES/idmybee/data/Bombus/collection/extraction/light/images/ARLY_SORO_0081_S_3.jpg,OK,0.004323614063800639,0,,0.0009
ARLY_SORO_0082_P_1,ARLY_SORO_0082,887,/Users/superbg/Documents/IEES/idmybee/data/Bombus/collection/extraction/light/images/ARLY_SORO_0082_P_1.jpg,OK,0.004443956617638589,0,,0.0010
ARLY_SORO_0082_P_2,ARLY_SORO_0082,888,/Users/superbg/Documents/IEES/idmybee/data/Bombus/collection/extraction/light/images/ARLY_SORO_0082_P_2.jpg,OK,0.004393068497718272,0,,0.0010
ARLY_SORO_0082_S_2,ARLY_SORO_0082,889,/Users/superbg/Documents/IEES/idmybee/data/Bombus/collection/extraction/light/images/ARLY_SORO_0082_S_2.jpg,OK,0.004478139825393957,0,,0.0010
ARLY_SORO_0083_P_1,ARLY_SORO_0083,890,/Users/superbg/Documents/IEES/idmybee/data/Bombus/collection/extraction/light/images/ARLY_SORO_0083_P_1.jpg,OK,0.0045138526032485506,0,,0.0011
ARLY_SORO_0083_P_2,ARLY_SORO_0083,891,/Users/superbg/Documents/IEES/idmybee/data/Bombus/collection/extraction/light/images/ARLY_SORO_0083_P_2.jpg,OK,0.004537375551677728,0,,0.0011
ARLY_SORO_0083_S_1,ARLY_SORO_0083,892,/Users/superbg/Documents/IEES/idmybee/data/Bombus/collection/extraction/light/images/ARLY_SORO_0083_S_1.jpg,OK,0.004451243947524793,0,,0.0011
ARLY_SORO_0083_S_2,ARLY_SORO_0083,893,/Users/superbg/Documents/IEES/idmybee/data/Bombus/collection/extraction/light/images/ARLY_SORO_0083_S_2.jpg,OK,0.004493858934766486,0,,0.0011
ARLY_SORO_0083_S_3,ARLY_SORO_0083,894,/Users/superbg/Documents/IEES/idmybee/data/Bombus/collection/extraction/light/images/ARLY_SORO_0083_S_3.jpg,OK,0.004562409100719781,0,,0.0011
ARLY_SORO_0084_P_1,ARLY_SORO_0084,895,/Users/superbg/Documents/IEES/idmybee/data/Bombus/collection/extraction/light/images/ARLY_SORO_0084_P_1.jpg,OK,0.004634765868005471,0,,0.0011
ARLY_SORO_0084_P_2,ARLY_SORO_0084,896,/Users/superbg/Documents/IEES/idmybee/data/Bombus/collection/extraction/light/images/ARLY_SORO_0084_P_2.jpg,OK,0.0045976402117085015,0,,0.0012
ARLY_SORO_0084_S_1,ARLY_SORO_0084,897,/Users/superbg/Documents/IEES/idmybee/data/Bombus/collection/extraction/light/images/ARLY_SORO_0084_S_1.jpg,OK,0.004686926183502282,0,,0.0010
ARLY_SORO_0084_S_2,ARLY_SORO_0084,898,/Users/superbg/Documents/IEES/idmybee/data/Bombus/collection/extraction/light/images/ARLY_SORO_0084_S_2.jpg,OK,0.004623011183600624,0,,0.0011
ARLY_SORO_0084_S_3,ARLY_SORO_0084,899,/Users/superbg/Documents/IEES/idmybee/data/Bombus/collection/extraction/light/images/ARLY_SORO_0084_S_3.jpg,OK,0.004606200385358796,0,,0.0010
ARLY_SORO_0085_P_1,ARLY_SORO_0085,900,/Users/superbg/Documents/IEES/idmybee/data/Bombus/collection/extraction/light/images/ARLY_SORO_0085_P_1.jpg,OK,0.004545838227488879,0,,0.0010
ARLY_SORO_0085_P_2,ARLY_SORO_0085,901,/Users/superbg/Documents/IEES/idmybee/data/Bombus/collection/extraction/light/images/ARLY_SORO_0085_P_2.jpg,OK,0.004532690292964683,0,,0.0011
ARLY_SORO_0085_S_1,ARLY_SORO_0085,902,/Users/superbg/Documents/IEES/idmybee/data/Bombus/collection/extraction/light/images/ARLY_SORO_0085_S_1.jpg,OK,0.004536313618213381,0,,0.0010
ARLY_SORO_0085_S_2,ARLY_SORO_0085,903,/Users/superbg/Documents/IEES/idmybee/data/Bombus/collection/extraction/light/images/ARLY_SORO_0085_S_2.jpg,OK,0.004574897519923352,0,,0.0013
ARLY_SORO_0085_S_3,ARLY_SORO_0085,904,/Users/superbg/Documents/IEES/idmybee/data/Bombus/collection/extraction/light/images/ARLY_SORO_0085_S_3.jpg,OK,0.004540969671542602,0,,0.0010
ARLY_SORO_0086_P_1,ARLY_SORO_0086,905,/Users/superbg/Documents/IEES/idmybee/data/Bombus/collection/extraction/light/images/ARLY_SORO_0086_P_1.jpg,OK,0.004505081608160658,0,,0.0011
ARLY_SORO_0086_P_2,ARLY_SORO_0086,906,/Users/superbg/Documents/IEES/idmybee/data/Bombus/collection/extraction/light/images/ARLY_SORO_0086_P_2.jpg,OK,0.004470858838097246,0,,0.0012
ARLY_SORO_0086_S_1,ARLY_SORO_0086,907,/Users/superbg/Documents/IEES/idmybee/data/Bombus/collection/extraction/light/images/ARLY_SORO_0086_S_1.jpg,OK,0.004420353810944342,0,,0.0011
ARLY_SORO_0086_S_2,ARLY_SORO_0086,908,/Users/superbg/Documents/IEES/idmybee/data/Bombus/collection/extraction/light/images/ARLY_SORO_0086_S_2.jpg,OK,0.004430048897949835,0,,0.0010
ARLY_SORO_0086_S_3,ARLY_SORO_0086,909,/Users/superbg/Documents/IEES/idmybee/data/Bombus/collection/extraction/light/images/ARLY_SORO_0086_S_3.jpg,OK,0.004429407855794543,0,,0.0015
ARLY_SORO_0087_P_1,ARLY_SORO_0087,910,/Users/superbg/Documents/IEES/idmybee/data/Bombus/collection/extraction/light/images/ARLY_SORO_0087_P_1.jpg,OK,0.00445327252910959,0,,0.0011
ARLY_SORO_0087_P_2,ARLY_SORO_0087,911,/Users/superbg/Documents/IEES/idmybee/data/Bombus/collection/extraction/light/images/ARLY_SORO_0087_P_2.jpg,OK,0.004533273781791689,0,,0.0011
ARLY_SORO_0087_S_1,ARLY_SORO_0087,912,/Users/superbg/Documents/IEES/idmybee/data/Bombus/collection/extraction/light/images/ARLY_SORO_0087_S_1.jpg,OK,0.0045734546557139565,0,,0.0010
ARLY_SORO_0087_S_2,ARLY_SORO_0087,913,/Users/superbg/Documents/IEES/idmybee/data/Bombus/collection/extraction/light/images/ARLY_SORO_0087_S_2.jpg,OK,0.004544699887749179,0,,0.0010
ARLY_SORO_0087_S_3,ARLY_SORO_0087,914,/Users/superbg/Documents/IEES/idmybee/data/Bombus/collection/extraction/light/images/ARLY_SORO_0087_S_3.jpg,OK,0.004618286561456188,0,,0.0011
ARLY_SORO_0088_P_1,ARLY_SORO_0088,915,/Users/superbg/Documents/IEES/idmybee/data/Bombus/collection/extraction/light/images/ARLY_SORO_0088_P_1.jpg,OK,0.004335529706062769,0,,0.0010
ARLY_SORO_0088_P_2,ARLY_SORO_0088,916,/Users/superbg/Documents/IEES/idmybee/data/Bombus/collection/extraction/light/images/ARLY_SORO_0088_P_2.jpg,OK,0.004416115515514051,0,,0.0010
ARLY_SORO_0088_S_1,ARLY_SORO_0088,917,/Users/superbg/Documents/IEES/idmybee/data/Bombus/collection/extraction/light/images/ARLY_SORO_0088_S_1.jpg,OK,0.0043278713573953135,0,,0.0010
ARLY_SORO_0088_S_2,ARLY_SORO_0088,918,/Users/superbg/Documents/IEES/idmybee/data/Bombus/collection/extraction/light/images/ARLY_SORO_0088_S_2.jpg,OK,0.00436902393239724,0,,0.0011
ARLY_SORO_0088_S_3,ARLY_SORO_0088,919,/Users/superbg/Documents/IEES/idmybee/data/Bombus/collection/extraction/light/images/ARLY_SORO_0088_S_3.jpg,OK,0.004343610639786795,0,,0.0010
ARLY_SORO_0089_P_1,ARLY_SORO_0089,920,/Users/superbg/Documents/IEES/idmybee/data/Bombus/collection/extraction/light/images/ARLY_SORO_0089_P_1.jpg,OK,0.00457594195532375,0,,0.0010
ARLY_SORO_0089_P_2,ARLY_SORO_0089,921,/Users/superbg/Documents/IEES/idmybee/data/Bombus/collection/extraction/light/images/ARLY_SORO_0089_P_2.jpg,OK,0.00463875149954278,0,,0.0010
ARLY_SORO_0089_S_1,ARLY_SORO_0089,922,/Users/superbg/Documents/IEES/idmybee/data/Bombus/collection/extraction/light/images/ARLY_SORO_0089_S_1.jpg,OK,0.004572877566440389,0,,0.0010
ARLY_SORO_0089_S_2,ARLY_SORO_0089,923,/Users/superbg/Documents/IEES/idmybee/data/Bombus/collection/extraction/light/images/ARLY_SORO_0089_S_2.jpg,OK,0.0045812119734551056,0,,0.0011
ARLY_SORO_0089_S_3,ARLY_SORO_0089,924,/Users/superbg/Documents/IEES/idmybee/data/Bombus/collection/extraction/light/images/ARLY_SORO_0089_S_3.jpg,OK,0.0045975024903310065,0,,0.0012
ARLY_SORO_0090_P_1,ARLY_SORO_0090,925,/Users/superbg/Documents/IEES/idmybee/data/Bombus/collection/extraction/light/images/ARLY_SORO_0090_P_1.jpg,OK,0.004630251341510178,0,,0.0010
ARLY_SORO_0090_P_2,ARLY_SORO_0090,926,/Users/superbg/Documents/IEES/idmybee/data/Bombus/collection/extraction/light/images/ARLY_SORO_0090_P_2.jpg,OK,0.004683589987640016,0,,0.0011
ARLY_SORO_0090_S_1,ARLY_SORO_0090,927,/Users/superbg/Documents/IEES/idmybee/data/Bombus/collection/extraction/light/images/ARLY_SORO_0090_S_1.jpg,OK,0.004768508882325222,0,,0.0012
ARLY_SORO_0090_S_2,ARLY_SORO_0090,928,/Users/superbg/Documents/IEES/idmybee/data/Bombus/collection/extraction/light/images/ARLY_SORO_0090_S_2.jpg,OK,0.0046171304104696675,0,,0.0011
ARLY_SORO_0090_S_3,ARLY_SORO_0090,929,/Users/superbg/Documents/IEES/idmybee/data/Bombus/collection/extraction/light/images/ARLY_SORO_0090_S_3.jpg,OK,0.004710252782627595,0,,0.0011
ARLY_SORO_0091_P_1,ARLY_SORO_0091,930,/Users/superbg/Documents/IEES/idmybee/data/Bombus/collection/extraction/light/images/ARLY_SORO_0091_P_1.jpg,OK,0.004640001951741175,0,,0.0010
ARLY_SORO_0091_P_2,ARLY_SORO_0091,931,/Users/superbg/Documents/IEES/idmybee/data/Bombus/collection/extraction/light/images/ARLY_SORO_0091_P_2.jpg,OK,0.004671786671740801,0,,0.0010
ARLY_SORO_0091_S_1,ARLY_SORO_0091,932,/Users/superbg/Documents/IEES/idmybee/data/Bombus/collection/extraction/light/images/ARLY_SORO_0091_S_1.jpg,OK,0.0045242521321353915,0,,0.0010
ARLY_SORO_0091_S_2,ARLY_SORO_0091,933,/Users/superbg/Documents/IEES/idmybee/data/Bombus/collection/extraction/light/images/ARLY_SORO_0091_S_2.jpg,OK,0.004609752409925855,0,,0.0011
ARLY_SORO_0091_S_3,ARLY_SORO_0091,934,/Users/superbg/Documents/IEES/idmybee/data/Bombus/collection/extraction/light/images/ARLY_SORO_0091_S_3.jpg,OK,0.004615438059747946,0,,0.0010
ARLY_SORO_0092_P_1,ARLY_SORO_0092,935,/Users/superbg/Documents/IEES/idmybee/data/Bombus/collection/extraction/light/images/ARLY_SORO_0092_P_1.jpg,OK,0.004582020305743543,0,,0.0010
ARLY_SORO_0092_P_2,ARLY_SORO_0092,936,/Users/superbg/Documents/IEES/idmybee/data/Bombus/collection/extraction/light/images/ARLY_SORO_0092_P_2.jpg,OK,0.004586707263665907,0,,0.0010
ARLY_SORO_0092_S_1,ARLY_SORO_0092,937,/Users/superbg/Documents/IEES/idmybee/data/Bombus/collection/extraction/light/images/ARLY_SORO_0092_S_1.jpg,OK,0.004656085126734013,0,,0.0010
ARLY_SORO_0092_S_2,ARLY_SORO_0092,938,/Users/superbg/Documents/IEES/idmybee/data/Bombus/collection/extraction/light/images/ARLY_SORO_0092_S_2.jpg,OK,0.004574381127378942,0,,0.0011
ARLY_SORO_0092_S_3,ARLY_SORO_0092,939,/Users/superbg/Documents/IEES/idmybee/data/Bombus/collection/extraction/light/images/ARLY_SORO_0092_S_3.jpg,OK,0.004497565223195121,0,,0.0011
ARLY_SORO_0093_P_1,ARLY_SORO_0093,940,/Users/superbg/Documents/IEES/idmybee/data/Bombus/collection/extraction/light/images/ARLY_SORO_0093_P_1.jpg,OK,0.00465820079402208,0,,0.0011
ARLY_SORO_0093_P_2,ARLY_SORO_0093,941,/Users/superbg/Documents/IEES/idmybee/data/Bombus/collection/extraction/light/images/ARLY_SORO_0093_P_2.jpg,OK,0.004617242867365745,0,,0.0011
ARLY_SORO_0093_S_1,ARLY_SORO_0093,942,/Users/superbg/Documents/IEES/idmybee/data/Bombus/collection/extraction/light/images/ARLY_SORO_0093_S_1.jpg,OK,0.004643278152426041,0,,0.0011
ARLY_SORO_0093_S_2,ARLY_SORO_0093,943,/Users/superbg/Documents/IEES/idmybee/data/Bombus/collection/extraction/light/images/ARLY_SORO_0093_S_2.jpg,OK,0.004723376107270866,1,,0.0011
ARLY_SORO_0094_P_1,ARLY_SORO_0094,944,/Users/superbg/Documents/IEES/idmybee/data/Bombus/collection/extraction/light/images/ARLY_SORO_0094_P_1.jpg,OK,0.004489090881303424,0,,0.0011
ARLY_SORO_0094_P_2,ARLY_SORO_0094,945,/Users/superbg/Documents/IEES/idmybee/data/Bombus/collection/extraction/light/images/ARLY_SORO_0094_P_2.jpg,OK,0.004483907194359727,0,,0.0011
ARLY_SORO_0094_S_1,ARLY_SORO_0094,946,/Users/superbg/Documents/IEES/idmybee/data/Bombus/collection/extraction/light/images/ARLY_SORO_0094_S_1.jpg,OK,0.0044746294425722045,1,,0.0011
ARLY_SORO_0094_S_2,ARLY_SORO_0094,947,/Users/superbg/Documents/IEES/idmybee/data/Bombus/collection/extraction/light/images/ARLY_SORO_0094_S_2.jpg,OK,0.004774865340543551,0,,0.0010
ARLY_SORO_0095_P_1,ARLY_SORO_0095,948,/Users/superbg/Documents/IEES/idmybee/data/Bombus/collection/extraction/light/images/ARLY_SORO_0095_P_1.jpg,OK,0.004608227700973324,0,,0.0010
ARLY_SORO_0095_P_2,ARLY_SORO_0095,949,/Users/superbg/Documents/IEES/idmybee/data/Bombus/collection/extraction/light/images/ARLY_SORO_0095_P_2.jpg,OK,0.004621573824908239,0,,0.0010
ARLY_SORO_0095_S_1,ARLY_SORO_0095,950,/Users/superbg/Documents/IEES/idmybee/data/Bombus/collection/extraction/light/images/ARLY_SORO_0095_S_1.jpg,OK,0.004705968491527589,0,,0.0010
ARLY_SORO_0095_S_2,ARLY_SORO_0095,951,/Users/superbg/Documents/IEES/idmybee/data/Bombus/collection/extraction/light/images/ARLY_SORO_0095_S_2.jpg,OK,0.004594619579781877,0,,0.0011
ARLY_SORO_0095_S_3,ARLY_SORO_0095,952,/Users/superbg/Documents/IEES/idmybee/data/Bombus/collection/extraction/light/images/ARLY_SORO_0095_S_3.jpg,OK,0.00460144538814686,0,,0.0010
ARLY_SORO_0096_P_1,ARLY_SORO_0096,953,/Users/superbg/Documents/IEES/idmybee/data/Bombus/collection/extraction/light/images/ARLY_SORO_0096_P_1.jpg,OK,0.004569746513983716,0,,0.0011
ARLY_SORO_0096_P_2,ARLY_SORO_0096,954,/Users/superbg/Documents/IEES/idmybee/data/Bombus/collection/extraction/light/images/ARLY_SORO_0096_P_2.jpg,OK,0.004482576070076759,0,,0.0011
ARLY_SORO_0096_S_1,ARLY_SORO_0096,955,/Users/superbg/Documents/IEES/idmybee/data/Bombus/collection/extraction/light/images/ARLY_SORO_0096_S_1.jpg,OK,0.004452724318642301,0,,0.0008
ARLY_SORO_0096_S_2,ARLY_SORO_0096,956,/Users/superbg/Documents/IEES/idmybee/data/Bombus/collection/extraction/light/images/ARLY_SORO_0096_S_2.jpg,OK,0.004456526475187493,0,,0.0009
ARLY_SORO_0096_S_3,ARLY_SORO_0096,957,/Users/superbg/Documents/IEES/idmybee/data/Bombus/collection/extraction/light/images/ARLY_SORO_0096_S_3.jpg,OK,0.004423773335715958,0,,0.0010
ARLY_SORO_0097_P_1,ARLY_SORO_0097,958,/Users/superbg/Documents/IEES/idmybee/data/Bombus/collection/extraction/light/images/ARLY_SORO_0097_P_1.jpg,OK,0.004652334598476614,0,,0.0011
ARLY_SORO_0097_P_2,ARLY_SORO_0097,959,/Users/superbg/Documents/IEES/idmybee/data/Bombus/collection/extraction/light/images/ARLY_SORO_0097_P_2.jpg,OK,0.00466285461298869,0,,0.0011
ARLY_SORO_0097_S_1,ARLY_SORO_0097,960,/Users/superbg/Documents/IEES/idmybee/data/Bombus/collection/extraction/light/images/ARLY_SORO_0097_S_1.jpg,OK,0.004697864547241402,0,,0.0011
ARLY_SORO_0097_S_2,ARLY_SORO_0097,961,/Users/superbg/Documents/IEES/idmybee/data/Bombus/collection/extraction/light/images/ARLY_SORO_0097_S_2.jpg,OK,0.004624853907356008,0,,0.0011
ARLY_SORO_0097_S_3,ARLY_SORO_0097,962,/Users/superbg/Documents/IEES/idmybee/data/Bombus/collection/extraction/light/images/ARLY_SORO_0097_S_3.jpg,OK,0.004711774786038261,0,,0.0010
ARLY_SORO_0099_P_1,ARLY_SORO_0099,963,/Users/superbg/Documents/IEES/idmybee/data/Bombus/collection/extraction/light/images/ARLY_SORO_0099_P_1.jpg,OK,0.004295275721381449,0,,0.0011
ARLY_SORO_0099_P_2,ARLY_SORO_0099,964,/Users/superbg/Documents/IEES/idmybee/data/Bombus/collection/extraction/light/images/ARLY_SORO_0099_P_2.jpg,OK,0.004300464505001293,0,,0.0011
ARLY_SORO_0099_S_1,ARLY_SORO_0099,965,/Users/superbg/Documents/IEES/idmybee/data/Bombus/collection/extraction/light/images/ARLY_SORO_0099_S_1.jpg,OK,0.004289830063779497,0,,0.0010
ARLY_SORO_0099_S_2,ARLY_SORO_0099,966,/Users/superbg/Documents/IEES/idmybee/data/Bombus/collection/extraction/light/images/ARLY_SORO_0099_S_2.jpg,OK,0.004318396999917139,0,,0.0010
ARLY_SORO_0099_S_3,ARLY_SORO_0099,967,/Users/superbg/Documents/IEES/idmybee/data/Bombus/collection/extraction/light/images/ARLY_SORO_0099_S_3.jpg,OK,0.004286979444647692,0,,0.0011
ARLY_SORO_0100_P_1,ARLY_SORO_0100,968,/Users/superbg/Documents/IEES/idmybee/data/Bombus/collection/extraction/light/images/ARLY_SORO_0100_P_1.jpg,OK,0.004339951688590385,0,,0.0011
ARLY_SORO_0100_P_2,ARLY_SORO_0100,969,/Users/superbg/Documents/IEES/idmybee/data/Bombus/collection/extraction/light/images/ARLY_SORO_0100_P_2.jpg,OK,0.004260808059687161,0,,0.0010
ARLY_SORO_0100_S_1,ARLY_SORO_0100,970,/Users/superbg/Documents/IEES/idmybee/data/Bombus/collection/extraction/light/images/ARLY_SORO_0100_S_1.jpg,OK,0.004327053151883562,0,,0.0012
ARLY_SORO_0100_S_2,ARLY_SORO_0100,971,/Users/superbg/Documents/IEES/idmybee/data/Bombus/collection/extraction/light/images/ARLY_SORO_0100_S_2.jpg,OK,0.004306391582096267,0,,0.0013
ARLY_SORO_0100_S_3,ARLY_SORO_0100,972,/Users/superbg/Documents/IEES/idmybee/data/Bombus/collection/extraction/light/images/ARLY_SORO_0100_S_3.jpg,OK,0.004312029360315262,0,,0.0011
ARLY_SORO_0101_P_1,ARLY_SORO_0101,973,/Users/superbg/Documents/IEES/idmybee/data/Bombus/collection/extraction/light/images/ARLY_SORO_0101_P_1.jpg,OK,0.0045631594464672735,0,,0.0011
ARLY_SORO_0101_P_2,ARLY_SORO_0101,974,/Users/superbg/Documents/IEES/idmybee/data/Bombus/collection/extraction/light/images/ARLY_SORO_0101_P_2.jpg,OK,0.004585227822540879,0,,0.0011
ARLY_SORO_0101_S_1,ARLY_SORO_0101,975,/Users/superbg/Documents/IEES/idmybee/data/Bombus/collection/extraction/light/images/ARLY_SORO_0101_S_1.jpg,OK,0.004618656561086234,0,,0.0012
ARLY_SORO_0101_S_2,ARLY_SORO_0101,976,/Users/superbg/Documents/IEES/idmybee/data/Bombus/collection/extraction/light/images/ARLY_SORO_0101_S_2.jpg,OK,0.004569701225337034,0,,0.0012
ARLY_SORO_0101_S_3,ARLY_SORO_0101,977,/Users/superbg/Documents/IEES/idmybee/data/Bombus/collection/extraction/light/images/ARLY_SORO_0101_S_3.jpg,OK,0.004587072749755032,0,,0.0010
ARLY_SORO_0102_P_1,ARLY_SORO_0102,978,/Users/superbg/Documents/IEES/idmybee/data/Bombus/collection/extraction/light/images/ARLY_SORO_0102_P_1.jpg,OK,0.004753237619374684,0,,0.0010
ARLY_SORO_0102_P_2,ARLY_SORO_0102,979,/Users/superbg/Documents/IEES/idmybee/data/Bombus/collection/extraction/light/images/ARLY_SORO_0102_P_2.jpg,OK,0.004658052337738399,1,,0.0010
ARLY_SORO_0102_S_1,ARLY_SORO_0102,980,/Users/superbg/Documents/IEES/idmybee/data/Bombus/collection/extraction/light/images/ARLY_SORO_0102_S_1.jpg,OK,0.004737698669414087,0,,0.0012
ARLY_SORO_0102_S_2,ARLY_SORO_0102,981,/Users/superbg/Documents/IEES/idmybee/data/Bombus/collection/extraction/light/images/ARLY_SORO_0102_S_2.jpg,OK,0.004619107317396533,0,,0.0012
ARLY_SORO_0102_S_3,ARLY_SORO_0102,982,/Users/superbg/Documents/IEES/idmybee/data/Bombus/collection/extraction/light/images/ARLY_SORO_0102_S_3.jpg,OK,0.0046590503300149915,0,,0.0011
ARLY_SORO_0103_P_1,ARLY_SORO_0103,983,/Users/superbg/Documents/IEES/idmybee/data/Bombus/collection/extraction/light/images/ARLY_SORO_0103_P_1.jpg,OK,0.004307851204452566,0,,0.0014
ARLY_SORO_0103_P_2,ARLY_SORO_0103,984,/Users/superbg/Documents/IEES/idmybee/data/Bombus/collection/extraction/light/images/ARLY_SORO_0103_P_2.jpg,OK,0.004358737568688877,0,,0.0010
ARLY_SORO_0103_S_1,ARLY_SORO_0103,985,/Users/superbg/Documents/IEES/idmybee/data/Bombus/collection/extraction/light/images/ARLY_SORO_0103_S_1.jpg,OK,0.004429008085558386,0,,0.0010
ARLY_SORO_0103_S_2,ARLY_SORO_0103,986,/Users/superbg/Documents/IEES/idmybee/data/Bombus/collection/extraction/light/images/ARLY_SORO_0103_S_2.jpg,OK,0.00441453812937335,0,,0.0011
ARLY_SORO_0103_S_3,ARLY_SORO_0103,987,/Users/superbg/Documents/IEES/idmybee/data/Bombus/collection/extraction/light/images/ARLY_SORO_0103_S_3.jpg,OK,0.004412646175928314,0,,0.0011
ARLY_SORO_0104_P_1,ARLY_SORO_0104,988,/Users/superbg/Documents/IEES/idmybee/data/Bombus/collection/extraction/light/images/ARLY_SORO_0104_P_1.jpg,OK,0.004534823491275909,0,,0.0010
ARLY_SORO_0104_P_2,ARLY_SORO_0104,989,/Users/superbg/Documents/IEES/idmybee/data/Bombus/collection/extraction/light/images/ARLY_SORO_0104_P_2.jpg,OK,0.004579367511977481,0,,0.0012
ARLY_SORO_0104_S_1,ARLY_SORO_0104,990,/Users/superbg/Documents/IEES/idmybee/data/Bombus/collection/extraction/light/images/ARLY_SORO_0104_S_1.jpg,OK,0.004592301006197547,0,,0.0011
ARLY_SORO_0104_S_2,ARLY_SORO_0104,991,/Users/superbg/Documents/IEES/idmybee/data/Bombus/collection/extraction/light/images/ARLY_SORO_0104_S_2.jpg,OK,0.004679730166365235,0,,0.0010
ARLY_SORO_0104_S_3,ARLY_SORO_0104,992,/Users/superbg/Documents/IEES/idmybee/data/Bombus/collection/extraction/light/images/ARLY_SORO_0104_S_3.jpg,OK,0.004619467783381406,0,,0.0011
ARLY_SORO_0105_P_1,ARLY_SORO_0105,993,/Users/superbg/Documents/IEES/idmybee/data/Bombus/collection/extraction/light/images/ARLY_SORO_0105_P_1.jpg,OK,0.004526145681970975,0,,0.0010
ARLY_SORO_0105_P_2,ARLY_SORO_0105,994,/Users/superbg/Documents/IEES/idmybee/data/Bombus/collection/extraction/light/images/ARLY_SORO_0105_P_2.jpg,OK,0.004478155436793462,0,,0.0010
ARLY_SORO_0105_S_1,ARLY_SORO_0105,995,/Users/superbg/Documents/IEES/idmybee/data/Bombus/collection/extraction/light/images/ARLY_SORO_0105_S_1.jpg,OK,0.004529690193582551,0,,0.0010
ARLY_SORO_0105_S_2,ARLY_SORO_0105,996,/Users/superbg/Documents/IEES/idmybee/data/Bombus/collection/extraction/light/images/ARLY_SORO_0105_S_2.jpg,OK,0.00455564508253422,0,,0.0011
ARLY_SORO_0105_S_3,ARLY_SORO_0105,997,/Users/superbg/Documents/IEES/idmybee/data/Bombus/collection/extraction/light/images/ARLY_SORO_0105_S_3.jpg,OK,0.004566005327635951,0,,0.0011
ARLY_SORO_0106_P_1,ARLY_SORO_0106,998,/Users/superbg/Documents/IEES/idmybee/data/Bombus/collection/extraction/light/images/ARLY_SORO_0106_P_1.jpg,OK,0.004847046437606804,0,,0.0011
ARLY_SORO_0106_P_2,ARLY_SORO_0106,999,/Users/superbg/Documents/IEES/idmybee/data/Bombus/collection/extraction/light/images/ARLY_SORO_0106_P_2.jpg,OK,0.004768291310530987,0,,0.0011
ARLY_SORO_0106_S_1,ARLY_SORO_0106,1000,/Users/superbg/Documents/IEES/idmybee/data/Bombus/collection/extraction/light/images/ARLY_SORO_0106_S_1.jpg,OK,0.004770353324190523,0,,0.0011
ARLY_SORO_0106_S_2,ARLY_SORO_0106,1001,/Users/superbg/Documents/IEES/idmybee/data/Bombus/collection/extraction/light/images/ARLY_SORO_0106_S_2.jpg,OK,0.004764316154617425,0,,0.0011
ARLY_SORO_0106_S_3,ARLY_SORO_0106,1002,/Users/superbg/Documents/IEES/idmybee/data/Bombus/collection/extraction/light/images/ARLY_SORO_0106_S_3.jpg,OK,0.004821275696863271,0,,0.0011
ARLY_SORO_0107_P_1,ARLY_SORO_0107,1003,/Users/superbg/Documents/IEES/idmybee/data/Bombus/collection/extraction/light/images/ARLY_SORO_0107_P_1.jpg,OK,0.004621141710734772,0,,0.0013
ARLY_SORO_0107_P_2,ARLY_SORO_0107,1004,/Users/superbg/Documents/IEES/idmybee/data/Bombus/collection/extraction/light/images/ARLY_SORO_0107_P_2.jpg,OK,0.004610103684279314,1,,0.0012
ARLY_SORO_0107_S_1,ARLY_SORO_0107,1005,/Users/superbg/Documents/IEES/idmybee/data/Bombus/collection/extraction/light/images/ARLY_SORO_0107_S_1.jpg,OK,0.004607246191860926,0,,0.0011
ARLY_SORO_0107_S_2,ARLY_SORO_0107,1006,/Users/superbg/Documents/IEES/idmybee/data/Bombus/collection/extraction/light/images/ARLY_SORO_0107_S_2.jpg,OK,0.004454310450697382,0,,0.0010
ARLY_SORO_0107_S_3,ARLY_SORO_0107,1007,/Users/superbg/Documents/IEES/idmybee/data/Bombus/collection/extraction/light/images/ARLY_SORO_0107_S_3.jpg,OK,0.004605149703825355,1,,0.0010
ARLY_SORO_0108_P_1,ARLY_SORO_0108,1008,/Users/superbg/Documents/IEES/idmybee/data/Bombus/collection/extraction/light/images/ARLY_SORO_0108_P_1.jpg,OK,0.004620088309446202,0,,0.0010
ARLY_SORO_0108_P_2,ARLY_SORO_0108,1009,/Users/superbg/Documents/IEES/idmybee/data/Bombus/collection/extraction/light/images/ARLY_SORO_0108_P_2.jpg,OK,0.004606208735218182,0,,0.0010
ARLY_SORO_0108_S_1,ARLY_SORO_0108,1010,/Users/superbg/Documents/IEES/idmybee/data/Bombus/collection/extraction/light/images/ARLY_SORO_0108_S_1.jpg,OK,0.004588368215057686,0,,0.0010
ARLY_SORO_0108_S_2,ARLY_SORO_0108,1011,/Users/superbg/Documents/IEES/idmybee/data/Bombus/collection/extraction/light/images/ARLY_SORO_0108_S_2.jpg,OK,0.004648266840095921,0,,0.0011
ARLY_SORO_0108_S_3,ARLY_SORO_0108,1012,/Users/superbg/Documents/IEES/idmybee/data/Bombus/collection/extraction/light/images/ARLY_SORO_0108_S_3.jpg,OK,0.004577505884496422,0,,0.0010
ARLY_SORO_0109_P_1,ARLY_SORO_0109,1013,/Users/superbg/Documents/IEES/idmybee/data/Bombus/collection/extraction/light/images/ARLY_SORO_0109_P_1.jpg,OK,0.004469322649578444,0,,0.0011
ARLY_SORO_0109_P_2,ARLY_SORO_0109,1014,/Users/superbg/Documents/IEES/idmybee/data/Bombus/collection/extraction/light/images/ARLY_SORO_0109_P_2.jpg,OK,0.004524761698131234,0,,0.0011
ARLY_SORO_0109_S_1,ARLY_SORO_0109,1015,/Users/superbg/Documents/IEES/idmybee/data/Bombus/collection/extraction/light/images/ARLY_SORO_0109_S_1.jpg,OK,0.0046207084934234924,0,,0.0012
ARLY_SORO_0109_S_2,ARLY_SORO_0109,1016,/Users/superbg/Documents/IEES/idmybee/data/Bombus/collection/extraction/light/images/ARLY_SORO_0109_S_2.jpg,OK,0.004578916896566144,0,,0.0010
ARLY_SORO_0109_S_3,ARLY_SORO_0109,1017,/Users/superbg/Documents/IEES/idmybee/data/Bombus/collection/extraction/light/images/ARLY_SORO_0109_S_3.jpg,OK,0.004584367483723799,0,,0.0010
ARLY_SORO_0110_P_1,ARLY_SORO_0110,1018,/Users/superbg/Documents/IEES/idmybee/data/Bombus/collection/extraction/light/images/ARLY_SORO_0110_P_1.jpg,OK,0.00441188763852129,0,,0.0011
ARLY_SORO_0110_P_2,ARLY_SORO_0110,1019,/Users/superbg/Documents/IEES/idmybee/data/Bombus/collection/extraction/light/images/ARLY_SORO_0110_P_2.jpg,OK,0.004448496897243114,0,,0.0011
ARLY_SORO_0110_S_1,ARLY_SORO_0110,1020,/Users/superbg/Documents/IEES/idmybee/data/Bombus/collection/extraction/light/images/ARLY_SORO_0110_S_1.jpg,OK,0.004430560757048295,0,,0.0013
ARLY_SORO_0110_S_2,ARLY_SORO_0110,1021,/Users/superbg/Documents/IEES/idmybee/data/Bombus/collection/extraction/light/images/ARLY_SORO_0110_S_2.jpg,OK,0.004331510979862459,0,,0.0011
ARLY_SORO_0110_S_3,ARLY_SORO_0110,1022,/Users/superbg/Documents/IEES/idmybee/data/Bombus/collection/extraction/light/images/ARLY_SORO_0110_S_3.jpg,OK,0.004361860397881053,0,,0.0011
ARLY_SORO_0111_P_1,ARLY_SORO_0111,1023,/Users/superbg/Documents/IEES/idmybee/data/Bombus/collection/extraction/light/images/ARLY_SORO_0111_P_1.jpg,OK,0.0044490315876562075,0,,0.0010
ARLY_SORO_0111_P_2,ARLY_SORO_0111,1024,/Users/superbg/Documents/IEES/idmybee/data/Bombus/collection/extraction/light/images/ARLY_SORO_0111_P_2.jpg,OK,0.004466612431814017,0,,0.0010
ARLY_SORO_0111_S_1,ARLY_SORO_0111,1025,/Users/superbg/Documents/IEES/idmybee/data/Bombus/collection/extraction/light/images/ARLY_SORO_0111_S_1.jpg,OK,0.004642104620935717,0,,0.0010
ARLY_SORO_0111_S_2,ARLY_SORO_0111,1026,/Users/superbg/Documents/IEES/idmybee/data/Bombus/collection/extraction/light/images/ARLY_SORO_0111_S_2.jpg,OK,0.004561154197789919,0,,0.0011
ARLY_SORO_0111_S_3,ARLY_SORO_0111,1027,/Users/superbg/Documents/IEES/idmybee/data/Bombus/collection/extraction/light/images/ARLY_SORO_0111_S_3.jpg,OK,0.00447087935442093,0,,0.0010
ARLY_SORO_0112_P_1,ARLY_SORO_0112,1028,/Users/superbg/Documents/IEES/idmybee/data/Bombus/collection/extraction/light/images/ARLY_SORO_0112_P_1.jpg,OK,0.004414848254023414,0,,0.0010
ARLY_SORO_0112_P_2,ARLY_SORO_0112,1029,/Users/superbg/Documents/IEES/idmybee/data/Bombus/collection/extraction/light/images/ARLY_SORO_0112_P_2.jpg,OK,0.004514326341862211,0,,0.0010
ARLY_SORO_0112_S_1,ARLY_SORO_0112,1030,/Users/superbg/Documents/IEES/idmybee/data/Bombus/collection/extraction/light/images/ARLY_SORO_0112_S_1.jpg,OK,0.004456041481456161,0,,0.0011
ARLY_SORO_0112_S_2,ARLY_SORO_0112,1031,/Users/superbg/Documents/IEES/idmybee/data/Bombus/collection/extraction/light/images/ARLY_SORO_0112_S_2.jpg,OK,0.004513071743026192,0,,0.0011
ARLY_SORO_0112_S_3,ARLY_SORO_0112,1032,/Users/superbg/Documents/IEES/idmybee/data/Bombus/collection/extraction/light/images/ARLY_SORO_0112_S_3.jpg,OK,0.00440002835906412,0,,0.0011
ARLY_SORO_0113_P_1,ARLY_SORO_0113,1033,/Users/superbg/Documents/IEES/idmybee/data/Bombus/collection/extraction/light/images/ARLY_SORO_0113_P_1.jpg,OK,0.004818983853599868,0,,0.0010
ARLY_SORO_0113_P_2,ARLY_SORO_0113,1034,/Users/superbg/Documents/IEES/idmybee/data/Bombus/collection/extraction/light/images/ARLY_SORO_0113_P_2.jpg,OK,0.004789012858329458,0,,0.0012
ARLY_SORO_0113_S_1,ARLY_SORO_0113,1035,/Users/superbg/Documents/IEES/idmybee/data/Bombus/collection/extraction/light/images/ARLY_SORO_0113_S_1.jpg,OK,0.004750043091542242,0,,0.0012
ARLY_SORO_0113_S_2,ARLY_SORO_0113,1036,/Users/superbg/Documents/IEES/idmybee/data/Bombus/collection/extraction/light/images/ARLY_SORO_0113_S_2.jpg,OK,0.004796776765155184,0,,0.0010
ARLY_SORO_0113_S_3,ARLY_SORO_0113,1037,/Users/superbg/Documents/IEES/idmybee/data/Bombus/collection/extraction/light/images/ARLY_SORO_0113_S_3.jpg,OK,0.00473892349832106,0,,0.0010
ARLY_SORO_0114_P_1,ARLY_SORO_0114,1038,/Users/superbg/Documents/IEES/idmybee/data/Bombus/collection/extraction/light/images/ARLY_SORO_0114_P_1.jpg,OK,0.0043909083135349365,1,,0.0010
ARLY_SORO_0114_P_2,ARLY_SORO_0114,1039,/Users/superbg/Documents/IEES/idmybee/data/Bombus/collection/extraction/light/images/ARLY_SORO_0114_P_2.jpg,OK,0.004446771784153179,0,,0.0010
ARLY_SORO_0114_S_1,ARLY_SORO_0114,1040,/Users/superbg/Documents/IEES/idmybee/data/Bombus/collection/extraction/light/images/ARLY_SORO_0114_S_1.jpg,OK,0.004379052211496392,1,,0.0008
ARLY_SORO_0114_S_2,ARLY_SORO_0114,1041,/Users/superbg/Documents/IEES/idmybee/data/Bombus/collection/extraction/light/images/ARLY_SORO_0114_S_2.jpg,OK,0.004434067845499603,1,,0.0010
ARLY_SORO_0114_S_3,ARLY_SORO_0114,1042,/Users/superbg/Documents/IEES/idmybee/data/Bombus/collection/extraction/light/images/ARLY_SORO_0114_S_3.jpg,OK,0.004398091898466896,1,,0.0011
ARLY_SORO_0116_P_1,ARLY_SORO_0116,1043,/Users/superbg/Documents/IEES/idmybee/data/Bombus/collection/extraction/light/images/ARLY_SORO_0116_P_1.jpg,OK,0.004508067249297929,0,,0.0011
ARLY_SORO_0116_P_2,ARLY_SORO_0116,1044,/Users/superbg/Documents/IEES/idmybee/data/Bombus/collection/extraction/light/images/ARLY_SORO_0116_P_2.jpg,OK,0.004523352248813519,0,,0.0010
ARLY_SORO_0116_S_1,ARLY_SORO_0116,1045,/Users/superbg/Documents/IEES/idmybee/data/Bombus/collection/extraction/light/images/ARLY_SORO_0116_S_1.jpg,OK,0.004585459948781627,0,,0.0011
ARLY_SORO_0116_S_2,ARLY_SORO_0116,1046,/Users/superbg/Documents/IEES/idmybee/data/Bombus/collection/extraction/light/images/ARLY_SORO_0116_S_2.jpg,OK,0.004530775134202495,0,,0.0011
ARLY_SORO_0116_S_3,ARLY_SORO_0116,1047,/Users/superbg/Documents/IEES/idmybee/data/Bombus/collection/extraction/light/images/ARLY_SORO_0116_S_3.jpg,OK,0.004506593793588759,0,,0.0012
ARLY_SORO_0117_P_1,ARLY_SORO_0117,1048,/Users/superbg/Documents/IEES/idmybee/data/Bombus/collection/extraction/light/images/ARLY_SORO_0117_P_1.jpg,OK,0.0046616198368985996,0,,0.0010
ARLY_SORO_0117_P_2,ARLY_SORO_0117,1049,/Users/superbg/Documents/IEES/idmybee/data/Bombus/collection/extraction/light/images/ARLY_SORO_0117_P_2.jpg,OK,0.004608376873852917,0,,0.0010
ARLY_SORO_0117_S_1,ARLY_SORO_0117,1050,/Users/superbg/Documents/IEES/idmybee/data/Bombus/collection/extraction/light/images/ARLY_SORO_0117_S_1.jpg,OK,0.004641476780289063,0,,0.0012
ARLY_SORO_0117_S_2,ARLY_SORO_0117,1051,/Users/superbg/Documents/IEES/idmybee/data/Bombus/collection/extraction/light/images/ARLY_SORO_0117_S_2.jpg,OK,0.004679720739253065,0,,0.0013
ARLY_SORO_0117_S_3,ARLY_SORO_0117,1052,/Users/superbg/Documents/IEES/idmybee/data/Bombus/collection/extraction/light/images/ARLY_SORO_0117_S_3.jpg,OK,0.004628049426690664,0,,0.0011
ARLY_SORO_0118_P_1,ARLY_SORO_0118,1053,/Users/superbg/Documents/IEES/idmybee/data/Bombus/collection/extraction/light/images/ARLY_SORO_0118_P_1.jpg,OK,0.00436747229322956,0,,0.0009
ARLY_SORO_0118_P_2,ARLY_SORO_0118,1054,/Users/superbg/Documents/IEES/idmybee/data/Bombus/collection/extraction/light/images/ARLY_SORO_0118_P_2.jpg,OK,0.0044054611468620115,0,,0.0009
ARLY_SORO_0118_S_1,ARLY_SORO_0118,1055,/Users/superbg/Documents/IEES/idmybee/data/Bombus/collection/extraction/light/images/ARLY_SORO_0118_S_1.jpg,OK,0.004471453224731127,0,,0.0009
ARLY_SORO_0118_S_2,ARLY_SORO_0118,1056,/Users/superbg/Documents/IEES/idmybee/data/Bombus/collection/extraction/light/images/ARLY_SORO_0118_S_2.jpg,OK,0.004453025041163492,0,,0.0010
ARLY_SORO_0118_S_3,ARLY_SORO_0118,1057,/Users/superbg/Documents/IEES/idmybee/data/Bombus/collection/extraction/light/images/ARLY_SORO_0118_S_3.jpg,OK,0.004406976012772725,0,,0.0009
ARLY_SORO_0119_P_1,ARLY_SORO_0119,1058,/Users/superbg/Documents/IEES/idmybee/data/Bombus/collection/extraction/light/images/ARLY_SORO_0119_P_1.jpg,OK,0.004446171763333364,0,,0.0010
ARLY_SORO_0119_P_2,ARLY_SORO_0119,1059,/Users/superbg/Documents/IEES/idmybee/data/Bombus/collection/extraction/light/images/ARLY_SORO_0119_P_2.jpg,OK,0.0045259770368840475,0,,0.0010
ARLY_SORO_0119_S_1,ARLY_SORO_0119,1060,/Users/superbg/Documents/IEES/idmybee/data/Bombus/collection/extraction/light/images/ARLY_SORO_0119_S_1.jpg,OK,0.004439612400690859,0,,0.0010
ARLY_SORO_0119_S_2,ARLY_SORO_0119,1061,/Users/superbg/Documents/IEES/idmybee/data/Bombus/collection/extraction/light/images/ARLY_SORO_0119_S_2.jpg,OK,0.004471980064433546,0,,0.0011
ARLY_SORO_0119_S_3,ARLY_SORO_0119,1062,/Users/superbg/Documents/IEES/idmybee/data/Bombus/collection/extraction/light/images/ARLY_SORO_0119_S_3.jpg,OK,0.004544394486136994,0,,0.0011
ARLY_SORO_0120_P_1,ARLY_SORO_0120,1063,/Users/superbg/Documents/IEES/idmybee/data/Bombus/collection/extraction/light/images/ARLY_SORO_0120_P_1.jpg,OK,0.004696531252644231,0,,0.0010
ARLY_SORO_0120_P_2,ARLY_SORO_0120,1064,/Users/superbg/Documents/IEES/idmybee/data/Bombus/collection/extraction/light/images/ARLY_SORO_0120_P_2.jpg,OK,0.0046624391856398915,0,,0.0012
ARLY_SORO_0120_S_1,ARLY_SORO_0120,1065,/Users/superbg/Documents/IEES/idmybee/data/Bombus/collection/extraction/light/images/ARLY_SORO_0120_S_1.jpg,OK,0.004624082156155066,0,,0.0011
ARLY_SORO_0120_S_2,ARLY_SORO_0120,1066,/Users/superbg/Documents/IEES/idmybee/data/Bombus/collection/extraction/light/images/ARLY_SORO_0120_S_2.jpg,OK,0.004611215284308034,0,,0.0014
ARLY_SORO_0120_S_3,ARLY_SORO_0120,1067,/Users/superbg/Documents/IEES/idmybee/data/Bombus/collection/extraction/light/images/ARLY_SORO_0120_S_3.jpg,OK,0.004659894396560869,0,,0.0011
ARLY_SORO_0121_P_1,ARLY_SORO_0121,1068,/Users/superbg/Documents/IEES/idmybee/data/Bombus/collection/extraction/light/images/ARLY_SORO_0121_P_1.jpg,OK,0.004598168087491629,0,,0.0010
ARLY_SORO_0121_P_2,ARLY_SORO_0121,1069,/Users/superbg/Documents/IEES/idmybee/data/Bombus/collection/extraction/light/images/ARLY_SORO_0121_P_2.jpg,OK,0.004566499454904652,0,,0.0010
ARLY_SORO_0121_S_1,ARLY_SORO_0121,1070,/Users/superbg/Documents/IEES/idmybee/data/Bombus/collection/extraction/light/images/ARLY_SORO_0121_S_1.jpg,OK,0.004637727627899842,0,,0.0008
ARLY_SORO_0121_S_2,ARLY_SORO_0121,1071,/Users/superbg/Documents/IEES/idmybee/data/Bombus/collection/extraction/light/images/ARLY_SORO_0121_S_2.jpg,OK,0.0046015228686465594,0,,0.0008
ARLY_SORO_0121_S_3,ARLY_SORO_0121,1072,/Users/superbg/Documents/IEES/idmybee/data/Bombus/collection/extraction/light/images/ARLY_SORO_0121_S_3.jpg,OK,0.004495212336565536,0,,0.0010
ARLY_SORO_0122_P_1,ARLY_SORO_0122,1073,/Users/superbg/Documents/IEES/idmybee/data/Bombus/collection/extraction/light/images/ARLY_SORO_0122_P_1.jpg,OK,0.004586051352764611,0,,0.0010
ARLY_SORO_0122_P_2,ARLY_SORO_0122,1074,/Users/superbg/Documents/IEES/idmybee/data/Bombus/collection/extraction/light/images/ARLY_SORO_0122_P_2.jpg,OK,0.004675623208738642,1,,0.0012
ARLY_SORO_0122_S_1,ARLY_SORO_0122,1075,/Users/superbg/Documents/IEES/idmybee/data/Bombus/collection/extraction/light/images/ARLY_SORO_0122_S_1.jpg,OK,0.004494276200011995,0,,0.0010
ARLY_SORO_0122_S_2,ARLY_SORO_0122,1076,/Users/superbg/Documents/IEES/idmybee/data/Bombus/collection/extraction/light/images/ARLY_SORO_0122_S_2.jpg,OK,0.004503953142350417,0,,0.0010
ARLY_SORO_0122_S_3,ARLY_SORO_0122,1077,/Users/superbg/Documents/IEES/idmybee/data/Bombus/collection/extraction/light/images/ARLY_SORO_0122_S_3.jpg,OK,0.004569119649144184,0,,0.0012
ARLY_SORO_0123_P_1,ARLY_SORO_0123,1078,/Users/superbg/Documents/IEES/idmybee/data/Bombus/collection/extraction/light/images/ARLY_SORO_0123_P_1.jpg,OK,0.004335742614222278,0,,0.0016
ARLY_SORO_0123_P_2,ARLY_SORO_0123,1079,/Users/superbg/Documents/IEES/idmybee/data/Bombus/collection/extraction/light/images/ARLY_SORO_0123_P_2.jpg,OK,0.00431738279512334,0,,0.0013
ARLY_SORO_0123_S_1,ARLY_SORO_0123,1080,/Users/superbg/Documents/IEES/idmybee/data/Bombus/collection/extraction/light/images/ARLY_SORO_0123_S_1.jpg,OK,0.004389751851348916,0,,0.0011
ARLY_SORO_0123_S_2,ARLY_SORO_0123,1081,/Users/superbg/Documents/IEES/idmybee/data/Bombus/collection/extraction/light/images/ARLY_SORO_0123_S_2.jpg,OK,0.0044305148463664535,0,,0.0012
ARLY_SORO_0123_S_3,ARLY_SORO_0123,1082,/Users/superbg/Documents/IEES/idmybee/data/Bombus/collection/extraction/light/images/ARLY_SORO_0123_S_3.jpg,OK,0.0043317651729829635,0,,0.0012
ARLY_SORO_0124_P_1,ARLY_SORO_0124,1083,/Users/superbg/Documents/IEES/idmybee/data/Bombus/collection/extraction/light/images/ARLY_SORO_0124_P_1.jpg,OK,0.00457883832960143,0,,0.0011
ARLY_SORO_0124_P_2,ARLY_SORO_0124,1084,/Users/superbg/Documents/IEES/idmybee/data/Bombus/collection/extraction/light/images/ARLY_SORO_0124_P_2.jpg,OK,0.004703257937733524,0,,0.0011
ARLY_SORO_0124_S_1,ARLY_SORO_0124,1085,/Users/superbg/Documents/IEES/idmybee/data/Bombus/collection/extraction/light/images/ARLY_SORO_0124_S_1.jpg,OK,0.004672292488328869,0,,0.0010
ARLY_SORO_0124_S_2,ARLY_SORO_0124,1086,/Users/superbg/Documents/IEES/idmybee/data/Bombus/collection/extraction/light/images/ARLY_SORO_0124_S_2.jpg,OK,0.00477926951511977,0,,0.0011
ARLY_SORO_0124_S_3,ARLY_SORO_0124,1087,/Users/superbg/Documents/IEES/idmybee/data/Bombus/collection/extraction/light/images/ARLY_SORO_0124_S_3.jpg,OK,0.00471667592929341,0,,0.0011
ARLY_SORO_0125_P_1,ARLY_SORO_0125,1088,/Users/superbg/Documents/IEES/idmybee/data/Bombus/collection/extraction/light/images/ARLY_SORO_0125_P_1.jpg,OK,0.004597028060129238,0,,0.0011
ARLY_SORO_0125_P_2,ARLY_SORO_0125,1089,/Users/superbg/Documents/IEES/idmybee/data/Bombus/collection/extraction/light/images/ARLY_SORO_0125_P_2.jpg,OK,0.0047121920902318615,0,,0.0011
ARLY_SORO_0125_S_1,ARLY_SORO_0125,1090,/Users/superbg/Documents/IEES/idmybee/data/Bombus/collection/extraction/light/images/ARLY_SORO_0125_S_1.jpg,OK,0.004643259304825465,0,,0.0010
ARLY_SORO_0125_S_2,ARLY_SORO_0125,1091,/Users/superbg/Documents/IEES/idmybee/data/Bombus/collection/extraction/light/images/ARLY_SORO_0125_S_2.jpg,OK,0.004621711584502728,0,,0.0011
ARLY_SORO_0125_S_3,ARLY_SORO_0125,1092,/Users/superbg/Documents/IEES/idmybee/data/Bombus/collection/extraction/light/images/ARLY_SORO_0125_S_3.jpg,OK,0.00464727892091108,0,,0.0014
ARLY_SORO_0126_P_1,ARLY_SORO_0126,1093,/Users/superbg/Documents/IEES/idmybee/data/Bombus/collection/extraction/light/images/ARLY_SORO_0126_P_1.jpg,OK,0.004571673004133365,0,,0.0013
ARLY_SORO_0126_P_2,ARLY_SORO_0126,1094,/Users/superbg/Documents/IEES/idmybee/data/Bombus/collection/extraction/light/images/ARLY_SORO_0126_P_2.jpg,OK,0.004490006097332081,0,,0.0010
ARLY_SORO_0126_S_1,ARLY_SORO_0126,1095,/Users/superbg/Documents/IEES/idmybee/data/Bombus/collection/extraction/light/images/ARLY_SORO_0126_S_1.jpg,OK,0.004478546256527438,0,,0.0010
ARLY_SORO_0126_S_2,ARLY_SORO_0126,1096,/Users/superbg/Documents/IEES/idmybee/data/Bombus/collection/extraction/light/images/ARLY_SORO_0126_S_2.jpg,OK,0.0044870530894794754,0,,0.0011
ARLY_SORO_0126_S_3,ARLY_SORO_0126,1097,/Users/superbg/Documents/IEES/idmybee/data/Bombus/collection/extraction/light/images/ARLY_SORO_0126_S_3.jpg,OK,0.004498790900898295,0,,0.0012
ARLY_SORO_0127_P_1,ARLY_SORO_0127,1098,/Users/superbg/Documents/IEES/idmybee/data/Bombus/collection/extraction/light/images/ARLY_SORO_0127_P_1.jpg,OK,0.004744936217036144,0,,0.0010
ARLY_SORO_0127_P_2,ARLY_SORO_0127,1099,/Users/superbg/Documents/IEES/idmybee/data/Bombus/collection/extraction/light/images/ARLY_SORO_0127_P_2.jpg,OK,0.004646274490566627,0,,0.0010
ARLY_SORO_0127_S_1,ARLY_SORO_0127,1100,/Users/superbg/Documents/IEES/idmybee/data/Bombus/collection/extraction/light/images/ARLY_SORO_0127_S_1.jpg,OK,0.004717559731636401,0,,0.0010
ARLY_SORO_0127_S_2,ARLY_SORO_0127,1101,/Users/superbg/Documents/IEES/idmybee/data/Bombus/collection/extraction/light/images/ARLY_SORO_0127_S_2.jpg,OK,0.004686100769825805,0,,0.0010
ARLY_SORO_0127_S_3,ARLY_SORO_0127,1102,/Users/superbg/Documents/IEES/idmybee/data/Bombus/collection/extraction/light/images/ARLY_SORO_0127_S_3.jpg,OK,0.004627543891669314,0,,0.0010
ARLY_SORO_0128_P_1,ARLY_SORO_0128,1103,/Users/superbg/Documents/IEES/idmybee/data/Bombus/collection/extraction/light/images/ARLY_SORO_0128_P_1.jpg,OK,0.004436741845873197,0,,0.0010
ARLY_SORO_0128_P_2,ARLY_SORO_0128,1104,/Users/superbg/Documents/IEES/idmybee/data/Bombus/collection/extraction/light/images/ARLY_SORO_0128_P_2.jpg,OK,0.004385038584937026,0,,0.0010
ARLY_SORO_0128_S_1,ARLY_SORO_0128,1105,/Users/superbg/Documents/IEES/idmybee/data/Bombus/collection/extraction/light/images/ARLY_SORO_0128_S_1.jpg,OK,0.0044052844924768976,0,,0.0010
ARLY_SORO_0128_S_2,ARLY_SORO_0128,1106,/Users/superbg/Documents/IEES/idmybee/data/Bombus/collection/extraction/light/images/ARLY_SORO_0128_S_2.jpg,OK,0.00437712639639049,0,,0.0010
ARLY_SORO_0128_S_3,ARLY_SORO_0128,1107,/Users/superbg/Documents/IEES/idmybee/data/Bombus/collection/extraction/light/images/ARLY_SORO_0128_S_3.jpg,OK,0.004369530468424348,0,,0.0010
ARLY_SORO_0129_P_1,ARLY_SORO_0129,1108,/Users/superbg/Documents/IEES/idmybee/data/Bombus/collection/extraction/light/images/ARLY_SORO_0129_P_1.jpg,OK,0.004478849083941245,0,,0.0011
ARLY_SORO_0129_P_2,ARLY_SORO_0129,1109,/Users/superbg/Documents/IEES/idmybee/data/Bombus/collection/extraction/light/images/ARLY_SORO_0129_P_2.jpg,OK,0.004498389049211801,0,,0.0010
ARLY_SORO_0129_S_1,ARLY_SORO_0129,1110,/Users/superbg/Documents/IEES/idmybee/data/Bombus/collection/extraction/light/images/ARLY_SORO_0129_S_1.jpg,OK,0.0045659105938023505,0,,0.0010
ARLY_SORO_0129_S_2,ARLY_SORO_0129,1111,/Users/superbg/Documents/IEES/idmybee/data/Bombus/collection/extraction/light/images/ARLY_SORO_0129_S_2.jpg,OK,0.004582361901574962,0,,0.0011
ARLY_SORO_0129_S_3,ARLY_SORO_0129,1112,/Users/superbg/Documents/IEES/idmybee/data/Bombus/collection/extraction/light/images/ARLY_SORO_0129_S_3.jpg,OK,0.004592425152966159,0,,0.0011
ARLY_SORO_0130_P_1,ARLY_SORO_0130,1113,/Users/superbg/Documents/IEES/idmybee/data/Bombus/collection/extraction/light/images/ARLY_SORO_0130_P_1.jpg,OK,0.004610143288275039,2,,0.0011
ARLY_SORO_0130_P_2,ARLY_SORO_0130,1114,/Users/superbg/Documents/IEES/idmybee/data/Bombus/collection/extraction/light/images/ARLY_SORO_0130_P_2.jpg,OK,0.004585680210547818,1,,0.0010
ARLY_SORO_0130_S_1,ARLY_SORO_0130,1115,/Users/superbg/Documents/IEES/idmybee/data/Bombus/collection/extraction/light/images/ARLY_SORO_0130_S_1.jpg,OK,0.004530245148487126,0,,0.0009
ARLY_SORO_0130_S_2,ARLY_SORO_0130,1116,/Users/superbg/Documents/IEES/idmybee/data/Bombus/collection/extraction/light/images/ARLY_SORO_0130_S_2.jpg,OK,0.004549742385037869,0,,0.0009
ARLY_SORO_0130_S_3,ARLY_SORO_0130,1117,/Users/superbg/Documents/IEES/idmybee/data/Bombus/collection/extraction/light/images/ARLY_SORO_0130_S_3.jpg,OK,0.004529625292254952,0,,0.0009
ARLY_SORO_0131_P_1,ARLY_SORO_0131,1118,/Users/superbg/Documents/IEES/idmybee/data/Bombus/collection/extraction/light/images/ARLY_SORO_0131_P_1.jpg,OK,0.00457631961638491,0,,0.0011
ARLY_SORO_0131_P_2,ARLY_SORO_0131,1119,/Users/superbg/Documents/IEES/idmybee/data/Bombus/collection/extraction/light/images/ARLY_SORO_0131_P_2.jpg,OK,0.004527585837643729,0,,0.0011
ARLY_SORO_0131_S_1,ARLY_SORO_0131,1120,/Users/superbg/Documents/IEES/idmybee/data/Bombus/collection/extraction/light/images/ARLY_SORO_0131_S_1.jpg,OK,0.004525338502739865,0,,0.0011
ARLY_SORO_0131_S_2,ARLY_SORO_0131,1121,/Users/superbg/Documents/IEES/idmybee/data/Bombus/collection/extraction/light/images/ARLY_SORO_0131_S_2.jpg,OK,0.004528589617116177,0,,0.0011
ARLY_SORO_0131_S_3,ARLY_SORO_0131,1122,/Users/superbg/Documents/IEES/idmybee/data/Bombus/collection/extraction/light/images/ARLY_SORO_0131_S_3.jpg,OK,0.004465285956098891,0,,0.0011
ARLY_SORO_0132_P_1,ARLY_SORO_0132,1123,/Users/superbg/Documents/IEES/idmybee/data/Bombus/collection/extraction/light/images/ARLY_SORO_0132_P_1.jpg,OK,0.004436608700045464,0,,0.0011
ARLY_SORO_0132_P_2,ARLY_SORO_0132,1124,/Users/superbg/Documents/IEES/idmybee/data/Bombus/collection/extraction/light/images/ARLY_SORO_0132_P_2.jpg,OK,0.004580250020759346,0,,0.0011
ARLY_SORO_0132_S_1,ARLY_SORO_0132,1125,/Users/superbg/Documents/IEES/idmybee/data/Bombus/collection/extraction/light/images/ARLY_SORO_0132_S_1.jpg,OK,0.0045777703710169065,0,,0.0011
ARLY_SORO_0132_S_2,ARLY_SORO_0132,1126,/Users/superbg/Documents/IEES/idmybee/data/Bombus/collection/extraction/light/images/ARLY_SORO_0132_S_2.jpg,OK,0.004487287203885821,0,,0.0010
ARLY_SORO_0132_S_3,ARLY_SORO_0132,1127,/Users/superbg/Documents/IEES/idmybee/data/Bombus/collection/extraction/light/images/ARLY_SORO_0132_S_3.jpg,OK,0.0045200813431449036,0,,0.0010
ARLY_SORO_0133_P_1,ARLY_SORO_0133,1128,/Users/superbg/Documents/IEES/idmybee/data/Bombus/collection/extraction/light/images/ARLY_SORO_0133_P_1.jpg,OK,0.004599617385925278,0,,0.0011
ARLY_SORO_0133_P_2,ARLY_SORO_0133,1129,/Users/superbg/Documents/IEES/idmybee/data/Bombus/collection/extraction/light/images/ARLY_SORO_0133_P_2.jpg,OK,0.004478798557590516,0,,0.0011
ARLY_SORO_0133_S_1,ARLY_SORO_0133,1130,/Users/superbg/Documents/IEES/idmybee/data/Bombus/collection/extraction/light/images/ARLY_SORO_0133_S_1.jpg,OK,0.004630311692854793,0,,0.0011
ARLY_SORO_0133_S_2,ARLY_SORO_0133,1131,/Users/superbg/Documents/IEES/idmybee/data/Bombus/collection/extraction/light/images/ARLY_SORO_0133_S_2.jpg,OK,0.0044704119719213425,0,,0.0010
ARLY_SORO_0133_S_3,ARLY_SORO_0133,1132,/Users/superbg/Documents/IEES/idmybee/data/Bombus/collection/extraction/light/images/ARLY_SORO_0133_S_3.jpg,OK,0.004517811946679013,0,,0.0010
ARLY_SORO_0134_P_1,ARLY_SORO_0134,1133,/Users/superbg/Documents/IEES/idmybee/data/Bombus/collection/extraction/light/images/ARLY_SORO_0134_P_1.jpg,OK,0.004724060577540985,0,,0.0010
ARLY_SORO_0134_P_2,ARLY_SORO_0134,1134,/Users/superbg/Documents/IEES/idmybee/data/Bombus/collection/extraction/light/images/ARLY_SORO_0134_P_2.jpg,OK,0.0047354340481216735,0,,0.0010
ARLY_SORO_0134_S_1,ARLY_SORO_0134,1135,/Users/superbg/Documents/IEES/idmybee/data/Bombus/collection/extraction/light/images/ARLY_SORO_0134_S_1.jpg,OK,0.004735741731401524,0,,0.0011
ARLY_SORO_0134_S_2,ARLY_SORO_0134,1136,/Users/superbg/Documents/IEES/idmybee/data/Bombus/collection/extraction/light/images/ARLY_SORO_0134_S_2.jpg,OK,0.004712833461725344,0,,0.0011
ARLY_SORO_0134_S_3,ARLY_SORO_0134,1137,/Users/superbg/Documents/IEES/idmybee/data/Bombus/collection/extraction/light/images/ARLY_SORO_0134_S_3.jpg,OK,0.004729732912273275,0,,0.0010
ARLY_SORO_0135_P_1,ARLY_SORO_0135,1138,/Users/superbg/Documents/IEES/idmybee/data/Bombus/collection/extraction/light/images/ARLY_SORO_0135_P_1.jpg,OK,0.0046382573111980714,0,,0.0009
ARLY_SORO_0135_P_2,ARLY_SORO_0135,1139,/Users/superbg/Documents/IEES/idmybee/data/Bombus/collection/extraction/light/images/ARLY_SORO_0135_P_2.jpg,OK,0.004667974347995072,0,,0.0010
ARLY_SORO_0135_S_1,ARLY_SORO_0135,1140,/Users/superbg/Documents/IEES/idmybee/data/Bombus/collection/extraction/light/images/ARLY_SORO_0135_S_1.jpg,OK,0.004602111925973332,0,,0.0010
ARLY_SORO_0135_S_2,ARLY_SORO_0135,1141,/Users/superbg/Documents/IEES/idmybee/data/Bombus/collection/extraction/light/images/ARLY_SORO_0135_S_2.jpg,OK,0.004645219310162631,0,,0.0011
ARLY_SORO_0135_S_3,ARLY_SORO_0135,1142,/Users/superbg/Documents/IEES/idmybee/data/Bombus/collection/extraction/light/images/ARLY_SORO_0135_S_3.jpg,OK,0.004632941959502865,0,,0.0010
ARLY_SORO_0136_P_1,ARLY_SORO_0136,1143,/Users/superbg/Documents/IEES/idmybee/data/Bombus/collection/extraction/light/images/ARLY_SORO_0136_P_1.jpg,OK,0.004394950321945142,0,,0.0011
ARLY_SORO_0136_P_2,ARLY_SORO_0136,1144,/Users/superbg/Documents/IEES/idmybee/data/Bombus/collection/extraction/light/images/ARLY_SORO_0136_P_2.jpg,OK,0.00445404045171487,0,,0.0010
ARLY_SORO_0136_S_1,ARLY_SORO_0136,1145,/Users/superbg/Documents/IEES/idmybee/data/Bombus/collection/extraction/light/images/ARLY_SORO_0136_S_1.jpg,OK,0.004467785550679038,0,,0.0011
ARLY_SORO_0136_S_2,ARLY_SORO_0136,1146,/Users/superbg/Documents/IEES/idmybee/data/Bombus/collection/extraction/light/images/ARLY_SORO_0136_S_2.jpg,OK,0.004486379994708078,0,,0.0011
ARLY_SORO_0136_S_3,ARLY_SORO_0136,1147,/Users/superbg/Documents/IEES/idmybee/data/Bombus/collection/extraction/light/images/ARLY_SORO_0136_S_3.jpg,OK,0.004367223786105107,0,,0.0010
ARLY_SORO_0137_P_1,ARLY_SORO_0137,1148,/Users/superbg/Documents/IEES/idmybee/data/Bombus/collection/extraction/light/images/ARLY_SORO_0137_P_1.jpg,OK,0.004404933858784304,0,,0.0010
ARLY_SORO_0137_P_2,ARLY_SORO_0137,1149,/Users/superbg/Documents/IEES/idmybee/data/Bombus/collection/extraction/light/images/ARLY_SORO_0137_P_2.jpg,OK,0.004428119260262797,1,,0.0009
ARLY_SORO_0137_S_1,ARLY_SORO_0137,1150,/Users/superbg/Documents/IEES/idmybee/data/Bombus/collection/extraction/light/images/ARLY_SORO_0137_S_1.jpg,OK,0.004334918414577036,1,,0.0009
ARLY_SORO_0137_S_2,ARLY_SORO_0137,1151,/Users/superbg/Documents/IEES/idmybee/data/Bombus/collection/extraction/light/images/ARLY_SORO_0137_S_2.jpg,OK,0.004516023524505099,1,,0.0010
ARLY_SORO_0137_S_3,ARLY_SORO_0137,1152,/Users/superbg/Documents/IEES/idmybee/data/Bombus/collection/extraction/light/images/ARLY_SORO_0137_S_3.jpg,OK,0.004383136293955875,1,,0.0010
ARLY_SORO_0139_P_1,ARLY_SORO_0139,1153,/Users/superbg/Documents/IEES/idmybee/data/Bombus/collection/extraction/light/images/ARLY_SORO_0139_P_1.jpg,OK,0.00435894527796762,0,,0.0010
ARLY_SORO_0139_P_2,ARLY_SORO_0139,1154,/Users/superbg/Documents/IEES/idmybee/data/Bombus/collection/extraction/light/images/ARLY_SORO_0139_P_2.jpg,OK,0.004315821633077772,0,,0.0010
ARLY_SORO_0139_S_1,ARLY_SORO_0139,1155,/Users/superbg/Documents/IEES/idmybee/data/Bombus/collection/extraction/light/images/ARLY_SORO_0139_S_1.jpg,OK,0.004404154306839549,0,,0.0010
ARLY_SORO_0139_S_2,ARLY_SORO_0139,1156,/Users/superbg/Documents/IEES/idmybee/data/Bombus/collection/extraction/light/images/ARLY_SORO_0139_S_2.jpg,OK,0.004434822405751747,0,,0.0010
ARLY_SORO_0139_S_3,ARLY_SORO_0139,1157,/Users/superbg/Documents/IEES/idmybee/data/Bombus/collection/extraction/light/images/ARLY_SORO_0139_S_3.jpg,OK,0.004510501512079022,0,,0.0010
ARLY_SORO_0140_P_1,ARLY_SORO_0140,1158,/Users/superbg/Documents/IEES/idmybee/data/Bombus/collection/extraction/light/images/ARLY_SORO_0140_P_1.jpg,OK,0.004684759689174319,0,,0.0011
ARLY_SORO_0140_P_2,ARLY_SORO_0140,1159,/Users/superbg/Documents/IEES/idmybee/data/Bombus/collection/extraction/light/images/ARLY_SORO_0140_P_2.jpg,OK,0.004819629444945393,0,,0.0011
ARLY_SORO_0140_S_1,ARLY_SORO_0140,1160,/Users/superbg/Documents/IEES/idmybee/data/Bombus/collection/extraction/light/images/ARLY_SORO_0140_S_1.jpg,OK,0.004725340338669206,0,,0.0010
ARLY_SORO_0140_S_3,ARLY_SORO_0140,1161,/Users/superbg/Documents/IEES/idmybee/data/Bombus/collection/extraction/light/images/ARLY_SORO_0140_S_3.jpg,OK,0.004754443389447969,0,,0.0010
ARLY_SORO_0141_P_1,ARLY_SORO_0141,1162,/Users/superbg/Documents/IEES/idmybee/data/Bombus/collection/extraction/light/images/ARLY_SORO_0141_P_1.jpg,OK,0.004608642292893182,0,,0.0011
ARLY_SORO_0141_P_2,ARLY_SORO_0141,1163,/Users/superbg/Documents/IEES/idmybee/data/Bombus/collection/extraction/light/images/ARLY_SORO_0141_P_2.jpg,OK,0.004573649535896552,0,,0.0010
ARLY_SORO_0141_S_1,ARLY_SORO_0141,1164,/Users/superbg/Documents/IEES/idmybee/data/Bombus/collection/extraction/light/images/ARLY_SORO_0141_S_1.jpg,OK,0.004679291270664016,0,,0.0010
ARLY_SORO_0141_S_2,ARLY_SORO_0141,1165,/Users/superbg/Documents/IEES/idmybee/data/Bombus/collection/extraction/light/images/ARLY_SORO_0141_S_2.jpg,OK,0.004703041669320928,0,,0.0011
ARLY_SORO_0141_S_3,ARLY_SORO_0141,1166,/Users/superbg/Documents/IEES/idmybee/data/Bombus/collection/extraction/light/images/ARLY_SORO_0141_S_3.jpg,OK,0.004624404319551867,0,,0.0010
ARLY_SORO_0142_P_1,ARLY_SORO_0142,1167,/Users/superbg/Documents/IEES/idmybee/data/Bombus/collection/extraction/light/images/ARLY_SORO_0142_P_1.jpg,OK,0.0046746457099131325,0,,0.0011
ARLY_SORO_0142_P_2,ARLY_SORO_0142,1168,/Users/superbg/Documents/IEES/idmybee/data/Bombus/collection/extraction/light/images/ARLY_SORO_0142_P_2.jpg,OK,0.004687745417566117,0,,0.0010
ARLY_SORO_0142_S_1,ARLY_SORO_0142,1169,/Users/superbg/Documents/IEES/idmybee/data/Bombus/collection/extraction/light/images/ARLY_SORO_0142_S_1.jpg,OK,0.0046436833353291854,0,,0.0011
ARLY_SORO_0142_S_2,ARLY_SORO_0142,1170,/Users/superbg/Documents/IEES/idmybee/data/Bombus/collection/extraction/light/images/ARLY_SORO_0142_S_2.jpg,OK,0.0047237341775280125,0,,0.0010
ARLY_SORO_0142_S_3,ARLY_SORO_0142,1171,/Users/superbg/Documents/IEES/idmybee/data/Bombus/collection/extraction/light/images/ARLY_SORO_0142_S_3.jpg,OK,0.004723703144827743,0,,0.0010
ARLY_SORO_0143_P_1,ARLY_SORO_0143,1172,/Users/superbg/Documents/IEES/idmybee/data/Bombus/collection/extraction/light/images/ARLY_SORO_0143_P_1.jpg,OK,0.0042922604652122975,0,,0.0010
ARLY_SORO_0143_P_2,ARLY_SORO_0143,1173,/Users/superbg/Documents/IEES/idmybee/data/Bombus/collection/extraction/light/images/ARLY_SORO_0143_P_2.jpg,OK,0.004359428641690564,0,,0.0010
ARLY_SORO_0143_S_1,ARLY_SORO_0143,1174,/Users/superbg/Documents/IEES/idmybee/data/Bombus/collection/extraction/light/images/ARLY_SORO_0143_S_1.jpg,OK,0.004355247862791978,0,,0.0010
ARLY_SORO_0143_S_3,ARLY_SORO_0143,1175,/Users/superbg/Documents/IEES/idmybee/data/Bombus/collection/extraction/light/images/ARLY_SORO_0143_S_3.jpg,OK,0.004357676823928738,0,,0.0008
ARLY_SORO_0144_P_1,ARLY_SORO_0144,1176,/Users/superbg/Documents/IEES/idmybee/data/Bombus/collection/extraction/light/images/ARLY_SORO_0144_P_1.jpg,OK,0.004496749988328854,0,,0.0011
ARLY_SORO_0144_P_2,ARLY_SORO_0144,1177,/Users/superbg/Documents/IEES/idmybee/data/Bombus/collection/extraction/light/images/ARLY_SORO_0144_P_2.jpg,OK,0.004464137764277076,0,,0.0012
ARLY_SORO_0144_S_1,ARLY_SORO_0144,1178,/Users/superbg/Documents/IEES/idmybee/data/Bombus/collection/extraction/light/images/ARLY_SORO_0144_S_1.jpg,OK,0.004418519993547832,0,,0.0010
ARLY_SORO_0144_S_2,ARLY_SORO_0144,1179,/Users/superbg/Documents/IEES/idmybee/data/Bombus/collection/extraction/light/images/ARLY_SORO_0144_S_2.jpg,OK,0.0044067059797983435,0,,0.0010
ARLY_SORO_0144_S_3,ARLY_SORO_0144,1180,/Users/superbg/Documents/IEES/idmybee/data/Bombus/collection/extraction/light/images/ARLY_SORO_0144_S_3.jpg,OK,0.004425523635451987,0,,0.0010
ARLY_SORO_0145_P_1,ARLY_SORO_0145,1181,/Users/superbg/Documents/IEES/idmybee/data/Bombus/collection/extraction/light/images/ARLY_SORO_0145_P_1.jpg,OK,0.004435854445521071,4,,0.0010
ARLY_SORO_0145_P_2,ARLY_SORO_0145,1182,/Users/superbg/Documents/IEES/idmybee/data/Bombus/collection/extraction/light/images/ARLY_SORO_0145_P_2.jpg,OK,0.00441417344468421,4,,0.0010
ARLY_SORO_0145_S_1,ARLY_SORO_0145,1183,/Users/superbg/Documents/IEES/idmybee/data/Bombus/collection/extraction/light/images/ARLY_SORO_0145_S_1.jpg,OK,0.004488139191516492,5,,0.0010
ARLY_SORO_0145_S_2,ARLY_SORO_0145,1184,/Users/superbg/Documents/IEES/idmybee/data/Bombus/collection/extraction/light/images/ARLY_SORO_0145_S_2.jpg,OK,0.004389376141431783,5,,0.0010
ARLY_SORO_0145_S_3,ARLY_SORO_0145,1185,/Users/superbg/Documents/IEES/idmybee/data/Bombus/collection/extraction/light/images/ARLY_SORO_0145_S_3.jpg,OK,0.004450672580492328,5,,0.0009
ARLY_SORO_0146_P_1,ARLY_SORO_0146,1186,/Users/superbg/Documents/IEES/idmybee/data/Bombus/collection/extraction/light/images/ARLY_SORO_0146_P_1.jpg,OK,0.004701188581137199,0,,0.0010
ARLY_SORO_0146_P_2,ARLY_SORO_0146,1187,/Users/superbg/Documents/IEES/idmybee/data/Bombus/collection/extraction/light/images/ARLY_SORO_0146_P_2.jpg,OK,0.004720335998820835,0,,0.0010
ARLY_SORO_0146_S_1,ARLY_SORO_0146,1188,/Users/superbg/Documents/IEES/idmybee/data/Bombus/collection/extraction/light/images/ARLY_SORO_0146_S_1.jpg,OK,0.004786586266207324,0,,0.0011
ARLY_SORO_0146_S_2,ARLY_SORO_0146,1189,/Users/superbg/Documents/IEES/idmybee/data/Bombus/collection/extraction/light/images/ARLY_SORO_0146_S_2.jpg,OK,0.004779692238417214,0,,0.0011
ARLY_SORO_0146_S_3,ARLY_SORO_0146,1190,/Users/superbg/Documents/IEES/idmybee/data/Bombus/collection/extraction/light/images/ARLY_SORO_0146_S_3.jpg,OK,0.0047561946733593735,0,,0.0011
ARLY_SORO_0147_P_1,ARLY_SORO_0147,1191,/Users/superbg/Documents/IEES/idmybee/data/Bombus/collection/extraction/light/images/ARLY_SORO_0147_P_1.jpg,OK,0.004705963323744085,0,,0.0011
ARLY_SORO_0147_P_2,ARLY_SORO_0147,1192,/Users/superbg/Documents/IEES/idmybee/data/Bombus/collection/extraction/light/images/ARLY_SORO_0147_P_2.jpg,OK,0.004644046421981201,0,,0.0010
ARLY_SORO_0147_S_2,ARLY_SORO_0147,1193,/Users/superbg/Documents/IEES/idmybee/data/Bombus/collection/extraction/light/images/ARLY_SORO_0147_S_2.jpg,OK,0.004696212686628172,0,,0.0009
ARLY_SORO_0147_S_3,ARLY_SORO_0147,1194,/Users/superbg/Documents/IEES/idmybee/data/Bombus/collection/extraction/light/images/ARLY_SORO_0147_S_3.jpg,OK,0.004703273128078014,0,,0.0010
ARLY_SORO_0148_P_1,ARLY_SORO_0148,1195,/Users/superbg/Documents/IEES/idmybee/data/Bombus/collection/extraction/light/images/ARLY_SORO_0148_P_1.jpg,OK,0.004396839046557312,2,,0.0010
ARLY_SORO_0148_P_2,ARLY_SORO_0148,1196,/Users/superbg/Documents/IEES/idmybee/data/Bombus/collection/extraction/light/images/ARLY_SORO_0148_P_2.jpg,OK,0.0043953454443091495,2,,0.0010
ARLY_SORO_0148_S_1,ARLY_SORO_0148,1197,/Users/superbg/Documents/IEES/idmybee/data/Bombus/collection/extraction/light/images/ARLY_SORO_0148_S_1.jpg,OK,0.004519254420849036,2,,0.0010
ARLY_SORO_0148_S_2,ARLY_SORO_0148,1198,/Users/superbg/Documents/IEES/idmybee/data/Bombus/collection/extraction/light/images/ARLY_SORO_0148_S_2.jpg,OK,0.004432323400027259,2,,0.0010
ARLY_SORO_0148_S_3,ARLY_SORO_0148,1199,/Users/superbg/Documents/IEES/idmybee/data/Bombus/collection/extraction/light/images/ARLY_SORO_0148_S_3.jpg,OK,0.004496659732971625,1,,0.0010
ARLY_SORO_0149_P_1,ARLY_SORO_0149,1200,/Users/superbg/Documents/IEES/idmybee/data/Bombus/collection/extraction/light/images/ARLY_SORO_0149_P_1.jpg,OK,0.004507305559435172,0,,0.0009
ARLY_SORO_0149_P_2,ARLY_SORO_0149,1201,/Users/superbg/Documents/IEES/idmybee/data/Bombus/collection/extraction/light/images/ARLY_SORO_0149_P_2.jpg,OK,0.004423040302826258,0,,0.0010
ARLY_SORO_0149_S_1,ARLY_SORO_0149,1202,/Users/superbg/Documents/IEES/idmybee/data/Bombus/collection/extraction/light/images/ARLY_SORO_0149_S_1.jpg,OK,0.004463278938456623,0,,0.0010
ARLY_SORO_0149_S_2,ARLY_SORO_0149,1203,/Users/superbg/Documents/IEES/idmybee/data/Bombus/collection/extraction/light/images/ARLY_SORO_0149_S_2.jpg,OK,0.004539185785741907,0,,0.0009
ARLY_SORO_0149_S_3,ARLY_SORO_0149,1204,/Users/superbg/Documents/IEES/idmybee/data/Bombus/collection/extraction/light/images/ARLY_SORO_0149_S_3.jpg,OK,0.004440945253019719,0,,0.0010
ARLY_SORO_0150_P_1,ARLY_SORO_0150,1205,/Users/superbg/Documents/IEES/idmybee/data/Bombus/collection/extraction/light/images/ARLY_SORO_0150_P_1.jpg,OK,0.004553225995314364,0,,0.0010
ARLY_SORO_0150_P_2,ARLY_SORO_0150,1206,/Users/superbg/Documents/IEES/idmybee/data/Bombus/collection/extraction/light/images/ARLY_SORO_0150_P_2.jpg,OK,0.0045745656234004155,0,,0.0010
ARLY_SORO_0150_S_1,ARLY_SORO_0150,1207,/Users/superbg/Documents/IEES/idmybee/data/Bombus/collection/extraction/light/images/ARLY_SORO_0150_S_1.jpg,OK,0.0044583260122924885,0,,0.0010
ARLY_SORO_0150_S_2,ARLY_SORO_0150,1208,/Users/superbg/Documents/IEES/idmybee/data/Bombus/collection/extraction/light/images/ARLY_SORO_0150_S_2.jpg,OK,0.004611039221412957,0,,0.0010
ARLY_SORO_0150_S_3,ARLY_SORO_0150,1209,/Users/superbg/Documents/IEES/idmybee/data/Bombus/collection/extraction/light/images/ARLY_SORO_0150_S_3.jpg,OK,0.0044757178590504815,0,,0.0010
ARLY_SORO_0151_P_1,ARLY_SORO_0151,1210,/Users/superbg/Documents/IEES/idmybee/data/Bombus/collection/extraction/light/images/ARLY_SORO_0151_P_1.jpg,OK,0.004550413666199952,0,,0.0010
ARLY_SORO_0151_P_2,ARLY_SORO_0151,1211,/Users/superbg/Documents/IEES/idmybee/data/Bombus/collection/extraction/light/images/ARLY_SORO_0151_P_2.jpg,OK,0.004562403805886443,1,,0.0010
ARLY_SORO_0151_S_1,ARLY_SORO_0151,1212,/Users/superbg/Documents/IEES/idmybee/data/Bombus/collection/extraction/light/images/ARLY_SORO_0151_S_1.jpg,OK,0.004512135023960864,0,,0.0010
ARLY_SORO_0151_S_2,ARLY_SORO_0151,1213,/Users/superbg/Documents/IEES/idmybee/data/Bombus/collection/extraction/light/images/ARLY_SORO_0151_S_2.jpg,OK,0.004474900360796471,1,,0.0010
ARLY_SORO_0151_S_3,ARLY_SORO_0151,1214,/Users/superbg/Documents/IEES/idmybee/data/Bombus/collection/extraction/light/images/ARLY_SORO_0151_S_3.jpg,OK,0.004487698563283006,0,,0.0010
ARLY_SORO_0152_P_1,ARLY_SORO_0152,1215,/Users/superbg/Documents/IEES/idmybee/data/Bombus/collection/extraction/light/images/ARLY_SORO_0152_P_1.jpg,OK,0.0043947972700789,0,,0.0010
ARLY_SORO_0152_P_2,ARLY_SORO_0152,1216,/Users/superbg/Documents/IEES/idmybee/data/Bombus/collection/extraction/light/images/ARLY_SORO_0152_P_2.jpg,OK,0.004401251726857191,0,,0.0010
ARLY_SORO_0152_S_1,ARLY_SORO_0152,1217,/Users/superbg/Documents/IEES/idmybee/data/Bombus/collection/extraction/light/images/ARLY_SORO_0152_S_1.jpg,OK,0.004107451547206978,1,,0.0008
ARLY_SORO_0152_S_2,ARLY_SORO_0152,1218,/Users/superbg/Documents/IEES/idmybee/data/Bombus/collection/extraction/light/images/ARLY_SORO_0152_S_2.jpg,OK,0.0043975678143730705,0,,0.0008
ARLY_SORO_0152_S_3,ARLY_SORO_0152,1219,/Users/superbg/Documents/IEES/idmybee/data/Bombus/collection/extraction/light/images/ARLY_SORO_0152_S_3.jpg,FAILED,inf,,"14 landmarks, 18 expected",0.0000
ARLY_SORO_0153_P_1,ARLY_SORO_0153,1220,/Users/superbg/Documents/IEES/idmybee/data/Bombus/collection/extraction/light/images/ARLY_SORO_0153_P_1.jpg,OK,0.0044566836481784765,0,,0.0010
ARLY_SORO_0153_P_2,ARLY_SORO_0153,1221,/Users/superbg/Documents/IEES/idmybee/data/Bombus/collection/extraction/light/images/ARLY_SORO_0153_P_2.jpg,OK,0.0043828027662341255,0,,0.0010
ARLY_SORO_0153_S_1,ARLY_SORO_0153,1222,/Users/superbg/Documents/IEES/idmybee/data/Bombus/collection/extraction/light/images/ARLY_SORO_0153_S_1.jpg,OK,0.004487166923647173,1,,0.0010
ARLY_SORO_0153_S_2,ARLY_SORO_0153,1223,/Users/superbg/Documents/IEES/idmybee/data/Bombus/collection/extraction/light/images/ARLY_SORO_0153_S_2.jpg,OK,0.004474772022863273,1,,0.0010
ARLY_SORO_0153_S_3,ARLY_SORO_0153,1224,/Users/superbg/Documents/IEES/idmybee/data/Bombus/collection/extraction/light/images/ARLY_SORO_0153_S_3.jpg,OK,0.004468538804288652,0,,0.0011
ARTHRO_0001_P_1,ARTHRO_0001,1225,/Users/superbg/Documents/IEES/idmybee/data/Bombus/collection/extraction/light/images/ARTHRO_0001_P_1.jpg,OK,0.00433825183471199,0,,0.0010
ARTHRO_0001_P_2,ARTHRO_0001,1226,/Users/superbg/Documents/IEES/idmybee/data/Bombus/collection/extraction/light/images/ARTHRO_0001_P_2.jpg,OK,0.004329591432522702,0,,0.0010
ARTHRO_0001_S_1,ARTHRO_0001,1227,/Users/superbg/Documents/IEES/idmybee/data/Bombus/collection/extraction/light/images/ARTHRO_0001_S_1.jpg,OK,0.004271362938116422,0,,0.0010
ARTHRO_0001_S_2,ARTHRO_0001,1228,/Users/superbg/Documents/IEES/idmybee/data/Bombus/collection/extraction/light/images/ARTHRO_0001_S_2.jpg,OK,0.004348836280807043,0,,0.0011
ARTHRO_0001_S_3,ARTHRO_0001,1229,/Users/superbg/Documents/IEES/idmybee/data/Bombus/collection/extraction/light/images/ARTHRO_0001_S_3.jpg,OK,0.004312559954944759,0,,0.0010
ARTHRO_0002_P_1,ARTHRO_0002,1230,/Users/superbg/Documents/IEES/idmybee/data/Bombus/collection/extraction/light/images/ARTHRO_0002_P_1.jpg,OK,0.0046867243618588395,0,,0.0010
ARTHRO_0002_P_2,ARTHRO_0002,1231,/Users/superbg/Documents/IEES/idmybee/data/Bombus/collection/extraction/light/images/ARTHRO_0002_P_2.jpg,OK,0.004694646083290856,0,,0.0011
ARTHRO_0002_S_1,ARTHRO_0002,1232,/Users/superbg/Documents/IEES/idmybee/data/Bombus/collection/extraction/light/images/ARTHRO_0002_S_1.jpg,OK,0.004797822807743537,0,,0.0010
ARTHRO_0002_S_2,ARTHRO_0002,1233,/Users/superbg/Documents/IEES/idmybee/data/Bombus/collection/extraction/light/images/ARTHRO_0002_S_2.jpg,OK,0.004721990835973913,0,,0.0010
ARTHRO_0002_S_3,ARTHRO_0002,1234,/Users/superbg/Documents/IEES/idmybee/data/Bombus/collection/extraction/light/images/ARTHRO_0002_S_3.jpg,OK,0.004697832829056786,0,,0.0010
ARTHRO_0003_P_1,ARTHRO_0003,1235,/Users/superbg/Documents/IEES/idmybee/data/Bombus/collection/extraction/light/images/ARTHRO_0003_P_1.jpg,OK,0.00436223169329366,0,,0.0010
ARTHRO_0003_P_2,ARTHRO_0003,1236,/Users/superbg/Documents/IEES/idmybee/data/Bombus/collection/extraction/light/images/ARTHRO_0003_P_2.jpg,OK,0.004362055627712051,0,,0.0010
ARTHRO_0003_S_1,ARTHRO_0003,1237,/Users/superbg/Documents/IEES/idmybee/data/Bombus/collection/extraction/light/images/ARTHRO_0003_S_1.jpg,OK,0.004334210757463344,0,,0.0010
ARTHRO_0003_S_2,ARTHRO_0003,1238,/Users/superbg/Documents/IEES/idmybee/data/Bombus/collection/extraction/light/images/ARTHRO_0003_S_2.jpg,OK,0.004345066670280393,0,,0.0010
ARTHRO_0003_S_3,ARTHRO_0003,1239,/Users/superbg/Documents/IEES/idmybee/data/Bombus/collection/extraction/light/images/ARTHRO_0003_S_3.jpg,OK,0.004369077863664127,0,,0.0010
ARTHRO_0004_P_1,ARTHRO_0004,1240,/Users/superbg/Documents/IEES/idmybee/data/Bombus/collection/extraction/light/images/ARTHRO_0004_P_1.jpg,OK,0.004693413811392579,0,,0.0010
ARTHRO_0004_P_2,ARTHRO_0004,1241,/Users/superbg/Documents/IEES/idmybee/data/Bombus/collection/extraction/light/images/ARTHRO_0004_P_2.jpg,OK,0.004688663169104528,0,,0.0011
ARTHRO_0004_S_1,ARTHRO_0004,1242,/Users/superbg/Documents/IEES/idmybee/data/Bombus/collection/extraction/light/images/ARTHRO_0004_S_1.jpg,OK,0.004604110217039691,0,,0.0013
ARTHRO_0004_S_2,ARTHRO_0004,1243,/Users/superbg/Documents/IEES/idmybee/data/Bombus/collection/extraction/light/images/ARTHRO_0004_S_2.jpg,OK,0.00470092010425504,0,,0.0011
ARTHRO_0004_S_3,ARTHRO_0004,1244,/Users/superbg/Documents/IEES/idmybee/data/Bombus/collection/extraction/light/images/ARTHRO_0004_S_3.jpg,OK,0.004643398602105408,0,,0.0012
BRUGEROLLES_0002_P_1,BRUGEROLLES_0002,1245,/Users/superbg/Documents/IEES/idmybee/data/Bombus/collection/extraction/light/images/BRUGEROLLES_0002_P_1.jpg,OK,0.004520457753053753,0,,0.0012
BRUGEROLLES_0002_P_2,BRUGEROLLES_0002,1246,/Users/superbg/Documents/IEES/idmybee/data/Bombus/collection/extraction/light/images/BRUGEROLLES_0002_P_2.jpg,OK,0.00448260682006078,0,,0.0011
BRUGEROLLES_0002_S_1,BRUGEROLLES_0002,1247,/Users/superbg/Documents/IEES/idmybee/data/Bombus/collection/extraction/light/images/BRUGEROLLES_0002_S_1.jpg,OK,0.004488420732547006,0,,0.0011
BRUGEROLLES_0002_S_2,BRUGEROLLES_0002,1248,/Users/superbg/Documents/IEES/idmybee/data/Bombus/collection/extraction/light/images/BRUGEROLLES_0002_S_2.jpg,OK,0.004492507228404297,0,,0.0011
BRUGEROLLES_0002_S_3,BRUGEROLLES_0002,1249,/Users/superbg/Documents/IEES/idmybee/data/Bombus/collection/extraction/light/images/BRUGEROLLES_0002_S_3.jpg,OK,0.004507499475877957,0,,0.0010
BRUGEROLLES_0003_P_1,BRUGEROLLES_0003,1250,/Users/superbg/Documents/IEES/idmybee/data/Bombus/collection/extraction/light/images/BRUGEROLLES_0003_P_1.jpg,OK,0.004433938657112709,0,,0.0010
BRUGEROLLES_0003_P_2,BRUGEROLLES_0003,1251,/Users/superbg/Documents/IEES/idmybee/data/Bombus/collection/extraction/light/images/BRUGEROLLES_0003_P_2.jpg,OK,0.004342654472543582,0,,0.0010
BRUGEROLLES_0003_S_1,BRUGEROLLES_0003,1252,/Users/superbg/Documents/IEES/idmybee/data/Bombus/collection/extraction/light/images/BRUGEROLLES_0003_S_1.jpg,OK,0.004426111425318753,0,,0.0010
BRUGEROLLES_0003_S_2,BRUGEROLLES_0003,1253,/Users/superbg/Documents/IEES/idmybee/data/Bombus/collection/extraction/light/images/BRUGEROLLES_0003_S_2.jpg,OK,0.004430830637635201,0,,0.0010
BRUGEROLLES_0003_S_3,BRUGEROLLES_0003,1254,/Users/superbg/Documents/IEES/idmybee/data/Bombus/collection/extraction/light/images/BRUGEROLLES_0003_S_3.jpg,OK,0.004441399571947479,0,,0.0010
BRUGEROLLES_0004_P_1,BRUGEROLLES_0004,1255,/Users/superbg/Documents/IEES/idmybee/data/Bombus/collection/extraction/light/images/BRUGEROLLES_0004_P_1.jpg,OK,0.004274379635085112,0,,0.0010
BRUGEROLLES_0004_P_2,BRUGEROLLES_0004,1256,/Users/superbg/Documents/IEES/idmybee/data/Bombus/collection/extraction/light/images/BRUGEROLLES_0004_P_2.jpg,OK,0.004281211018709646,0,,0.0010
BRUGEROLLES_0004_S_1,BRUGEROLLES_0004,1257,/Users/superbg/Documents/IEES/idmybee/data/Bombus/collection/extraction/light/images/BRUGEROLLES_0004_S_1.jpg,OK,0.004182682052517019,0,,0.0010
BRUGEROLLES_0004_S_2,BRUGEROLLES_0004,1258,/Users/superbg/Documents/IEES/idmybee/data/Bombus/collection/extraction/light/images/BRUGEROLLES_0004_S_2.jpg,OK,0.004179032093532033,0,,0.0010
BRUGEROLLES_0004_S_3,BRUGEROLLES_0004,1259,/Users/superbg/Documents/IEES/idmybee/data/Bombus/collection/extraction/light/images/BRUGEROLLES_0004_S_3.jpg,OK,0.004199518493865607,0,,0.0010
BRUGEROLLES_0006_P_2,BRUGEROLLES_0006,1260,/Users/superbg/Documents/IEES/idmybee/data/Bombus/collection/extraction/light/images/BRUGEROLLES_0006_P_2.jpg,OK,0.004650249073066712,0,,0.0011
BRUGEROLLES_0006_S_1,BRUGEROLLES_0006,1261,/Users/superbg/Documents/IEES/idmybee/data/Bombus/collection/extraction/light/images/BRUGEROLLES_0006_S_1.jpg,OK,0.004595208309870191,0,,0.0011
BRUGEROLLES_0006_S_2,BRUGEROLLES_0006,1262,/Users/superbg/Documents/IEES/idmybee/data/Bombus/collection/extraction/light/images/BRUGEROLLES_0006_S_2.jpg,OK,0.004651531702393418,0,,0.0010
BRUGEROLLES_0006_S_3,BRUGEROLLES_0006,1263,/Users/superbg/Documents/IEES/idmybee/data/Bombus/collection/extraction/light/images/BRUGEROLLES_0006_S_3.jpg,OK,0.004641259606553301,0,,0.0010
BRUGEROLLES_0007_P_1,BRUGEROLLES_0007,1264,/Users/superbg/Documents/IEES/idmybee/data/Bombus/collection/extraction/light/images/BRUGEROLLES_0007_P_1.jpg,OK,0.004522540188935604,1,,0.0011
BRUGEROLLES_0007_P_2,BRUGEROLLES_0007,1265,/Users/superbg/Documents/IEES/idmybee/data/Bombus/collection/extraction/light/images/BRUGEROLLES_0007_P_2.jpg,OK,0.004576357123875353,2,,0.0010
BRUGEROLLES_0007_S_1,BRUGEROLLES_0007,1266,/Users/superbg/Documents/IEES/idmybee/data/Bombus/collection/extraction/light/images/BRUGEROLLES_0007_S_1.jpg,OK,0.00452130296044078,1,,0.0011
BRUGEROLLES_0007_S_2,BRUGEROLLES_0007,1267,/Users/superbg/Documents/IEES/idmybee/data/Bombus/collection/extraction/light/images/BRUGEROLLES_0007_S_2.jpg,OK,0.004544967077270191,1,,0.0011
BRUGEROLLES_0007_S_3,BRUGEROLLES_0007,1268,/Users/superbg/Documents/IEES/idmybee/data/Bombus/collection/extraction/light/images/BRUGEROLLES_0007_S_3.jpg,OK,0.004483726509690915,1,,0.0011
BRUGEROLLES_0009_P_2,BRUGEROLLES_0009,1269,/Users/superbg/Documents/IEES/idmybee/data/Bombus/collection/extraction/light/images/BRUGEROLLES_0009_P_2.jpg,OK,0.004615462647081723,2,,0.0011
BRUGEROLLES_0009_S_1,BRUGEROLLES_0009,1270,/Users/superbg/Documents/IEES/idmybee/data/Bombus/collection/extraction/light/images/BRUGEROLLES_0009_S_1.jpg,OK,0.004480674939068414,0,,0.0010
BRUGEROLLES_0009_S_2,BRUGEROLLES_0009,1271,/Users/superbg/Documents/IEES/idmybee/data/Bombus/collection/extraction/light/images/BRUGEROLLES_0009_S_2.jpg,OK,0.004421617748485297,0,,0.0010
BRUGEROLLES_0009_S_3,BRUGEROLLES_0009,1272,/Users/superbg/Documents/IEES/idmybee/data/Bombus/collection/extraction/light/images/BRUGEROLLES_0009_S_3.jpg,OK,0.004430731578891855,0,,0.0011
BRUGEROLLES_0010_P_1,BRUGEROLLES_0010,1273,/Users/superbg/Documents/IEES/idmybee/data/Bombus/collection/extraction/light/images/BRUGEROLLES_0010_P_1.jpg,OK,0.004314339979242836,0,,0.0010
BRUGEROLLES_0010_P_2,BRUGEROLLES_0010,1274,/Users/superbg/Documents/IEES/idmybee/data/Bombus/collection/extraction/light/images/BRUGEROLLES_0010_P_2.jpg,OK,0.004361062878673221,1,,0.0010
BRUGEROLLES_0010_S_1,BRUGEROLLES_0010,1275,/Users/superbg/Documents/IEES/idmybee/data/Bombus/collection/extraction/light/images/BRUGEROLLES_0010_S_1.jpg,OK,0.004294333359985655,0,,0.0011
BRUGEROLLES_0010_S_2,BRUGEROLLES_0010,1276,/Users/superbg/Documents/IEES/idmybee/data/Bombus/collection/extraction/light/images/BRUGEROLLES_0010_S_2.jpg,OK,0.0043258964107225914,1,,0.0010
BRUGEROLLES_0010_S_3,BRUGEROLLES_0010,1277,/Users/superbg/Documents/IEES/idmybee/data/Bombus/collection/extraction/light/images/BRUGEROLLES_0010_S_3.jpg,OK,0.004342641787787429,1,,0.0010
BRUGEROLLES_0011_P_1,BRUGEROLLES_0011,1278,/Users/superbg/Documents/IEES/idmybee/data/Bombus/collection/extraction/light/images/BRUGEROLLES_0011_P_1.jpg,OK,0.004455233073690508,0,,0.0009
BRUGEROLLES_0011_P_2,BRUGEROLLES_0011,1279,/Users/superbg/Documents/IEES/idmybee/data/Bombus/collection/extraction/light/images/BRUGEROLLES_0011_P_2.jpg,OK,0.004397630810325793,0,,0.0010
BRUGEROLLES_0011_S_1,BRUGEROLLES_0011,1280,/Users/superbg/Documents/IEES/idmybee/data/Bombus/collection/extraction/light/images/BRUGEROLLES_0011_S_1.jpg,OK,0.004438868075145769,0,,0.0010
BRUGEROLLES_0011_S_2,BRUGEROLLES_0011,1281,/Users/superbg/Documents/IEES/idmybee/data/Bombus/collection/extraction/light/images/BRUGEROLLES_0011_S_2.jpg,OK,0.004441396165009169,0,,0.0009
BRUGEROLLES_0011_S_3,BRUGEROLLES_0011,1282,/Users/superbg/Documents/IEES/idmybee/data/Bombus/collection/extraction/light/images/BRUGEROLLES_0011_S_3.jpg,OK,0.004524303707033304,0,,0.0010
BRUGEROLLES_0012_P_1,BRUGEROLLES_0012,1283,/Users/superbg/Documents/IEES/idmybee/data/Bombus/collection/extraction/light/images/BRUGEROLLES_0012_P_1.jpg,OK,0.004478776683595678,0,,0.0009
BRUGEROLLES_0012_P_2,BRUGEROLLES_0012,1284,/Users/superbg/Documents/IEES/idmybee/data/Bombus/collection/extraction/light/images/BRUGEROLLES_0012_P_2.jpg,OK,0.004401131467586725,0,,0.0010
BRUGEROLLES_0012_S_1,BRUGEROLLES_0012,1285,/Users/superbg/Documents/IEES/idmybee/data/Bombus/collection/extraction/light/images/BRUGEROLLES_0012_S_1.jpg,OK,0.004440836845617406,0,,0.0010
BRUGEROLLES_0012_S_2,BRUGEROLLES_0012,1286,/Users/superbg/Documents/IEES/idmybee/data/Bombus/collection/extraction/light/images/BRUGEROLLES_0012_S_2.jpg,OK,0.004424187472248907,0,,0.0010
BRUGEROLLES_0012_S_3,BRUGEROLLES_0012,1287,/Users/superbg/Documents/IEES/idmybee/data/Bombus/collection/extraction/light/images/BRUGEROLLES_0012_S_3.jpg,OK,0.004437367697834742,0,,0.0009
BRUGEROLLES_0013_P_1,BRUGEROLLES_0013,1288,/Users/superbg/Documents/IEES/idmybee/data/Bombus/collection/extraction/light/images/BRUGEROLLES_0013_P_1.jpg,OK,0.00442700475191371,0,,0.0010
BRUGEROLLES_0013_P_2,BRUGEROLLES_0013,1289,/Users/superbg/Documents/IEES/idmybee/data/Bombus/collection/extraction/light/images/BRUGEROLLES_0013_P_2.jpg,OK,0.004431803012773061,0,,0.0011
BRUGEROLLES_0013_S_1,BRUGEROLLES_0013,1290,/Users/superbg/Documents/IEES/idmybee/data/Bombus/collection/extraction/light/images/BRUGEROLLES_0013_S_1.jpg,OK,0.004390936587581568,0,,0.0010
BRUGEROLLES_0013_S_2,BRUGEROLLES_0013,1291,/Users/superbg/Documents/IEES/idmybee/data/Bombus/collection/extraction/light/images/BRUGEROLLES_0013_S_2.jpg,OK,0.004340601848095316,0,,0.0010
BRUGEROLLES_0013_S_3,BRUGEROLLES_0013,1292,/Users/superbg/Documents/IEES/idmybee/data/Bombus/collection/extraction/light/images/BRUGEROLLES_0013_S_3.jpg,OK,0.004407639382681609,0,,0.0011
BRUGEROLLES_0014_P_1,BRUGEROLLES_0014,1293,/Users/superbg/Documents/IEES/idmybee/data/Bombus/collection/extraction/light/images/BRUGEROLLES_0014_P_1.jpg,OK,0.004442733035629224,0,,0.0010
BRUGEROLLES_0014_P_2,BRUGEROLLES_0014,1294,/Users/superbg/Documents/IEES/idmybee/data/Bombus/collection/extraction/light/images/BRUGEROLLES_0014_P_2.jpg,OK,0.004365405324889728,0,,0.0012
BRUGEROLLES_0014_S_1,BRUGEROLLES_0014,1295,/Users/superbg/Documents/IEES/idmybee/data/Bombus/collection/extraction/light/images/BRUGEROLLES_0014_S_1.jpg,OK,0.004396400165917696,0,,0.0010
BRUGEROLLES_0014_S_2,BRUGEROLLES_0014,1296,/Users/superbg/Documents/IEES/idmybee/data/Bombus/collection/extraction/light/images/BRUGEROLLES_0014_S_2.jpg,OK,0.004397504957581638,0,,0.0010
BRUGEROLLES_0014_S_3,BRUGEROLLES_0014,1297,/Users/superbg/Documents/IEES/idmybee/data/Bombus/collection/extraction/light/images/BRUGEROLLES_0014_S_3.jpg,OK,0.004439609898643695,0,,0.0010
BRUGEROLLES_0015_P_1,BRUGEROLLES_0015,1298,/Users/superbg/Documents/IEES/idmybee/data/Bombus/collection/extraction/light/images/BRUGEROLLES_0015_P_1.jpg,OK,0.0044980284463030954,0,,0.0010
BRUGEROLLES_0015_P_2,BRUGEROLLES_0015,1299,/Users/superbg/Documents/IEES/idmybee/data/Bombus/collection/extraction/light/images/BRUGEROLLES_0015_P_2.jpg,OK,0.004411903147161114,0,,0.0010
BRUGEROLLES_0015_S_1,BRUGEROLLES_0015,1300,/Users/superbg/Documents/IEES/idmybee/data/Bombus/collection/extraction/light/images/BRUGEROLLES_0015_S_1.jpg,OK,0.004413279447333899,0,,0.0010
BRUGEROLLES_0015_S_2,BRUGEROLLES_0015,1301,/Users/superbg/Documents/IEES/idmybee/data/Bombus/collection/extraction/light/images/BRUGEROLLES_0015_S_2.jpg,OK,0.004499586821249263,0,,0.0010
BRUGEROLLES_0015_S_3,BRUGEROLLES_0015,1302,/Users/superbg/Documents/IEES/idmybee/data/Bombus/collection/extraction/light/images/BRUGEROLLES_0015_S_3.jpg,OK,0.0044428942188827515,0,,0.0010
BRUGEROLLES_0016_P_1,BRUGEROLLES_0016,1303,/Users/superbg/Documents/IEES/idmybee/data/Bombus/collection/extraction/light/images/BRUGEROLLES_0016_P_1.jpg,OK,0.0046017058490232824,0,,0.0010
BRUGEROLLES_0016_P_2,BRUGEROLLES_0016,1304,/Users/superbg/Documents/IEES/idmybee/data/Bombus/collection/extraction/light/images/BRUGEROLLES_0016_P_2.jpg,OK,0.004723943546704095,0,,0.0010
BRUGEROLLES_0016_S_1,BRUGEROLLES_0016,1305,/Users/superbg/Documents/IEES/idmybee/data/Bombus/collection/extraction/light/images/BRUGEROLLES_0016_S_1.jpg,OK,0.004590934376005151,0,,0.0011
BRUGEROLLES_0016_S_2,BRUGEROLLES_0016,1306,/Users/superbg/Documents/IEES/idmybee/data/Bombus/collection/extraction/light/images/BRUGEROLLES_0016_S_2.jpg,OK,0.00469363449421564,0,,0.0011
BRUGEROLLES_0016_S_3,BRUGEROLLES_0016,1307,/Users/superbg/Documents/IEES/idmybee/data/Bombus/collection/extraction/light/images/BRUGEROLLES_0016_S_3.jpg,OK,0.004656266867585677,0,,0.0010
BRUGEROLLES_0018_P_1,BRUGEROLLES_0018,1308,/Users/superbg/Documents/IEES/idmybee/data/Bombus/collection/extraction/light/images/BRUGEROLLES_0018_P_1.jpg,OK,0.004534885513976449,0,,0.0011
BRUGEROLLES_0018_P_2,BRUGEROLLES_0018,1309,/Users/superbg/Documents/IEES/idmybee/data/Bombus/collection/extraction/light/images/BRUGEROLLES_0018_P_2.jpg,OK,0.004618053363843153,0,,0.0010
BRUGEROLLES_0018_S_1,BRUGEROLLES_0018,1310,/Users/superbg/Documents/IEES/idmybee/data/Bombus/collection/extraction/light/images/BRUGEROLLES_0018_S_1.jpg,OK,0.0046039992486505785,0,,0.0010
BRUGEROLLES_0018_S_2,BRUGEROLLES_0018,1311,/Users/superbg/Documents/IEES/idmybee/data/Bombus/collection/extraction/light/images/BRUGEROLLES_0018_S_2.jpg,OK,0.004524737527279739,0,,0.0010
BRUGEROLLES_0018_S_3,BRUGEROLLES_0018,1312,/Users/superbg/Documents/IEES/idmybee/data/Bombus/collection/extraction/light/images/BRUGEROLLES_0018_S_3.jpg,OK,0.004562824092808209,0,,0.0010
BRUGEROLLES_0019_P_1,BRUGEROLLES_0019,1313,/Users/superbg/Documents/IEES/idmybee/data/Bombus/collection/extraction/light/images/BRUGEROLLES_0019_P_1.jpg,OK,0.004802572798320878,0,,0.0010
BRUGEROLLES_0019_P_2,BRUGEROLLES_0019,1314,/Users/superbg/Documents/IEES/idmybee/data/Bombus/collection/extraction/light/images/BRUGEROLLES_0019_P_2.jpg,OK,0.00474768110311194,0,,0.0010
BRUGEROLLES_0019_S_1,BRUGEROLLES_0019,1315,/Users/superbg/Documents/IEES/idmybee/data/Bombus/collection/extraction/light/images/BRUGEROLLES_0019_S_1.jpg,OK,0.004733300897761249,0,,0.0010
BRUGEROLLES_0019_S_2,BRUGEROLLES_0019,1316,/Users/superbg/Documents/IEES/idmybee/data/Bombus/collection/extraction/light/images/BRUGEROLLES_0019_S_2.jpg,OK,0.004763074337065712,0,,0.0010
BRUGEROLLES_0019_S_3,BRUGEROLLES_0019,1317,/Users/superbg/Documents/IEES/idmybee/data/Bombus/collection/extraction/light/images/BRUGEROLLES_0019_S_3.jpg,SUSPECT,0.006487817186670824,17,,0.0013
BRUGEROLLES_0020_P_1,BRUGEROLLES_0020,1318,/Users/superbg/Documents/IEES/idmybee/data/Bombus/collection/extraction/light/images/BRUGEROLLES_0020_P_1.jpg,OK,0.004615995401953835,0,,0.0010
BRUGEROLLES_0020_P_2,BRUGEROLLES_0020,1319,/Users/superbg/Documents/IEES/idmybee/data/Bombus/collection/extraction/light/images/BRUGEROLLES_0020_P_2.jpg,OK,0.004571084281834997,0,,0.0010
BRUGEROLLES_0020_S_1,BRUGEROLLES_0020,1320,/Users/superbg/Documents/IEES/idmybee/data/Bombus/collection/extraction/light/images/BRUGEROLLES_0020_S_1.jpg,OK,0.004635500207100279,0,,0.0010
BRUGEROLLES_0020_S_2,BRUGEROLLES_0020,1321,/Users/superbg/Documents/IEES/idmybee/data/Bombus/collection/extraction/light/images/BRUGEROLLES_0020_S_2.jpg,OK,0.004631421640545995,0,,0.0010
BRUGEROLLES_0020_S_3,BRUGEROLLES_0020,1322,/Users/superbg/Documents/IEES/idmybee/data/Bombus/collection/extraction/light/images/BRUGEROLLES_0020_S_3.jpg,OK,0.004529729988005929,0,,0.0010
BRUGEROLLES_0021_P_1,BRUGEROLLES_0021,1323,/Users/superbg/Documents/IEES/idmybee/data/Bombus/collection/extraction/light/images/BRUGEROLLES_0021_P_1.jpg,OK,0.004444136000083433,0,,0.0011
BRUGEROLLES_0021_P_2,BRUGEROLLES_0021,1324,/Users/superbg/Documents/IEES/idmybee/data/Bombus/collection/extraction/light/images/BRUGEROLLES_0021_P_2.jpg,OK,0.004522480975790514,0,,0.0010
BRUGEROLLES_0021_S_1,BRUGEROLLES_0021,1325,/Users/superbg/Documents/IEES/idmybee/data/Bombus/collection/extraction/light/images/BRUGEROLLES_0021_S_1.jpg,OK,0.0044159468127015905,0,,0.0011
BRUGEROLLES_0021_S_2,BRUGEROLLES_0021,1326,/Users/superbg/Documents/IEES/idmybee/data/Bombus/collection/extraction/light/images/BRUGEROLLES_0021_S_2.jpg,OK,0.0045028594521385615,0,,0.0011
BRUGEROLLES_0021_S_3,BRUGEROLLES_0021,1327,/Users/superbg/Documents/IEES/idmybee/data/Bombus/collection/extraction/light/images/BRUGEROLLES_0021_S_3.jpg,OK,0.004452998784183519,0,,0.0010
BRUGEROLLES_0022_P_1,BRUGEROLLES_0022,1328,/Users/superbg/Documents/IEES/idmybee/data/Bombus/collection/extraction/light/images/BRUGEROLLES_0022_P_1.jpg,OK,0.004393448710204712,0,,0.0010
BRUGEROLLES_0022_P_2,BRUGEROLLES_0022,1329,/Users/superbg/Documents/IEES/idmybee/data/Bombus/collection/extraction/light/images/BRUGEROLLES_0022_P_2.jpg,OK,0.004400868542900623,0,,0.0011
BRUGEROLLES_0022_S_1,BRUGEROLLES_0022,1330,/Users/superbg/Documents/IEES/idmybee/data/Bombus/collection/extraction/light/images/BRUGEROLLES_0022_S_1.jpg,OK,0.004360768611193815,0,,0.0010
BRUGEROLLES_0022_S_2,BRUGEROLLES_0022,1331,/Users/superbg/Documents/IEES/idmybee/data/Bombus/collection/extraction/light/images/BRUGEROLLES_0022_S_2.jpg,OK,0.004390315138357147,0,,0.0010
BRUGEROLLES_0022_S_3,BRUGEROLLES_0022,1332,/Users/superbg/Documents/IEES/idmybee/data/Bombus/collection/extraction/light/images/BRUGEROLLES_0022_S_3.jpg,OK,0.00433389325133854,0,,0.0011
BRUGEROLLES_0023_P_1,BRUGEROLLES_0023,1333,/Users/superbg/Documents/IEES/idmybee/data/Bombus/collection/extraction/light/images/BRUGEROLLES_0023_P_1.jpg,OK,0.004709911918760762,0,,0.0010
BRUGEROLLES_0023_P_2,BRUGEROLLES_0023,1334,/Users/superbg/Documents/IEES/idmybee/data/Bombus/collection/extraction/light/images/BRUGEROLLES_0023_P_2.jpg,OK,0.004749130898708742,0,,0.0010
BRUGEROLLES_0023_S_1,BRUGEROLLES_0023,1335,/Users/superbg/Documents/IEES/idmybee/data/Bombus/collection/extraction/light/images/BRUGEROLLES_0023_S_1.jpg,OK,0.004646492955984207,0,,0.0010
BRUGEROLLES_0023_S_2,BRUGEROLLES_0023,1336,/Users/superbg/Documents/IEES/idmybee/data/Bombus/collection/extraction/light/images/BRUGEROLLES_0023_S_2.jpg,OK,0.004723457986925309,0,,0.0010
BRUGEROLLES_0023_S_3,BRUGEROLLES_0023,1337,/Users/superbg/Documents/IEES/idmybee/data/Bombus/collection/extraction/light/images/BRUGEROLLES_0023_S_3.jpg,OK,0.004785318635710684,0,,0.0010
BRUGEROLLES_0024_P_1,BRUGEROLLES_0024,1338,/Users/superbg/Documents/IEES/idmybee/data/Bombus/collection/extraction/light/images/BRUGEROLLES_0024_P_1.jpg,OK,0.004406136321090144,0,,0.0010
BRUGEROLLES_0024_P_2,BRUGEROLLES_0024,1339,/Users/superbg/Documents/IEES/idmybee/data/Bombus/collection/extraction/light/images/BRUGEROLLES_0024_P_2.jpg,OK,0.004488214400902115,0,,0.0010
BRUGEROLLES_0024_S_1,BRUGEROLLES_0024,1340,/Users/superbg/Documents/IEES/idmybee/data/Bombus/collection/extraction/light/images/BRUGEROLLES_0024_S_1.jpg,OK,0.004503534290208789,0,,0.0011
BRUGEROLLES_0024_S_2,BRUGEROLLES_0024,1341,/Users/superbg/Documents/IEES/idmybee/data/Bombus/collection/extraction/light/images/BRUGEROLLES_0024_S_2.jpg,OK,0.0045373362595599025,0,,0.0010
BRUGEROLLES_0024_S_3,BRUGEROLLES_0024,1342,/Users/superbg/Documents/IEES/idmybee/data/Bombus/collection/extraction/light/images/BRUGEROLLES_0024_S_3.jpg,OK,0.004497182984385562,0,,0.0010
BRUGEROLLES_0025_P_1,BRUGEROLLES_0025,1343,/Users/superbg/Documents/IEES/idmybee/data/Bombus/collection/extraction/light/images/BRUGEROLLES_0025_P_1.jpg,OK,0.004614411580885899,0,,0.0010
BRUGEROLLES_0025_P_2,BRUGEROLLES_0025,1344,/Users/superbg/Documents/IEES/idmybee/data/Bombus/collection/extraction/light/images/BRUGEROLLES_0025_P_2.jpg,OK,0.004584765649726322,0,,0.0010
BRUGEROLLES_0025_S_1,BRUGEROLLES_0025,1345,/Users/superbg/Documents/IEES/idmybee/data/Bombus/collection/extraction/light/images/BRUGEROLLES_0025_S_1.jpg,OK,0.004584059362775295,0,,0.0010
BRUGEROLLES_0025_S_2,BRUGEROLLES_0025,1346,/Users/superbg/Documents/IEES/idmybee/data/Bombus/collection/extraction/light/images/BRUGEROLLES_0025_S_2.jpg,OK,0.004550409550927304,0,,0.0010
BRUGEROLLES_0025_S_3,BRUGEROLLES_0025,1347,/Users/superbg/Documents/IEES/idmybee/data/Bombus/collection/extraction/light/images/BRUGEROLLES_0025_S_3.jpg,OK,0.00455215732888323,0,,0.0010
BRUGEROLLES_0027_P_1,BRUGEROLLES_0027,1348,/Users/superbg/Documents/IEES/idmybee/data/Bombus/collection/extraction/light/images/BRUGEROLLES_0027_P_1.jpg,OK,0.004479221295798996,0,,0.0010
BRUGEROLLES_0027_P_2,BRUGEROLLES_0027,1349,/Users/superbg/Documents/IEES/idmybee/data/Bombus/collection/extraction/light/images/BRUGEROLLES_0027_P_2.jpg,OK,0.004549901425632451,0,,0.0010
BRUGEROLLES_0027_S_1,BRUGEROLLES_0027,1350,/Users/superbg/Documents/IEES/idmybee/data/Bombus/collection/extraction/light/images/BRUGEROLLES_0027_S_1.jpg,OK,0.0046134611773006725,0,,0.0009
BRUGEROLLES_0027_S_2,BRUGEROLLES_0027,1351,/Users/superbg/Documents/IEES/idmybee/data/Bombus/collection/extraction/light/images/BRUGEROLLES_0027_S_2.jpg,OK,0.004535557463241447,0,,0.0010
BRUGEROLLES_0027_S_3,BRUGEROLLES_0027,1352,/Users/superbg/Documents/IEES/idmybee/data/Bombus/collection/extraction/light/images/BRUGEROLLES_0027_S_3.jpg,OK,0.004566491314926527,0,,0.0010
BRUGEROLLES_0029_P_1,BRUGEROLLES_0029,1353,/Users/superbg/Documents/IEES/idmybee/data/Bombus/collection/extraction/light/images/BRUGEROLLES_0029_P_1.jpg,OK,0.004603543126870103,0,,0.0010
BRUGEROLLES_0029_P_2,BRUGEROLLES_0029,1354,/Users/superbg/Documents/IEES/idmybee/data/Bombus/collection/extraction/light/images/BRUGEROLLES_0029_P_2.jpg,OK,0.004669996705258481,0,,0.0010
BRUGEROLLES_0029_S_1,BRUGEROLLES_0029,1355,/Users/superbg/Documents/IEES/idmybee/data/Bombus/collection/extraction/light/images/BRUGEROLLES_0029_S_1.jpg,OK,0.004545909122895298,0,,0.0010
BRUGEROLLES_0029_S_2,BRUGEROLLES_0029,1356,/Users/superbg/Documents/IEES/idmybee/data/Bombus/collection/extraction/light/images/BRUGEROLLES_0029_S_2.jpg,OK,0.004594437609192392,0,,0.0010
BRUGEROLLES_0029_S_3,BRUGEROLLES_0029,1357,/Users/superbg/Documents/IEES/idmybee/data/Bombus/collection/extraction/light/images/BRUGEROLLES_0029_S_3.jpg,OK,0.004607728037737208,0,,0.0011
CPIE15_0001_P_1,CPIE15_0001,1358,/Users/superbg/Documents/IEES/idmybee/data/Bombus/collection/extraction/light/images/CPIE15_0001_P_1.jpg,OK,0.004476115134576519,0,,0.0009
CPIE15_0001_P_2,CPIE15_0001,1359,/Users/superbg/Documents/IEES/idmybee/data/Bombus/collection/extraction/light/images/CPIE15_0001_P_2.jpg,OK,0.004444716735957358,0,,0.0010
CPIE15_0001_S_1,CPIE15_0001,1360,/Users/superbg/Documents/IEES/idmybee/data/Bombus/collection/extraction/light/images/CPIE15_0001_S_1.jpg,OK,0.004513605810713393,0,,0.0010
CPIE15_0001_S_2,CPIE15_0001,1361,/Users/superbg/Documents/IEES/idmybee/data/Bombus/collection/extraction/light/images/CPIE15_0001_S_2.jpg,OK,0.004503579746743281,0,,0.0010
CPIE15_0001_S_3,CPIE15_0001,1362,/Users/superbg/Documents/IEES/idmybee/data/Bombus/collection/extraction/light/images/CPIE15_0001_S_3.jpg,OK,0.004431548137839362,0,,0.0010
CPIE15_0002_P_1,CPIE15_0002,1363,/Users/superbg/Documents/IEES/idmybee/data/Bombus/collection/extraction/light/images/CPIE15_0002_P_1.jpg,OK,0.004391509661123399,0,,0.0010
CPIE15_0002_P_2,CPIE15_0002,1364,/Users/superbg/Documents/IEES/idmybee/data/Bombus/collection/extraction/light/images/CPIE15_0002_P_2.jpg,OK,0.004442344078364904,0,,0.0010
CPIE15_0002_S_1,CPIE15_0002,1365,/Users/superbg/Documents/IEES/idmybee/data/Bombus/collection/extraction/light/images/CPIE15_0002_S_1.jpg,OK,0.004385000723068685,0,,0.0009
CPIE15_0002_S_2,CPIE15_0002,1366,/Users/superbg/Documents/IEES/idmybee/data/Bombus/collection/extraction/light/images/CPIE15_0002_S_2.jpg,OK,0.004412942036537008,0,,0.0010
CPIE15_0002_S_3,CPIE15_0002,1367,/Users/superbg/Documents/IEES/idmybee/data/Bombus/collection/extraction/light/images/CPIE15_0002_S_3.jpg,OK,0.004332054152119874,0,,0.0010
CPIE15_0003_P_1,CPIE15_0003,1368,/Users/superbg/Documents/IEES/idmybee/data/Bombus/collection/extraction/light/images/CPIE15_0003_P_1.jpg,OK,0.004500557143429383,0,,0.0011
CPIE15_0003_P_2,CPIE15_0003,1369,/Users/superbg/Documents/IEES/idmybee/data/Bombus/collection/extraction/light/images/CPIE15_0003_P_2.jpg,OK,0.004420188056733932,0,,0.0011
CPIE15_0003_S_1,CPIE15_0003,1370,/Users/superbg/Documents/IEES/idmybee/data/Bombus/collection/extraction/light/images/CPIE15_0003_S_1.jpg,OK,0.004455448328053884,0,,0.0010
CPIE15_0003_S_2,CPIE15_0003,1371,/Users/superbg/Documents/IEES/idmybee/data/Bombus/collection/extraction/light/images/CPIE15_0003_S_2.jpg,OK,0.004532939847489532,0,,0.0010
CPIE15_0003_S_3,CPIE15_0003,1372,/Users/superbg/Documents/IEES/idmybee/data/Bombus/collection/extraction/light/images/CPIE15_0003_S_3.jpg,OK,0.004415850095756674,0,,0.0011
CPIE15_0004_P_1,CPIE15_0004,1373,/Users/superbg/Documents/IEES/idmybee/data/Bombus/collection/extraction/light/images/CPIE15_0004_P_1.jpg,OK,0.004500298273736898,0,,0.0011
CPIE15_0004_P_2,CPIE15_0004,1374,/Users/superbg/Documents/IEES/idmybee/data/Bombus/collection/extraction/light/images/CPIE15_0004_P_2.jpg,OK,0.0045857104845721565,0,,0.0010
CPIE15_0004_S_1,CPIE15_0004,1375,/Users/superbg/Documents/IEES/idmybee/data/Bombus/collection/extraction/light/images/CPIE15_0004_S_1.jpg,OK,0.004513289518810342,0,,0.0010
CPIE15_0004_S_2,CPIE15_0004,1376,/Users/superbg/Documents/IEES/idmybee/data/Bombus/collection/extraction/light/images/CPIE15_0004_S_2.jpg,OK,0.004531411412428277,0,,0.0009
CPIE15_0004_S_3,CPIE15_0004,1377,/Users/superbg/Documents/IEES/idmybee/data/Bombus/collection/extraction/light/images/CPIE15_0004_S_3.jpg,OK,0.004452204433680195,0,,0.0009
CPIE15_0005_P_1,CPIE15_0005,1378,/Users/superbg/Documents/IEES/idmybee/data/Bombus/collection/extraction/light/images/CPIE15_0005_P_1.jpg,OK,0.004619959015880264,0,,0.0010
CPIE15_0005_P_2,CPIE15_0005,1379,/Users/superbg/Documents/IEES/idmybee/data/Bombus/collection/extraction/light/images/CPIE15_0005_P_2.jpg,OK,0.004490008502450551,0,,0.0010
CPIE15_0005_S_1,CPIE15_0005,1380,/Users/superbg/Documents/IEES/idmybee/data/Bombus/collection/extraction/light/images/CPIE15_0005_S_1.jpg,OK,0.004563876337049678,0,,0.0009
CPIE15_0005_S_2,CPIE15_0005,1381,/Users/superbg/Documents/IEES/idmybee/data/Bombus/collection/extraction/light/images/CPIE15_0005_S_2.jpg,OK,0.004562028672814911,0,,0.0010
CPIE15_0005_S_3,CPIE15_0005,1382,/Users/superbg/Documents/IEES/idmybee/data/Bombus/collection/extraction/light/images/CPIE15_0005_S_3.jpg,OK,0.0045574548079455185,0,,0.0009
CPIE15_0006_P_1,CPIE15_0006,1383,/Users/superbg/Documents/IEES/idmybee/data/Bombus/collection/extraction/light/images/CPIE15_0006_P_1.jpg,OK,0.004951911710954157,0,,0.0009
CPIE15_0006_P_2,CPIE15_0006,1384,/Users/superbg/Documents/IEES/idmybee/data/Bombus/collection/extraction/light/images/CPIE15_0006_P_2.jpg,OK,0.004962422736084286,0,,0.0009
CPIE15_0006_S_1,CPIE15_0006,1385,/Users/superbg/Documents/IEES/idmybee/data/Bombus/collection/extraction/light/images/CPIE15_0006_S_1.jpg,OK,0.004893511745484066,0,,0.0010
CPIE15_0006_S_2,CPIE15_0006,1386,/Users/superbg/Documents/IEES/idmybee/data/Bombus/collection/extraction/light/images/CPIE15_0006_S_2.jpg,OK,0.004918411344464562,0,,0.0010
CPIE15_0006_S_3,CPIE15_0006,1387,/Users/superbg/Documents/IEES/idmybee/data/Bombus/collection/extraction/light/images/CPIE15_0006_S_3.jpg,OK,0.004946750163753509,0,,0.0009
CPIE15_0007_P_1,CPIE15_0007,1388,/Users/superbg/Documents/IEES/idmybee/data/Bombus/collection/extraction/light/images/CPIE15_0007_P_1.jpg,OK,0.004779441737288583,0,,0.0010
CPIE15_0007_P_2,CPIE15_0007,1389,/Users/superbg/Documents/IEES/idmybee/data/Bombus/collection/extraction/light/images/CPIE15_0007_P_2.jpg,OK,0.004669461452946548,0,,0.0010
CPIE15_0007_S_1,CPIE15_0007,1390,/Users/superbg/Documents/IEES/idmybee/data/Bombus/collection/extraction/light/images/CPIE15_0007_S_1.jpg,OK,0.004713908422507386,1,,0.0011
CPIE15_0007_S_2,CPIE15_0007,1391,/Users/superbg/Documents/IEES/idmybee/data/Bombus/collection/extraction/light/images/CPIE15_0007_S_2.jpg,OK,0.004696840450388122,0,,0.0011
CPIE15_0007_S_3,CPIE15_0007,1392,/Users/superbg/Documents/IEES/idmybee/data/Bombus/collection/extraction/light/images/CPIE15_0007_S_3.jpg,OK,0.004682867151730766,0,,0.0010
CPIE15_0008_P_1,CPIE15_0008,1393,/Users/superbg/Documents/IEES/idmybee/data/Bombus/collection/extraction/light/images/CPIE15_0008_P_1.jpg,OK,0.004408922824190915,0,,0.0010
CPIE15_0008_P_2,CPIE15_0008,1394,/Users/superbg/Documents/IEES/idmybee/data/Bombus/collection/extraction/light/images/CPIE15_0008_P_2.jpg,OK,0.004471979674250351,0,,0.0011
CPIE15_0008_S_1,CPIE15_0008,1395,/Users/superbg/Documents/IEES/idmybee/data/Bombus/collection/extraction/light/images/CPIE15_0008_S_1.jpg,OK,0.004445294071470841,0,,0.0011
CPIE15_0008_S_2,CPIE15_0008,1396,/Users/superbg/Documents/IEES/idmybee/data/Bombus/collection/extraction/light/images/CPIE15_0008_S_2.jpg,OK,0.004471736050594317,0,,0.0010
CPIE15_0008_S_3,CPIE15_0008,1397,/Users/superbg/Documents/IEES/idmybee/data/Bombus/collection/extraction/light/images/CPIE15_0008_S_3.jpg,OK,0.0044038554910334265,0,,0.0010
CPIE15_0009_P_1,CPIE15_0009,1398,/Users/superbg/Documents/IEES/idmybee/data/Bombus/collection/extraction/light/images/CPIE15_0009_P_1.jpg,OK,0.004277528286015582,0,,0.0011
CPIE15_0009_P_2,CPIE15_0009,1399,/Users/superbg/Documents/IEES/idmybee/data/Bombus/collection/extraction/light/images/CPIE15_0009_P_2.jpg,OK,0.004334731974707673,0,,0.0011
CPIE15_0009_S_1,CPIE15_0009,1400,/Users/superbg/Documents/IEES/idmybee/data/Bombus/collection/extraction/light/images/CPIE15_0009_S_1.jpg,OK,0.004281240647943388,0,,0.0011
CPIE15_0009_S_2,CPIE15_0009,1401,/Users/superbg/Documents/IEES/idmybee/data/Bombus/collection/extraction/light/images/CPIE15_0009_S_2.jpg,OK,0.004316077827308096,0,,0.0010
CPIE15_0009_S_3,CPIE15_0009,1402,/Users/superbg/Documents/IEES/idmybee/data/Bombus/collection/extraction/light/images/CPIE15_0009_S_3.jpg,OK,0.00432588901753695,0,,0.0010
CPIE15_0010_P_1,CPIE15_0010,1403,/Users/superbg/Documents/IEES/idmybee/data/Bombus/collection/extraction/light/images/CPIE15_0010_P_1.jpg,OK,0.0049379911648091464,0,,0.0011
CPIE15_0010_P_2,CPIE15_0010,1404,/Users/superbg/Documents/IEES/idmybee/data/Bombus/collection/extraction/light/images/CPIE15_0010_P_2.jpg,OK,0.004912191656066846,0,,0.0012
CPIE15_0010_S_1,CPIE15_0010,1405,/Users/superbg/Documents/IEES/idmybee/data/Bombus/collection/extraction/light/images/CPIE15_0010_S_1.jpg,OK,0.004942757496162903,1,,0.0012
CPIE15_0010_S_2,CPIE15_0010,1406,/Users/superbg/Documents/IEES/idmybee/data/Bombus/collection/extraction/light/images/CPIE15_0010_S_2.jpg,OK,0.004878122230402531,0,,0.0011
CPIE15_0010_S_3,CPIE15_0010,1407,/Users/superbg/Documents/IEES/idmybee/data/Bombus/collection/extraction/light/images/CPIE15_0010_S_3.jpg,OK,0.004869020451478062,0,,0.0011
CPIE15_0011_P_1,CPIE15_0011,1408,/Users/superbg/Documents/IEES/idmybee/data/Bombus/collection/extraction/light/images/CPIE15_0011_P_1.jpg,OK,0.004537861740084306,0,,0.0009
CPIE15_0011_P_2,CPIE15_0011,1409,/Users/superbg/Documents/IEES/idmybee/data/Bombus/collection/extraction/light/images/CPIE15_0011_P_2.jpg,OK,0.004504526189511718,0,,0.0008
CPIE15_0011_S_1,CPIE15_0011,1410,/Users/superbg/Documents/IEES/idmybee/data/Bombus/collection/extraction/light/images/CPIE15_0011_S_1.jpg,OK,0.0045272751127772275,0,,0.0010
CPIE15_0011_S_2,CPIE15_0011,1411,/Users/superbg/Documents/IEES/idmybee/data/Bombus/collection/extraction/light/images/CPIE15_0011_S_2.jpg,OK,0.004511453697631531,0,,0.0008
CPIE15_0011_S_3,CPIE15_0011,1412,/Users/superbg/Documents/IEES/idmybee/data/Bombus/collection/extraction/light/images/CPIE15_0011_S_3.jpg,OK,0.004471316421056808,0,,0.0010
CPIE15_0012_P_1,CPIE15_0012,1413,/Users/superbg/Documents/IEES/idmybee/data/Bombus/collection/extraction/light/images/CPIE15_0012_P_1.jpg,OK,0.0045074433889736865,0,,0.0011
CPIE15_0012_P_2,CPIE15_0012,1414,/Users/superbg/Documents/IEES/idmybee/data/Bombus/collection/extraction/light/images/CPIE15_0012_P_2.jpg,OK,0.004510380836961114,0,,0.0010
CPIE15_0012_S_1,CPIE15_0012,1415,/Users/superbg/Documents/IEES/idmybee/data/Bombus/collection/extraction/light/images/CPIE15_0012_S_1.jpg,OK,0.004556282321169193,0,,0.0011
CPIE15_0012_S_2,CPIE15_0012,1416,/Users/superbg/Documents/IEES/idmybee/data/Bombus/collection/extraction/light/images/CPIE15_0012_S_2.jpg,OK,0.004619664956493485,0,,0.0010
CPIE15_0012_S_3,CPIE15_0012,1417,/Users/superbg/Documents/IEES/idmybee/data/Bombus/collection/extraction/light/images/CPIE15_0012_S_3.jpg,OK,0.004606626585439921,0,,0.0010
CPIE15_0013_P_1,CPIE15_0013,1418,/Users/superbg/Documents/IEES/idmybee/data/Bombus/collection/extraction/light/images/CPIE15_0013_P_1.jpg,OK,0.004345331334477259,0,,0.0010
CPIE15_0013_P_2,CPIE15_0013,1419,/Users/superbg/Documents/IEES/idmybee/data/Bombus/collection/extraction/light/images/CPIE15_0013_P_2.jpg,OK,0.004302533891989986,0,,0.0010
CPIE15_0013_S_1,CPIE15_0013,1420,/Users/superbg/Documents/IEES/idmybee/data/Bombus/collection/extraction/light/images/CPIE15_0013_S_1.jpg,OK,0.004404230707319065,0,,0.0010
CPIE15_0013_S_2,CPIE15_0013,1421,/Users/superbg/Documents/IEES/idmybee/data/Bombus/collection/extraction/light/images/CPIE15_0013_S_2.jpg,OK,0.004479376664851047,0,,0.0011
CPIE15_0013_S_3,CPIE15_0013,1422,/Users/superbg/Documents/IEES/idmybee/data/Bombus/collection/extraction/light/images/CPIE15_0013_S_3.jpg,OK,0.00444841312565537,0,,0.0010
CPIE15_0014_P_1,CPIE15_0014,1423,/Users/superbg/Documents/IEES/idmybee/data/Bombus/collection/extraction/light/images/CPIE15_0014_P_1.jpg,OK,0.004661960488105984,0,,0.0010
CPIE15_0014_P_2,CPIE15_0014,1424,/Users/superbg/Documents/IEES/idmybee/data/Bombus/collection/extraction/light/images/CPIE15_0014_P_2.jpg,OK,0.004619459682849536,0,,0.0011
CPIE15_0014_S_1,CPIE15_0014,1425,/Users/superbg/Documents/IEES/idmybee/data/Bombus/collection/extraction/light/images/CPIE15_0014_S_1.jpg,OK,0.004744008135178356,0,,0.0011
CPIE15_0014_S_2,CPIE15_0014,1426,/Users/superbg/Documents/IEES/idmybee/data/Bombus/collection/extraction/light/images/CPIE15_0014_S_2.jpg,OK,0.004653103404090111,0,,0.0011
CPIE15_0014_S_3,CPIE15_0014,1427,/Users/superbg/Documents/IEES/idmybee/data/Bombus/collection/extraction/light/images/CPIE15_0014_S_3.jpg,OK,0.004722901666052218,0,,0.0010
CPIE15_0015_P_1,CPIE15_0015,1428,/Users/superbg/Documents/IEES/idmybee/data/Bombus/collection/extraction/light/images/CPIE15_0015_P_1.jpg,OK,0.004419291872033334,0,,0.0010
CPIE15_0015_P_2,CPIE15_0015,1429,/Users/superbg/Documents/IEES/idmybee/data/Bombus/collection/extraction/light/images/CPIE15_0015_P_2.jpg,OK,0.0044690070494860885,0,,0.0010
CPIE15_0015_S_1,CPIE15_0015,1430,/Users/superbg/Documents/IEES/idmybee/data/Bombus/collection/extraction/light/images/CPIE15_0015_S_1.jpg,OK,0.0044053119372188965,0,,0.0010
CPIE15_0015_S_2,CPIE15_0015,1431,/Users/superbg/Documents/IEES/idmybee/data/Bombus/collection/extraction/light/images/CPIE15_0015_S_2.jpg,OK,0.004442305139288433,0,,0.0010
CPIE15_0015_S_3,CPIE15_0015,1432,/Users/superbg/Documents/IEES/idmybee/data/Bombus/collection/extraction/light/images/CPIE15_0015_S_3.jpg,OK,0.004453909717674827,0,,0.0010
CPIE15_0016_P_1,CPIE15_0016,1433,/Users/superbg/Documents/IEES/idmybee/data/Bombus/collection/extraction/light/images/CPIE15_0016_P_1.jpg,OK,0.004520600631510232,0,,0.0011
CPIE15_0016_P_2,CPIE15_0016,1434,/Users/superbg/Documents/IEES/idmybee/data/Bombus/collection/extraction/light/images/CPIE15_0016_P_2.jpg,OK,0.004517126185672044,0,,0.0011
CPIE15_0016_S_1,CPIE15_0016,1435,/Users/superbg/Documents/IEES/idmybee/data/Bombus/collection/extraction/light/images/CPIE15_0016_S_1.jpg,OK,0.00449220369142893,0,,0.0011
CPIE15_0016_S_2,CPIE15_0016,1436,/Users/superbg/Documents/IEES/idmybee/data/Bombus/collection/extraction/light/images/CPIE15_0016_S_2.jpg,OK,0.004418992406713968,0,,0.0012
CPIE15_0016_S_3,CPIE15_0016,1437,/Users/superbg/Documents/IEES/idmybee/data/Bombus/collection/extraction/light/images/CPIE15_0016_S_3.jpg,OK,0.004482262566572884,0,,0.0012
CPIE15_0017_P_1,CPIE15_0017,1438,/Users/superbg/Documents/IEES/idmybee/data/Bombus/collection/extraction/light/images/CPIE15_0017_P_1.jpg,FAILED,inf,,"16 landmarks, 18 expected",0.0000
CPIE15_0017_P_2,CPIE15_0017,1439,/Users/superbg/Documents/IEES/idmybee/data/Bombus/collection/extraction/light/images/CPIE15_0017_P_2.jpg,FAILED,inf,,"16 landmarks, 18 expected",0.0000
CPIE15_0017_S_1,CPIE15_0017,1440,/Users/superbg/Documents/IEES/idmybee/data/Bombus/collection/extraction/light/images/CPIE15_0017_S_1.jpg,FAILED,inf,,"15 landmarks, 18 expected",0.0000
CPIE15_0017_S_2,CPIE15_0017,1441,/Users/superbg/Documents/IEES/idmybee/data/Bombus/collection/extraction/light/images/CPIE15_0017_S_2.jpg,FAILED,inf,,"16 landmarks, 18 expected",0.0000
CPIE15_0017_S_3,CPIE15_0017,1442,/Users/superbg/Documents/IEES/idmybee/data/Bombus/collection/extraction/light/images/CPIE15_0017_S_3.jpg,FAILED,inf,,"15 landmarks, 18 expected",0.0000
CPIE15_0018_P_1,CPIE15_0018,1443,/Users/superbg/Documents/IEES/idmybee/data/Bombus/collection/extraction/light/images/CPIE15_0018_P_1.jpg,OK,0.004681952486767872,0,,0.0010
CPIE15_0018_P_2,CPIE15_0018,1444,/Users/superbg/Documents/IEES/idmybee/data/Bombus/collection/extraction/light/images/CPIE15_0018_P_2.jpg,OK,0.0046683159813009495,0,,0.0010
CPIE15_0018_S_1,CPIE15_0018,1445,/Users/superbg/Documents/IEES/idmybee/data/Bombus/collection/extraction/light/images/CPIE15_0018_S_1.jpg,OK,0.004661508631715222,0,,0.0009
CPIE15_0018_S_2,CPIE15_0018,1446,/Users/superbg/Documents/IEES/idmybee/data/Bombus/collection/extraction/light/images/CPIE15_0018_S_2.jpg,OK,0.0046806183728624875,0,,0.0010
CPIE15_0018_S_3,CPIE15_0018,1447,/Users/superbg/Documents/IEES/idmybee/data/Bombus/collection/extraction/light/images/CPIE15_0018_S_3.jpg,OK,0.004707915494428259,0,,0.0009
CPIE15_0019_P_1,CPIE15_0019,1448,/Users/superbg/Documents/IEES/idmybee/data/Bombus/collection/extraction/light/images/CPIE15_0019_P_1.jpg,OK,0.004452700856691941,0,,0.0010
CPIE15_0019_P_2,CPIE15_0019,1449,/Users/superbg/Documents/IEES/idmybee/data/Bombus/collection/extraction/light/images/CPIE15_0019_P_2.jpg,OK,0.004369092006763759,0,,0.0010
CPIE15_0019_S_1,CPIE15_0019,1450,/Users/superbg/Documents/IEES/idmybee/data/Bombus/collection/extraction/light/images/CPIE15_0019_S_1.jpg,OK,0.004408341844984682,0,,0.0010
CPIE15_0019_S_2,CPIE15_0019,1451,/Users/superbg/Documents/IEES/idmybee/data/Bombus/collection/extraction/light/images/CPIE15_0019_S_2.jpg,OK,0.0044103614203462324,0,,0.0010
CPIE15_0019_S_3,CPIE15_0019,1452,/Users/superbg/Documents/IEES/idmybee/data/Bombus/collection/extraction/light/images/CPIE15_0019_S_3.jpg,OK,0.0044345577404123655,0,,0.0010
CPIE15_0020_P_1,CPIE15_0020,1453,/Users/superbg/Documents/IEES/idmybee/data/Bombus/collection/extraction/light/images/CPIE15_0020_P_1.jpg,OK,0.004421094460113742,0,,0.0010
CPIE15_0020_P_2,CPIE15_0020,1454,/Users/superbg/Documents/IEES/idmybee/data/Bombus/collection/extraction/light/images/CPIE15_0020_P_2.jpg,OK,0.0044132609849521,0,,0.0010
CPIE15_0020_S_1,CPIE15_0020,1455,/Users/superbg/Documents/IEES/idmybee/data/Bombus/collection/extraction/light/images/CPIE15_0020_S_1.jpg,OK,0.004381357278748483,0,,0.0011
CPIE15_0020_S_2,CPIE15_0020,1456,/Users/superbg/Documents/IEES/idmybee/data/Bombus/collection/extraction/light/images/CPIE15_0020_S_2.jpg,OK,0.0044622581433105424,0,,0.0010
CPIE15_0020_S_3,CPIE15_0020,1457,/Users/superbg/Documents/IEES/idmybee/data/Bombus/collection/extraction/light/images/CPIE15_0020_S_3.jpg,OK,0.004456471157559996,0,,0.0010
CPIE15_0021_P_1,CPIE15_0021,1458,/Users/superbg/Documents/IEES/idmybee/data/Bombus/collection/extraction/light/images/CPIE15_0021_P_1.jpg,OK,0.004423310775577394,0,,0.0010
CPIE15_0021_P_2,CPIE15_0021,1459,/Users/superbg/Documents/IEES/idmybee/data/Bombus/collection/extraction/light/images/CPIE15_0021_P_2.jpg,OK,0.00446789372760343,0,,0.0011
CPIE15_0021_S_1,CPIE15_0021,1460,/Users/superbg/Documents/IEES/idmybee/data/Bombus/collection/extraction/light/images/CPIE15_0021_S_1.jpg,OK,0.004372416212242807,0,,0.0011
CPIE15_0021_S_2,CPIE15_0021,1461,/Users/superbg/Documents/IEES/idmybee/data/Bombus/collection/extraction/light/images/CPIE15_0021_S_2.jpg,OK,0.004412143419138578,0,,0.0010
CPIE15_0021_S_3,CPIE15_0021,1462,/Users/superbg/Documents/IEES/idmybee/data/Bombus/collection/extraction/light/images/CPIE15_0021_S_3.jpg,OK,0.004405029116864143,0,,0.0010
CPIE15_0022_P_1,CPIE15_0022,1463,/Users/superbg/Documents/IEES/idmybee/data/Bombus/collection/extraction/light/images/CPIE15_0022_P_1.jpg,OK,0.004419833568626587,0,,0.0010
CPIE15_0022_P_2,CPIE15_0022,1464,/Users/superbg/Documents/IEES/idmybee/data/Bombus/collection/extraction/light/images/CPIE15_0022_P_2.jpg,OK,0.004369763146162488,0,,0.0010
CPIE15_0022_S_1,CPIE15_0022,1465,/Users/superbg/Documents/IEES/idmybee/data/Bombus/collection/extraction/light/images/CPIE15_0022_S_1.jpg,OK,0.004385755397525815,0,,0.0010
CPIE15_0022_S_3,CPIE15_0022,1466,/Users/superbg/Documents/IEES/idmybee/data/Bombus/collection/extraction/light/images/CPIE15_0022_S_3.jpg,OK,0.004394841668725956,0,,0.0011
CPIE15_0023_P_1,CPIE15_0023,1467,/Users/superbg/Documents/IEES/idmybee/data/Bombus/collection/extraction/light/images/CPIE15_0023_P_1.jpg,OK,0.004709429651851908,0,,0.0010
CPIE15_0023_P_2,CPIE15_0023,1468,/Users/superbg/Documents/IEES/idmybee/data/Bombus/collection/extraction/light/images/CPIE15_0023_P_2.jpg,OK,0.004751657269011283,0,,0.0010
CPIE15_0023_S_1,CPIE15_0023,1469,/Users/superbg/Documents/IEES/idmybee/data/Bombus/collection/extraction/light/images/CPIE15_0023_S_1.jpg,OK,0.004867270837707802,0,,0.0011
CPIE15_0023_S_2,CPIE15_0023,1470,/Users/superbg/Documents/IEES/idmybee/data/Bombus/collection/extraction/light/images/CPIE15_0023_S_2.jpg,OK,0.004855675562367222,0,,0.0010
CPIE15_0023_S_3,CPIE15_0023,1471,/Users/superbg/Documents/IEES/idmybee/data/Bombus/collection/extraction/light/images/CPIE15_0023_S_3.jpg,OK,0.004723049672697206,0,,0.0010
CPIE15_0024_P_1,CPIE15_0024,1472,/Users/superbg/Documents/IEES/idmybee/data/Bombus/collection/extraction/light/images/CPIE15_0024_P_1.jpg,OK,0.004423641443020216,0,,0.0010
CPIE15_0024_P_2,CPIE15_0024,1473,/Users/superbg/Documents/IEES/idmybee/data/Bombus/collection/extraction/light/images/CPIE15_0024_P_2.jpg,OK,0.004356564327049408,0,,0.0010
CPIE15_0024_S_1,CPIE15_0024,1474,/Users/superbg/Documents/IEES/idmybee/data/Bombus/collection/extraction/light/images/CPIE15_0024_S_1.jpg,OK,0.004430817580831306,0,,0.0010
CPIE15_0024_S_2,CPIE15_0024,1475,/Users/superbg/Documents/IEES/idmybee/data/Bombus/collection/extraction/light/images/CPIE15_0024_S_2.jpg,OK,0.004464426601728443,0,,0.0010
CPIE15_0024_S_3,CPIE15_0024,1476,/Users/superbg/Documents/IEES/idmybee/data/Bombus/collection/extraction/light/images/CPIE15_0024_S_3.jpg,OK,0.004351129577281595,0,,0.0010
CPIE15_0025_P_1,CPIE15_0025,1477,/Users/superbg/Documents/IEES/idmybee/data/Bombus/collection/extraction/light/images/CPIE15_0025_P_1.jpg,OK,0.004714721903483734,0,,0.0011
CPIE15_0025_P_2,CPIE15_0025,1478,/Users/superbg/Documents/IEES/idmybee/data/Bombus/collection/extraction/light/images/CPIE15_0025_P_2.jpg,OK,0.004698859008423564,0,,0.0010
CPIE15_0025_S_1,CPIE15_0025,1479,/Users/superbg/Documents/IEES/idmybee/data/Bombus/collection/extraction/light/images/CPIE15_0025_S_1.jpg,OK,0.004679709749557284,0,,0.0010
CPIE15_0025_S_3,CPIE15_0025,1480,/Users/superbg/Documents/IEES/idmybee/data/Bombus/collection/extraction/light/images/CPIE15_0025_S_3.jpg,OK,0.004666257519576772,0,,0.0010
CPIE15_0026_P_1,CPIE15_0026,1481,/Users/superbg/Documents/IEES/idmybee/data/Bombus/collection/extraction/light/images/CPIE15_0026_P_1.jpg,OK,0.004574170965930786,0,,0.0010
CPIE15_0026_P_2,CPIE15_0026,1482,/Users/superbg/Documents/IEES/idmybee/data/Bombus/collection/extraction/light/images/CPIE15_0026_P_2.jpg,OK,0.004569847678974306,0,,0.0010
CPIE15_0026_S_1,CPIE15_0026,1483,/Users/superbg/Documents/IEES/idmybee/data/Bombus/collection/extraction/light/images/CPIE15_0026_S_1.jpg,OK,0.004619953380953517,0,,0.0010
CPIE15_0026_S_2,CPIE15_0026,1484,/Users/superbg/Documents/IEES/idmybee/data/Bombus/collection/extraction/light/images/CPIE15_0026_S_2.jpg,OK,0.004643210171705095,0,,0.0009
CPIE15_0026_S_3,CPIE15_0026,1485,/Users/superbg/Documents/IEES/idmybee/data/Bombus/collection/extraction/light/images/CPIE15_0026_S_3.jpg,OK,0.004597224239731767,0,,0.0010
CPIE15_0027_P_1,CPIE15_0027,1486,/Users/superbg/Documents/IEES/idmybee/data/Bombus/collection/extraction/light/images/CPIE15_0027_P_1.jpg,OK,0.0044980884356694345,0,,0.0010
CPIE15_0027_P_2,CPIE15_0027,1487,/Users/superbg/Documents/IEES/idmybee/data/Bombus/collection/extraction/light/images/CPIE15_0027_P_2.jpg,OK,0.004457354756528118,0,,0.0010
CPIE15_0027_S_1,CPIE15_0027,1488,/Users/superbg/Documents/IEES/idmybee/data/Bombus/collection/extraction/light/images/CPIE15_0027_S_1.jpg,OK,0.004564124139502563,0,,0.0010
CPIE15_0027_S_2,CPIE15_0027,1489,/Users/superbg/Documents/IEES/idmybee/data/Bombus/collection/extraction/light/images/CPIE15_0027_S_2.jpg,OK,0.004492329789260171,0,,0.0010
CPIE15_0027_S_3,CPIE15_0027,1490,/Users/superbg/Documents/IEES/idmybee/data/Bombus/collection/extraction/light/images/CPIE15_0027_S_3.jpg,OK,0.004511888892429679,0,,0.0010
CPIE15_0028_P_1,CPIE15_0028,1491,/Users/superbg/Documents/IEES/idmybee/data/Bombus/collection/extraction/light/images/CPIE15_0028_P_1.jpg,OK,0.004267163415288981,0,,0.0011
CPIE15_0028_P_2,CPIE15_0028,1492,/Users/superbg/Documents/IEES/idmybee/data/Bombus/collection/extraction/light/images/CPIE15_0028_P_2.jpg,OK,0.004251884887551439,0,,0.0011
CPIE15_0028_S_1,CPIE15_0028,1493,/Users/superbg/Documents/IEES/idmybee/data/Bombus/collection/extraction/light/images/CPIE15_0028_S_1.jpg,OK,0.004243837444706062,0,,0.0010
CPIE15_0028_S_2,CPIE15_0028,1494,/Users/superbg/Documents/IEES/idmybee/data/Bombus/collection/extraction/light/images/CPIE15_0028_S_2.jpg,OK,0.004225779538126749,0,,0.0010
CPIE15_0028_S_3,CPIE15_0028,1495,/Users/superbg/Documents/IEES/idmybee/data/Bombus/collection/extraction/light/images/CPIE15_0028_S_3.jpg,OK,0.004228392111093886,0,,0.0011
CPIE15_0029_P_1,CPIE15_0029,1496,/Users/superbg/Documents/IEES/idmybee/data/Bombus/collection/extraction/light/images/CPIE15_0029_P_1.jpg,OK,0.00451385593881253,0,,0.0011
CPIE15_0029_P_2,CPIE15_0029,1497,/Users/superbg/Documents/IEES/idmybee/data/Bombus/collection/extraction/light/images/CPIE15_0029_P_2.jpg,OK,0.004496802480256434,0,,0.0011
CPIE15_0029_S_1,CPIE15_0029,1498,/Users/superbg/Documents/IEES/idmybee/data/Bombus/collection/extraction/light/images/CPIE15_0029_S_1.jpg,OK,0.004555534303716607,0,,0.0010
CPIE15_0029_S_2,CPIE15_0029,1499,/Users/superbg/Documents/IEES/idmybee/data/Bombus/collection/extraction/light/images/CPIE15_0029_S_2.jpg,OK,0.004492672977388576,0,,0.0011
CPIE15_0029_S_3,CPIE15_0029,1500,/Users/superbg/Documents/IEES/idmybee/data/Bombus/collection/extraction/light/images/CPIE15_0029_S_3.jpg,OK,0.004526817439038128,0,,0.0010
CPIE15_0030_P_1,CPIE15_0030,1501,/Users/superbg/Documents/IEES/idmybee/data/Bombus/collection/extraction/light/images/CPIE15_0030_P_1.jpg,OK,0.004473696202195437,0,,0.0011
CPIE15_0030_P_2,CPIE15_0030,1502,/Users/superbg/Documents/IEES/idmybee/data/Bombus/collection/extraction/light/images/CPIE15_0030_P_2.jpg,OK,0.004525405620872605,0,,0.0010
CPIE15_0030_S_1,CPIE15_0030,1503,/Users/superbg/Documents/IEES/idmybee/data/Bombus/collection/extraction/light/images/CPIE15_0030_S_1.jpg,OK,0.0045192931638199825,0,,0.0011
CPIE15_0030_S_2,CPIE15_0030,1504,/Users/superbg/Documents/IEES/idmybee/data/Bombus/collection/extraction/light/images/CPIE15_0030_S_2.jpg,OK,0.004486627232110275,0,,0.0011
CPIE15_0030_S_3,CPIE15_0030,1505,/Users/superbg/Documents/IEES/idmybee/data/Bombus/collection/extraction/light/images/CPIE15_0030_S_3.jpg,OK,0.0044706731290867895,0,,0.0011
CPIE15_0031_P_1,CPIE15_0031,1506,/Users/superbg/Documents/IEES/idmybee/data/Bombus/collection/extraction/light/images/CPIE15_0031_P_1.jpg,OK,0.004674688995717062,0,,0.0011
CPIE15_0031_P_2,CPIE15_0031,1507,/Users/superbg/Documents/IEES/idmybee/data/Bombus/collection/extraction/light/images/CPIE15_0031_P_2.jpg,OK,0.004646287708822918,0,,0.0010
CPIE15_0031_S_1,CPIE15_0031,1508,/Users/superbg/Documents/IEES/idmybee/data/Bombus/collection/extraction/light/images/CPIE15_0031_S_1.jpg,OK,0.004658688692970363,0,,0.0010
CPIE15_0031_S_2,CPIE15_0031,1509,/Users/superbg/Documents/IEES/idmybee/data/Bombus/collection/extraction/light/images/CPIE15_0031_S_2.jpg,SUSPECT,0.006118452958259567,15,,0.0013
CPIE15_0031_S_3,CPIE15_0031,1510,/Users/superbg/Documents/IEES/idmybee/data/Bombus/collection/extraction/light/images/CPIE15_0031_S_3.jpg,OK,0.004645990214690831,0,,0.0010
CPIE15_0032_P_1,CPIE15_0032,1511,/Users/superbg/Documents/IEES/idmybee/data/Bombus/collection/extraction/light/images/CPIE15_0032_P_1.jpg,OK,0.004510029914658553,0,,0.0010
CPIE15_0032_P_2,CPIE15_0032,1512,/Users/superbg/Documents/IEES/idmybee/data/Bombus/collection/extraction/light/images/CPIE15_0032_P_2.jpg,OK,0.004429400256102643,0,,0.0010
CPIE15_0032_S_1,CPIE15_0032,1513,/Users/superbg/Documents/IEES/idmybee/data/Bombus/collection/extraction/light/images/CPIE15_0032_S_1.jpg,OK,0.004446072533266958,0,,0.0009
CPIE15_0032_S_2,CPIE15_0032,1514,/Users/superbg/Documents/IEES/idmybee/data/Bombus/collection/extraction/light/images/CPIE15_0032_S_2.jpg,OK,0.004423331744041146,1,,0.0009
CPIE15_0032_S_3,CPIE15_0032,1515,/Users/superbg/Documents/IEES/idmybee/data/Bombus/collection/extraction/light/images/CPIE15_0032_S_3.jpg,OK,0.004476278736986026,0,,0.0010
IEESZ_0004_P_1,IEESZ_0004,1516,/Users/superbg/Documents/IEES/idmybee/data/Bombus/collection/extraction/light/images/IEESZ_0004_P_1.jpg,OK,0.004473797976861052,0,,0.0010
IEESZ_0004_P_2,IEESZ_0004,1517,/Users/superbg/Documents/IEES/idmybee/data/Bombus/collection/extraction/light/images/IEESZ_0004_P_2.jpg,OK,0.0044034406430784375,0,,0.0010
IEESZ_0004_P_3,IEESZ_0004,1518,/Users/superbg/Documents/IEES/idmybee/data/Bombus/collection/extraction/light/images/IEESZ_0004_P_3.jpg,OK,0.004373302942149927,0,,0.0010
IEESZ_0004_P_4,IEESZ_0004,1519,/Users/superbg/Documents/IEES/idmybee/data/Bombus/collection/extraction/light/images/IEESZ_0004_P_4.jpg,OK,0.004398948398581246,0,,0.0010
IEESZ_0004_P_5,IEESZ_0004,1520,/Users/superbg/Documents/IEES/idmybee/data/Bombus/collection/extraction/light/images/IEESZ_0004_P_5.jpg,OK,0.004290650368934157,0,,0.0010
IEESZ_0004_S_1,IEESZ_0004,1521,/Users/superbg/Documents/IEES/idmybee/data/Bombus/collection/extraction/light/images/IEESZ_0004_S_1.jpg,OK,0.004271989944119813,0,,0.0010
IEESZ_0004_S_2,IEESZ_0004,1522,/Users/superbg/Documents/IEES/idmybee/data/Bombus/collection/extraction/light/images/IEESZ_0004_S_2.jpg,OK,0.004362626440799264,0,,0.0010
IEESZ_0004_S_3,IEESZ_0004,1523,/Users/superbg/Documents/IEES/idmybee/data/Bombus/collection/extraction/light/images/IEESZ_0004_S_3.jpg,OK,0.004377928330793053,0,,0.0010
IEESZ_0004_S_4,IEESZ_0004,1524,/Users/superbg/Documents/IEES/idmybee/data/Bombus/collection/extraction/light/images/IEESZ_0004_S_4.jpg,OK,0.004264509077763785,0,,0.0010
IEESZ_0004_S_5,IEESZ_0004,1525,/Users/superbg/Documents/IEES/idmybee/data/Bombus/collection/extraction/light/images/IEESZ_0004_S_5.jpg,OK,0.004285796542950564,0,,0.0010
IEESZ_0019_P_1,IEESZ_0019,1526,/Users/superbg/Documents/IEES/idmybee/data/Bombus/collection/extraction/light/images/IEESZ_0019_P_1.jpg,OK,0.004563014509516878,7,,0.0008
IEESZ_0019_P_2,IEESZ_0019,1527,/Users/superbg/Documents/IEES/idmybee/data/Bombus/collection/extraction/light/images/IEESZ_0019_P_2.jpg,OK,0.0047702744938655575,0,,0.0008
IEESZ_0019_P_3,IEESZ_0019,1528,/Users/superbg/Documents/IEES/idmybee/data/Bombus/collection/extraction/light/images/IEESZ_0019_P_3.jpg,OK,0.004655873088449785,0,,0.0008
IEESZ_0019_S_1,IEESZ_0019,1529,/Users/superbg/Documents/IEES/idmybee/data/Bombus/collection/extraction/light/images/IEESZ_0019_S_1.jpg,OK,0.004563711301450966,0,,0.0009
IEESZ_0019_S_2,IEESZ_0019,1530,/Users/superbg/Documents/IEES/idmybee/data/Bombus/collection/extraction/light/images/IEESZ_0019_S_2.jpg,OK,0.004680126078188537,0,,0.0008
IEESZ_0019_S_3,IEESZ_0019,1531,/Users/superbg/Documents/IEES/idmybee/data/Bombus/collection/extraction/light/images/IEESZ_0019_S_3.jpg,OK,0.004478325235828883,0,,0.0008
IEESZ_0042_P_1,IEESZ_0042,1532,/Users/superbg/Documents/IEES/idmybee/data/Bombus/collection/extraction/light/images/IEESZ_0042_P_1.jpg,OK,0.0045365281614356354,0,,0.0010
IEESZ_0042_P_2,IEESZ_0042,1533,/Users/superbg/Documents/IEES/idmybee/data/Bombus/collection/extraction/light/images/IEESZ_0042_P_2.jpg,OK,0.004587813118768864,0,,0.0010
IEESZ_0042_P_3,IEESZ_0042,1534,/Users/superbg/Documents/IEES/idmybee/data/Bombus/collection/extraction/light/images/IEESZ_0042_P_3.jpg,OK,0.004646108826951711,0,,0.0010
IEESZ_0042_P_4,IEESZ_0042,1535,/Users/superbg/Documents/IEES/idmybee/data/Bombus/collection/extraction/light/images/IEESZ_0042_P_4.jpg,OK,0.0045183643424329765,0,,0.0010
IEESZ_0042_P_5,IEESZ_0042,1536,/Users/superbg/Documents/IEES/idmybee/data/Bombus/collection/extraction/light/images/IEESZ_0042_P_5.jpg,OK,0.0045702810561116915,0,,0.0010
IEESZ_0042_S_1,IEESZ_0042,1537,/Users/superbg/Documents/IEES/idmybee/data/Bombus/collection/extraction/light/images/IEESZ_0042_S_1.jpg,OK,0.004528340198059146,0,,0.0010
IEESZ_0042_S_2,IEESZ_0042,1538,/Users/superbg/Documents/IEES/idmybee/data/Bombus/collection/extraction/light/images/IEESZ_0042_S_2.jpg,OK,0.004477055615104523,0,,0.0010
IEESZ_0042_S_3,IEESZ_0042,1539,/Users/superbg/Documents/IEES/idmybee/data/Bombus/collection/extraction/light/images/IEESZ_0042_S_3.jpg,OK,0.004470602013447157,0,,0.0011
IEESZ_0042_S_4,IEESZ_0042,1540,/Users/superbg/Documents/IEES/idmybee/data/Bombus/collection/extraction/light/images/IEESZ_0042_S_4.jpg,OK,0.004608814166582402,0,,0.0010
IEESZ_0042_S_5,IEESZ_0042,1541,/Users/superbg/Documents/IEES/idmybee/data/Bombus/collection/extraction/light/images/IEESZ_0042_S_5.jpg,OK,0.004512159781642822,0,,0.0011
IEESZ_0043_P_1,IEESZ_0043,1542,/Users/superbg/Documents/IEES/idmybee/data/Bombus/collection/extraction/light/images/IEESZ_0043_P_1.jpg,OK,0.004399722914663977,0,,0.0008
IEESZ_0043_P_2,IEESZ_0043,1543,/Users/superbg/Documents/IEES/idmybee/data/Bombus/collection/extraction/light/images/IEESZ_0043_P_2.jpg,OK,0.004256455094842326,0,,0.0010
IEESZ_0043_P_3,IEESZ_0043,1544,/Users/superbg/Documents/IEES/idmybee/data/Bombus/collection/extraction/light/images/IEESZ_0043_P_3.jpg,OK,0.004346159729701866,0,,0.0009
IEESZ_0043_P_4,IEESZ_0043,1545,/Users/superbg/Documents/IEES/idmybee/data/Bombus/collection/extraction/light/images/IEESZ_0043_P_4.jpg,OK,0.0043713550970342135,0,,0.0009
IEESZ_0043_P_5,IEESZ_0043,1546,/Users/superbg/Documents/IEES/idmybee/data/Bombus/collection/extraction/light/images/IEESZ_0043_P_5.jpg,OK,0.004365348677166214,0,,0.0008
IEESZ_0043_S_1,IEESZ_0043,1547,/Users/superbg/Documents/IEES/idmybee/data/Bombus/collection/extraction/light/images/IEESZ_0043_S_1.jpg,OK,0.004330980650579334,0,,0.0008
IEESZ_0043_S_2,IEESZ_0043,1548,/Users/superbg/Documents/IEES/idmybee/data/Bombus/collection/extraction/light/images/IEESZ_0043_S_2.jpg,OK,0.004412347218840023,0,,0.0009
IEESZ_0043_S_3,IEESZ_0043,1549,/Users/superbg/Documents/IEES/idmybee/data/Bombus/collection/extraction/light/images/IEESZ_0043_S_3.jpg,OK,0.004275081815662412,0,,0.0009
IEESZ_0043_S_4,IEESZ_0043,1550,/Users/superbg/Documents/IEES/idmybee/data/Bombus/collection/extraction/light/images/IEESZ_0043_S_4.jpg,OK,0.004381752166258344,0,,0.0008
IEESZ_0043_S_5,IEESZ_0043,1551,/Users/superbg/Documents/IEES/idmybee/data/Bombus/collection/extraction/light/images/IEESZ_0043_S_5.jpg,OK,0.00441575407996344,0,,0.0008
IEESZ_0048_P_1,IEESZ_0048,1552,/Users/superbg/Documents/IEES/idmybee/data/Bombus/collection/extraction/light/images/IEESZ_0048_P_1.jpg,OK,0.00454373931291042,0,,0.0010
IEESZ_0048_P_2,IEESZ_0048,1553,/Users/superbg/Documents/IEES/idmybee/data/Bombus/collection/extraction/light/images/IEESZ_0048_P_2.jpg,OK,0.0046003863933136045,0,,0.0010
IEESZ_0048_P_3,IEESZ_0048,1554,/Users/superbg/Documents/IEES/idmybee/data/Bombus/collection/extraction/light/images/IEESZ_0048_P_3.jpg,OK,0.004496084510212681,0,,0.0010
IEESZ_0048_S_1,IEESZ_0048,1555,/Users/superbg/Documents/IEES/idmybee/data/Bombus/collection/extraction/light/images/IEESZ_0048_S_1.jpg,OK,0.004472412742595038,0,,0.0010
IEESZ_0048_S_2,IEESZ_0048,1556,/Users/superbg/Documents/IEES/idmybee/data/Bombus/collection/extraction/light/images/IEESZ_0048_S_2.jpg,OK,0.004484329986798975,0,,0.0010
IEESZ_0048_S_3,IEESZ_0048,1557,/Users/superbg/Documents/IEES/idmybee/data/Bombus/collection/extraction/light/images/IEESZ_0048_S_3.jpg,OK,0.0045238930325360955,0,,0.0010
IEESZ_0063_P_1,IEESZ_0063,1558,/Users/superbg/Documents/IEES/idmybee/data/Bombus/collection/extraction/light/images/IEESZ_0063_P_1.jpg,OK,0.004414576900842222,0,,0.0008
IEESZ_0063_P_2,IEESZ_0063,1559,/Users/superbg/Documents/IEES/idmybee/data/Bombus/collection/extraction/light/images/IEESZ_0063_P_2.jpg,OK,0.004521628853404682,0,,0.0009
IEESZ_0063_P_3,IEESZ_0063,1560,/Users/superbg/Documents/IEES/idmybee/data/Bombus/collection/extraction/light/images/IEESZ_0063_P_3.jpg,OK,0.004564182651073686,0,,0.0008
IEESZ_0063_P_4,IEESZ_0063,1561,/Users/superbg/Documents/IEES/idmybee/data/Bombus/collection/extraction/light/images/IEESZ_0063_P_4.jpg,OK,0.0044281420362341055,0,,0.0008
IEESZ_0063_P_5,IEESZ_0063,1562,/Users/superbg/Documents/IEES/idmybee/data/Bombus/collection/extraction/light/images/IEESZ_0063_P_5.jpg,OK,0.004520196298519343,0,,0.0008
IEESZ_0063_S_1,IEESZ_0063,1563,/Users/superbg/Documents/IEES/idmybee/data/Bombus/collection/extraction/light/images/IEESZ_0063_S_1.jpg,OK,0.004469874485962051,0,,0.0008
IEESZ_0063_S_2,IEESZ_0063,1564,/Users/superbg/Documents/IEES/idmybee/data/Bombus/collection/extraction/light/images/IEESZ_0063_S_2.jpg,OK,0.004521486616183458,0,,0.0008
IEESZ_0063_S_3,IEESZ_0063,1565,/Users/superbg/Documents/IEES/idmybee/data/Bombus/collection/extraction/light/images/IEESZ_0063_S_3.jpg,OK,0.00440474958047085,0,,0.0008
IEESZ_0063_S_4,IEESZ_0063,1566,/Users/superbg/Documents/IEES/idmybee/data/Bombus/collection/extraction/light/images/IEESZ_0063_S_4.jpg,FAILED,inf,,"15 landmarks, 18 expected",0.0000
IEESZ_0063_S_5,IEESZ_0063,1567,/Users/superbg/Documents/IEES/idmybee/data/Bombus/collection/extraction/light/images/IEESZ_0063_S_5.jpg,OK,0.004416172913457724,0,,0.0008
IEESZ_0072_P_1,IEESZ_0072,1568,/Users/superbg/Documents/IEES/idmybee/data/Bombus/collection/extraction/light/images/IEESZ_0072_P_1.jpg,OK,0.0046174482890230925,0,,0.0009
IEESZ_0072_P_2,IEESZ_0072,1569,/Users/superbg/Documents/IEES/idmybee/data/Bombus/collection/extraction/light/images/IEESZ_0072_P_2.jpg,OK,0.004677271597835966,0,,0.0010
IEESZ_0072_P_3,IEESZ_0072,1570,/Users/superbg/Documents/IEES/idmybee/data/Bombus/collection/extraction/light/images/IEESZ_0072_P_3.jpg,OK,0.004758645789365616,0,,0.0009
IEESZ_0072_P_4,IEESZ_0072,1571,/Users/superbg/Documents/IEES/idmybee/data/Bombus/collection/extraction/light/images/IEESZ_0072_P_4.jpg,OK,0.004650169279324697,0,,0.0009
IEESZ_0072_P_5,IEESZ_0072,1572,/Users/superbg/Documents/IEES/idmybee/data/Bombus/collection/extraction/light/images/IEESZ_0072_P_5.jpg,SUSPECT,0.007419964573037281,17,,0.0012
IEESZ_0072_S_1,IEESZ_0072,1573,/Users/superbg/Documents/IEES/idmybee/data/Bombus/collection/extraction/light/images/IEESZ_0072_S_1.jpg,OK,0.004717918839690882,0,,0.0011
IEESZ_0072_S_2,IEESZ_0072,1574,/Users/superbg/Documents/IEES/idmybee/data/Bombus/collection/extraction/light/images/IEESZ_0072_S_2.jpg,OK,0.004677336604506137,0,,0.0011
IEESZ_0072_S_3,IEESZ_0072,1575,/Users/superbg/Documents/IEES/idmybee/data/Bombus/collection/extraction/light/images/IEESZ_0072_S_3.jpg,OK,0.004814132990920112,2,,0.0011
IEESZ_0072_S_4,IEESZ_0072,1576,/Users/superbg/Documents/IEES/idmybee/data/Bombus/collection/extraction/light/images/IEESZ_0072_S_4.jpg,OK,0.004630924322155813,0,,0.0011
IEESZ_0072_S_5,IEESZ_0072,1577,/Users/superbg/Documents/IEES/idmybee/data/Bombus/collection/extraction/light/images/IEESZ_0072_S_5.jpg,OK,0.004640038907800024,0,,0.0009
ISSERTES_0001_P_1,ISSERTES_0001,1578,/Users/superbg/Documents/IEES/idmybee/data/Bombus/collection/extraction/light/images/ISSERTES_0001_P_1.jpg,OK,0.00470540727718604,5,,0.0011
ISSERTES_0001_P_2,ISSERTES_0001,1579,/Users/superbg/Documents/IEES/idmybee/data/Bombus/collection/extraction/light/images/ISSERTES_0001_P_2.jpg,OK,0.004582551234424907,5,,0.0010
ISSERTES_0001_S_1,ISSERTES_0001,1580,/Users/superbg/Documents/IEES/idmybee/data/Bombus/collection/extraction/light/images/ISSERTES_0001_S_1.jpg,OK,0.004498671549565239,1,,0.0010
ISSERTES_0001_S_2,ISSERTES_0001,1581,/Users/superbg/Documents/IEES/idmybee/data/Bombus/collection/extraction/light/images/ISSERTES_0001_S_2.jpg,OK,0.004519469344397464,2,,0.0009
ISSERTES_0001_S_3,ISSERTES_0001,1582,/Users/superbg/Documents/IEES/idmybee/data/Bombus/collection/extraction/light/images/ISSERTES_0001_S_3.jpg,OK,0.004508555941156138,1,,0.0010
ISSERTES_0002_P_1,ISSERTES_0002,1583,/Users/superbg/Documents/IEES/idmybee/data/Bombus/collection/extraction/light/images/ISSERTES_0002_P_1.jpg,OK,0.004357436083366937,0,,0.0010
ISSERTES_0002_P_2,ISSERTES_0002,1584,/Users/superbg/Documents/IEES/idmybee/data/Bombus/collection/extraction/light/images/ISSERTES_0002_P_2.jpg,OK,0.004324179873948123,0,,0.0010
ISSERTES_0002_S_1,ISSERTES_0002,1585,/Users/superbg/Documents/IEES/idmybee/data/Bombus/collection/extraction/light/images/ISSERTES_0002_S_1.jpg,OK,0.004352936840609478,0,,0.0010
ISSERTES_0002_S_2,ISSERTES_0002,1586,/Users/superbg/Documents/IEES/idmybee/data/Bombus/collection/extraction/light/images/ISSERTES_0002_S_2.jpg,OK,0.004427961085469872,0,,0.0011
ISSERTES_0002_S_3,ISSERTES_0002,1587,/Users/superbg/Documents/IEES/idmybee/data/Bombus/collection/extraction/light/images/ISSERTES_0002_S_3.jpg,OK,0.004355616289656191,0,,0.0010
ISSERTES_0003_P_1,ISSERTES_0003,1588,/Users/superbg/Documents/IEES/idmybee/data/Bombus/collection/extraction/light/images/ISSERTES_0003_P_1.jpg,FAILED,inf,,"13 landmarks, 18 expected",0.0000
ISSERTES_0003_P_2,ISSERTES_0003,1589,/Users/superbg/Documents/IEES/idmybee/data/Bombus/collection/extraction/light/images/ISSERTES_0003_P_2.jpg,FAILED,inf,,"11 landmarks, 18 expected",0.0000
ISSERTES_0003_S_1,ISSERTES_0003,1590,/Users/superbg/Documents/IEES/idmybee/data/Bombus/collection/extraction/light/images/ISSERTES_0003_S_1.jpg,FAILED,inf,,"15 landmarks, 18 expected",0.0000
ISSERTES_0003_S_2,ISSERTES_0003,1591,/Users/superbg/Documents/IEES/idmybee/data/Bombus/collection/extraction/light/images/ISSERTES_0003_S_2.jpg,SUSPECT,0.005904323477290004,10,,0.0013
ISSERTES_0003_S_3,ISSERTES_0003,1592,/Users/superbg/Documents/IEES/idmybee/data/Bombus/collection/extraction/light/images/ISSERTES_0003_S_3.jpg,SUSPECT,0.004865230180418681,17,,0.0013
ISSERTES_0004_P_1,ISSERTES_0004,1593,/Users/superbg/Documents/IEES/idmybee/data/Bombus/collection/extraction/light/images/ISSERTES_0004_P_1.jpg,OK,0.004452004626120104,0,,0.0010
ISSERTES_0004_P_2,ISSERTES_0004,1594,/Users/superbg/Documents/IEES/idmybee/data/Bombus/collection/extraction/light/images/ISSERTES_0004_P_2.jpg,OK,0.004464771569359331,0,,0.0013
ISSERTES_0004_S_1,ISSERTES_0004,1595,/Users/superbg/Documents/IEES/idmybee/data/Bombus/collection/extraction/light/images/ISSERTES_0004_S_1.jpg,OK,0.004475788635863943,0,,0.0010
ISSERTES_0004_S_2,ISSERTES_0004,1596,/Users/superbg/Documents/IEES/idmybee/data/Bombus/collection/extraction/light/images/ISSERTES_0004_S_2.jpg,OK,0.004516077595278433,0,,0.0010
ISSERTES_0004_S_3,ISSERTES_0004,1597,/Users/superbg/Documents/IEES/idmybee/data/Bombus/collection/extraction/light/images/ISSERTES_0004_S_3.jpg,OK,0.00449264843103716,0,,0.0010
ISSERTES_0005_P_1,ISSERTES_0005,1598,/Users/superbg/Documents/IEES/idmybee/data/Bombus/collection/extraction/light/images/ISSERTES_0005_P_1.jpg,OK,0.0043985127865641465,0,,0.0010
ISSERTES_0005_P_2,ISSERTES_0005,1599,/Users/superbg/Documents/IEES/idmybee/data/Bombus/collection/extraction/light/images/ISSERTES_0005_P_2.jpg,OK,0.004372319215262638,0,,0.0011
ISSERTES_0005_S_1,ISSERTES_0005,1600,/Users/superbg/Documents/IEES/idmybee/data/Bombus/collection/extraction/light/images/ISSERTES_0005_S_1.jpg,OK,0.004382278464164505,0,,0.0010
ISSERTES_0005_S_2,ISSERTES_0005,1601,/Users/superbg/Documents/IEES/idmybee/data/Bombus/collection/extraction/light/images/ISSERTES_0005_S_2.jpg,OK,0.004338416890663286,0,,0.0010
ISSERTES_0005_S_3,ISSERTES_0005,1602,/Users/superbg/Documents/IEES/idmybee/data/Bombus/collection/extraction/light/images/ISSERTES_0005_S_3.jpg,OK,0.004368289572823378,0,,0.0009
ISSERTES_0006_P_1,ISSERTES_0006,1603,/Users/superbg/Documents/IEES/idmybee/data/Bombus/collection/extraction/light/images/ISSERTES_0006_P_1.jpg,OK,0.004481853786316097,0,,0.0009
ISSERTES_0006_P_2,ISSERTES_0006,1604,/Users/superbg/Documents/IEES/idmybee/data/Bombus/collection/extraction/light/images/ISSERTES_0006_P_2.jpg,OK,0.004486759733982296,0,,0.0009
ISSERTES_0006_S_1,ISSERTES_0006,1605,/Users/superbg/Documents/IEES/idmybee/data/Bombus/collection/extraction/light/images/ISSERTES_0006_S_1.jpg,OK,0.00449661766642556,0,,0.0009
ISSERTES_0006_S_2,ISSERTES_0006,1606,/Users/superbg/Documents/IEES/idmybee/data/Bombus/collection/extraction/light/images/ISSERTES_0006_S_2.jpg,OK,0.004522499068670223,0,,0.0009
ISSERTES_0006_S_3,ISSERTES_0006,1607,/Users/superbg/Documents/IEES/idmybee/data/Bombus/collection/extraction/light/images/ISSERTES_0006_S_3.jpg,OK,0.004503935777114538,0,,0.0009
ISSERTES_0007_P_1,ISSERTES_0007,1608,/Users/superbg/Documents/IEES/idmybee/data/Bombus/collection/extraction/light/images/ISSERTES_0007_P_1.jpg,OK,0.0043868702207190795,0,,0.0010
ISSERTES_0007_P_2,ISSERTES_0007,1609,/Users/superbg/Documents/IEES/idmybee/data/Bombus/collection/extraction/light/images/ISSERTES_0007_P_2.jpg,OK,0.004369636645345446,0,,0.0010
ISSERTES_0007_S_1,ISSERTES_0007,1610,/Users/superbg/Documents/IEES/idmybee/data/Bombus/collection/extraction/light/images/ISSERTES_0007_S_1.jpg,OK,0.004377248331836219,0,,0.0010
ISSERTES_0007_S_2,ISSERTES_0007,1611,/Users/superbg/Documents/IEES/idmybee/data/Bombus/collection/extraction/light/images/ISSERTES_0007_S_2.jpg,OK,0.004368112811668199,0,,0.0012
ISSERTES_0007_S_3,ISSERTES_0007,1612,/Users/superbg/Documents/IEES/idmybee/data/Bombus/collection/extraction/light/images/ISSERTES_0007_S_3.jpg,OK,0.004354548500452211,0,,0.0011
ISSERTES_0008_P_1,ISSERTES_0008,1613,/Users/superbg/Documents/IEES/idmybee/data/Bombus/collection/extraction/light/images/ISSERTES_0008_P_1.jpg,OK,0.004356113337351284,0,,0.0010
ISSERTES_0008_P_2,ISSERTES_0008,1614,/Users/superbg/Documents/IEES/idmybee/data/Bombus/collection/extraction/light/images/ISSERTES_0008_P_2.jpg,OK,0.0043543090347708075,0,,0.0011
ISSERTES_0008_S_1,ISSERTES_0008,1615,/Users/superbg/Documents/IEES/idmybee/data/Bombus/collection/extraction/light/images/ISSERTES_0008_S_1.jpg,OK,0.004411177152814394,0,,0.0011
ISSERTES_0008_S_2,ISSERTES_0008,1616,/Users/superbg/Documents/IEES/idmybee/data/Bombus/collection/extraction/light/images/ISSERTES_0008_S_2.jpg,OK,0.0043846345634323955,0,,0.0010
ISSERTES_0008_S_3,ISSERTES_0008,1617,/Users/superbg/Documents/IEES/idmybee/data/Bombus/collection/extraction/light/images/ISSERTES_0008_S_3.jpg,OK,0.004361724562431587,0,,0.0010
ISSERTES_0009_P_1,ISSERTES_0009,1618,/Users/superbg/Documents/IEES/idmybee/data/Bombus/collection/extraction/light/images/ISSERTES_0009_P_1.jpg,OK,0.00438197992463384,0,,0.0010
ISSERTES_0009_P_2,ISSERTES_0009,1619,/Users/superbg/Documents/IEES/idmybee/data/Bombus/collection/extraction/light/images/ISSERTES_0009_P_2.jpg,OK,0.004437257118913713,0,,0.0010
ISSERTES_0009_S_1,ISSERTES_0009,1620,/Users/superbg/Documents/IEES/idmybee/data/Bombus/collection/extraction/light/images/ISSERTES_0009_S_1.jpg,OK,0.004345462918388441,0,,0.0011
ISSERTES_0009_S_2,ISSERTES_0009,1621,/Users/superbg/Documents/IEES/idmybee/data/Bombus/collection/extraction/light/images/ISSERTES_0009_S_2.jpg,OK,0.0044357181278174606,0,,0.0010
ISSERTES_0009_S_3,ISSERTES_0009,1622,/Users/superbg/Documents/IEES/idmybee/data/Bombus/collection/extraction/light/images/ISSERTES_0009_S_3.jpg,OK,0.004401887628852287,0,,0.0010
ISSERTES_0010_P_1,ISSERTES_0010,1623,/Users/superbg/Documents/IEES/idmybee/data/Bombus/collection/extraction/light/images/ISSERTES_0010_P_1.jpg,OK,0.004138936696302529,0,,0.0013
ISSERTES_0010_P_2,ISSERTES_0010,1624,/Users/superbg/Documents/IEES/idmybee/data/Bombus/collection/extraction/light/images/ISSERTES_0010_P_2.jpg,OK,0.004073409105998276,0,,0.0011
ISSERTES_0010_S_1,ISSERTES_0010,1625,/Users/superbg/Documents/IEES/idmybee/data/Bombus/collection/extraction/light/images/ISSERTES_0010_S_1.jpg,OK,0.004182030720813086,0,,0.0011
ISSERTES_0010_S_2,ISSERTES_0010,1626,/Users/superbg/Documents/IEES/idmybee/data/Bombus/collection/extraction/light/images/ISSERTES_0010_S_2.jpg,OK,0.004134004961281277,0,,0.0011
ISSERTES_0010_S_3,ISSERTES_0010,1627,/Users/superbg/Documents/IEES/idmybee/data/Bombus/collection/extraction/light/images/ISSERTES_0010_S_3.jpg,OK,0.004141399506435797,0,,0.0013
ISSERTES_0011_P_1,ISSERTES_0011,1628,/Users/superbg/Documents/IEES/idmybee/data/Bombus/collection/extraction/light/images/ISSERTES_0011_P_1.jpg,OK,0.004640689303722282,0,,0.0010
ISSERTES_0011_P_2,ISSERTES_0011,1629,/Users/superbg/Documents/IEES/idmybee/data/Bombus/collection/extraction/light/images/ISSERTES_0011_P_2.jpg,OK,0.004581240940976582,0,,0.0011
ISSERTES_0011_S_1,ISSERTES_0011,1630,/Users/superbg/Documents/IEES/idmybee/data/Bombus/collection/extraction/light/images/ISSERTES_0011_S_1.jpg,OK,0.0045859877849399695,0,,0.0011
ISSERTES_0011_S_3,ISSERTES_0011,1631,/Users/superbg/Documents/IEES/idmybee/data/Bombus/collection/extraction/light/images/ISSERTES_0011_S_3.jpg,OK,0.004600572430700414,0,,0.0011
ISSERTES_0012_P_1,ISSERTES_0012,1632,/Users/superbg/Documents/IEES/idmybee/data/Bombus/collection/extraction/light/images/ISSERTES_0012_P_1.jpg,OK,0.004484372500476495,0,,0.0010
ISSERTES_0012_P_2,ISSERTES_0012,1633,/Users/superbg/Documents/IEES/idmybee/data/Bombus/collection/extraction/light/images/ISSERTES_0012_P_2.jpg,OK,0.004525974018735297,0,,0.0009
ISSERTES_0012_S_1,ISSERTES_0012,1634,/Users/superbg/Documents/IEES/idmybee/data/Bombus/collection/extraction/light/images/ISSERTES_0012_S_1.jpg,OK,0.00446725228481024,0,,0.0009
ISSERTES_0012_S_2,ISSERTES_0012,1635,/Users/superbg/Documents/IEES/idmybee/data/Bombus/collection/extraction/light/images/ISSERTES_0012_S_2.jpg,OK,0.004544498174243383,0,,0.0010
ISSERTES_0012_S_3,ISSERTES_0012,1636,/Users/superbg/Documents/IEES/idmybee/data/Bombus/collection/extraction/light/images/ISSERTES_0012_S_3.jpg,OK,0.004499160823021199,0,,0.0009
ISSERTES_0013_P_1,ISSERTES_0013,1637,/Users/superbg/Documents/IEES/idmybee/data/Bombus/collection/extraction/light/images/ISSERTES_0013_P_1.jpg,OK,0.004476105243961043,0,,0.0010
ISSERTES_0013_P_2,ISSERTES_0013,1638,/Users/superbg/Documents/IEES/idmybee/data/Bombus/collection/extraction/light/images/ISSERTES_0013_P_2.jpg,OK,0.004532953768574343,0,,0.0011
ISSERTES_0013_S_1,ISSERTES_0013,1639,/Users/superbg/Documents/IEES/idmybee/data/Bombus/collection/extraction/light/images/ISSERTES_0013_S_1.jpg,OK,0.004497674487056002,0,,0.0011
ISSERTES_0013_S_2,ISSERTES_0013,1640,/Users/superbg/Documents/IEES/idmybee/data/Bombus/collection/extraction/light/images/ISSERTES_0013_S_2.jpg,OK,0.004442207328839663,0,,0.0010
ISSERTES_0013_S_3,ISSERTES_0013,1641,/Users/superbg/Documents/IEES/idmybee/data/Bombus/collection/extraction/light/images/ISSERTES_0013_S_3.jpg,OK,0.004398480133093218,0,,0.0010
ISSERTES_0014_P_1,ISSERTES_0014,1642,/Users/superbg/Documents/IEES/idmybee/data/Bombus/collection/extraction/light/images/ISSERTES_0014_P_1.jpg,OK,0.00419440039095699,0,,0.0013
ISSERTES_0014_P_2,ISSERTES_0014,1643,/Users/superbg/Documents/IEES/idmybee/data/Bombus/collection/extraction/light/images/ISSERTES_0014_P_2.jpg,OK,0.004206974449396449,0,,0.0012
ISSERTES_0014_S_1,ISSERTES_0014,1644,/Users/superbg/Documents/IEES/idmybee/data/Bombus/collection/extraction/light/images/ISSERTES_0014_S_1.jpg,OK,0.004195344789266862,0,,0.0011
ISSERTES_0014_S_2,ISSERTES_0014,1645,/Users/superbg/Documents/IEES/idmybee/data/Bombus/collection/extraction/light/images/ISSERTES_0014_S_2.jpg,OK,0.004187826624206386,0,,0.0011
ISSERTES_0014_S_3,ISSERTES_0014,1646,/Users/superbg/Documents/IEES/idmybee/data/Bombus/collection/extraction/light/images/ISSERTES_0014_S_3.jpg,OK,0.004166106223288343,0,,0.0011
ISSERTES_0015_P_1,ISSERTES_0015,1647,/Users/superbg/Documents/IEES/idmybee/data/Bombus/collection/extraction/light/images/ISSERTES_0015_P_1.jpg,OK,0.004351992932243405,1,,0.0010
ISSERTES_0015_P_2,ISSERTES_0015,1648,/Users/superbg/Documents/IEES/idmybee/data/Bombus/collection/extraction/light/images/ISSERTES_0015_P_2.jpg,OK,0.00438055725659212,1,,0.0010
ISSERTES_0015_S_1,ISSERTES_0015,1649,/Users/superbg/Documents/IEES/idmybee/data/Bombus/collection/extraction/light/images/ISSERTES_0015_S_1.jpg,OK,0.004392548416000224,1,,0.0011
ISSERTES_0015_S_2,ISSERTES_0015,1650,/Users/superbg/Documents/IEES/idmybee/data/Bombus/collection/extraction/light/images/ISSERTES_0015_S_2.jpg,OK,0.004384404451579311,1,,0.0011
ISSERTES_0015_S_3,ISSERTES_0015,1651,/Users/superbg/Documents/IEES/idmybee/data/Bombus/collection/extraction/light/images/ISSERTES_0015_S_3.jpg,OK,0.00442738453327978,0,,0.0010
ISSERTES_0016_P_1,ISSERTES_0016,1652,/Users/superbg/Documents/IEES/idmybee/data/Bombus/collection/extraction/light/images/ISSERTES_0016_P_1.jpg,OK,0.004485873639942754,0,,0.0010
ISSERTES_0016_P_2,ISSERTES_0016,1653,/Users/superbg/Documents/IEES/idmybee/data/Bombus/collection/extraction/light/images/ISSERTES_0016_P_2.jpg,OK,0.00444552396366669,0,,0.0010
ISSERTES_0016_S_1,ISSERTES_0016,1654,/Users/superbg/Documents/IEES/idmybee/data/Bombus/collection/extraction/light/images/ISSERTES_0016_S_1.jpg,OK,0.004533112807261779,0,,0.0010
ISSERTES_0016_S_2,ISSERTES_0016,1655,/Users/superbg/Documents/IEES/idmybee/data/Bombus/collection/extraction/light/images/ISSERTES_0016_S_2.jpg,OK,0.004474223842437697,0,,0.0010
ISSERTES_0016_S_3,ISSERTES_0016,1656,/Users/superbg/Documents/IEES/idmybee/data/Bombus/collection/extraction/light/images/ISSERTES_0016_S_3.jpg,OK,0.004606164058680574,0,,0.0010
ISSERTES_0017_P_2,ISSERTES_0017,1657,/Users/superbg/Documents/IEES/idmybee/data/Bombus/collection/extraction/light/images/ISSERTES_0017_P_2.jpg,OK,0.004481640815392814,0,,0.0011
ISSERTES_0017_S_1,ISSERTES_0017,1658,/Users/superbg/Documents/IEES/idmybee/data/Bombus/collection/extraction/light/images/ISSERTES_0017_S_1.jpg,SUSPECT,0.006565348391908596,17,,0.0019
ISSERTES_0017_S_2,ISSERTES_0017,1659,/Users/superbg/Documents/IEES/idmybee/data/Bombus/collection/extraction/light/images/ISSERTES_0017_S_2.jpg,OK,0.004545771348097778,0,,0.0010
ISSERTES_0017_S_3,ISSERTES_0017,1660,/Users/superbg/Documents/IEES/idmybee/data/Bombus/collection/extraction/light/images/ISSERTES_0017_S_3.jpg,OK,0.004507706223301853,7,,0.0013
ISSERTES_0018_P_1,ISSERTES_0018,1661,/Users/superbg/Documents/IEES/idmybee/data/Bombus/collection/extraction/light/images/ISSERTES_0018_P_1.jpg,OK,0.004367743399779158,0,,0.0010
ISSERTES_0018_P_2,ISSERTES_0018,1662,/Users/superbg/Documents/IEES/idmybee/data/Bombus/collection/extraction/light/images/ISSERTES_0018_P_2.jpg,FAILED,inf,,"17 landmarks, 18 expected",0.0000
ISSERTES_0018_S_1,ISSERTES_0018,1663,/Users/superbg/Documents/IEES/idmybee/data/Bombus/collection/extraction/light/images/ISSERTES_0018_S_1.jpg,OK,0.0044692509519146705,0,,0.0010
ISSERTES_0018_S_2,ISSERTES_0018,1664,/Users/superbg/Documents/IEES/idmybee/data/Bombus/collection/extraction/light/images/ISSERTES_0018_S_2.jpg,OK,0.0044262452108771435,0,,0.0010
ISSERTES_0018_S_3,ISSERTES_0018,1665,/Users/superbg/Documents/IEES/idmybee/data/Bombus/collection/extraction/light/images/ISSERTES_0018_S_3.jpg,OK,0.004363727713249503,0,,0.0010
ISSERTES_0019_P_1,ISSERTES_0019,1666,/Users/superbg/Documents/IEES/idmybee/data/Bombus/collection/extraction/light/images/ISSERTES_0019_P_1.jpg,OK,0.004534690496247635,0,,0.0010
ISSERTES_0019_P_2,ISSERTES_0019,1667,/Users/superbg/Documents/IEES/idmybee/data/Bombus/collection/extraction/light/images/ISSERTES_0019_P_2.jpg,OK,0.004505205768039767,0,,0.0010
ISSERTES_0019_S_1,ISSERTES_0019,1668,/Users/superbg/Documents/IEES/idmybee/data/Bombus/collection/extraction/light/images/ISSERTES_0019_S_1.jpg,OK,0.004551347646439902,0,,0.0009
ISSERTES_0019_S_2,ISSERTES_0019,1669,/Users/superbg/Documents/IEES/idmybee/data/Bombus/collection/extraction/light/images/ISSERTES_0019_S_2.jpg,OK,0.0044935149493368146,0,,0.0010
ISSERTES_0019_S_3,ISSERTES_0019,1670,/Users/superbg/Documents/IEES/idmybee/data/Bombus/collection/extraction/light/images/ISSERTES_0019_S_3.jpg,OK,0.004525577118186004,0,,0.0009
ISSERTES_0020_P_1,ISSERTES_0020,1671,/Users/superbg/Documents/IEES/idmybee/data/Bombus/collection/extraction/light/images/ISSERTES_0020_P_1.jpg,OK,0.00486984744057785,0,,0.0010
ISSERTES_0020_P_2,ISSERTES_0020,1672,/Users/superbg/Documents/IEES/idmybee/data/Bombus/collection/extraction/light/images/ISSERTES_0020_P_2.jpg,OK,0.004889586710988596,0,,0.0011
ISSERTES_0020_S_1,ISSERTES_0020,1673,/Users/superbg/Documents/IEES/idmybee/data/Bombus/collection/extraction/light/images/ISSERTES_0020_S_1.jpg,OK,0.004827975270432278,0,,0.0010
ISSERTES_0020_S_2,ISSERTES_0020,1674,/Users/superbg/Documents/IEES/idmybee/data/Bombus/collection/extraction/light/images/ISSERTES_0020_S_2.jpg,OK,0.004865473316778157,0,,0.0014
ISSERTES_0020_S_3,ISSERTES_0020,1675,/Users/superbg/Documents/IEES/idmybee/data/Bombus/collection/extraction/light/images/ISSERTES_0020_S_3.jpg,OK,0.004846071499014471,0,,0.0011
ISSERTES_0021_P_1,ISSERTES_0021,1676,/Users/superbg/Documents/IEES/idmybee/data/Bombus/collection/extraction/light/images/ISSERTES_0021_P_1.jpg,OK,0.004725623113410759,0,,0.0010
ISSERTES_0021_P_2,ISSERTES_0021,1677,/Users/superbg/Documents/IEES/idmybee/data/Bombus/collection/extraction/light/images/ISSERTES_0021_P_2.jpg,OK,0.004763735423457267,0,,0.0011
ISSERTES_0021_S_1,ISSERTES_0021,1678,/Users/superbg/Documents/IEES/idmybee/data/Bombus/collection/extraction/light/images/ISSERTES_0021_S_1.jpg,OK,0.004740183829140753,0,,0.0010
ISSERTES_0021_S_2,ISSERTES_0021,1679,/Users/superbg/Documents/IEES/idmybee/data/Bombus/collection/extraction/light/images/ISSERTES_0021_S_2.jpg,OK,0.00470764824642245,0,,0.0011
ISSERTES_0021_S_3,ISSERTES_0021,1680,/Users/superbg/Documents/IEES/idmybee/data/Bombus/collection/extraction/light/images/ISSERTES_0021_S_3.jpg,OK,0.004749395618373589,0,,0.0010
ISSERTES_0022_P_1,ISSERTES_0022,1681,/Users/superbg/Documents/IEES/idmybee/data/Bombus/collection/extraction/light/images/ISSERTES_0022_P_1.jpg,OK,0.004428727170191254,0,,0.0011
ISSERTES_0022_P_2,ISSERTES_0022,1682,/Users/superbg/Documents/IEES/idmybee/data/Bombus/collection/extraction/light/images/ISSERTES_0022_P_2.jpg,OK,0.0044165658248280296,0,,0.0011
ISSERTES_0022_S_1,ISSERTES_0022,1683,/Users/superbg/Documents/IEES/idmybee/data/Bombus/collection/extraction/light/images/ISSERTES_0022_S_1.jpg,OK,0.004446845838051509,0,,0.0011
ISSERTES_0022_S_2,ISSERTES_0022,1684,/Users/superbg/Documents/IEES/idmybee/data/Bombus/collection/extraction/light/images/ISSERTES_0022_S_2.jpg,OK,0.0044723332756364835,0,,0.0010
ISSERTES_0022_S_3,ISSERTES_0022,1685,/Users/superbg/Documents/IEES/idmybee/data/Bombus/collection/extraction/light/images/ISSERTES_0022_S_3.jpg,OK,0.004492946674829175,0,,0.0011
ISSERTES_0023_P_1,ISSERTES_0023,1686,/Users/superbg/Documents/IEES/idmybee/data/Bombus/collection/extraction/light/images/ISSERTES_0023_P_1.jpg,OK,0.004346927937920523,0,,0.0010
ISSERTES_0023_P_2,ISSERTES_0023,1687,/Users/superbg/Documents/IEES/idmybee/data/Bombus/collection/extraction/light/images/ISSERTES_0023_P_2.jpg,OK,0.004396120764491138,0,,0.0010
ISSERTES_0023_S_1,ISSERTES_0023,1688,/Users/superbg/Documents/IEES/idmybee/data/Bombus/collection/extraction/light/images/ISSERTES_0023_S_1.jpg,OK,0.004343948461304762,0,,0.0010
ISSERTES_0023_S_2,ISSERTES_0023,1689,/Users/superbg/Documents/IEES/idmybee/data/Bombus/collection/extraction/light/images/ISSERTES_0023_S_2.jpg,OK,0.0043810306132688655,0,,0.0010
ISSERTES_0023_S_3,ISSERTES_0023,1690,/Users/superbg/Documents/IEES/idmybee/data/Bombus/collection/extraction/light/images/ISSERTES_0023_S_3.jpg,OK,0.004379607269199214,0,,0.0011
ISSERTES_0024_P_1,ISSERTES_0024,1691,/Users/superbg/Documents/IEES/idmybee/data/Bombus/collection/extraction/light/images/ISSERTES_0024_P_1.jpg,OK,0.0046271981551644,0,,0.0010
ISSERTES_0024_P_2,ISSERTES_0024,1692,/Users/superbg/Documents/IEES/idmybee/data/Bombus/collection/extraction/light/images/ISSERTES_0024_P_2.jpg,OK,0.0045890140297576735,0,,0.0010
ISSERTES_0024_S_1,ISSERTES_0024,1693,/Users/superbg/Documents/IEES/idmybee/data/Bombus/collection/extraction/light/images/ISSERTES_0024_S_1.jpg,OK,0.004508545647146766,0,,0.0009
ISSERTES_0024_S_2,ISSERTES_0024,1694,/Users/superbg/Documents/IEES/idmybee/data/Bombus/collection/extraction/light/images/ISSERTES_0024_S_2.jpg,OK,0.004583321722792832,0,,0.0010
ISSERTES_0024_S_3,ISSERTES_0024,1695,/Users/superbg/Documents/IEES/idmybee/data/Bombus/collection/extraction/light/images/ISSERTES_0024_S_3.jpg,OK,0.00455094839673454,0,,0.0010
ISSERTES_0025_P_1,ISSERTES_0025,1696,/Users/superbg/Documents/IEES/idmybee/data/Bombus/collection/extraction/light/images/ISSERTES_0025_P_1.jpg,OK,0.004743185478343889,0,,0.0010
ISSERTES_0025_P_2,ISSERTES_0025,1697,/Users/superbg/Documents/IEES/idmybee/data/Bombus/collection/extraction/light/images/ISSERTES_0025_P_2.jpg,OK,0.004691513041290666,0,,0.0010
ISSERTES_0025_S_1,ISSERTES_0025,1698,/Users/superbg/Documents/IEES/idmybee/data/Bombus/collection/extraction/light/images/ISSERTES_0025_S_1.jpg,OK,0.0047197810844868135,0,,0.0010
ISSERTES_0025_S_2,ISSERTES_0025,1699,/Users/superbg/Documents/IEES/idmybee/data/Bombus/collection/extraction/light/images/ISSERTES_0025_S_2.jpg,OK,0.004735613438312662,0,,0.0009
ISSERTES_0025_S_3,ISSERTES_0025,1700,/Users/superbg/Documents/IEES/idmybee/data/Bombus/collection/extraction/light/images/ISSERTES_0025_S_3.jpg,OK,0.00472621833392685,0,,0.0009
ISSERTES_0026_P_1,ISSERTES_0026,1701,/Users/superbg/Documents/IEES/idmybee/data/Bombus/collection/extraction/light/images/ISSERTES_0026_P_1.jpg,OK,0.004694961792099092,0,,0.0011
ISSERTES_0026_P_2,ISSERTES_0026,1702,/Users/superbg/Documents/IEES/idmybee/data/Bombus/collection/extraction/light/images/ISSERTES_0026_P_2.jpg,OK,0.004702148138673771,0,,0.0010
ISSERTES_0026_S_1,ISSERTES_0026,1703,/Users/superbg/Documents/IEES/idmybee/data/Bombus/collection/extraction/light/images/ISSERTES_0026_S_1.jpg,OK,0.0047234069656113715,0,,0.0011
ISSERTES_0026_S_2,ISSERTES_0026,1704,/Users/superbg/Documents/IEES/idmybee/data/Bombus/collection/extraction/light/images/ISSERTES_0026_S_2.jpg,OK,0.0046661374607415386,0,,0.0010
ISSERTES_0026_S_3,ISSERTES_0026,1705,/Users/superbg/Documents/IEES/idmybee/data/Bombus/collection/extraction/light/images/ISSERTES_0026_S_3.jpg,OK,0.004588272497246478,0,,0.0009
ISSERTES_0027_P_1,ISSERTES_0027,1706,/Users/superbg/Documents/IEES/idmybee/data/Bombus/collection/extraction/light/images/ISSERTES_0027_P_1.jpg,OK,0.004730342741626594,0,,0.0009
ISSERTES_0027_P_2,ISSERTES_0027,1707,/Users/superbg/Documents/IEES/idmybee/data/Bombus/collection/extraction/light/images/ISSERTES_0027_P_2.jpg,OK,0.004746870978451613,0,,0.0012
ISSERTES_0027_S_1,ISSERTES_0027,1708,/Users/superbg/Documents/IEES/idmybee/data/Bombus/collection/extraction/light/images/ISSERTES_0027_S_1.jpg,OK,0.0047689136402806,0,,0.0010
ISSERTES_0027_S_2,ISSERTES_0027,1709,/Users/superbg/Documents/IEES/idmybee/data/Bombus/collection/extraction/light/images/ISSERTES_0027_S_2.jpg,OK,0.004707751141849028,0,,0.0010
ISSERTES_0027_S_3,ISSERTES_0027,1710,/Users/superbg/Documents/IEES/idmybee/data/Bombus/collection/extraction/light/images/ISSERTES_0027_S_3.jpg,OK,0.004671534455083216,0,,0.0010
ISSERTES_0028_P_1,ISSERTES_0028,1711,/Users/superbg/Documents/IEES/idmybee/data/Bombus/collection/extraction/light/images/ISSERTES_0028_P_1.jpg,OK,0.004690524624412765,0,,0.0010
ISSERTES_0028_P_2,ISSERTES_0028,1712,/Users/superbg/Documents/IEES/idmybee/data/Bombus/collection/extraction/light/images/ISSERTES_0028_P_2.jpg,OK,0.004743917895467695,1,,0.0010
ISSERTES_0028_S_1,ISSERTES_0028,1713,/Users/superbg/Documents/IEES/idmybee/data/Bombus/collection/extraction/light/images/ISSERTES_0028_S_1.jpg,OK,0.0046180328524430886,0,,0.0010
ISSERTES_0028_S_2,ISSERTES_0028,1714,/Users/superbg/Documents/IEES/idmybee/data/Bombus/collection/extraction/light/images/ISSERTES_0028_S_2.jpg,OK,0.004631862530460518,0,,0.0010
ISSERTES_0028_S_3,ISSERTES_0028,1715,/Users/superbg/Documents/IEES/idmybee/data/Bombus/collection/extraction/light/images/ISSERTES_0028_S_3.jpg,OK,0.004637547162621206,0,,0.0010
ISSERTES_0029_P_1,ISSERTES_0029,1716,/Users/superbg/Documents/IEES/idmybee/data/Bombus/collection/extraction/light/images/ISSERTES_0029_P_1.jpg,OK,0.004595986701926428,0,,0.0010
ISSERTES_0029_P_2,ISSERTES_0029,1717,/Users/superbg/Documents/IEES/idmybee/data/Bombus/collection/extraction/light/images/ISSERTES_0029_P_2.jpg,OK,0.004536927949778078,0,,0.0010
ISSERTES_0029_S_1,ISSERTES_0029,1718,/Users/superbg/Documents/IEES/idmybee/data/Bombus/collection/extraction/light/images/ISSERTES_0029_S_1.jpg,OK,0.00457290963802065,0,,0.0010
ISSERTES_0029_S_2,ISSERTES_0029,1719,/Users/superbg/Documents/IEES/idmybee/data/Bombus/collection/extraction/light/images/ISSERTES_0029_S_2.jpg,OK,0.004557775345185422,0,,0.0009
ISSERTES_0029_S_3,ISSERTES_0029,1720,/Users/superbg/Documents/IEES/idmybee/data/Bombus/collection/extraction/light/images/ISSERTES_0029_S_3.jpg,OK,0.004585641257917152,0,,0.0010
ISSERTES_0030_P_2,ISSERTES_0030,1721,/Users/superbg/Documents/IEES/idmybee/data/Bombus/collection/extraction/light/images/ISSERTES_0030_P_2.jpg,OK,0.004601601768821894,0,,0.0010
ISSERTES_0030_S_1,ISSERTES_0030,1722,/Users/superbg/Documents/IEES/idmybee/data/Bombus/collection/extraction/light/images/ISSERTES_0030_S_1.jpg,OK,0.004542610787518993,0,,0.0009
ISSERTES_0030_S_2,ISSERTES_0030,1723,/Users/superbg/Documents/IEES/idmybee/data/Bombus/collection/extraction/light/images/ISSERTES_0030_S_2.jpg,OK,0.004576048996711448,0,,0.0009
ISSERTES_0030_S_3,ISSERTES_0030,1724,/Users/superbg/Documents/IEES/idmybee/data/Bombus/collection/extraction/light/images/ISSERTES_0030_S_3.jpg,OK,0.004572062521612746,0,,0.0009
ISSERTES_0031_P_1,ISSERTES_0031,1725,/Users/superbg/Documents/IEES/idmybee/data/Bombus/collection/extraction/light/images/ISSERTES_0031_P_1.jpg,OK,0.004495802345199759,0,,0.0012
ISSERTES_0031_P_2,ISSERTES_0031,1726,/Users/superbg/Documents/IEES/idmybee/data/Bombus/collection/extraction/light/images/ISSERTES_0031_P_2.jpg,OK,0.004489204250181902,0,,0.0011
ISSERTES_0031_S_1,ISSERTES_0031,1727,/Users/superbg/Documents/IEES/idmybee/data/Bombus/collection/extraction/light/images/ISSERTES_0031_S_1.jpg,OK,0.004582299618441307,0,,0.0010
ISSERTES_0031_S_2,ISSERTES_0031,1728,/Users/superbg/Documents/IEES/idmybee/data/Bombus/collection/extraction/light/images/ISSERTES_0031_S_2.jpg,OK,0.004586113458553165,0,,0.0011
ISSERTES_0031_S_3,ISSERTES_0031,1729,/Users/superbg/Documents/IEES/idmybee/data/Bombus/collection/extraction/light/images/ISSERTES_0031_S_3.jpg,OK,0.004557411149694134,0,,0.0010
ISSERTES_0032_P_1,ISSERTES_0032,1730,/Users/superbg/Documents/IEES/idmybee/data/Bombus/collection/extraction/light/images/ISSERTES_0032_P_1.jpg,OK,0.0044705636740975845,0,,0.0010
ISSERTES_0032_P_2,ISSERTES_0032,1731,/Users/superbg/Documents/IEES/idmybee/data/Bombus/collection/extraction/light/images/ISSERTES_0032_P_2.jpg,OK,0.004509990763460749,1,,0.0010
ISSERTES_0032_S_1,ISSERTES_0032,1732,/Users/superbg/Documents/IEES/idmybee/data/Bombus/collection/extraction/light/images/ISSERTES_0032_S_1.jpg,OK,0.004559828267875203,0,,0.0010
ISSERTES_0032_S_2,ISSERTES_0032,1733,/Users/superbg/Documents/IEES/idmybee/data/Bombus/collection/extraction/light/images/ISSERTES_0032_S_2.jpg,OK,0.00461296795166338,0,,0.0010
ISSERTES_0032_S_3,ISSERTES_0032,1734,/Users/superbg/Documents/IEES/idmybee/data/Bombus/collection/extraction/light/images/ISSERTES_0032_S_3.jpg,OK,0.004523098867347506,0,,0.0010
ISSERTES_0033_P_1,ISSERTES_0033,1735,/Users/superbg/Documents/IEES/idmybee/data/Bombus/collection/extraction/light/images/ISSERTES_0033_P_1.jpg,OK,0.00455264741828193,0,,0.0010
ISSERTES_0033_P_2,ISSERTES_0033,1736,/Users/superbg/Documents/IEES/idmybee/data/Bombus/collection/extraction/light/images/ISSERTES_0033_P_2.jpg,OK,0.004575359382059409,0,,0.0010
ISSERTES_0033_S_1,ISSERTES_0033,1737,/Users/superbg/Documents/IEES/idmybee/data/Bombus/collection/extraction/light/images/ISSERTES_0033_S_1.jpg,OK,0.004549251343708576,0,,0.0010
ISSERTES_0033_S_2,ISSERTES_0033,1738,/Users/superbg/Documents/IEES/idmybee/data/Bombus/collection/extraction/light/images/ISSERTES_0033_S_2.jpg,OK,0.004543344938836317,0,,0.0010
ISSERTES_0033_S_3,ISSERTES_0033,1739,/Users/superbg/Documents/IEES/idmybee/data/Bombus/collection/extraction/light/images/ISSERTES_0033_S_3.jpg,OK,0.0045291928267990975,0,,0.0010
ISSERTES_0034_P_1,ISSERTES_0034,1740,/Users/superbg/Documents/IEES/idmybee/data/Bombus/collection/extraction/light/images/ISSERTES_0034_P_1.jpg,FAILED,inf,,"12 landmarks, 18 expected",0.0000
ISSERTES_0034_P_2,ISSERTES_0034,1741,/Users/superbg/Documents/IEES/idmybee/data/Bombus/collection/extraction/light/images/ISSERTES_0034_P_2.jpg,FAILED,inf,,"16 landmarks, 18 expected",0.0000
ISSERTES_0034_S_1,ISSERTES_0034,1742,/Users/superbg/Documents/IEES/idmybee/data/Bombus/collection/extraction/light/images/ISSERTES_0034_S_1.jpg,FAILED,inf,,"15 landmarks, 18 expected",0.0000
ISSERTES_0034_S_2,ISSERTES_0034,1743,/Users/superbg/Documents/IEES/idmybee/data/Bombus/collection/extraction/light/images/ISSERTES_0034_S_2.jpg,SUSPECT,0.008714640798136922,18,,0.0013
ISSERTES_0034_S_3,ISSERTES_0034,1744,/Users/superbg/Documents/IEES/idmybee/data/Bombus/collection/extraction/light/images/ISSERTES_0034_S_3.jpg,FAILED,inf,,"17 landmarks, 18 expected",0.0000
ISSERTES_0035_P_1,ISSERTES_0035,1745,/Users/superbg/Documents/IEES/idmybee/data/Bombus/collection/extraction/light/images/ISSERTES_0035_P_1.jpg,FAILED,inf,,"14 landmarks, 18 expected",0.0000
ISSERTES_0035_P_2,ISSERTES_0035,1746,/Users/superbg/Documents/IEES/idmybee/data/Bombus/collection/extraction/light/images/ISSERTES_0035_P_2.jpg,FAILED,inf,,"14 landmarks, 18 expected",0.0000
ISSERTES_0035_S_1,ISSERTES_0035,1747,/Users/superbg/Documents/IEES/idmybee/data/Bombus/collection/extraction/light/images/ISSERTES_0035_S_1.jpg,FAILED,inf,,"15 landmarks, 18 expected",0.0000
ISSERTES_0035_S_2,ISSERTES_0035,1748,/Users/superbg/Documents/IEES/idmybee/data/Bombus/collection/extraction/light/images/ISSERTES_0035_S_2.jpg,FAILED,inf,,"15 landmarks, 18 expected",0.0000
ISSERTES_0035_S_3,ISSERTES_0035,1749,/Users/superbg/Documents/IEES/idmybee/data/Bombus/collection/extraction/light/images/ISSERTES_0035_S_3.jpg,FAILED,inf,,"16 landmarks, 18 expected",0.0000
ISSERTES_0036_P_1,ISSERTES_0036,1750,/Users/superbg/Documents/IEES/idmybee/data/Bombus/collection/extraction/light/images/ISSERTES_0036_P_1.jpg,FAILED,inf,,"14 landmarks, 18 expected",0.0000
ISSERTES_0036_P_2,ISSERTES_0036,1751,/Users/superbg/Documents/IEES/idmybee/data/Bombus/collection/extraction/light/images/ISSERTES_0036_P_2.jpg,FAILED,inf,,"15 landmarks, 18 expected",0.0000
ISSERTES_0036_S_1,ISSERTES_0036,1752,/Users/superbg/Documents/IEES/idmybee/data/Bombus/collection/extraction/light/images/ISSERTES_0036_S_1.jpg,FAILED,inf,,"17 landmarks, 18 expected",0.0000
ISSERTES_0036_S_2,ISSERTES_0036,1753,/Users/superbg/Documents/IEES/idmybee/data/Bombus/collection/extraction/light/images/ISSERTES_0036_S_2.jpg,OK,0.004626027853562372,0,,0.0010
ISSERTES_0036_S_3,ISSERTES_0036,1754,/Users/superbg/Documents/IEES/idmybee/data/Bombus/collection/extraction/light/images/ISSERTES_0036_S_3.jpg,OK,0.004430680206751485,0,,0.0010
ISSERTES_0037_P_1,ISSERTES_0037,1755,/Users/superbg/Documents/IEES/idmybee/data/Bombus/collection/extraction/light/images/ISSERTES_0037_P_1.jpg,OK,0.005869037792954875,8,,0.0011
ISSERTES_0037_P_2,ISSERTES_0037,1756,/Users/superbg/Documents/IEES/idmybee/data/Bombus/collection/extraction/light/images/ISSERTES_0037_P_2.jpg,OK,0.004754949090716202,2,,0.0010
ISSERTES_0037_S_1,ISSERTES_0037,1757,/Users/superbg/Documents/IEES/idmybee/data/Bombus/collection/extraction/light/images/ISSERTES_0037_S_1.jpg,SUSPECT,0.004515335752610639,16,,0.0013
ISSERTES_0037_S_2,ISSERTES_0037,1758,/Users/superbg/Documents/IEES/idmybee/data/Bombus/collection/extraction/light/images/ISSERTES_0037_S_2.jpg,OK,0.004534885557252779,0,,0.0010
ISSERTES_0037_S_3,ISSERTES_0037,1759,/Users/superbg/Documents/IEES/idmybee/data/Bombus/collection/extraction/light/images/ISSERTES_0037_S_3.jpg,SUSPECT,0.004734713110525406,14,,0.0013
ISSERTES_0038_P_1,ISSERTES_0038,1760,/Users/superbg/Documents/IEES/idmybee/data/Bombus/collection/extraction/light/images/ISSERTES_0038_P_1.jpg,FAILED,inf,,"12 landmarks, 18 expected",0.0000
ISSERTES_0038_P_2,ISSERTES_0038,1761,/Users/superbg/Documents/IEES/idmybee/data/Bombus/collection/extraction/light/images/ISSERTES_0038_P_2.jpg,FAILED,inf,,"17 landmarks, 18 expected",0.0000
ISSERTES_0038_S_1,ISSERTES_0038,1762,/Users/superbg/Documents/IEES/idmybee/data/Bombus/collection/extraction/light/images/ISSERTES_0038_S_1.jpg,FAILED,inf,,"14 landmarks, 18 expected",0.0000
ISSERTES_0038_S_2,ISSERTES_0038,1763,/Users/superbg/Documents/IEES/idmybee/data/Bombus/collection/extraction/light/images/ISSERTES_0038_S_2.jpg,SUSPECT,0.007951509563103141,16,,0.0015
ISSERTES_0038_S_3,ISSERTES_0038,1764,/Users/superbg/Documents/IEES/idmybee/data/Bombus/collection/extraction/light/images/ISSERTES_0038_S_3.jpg,FAILED,inf,,"17 landmarks, 18 expected",0.0000
ISSERTES_0039_P_1,ISSERTES_0039,1765,/Users/superbg/Documents/IEES/idmybee/data/Bombus/collection/extraction/light/images/ISSERTES_0039_P_1.jpg,FAILED,inf,,"6 landmarks, 18 expected",0.0000
ISSERTES_0039_P_2,ISSERTES_0039,1766,/Users/superbg/Documents/IEES/idmybee/data/Bombus/collection/extraction/light/images/ISSERTES_0039_P_2.jpg,FAILED,inf,,"8 landmarks, 18 expected",0.0000
ISSERTES_0039_S_1,ISSERTES_0039,1767,/Users/superbg/Documents/IEES/idmybee/data/Bombus/collection/extraction/light/images/ISSERTES_0039_S_1.jpg,FAILED,inf,,"8 landmarks, 18 expected",0.0000
ISSERTES_0039_S_2,ISSERTES_0039,1768,/Users/superbg/Documents/IEES/idmybee/data/Bombus/collection/extraction/light/images/ISSERTES_0039_S_2.jpg,FAILED,inf,,"14 landmarks, 18 expected",0.0000
ISSERTES_0039_S_3,ISSERTES_0039,1769,/Users/superbg/Documents/IEES/idmybee/data/Bombus/collection/extraction/light/images/ISSERTES_0039_S_3.jpg,FAILED,inf,,"16 landmarks, 18 expected",0.0000
ISSERTES_0040_P_1,ISSERTES_0040,1770,/Users/superbg/Documents/IEES/idmybee/data/Bombus/collection/extraction/light/images/ISSERTES_0040_P_1.jpg,OK,0.004525902660843163,0,,0.0011
ISSERTES_0040_P_2,ISSERTES_0040,1771,/Users/superbg/Documents/IEES/idmybee/data/Bombus/collection/extraction/light/images/ISSERTES_0040_P_2.jpg,OK,0.0044876788054700805,0,,0.0011
ISSERTES_0040_S_1,ISSERTES_0040,1772,/Users/superbg/Documents/IEES/idmybee/data/Bombus/collection/extraction/light/images/ISSERTES_0040_S_1.jpg,OK,0.004444758858555026,0,,0.0010
ISSERTES_0040_S_2,ISSERTES_0040,1773,/Users/superbg/Documents/IEES/idmybee/data/Bombus/collection/extraction/light/images/ISSERTES_0040_S_2.jpg,OK,0.004396427205795482,0,,0.0010
ISSERTES_0040_S_3,ISSERTES_0040,1774,/Users/superbg/Documents/IEES/idmybee/data/Bombus/collection/extraction/light/images/ISSERTES_0040_S_3.jpg,OK,0.0044944064039057945,0,,0.0010
ISSERTES_0041_P_1,ISSERTES_0041,1775,/Users/superbg/Documents/IEES/idmybee/data/Bombus/collection/extraction/light/images/ISSERTES_0041_P_1.jpg,OK,0.004584599621981107,0,,0.0009
ISSERTES_0041_P_2,ISSERTES_0041,1776,/Users/superbg/Documents/IEES/idmybee/data/Bombus/collection/extraction/light/images/ISSERTES_0041_P_2.jpg,OK,0.004598796568358726,0,,0.0009
ISSERTES_0041_S_1,ISSERTES_0041,1777,/Users/superbg/Documents/IEES/idmybee/data/Bombus/collection/extraction/light/images/ISSERTES_0041_S_1.jpg,OK,0.004528583722983117,0,,0.0009
ISSERTES_0041_S_2,ISSERTES_0041,1778,/Users/superbg/Documents/IEES/idmybee/data/Bombus/collection/extraction/light/images/ISSERTES_0041_S_2.jpg,OK,0.004589950379047132,0,,0.0010
ISSERTES_0041_S_3,ISSERTES_0041,1779,/Users/superbg/Documents/IEES/idmybee/data/Bombus/collection/extraction/light/images/ISSERTES_0041_S_3.jpg,OK,0.004542965579877163,0,,0.0010
ISSERTES_0042_P_1,ISSERTES_0042,1780,/Users/superbg/Documents/IEES/idmybee/data/Bombus/collection/extraction/light/images/ISSERTES_0042_P_1.jpg,OK,0.004637084077832198,1,,0.0011
ISSERTES_0042_P_2,ISSERTES_0042,1781,/Users/superbg/Documents/IEES/idmybee/data/Bombus/collection/extraction/light/images/ISSERTES_0042_P_2.jpg,OK,0.004591540865245507,1,,0.0010
ISSERTES_0042_S_1,ISSERTES_0042,1782,/Users/superbg/Documents/IEES/idmybee/data/Bombus/collection/extraction/light/images/ISSERTES_0042_S_1.jpg,OK,0.004612926636144077,1,,0.0010
ISSERTES_0042_S_2,ISSERTES_0042,1783,/Users/superbg/Documents/IEES/idmybee/data/Bombus/collection/extraction/light/images/ISSERTES_0042_S_2.jpg,OK,0.004702719153712118,1,,0.0010
ISSERTES_0042_S_3,ISSERTES_0042,1784,/Users/superbg/Documents/IEES/idmybee/data/Bombus/collection/extraction/light/images/ISSERTES_0042_S_3.jpg,OK,0.004592617403289742,1,,0.0010
ISSERTES_0043_P_1,ISSERTES_0043,1785,/Users/superbg/Documents/IEES/idmybee/data/Bombus/collection/extraction/light/images/ISSERTES_0043_P_1.jpg,OK,0.00438758212441356,0,,0.0011
ISSERTES_0043_P_2,ISSERTES_0043,1786,/Users/superbg/Documents/IEES/idmybee/data/Bombus/collection/extraction/light/images/ISSERTES_0043_P_2.jpg,OK,0.004426462874352157,0,,0.0011
ISSERTES_0043_S_1,ISSERTES_0043,1787,/Users/superbg/Documents/IEES/idmybee/data/Bombus/collection/extraction/light/images/ISSERTES_0043_S_1.jpg,OK,0.004386404536060635,0,,0.0011
ISSERTES_0043_S_2,ISSERTES_0043,1788,/Users/superbg/Documents/IEES/idmybee/data/Bombus/collection/extraction/light/images/ISSERTES_0043_S_2.jpg,OK,0.0044490595091837325,0,,0.0011
ISSERTES_0043_S_3,ISSERTES_0043,1789,/Users/superbg/Documents/IEES/idmybee/data/Bombus/collection/extraction/light/images/ISSERTES_0043_S_3.jpg,OK,0.0044641870627016925,0,,0.0011
ISSERTES_0044_P_1,ISSERTES_0044,1790,/Users/superbg/Documents/IEES/idmybee/data/Bombus/collection/extraction/light/images/ISSERTES_0044_P_1.jpg,OK,0.00426014502896256,0,,0.0010
ISSERTES_0044_P_2,ISSERTES_0044,1791,/Users/superbg/Documents/IEES/idmybee/data/Bombus/collection/extraction/light/images/ISSERTES_0044_P_2.jpg,OK,0.00435131617867924,0,,0.0010
ISSERTES_0044_S_1,ISSERTES_0044,1792,/Users/superbg/Documents/IEES/idmybee/data/Bombus/collection/extraction/light/images/ISSERTES_0044_S_1.jpg,OK,0.0043457092106020286,0,,0.0010
ISSERTES_0044_S_2,ISSERTES_0044,1793,/Users/superbg/Documents/IEES/idmybee/data/Bombus/collection/extraction/light/images/ISSERTES_0044_S_2.jpg,OK,0.004349457168072361,0,,0.0011
ISSERTES_0044_S_3,ISSERTES_0044,1794,/Users/superbg/Documents/IEES/idmybee/data/Bombus/collection/extraction/light/images/ISSERTES_0044_S_3.jpg,OK,0.004367358595651216,0,,0.0010
ISSERTES_0045_P_1,ISSERTES_0045,1795,/Users/superbg/Documents/IEES/idmybee/data/Bombus/collection/extraction/light/images/ISSERTES_0045_P_1.jpg,OK,0.004502392456225468,0,,0.0010
ISSERTES_0045_P_2,ISSERTES_0045,1796,/Users/superbg/Documents/IEES/idmybee/data/Bombus/collection/extraction/light/images/ISSERTES_0045_P_2.jpg,OK,0.004503592222402495,0,,0.0011
ISSERTES_0045_S_1,ISSERTES_0045,1797,/Users/superbg/Documents/IEES/idmybee/data/Bombus/collection/extraction/light/images/ISSERTES_0045_S_1.jpg,OK,0.004572287043168429,0,,0.0010
ISSERTES_0045_S_2,ISSERTES_0045,1798,/Users/superbg/Documents/IEES/idmybee/data/Bombus/collection/extraction/light/images/ISSERTES_0045_S_2.jpg,OK,0.004528226736534463,0,,0.0009
ISSERTES_0045_S_3,ISSERTES_0045,1799,/Users/superbg/Documents/IEES/idmybee/data/Bombus/collection/extraction/light/images/ISSERTES_0045_S_3.jpg,OK,0.004419431619687133,0,,0.0010
ISSERTES_0046_P_1,ISSERTES_0046,1800,/Users/superbg/Documents/IEES/idmybee/data/Bombus/collection/extraction/light/images/ISSERTES_0046_P_1.jpg,OK,0.004602186398378939,0,,0.0011
ISSERTES_0046_P_2,ISSERTES_0046,1801,/Users/superbg/Documents/IEES/idmybee/data/Bombus/collection/extraction/light/images/ISSERTES_0046_P_2.jpg,OK,0.00458738050034322,0,,0.0010
ISSERTES_0046_S_1,ISSERTES_0046,1802,/Users/superbg/Documents/IEES/idmybee/data/Bombus/collection/extraction/light/images/ISSERTES_0046_S_1.jpg,OK,0.004580285932762552,0,,0.0010
ISSERTES_0046_S_2,ISSERTES_0046,1803,/Users/superbg/Documents/IEES/idmybee/data/Bombus/collection/extraction/light/images/ISSERTES_0046_S_2.jpg,OK,0.004737014788745485,0,,0.0010
ISSERTES_0046_S_3,ISSERTES_0046,1804,/Users/superbg/Documents/IEES/idmybee/data/Bombus/collection/extraction/light/images/ISSERTES_0046_S_3.jpg,OK,0.004638589504352431,0,,0.0010
ISSERTES_0047_P_1,ISSERTES_0047,1805,/Users/superbg/Documents/IEES/idmybee/data/Bombus/collection/extraction/light/images/ISSERTES_0047_P_1.jpg,OK,0.0045897100589052525,0,,0.0010
ISSERTES_0047_P_2,ISSERTES_0047,1806,/Users/superbg/Documents/IEES/idmybee/data/Bombus/collection/extraction/light/images/ISSERTES_0047_P_2.jpg,OK,0.0045876584245121334,0,,0.0010
ISSERTES_0047_S_1,ISSERTES_0047,1807,/Users/superbg/Documents/IEES/idmybee/data/Bombus/collection/extraction/light/images/ISSERTES_0047_S_1.jpg,OK,0.004566527469528934,0,,0.0010
ISSERTES_0047_S_2,ISSERTES_0047,1808,/Users/superbg/Documents/IEES/idmybee/data/Bombus/collection/extraction/light/images/ISSERTES_0047_S_2.jpg,OK,0.004568143480541748,0,,0.0009
ISSERTES_0047_S_3,ISSERTES_0047,1809,/Users/superbg/Documents/IEES/idmybee/data/Bombus/collection/extraction/light/images/ISSERTES_0047_S_3.jpg,OK,0.004541748731574881,0,,0.0009
ISSERTES_0048_P_1,ISSERTES_0048,1810,/Users/superbg/Documents/IEES/idmybee/data/Bombus/collection/extraction/light/images/ISSERTES_0048_P_1.jpg,OK,0.0044644581640440155,0,,0.0010
ISSERTES_0048_P_2,ISSERTES_0048,1811,/Users/superbg/Documents/IEES/idmybee/data/Bombus/collection/extraction/light/images/ISSERTES_0048_P_2.jpg,OK,0.0044163857688890255,0,,0.0010
ISSERTES_0048_S_1,ISSERTES_0048,1812,/Users/superbg/Documents/IEES/idmybee/data/Bombus/collection/extraction/light/images/ISSERTES_0048_S_1.jpg,OK,0.0044997876698600935,0,,0.0010
ISSERTES_0048_S_2,ISSERTES_0048,1813,/Users/superbg/Documents/IEES/idmybee/data/Bombus/collection/extraction/light/images/ISSERTES_0048_S_2.jpg,OK,0.004443033681061813,0,,0.0010
ISSERTES_0048_S_3,ISSERTES_0048,1814,/Users/superbg/Documents/IEES/idmybee/data/Bombus/collection/extraction/light/images/ISSERTES_0048_S_3.jpg,OK,0.004532821858395133,0,,0.0010
ISSERTES_0049_P_1,ISSERTES_0049,1815,/Users/superbg/Documents/IEES/idmybee/data/Bombus/collection/extraction/light/images/ISSERTES_0049_P_1.jpg,OK,0.004404114002917873,0,,0.0010
ISSERTES_0049_P_2,ISSERTES_0049,1816,/Users/superbg/Documents/IEES/idmybee/data/Bombus/collection/extraction/light/images/ISSERTES_0049_P_2.jpg,OK,0.0044415216474628415,0,,0.0010
ISSERTES_0049_S_1,ISSERTES_0049,1817,/Users/superbg/Documents/IEES/idmybee/data/Bombus/collection/extraction/light/images/ISSERTES_0049_S_1.jpg,OK,0.004449653867954096,0,,0.0010
ISSERTES_0049_S_2,ISSERTES_0049,1818,/Users/superbg/Documents/IEES/idmybee/data/Bombus/collection/extraction/light/images/ISSERTES_0049_S_2.jpg,OK,0.004484268878009564,0,,0.0010
ISSERTES_0049_S_3,ISSERTES_0049,1819,/Users/superbg/Documents/IEES/idmybee/data/Bombus/collection/extraction/light/images/ISSERTES_0049_S_3.jpg,OK,0.004385046922677287,0,,0.0009
ISSERTES_0050_P_1,ISSERTES_0050,1820,/Users/superbg/Documents/IEES/idmybee/data/Bombus/collection/extraction/light/images/ISSERTES_0050_P_1.jpg,OK,0.0044528594362926895,0,,0.0010
ISSERTES_0050_P_2,ISSERTES_0050,1821,/Users/superbg/Documents/IEES/idmybee/data/Bombus/collection/extraction/light/images/ISSERTES_0050_P_2.jpg,OK,0.004363735626697024,0,,0.0010
ISSERTES_0050_S_1,ISSERTES_0050,1822,/Users/superbg/Documents/IEES/idmybee/data/Bombus/collection/extraction/light/images/ISSERTES_0050_S_1.jpg,OK,0.004349454804006081,0,,0.0010
ISSERTES_0050_S_2,ISSERTES_0050,1823,/Users/superbg/Documents/IEES/idmybee/data/Bombus/collection/extraction/light/images/ISSERTES_0050_S_2.jpg,OK,0.004395802237280281,0,,0.0010
ISSERTES_0050_S_3,ISSERTES_0050,1824,/Users/superbg/Documents/IEES/idmybee/data/Bombus/collection/extraction/light/images/ISSERTES_0050_S_3.jpg,OK,0.004363530051606964,0,,0.0010
ISSERTES_0051_P_1,ISSERTES_0051,1825,/Users/superbg/Documents/IEES/idmybee/data/Bombus/collection/extraction/light/images/ISSERTES_0051_P_1.jpg,OK,0.004421924793070155,0,,0.0010
ISSERTES_0051_P_2,ISSERTES_0051,1826,/Users/superbg/Documents/IEES/idmybee/data/Bombus/collection/extraction/light/images/ISSERTES_0051_P_2.jpg,OK,0.004415247887060774,0,,0.0010
ISSERTES_0051_S_1,ISSERTES_0051,1827,/Users/superbg/Documents/IEES/idmybee/data/Bombus/collection/extraction/light/images/ISSERTES_0051_S_1.jpg,OK,0.004470430177986855,0,,0.0011
ISSERTES_0051_S_2,ISSERTES_0051,1828,/Users/superbg/Documents/IEES/idmybee/data/Bombus/collection/extraction/light/images/ISSERTES_0051_S_2.jpg,OK,0.004492084408398941,0,,0.0011
ISSERTES_0051_S_3,ISSERTES_0051,1829,/Users/superbg/Documents/IEES/idmybee/data/Bombus/collection/extraction/light/images/ISSERTES_0051_S_3.jpg,OK,0.004440976231184108,0,,0.0011
ISSERTES_0052_P_1,ISSERTES_0052,1830,/Users/superbg/Documents/IEES/idmybee/data/Bombus/collection/extraction/light/images/ISSERTES_0052_P_1.jpg,OK,0.00456842246167443,0,,0.0011
ISSERTES_0052_P_2,ISSERTES_0052,1831,/Users/superbg/Documents/IEES/idmybee/data/Bombus/collection/extraction/light/images/ISSERTES_0052_P_2.jpg,OK,0.0044731048917454296,0,,0.0011
ISSERTES_0052_S_1,ISSERTES_0052,1832,/Users/superbg/Documents/IEES/idmybee/data/Bombus/collection/extraction/light/images/ISSERTES_0052_S_1.jpg,OK,0.004542437891598509,0,,0.0010
ISSERTES_0052_S_2,ISSERTES_0052,1833,/Users/superbg/Documents/IEES/idmybee/data/Bombus/collection/extraction/light/images/ISSERTES_0052_S_2.jpg,OK,0.004449537227193927,0,,0.0011
ISSERTES_0052_S_3,ISSERTES_0052,1834,/Users/superbg/Documents/IEES/idmybee/data/Bombus/collection/extraction/light/images/ISSERTES_0052_S_3.jpg,OK,0.004486279380748217,0,,0.0011
ISSERTES_0053_P_1,ISSERTES_0053,1835,/Users/superbg/Documents/IEES/idmybee/data/Bombus/collection/extraction/light/images/ISSERTES_0053_P_1.jpg,OK,0.004422443358021387,0,,0.0009
ISSERTES_0053_P_2,ISSERTES_0053,1836,/Users/superbg/Documents/IEES/idmybee/data/Bombus/collection/extraction/light/images/ISSERTES_0053_P_2.jpg,OK,0.004412252978405993,0,,0.0009
ISSERTES_0053_S_1,ISSERTES_0053,1837,/Users/superbg/Documents/IEES/idmybee/data/Bombus/collection/extraction/light/images/ISSERTES_0053_S_1.jpg,OK,0.0044400557314439,0,,0.0010
ISSERTES_0053_S_2,ISSERTES_0053,1838,/Users/superbg/Documents/IEES/idmybee/data/Bombus/collection/extraction/light/images/ISSERTES_0053_S_2.jpg,OK,0.004414637687940495,0,,0.0010
ISSERTES_0053_S_3,ISSERTES_0053,1839,/Users/superbg/Documents/IEES/idmybee/data/Bombus/collection/extraction/light/images/ISSERTES_0053_S_3.jpg,OK,0.004435501183695678,0,,0.0010
ISSERTES_0054_P_1,ISSERTES_0054,1840,/Users/superbg/Documents/IEES/idmybee/data/Bombus/collection/extraction/light/images/ISSERTES_0054_P_1.jpg,OK,0.004876536493544103,1,,0.0010
ISSERTES_0054_S_1,ISSERTES_0054,1841,/Users/superbg/Documents/IEES/idmybee/data/Bombus/collection/extraction/light/images/ISSERTES_0054_S_1.jpg,FAILED,inf,,"16 landmarks, 18 expected",0.0000
ISSERTES_0054_S_2,ISSERTES_0054,1842,/Users/superbg/Documents/IEES/idmybee/data/Bombus/collection/extraction/light/images/ISSERTES_0054_S_2.jpg,FAILED,inf,,"15 landmarks, 18 expected",0.0000
ISSERTES_0054_S_3,ISSERTES_0054,1843,/Users/superbg/Documents/IEES/idmybee/data/Bombus/collection/extraction/light/images/ISSERTES_0054_S_3.jpg,SUSPECT,0.005890337549142124,13,,0.0011
ISSERTES_0055_P_1,ISSERTES_0055,1844,/Users/superbg/Documents/IEES/idmybee/data/Bombus/collection/extraction/light/images/ISSERTES_0055_P_1.jpg,OK,0.004461693935000586,0,,0.0010
ISSERTES_0055_P_2,ISSERTES_0055,1845,/Users/superbg/Documents/IEES/idmybee/data/Bombus/collection/extraction/light/images/ISSERTES_0055_P_2.jpg,OK,0.004460458732125926,0,,0.0010
ISSERTES_0055_S_1,ISSERTES_0055,1846,/Users/superbg/Documents/IEES/idmybee/data/Bombus/collection/extraction/light/images/ISSERTES_0055_S_1.jpg,OK,0.0044806919051442505,0,,0.0011
ISSERTES_0055_S_2,ISSERTES_0055,1847,/Users/superbg/Documents/IEES/idmybee/data/Bombus/collection/extraction/light/images/ISSERTES_0055_S_2.jpg,OK,0.004448430459397998,0,,0.0010
ISSERTES_0055_S_3,ISSERTES_0055,1848,/Users/superbg/Documents/IEES/idmybee/data/Bombus/collection/extraction/light/images/ISSERTES_0055_S_3.jpg,OK,0.004357108239619033,0,,0.0010
ISSERTES_0056_P_1,ISSERTES_0056,1849,/Users/superbg/Documents/IEES/idmybee/data/Bombus/collection/extraction/light/images/ISSERTES_0056_P_1.jpg,OK,0.004320510101637722,0,,0.0010
ISSERTES_0056_P_2,ISSERTES_0056,1850,/Users/superbg/Documents/IEES/idmybee/data/Bombus/collection/extraction/light/images/ISSERTES_0056_P_2.jpg,OK,0.004302848293571814,0,,0.0010
ISSERTES_0056_S_1,ISSERTES_0056,1851,/Users/superbg/Documents/IEES/idmybee/data/Bombus/collection/extraction/light/images/ISSERTES_0056_S_1.jpg,OK,0.004359547126231614,0,,0.0010
ISSERTES_0056_S_2,ISSERTES_0056,1852,/Users/superbg/Documents/IEES/idmybee/data/Bombus/collection/extraction/light/images/ISSERTES_0056_S_2.jpg,OK,0.004288909430625238,0,,0.0011
ISSERTES_0056_S_3,ISSERTES_0056,1853,/Users/superbg/Documents/IEES/idmybee/data/Bombus/collection/extraction/light/images/ISSERTES_0056_S_3.jpg,OK,0.004233424712353017,0,,0.0009
ISSERTES_0057_P_1,ISSERTES_0057,1854,/Users/superbg/Documents/IEES/idmybee/data/Bombus/collection/extraction/light/images/ISSERTES_0057_P_1.jpg,OK,0.004432454706411711,0,,0.0011
ISSERTES_0057_P_2,ISSERTES_0057,1855,/Users/superbg/Documents/IEES/idmybee/data/Bombus/collection/extraction/light/images/ISSERTES_0057_P_2.jpg,OK,0.004412305677931317,0,,0.0010
ISSERTES_0057_S_1,ISSERTES_0057,1856,/Users/superbg/Documents/IEES/idmybee/data/Bombus/collection/extraction/light/images/ISSERTES_0057_S_1.jpg,OK,0.0043527873294600655,0,,0.0010
ISSERTES_0057_S_2,ISSERTES_0057,1857,/Users/superbg/Documents/IEES/idmybee/data/Bombus/collection/extraction/light/images/ISSERTES_0057_S_2.jpg,OK,0.004418548352412532,0,,0.0010
ISSERTES_0057_S_3,ISSERTES_0057,1858,/Users/superbg/Documents/IEES/idmybee/data/Bombus/collection/extraction/light/images/ISSERTES_0057_S_3.jpg,OK,0.004432392781033311,0,,0.0010
ISSERTES_0058_P_1,ISSERTES_0058,1859,/Users/superbg/Documents/IEES/idmybee/data/Bombus/collection/extraction/light/images/ISSERTES_0058_P_1.jpg,OK,0.004380917696902084,0,,0.0010
ISSERTES_0058_P_2,ISSERTES_0058,1860,/Users/superbg/Documents/IEES/idmybee/data/Bombus/collection/extraction/light/images/ISSERTES_0058_P_2.jpg,OK,0.004387590255646985,0,,0.0010
ISSERTES_0058_S_1,ISSERTES_0058,1861,/Users/superbg/Documents/IEES/idmybee/data/Bombus/collection/extraction/light/images/ISSERTES_0058_S_1.jpg,OK,0.00430995596025333,0,,0.0010
ISSERTES_0058_S_2,ISSERTES_0058,1862,/Users/superbg/Documents/IEES/idmybee/data/Bombus/collection/extraction/light/images/ISSERTES_0058_S_2.jpg,OK,0.004317749637638268,0,,0.0011
ISSERTES_0058_S_3,ISSERTES_0058,1863,/Users/superbg/Documents/IEES/idmybee/data/Bombus/collection/extraction/light/images/ISSERTES_0058_S_3.jpg,OK,0.0043671126898907975,0,,0.0011
ISSERTES_0059_P_1,ISSERTES_0059,1864,/Users/superbg/Documents/IEES/idmybee/data/Bombus/collection/extraction/light/images/ISSERTES_0059_P_1.jpg,OK,0.00439562117667411,0,,0.0011
ISSERTES_0059_P_2,ISSERTES_0059,1865,/Users/superbg/Documents/IEES/idmybee/data/Bombus/collection/extraction/light/images/ISSERTES_0059_P_2.jpg,OK,0.004471088630623552,0,,0.0011
ISSERTES_0059_S_1,ISSERTES_0059,1866,/Users/superbg/Documents/IEES/idmybee/data/Bombus/collection/extraction/light/images/ISSERTES_0059_S_1.jpg,OK,0.004448279831120353,0,,0.0012
ISSERTES_0059_S_2,ISSERTES_0059,1867,/Users/superbg/Documents/IEES/idmybee/data/Bombus/collection/extraction/light/images/ISSERTES_0059_S_2.jpg,OK,0.004470603163581249,0,,0.0011
ISSERTES_0059_S_3,ISSERTES_0059,1868,/Users/superbg/Documents/IEES/idmybee/data/Bombus/collection/extraction/light/images/ISSERTES_0059_S_3.jpg,OK,0.004440914898107034,0,,0.0010
ISSERTES_0060_P_1,ISSERTES_0060,1869,/Users/superbg/Documents/IEES/idmybee/data/Bombus/collection/extraction/light/images/ISSERTES_0060_P_1.jpg,OK,0.004271499503891658,0,,0.0011
ISSERTES_0060_P_2,ISSERTES_0060,1870,/Users/superbg/Documents/IEES/idmybee/data/Bombus/collection/extraction/light/images/ISSERTES_0060_P_2.jpg,OK,0.004298167311478784,0,,0.0011
ISSERTES_0060_S_1,ISSERTES_0060,1871,/Users/superbg/Documents/IEES/idmybee/data/Bombus/collection/extraction/light/images/ISSERTES_0060_S_1.jpg,OK,0.004258016449473002,0,,0.0009
ISSERTES_0060_S_2,ISSERTES_0060,1872,/Users/superbg/Documents/IEES/idmybee/data/Bombus/collection/extraction/light/images/ISSERTES_0060_S_2.jpg,OK,0.00423896295583342,0,,0.0010
ISSERTES_0060_S_3,ISSERTES_0060,1873,/Users/superbg/Documents/IEES/idmybee/data/Bombus/collection/extraction/light/images/ISSERTES_0060_S_3.jpg,OK,0.004324101414850853,0,,0.0012
ISSERTES_0061_P_1,ISSERTES_0061,1874,/Users/superbg/Documents/IEES/idmybee/data/Bombus/collection/extraction/light/images/ISSERTES_0061_P_1.jpg,OK,0.004121911748806553,1,,0.0010
ISSERTES_0061_P_2,ISSERTES_0061,1875,/Users/superbg/Documents/IEES/idmybee/data/Bombus/collection/extraction/light/images/ISSERTES_0061_P_2.jpg,OK,0.004168759621007708,1,,0.0010
ISSERTES_0061_S_1,ISSERTES_0061,1876,/Users/superbg/Documents/IEES/idmybee/data/Bombus/collection/extraction/light/images/ISSERTES_0061_S_1.jpg,OK,0.0041794354670835225,1,,0.0011
ISSERTES_0061_S_2,ISSERTES_0061,1877,/Users/superbg/Documents/IEES/idmybee/data/Bombus/collection/extraction/light/images/ISSERTES_0061_S_2.jpg,OK,0.004104574354149498,1,,0.0011
ISSERTES_0061_S_3,ISSERTES_0061,1878,/Users/superbg/Documents/IEES/idmybee/data/Bombus/collection/extraction/light/images/ISSERTES_0061_S_3.jpg,OK,0.004142543720836434,1,,0.0011
ISSERTES_0062_P_1,ISSERTES_0062,1879,/Users/superbg/Documents/IEES/idmybee/data/Bombus/collection/extraction/light/images/ISSERTES_0062_P_1.jpg,OK,0.004479597998614599,0,,0.0010
ISSERTES_0062_P_2,ISSERTES_0062,1880,/Users/superbg/Documents/IEES/idmybee/data/Bombus/collection/extraction/light/images/ISSERTES_0062_P_2.jpg,OK,0.004548863452683588,0,,0.0010
ISSERTES_0062_S_1,ISSERTES_0062,1881,/Users/superbg/Documents/IEES/idmybee/data/Bombus/collection/extraction/light/images/ISSERTES_0062_S_1.jpg,OK,0.004516513838953202,0,,0.0012
ISSERTES_0062_S_2,ISSERTES_0062,1882,/Users/superbg/Documents/IEES/idmybee/data/Bombus/collection/extraction/light/images/ISSERTES_0062_S_2.jpg,OK,0.004501756520232797,0,,0.0011
ISSERTES_0062_S_3,ISSERTES_0062,1883,/Users/superbg/Documents/IEES/idmybee/data/Bombus/collection/extraction/light/images/ISSERTES_0062_S_3.jpg,OK,0.004528677352695371,0,,0.0010
ISSERTES_0063_P_1,ISSERTES_0063,1884,/Users/superbg/Documents/IEES/idmybee/data/Bombus/collection/extraction/light/images/ISSERTES_0063_P_1.jpg,OK,0.004450523397838402,0,,0.0010
ISSERTES_0063_P_2,ISSERTES_0063,1885,/Users/superbg/Documents/IEES/idmybee/data/Bombus/collection/extraction/light/images/ISSERTES_0063_P_2.jpg,OK,0.004443507636570535,0,,0.0010
ISSERTES_0063_S_1,ISSERTES_0063,1886,/Users/superbg/Documents/IEES/idmybee/data/Bombus/collection/extraction/light/images/ISSERTES_0063_S_1.jpg,OK,0.004315911739734859,0,,0.0011
ISSERTES_0063_S_2,ISSERTES_0063,1887,/Users/superbg/Documents/IEES/idmybee/data/Bombus/collection/extraction/light/images/ISSERTES_0063_S_2.jpg,OK,0.0044247767176049495,0,,0.0010
ISSERTES_0063_S_3,ISSERTES_0063,1888,/Users/superbg/Documents/IEES/idmybee/data/Bombus/collection/extraction/light/images/ISSERTES_0063_S_3.jpg,OK,0.004341998834588381,0,,0.0010
ISSERTES_0064_P_1,ISSERTES_0064,1889,/Users/superbg/Documents/IEES/idmybee/data/Bombus/collection/extraction/light/images/ISSERTES_0064_P_1.jpg,SUSPECT,0.0066083762586720005,16,,0.0013
ISSERTES_0064_P_2,ISSERTES_0064,1890,/Users/superbg/Documents/IEES/idmybee/data/Bombus/collection/extraction/light/images/ISSERTES_0064_P_2.jpg,SUSPECT,0.006070538606744263,18,,0.0012
ISSERTES_0064_S_1,ISSERTES_0064,1891,/Users/superbg/Documents/IEES/idmybee/data/Bombus/collection/extraction/light/images/ISSERTES_0064_S_1.jpg,SUSPECT,0.005935510579152673,17,,0.0014
ISSERTES_0064_S_2,ISSERTES_0064,1892,/Users/superbg/Documents/IEES/idmybee/data/Bombus/collection/extraction/light/images/ISSERTES_0064_S_2.jpg,FAILED,inf,,"17 landmarks, 18 expected",0.0000
ISSERTES_0064_S_3,ISSERTES_0064,1893,/Users/superbg/Documents/IEES/idmybee/data/Bombus/collection/extraction/light/images/ISSERTES_0064_S_3.jpg,SUSPECT,0.006642412081289177,17,,0.0013
ISSERTES_0065_P_1,ISSERTES_0065,1894,/Users/superbg/Documents/IEES/idmybee/data/Bombus/collection/extraction/light/images/ISSERTES_0065_P_1.jpg,OK,0.004261885983398734,0,,0.0012
ISSERTES_0065_P_2,ISSERTES_0065,1895,/Users/superbg/Documents/IEES/idmybee/data/Bombus/collection/extraction/light/images/ISSERTES_0065_P_2.jpg,OK,0.004289829839982443,0,,0.0011
ISSERTES_0065_S_1,ISSERTES_0065,1896,/Users/superbg/Documents/IEES/idmybee/data/Bombus/collection/extraction/light/images/ISSERTES_0065_S_1.jpg,OK,0.004306902873401828,0,,0.0011
ISSERTES_0065_S_2,ISSERTES_0065,1897,/Users/superbg/Documents/IEES/idmybee/data/Bombus/collection/extraction/light/images/ISSERTES_0065_S_2.jpg,OK,0.0042711099430176895,0,,0.0012
ISSERTES_0065_S_3,ISSERTES_0065,1898,/Users/superbg/Documents/IEES/idmybee/data/Bombus/collection/extraction/light/images/ISSERTES_0065_S_3.jpg,OK,0.004308604610145423,0,,0.0010
ISSERTES_0066_P_1,ISSERTES_0066,1899,/Users/superbg/Documents/IEES/idmybee/data/Bombus/collection/extraction/light/images/ISSERTES_0066_P_1.jpg,OK,0.004276931170370416,1,,0.0010
ISSERTES_0066_P_2,ISSERTES_0066,1900,/Users/superbg/Documents/IEES/idmybee/data/Bombus/collection/extraction/light/images/ISSERTES_0066_P_2.jpg,OK,0.00436981944314808,1,,0.0010
ISSERTES_0066_S_2,ISSERTES_0066,1901,/Users/superbg/Documents/IEES/idmybee/data/Bombus/collection/extraction/light/images/ISSERTES_0066_S_2.jpg,OK,0.004254242818661361,1,,0.0011
ISSERTES_0066_S_3,ISSERTES_0066,1902,/Users/superbg/Documents/IEES/idmybee/data/Bombus/collection/extraction/light/images/ISSERTES_0066_S_3.jpg,OK,0.004292249902961427,1,,0.0011
ISSERTES_0067_P_1,ISSERTES_0067,1903,/Users/superbg/Documents/IEES/idmybee/data/Bombus/collection/extraction/light/images/ISSERTES_0067_P_1.jpg,OK,0.004444532775767738,1,,0.0010
ISSERTES_0067_P_2,ISSERTES_0067,1904,/Users/superbg/Documents/IEES/idmybee/data/Bombus/collection/extraction/light/images/ISSERTES_0067_P_2.jpg,OK,0.0043686500879342545,1,,0.0009
ISSERTES_0067_S_2,ISSERTES_0067,1905,/Users/superbg/Documents/IEES/idmybee/data/Bombus/collection/extraction/light/images/ISSERTES_0067_S_2.jpg,OK,0.004362436111065284,1,,0.0010
ISSERTES_0067_S_3,ISSERTES_0067,1906,/Users/superbg/Documents/IEES/idmybee/data/Bombus/collection/extraction/light/images/ISSERTES_0067_S_3.jpg,OK,0.0043959426835301916,0,,0.0010
ISSERTES_0068_P_1,ISSERTES_0068,1907,/Users/superbg/Documents/IEES/idmybee/data/Bombus/collection/extraction/light/images/ISSERTES_0068_P_1.jpg,OK,0.004586764839384153,0,,0.0010
ISSERTES_0068_P_2,ISSERTES_0068,1908,/Users/superbg/Documents/IEES/idmybee/data/Bombus/collection/extraction/light/images/ISSERTES_0068_P_2.jpg,OK,0.004667079738901909,0,,0.0012
ISSERTES_0068_S_1,ISSERTES_0068,1909,/Users/superbg/Documents/IEES/idmybee/data/Bombus/collection/extraction/light/images/ISSERTES_0068_S_1.jpg,OK,0.0046751353383565255,0,,0.0010
ISSERTES_0068_S_2,ISSERTES_0068,1910,/Users/superbg/Documents/IEES/idmybee/data/Bombus/collection/extraction/light/images/ISSERTES_0068_S_2.jpg,OK,0.004617574438589112,0,,0.0010
ISSERTES_0068_S_3,ISSERTES_0068,1911,/Users/superbg/Documents/IEES/idmybee/data/Bombus/collection/extraction/light/images/ISSERTES_0068_S_3.jpg,OK,0.004629369051111199,0,,0.0010
ISSERTES_0069_P_1,ISSERTES_0069,1912,/Users/superbg/Documents/IEES/idmybee/data/Bombus/collection/extraction/light/images/ISSERTES_0069_P_1.jpg,OK,0.0044197674131489255,0,,0.0011
ISSERTES_0069_P_2,ISSERTES_0069,1913,/Users/superbg/Documents/IEES/idmybee/data/Bombus/collection/extraction/light/images/ISSERTES_0069_P_2.jpg,OK,0.0044651545127970885,0,,0.0010
ISSERTES_0069_S_1,ISSERTES_0069,1914,/Users/superbg/Documents/IEES/idmybee/data/Bombus/collection/extraction/light/images/ISSERTES_0069_S_1.jpg,OK,0.004382798690422974,0,,0.0009
ISSERTES_0069_S_2,ISSERTES_0069,1915,/Users/superbg/Documents/IEES/idmybee/data/Bombus/collection/extraction/light/images/ISSERTES_0069_S_2.jpg,OK,0.004429826017630539,0,,0.0009
ISSERTES_0069_S_3,ISSERTES_0069,1916,/Users/superbg/Documents/IEES/idmybee/data/Bombus/collection/extraction/light/images/ISSERTES_0069_S_3.jpg,OK,0.004416923695827199,0,,0.0010
ISSERTES_0070_P_1,ISSERTES_0070,1917,/Users/superbg/Documents/IEES/idmybee/data/Bombus/collection/extraction/light/images/ISSERTES_0070_P_1.jpg,OK,0.004170941396687737,1,,0.0010
ISSERTES_0070_P_2,ISSERTES_0070,1918,/Users/superbg/Documents/IEES/idmybee/data/Bombus/collection/extraction/light/images/ISSERTES_0070_P_2.jpg,OK,0.004114542076500364,4,,0.0010
ISSERTES_0070_S_1,ISSERTES_0070,1919,/Users/superbg/Documents/IEES/idmybee/data/Bombus/collection/extraction/light/images/ISSERTES_0070_S_1.jpg,OK,0.004066978903278951,3,,0.0010
ISSERTES_0070_S_2,ISSERTES_0070,1920,/Users/superbg/Documents/IEES/idmybee/data/Bombus/collection/extraction/light/images/ISSERTES_0070_S_2.jpg,OK,0.004167444232342923,4,,0.0010
ISSERTES_0070_S_3,ISSERTES_0070,1921,/Users/superbg/Documents/IEES/idmybee/data/Bombus/collection/extraction/light/images/ISSERTES_0070_S_3.jpg,OK,0.004107032940678916,4,,0.0012
ISSERTES_0071_P_1,ISSERTES_0071,1922,/Users/superbg/Documents/IEES/idmybee/data/Bombus/collection/extraction/light/images/ISSERTES_0071_P_1.jpg,OK,0.0045762033161274255,0,,0.0011
ISSERTES_0071_P_2,ISSERTES_0071,1923,/Users/superbg/Documents/IEES/idmybee/data/Bombus/collection/extraction/light/images/ISSERTES_0071_P_2.jpg,OK,0.004603034173124778,0,,0.0009
ISSERTES_0071_S_1,ISSERTES_0071,1924,/Users/superbg/Documents/IEES/idmybee/data/Bombus/collection/extraction/light/images/ISSERTES_0071_S_1.jpg,OK,0.004553285137370567,0,,0.0010
ISSERTES_0071_S_2,ISSERTES_0071,1925,/Users/superbg/Documents/IEES/idmybee/data/Bombus/collection/extraction/light/images/ISSERTES_0071_S_2.jpg,OK,0.004566305678960093,0,,0.0013
ISSERTES_0071_S_3,ISSERTES_0071,1926,/Users/superbg/Documents/IEES/idmybee/data/Bombus/collection/extraction/light/images/ISSERTES_0071_S_3.jpg,OK,0.0046199860365746,0,,0.0010
ISSERTES_0072_P_1,ISSERTES_0072,1927,/Users/superbg/Documents/IEES/idmybee/data/Bombus/collection/extraction/light/images/ISSERTES_0072_P_1.jpg,OK,0.0043609100096964944,0,,0.0010
ISSERTES_0072_P_2,ISSERTES_0072,1928,/Users/superbg/Documents/IEES/idmybee/data/Bombus/collection/extraction/light/images/ISSERTES_0072_P_2.jpg,OK,0.00440522037898635,0,,0.0011
ISSERTES_0072_S_1,ISSERTES_0072,1929,/Users/superbg/Documents/IEES/idmybee/data/Bombus/collection/extraction/light/images/ISSERTES_0072_S_1.jpg,OK,0.004391637765386035,0,,0.0010
ISSERTES_0072_S_2,ISSERTES_0072,1930,/Users/superbg/Documents/IEES/idmybee/data/Bombus/collection/extraction/light/images/ISSERTES_0072_S_2.jpg,OK,0.004400213291498736,0,,0.0010
ISSERTES_0072_S_3,ISSERTES_0072,1931,/Users/superbg/Documents/IEES/idmybee/data/Bombus/collection/extraction/light/images/ISSERTES_0072_S_3.jpg,OK,0.004339967841306008,0,,0.0010
ISSERTES_0073_P_1,ISSERTES_0073,1932,/Users/superbg/Documents/IEES/idmybee/data/Bombus/collection/extraction/light/images/ISSERTES_0073_P_1.jpg,OK,0.004611314381220848,0,,0.0009
ISSERTES_0073_P_2,ISSERTES_0073,1933,/Users/superbg/Documents/IEES/idmybee/data/Bombus/collection/extraction/light/images/ISSERTES_0073_P_2.jpg,OK,0.004590197309187838,0,,0.0009
ISSERTES_0073_S_1,ISSERTES_0073,1934,/Users/superbg/Documents/IEES/idmybee/data/Bombus/collection/extraction/light/images/ISSERTES_0073_S_1.jpg,OK,0.00459143530881036,0,,0.0009
ISSERTES_0073_S_2,ISSERTES_0073,1935,/Users/superbg/Documents/IEES/idmybee/data/Bombus/collection/extraction/light/images/ISSERTES_0073_S_2.jpg,OK,0.0046213565267590895,0,,0.0009
ISSERTES_0073_S_3,ISSERTES_0073,1936,/Users/superbg/Documents/IEES/idmybee/data/Bombus/collection/extraction/light/images/ISSERTES_0073_S_3.jpg,OK,0.00459852525296774,0,,0.0009
ISSERTES_0074_P_1,ISSERTES_0074,1937,/Users/superbg/Documents/IEES/idmybee/data/Bombus/collection/extraction/light/images/ISSERTES_0074_P_1.jpg,OK,0.004683371343287906,0,,0.0011
ISSERTES_0074_P_2,ISSERTES_0074,1938,/Users/superbg/Documents/IEES/idmybee/data/Bombus/collection/extraction/light/images/ISSERTES_0074_P_2.jpg,OK,0.004650932091410437,0,,0.0010
ISSERTES_0074_S_1,ISSERTES_0074,1939,/Users/superbg/Documents/IEES/idmybee/data/Bombus/collection/extraction/light/images/ISSERTES_0074_S_1.jpg,OK,0.004745021487954346,0,,0.0010
ISSERTES_0074_S_2,ISSERTES_0074,1940,/Users/superbg/Documents/IEES/idmybee/data/Bombus/collection/extraction/light/images/ISSERTES_0074_S_2.jpg,OK,0.004653890165012887,0,,0.0011
ISSERTES_0074_S_3,ISSERTES_0074,1941,/Users/superbg/Documents/IEES/idmybee/data/Bombus/collection/extraction/light/images/ISSERTES_0074_S_3.jpg,OK,0.004716049399336297,0,,0.0011
ISSERTES_0075_P_1,ISSERTES_0075,1942,/Users/superbg/Documents/IEES/idmybee/data/Bombus/collection/extraction/light/images/ISSERTES_0075_P_1.jpg,OK,0.00458975758984277,0,,0.0011
ISSERTES_0075_S_1,ISSERTES_0075,1943,/Users/superbg/Documents/IEES/idmybee/data/Bombus/collection/extraction/light/images/ISSERTES_0075_S_1.jpg,OK,0.004551593171533183,0,,0.0010
ISSERTES_0075_S_2,ISSERTES_0075,1944,/Users/superbg/Documents/IEES/idmybee/data/Bombus/collection/extraction/light/images/ISSERTES_0075_S_2.jpg,OK,0.004481650454732528,0,,0.0011
ISSERTES_0075_S_3,ISSERTES_0075,1945,/Users/superbg/Documents/IEES/idmybee/data/Bombus/collection/extraction/light/images/ISSERTES_0075_S_3.jpg,OK,0.004507888143009186,0,,0.0011
ISSERTES_0076_P_1,ISSERTES_0076,1946,/Users/superbg/Documents/IEES/idmybee/data/Bombus/collection/extraction/light/images/ISSERTES_0076_P_1.jpg,OK,0.004587914595805199,0,,0.0011
ISSERTES_0076_P_2,ISSERTES_0076,1947,/Users/superbg/Documents/IEES/idmybee/data/Bombus/collection/extraction/light/images/ISSERTES_0076_P_2.jpg,OK,0.004602544725250077,0,,0.0010
ISSERTES_0076_S_1,ISSERTES_0076,1948,/Users/superbg/Documents/IEES/idmybee/data/Bombus/collection/extraction/light/images/ISSERTES_0076_S_1.jpg,OK,0.004603566043514424,0,,0.0010
ISSERTES_0076_S_2,ISSERTES_0076,1949,/Users/superbg/Documents/IEES/idmybee/data/Bombus/collection/extraction/light/images/ISSERTES_0076_S_2.jpg,OK,0.004647003145758907,0,,0.0010
ISSERTES_0076_S_3,ISSERTES_0076,1950,/Users/superbg/Documents/IEES/idmybee/data/Bombus/collection/extraction/light/images/ISSERTES_0076_S_3.jpg,OK,0.004649184173478864,0,,0.0010
ISSERTES_0077_P_1,ISSERTES_0077,1951,/Users/superbg/Documents/IEES/idmybee/data/Bombus/collection/extraction/light/images/ISSERTES_0077_P_1.jpg,SUSPECT,0.005618120477263139,16,,0.0010
ISSERTES_0077_P_2,ISSERTES_0077,1952,/Users/superbg/Documents/IEES/idmybee/data/Bombus/collection/extraction/light/images/ISSERTES_0077_P_2.jpg,OK,0.004725082928161599,0,,0.0010
ISSERTES_0077_S_1,ISSERTES_0077,1953,/Users/superbg/Documents/IEES/idmybee/data/Bombus/collection/extraction/light/images/ISSERTES_0077_S_1.jpg,OK,0.004699281487284514,0,,0.0009
ISSERTES_0077_S_2,ISSERTES_0077,1954,/Users/superbg/Documents/IEES/idmybee/data/Bombus/collection/extraction/light/images/ISSERTES_0077_S_2.jpg,OK,0.004611030656201498,0,,0.0009
ISSERTES_0077_S_3,ISSERTES_0077,1955,/Users/superbg/Documents/IEES/idmybee/data/Bombus/collection/extraction/light/images/ISSERTES_0077_S_3.jpg,OK,0.004664305093278226,0,,0.0010
ISSERTES_0078_P_1,ISSERTES_0078,1956,/Users/superbg/Documents/IEES/idmybee/data/Bombus/collection/extraction/light/images/ISSERTES_0078_P_1.jpg,OK,0.0047293263902603785,0,,0.0010
ISSERTES_0078_P_2,ISSERTES_0078,1957,/Users/superbg/Documents/IEES/idmybee/data/Bombus/collection/extraction/light/images/ISSERTES_0078_P_2.jpg,OK,0.004719564555119629,0,,0.0013
ISSERTES_0078_S_1,ISSERTES_0078,1958,/Users/superbg/Documents/IEES/idmybee/data/Bombus/collection/extraction/light/images/ISSERTES_0078_S_1.jpg,OK,0.00468249143875219,0,,0.0010
ISSERTES_0078_S_2,ISSERTES_0078,1959,/Users/superbg/Documents/IEES/idmybee/data/Bombus/collection/extraction/light/images/ISSERTES_0078_S_2.jpg,OK,0.004713084281991589,0,,0.0011
ISSERTES_0078_S_3,ISSERTES_0078,1960,/Users/superbg/Documents/IEES/idmybee/data/Bombus/collection/extraction/light/images/ISSERTES_0078_S_3.jpg,OK,0.004714808995599962,0,,0.0011
ISSERTES_0079_P_1,ISSERTES_0079,1961,/Users/superbg/Documents/IEES/idmybee/data/Bombus/collection/extraction/light/images/ISSERTES_0079_P_1.jpg,OK,0.004522806829525949,0,,0.0010
ISSERTES_0079_P_2,ISSERTES_0079,1962,/Users/superbg/Documents/IEES/idmybee/data/Bombus/collection/extraction/light/images/ISSERTES_0079_P_2.jpg,OK,0.0045391337628129065,0,,0.0010
ISSERTES_0079_S_1,ISSERTES_0079,1963,/Users/superbg/Documents/IEES/idmybee/data/Bombus/collection/extraction/light/images/ISSERTES_0079_S_1.jpg,OK,0.0045410651711432415,0,,0.0010
ISSERTES_0079_S_2,ISSERTES_0079,1964,/Users/superbg/Documents/IEES/idmybee/data/Bombus/collection/extraction/light/images/ISSERTES_0079_S_2.jpg,OK,0.0045119992057590964,0,,0.0010
ISSERTES_0079_S_3,ISSERTES_0079,1965,/Users/superbg/Documents/IEES/idmybee/data/Bombus/collection/extraction/light/images/ISSERTES_0079_S_3.jpg,OK,0.004509132290986942,0,,0.0010
ISSERTES_0080_P_1,ISSERTES_0080,1966,/Users/superbg/Documents/IEES/idmybee/data/Bombus/collection/extraction/light/images/ISSERTES_0080_P_1.jpg,OK,0.004508096418917122,0,,0.0010
ISSERTES_0080_P_2,ISSERTES_0080,1967,/Users/superbg/Documents/IEES/idmybee/data/Bombus/collection/extraction/light/images/ISSERTES_0080_P_2.jpg,OK,0.004502346057285774,0,,0.0013
ISSERTES_0080_S_1,ISSERTES_0080,1968,/Users/superbg/Documents/IEES/idmybee/data/Bombus/collection/extraction/light/images/ISSERTES_0080_S_1.jpg,OK,0.004460090302176733,0,,0.0010
ISSERTES_0080_S_2,ISSERTES_0080,1969,/Users/superbg/Documents/IEES/idmybee/data/Bombus/collection/extraction/light/images/ISSERTES_0080_S_2.jpg,OK,0.004419493039399336,0,,0.0010
ISSERTES_0080_S_3,ISSERTES_0080,1970,/Users/superbg/Documents/IEES/idmybee/data/Bombus/collection/extraction/light/images/ISSERTES_0080_S_3.jpg,OK,0.004501829431821831,0,,0.0010
ISSERTES_0081_P_1,ISSERTES_0081,1971,/Users/superbg/Documents/IEES/idmybee/data/Bombus/collection/extraction/light/images/ISSERTES_0081_P_1.jpg,OK,0.004461844103787204,0,,0.0009
ISSERTES_0081_P_2,ISSERTES_0081,1972,/Users/superbg/Documents/IEES/idmybee/data/Bombus/collection/extraction/light/images/ISSERTES_0081_P_2.jpg,OK,0.004397536418561062,0,,0.0010
ISSERTES_0081_S_1,ISSERTES_0081,1973,/Users/superbg/Documents/IEES/idmybee/data/Bombus/collection/extraction/light/images/ISSERTES_0081_S_1.jpg,OK,0.0043933821538441305,0,,0.0009
ISSERTES_0081_S_2,ISSERTES_0081,1974,/Users/superbg/Documents/IEES/idmybee/data/Bombus/collection/extraction/light/images/ISSERTES_0081_S_2.jpg,OK,0.004479649781239316,0,,0.0009
ISSERTES_0081_S_3,ISSERTES_0081,1975,/Users/superbg/Documents/IEES/idmybee/data/Bombus/collection/extraction/light/images/ISSERTES_0081_S_3.jpg,OK,0.004419396916482684,0,,0.0010
ISSERTES_0082_P_1,ISSERTES_0082,1976,/Users/superbg/Documents/IEES/idmybee/data/Bombus/collection/extraction/light/images/ISSERTES_0082_P_1.jpg,OK,0.004537939574887805,0,,0.0010
ISSERTES_0082_P_2,ISSERTES_0082,1977,/Users/superbg/Documents/IEES/idmybee/data/Bombus/collection/extraction/light/images/ISSERTES_0082_P_2.jpg,OK,0.004553565333407075,0,,0.0011
ISSERTES_0082_S_1,ISSERTES_0082,1978,/Users/superbg/Documents/IEES/idmybee/data/Bombus/collection/extraction/light/images/ISSERTES_0082_S_1.jpg,OK,0.004513315491717587,0,,0.0010
ISSERTES_0082_S_2,ISSERTES_0082,1979,/Users/superbg/Documents/IEES/idmybee/data/Bombus/collection/extraction/light/images/ISSERTES_0082_S_2.jpg,OK,0.004553192890273206,0,,0.0010
ISSERTES_0082_S_3,ISSERTES_0082,1980,/Users/superbg/Documents/IEES/idmybee/data/Bombus/collection/extraction/light/images/ISSERTES_0082_S_3.jpg,OK,0.004561921573547921,0,,0.0009
ISSERTES_0083_P_1,ISSERTES_0083,1981,/Users/superbg/Documents/IEES/idmybee/data/Bombus/collection/extraction/light/images/ISSERTES_0083_P_1.jpg,OK,0.004689579693614113,0,,0.0009
ISSERTES_0083_P_2,ISSERTES_0083,1982,/Users/superbg/Documents/IEES/idmybee/data/Bombus/collection/extraction/light/images/ISSERTES_0083_P_2.jpg,OK,0.004643182511296796,0,,0.0009
ISSERTES_0083_S_1,ISSERTES_0083,1983,/Users/superbg/Documents/IEES/idmybee/data/Bombus/collection/extraction/light/images/ISSERTES_0083_S_1.jpg,OK,0.004675166901953882,0,,0.0009
ISSERTES_0083_S_2,ISSERTES_0083,1984,/Users/superbg/Documents/IEES/idmybee/data/Bombus/collection/extraction/light/images/ISSERTES_0083_S_2.jpg,OK,0.004627184272322404,0,,0.0010
ISSERTES_0083_S_3,ISSERTES_0083,1985,/Users/superbg/Documents/IEES/idmybee/data/Bombus/collection/extraction/light/images/ISSERTES_0083_S_3.jpg,OK,0.0046809357767315755,0,,0.0009
ISSERTES_0084_P_1,ISSERTES_0084,1986,/Users/superbg/Documents/IEES/idmybee/data/Bombus/collection/extraction/light/images/ISSERTES_0084_P_1.jpg,OK,0.0047759684105106144,0,,0.0012
ISSERTES_0084_P_2,ISSERTES_0084,1987,/Users/superbg/Documents/IEES/idmybee/data/Bombus/collection/extraction/light/images/ISSERTES_0084_P_2.jpg,OK,0.004776042185503777,0,,0.0011
ISSERTES_0084_S_1,ISSERTES_0084,1988,/Users/superbg/Documents/IEES/idmybee/data/Bombus/collection/extraction/light/images/ISSERTES_0084_S_1.jpg,OK,0.004736463935981973,0,,0.0009
ISSERTES_0084_S_2,ISSERTES_0084,1989,/Users/superbg/Documents/IEES/idmybee/data/Bombus/collection/extraction/light/images/ISSERTES_0084_S_2.jpg,OK,0.004731727090662679,0,,0.0009
ISSERTES_0084_S_3,ISSERTES_0084,1990,/Users/superbg/Documents/IEES/idmybee/data/Bombus/collection/extraction/light/images/ISSERTES_0084_S_3.jpg,OK,0.004726573638984294,0,,0.0011
ISSERTES_0085_P_1,ISSERTES_0085,1991,/Users/superbg/Documents/IEES/idmybee/data/Bombus/collection/extraction/light/images/ISSERTES_0085_P_1.jpg,OK,0.004426231149551669,0,,0.0010
ISSERTES_0085_P_2,ISSERTES_0085,1992,/Users/superbg/Documents/IEES/idmybee/data/Bombus/collection/extraction/light/images/ISSERTES_0085_P_2.jpg,OK,0.004470286449447986,0,,0.0011
ISSERTES_0085_S_2,ISSERTES_0085,1993,/Users/superbg/Documents/IEES/idmybee/data/Bombus/collection/extraction/light/images/ISSERTES_0085_S_2.jpg,OK,0.004419019670912735,0,,0.0012
ISSERTES_0085_S_3,ISSERTES_0085,1994,/Users/superbg/Documents/IEES/idmybee/data/Bombus/collection/extraction/light/images/ISSERTES_0085_S_3.jpg,OK,0.004458257483549218,0,,0.0010
ISSERTES_0086_P_1,ISSERTES_0086,1995,/Users/superbg/Documents/IEES/idmybee/data/Bombus/collection/extraction/light/images/ISSERTES_0086_P_1.jpg,OK,0.004879475260302239,0,,0.0009
ISSERTES_0086_P_2,ISSERTES_0086,1996,/Users/superbg/Documents/IEES/idmybee/data/Bombus/collection/extraction/light/images/ISSERTES_0086_P_2.jpg,OK,0.004875220516768281,0,,0.0009
ISSERTES_0086_S_1,ISSERTES_0086,1997,/Users/superbg/Documents/IEES/idmybee/data/Bombus/collection/extraction/light/images/ISSERTES_0086_S_1.jpg,OK,0.004844648981485261,0,,0.0009
ISSERTES_0086_S_2,ISSERTES_0086,1998,/Users/superbg/Documents/IEES/idmybee/data/Bombus/collection/extraction/light/images/ISSERTES_0086_S_2.jpg,OK,0.004839247549628147,0,,0.0009
ISSERTES_0086_S_3,ISSERTES_0086,1999,/Users/superbg/Documents/IEES/idmybee/data/Bombus/collection/extraction/light/images/ISSERTES_0086_S_3.jpg,OK,0.0047915985014068355,0,,0.0009
ISSERTES_0087_P_1,ISSERTES_0087,2000,/Users/superbg/Documents/IEES/idmybee/data/Bombus/collection/extraction/light/images/ISSERTES_0087_P_1.jpg,OK,0.004562162521809091,0,,0.0009
ISSERTES_0087_P_2,ISSERTES_0087,2001,/Users/superbg/Documents/IEES/idmybee/data/Bombus/collection/extraction/light/images/ISSERTES_0087_P_2.jpg,OK,0.004547883738243962,0,,0.0010
ISSERTES_0087_S_1,ISSERTES_0087,2002,/Users/superbg/Documents/IEES/idmybee/data/Bombus/collection/extraction/light/images/ISSERTES_0087_S_1.jpg,OK,0.004565083938676482,0,,0.0010
ISSERTES_0087_S_2,ISSERTES_0087,2003,/Users/superbg/Documents/IEES/idmybee/data/Bombus/collection/extraction/light/images/ISSERTES_0087_S_2.jpg,OK,0.004558175496093704,0,,0.0010
ISSERTES_0087_S_3,ISSERTES_0087,2004,/Users/superbg/Documents/IEES/idmybee/data/Bombus/collection/extraction/light/images/ISSERTES_0087_S_3.jpg,OK,0.0045384371918517925,0,,0.0010
ISSERTES_0088_P_1,ISSERTES_0088,2005,/Users/superbg/Documents/IEES/idmybee/data/Bombus/collection/extraction/light/images/ISSERTES_0088_P_1.jpg,OK,0.004707117492485494,0,,0.0009
ISSERTES_0088_P_2,ISSERTES_0088,2006,/Users/superbg/Documents/IEES/idmybee/data/Bombus/collection/extraction/light/images/ISSERTES_0088_P_2.jpg,OK,0.00466279058963556,0,,0.0009
ISSERTES_0088_S_1,ISSERTES_0088,2007,/Users/superbg/Documents/IEES/idmybee/data/Bombus/collection/extraction/light/images/ISSERTES_0088_S_1.jpg,OK,0.004634998527649463,0,,0.0009
ISSERTES_0088_S_2,ISSERTES_0088,2008,/Users/superbg/Documents/IEES/idmybee/data/Bombus/collection/extraction/light/images/ISSERTES_0088_S_2.jpg,OK,0.004755295915538572,0,,0.0010
ISSERTES_0088_S_3,ISSERTES_0088,2009,/Users/superbg/Documents/IEES/idmybee/data/Bombus/collection/extraction/light/images/ISSERTES_0088_S_3.jpg,OK,0.004795982354203895,0,,0.0010
ISSERTES_0089_P_1,ISSERTES_0089,2010,/Users/superbg/Documents/IEES/idmybee/data/Bombus/collection/extraction/light/images/ISSERTES_0089_P_1.jpg,OK,0.00465856738902046,0,,0.0011
ISSERTES_0089_P_2,ISSERTES_0089,2011,/Users/superbg/Documents/IEES/idmybee/data/Bombus/collection/extraction/light/images/ISSERTES_0089_P_2.jpg,OK,0.0046301846952979606,0,,0.0012
ISSERTES_0089_S_1,ISSERTES_0089,2012,/Users/superbg/Documents/IEES/idmybee/data/Bombus/collection/extraction/light/images/ISSERTES_0089_S_1.jpg,OK,0.0047082544145053895,0,,0.0012
ISSERTES_0089_S_2,ISSERTES_0089,2013,/Users/superbg/Documents/IEES/idmybee/data/Bombus/collection/extraction/light/images/ISSERTES_0089_S_2.jpg,OK,0.004581960797620123,0,,0.0010
ISSERTES_0089_S_3,ISSERTES_0089,2014,/Users/superbg/Documents/IEES/idmybee/data/Bombus/collection/extraction/light/images/ISSERTES_0089_S_3.jpg,OK,0.004758933003138507,0,,0.0011
ISSERTES_0090_P_1,ISSERTES_0090,2015,/Users/superbg/Documents/IEES/idmybee/data/Bombus/collection/extraction/light/images/ISSERTES_0090_P_1.jpg,OK,0.0046885891809437565,0,,0.0010
ISSERTES_0090_P_2,ISSERTES_0090,2016,/Users/superbg/Documents/IEES/idmybee/data/Bombus/collection/extraction/light/images/ISSERTES_0090_P_2.jpg,OK,0.004618464343498392,0,,0.0010
ISSERTES_0090_S_1,ISSERTES_0090,2017,/Users/superbg/Documents/IEES/idmybee/data/Bombus/collection/extraction/light/images/ISSERTES_0090_S_1.jpg,OK,0.004615445422556863,0,,0.0010
ISSERTES_0090_S_2,ISSERTES_0090,2018,/Users/superbg/Documents/IEES/idmybee/data/Bombus/collection/extraction/light/images/ISSERTES_0090_S_2.jpg,OK,0.004659211004375729,0,,0.0010
ISSERTES_0090_S_3,ISSERTES_0090,2019,/Users/superbg/Documents/IEES/idmybee/data/Bombus/collection/extraction/light/images/ISSERTES_0090_S_3.jpg,OK,0.00463291377407349,0,,0.0010
ISSERTES_0091_P_1,ISSERTES_0091,2020,/Users/superbg/Documents/IEES/idmybee/data/Bombus/collection/extraction/light/images/ISSERTES_0091_P_1.jpg,OK,0.004839705232348124,0,,0.0011
ISSERTES_0091_P_2,ISSERTES_0091,2021,/Users/superbg/Documents/IEES/idmybee/data/Bombus/collection/extraction/light/images/ISSERTES_0091_P_2.jpg,OK,0.004806058413477322,0,,0.0010
ISSERTES_0091_S_1,ISSERTES_0091,2022,/Users/superbg/Documents/IEES/idmybee/data/Bombus/collection/extraction/light/images/ISSERTES_0091_S_1.jpg,OK,0.004856628586809286,0,,0.0010
ISSERTES_0091_S_2,ISSERTES_0091,2023,/Users/superbg/Documents/IEES/idmybee/data/Bombus/collection/extraction/light/images/ISSERTES_0091_S_2.jpg,OK,0.004787505546680493,0,,0.0012
ISSERTES_0091_S_3,ISSERTES_0091,2024,/Users/superbg/Documents/IEES/idmybee/data/Bombus/collection/extraction/light/images/ISSERTES_0091_S_3.jpg,OK,0.004886239666023321,0,,0.0011
ISSERTES_0092_P_1,ISSERTES_0092,2025,/Users/superbg/Documents/IEES/idmybee/data/Bombus/collection/extraction/light/images/ISSERTES_0092_P_1.jpg,OK,0.004576612114936243,0,,0.0012
ISSERTES_0092_P_2,ISSERTES_0092,2026,/Users/superbg/Documents/IEES/idmybee/data/Bombus/collection/extraction/light/images/ISSERTES_0092_P_2.jpg,OK,0.004556442834812686,0,,0.0011
ISSERTES_0092_S_1,ISSERTES_0092,2027,/Users/superbg/Documents/IEES/idmybee/data/Bombus/collection/extraction/light/images/ISSERTES_0092_S_1.jpg,OK,0.00465981221352339,0,,0.0010
ISSERTES_0092_S_2,ISSERTES_0092,2028,/Users/superbg/Documents/IEES/idmybee/data/Bombus/collection/extraction/light/images/ISSERTES_0092_S_2.jpg,OK,0.004555137019190084,0,,0.0011
ISSERTES_0092_S_3,ISSERTES_0092,2029,/Users/superbg/Documents/IEES/idmybee/data/Bombus/collection/extraction/light/images/ISSERTES_0092_S_3.jpg,OK,0.004532092825645527,0,,0.0011
ISSERTES_0093_P_1,ISSERTES_0093,2030,/Users/superbg/Documents/IEES/idmybee/data/Bombus/collection/extraction/light/images/ISSERTES_0093_P_1.jpg,OK,0.00461564569045345,0,,0.0011
ISSERTES_0093_P_2,ISSERTES_0093,2031,/Users/superbg/Documents/IEES/idmybee/data/Bombus/collection/extraction/light/images/ISSERTES_0093_P_2.jpg,OK,0.004551764317450239,0,,0.0011
ISSERTES_0093_S_1,ISSERTES_0093,2032,/Users/superbg/Documents/IEES/idmybee/data/Bombus/collection/extraction/light/images/ISSERTES_0093_S_1.jpg,OK,0.0047201816592929964,0,,0.0011
ISSERTES_0093_S_2,ISSERTES_0093,2033,/Users/superbg/Documents/IEES/idmybee/data/Bombus/collection/extraction/light/images/ISSERTES_0093_S_2.jpg,OK,0.004645414692068021,0,,0.0010
ISSERTES_0093_S_3,ISSERTES_0093,2034,/Users/superbg/Documents/IEES/idmybee/data/Bombus/collection/extraction/light/images/ISSERTES_0093_S_3.jpg,OK,0.004687080638839696,0,,0.0010
ISSERTES_0094_P_1,ISSERTES_0094,2035,/Users/superbg/Documents/IEES/idmybee/data/Bombus/collection/extraction/light/images/ISSERTES_0094_P_1.jpg,OK,0.004530079945789429,0,,0.0010
ISSERTES_0094_P_2,ISSERTES_0094,2036,/Users/superbg/Documents/IEES/idmybee/data/Bombus/collection/extraction/light/images/ISSERTES_0094_P_2.jpg,OK,0.004511056434224221,0,,0.0010
ISSERTES_0094_S_1,ISSERTES_0094,2037,/Users/superbg/Documents/IEES/idmybee/data/Bombus/collection/extraction/light/images/ISSERTES_0094_S_1.jpg,OK,0.0044905340347669905,0,,0.0010
ISSERTES_0094_S_2,ISSERTES_0094,2038,/Users/superbg/Documents/IEES/idmybee/data/Bombus/collection/extraction/light/images/ISSERTES_0094_S_2.jpg,OK,0.004511480909021409,0,,0.0010
ISSERTES_0094_S_3,ISSERTES_0094,2039,/Users/superbg/Documents/IEES/idmybee/data/Bombus/collection/extraction/light/images/ISSERTES_0094_S_3.jpg,OK,0.004503628754376131,0,,0.0013
ISSERTES_0095_P_1,ISSERTES_0095,2040,/Users/superbg/Documents/IEES/idmybee/data/Bombus/collection/extraction/light/images/ISSERTES_0095_P_1.jpg,OK,0.004754522185284579,0,,0.0011
ISSERTES_0095_P_2,ISSERTES_0095,2041,/Users/superbg/Documents/IEES/idmybee/data/Bombus/collection/extraction/light/images/ISSERTES_0095_P_2.jpg,OK,0.004688355070890857,0,,0.0010
ISSERTES_0095_S_1,ISSERTES_0095,2042,/Users/superbg/Documents/IEES/idmybee/data/Bombus/collection/extraction/light/images/ISSERTES_0095_S_1.jpg,OK,0.004739140116086018,0,,0.0011
ISSERTES_0095_S_3,ISSERTES_0095,2043,/Users/superbg/Documents/IEES/idmybee/data/Bombus/collection/extraction/light/images/ISSERTES_0095_S_3.jpg,OK,0.004724541184942816,0,,0.0010
ISSERTES_0096_P_1,ISSERTES_0096,2044,/Users/superbg/Documents/IEES/idmybee/data/Bombus/collection/extraction/light/images/ISSERTES_0096_P_1.jpg,OK,0.0044575140870984666,0,,0.0011
ISSERTES_0096_P_2,ISSERTES_0096,2045,/Users/superbg/Documents/IEES/idmybee/data/Bombus/collection/extraction/light/images/ISSERTES_0096_P_2.jpg,OK,0.004467136361885642,0,,0.0010
ISSERTES_0096_S_1,ISSERTES_0096,2046,/Users/superbg/Documents/IEES/idmybee/data/Bombus/collection/extraction/light/images/ISSERTES_0096_S_1.jpg,OK,0.004419681120688546,0,,0.0010
ISSERTES_0096_S_2,ISSERTES_0096,2047,/Users/superbg/Documents/IEES/idmybee/data/Bombus/collection/extraction/light/images/ISSERTES_0096_S_2.jpg,OK,0.004440820928179513,0,,0.0011
ISSERTES_0096_S_3,ISSERTES_0096,2048,/Users/superbg/Documents/IEES/idmybee/data/Bombus/collection/extraction/light/images/ISSERTES_0096_S_3.jpg,OK,0.004490869166976342,0,,0.0010
ISSERTES_0097_P_1,ISSERTES_0097,2049,/Users/superbg/Documents/IEES/idmybee/data/Bombus/collection/extraction/light/images/ISSERTES_0097_P_1.jpg,OK,0.004482366220182773,0,,0.0010
ISSERTES_0097_P_2,ISSERTES_0097,2050,/Users/superbg/Documents/IEES/idmybee/data/Bombus/collection/extraction/light/images/ISSERTES_0097_P_2.jpg,OK,0.004452263880165556,0,,0.0010
ISSERTES_0097_S_1,ISSERTES_0097,2051,/Users/superbg/Documents/IEES/idmybee/data/Bombus/collection/extraction/light/images/ISSERTES_0097_S_1.jpg,OK,0.004516213036607104,0,,0.0011
ISSERTES_0097_S_2,ISSERTES_0097,2052,/Users/superbg/Documents/IEES/idmybee/data/Bombus/collection/extraction/light/images/ISSERTES_0097_S_2.jpg,OK,0.004526392753017066,0,,0.0010
ISSERTES_0097_S_3,ISSERTES_0097,2053,/Users/superbg/Documents/IEES/idmybee/data/Bombus/collection/extraction/light/images/ISSERTES_0097_S_3.jpg,OK,0.004523317864116517,0,,0.0010
ISSERTES_0098_P_1,ISSERTES_0098,2054,/Users/superbg/Documents/IEES/idmybee/data/Bombus/collection/extraction/light/images/ISSERTES_0098_P_1.jpg,OK,0.004680097307716628,0,,0.0010
ISSERTES_0098_P_2,ISSERTES_0098,2055,/Users/superbg/Documents/IEES/idmybee/data/Bombus/collection/extraction/light/images/ISSERTES_0098_P_2.jpg,OK,0.004674324676567354,0,,0.0010
ISSERTES_0098_S_1,ISSERTES_0098,2056,/Users/superbg/Documents/IEES/idmybee/data/Bombus/collection/extraction/light/images/ISSERTES_0098_S_1.jpg,OK,0.004604009544035438,0,,0.0010
ISSERTES_0098_S_2,ISSERTES_0098,2057,/Users/superbg/Documents/IEES/idmybee/data/Bombus/collection/extraction/light/images/ISSERTES_0098_S_2.jpg,OK,0.004571874766946744,0,,0.0012
ISSERTES_0098_S_3,ISSERTES_0098,2058,/Users/superbg/Documents/IEES/idmybee/data/Bombus/collection/extraction/light/images/ISSERTES_0098_S_3.jpg,OK,0.004606799209022076,0,,0.0011
ISSERTES_0099_P_1,ISSERTES_0099,2059,/Users/superbg/Documents/IEES/idmybee/data/Bombus/collection/extraction/light/images/ISSERTES_0099_P_1.jpg,OK,0.004646825739215819,0,,0.0011
ISSERTES_0099_P_2,ISSERTES_0099,2060,/Users/superbg/Documents/IEES/idmybee/data/Bombus/collection/extraction/light/images/ISSERTES_0099_P_2.jpg,OK,0.0045668752032123556,0,,0.0011
ISSERTES_0099_S_1,ISSERTES_0099,2061,/Users/superbg/Documents/IEES/idmybee/data/Bombus/collection/extraction/light/images/ISSERTES_0099_S_1.jpg,OK,0.004617850765225893,0,,0.0010
ISSERTES_0099_S_2,ISSERTES_0099,2062,/Users/superbg/Documents/IEES/idmybee/data/Bombus/collection/extraction/light/images/ISSERTES_0099_S_2.jpg,OK,0.004523729136254993,0,,0.0010
ISSERTES_0099_S_3,ISSERTES_0099,2063,/Users/superbg/Documents/IEES/idmybee/data/Bombus/collection/extraction/light/images/ISSERTES_0099_S_3.jpg,OK,0.004607551251393563,0,,0.0010
ISSERTES_0100_P_1,ISSERTES_0100,2064,/Users/superbg/Documents/IEES/idmybee/data/Bombus/collection/extraction/light/images/ISSERTES_0100_P_1.jpg,OK,0.004657424478144762,0,,0.0010
ISSERTES_0100_P_2,ISSERTES_0100,2065,/Users/superbg/Documents/IEES/idmybee/data/Bombus/collection/extraction/light/images/ISSERTES_0100_P_2.jpg,OK,0.004521670886842627,0,,0.0010
ISSERTES_0100_S_1,ISSERTES_0100,2066,/Users/superbg/Documents/IEES/idmybee/data/Bombus/collection/extraction/light/images/ISSERTES_0100_S_1.jpg,OK,0.004499101843752409,0,,0.0011
ISSERTES_0100_S_2,ISSERTES_0100,2067,/Users/superbg/Documents/IEES/idmybee/data/Bombus/collection/extraction/light/images/ISSERTES_0100_S_2.jpg,OK,0.0046166645163267205,0,,0.0010
ISSERTES_0100_S_3,ISSERTES_0100,2068,/Users/superbg/Documents/IEES/idmybee/data/Bombus/collection/extraction/light/images/ISSERTES_0100_S_3.jpg,OK,0.0045169253643375425,0,,0.0010
ISSERTES_0101_P_1,ISSERTES_0101,2069,/Users/superbg/Documents/IEES/idmybee/data/Bombus/collection/extraction/light/images/ISSERTES_0101_P_1.jpg,OK,0.0043950890265645436,0,,0.0010
ISSERTES_0101_P_2,ISSERTES_0101,2070,/Users/superbg/Documents/IEES/idmybee/data/Bombus/collection/extraction/light/images/ISSERTES_0101_P_2.jpg,OK,0.00442100562603653,0,,0.0011
ISSERTES_0101_S_1,ISSERTES_0101,2071,/Users/superbg/Documents/IEES/idmybee/data/Bombus/collection/extraction/light/images/ISSERTES_0101_S_1.jpg,OK,0.004522361514416664,0,,0.0011
ISSERTES_0101_S_2,ISSERTES_0101,2072,/Users/superbg/Documents/IEES/idmybee/data/Bombus/collection/extraction/light/images/ISSERTES_0101_S_2.jpg,OK,0.004476678510929606,0,,0.0011
ISSERTES_0101_S_3,ISSERTES_0101,2073,/Users/superbg/Documents/IEES/idmybee/data/Bombus/collection/extraction/light/images/ISSERTES_0101_S_3.jpg,OK,0.004483351084198572,0,,0.0010
ISSERTES_0102_P_1,ISSERTES_0102,2074,/Users/superbg/Documents/IEES/idmybee/data/Bombus/collection/extraction/light/images/ISSERTES_0102_P_1.jpg,OK,0.004839326147990887,0,,0.0010
ISSERTES_0102_P_2,ISSERTES_0102,2075,/Users/superbg/Documents/IEES/idmybee/data/Bombus/collection/extraction/light/images/ISSERTES_0102_P_2.jpg,OK,0.004800587223743878,0,,0.0011
ISSERTES_0102_S_1,ISSERTES_0102,2076,/Users/superbg/Documents/IEES/idmybee/data/Bombus/collection/extraction/light/images/ISSERTES_0102_S_1.jpg,OK,0.0047825036396330735,0,,0.0010
ISSERTES_0102_S_2,ISSERTES_0102,2077,/Users/superbg/Documents/IEES/idmybee/data/Bombus/collection/extraction/light/images/ISSERTES_0102_S_2.jpg,OK,0.004777846307753183,0,,0.0010
ISSERTES_0102_S_3,ISSERTES_0102,2078,/Users/superbg/Documents/IEES/idmybee/data/Bombus/collection/extraction/light/images/ISSERTES_0102_S_3.jpg,OK,0.004829316215060652,0,,0.0011
ISSERTES_0103_P_1,ISSERTES_0103,2079,/Users/superbg/Documents/IEES/idmybee/data/Bombus/collection/extraction/light/images/ISSERTES_0103_P_1.jpg,OK,0.004510258694498095,0,,0.0009
ISSERTES_0103_P_2,ISSERTES_0103,2080,/Users/superbg/Documents/IEES/idmybee/data/Bombus/collection/extraction/light/images/ISSERTES_0103_P_2.jpg,OK,0.004515428048448025,0,,0.0009
ISSERTES_0103_S_1,ISSERTES_0103,2081,/Users/superbg/Documents/IEES/idmybee/data/Bombus/collection/extraction/light/images/ISSERTES_0103_S_1.jpg,OK,0.004559064469471174,0,,0.0009
ISSERTES_0103_S_2,ISSERTES_0103,2082,/Users/superbg/Documents/IEES/idmybee/data/Bombus/collection/extraction/light/images/ISSERTES_0103_S_2.jpg,OK,0.004627400576613855,0,,0.0010
ISSERTES_0103_S_3,ISSERTES_0103,2083,/Users/superbg/Documents/IEES/idmybee/data/Bombus/collection/extraction/light/images/ISSERTES_0103_S_3.jpg,OK,0.0045496736040935085,0,,0.0010
ISSERTES_0104_P_1,ISSERTES_0104,2084,/Users/superbg/Documents/IEES/idmybee/data/Bombus/collection/extraction/light/images/ISSERTES_0104_P_1.jpg,OK,0.0048554567538184774,0,,0.0011
ISSERTES_0104_P_2,ISSERTES_0104,2085,/Users/superbg/Documents/IEES/idmybee/data/Bombus/collection/extraction/light/images/ISSERTES_0104_P_2.jpg,OK,0.004786311033033504,0,,0.0011
ISSERTES_0104_S_1,ISSERTES_0104,2086,/Users/superbg/Documents/IEES/idmybee/data/Bombus/collection/extraction/light/images/ISSERTES_0104_S_1.jpg,OK,0.004917713363834613,0,,0.0010
ISSERTES_0104_S_2,ISSERTES_0104,2087,/Users/superbg/Documents/IEES/idmybee/data/Bombus/collection/extraction/light/images/ISSERTES_0104_S_2.jpg,OK,0.0048537633598732585,0,,0.0010
ISSERTES_0104_S_3,ISSERTES_0104,2088,/Users/superbg/Documents/IEES/idmybee/data/Bombus/collection/extraction/light/images/ISSERTES_0104_S_3.jpg,OK,0.004809960521885433,0,,0.0011
ISSERTES_0105_P_1,ISSERTES_0105,2089,/Users/superbg/Documents/IEES/idmybee/data/Bombus/collection/extraction/light/images/ISSERTES_0105_P_1.jpg,OK,0.004559806835266807,0,,0.0011
ISSERTES_0105_P_2,ISSERTES_0105,2090,/Users/superbg/Documents/IEES/idmybee/data/Bombus/collection/extraction/light/images/ISSERTES_0105_P_2.jpg,OK,0.0045684115828306775,0,,0.0011
ISSERTES_0105_S_1,ISSERTES_0105,2091,/Users/superbg/Documents/IEES/idmybee/data/Bombus/collection/extraction/light/images/ISSERTES_0105_S_1.jpg,OK,0.004618227811094088,0,,0.0010
ISSERTES_0105_S_2,ISSERTES_0105,2092,/Users/superbg/Documents/IEES/idmybee/data/Bombus/collection/extraction/light/images/ISSERTES_0105_S_2.jpg,OK,0.004549963374091336,0,,0.0011
ISSERTES_0105_S_3,ISSERTES_0105,2093,/Users/superbg/Documents/IEES/idmybee/data/Bombus/collection/extraction/light/images/ISSERTES_0105_S_3.jpg,OK,0.004587075631651319,0,,0.0010
ISSERTES_0106_P_1,ISSERTES_0106,2094,/Users/superbg/Documents/IEES/idmybee/data/Bombus/collection/extraction/light/images/ISSERTES_0106_P_1.jpg,OK,0.004656006927098455,0,,0.0011
ISSERTES_0106_P_2,ISSERTES_0106,2095,/Users/superbg/Documents/IEES/idmybee/data/Bombus/collection/extraction/light/images/ISSERTES_0106_P_2.jpg,OK,0.004588035588173431,0,,0.0011
ISSERTES_0106_S_1,ISSERTES_0106,2096,/Users/superbg/Documents/IEES/idmybee/data/Bombus/collection/extraction/light/images/ISSERTES_0106_S_1.jpg,OK,0.0046490846935690845,0,,0.0011
ISSERTES_0106_S_2,ISSERTES_0106,2097,/Users/superbg/Documents/IEES/idmybee/data/Bombus/collection/extraction/light/images/ISSERTES_0106_S_2.jpg,OK,0.004625799595486759,0,,0.0011
ISSERTES_0106_S_3,ISSERTES_0106,2098,/Users/superbg/Documents/IEES/idmybee/data/Bombus/collection/extraction/light/images/ISSERTES_0106_S_3.jpg,OK,0.004631627072592701,0,,0.0011
ISSERTES_0107_P_1,ISSERTES_0107,2099,/Users/superbg/Documents/IEES/idmybee/data/Bombus/collection/extraction/light/images/ISSERTES_0107_P_1.jpg,OK,0.004477786338482901,0,,0.0011
ISSERTES_0107_P_2,ISSERTES_0107,2100,/Users/superbg/Documents/IEES/idmybee/data/Bombus/collection/extraction/light/images/ISSERTES_0107_P_2.jpg,OK,0.0044316400040472,0,,0.0010
ISSERTES_0107_S_1,ISSERTES_0107,2101,/Users/superbg/Documents/IEES/idmybee/data/Bombus/collection/extraction/light/images/ISSERTES_0107_S_1.jpg,OK,0.004435829991890261,0,,0.0010
ISSERTES_0107_S_2,ISSERTES_0107,2102,/Users/superbg/Documents/IEES/idmybee/data/Bombus/collection/extraction/light/images/ISSERTES_0107_S_2.jpg,OK,0.004409477435196274,0,,0.0011
ISSERTES_0107_S_3,ISSERTES_0107,2103,/Users/superbg/Documents/IEES/idmybee/data/Bombus/collection/extraction/light/images/ISSERTES_0107_S_3.jpg,OK,0.004457950484014973,0,,0.0010
ISSERTES_0108_P_1,ISSERTES_0108,2104,/Users/superbg/Documents/IEES/idmybee/data/Bombus/collection/extraction/light/images/ISSERTES_0108_P_1.jpg,OK,0.004647163656082051,0,,0.0012
ISSERTES_0108_P_2,ISSERTES_0108,2105,/Users/superbg/Documents/IEES/idmybee/data/Bombus/collection/extraction/light/images/ISSERTES_0108_P_2.jpg,OK,0.004621739768201614,0,,0.0011
ISSERTES_0108_S_1,ISSERTES_0108,2106,/Users/superbg/Documents/IEES/idmybee/data/Bombus/collection/extraction/light/images/ISSERTES_0108_S_1.jpg,OK,0.004651494131328116,0,,0.0011
ISSERTES_0108_S_2,ISSERTES_0108,2107,/Users/superbg/Documents/IEES/idmybee/data/Bombus/collection/extraction/light/images/ISSERTES_0108_S_2.jpg,OK,0.004619069332971001,0,,0.0011
ISSERTES_0108_S_3,ISSERTES_0108,2108,/Users/superbg/Documents/IEES/idmybee/data/Bombus/collection/extraction/light/images/ISSERTES_0108_S_3.jpg,OK,0.004588965953525062,0,,0.0011
ISSERTES_0109_P_1,ISSERTES_0109,2109,/Users/superbg/Documents/IEES/idmybee/data/Bombus/collection/extraction/light/images/ISSERTES_0109_P_1.jpg,OK,0.004835092422332213,0,,0.0012
ISSERTES_0109_P_2,ISSERTES_0109,2110,/Users/superbg/Documents/IEES/idmybee/data/Bombus/collection/extraction/light/images/ISSERTES_0109_P_2.jpg,OK,0.004844901294506697,0,,0.0011
ISSERTES_0109_S_1,ISSERTES_0109,2111,/Users/superbg/Documents/IEES/idmybee/data/Bombus/collection/extraction/light/images/ISSERTES_0109_S_1.jpg,OK,0.004799557456549683,0,,0.0011
ISSERTES_0109_S_2,ISSERTES_0109,2112,/Users/superbg/Documents/IEES/idmybee/data/Bombus/collection/extraction/light/images/ISSERTES_0109_S_2.jpg,OK,0.004859869525821289,0,,0.0010
ISSERTES_0109_S_3,ISSERTES_0109,2113,/Users/superbg/Documents/IEES/idmybee/data/Bombus/collection/extraction/light/images/ISSERTES_0109_S_3.jpg,OK,0.004871314226080041,0,,0.0010
ISSERTES_0110_P_1,ISSERTES_0110,2114,/Users/superbg/Documents/IEES/idmybee/data/Bombus/collection/extraction/light/images/ISSERTES_0110_P_1.jpg,OK,0.00455427658688169,0,,0.0010
ISSERTES_0110_P_2,ISSERTES_0110,2115,/Users/superbg/Documents/IEES/idmybee/data/Bombus/collection/extraction/light/images/ISSERTES_0110_P_2.jpg,OK,0.004562626459315831,0,,0.0010
ISSERTES_0110_S_1,ISSERTES_0110,2116,/Users/superbg/Documents/IEES/idmybee/data/Bombus/collection/extraction/light/images/ISSERTES_0110_S_1.jpg,OK,0.004551824377985542,0,,0.0010
ISSERTES_0110_S_2,ISSERTES_0110,2117,/Users/superbg/Documents/IEES/idmybee/data/Bombus/collection/extraction/light/images/ISSERTES_0110_S_2.jpg,OK,0.004564715733901285,0,,0.0011
ISSERTES_0110_S_3,ISSERTES_0110,2118,/Users/superbg/Documents/IEES/idmybee/data/Bombus/collection/extraction/light/images/ISSERTES_0110_S_3.jpg,OK,0.0045714994132973015,0,,0.0012
ISSERTES_0111_P_1,ISSERTES_0111,2119,/Users/superbg/Documents/IEES/idmybee/data/Bombus/collection/extraction/light/images/ISSERTES_0111_P_1.jpg,OK,0.00427521581551255,0,,0.0010
ISSERTES_0111_P_2,ISSERTES_0111,2120,/Users/superbg/Documents/IEES/idmybee/data/Bombus/collection/extraction/light/images/ISSERTES_0111_P_2.jpg,OK,0.004249113914225085,0,,0.0010
ISSERTES_0111_S_1,ISSERTES_0111,2121,/Users/superbg/Documents/IEES/idmybee/data/Bombus/collection/extraction/light/images/ISSERTES_0111_S_1.jpg,OK,0.004231164190910243,0,,0.0010
ISSERTES_0111_S_2,ISSERTES_0111,2122,/Users/superbg/Documents/IEES/idmybee/data/Bombus/collection/extraction/light/images/ISSERTES_0111_S_2.jpg,OK,0.004380112721012374,0,,0.0010
ISSERTES_0111_S_3,ISSERTES_0111,2123,/Users/superbg/Documents/IEES/idmybee/data/Bombus/collection/extraction/light/images/ISSERTES_0111_S_3.jpg,OK,0.004287408025200624,0,,0.0010
ISSERTES_0112_P_1,ISSERTES_0112,2124,/Users/superbg/Documents/IEES/idmybee/data/Bombus/collection/extraction/light/images/ISSERTES_0112_P_1.jpg,OK,0.004645155163228946,1,,0.0013
ISSERTES_0112_P_2,ISSERTES_0112,2125,/Users/superbg/Documents/IEES/idmybee/data/Bombus/collection/extraction/light/images/ISSERTES_0112_P_2.jpg,OK,0.004640126071817434,1,,0.0012
ISSERTES_0112_S_1,ISSERTES_0112,2126,/Users/superbg/Documents/IEES/idmybee/data/Bombus/collection/extraction/light/images/ISSERTES_0112_S_1.jpg,OK,0.004672300973823731,1,,0.0011
ISSERTES_0112_S_2,ISSERTES_0112,2127,/Users/superbg/Documents/IEES/idmybee/data/Bombus/collection/extraction/light/images/ISSERTES_0112_S_2.jpg,OK,0.004698477000625593,1,,0.0011
ISSERTES_0112_S_3,ISSERTES_0112,2128,/Users/superbg/Documents/IEES/idmybee/data/Bombus/collection/extraction/light/images/ISSERTES_0112_S_3.jpg,OK,0.004649052903490315,1,,0.0010
ISSERTES_0113_P_1,ISSERTES_0113,2129,/Users/superbg/Documents/IEES/idmybee/data/Bombus/collection/extraction/light/images/ISSERTES_0113_P_1.jpg,OK,0.004625201337199533,0,,0.0010
ISSERTES_0113_P_2,ISSERTES_0113,2130,/Users/superbg/Documents/IEES/idmybee/data/Bombus/collection/extraction/light/images/ISSERTES_0113_P_2.jpg,OK,0.00468101687607406,0,,0.0010
ISSERTES_0113_S_1,ISSERTES_0113,2131,/Users/superbg/Documents/IEES/idmybee/data/Bombus/collection/extraction/light/images/ISSERTES_0113_S_1.jpg,OK,0.004624338928099238,0,,0.0010
ISSERTES_0113_S_2,ISSERTES_0113,2132,/Users/superbg/Documents/IEES/idmybee/data/Bombus/collection/extraction/light/images/ISSERTES_0113_S_2.jpg,OK,0.004673146272527272,0,,0.0010
ISSERTES_0113_S_3,ISSERTES_0113,2133,/Users/superbg/Documents/IEES/idmybee/data/Bombus/collection/extraction/light/images/ISSERTES_0113_S_3.jpg,OK,0.004692390882237107,0,,0.0010
ISSERTES_0114_P_1,ISSERTES_0114,2134,/Users/superbg/Documents/IEES/idmybee/data/Bombus/collection/extraction/light/images/ISSERTES_0114_P_1.jpg,OK,0.004496274025638827,0,,0.0010
ISSERTES_0114_P_2,ISSERTES_0114,2135,/Users/superbg/Documents/IEES/idmybee/data/Bombus/collection/extraction/light/images/ISSERTES_0114_P_2.jpg,OK,0.004432940976427559,0,,0.0010
ISSERTES_0114_S_1,ISSERTES_0114,2136,/Users/superbg/Documents/IEES/idmybee/data/Bombus/collection/extraction/light/images/ISSERTES_0114_S_1.jpg,OK,0.0044649770314317844,0,,0.0010
ISSERTES_0114_S_2,ISSERTES_0114,2137,/Users/superbg/Documents/IEES/idmybee/data/Bombus/collection/extraction/light/images/ISSERTES_0114_S_2.jpg,OK,0.004550829358661652,0,,0.0010
ISSERTES_0114_S_3,ISSERTES_0114,2138,/Users/superbg/Documents/IEES/idmybee/data/Bombus/collection/extraction/light/images/ISSERTES_0114_S_3.jpg,OK,0.004391765503949836,0,,0.0010
ISSERTES_0115_P_1,ISSERTES_0115,2139,/Users/superbg/Documents/IEES/idmybee/data/Bombus/collection/extraction/light/images/ISSERTES_0115_P_1.jpg,OK,0.004490224335922239,0,,0.0011
ISSERTES_0115_P_2,ISSERTES_0115,2140,/Users/superbg/Documents/IEES/idmybee/data/Bombus/collection/extraction/light/images/ISSERTES_0115_P_2.jpg,OK,0.004527752681236907,0,,0.0010
ISSERTES_0115_S_1,ISSERTES_0115,2141,/Users/superbg/Documents/IEES/idmybee/data/Bombus/collection/extraction/light/images/ISSERTES_0115_S_1.jpg,OK,0.004582553327554353,0,,0.0010
ISSERTES_0115_S_2,ISSERTES_0115,2142,/Users/superbg/Documents/IEES/idmybee/data/Bombus/collection/extraction/light/images/ISSERTES_0115_S_2.jpg,OK,0.004588229465356659,0,,0.0010
ISSERTES_0115_S_3,ISSERTES_0115,2143,/Users/superbg/Documents/IEES/idmybee/data/Bombus/collection/extraction/light/images/ISSERTES_0115_S_3.jpg,OK,0.00463169204417339,0,,0.0010
ISSERTES_0116_P_1,ISSERTES_0116,2144,/Users/superbg/Documents/IEES/idmybee/data/Bombus/collection/extraction/light/images/ISSERTES_0116_P_1.jpg,OK,0.004558723235767301,0,,0.0011
ISSERTES_0116_P_2,ISSERTES_0116,2145,/Users/superbg/Documents/IEES/idmybee/data/Bombus/collection/extraction/light/images/ISSERTES_0116_P_2.jpg,OK,0.004563411133616777,0,,0.0011
ISSERTES_0116_S_1,ISSERTES_0116,2146,/Users/superbg/Documents/IEES/idmybee/data/Bombus/collection/extraction/light/images/ISSERTES_0116_S_1.jpg,OK,0.004551447116789125,0,,0.0010
ISSERTES_0116_S_3,ISSERTES_0116,2147,/Users/superbg/Documents/IEES/idmybee/data/Bombus/collection/extraction/light/images/ISSERTES_0116_S_3.jpg,OK,0.0045329397630161925,0,,0.0011
ISSERTES_0117_P_1,ISSERTES_0117,2148,/Users/superbg/Documents/IEES/idmybee/data/Bombus/collection/extraction/light/images/ISSERTES_0117_P_1.jpg,OK,0.0043970255304076914,0,,0.0011
ISSERTES_0117_P_2,ISSERTES_0117,2149,/Users/superbg/Documents/IEES/idmybee/data/Bombus/collection/extraction/light/images/ISSERTES_0117_P_2.jpg,OK,0.004382706184052362,0,,0.0011
ISSERTES_0117_S_1,ISSERTES_0117,2150,/Users/superbg/Documents/IEES/idmybee/data/Bombus/collection/extraction/light/images/ISSERTES_0117_S_1.jpg,OK,0.004461667856326808,0,,0.0010
ISSERTES_0117_S_2,ISSERTES_0117,2151,/Users/superbg/Documents/IEES/idmybee/data/Bombus/collection/extraction/light/images/ISSERTES_0117_S_2.jpg,OK,0.004421999568073621,0,,0.0010
ISSERTES_0117_S_3,ISSERTES_0117,2152,/Users/superbg/Documents/IEES/idmybee/data/Bombus/collection/extraction/light/images/ISSERTES_0117_S_3.jpg,OK,0.004429730122064457,0,,0.0011
ISSERTES_0118_P_1,ISSERTES_0118,2153,/Users/superbg/Documents/IEES/idmybee/data/Bombus/collection/extraction/light/images/ISSERTES_0118_P_1.jpg,OK,0.0043687170822601816,0,,0.0012
ISSERTES_0118_P_2,ISSERTES_0118,2154,/Users/superbg/Documents/IEES/idmybee/data/Bombus/collection/extraction/light/images/ISSERTES_0118_P_2.jpg,OK,0.004356890578530694,0,,0.0029
ISSERTES_0118_S_1,ISSERTES_0118,2155,/Users/superbg/Documents/IEES/idmybee/data/Bombus/collection/extraction/light/images/ISSERTES_0118_S_1.jpg,OK,0.0043799501571019405,0,,0.0012
ISSERTES_0118_S_2,ISSERTES_0118,2156,/Users/superbg/Documents/IEES/idmybee/data/Bombus/collection/extraction/light/images/ISSERTES_0118_S_2.jpg,OK,0.004408008917828593,0,,0.0012
ISSERTES_0118_S_3,ISSERTES_0118,2157,/Users/superbg/Documents/IEES/idmybee/data/Bombus/collection/extraction/light/images/ISSERTES_0118_S_3.jpg,OK,0.0044120013788620785,0,,0.0012
ISSERTES_0119_P_2,ISSERTES_0119,2158,/Users/superbg/Documents/IEES/idmybee/data/Bombus/collection/extraction/light/images/ISSERTES_0119_P_2.jpg,OK,0.00450582599911972,0,,0.0013
ISSERTES_0119_S_1,ISSERTES_0119,2159,/Users/superbg/Documents/IEES/idmybee/data/Bombus/collection/extraction/light/images/ISSERTES_0119_S_1.jpg,OK,0.004531158980855907,0,,0.0014
ISSERTES_0119_S_2,ISSERTES_0119,2160,/Users/superbg/Documents/IEES/idmybee/data/Bombus/collection/extraction/light/images/ISSERTES_0119_S_2.jpg,OK,0.004491798363730977,0,,0.0022
ISSERTES_0119_S_3,ISSERTES_0119,2161,/Users/superbg/Documents/IEES/idmybee/data/Bombus/collection/extraction/light/images/ISSERTES_0119_S_3.jpg,OK,0.004508788566579064,0,,0.0011
ISSERTES_0120_P_1,ISSERTES_0120,2162,/Users/superbg/Documents/IEES/idmybee/data/Bombus/collection/extraction/light/images/ISSERTES_0120_P_1.jpg,OK,0.004425360508211188,0,,0.0012
ISSERTES_0120_P_2,ISSERTES_0120,2163,/Users/superbg/Documents/IEES/idmybee/data/Bombus/collection/extraction/light/images/ISSERTES_0120_P_2.jpg,OK,0.004378904667759282,0,,0.0012
ISSERTES_0120_S_1,ISSERTES_0120,2164,/Users/superbg/Documents/IEES/idmybee/data/Bombus/collection/extraction/light/images/ISSERTES_0120_S_1.jpg,OK,0.004439458062221782,0,,0.0022
ISSERTES_0120_S_2,ISSERTES_0120,2165,/Users/superbg/Documents/IEES/idmybee/data/Bombus/collection/extraction/light/images/ISSERTES_0120_S_2.jpg,OK,0.004420563634172691,0,,0.0026
ISSERTES_0120_S_3,ISSERTES_0120,2166,/Users/superbg/Documents/IEES/idmybee/data/Bombus/collection/extraction/light/images/ISSERTES_0120_S_3.jpg,OK,0.004361013861005266,0,,0.0018
ISSERTES_0121_P_1,ISSERTES_0121,2167,/Users/superbg/Documents/IEES/idmybee/data/Bombus/collection/extraction/light/images/ISSERTES_0121_P_1.jpg,SUSPECT,0.006427574445550515,18,,0.0014
ISSERTES_0121_P_2,ISSERTES_0121,2168,/Users/superbg/Documents/IEES/idmybee/data/Bombus/collection/extraction/light/images/ISSERTES_0121_P_2.jpg,SUSPECT,0.006287618749630634,18,,0.0013
ISSERTES_0121_S_1,ISSERTES_0121,2169,/Users/superbg/Documents/IEES/idmybee/data/Bombus/collection/extraction/light/images/ISSERTES_0121_S_1.jpg,SUSPECT,0.00623984748110351,18,,0.0012
ISSERTES_0121_S_2,ISSERTES_0121,2170,/Users/superbg/Documents/IEES/idmybee/data/Bombus/collection/extraction/light/images/ISSERTES_0121_S_2.jpg,SUSPECT,0.006227548078688608,18,,0.0012
ISSERTES_0121_S_3,ISSERTES_0121,2171,/Users/superbg/Documents/IEES/idmybee/data/Bombus/collection/extraction/light/images/ISSERTES_0121_S_3.jpg,OK,0.004868060021664008,0,,0.0011
ISSERTES_0122_P_1,ISSERTES_0122,2172,/Users/superbg/Documents/IEES/idmybee/data/Bombus/collection/extraction/light/images/ISSERTES_0122_P_1.jpg,OK,0.004388751956773511,0,,0.0011
ISSERTES_0122_P_2,ISSERTES_0122,2173,/Users/superbg/Documents/IEES/idmybee/data/Bombus/collection/extraction/light/images/ISSERTES_0122_P_2.jpg,OK,0.004369584710769788,0,,0.0010
ISSERTES_0122_S_1,ISSERTES_0122,2174,/Users/superbg/Documents/IEES/idmybee/data/Bombus/collection/extraction/light/images/ISSERTES_0122_S_1.jpg,OK,0.004402187829985789,0,,0.0010
ISSERTES_0122_S_2,ISSERTES_0122,2175,/Users/superbg/Documents/IEES/idmybee/data/Bombus/collection/extraction/light/images/ISSERTES_0122_S_2.jpg,OK,0.004407560196604972,0,,0.0012
ISSERTES_0122_S_3,ISSERTES_0122,2176,/Users/superbg/Documents/IEES/idmybee/data/Bombus/collection/extraction/light/images/ISSERTES_0122_S_3.jpg,OK,0.00443501614204309,0,,0.0011
ISSERTES_0123_P_1,ISSERTES_0123,2177,/Users/superbg/Documents/IEES/idmybee/data/Bombus/collection/extraction/light/images/ISSERTES_0123_P_1.jpg,OK,0.004571375713827225,0,,0.0024
ISSERTES_0123_P_2,ISSERTES_0123,2178,/Users/superbg/Documents/IEES/idmybee/data/Bombus/collection/extraction/light/images/ISSERTES_0123_P_2.jpg,OK,0.004503248094465637,0,,0.0012
ISSERTES_0123_S_1,ISSERTES_0123,2179,/Users/superbg/Documents/IEES/idmybee/data/Bombus/collection/extraction/light/images/ISSERTES_0123_S_1.jpg,OK,0.004544206017697185,0,,0.0011
ISSERTES_0123_S_2,ISSERTES_0123,2180,/Users/superbg/Documents/IEES/idmybee/data/Bombus/collection/extraction/light/images/ISSERTES_0123_S_2.jpg,OK,0.004630890690056009,0,,0.0013
ISSERTES_0123_S_3,ISSERTES_0123,2181,/Users/superbg/Documents/IEES/idmybee/data/Bombus/collection/extraction/light/images/ISSERTES_0123_S_3.jpg,OK,0.004556650308630933,0,,0.0011
ISSERTES_0124_P_1,ISSERTES_0124,2182,/Users/superbg/Documents/IEES/idmybee/data/Bombus/collection/extraction/light/images/ISSERTES_0124_P_1.jpg,OK,0.004690110188692942,0,,0.0011
ISSERTES_0124_P_2,ISSERTES_0124,2183,/Users/superbg/Documents/IEES/idmybee/data/Bombus/collection/extraction/light/images/ISSERTES_0124_P_2.jpg,OK,0.004643858750908174,0,,0.0011
ISSERTES_0124_S_1,ISSERTES_0124,2184,/Users/superbg/Documents/IEES/idmybee/data/Bombus/collection/extraction/light/images/ISSERTES_0124_S_1.jpg,OK,0.004709922299899162,0,,0.0011
ISSERTES_0124_S_2,ISSERTES_0124,2185,/Users/superbg/Documents/IEES/idmybee/data/Bombus/collection/extraction/light/images/ISSERTES_0124_S_2.jpg,OK,0.004748782454842918,0,,0.0015
ISSERTES_0124_S_3,ISSERTES_0124,2186,/Users/superbg/Documents/IEES/idmybee/data/Bombus/collection/extraction/light/images/ISSERTES_0124_S_3.jpg,OK,0.004731526694356323,0,,0.0018
ISSERTES_0125_P_1,ISSERTES_0125,2187,/Users/superbg/Documents/IEES/idmybee/data/Bombus/collection/extraction/light/images/ISSERTES_0125_P_1.jpg,OK,0.004619647843035963,0,,0.0014
ISSERTES_0125_P_2,ISSERTES_0125,2188,/Users/superbg/Documents/IEES/idmybee/data/Bombus/collection/extraction/light/images/ISSERTES_0125_P_2.jpg,OK,0.004656381163497834,0,,0.0011
ISSERTES_0125_S_1,ISSERTES_0125,2189,/Users/superbg/Documents/IEES/idmybee/data/Bombus/collection/extraction/light/images/ISSERTES_0125_S_1.jpg,OK,0.0046341367703734435,0,,0.0011
ISSERTES_0125_S_2,ISSERTES_0125,2190,/Users/superbg/Documents/IEES/idmybee/data/Bombus/collection/extraction/light/images/ISSERTES_0125_S_2.jpg,OK,0.004615964870967016,0,,0.0011
ISSERTES_0125_S_3,ISSERTES_0125,2191,/Users/superbg/Documents/IEES/idmybee/data/Bombus/collection/extraction/light/images/ISSERTES_0125_S_3.jpg,OK,0.004654846023591886,0,,0.0011
ISSERTES_0126_P_1,ISSERTES_0126,2192,/Users/superbg/Documents/IEES/idmybee/data/Bombus/collection/extraction/light/images/ISSERTES_0126_P_1.jpg,OK,0.004474198835528672,0,,0.0010
ISSERTES_0126_P_2,ISSERTES_0126,2193,/Users/superbg/Documents/IEES/idmybee/data/Bombus/collection/extraction/light/images/ISSERTES_0126_P_2.jpg,OK,0.004393296537441544,0,,0.0011
ISSERTES_0126_S_1,ISSERTES_0126,2194,/Users/superbg/Documents/IEES/idmybee/data/Bombus/collection/extraction/light/images/ISSERTES_0126_S_1.jpg,OK,0.004442668745833945,0,,0.0010
ISSERTES_0126_S_2,ISSERTES_0126,2195,/Users/superbg/Documents/IEES/idmybee/data/Bombus/collection/extraction/light/images/ISSERTES_0126_S_2.jpg,OK,0.0045243936712789905,0,,0.0010
ISSERTES_0126_S_3,ISSERTES_0126,2196,/Users/superbg/Documents/IEES/idmybee/data/Bombus/collection/extraction/light/images/ISSERTES_0126_S_3.jpg,OK,0.004537356387623762,0,,0.0011
ISSERTES_0127_P_1,ISSERTES_0127,2197,/Users/superbg/Documents/IEES/idmybee/data/Bombus/collection/extraction/light/images/ISSERTES_0127_P_1.jpg,OK,0.004767949941679079,0,,0.0012
ISSERTES_0127_P_2,ISSERTES_0127,2198,/Users/superbg/Documents/IEES/idmybee/data/Bombus/collection/extraction/light/images/ISSERTES_0127_P_2.jpg,OK,0.004706130007883858,0,,0.0011
ISSERTES_0127_S_1,ISSERTES_0127,2199,/Users/superbg/Documents/IEES/idmybee/data/Bombus/collection/extraction/light/images/ISSERTES_0127_S_1.jpg,OK,0.004740740805336858,0,,0.0011
ISSERTES_0127_S_2,ISSERTES_0127,2200,/Users/superbg/Documents/IEES/idmybee/data/Bombus/collection/extraction/light/images/ISSERTES_0127_S_2.jpg,OK,0.004807471622537942,0,,0.0012
ISSERTES_0127_S_3,ISSERTES_0127,2201,/Users/superbg/Documents/IEES/idmybee/data/Bombus/collection/extraction/light/images/ISSERTES_0127_S_3.jpg,OK,0.0046619427701524545,0,,0.0014
ISSERTES_0128_P_1,ISSERTES_0128,2202,/Users/superbg/Documents/IEES/idmybee/data/Bombus/collection/extraction/light/images/ISSERTES_0128_P_1.jpg,OK,0.00441549248951446,0,,0.0014
ISSERTES_0128_P_2,ISSERTES_0128,2203,/Users/superbg/Documents/IEES/idmybee/data/Bombus/collection/extraction/light/images/ISSERTES_0128_P_2.jpg,OK,0.004405354881969898,0,,0.0014
ISSERTES_0128_S_1,ISSERTES_0128,2204,/Users/superbg/Documents/IEES/idmybee/data/Bombus/collection/extraction/light/images/ISSERTES_0128_S_1.jpg,OK,0.00440704223811203,0,,0.0011
ISSERTES_0128_S_2,ISSERTES_0128,2205,/Users/superbg/Documents/IEES/idmybee/data/Bombus/collection/extraction/light/images/ISSERTES_0128_S_2.jpg,OK,0.0044029712041470945,0,,0.0010
ISSERTES_0128_S_3,ISSERTES_0128,2206,/Users/superbg/Documents/IEES/idmybee/data/Bombus/collection/extraction/light/images/ISSERTES_0128_S_3.jpg,OK,0.004418685128514456,0,,0.0010
ISSERTES_0129_P_1,ISSERTES_0129,2207,/Users/superbg/Documents/IEES/idmybee/data/Bombus/collection/extraction/light/images/ISSERTES_0129_P_1.jpg,OK,0.004440370520670058,0,,0.0011
ISSERTES_0129_P_2,ISSERTES_0129,2208,/Users/superbg/Documents/IEES/idmybee/data/Bombus/collection/extraction/light/images/ISSERTES_0129_P_2.jpg,OK,0.004387113221891646,0,,0.0010
ISSERTES_0129_S_1,ISSERTES_0129,2209,/Users/superbg/Documents/IEES/idmybee/data/Bombus/collection/extraction/light/images/ISSERTES_0129_S_1.jpg,OK,0.004398559837673086,0,,0.0011
ISSERTES_0129_S_2,ISSERTES_0129,2210,/Users/superbg/Documents/IEES/idmybee/data/Bombus/collection/extraction/light/images/ISSERTES_0129_S_2.jpg,OK,0.004380727584862274,0,,0.0010
ISSERTES_0129_S_3,ISSERTES_0129,2211,/Users/superbg/Documents/IEES/idmybee/data/Bombus/collection/extraction/light/images/ISSERTES_0129_S_3.jpg,OK,0.0043955042955449546,0,,0.0011
ISSERTES_0130_P_2,ISSERTES_0130,2212,/Users/superbg/Documents/IEES/idmybee/data/Bombus/collection/extraction/light/images/ISSERTES_0130_P_2.jpg,OK,0.004763267063650201,0,,0.0011
ISSERTES_0130_S_1,ISSERTES_0130,2213,/Users/superbg/Documents/IEES/idmybee/data/Bombus/collection/extraction/light/images/ISSERTES_0130_S_1.jpg,OK,0.004723409209743845,0,,0.0012
ISSERTES_0130_S_2,ISSERTES_0130,2214,/Users/superbg/Documents/IEES/idmybee/data/Bombus/collection/extraction/light/images/ISSERTES_0130_S_2.jpg,OK,0.004802343459589395,1,,0.0011
ISSERTES_0130_S_3,ISSERTES_0130,2215,/Users/superbg/Documents/IEES/idmybee/data/Bombus/collection/extraction/light/images/ISSERTES_0130_S_3.jpg,OK,0.004765952864728488,0,,0.0011
ISSERTES_0131_P_1,ISSERTES_0131,2216,/Users/superbg/Documents/IEES/idmybee/data/Bombus/collection/extraction/light/images/ISSERTES_0131_P_1.jpg,OK,0.004269323540772141,0,,0.0013
ISSERTES_0131_P_2,ISSERTES_0131,2217,/Users/superbg/Documents/IEES/idmybee/data/Bombus/collection/extraction/light/images/ISSERTES_0131_P_2.jpg,OK,0.004230039777071339,0,,0.0011
ISSERTES_0131_S_1,ISSERTES_0131,2218,/Users/superbg/Documents/IEES/idmybee/data/Bombus/collection/extraction/light/images/ISSERTES_0131_S_1.jpg,OK,0.00426917815083225,0,,0.0010
ISSERTES_0131_S_2,ISSERTES_0131,2219,/Users/superbg/Documents/IEES/idmybee/data/Bombus/collection/extraction/light/images/ISSERTES_0131_S_2.jpg,OK,0.004292718953885989,0,,0.0010
ISSERTES_0131_S_3,ISSERTES_0131,2220,/Users/superbg/Documents/IEES/idmybee/data/Bombus/collection/extraction/light/images/ISSERTES_0131_S_3.jpg,OK,0.0043069164439694324,0,,0.0010
ISSERTES_0132_P_1,ISSERTES_0132,2221,/Users/superbg/Documents/IEES/idmybee/data/Bombus/collection/extraction/light/images/ISSERTES_0132_P_1.jpg,OK,0.004741618717182334,0,,0.0011
ISSERTES_0132_P_2,ISSERTES_0132,2222,/Users/superbg/Documents/IEES/idmybee/data/Bombus/collection/extraction/light/images/ISSERTES_0132_P_2.jpg,OK,0.004733850888386143,0,,0.0011
ISSERTES_0132_S_1,ISSERTES_0132,2223,/Users/superbg/Documents/IEES/idmybee/data/Bombus/collection/extraction/light/images/ISSERTES_0132_S_1.jpg,OK,0.004723374475102794,0,,0.0011
ISSERTES_0132_S_2,ISSERTES_0132,2224,/Users/superbg/Documents/IEES/idmybee/data/Bombus/collection/extraction/light/images/ISSERTES_0132_S_2.jpg,OK,0.004732833577950403,0,,0.0010
ISSERTES_0132_S_3,ISSERTES_0132,2225,/Users/superbg/Documents/IEES/idmybee/data/Bombus/collection/extraction/light/images/ISSERTES_0132_S_3.jpg,OK,0.004689483284061826,0,,0.0010
ISSERTES_0133_P_1,ISSERTES_0133,2226,/Users/superbg/Documents/IEES/idmybee/data/Bombus/collection/extraction/light/images/ISSERTES_0133_P_1.jpg,OK,0.0046533463166767,1,,0.0010
ISSERTES_0133_P_2,ISSERTES_0133,2227,/Users/superbg/Documents/IEES/idmybee/data/Bombus/collection/extraction/light/images/ISSERTES_0133_P_2.jpg,OK,0.004757716121041894,2,,0.0010
ISSERTES_0133_S_1,ISSERTES_0133,2228,/Users/superbg/Documents/IEES/idmybee/data/Bombus/collection/extraction/light/images/ISSERTES_0133_S_1.jpg,OK,0.004708045320116826,0,,0.0010
ISSERTES_0133_S_2,ISSERTES_0133,2229,/Users/superbg/Documents/IEES/idmybee/data/Bombus/collection/extraction/light/images/ISSERTES_0133_S_2.jpg,OK,0.004727667336014421,1,,0.0011
ISSERTES_0133_S_3,ISSERTES_0133,2230,/Users/superbg/Documents/IEES/idmybee/data/Bombus/collection/extraction/light/images/ISSERTES_0133_S_3.jpg,OK,0.004667148238308654,0,,0.0011
ISSERTES_0134_P_1,ISSERTES_0134,2231,/Users/superbg/Documents/IEES/idmybee/data/Bombus/collection/extraction/light/images/ISSERTES_0134_P_1.jpg,OK,0.004745585092393926,0,,0.0012
ISSERTES_0134_P_2,ISSERTES_0134,2232,/Users/superbg/Documents/IEES/idmybee/data/Bombus/collection/extraction/light/images/ISSERTES_0134_P_2.jpg,OK,0.004772476542924401,0,,0.0013
ISSERTES_0134_S_1,ISSERTES_0134,2233,/Users/superbg/Documents/IEES/idmybee/data/Bombus/collection/extraction/light/images/ISSERTES_0134_S_1.jpg,OK,0.004797573264924399,0,,0.0011
ISSERTES_0134_S_2,ISSERTES_0134,2234,/Users/superbg/Documents/IEES/idmybee/data/Bombus/collection/extraction/light/images/ISSERTES_0134_S_2.jpg,OK,0.004808814209286486,0,,0.0011
ISSERTES_0134_S_3,ISSERTES_0134,2235,/Users/superbg/Documents/IEES/idmybee/data/Bombus/collection/extraction/light/images/ISSERTES_0134_S_3.jpg,OK,0.00481257435138859,0,,0.0010
ISSERTES_0135_P_1,ISSERTES_0135,2236,/Users/superbg/Documents/IEES/idmybee/data/Bombus/collection/extraction/light/images/ISSERTES_0135_P_1.jpg,OK,0.0046805355549783085,0,,0.0011
ISSERTES_0135_P_2,ISSERTES_0135,2237,/Users/superbg/Documents/IEES/idmybee/data/Bombus/collection/extraction/light/images/ISSERTES_0135_P_2.jpg,OK,0.004693223858520086,0,,0.0010
ISSERTES_0135_S_1,ISSERTES_0135,2238,/Users/superbg/Documents/IEES/idmybee/data/Bombus/collection/extraction/light/images/ISSERTES_0135_S_1.jpg,OK,0.004704994575544101,0,,0.0010
ISSERTES_0135_S_2,ISSERTES_0135,2239,/Users/superbg/Documents/IEES/idmybee/data/Bombus/collection/extraction/light/images/ISSERTES_0135_S_2.jpg,OK,0.0047846966873486985,0,,0.0011
ISSERTES_0135_S_3,ISSERTES_0135,2240,/Users/superbg/Documents/IEES/idmybee/data/Bombus/collection/extraction/light/images/ISSERTES_0135_S_3.jpg,OK,0.004755310152044565,0,,0.0010
ISSERTES_0136_P_1,ISSERTES_0136,2241,/Users/superbg/Documents/IEES/idmybee/data/Bombus/collection/extraction/light/images/ISSERTES_0136_P_1.jpg,OK,0.00453824665774504,0,,0.0010
ISSERTES_0136_P_2,ISSERTES_0136,2242,/Users/superbg/Documents/IEES/idmybee/data/Bombus/collection/extraction/light/images/ISSERTES_0136_P_2.jpg,OK,0.004473014601165542,0,,0.0010
ISSERTES_0136_S_1,ISSERTES_0136,2243,/Users/superbg/Documents/IEES/idmybee/data/Bombus/collection/extraction/light/images/ISSERTES_0136_S_1.jpg,OK,0.004506491797808789,0,,0.0010
ISSERTES_0136_S_2,ISSERTES_0136,2244,/Users/superbg/Documents/IEES/idmybee/data/Bombus/collection/extraction/light/images/ISSERTES_0136_S_2.jpg,OK,0.004564598647648587,0,,0.0010
ISSERTES_0136_S_3,ISSERTES_0136,2245,/Users/superbg/Documents/IEES/idmybee/data/Bombus/collection/extraction/light/images/ISSERTES_0136_S_3.jpg,OK,0.004495249610154405,0,,0.0011
ISSERTES_0137_P_1,ISSERTES_0137,2246,/Users/superbg/Documents/IEES/idmybee/data/Bombus/collection/extraction/light/images/ISSERTES_0137_P_1.jpg,OK,0.004482186821555633,0,,0.0011
ISSERTES_0137_P_2,ISSERTES_0137,2247,/Users/superbg/Documents/IEES/idmybee/data/Bombus/collection/extraction/light/images/ISSERTES_0137_P_2.jpg,OK,0.004476439353155306,0,,0.0011
ISSERTES_0137_S_1,ISSERTES_0137,2248,/Users/superbg/Documents/IEES/idmybee/data/Bombus/collection/extraction/light/images/ISSERTES_0137_S_1.jpg,OK,0.0044810048750086985,0,,0.0011
ISSERTES_0137_S_2,ISSERTES_0137,2249,/Users/superbg/Documents/IEES/idmybee/data/Bombus/collection/extraction/light/images/ISSERTES_0137_S_2.jpg,OK,0.004455363566146026,0,,0.0014
ISSERTES_0137_S_3,ISSERTES_0137,2250,/Users/superbg/Documents/IEES/idmybee/data/Bombus/collection/extraction/light/images/ISSERTES_0137_S_3.jpg,OK,0.004486518515900697,0,,0.0010
ISSERTES_0138_P_1,ISSERTES_0138,2251,/Users/superbg/Documents/IEES/idmybee/data/Bombus/collection/extraction/light/images/ISSERTES_0138_P_1.jpg,OK,0.004363951045145619,0,,0.0011
ISSERTES_0138_P_2,ISSERTES_0138,2252,/Users/superbg/Documents/IEES/idmybee/data/Bombus/collection/extraction/light/images/ISSERTES_0138_P_2.jpg,OK,0.004375027941360367,0,,0.0062
ISSERTES_0138_S_1,ISSERTES_0138,2253,/Users/superbg/Documents/IEES/idmybee/data/Bombus/collection/extraction/light/images/ISSERTES_0138_S_1.jpg,OK,0.004403426635069157,0,,0.0011
ISSERTES_0138_S_2,ISSERTES_0138,2254,/Users/superbg/Documents/IEES/idmybee/data/Bombus/collection/extraction/light/images/ISSERTES_0138_S_2.jpg,OK,0.004325206396009609,0,,0.0010
ISSERTES_0138_S_3,ISSERTES_0138,2255,/Users/superbg/Documents/IEES/idmybee/data/Bombus/collection/extraction/light/images/ISSERTES_0138_S_3.jpg,OK,0.0043546563187579585,0,,0.0012
ISSERTES_0139_P_2,ISSERTES_0139,2256,/Users/superbg/Documents/IEES/idmybee/data/Bombus/collection/extraction/light/images/ISSERTES_0139_P_2.jpg,OK,0.0046529973663810105,0,,0.0011
ISSERTES_0139_S_1,ISSERTES_0139,2257,/Users/superbg/Documents/IEES/idmybee/data/Bombus/collection/extraction/light/images/ISSERTES_0139_S_1.jpg,OK,0.004556709397819867,0,,0.0010
ISSERTES_0139_S_2,ISSERTES_0139,2258,/Users/superbg/Documents/IEES/idmybee/data/Bombus/collection/extraction/light/images/ISSERTES_0139_S_2.jpg,OK,0.004550585634288013,0,,0.0012
ISSERTES_0139_S_3,ISSERTES_0139,2259,/Users/superbg/Documents/IEES/idmybee/data/Bombus/collection/extraction/light/images/ISSERTES_0139_S_3.jpg,OK,0.0045973891984947045,0,,0.0010
ISSERTES_0140_P_1,ISSERTES_0140,2260,/Users/superbg/Documents/IEES/idmybee/data/Bombus/collection/extraction/light/images/ISSERTES_0140_P_1.jpg,OK,0.004443330754541708,0,,0.0010
ISSERTES_0140_P_2,ISSERTES_0140,2261,/Users/superbg/Documents/IEES/idmybee/data/Bombus/collection/extraction/light/images/ISSERTES_0140_P_2.jpg,OK,0.004454276623260917,0,,0.0010
ISSERTES_0140_S_1,ISSERTES_0140,2262,/Users/superbg/Documents/IEES/idmybee/data/Bombus/collection/extraction/light/images/ISSERTES_0140_S_1.jpg,OK,0.004500656635367068,0,,0.0010
ISSERTES_0140_S_2,ISSERTES_0140,2263,/Users/superbg/Documents/IEES/idmybee/data/Bombus/collection/extraction/light/images/ISSERTES_0140_S_2.jpg,OK,0.004434029546822865,0,,0.0010
ISSERTES_0140_S_3,ISSERTES_0140,2264,/Users/superbg/Documents/IEES/idmybee/data/Bombus/collection/extraction/light/images/ISSERTES_0140_S_3.jpg,OK,0.004450638101665436,0,,0.0013
ISSERTES_0141_P_1,ISSERTES_0141,2265,/Users/superbg/Documents/IEES/idmybee/data/Bombus/collection/extraction/light/images/ISSERTES_0141_P_1.jpg,OK,0.004764747197935587,0,,0.0013
ISSERTES_0141_P_2,ISSERTES_0141,2266,/Users/superbg/Documents/IEES/idmybee/data/Bombus/collection/extraction/light/images/ISSERTES_0141_P_2.jpg,OK,0.004747874225204117,0,,0.0011
ISSERTES_0141_S_1,ISSERTES_0141,2267,/Users/superbg/Documents/IEES/idmybee/data/Bombus/collection/extraction/light/images/ISSERTES_0141_S_1.jpg,OK,0.004709211389071723,0,,0.0011
ISSERTES_0141_S_2,ISSERTES_0141,2268,/Users/superbg/Documents/IEES/idmybee/data/Bombus/collection/extraction/light/images/ISSERTES_0141_S_2.jpg,OK,0.004706409163304149,0,,0.0011
ISSERTES_0141_S_3,ISSERTES_0141,2269,/Users/superbg/Documents/IEES/idmybee/data/Bombus/collection/extraction/light/images/ISSERTES_0141_S_3.jpg,OK,0.00471928621877198,0,,0.0011
ISSERTES_0142_P_1,ISSERTES_0142,2270,/Users/superbg/Documents/IEES/idmybee/data/Bombus/collection/extraction/light/images/ISSERTES_0142_P_1.jpg,OK,0.004757531965833282,0,,0.0013
ISSERTES_0142_P_2,ISSERTES_0142,2271,/Users/superbg/Documents/IEES/idmybee/data/Bombus/collection/extraction/light/images/ISSERTES_0142_P_2.jpg,OK,0.004694455414389158,0,,0.0012
ISSERTES_0142_S_1,ISSERTES_0142,2272,/Users/superbg/Documents/IEES/idmybee/data/Bombus/collection/extraction/light/images/ISSERTES_0142_S_1.jpg,OK,0.004826947414767104,0,,0.0012
ISSERTES_0142_S_2,ISSERTES_0142,2273,/Users/superbg/Documents/IEES/idmybee/data/Bombus/collection/extraction/light/images/ISSERTES_0142_S_2.jpg,OK,0.004746624217206511,0,,0.0012
ISSERTES_0142_S_3,ISSERTES_0142,2274,/Users/superbg/Documents/IEES/idmybee/data/Bombus/collection/extraction/light/images/ISSERTES_0142_S_3.jpg,OK,0.004736053202524461,0,,0.0014
ISSERTES_0143_P_1,ISSERTES_0143,2275,/Users/superbg/Documents/IEES/idmybee/data/Bombus/collection/extraction/light/images/ISSERTES_0143_P_1.jpg,OK,0.004103664351331555,0,,0.0010
ISSERTES_0143_P_2,ISSERTES_0143,2276,/Users/superbg/Documents/IEES/idmybee/data/Bombus/collection/extraction/light/images/ISSERTES_0143_P_2.jpg,OK,0.0041308035485182045,0,,0.0010
ISSERTES_0143_S_1,ISSERTES_0143,2277,/Users/superbg/Documents/IEES/idmybee/data/Bombus/collection/extraction/light/images/ISSERTES_0143_S_1.jpg,OK,0.004157527268272584,0,,0.0010
ISSERTES_0143_S_2,ISSERTES_0143,2278,/Users/superbg/Documents/IEES/idmybee/data/Bombus/collection/extraction/light/images/ISSERTES_0143_S_2.jpg,OK,0.004167264510893193,0,,0.0011
ISSERTES_0143_S_3,ISSERTES_0143,2279,/Users/superbg/Documents/IEES/idmybee/data/Bombus/collection/extraction/light/images/ISSERTES_0143_S_3.jpg,OK,0.004144714372846019,0,,0.0011
ISSERTES_0144_P_1,ISSERTES_0144,2280,/Users/superbg/Documents/IEES/idmybee/data/Bombus/collection/extraction/light/images/ISSERTES_0144_P_1.jpg,OK,0.004129108231411242,0,,0.0011
ISSERTES_0144_P_2,ISSERTES_0144,2281,/Users/superbg/Documents/IEES/idmybee/data/Bombus/collection/extraction/light/images/ISSERTES_0144_P_2.jpg,OK,0.00407427959343106,0,,0.0011
ISSERTES_0144_S_1,ISSERTES_0144,2282,/Users/superbg/Documents/IEES/idmybee/data/Bombus/collection/extraction/light/images/ISSERTES_0144_S_1.jpg,OK,0.004036480320271389,0,,0.0011
ISSERTES_0144_S_2,ISSERTES_0144,2283,/Users/superbg/Documents/IEES/idmybee/data/Bombus/collection/extraction/light/images/ISSERTES_0144_S_2.jpg,OK,0.004190488169122858,0,,0.0010
ISSERTES_0144_S_3,ISSERTES_0144,2284,/Users/superbg/Documents/IEES/idmybee/data/Bombus/collection/extraction/light/images/ISSERTES_0144_S_3.jpg,OK,0.004159077976269434,1,,0.0011
ISSERTES_0145_P_1,ISSERTES_0145,2285,/Users/superbg/Documents/IEES/idmybee/data/Bombus/collection/extraction/light/images/ISSERTES_0145_P_1.jpg,OK,0.004098567481183672,0,,0.0010
ISSERTES_0145_P_2,ISSERTES_0145,2286,/Users/superbg/Documents/IEES/idmybee/data/Bombus/collection/extraction/light/images/ISSERTES_0145_P_2.jpg,OK,0.004067563660741038,0,,0.0010
ISSERTES_0145_S_1,ISSERTES_0145,2287,/Users/superbg/Documents/IEES/idmybee/data/Bombus/collection/extraction/light/images/ISSERTES_0145_S_1.jpg,OK,0.004141670397517091,0,,0.0011
ISSERTES_0145_S_2,ISSERTES_0145,2288,/Users/superbg/Documents/IEES/idmybee/data/Bombus/collection/extraction/light/images/ISSERTES_0145_S_2.jpg,OK,0.004078367833910034,0,,0.0011
ISSERTES_0145_S_3,ISSERTES_0145,2289,/Users/superbg/Documents/IEES/idmybee/data/Bombus/collection/extraction/light/images/ISSERTES_0145_S_3.jpg,OK,0.004078254487379678,0,,0.0011
ISSERTES_0146_P_1,ISSERTES_0146,2290,/Users/superbg/Documents/IEES/idmybee/data/Bombus/collection/extraction/light/images/ISSERTES_0146_P_1.jpg,OK,0.004341641375850201,0,,0.0011
ISSERTES_0146_P_2,ISSERTES_0146,2291,/Users/superbg/Documents/IEES/idmybee/data/Bombus/collection/extraction/light/images/ISSERTES_0146_P_2.jpg,OK,0.004378593460870292,0,,0.0010
ISSERTES_0146_S_1,ISSERTES_0146,2292,/Users/superbg/Documents/IEES/idmybee/data/Bombus/collection/extraction/light/images/ISSERTES_0146_S_1.jpg,OK,0.004302283801525293,0,,0.0010
ISSERTES_0146_S_2,ISSERTES_0146,2293,/Users/superbg/Documents/IEES/idmybee/data/Bombus/collection/extraction/light/images/ISSERTES_0146_S_2.jpg,OK,0.004361039453363999,0,,0.0010
ISSERTES_0146_S_3,ISSERTES_0146,2294,/Users/superbg/Documents/IEES/idmybee/data/Bombus/collection/extraction/light/images/ISSERTES_0146_S_3.jpg,OK,0.004322703718115525,0,,0.0010
ISSERTES_0147_P_1,ISSERTES_0147,2295,/Users/superbg/Documents/IEES/idmybee/data/Bombus/collection/extraction/light/images/ISSERTES_0147_P_1.jpg,OK,0.004295020064077133,0,,0.0011
ISSERTES_0147_P_2,ISSERTES_0147,2296,/Users/superbg/Documents/IEES/idmybee/data/Bombus/collection/extraction/light/images/ISSERTES_0147_P_2.jpg,OK,0.004225875642471132,0,,0.0010
ISSERTES_0147_S_1,ISSERTES_0147,2297,/Users/superbg/Documents/IEES/idmybee/data/Bombus/collection/extraction/light/images/ISSERTES_0147_S_1.jpg,OK,0.004314683493921673,0,,0.0010
ISSERTES_0147_S_2,ISSERTES_0147,2298,/Users/superbg/Documents/IEES/idmybee/data/Bombus/collection/extraction/light/images/ISSERTES_0147_S_2.jpg,OK,0.004318567841176393,0,,0.0011
ISSERTES_0147_S_3,ISSERTES_0147,2299,/Users/superbg/Documents/IEES/idmybee/data/Bombus/collection/extraction/light/images/ISSERTES_0147_S_3.jpg,OK,0.004228851719553754,0,,0.0011
ISSERTES_0148_P_1,ISSERTES_0148,2300,/Users/superbg/Documents/IEES/idmybee/data/Bombus/collection/extraction/light/images/ISSERTES_0148_P_1.jpg,OK,0.004232526349675753,0,,0.0010
ISSERTES_0148_P_2,ISSERTES_0148,2301,/Users/superbg/Documents/IEES/idmybee/data/Bombus/collection/extraction/light/images/ISSERTES_0148_P_2.jpg,OK,0.004234009838413285,0,,0.0010
ISSERTES_0148_S_1,ISSERTES_0148,2302,/Users/superbg/Documents/IEES/idmybee/data/Bombus/collection/extraction/light/images/ISSERTES_0148_S_1.jpg,OK,0.004185228039561178,0,,0.0010
ISSERTES_0148_S_2,ISSERTES_0148,2303,/Users/superbg/Documents/IEES/idmybee/data/Bombus/collection/extraction/light/images/ISSERTES_0148_S_2.jpg,OK,0.004186812384034114,0,,0.0010
ISSERTES_0148_S_3,ISSERTES_0148,2304,/Users/superbg/Documents/IEES/idmybee/data/Bombus/collection/extraction/light/images/ISSERTES_0148_S_3.jpg,OK,0.004197483702783095,0,,0.0012
ISSERTES_0149_P_1,ISSERTES_0149,2305,/Users/superbg/Documents/IEES/idmybee/data/Bombus/collection/extraction/light/images/ISSERTES_0149_P_1.jpg,OK,0.004328732503340259,0,,0.0011
ISSERTES_0149_P_2,ISSERTES_0149,2306,/Users/superbg/Documents/IEES/idmybee/data/Bombus/collection/extraction/light/images/ISSERTES_0149_P_2.jpg,OK,0.004338835737713887,0,,0.0010
ISSERTES_0149_S_1,ISSERTES_0149,2307,/Users/superbg/Documents/IEES/idmybee/data/Bombus/collection/extraction/light/images/ISSERTES_0149_S_1.jpg,OK,0.004339052610440101,0,,0.0010
ISSERTES_0149_S_2,ISSERTES_0149,2308,/Users/superbg/Documents/IEES/idmybee/data/Bombus/collection/extraction/light/images/ISSERTES_0149_S_2.jpg,OK,0.004348207808561651,0,,0.0011
ISSERTES_0149_S_3,ISSERTES_0149,2309,/Users/superbg/Documents/IEES/idmybee/data/Bombus/collection/extraction/light/images/ISSERTES_0149_S_3.jpg,OK,0.004399498877715431,0,,0.0011
ISSERTES_0150_P_1,ISSERTES_0150,2310,/Users/superbg/Documents/IEES/idmybee/data/Bombus/collection/extraction/light/images/ISSERTES_0150_P_1.jpg,OK,0.004178941305915728,0,,0.0010
ISSERTES_0150_P_2,ISSERTES_0150,2311,/Users/superbg/Documents/IEES/idmybee/data/Bombus/collection/extraction/light/images/ISSERTES_0150_P_2.jpg,OK,0.00424123558918178,0,,0.0010
ISSERTES_0150_S_1,ISSERTES_0150,2312,/Users/superbg/Documents/IEES/idmybee/data/Bombus/collection/extraction/light/images/ISSERTES_0150_S_1.jpg,OK,0.004270466632983064,0,,0.0010
ISSERTES_0150_S_2,ISSERTES_0150,2313,/Users/superbg/Documents/IEES/idmybee/data/Bombus/collection/extraction/light/images/ISSERTES_0150_S_2.jpg,OK,0.004188925900207724,0,,0.0011
ISSERTES_0150_S_3,ISSERTES_0150,2314,/Users/superbg/Documents/IEES/idmybee/data/Bombus/collection/extraction/light/images/ISSERTES_0150_S_3.jpg,OK,0.004266528151647905,0,,0.0010
ISSERTES_0151_P_1,ISSERTES_0151,2315,/Users/superbg/Documents/IEES/idmybee/data/Bombus/collection/extraction/light/images/ISSERTES_0151_P_1.jpg,OK,0.004546341842932681,0,,0.0011
ISSERTES_0151_P_2,ISSERTES_0151,2316,/Users/superbg/Documents/IEES/idmybee/data/Bombus/collection/extraction/light/images/ISSERTES_0151_P_2.jpg,OK,0.004429052612005157,0,,0.0011
ISSERTES_0151_S_1,ISSERTES_0151,2317,/Users/superbg/Documents/IEES/idmybee/data/Bombus/collection/extraction/light/images/ISSERTES_0151_S_1.jpg,OK,0.0045707094004795385,0,,0.0011
ISSERTES_0151_S_2,ISSERTES_0151,2318,/Users/superbg/Documents/IEES/idmybee/data/Bombus/collection/extraction/light/images/ISSERTES_0151_S_2.jpg,OK,0.004588493187779989,0,,0.0010
ISSERTES_0151_S_3,ISSERTES_0151,2319,/Users/superbg/Documents/IEES/idmybee/data/Bombus/collection/extraction/light/images/ISSERTES_0151_S_3.jpg,OK,0.004510081264477106,0,,0.0010
ISSERTES_0152_P_1,ISSERTES_0152,2320,/Users/superbg/Documents/IEES/idmybee/data/Bombus/collection/extraction/light/images/ISSERTES_0152_P_1.jpg,OK,0.0045950840084243135,0,,0.0012
ISSERTES_0152_P_2,ISSERTES_0152,2321,/Users/superbg/Documents/IEES/idmybee/data/Bombus/collection/extraction/light/images/ISSERTES_0152_P_2.jpg,OK,0.004533133890204096,0,,0.0011
ISSERTES_0152_S_1,ISSERTES_0152,2322,/Users/superbg/Documents/IEES/idmybee/data/Bombus/collection/extraction/light/images/ISSERTES_0152_S_1.jpg,OK,0.004599737289513078,0,,0.0011
ISSERTES_0152_S_2,ISSERTES_0152,2323,/Users/superbg/Documents/IEES/idmybee/data/Bombus/collection/extraction/light/images/ISSERTES_0152_S_2.jpg,OK,0.004532534524063071,0,,0.0011
ISSERTES_0152_S_3,ISSERTES_0152,2324,/Users/superbg/Documents/IEES/idmybee/data/Bombus/collection/extraction/light/images/ISSERTES_0152_S_3.jpg,OK,0.004608511010076259,0,,0.0011
ISSERTES_0153_P_1,ISSERTES_0153,2325,/Users/superbg/Documents/IEES/idmybee/data/Bombus/collection/extraction/light/images/ISSERTES_0153_P_1.jpg,OK,0.004814581461829793,0,,0.0011
ISSERTES_0153_P_2,ISSERTES_0153,2326,/Users/superbg/Documents/IEES/idmybee/data/Bombus/collection/extraction/light/images/ISSERTES_0153_P_2.jpg,OK,0.004825359611179097,0,,0.0011
ISSERTES_0153_S_1,ISSERTES_0153,2327,/Users/superbg/Documents/IEES/idmybee/data/Bombus/collection/extraction/light/images/ISSERTES_0153_S_1.jpg,OK,0.004748806025387515,0,,0.0011
ISSERTES_0153_S_2,ISSERTES_0153,2328,/Users/superbg/Documents/IEES/idmybee/data/Bombus/collection/extraction/light/images/ISSERTES_0153_S_2.jpg,OK,0.004747115253396961,0,,0.0011
ISSERTES_0153_S_3,ISSERTES_0153,2329,/Users/superbg/Documents/IEES/idmybee/data/Bombus/collection/extraction/light/images/ISSERTES_0153_S_3.jpg,OK,0.004783451594943928,0,,0.0012
ISSERTES_0154_P_1,ISSERTES_0154,2330,/Users/superbg/Documents/IEES/idmybee/data/Bombus/collection/extraction/light/images/ISSERTES_0154_P_1.jpg,OK,0.004704742065291893,0,,0.0010
ISSERTES_0154_P_2,ISSERTES_0154,2331,/Users/superbg/Documents/IEES/idmybee/data/Bombus/collection/extraction/light/images/ISSERTES_0154_P_2.jpg,OK,0.004702766637800427,0,,0.0010
ISSERTES_0154_S_1,ISSERTES_0154,2332,/Users/superbg/Documents/IEES/idmybee/data/Bombus/collection/extraction/light/images/ISSERTES_0154_S_1.jpg,OK,0.004758859594425573,0,,0.0011
ISSERTES_0154_S_3,ISSERTES_0154,2333,/Users/superbg/Documents/IEES/idmybee/data/Bombus/collection/extraction/light/images/ISSERTES_0154_S_3.jpg,OK,0.004714200873687924,0,,0.0011
ISSERTES_0155_P_1,ISSERTES_0155,2334,/Users/superbg/Documents/IEES/idmybee/data/Bombus/collection/extraction/light/images/ISSERTES_0155_P_1.jpg,OK,0.004412725364610492,0,,0.0011
ISSERTES_0155_P_2,ISSERTES_0155,2335,/Users/superbg/Documents/IEES/idmybee/data/Bombus/collection/extraction/light/images/ISSERTES_0155_P_2.jpg,OK,0.004504985535376226,0,,0.0012
ISSERTES_0155_S_1,ISSERTES_0155,2336,/Users/superbg/Documents/IEES/idmybee/data/Bombus/collection/extraction/light/images/ISSERTES_0155_S_1.jpg,OK,0.004426372910715005,0,,0.0011
ISSERTES_0155_S_2,ISSERTES_0155,2337,/Users/superbg/Documents/IEES/idmybee/data/Bombus/collection/extraction/light/images/ISSERTES_0155_S_2.jpg,OK,0.004449200878848044,0,,0.0010
ISSERTES_0155_S_3,ISSERTES_0155,2338,/Users/superbg/Documents/IEES/idmybee/data/Bombus/collection/extraction/light/images/ISSERTES_0155_S_3.jpg,OK,0.00442413675707375,0,,0.0010
ISSERTES_0156_P_1,ISSERTES_0156,2339,/Users/superbg/Documents/IEES/idmybee/data/Bombus/collection/extraction/light/images/ISSERTES_0156_P_1.jpg,OK,0.004280270374137926,0,,0.0010
ISSERTES_0156_P_2,ISSERTES_0156,2340,/Users/superbg/Documents/IEES/idmybee/data/Bombus/collection/extraction/light/images/ISSERTES_0156_P_2.jpg,OK,0.004311103084864406,0,,0.0010
ISSERTES_0156_S_1,ISSERTES_0156,2341,/Users/superbg/Documents/IEES/idmybee/data/Bombus/collection/extraction/light/images/ISSERTES_0156_S_1.jpg,OK,0.004319600205736914,0,,0.0010
ISSERTES_0156_S_2,ISSERTES_0156,2342,/Users/superbg/Documents/IEES/idmybee/data/Bombus/collection/extraction/light/images/ISSERTES_0156_S_2.jpg,OK,0.004307513377781994,0,,0.0010
ISSERTES_0156_S_3,ISSERTES_0156,2343,/Users/superbg/Documents/IEES/idmybee/data/Bombus/collection/extraction/light/images/ISSERTES_0156_S_3.jpg,OK,0.004277734585665028,0,,0.0010
ISSERTES_0157_P_1,ISSERTES_0157,2344,/Users/superbg/Documents/IEES/idmybee/data/Bombus/collection/extraction/light/images/ISSERTES_0157_P_1.jpg,OK,0.004502404024204782,0,,0.0011
ISSERTES_0157_P_2,ISSERTES_0157,2345,/Users/superbg/Documents/IEES/idmybee/data/Bombus/collection/extraction/light/images/ISSERTES_0157_P_2.jpg,OK,0.00435126432766733,0,,0.0011
ISSERTES_0157_S_1,ISSERTES_0157,2346,/Users/superbg/Documents/IEES/idmybee/data/Bombus/collection/extraction/light/images/ISSERTES_0157_S_1.jpg,OK,0.004415317887046423,0,,0.0010
ISSERTES_0157_S_2,ISSERTES_0157,2347,/Users/superbg/Documents/IEES/idmybee/data/Bombus/collection/extraction/light/images/ISSERTES_0157_S_2.jpg,OK,0.004481489485078028,0,,0.0010
ISSERTES_0157_S_3,ISSERTES_0157,2348,/Users/superbg/Documents/IEES/idmybee/data/Bombus/collection/extraction/light/images/ISSERTES_0157_S_3.jpg,OK,0.004359725752707483,0,,0.0010
ISSERTES_0158_P_1,ISSERTES_0158,2349,/Users/superbg/Documents/IEES/idmybee/data/Bombus/collection/extraction/light/images/ISSERTES_0158_P_1.jpg,OK,0.004565153678161572,0,,0.0011
ISSERTES_0158_P_2,ISSERTES_0158,2350,/Users/superbg/Documents/IEES/idmybee/data/Bombus/collection/extraction/light/images/ISSERTES_0158_P_2.jpg,OK,0.004586685340658752,0,,0.0010
ISSERTES_0158_S_1,ISSERTES_0158,2351,/Users/superbg/Documents/IEES/idmybee/data/Bombus/collection/extraction/light/images/ISSERTES_0158_S_1.jpg,OK,0.004670014269894884,0,,0.0013
ISSERTES_0158_S_2,ISSERTES_0158,2352,/Users/superbg/Documents/IEES/idmybee/data/Bombus/collection/extraction/light/images/ISSERTES_0158_S_2.jpg,OK,0.004629918115465903,0,,0.0011
ISSERTES_0158_S_3,ISSERTES_0158,2353,/Users/superbg/Documents/IEES/idmybee/data/Bombus/collection/extraction/light/images/ISSERTES_0158_S_3.jpg,OK,0.004625262454444524,0,,0.0011
ISSERTES_0159_P_1,ISSERTES_0159,2354,/Users/superbg/Documents/IEES/idmybee/data/Bombus/collection/extraction/light/images/ISSERTES_0159_P_1.jpg,OK,0.004441766294272678,0,,0.0010
ISSERTES_0159_P_2,ISSERTES_0159,2355,/Users/superbg/Documents/IEES/idmybee/data/Bombus/collection/extraction/light/images/ISSERTES_0159_P_2.jpg,OK,0.004444031969000908,0,,0.0010
ISSERTES_0159_S_1,ISSERTES_0159,2356,/Users/superbg/Documents/IEES/idmybee/data/Bombus/collection/extraction/light/images/ISSERTES_0159_S_1.jpg,OK,0.00442933672044574,0,,0.0010
ISSERTES_0159_S_2,ISSERTES_0159,2357,/Users/superbg/Documents/IEES/idmybee/data/Bombus/collection/extraction/light/images/ISSERTES_0159_S_2.jpg,OK,0.004481936252979196,0,,0.0010
ISSERTES_0159_S_3,ISSERTES_0159,2358,/Users/superbg/Documents/IEES/idmybee/data/Bombus/collection/extraction/light/images/ISSERTES_0159_S_3.jpg,OK,0.004479849577277688,1,,0.0010
ISSERTES_0160_P_1,ISSERTES_0160,2359,/Users/superbg/Documents/IEES/idmybee/data/Bombus/collection/extraction/light/images/ISSERTES_0160_P_1.jpg,OK,0.004334890971663467,0,,0.0012
ISSERTES_0160_P_2,ISSERTES_0160,2360,/Users/superbg/Documents/IEES/idmybee/data/Bombus/collection/extraction/light/images/ISSERTES_0160_P_2.jpg,OK,0.004346620509438852,0,,0.0012
ISSERTES_0160_S_1,ISSERTES_0160,2361,/Users/superbg/Documents/IEES/idmybee/data/Bombus/collection/extraction/light/images/ISSERTES_0160_S_1.jpg,OK,0.004326746687708727,0,,0.0010
ISSERTES_0160_S_2,ISSERTES_0160,2362,/Users/superbg/Documents/IEES/idmybee/data/Bombus/collection/extraction/light/images/ISSERTES_0160_S_2.jpg,OK,0.004333732125244427,0,,0.0010
ISSERTES_0160_S_3,ISSERTES_0160,2363,/Users/superbg/Documents/IEES/idmybee/data/Bombus/collection/extraction/light/images/ISSERTES_0160_S_3.jpg,OK,0.004318901172047515,0,,0.0011
ISSERTES_0161_P_1,ISSERTES_0161,2364,/Users/superbg/Documents/IEES/idmybee/data/Bombus/collection/extraction/light/images/ISSERTES_0161_P_1.jpg,OK,0.004655362411918064,0,,0.0011
ISSERTES_0161_P_2,ISSERTES_0161,2365,/Users/superbg/Documents/IEES/idmybee/data/Bombus/collection/extraction/light/images/ISSERTES_0161_P_2.jpg,OK,0.004640185430142937,0,,0.0011
ISSERTES_0161_S_1,ISSERTES_0161,2366,/Users/superbg/Documents/IEES/idmybee/data/Bombus/collection/extraction/light/images/ISSERTES_0161_S_1.jpg,OK,0.004662978210499057,0,,0.0011
ISSERTES_0161_S_2,ISSERTES_0161,2367,/Users/superbg/Documents/IEES/idmybee/data/Bombus/collection/extraction/light/images/ISSERTES_0161_S_2.jpg,OK,0.004682749371970085,0,,0.0011
ISSERTES_0161_S_3,ISSERTES_0161,2368,/Users/superbg/Documents/IEES/idmybee/data/Bombus/collection/extraction/light/images/ISSERTES_0161_S_3.jpg,OK,0.004620604378957712,0,,0.0011
ISSERTES_0162_P_1,ISSERTES_0162,2369,/Users/superbg/Documents/IEES/idmybee/data/Bombus/collection/extraction/light/images/ISSERTES_0162_P_1.jpg,OK,0.004505117326047367,0,,0.0014
ISSERTES_0162_P_2,ISSERTES_0162,2370,/Users/superbg/Documents/IEES/idmybee/data/Bombus/collection/extraction/light/images/ISSERTES_0162_P_2.jpg,OK,0.0045143306865458,0,,0.0061
ISSERTES_0162_S_1,ISSERTES_0162,2371,/Users/superbg/Documents/IEES/idmybee/data/Bombus/collection/extraction/light/images/ISSERTES_0162_S_1.jpg,OK,0.004467166857993156,0,,0.0017
ISSERTES_0162_S_2,ISSERTES_0162,2372,/Users/superbg/Documents/IEES/idmybee/data/Bombus/collection/extraction/light/images/ISSERTES_0162_S_2.jpg,OK,0.004468779100091755,0,,0.0012
ISSERTES_0162_S_3,ISSERTES_0162,2373,/Users/superbg/Documents/IEES/idmybee/data/Bombus/collection/extraction/light/images/ISSERTES_0162_S_3.jpg,OK,0.004475283201348168,0,,0.0013
ISSERTES_0163_P_1,ISSERTES_0163,2374,/Users/superbg/Documents/IEES/idmybee/data/Bombus/collection/extraction/light/images/ISSERTES_0163_P_1.jpg,OK,0.004464635809461879,0,,0.0013
ISSERTES_0163_P_2,ISSERTES_0163,2375,/Users/superbg/Documents/IEES/idmybee/data/Bombus/collection/extraction/light/images/ISSERTES_0163_P_2.jpg,OK,0.004511350325426215,0,,0.0016
ISSERTES_0163_S_1,ISSERTES_0163,2376,/Users/superbg/Documents/IEES/idmybee/data/Bombus/collection/extraction/light/images/ISSERTES_0163_S_1.jpg,OK,0.004523166991928692,0,,0.0013
ISSERTES_0163_S_2,ISSERTES_0163,2377,/Users/superbg/Documents/IEES/idmybee/data/Bombus/collection/extraction/light/images/ISSERTES_0163_S_2.jpg,OK,0.004380278962149394,0,,0.0011
ISSERTES_0163_S_3,ISSERTES_0163,2378,/Users/superbg/Documents/IEES/idmybee/data/Bombus/collection/extraction/light/images/ISSERTES_0163_S_3.jpg,OK,0.0045641141888720285,0,,0.0011
ISSERTES_0164_P_2,ISSERTES_0164,2379,/Users/superbg/Documents/IEES/idmybee/data/Bombus/collection/extraction/light/images/ISSERTES_0164_P_2.jpg,OK,0.004533973593109492,0,,0.0014
ISSERTES_0164_S_2,ISSERTES_0164,2380,/Users/superbg/Documents/IEES/idmybee/data/Bombus/collection/extraction/light/images/ISSERTES_0164_S_2.jpg,OK,0.004557877303133166,0,,0.0012
ISSERTES_0164_S_3,ISSERTES_0164,2381,/Users/superbg/Documents/IEES/idmybee/data/Bombus/collection/extraction/light/images/ISSERTES_0164_S_3.jpg,OK,0.0045457835502726645,0,,0.0010
ISSERTES_0165_P_1,ISSERTES_0165,2382,/Users/superbg/Documents/IEES/idmybee/data/Bombus/collection/extraction/light/images/ISSERTES_0165_P_1.jpg,OK,0.004735697517818172,4,,0.0010
ISSERTES_0165_P_2,ISSERTES_0165,2383,/Users/superbg/Documents/IEES/idmybee/data/Bombus/collection/extraction/light/images/ISSERTES_0165_P_2.jpg,OK,0.004644247212082789,4,,0.0010
ISSERTES_0165_S_1,ISSERTES_0165,2384,/Users/superbg/Documents/IEES/idmybee/data/Bombus/collection/extraction/light/images/ISSERTES_0165_S_1.jpg,OK,0.004616032361031756,2,,0.0010
ISSERTES_0165_S_2,ISSERTES_0165,2385,/Users/superbg/Documents/IEES/idmybee/data/Bombus/collection/extraction/light/images/ISSERTES_0165_S_2.jpg,OK,0.004708973407722545,4,,0.0010
ISSERTES_0165_S_3,ISSERTES_0165,2386,/Users/superbg/Documents/IEES/idmybee/data/Bombus/collection/extraction/light/images/ISSERTES_0165_S_3.jpg,OK,0.004758430412215114,3,,0.0010
ISSERTES_0166_P_1,ISSERTES_0166,2387,/Users/superbg/Documents/IEES/idmybee/data/Bombus/collection/extraction/light/images/ISSERTES_0166_P_1.jpg,OK,0.004333952859364932,0,,0.0010
ISSERTES_0166_P_2,ISSERTES_0166,2388,/Users/superbg/Documents/IEES/idmybee/data/Bombus/collection/extraction/light/images/ISSERTES_0166_P_2.jpg,OK,0.004314280538923491,0,,0.0014
ISSERTES_0166_S_1,ISSERTES_0166,2389,/Users/superbg/Documents/IEES/idmybee/data/Bombus/collection/extraction/light/images/ISSERTES_0166_S_1.jpg,OK,0.0043539033702803655,0,,0.0018
ISSERTES_0166_S_2,ISSERTES_0166,2390,/Users/superbg/Documents/IEES/idmybee/data/Bombus/collection/extraction/light/images/ISSERTES_0166_S_2.jpg,OK,0.004297614158951846,0,,0.0013
ISSERTES_0166_S_3,ISSERTES_0166,2391,/Users/superbg/Documents/IEES/idmybee/data/Bombus/collection/extraction/light/images/ISSERTES_0166_S_3.jpg,OK,0.004413296165630007,0,,0.0010
ISSERTES_0167_P_1,ISSERTES_0167,2392,/Users/superbg/Documents/IEES/idmybee/data/Bombus/collection/extraction/light/images/ISSERTES_0167_P_1.jpg,OK,0.004649014371128245,0,,0.0011
ISSERTES_0167_P_2,ISSERTES_0167,2393,/Users/superbg/Documents/IEES/idmybee/data/Bombus/collection/extraction/light/images/ISSERTES_0167_P_2.jpg,OK,0.004634885684591702,0,,0.0011
ISSERTES_0167_S_1,ISSERTES_0167,2394,/Users/superbg/Documents/IEES/idmybee/data/Bombus/collection/extraction/light/images/ISSERTES_0167_S_1.jpg,OK,0.0046146398467089185,0,,0.0012
ISSERTES_0167_S_2,ISSERTES_0167,2395,/Users/superbg/Documents/IEES/idmybee/data/Bombus/collection/extraction/light/images/ISSERTES_0167_S_2.jpg,OK,0.004599906430917425,0,,0.0009
ISSERTES_0168_P_1,ISSERTES_0168,2396,/Users/superbg/Documents/IEES/idmybee/data/Bombus/collection/extraction/light/images/ISSERTES_0168_P_1.jpg,OK,0.00449954341561655,0,,0.0010
ISSERTES_0168_P_2,ISSERTES_0168,2397,/Users/superbg/Documents/IEES/idmybee/data/Bombus/collection/extraction/light/images/ISSERTES_0168_P_2.jpg,OK,0.004489851371464747,0,,0.0010
ISSERTES_0168_S_1,ISSERTES_0168,2398,/Users/superbg/Documents/IEES/idmybee/data/Bombus/collection/extraction/light/images/ISSERTES_0168_S_1.jpg,OK,0.004413933865897774,0,,0.0010
ISSERTES_0168_S_2,ISSERTES_0168,2399,/Users/superbg/Documents/IEES/idmybee/data/Bombus/collection/extraction/light/images/ISSERTES_0168_S_2.jpg,OK,0.00439441054223384,0,,0.0011
ISSERTES_0168_S_3,ISSERTES_0168,2400,/Users/superbg/Documents/IEES/idmybee/data/Bombus/collection/extraction/light/images/ISSERTES_0168_S_3.jpg,OK,0.004410393544041689,0,,0.0010
ISSERTES_0169_P_1,ISSERTES_0169,2401,/Users/superbg/Documents/IEES/idmybee/data/Bombus/collection/extraction/light/images/ISSERTES_0169_P_1.jpg,OK,0.004651061902597696,0,,0.0010
ISSERTES_0169_P_2,ISSERTES_0169,2402,/Users/superbg/Documents/IEES/idmybee/data/Bombus/collection/extraction/light/images/ISSERTES_0169_P_2.jpg,OK,0.004624278012495212,0,,0.0010
ISSERTES_0169_S_1,ISSERTES_0169,2403,/Users/superbg/Documents/IEES/idmybee/data/Bombus/collection/extraction/light/images/ISSERTES_0169_S_1.jpg,OK,0.004786888199140608,0,,0.0010
ISSERTES_0169_S_2,ISSERTES_0169,2404,/Users/superbg/Documents/IEES/idmybee/data/Bombus/collection/extraction/light/images/ISSERTES_0169_S_2.jpg,OK,0.004746161082588723,0,,0.0011
ISSERTES_0169_S_3,ISSERTES_0169,2405,/Users/superbg/Documents/IEES/idmybee/data/Bombus/collection/extraction/light/images/ISSERTES_0169_S_3.jpg,OK,0.0047604747225405575,0,,0.0011
ISSERTES_0170_P_1,ISSERTES_0170,2406,/Users/superbg/Documents/IEES/idmybee/data/Bombus/collection/extraction/light/images/ISSERTES_0170_P_1.jpg,OK,0.004402019609408554,0,,0.0011
ISSERTES_0170_P_2,ISSERTES_0170,2407,/Users/superbg/Documents/IEES/idmybee/data/Bombus/collection/extraction/light/images/ISSERTES_0170_P_2.jpg,OK,0.004405874370524186,0,,0.0011
ISSERTES_0170_S_1,ISSERTES_0170,2408,/Users/superbg/Documents/IEES/idmybee/data/Bombus/collection/extraction/light/images/ISSERTES_0170_S_1.jpg,OK,0.004440559677920471,0,,0.0009
ISSERTES_0170_S_2,ISSERTES_0170,2409,/Users/superbg/Documents/IEES/idmybee/data/Bombus/collection/extraction/light/images/ISSERTES_0170_S_2.jpg,OK,0.004419587718582993,0,,0.0010
ISSERTES_0170_S_3,ISSERTES_0170,2410,/Users/superbg/Documents/IEES/idmybee/data/Bombus/collection/extraction/light/images/ISSERTES_0170_S_3.jpg,OK,0.004456731306284605,0,,0.0010
ISSERTES_0171_P_1,ISSERTES_0171,2411,/Users/superbg/Documents/IEES/idmybee/data/Bombus/collection/extraction/light/images/ISSERTES_0171_P_1.jpg,OK,0.004639813293523404,0,,0.0010
ISSERTES_0171_P_2,ISSERTES_0171,2412,/Users/superbg/Documents/IEES/idmybee/data/Bombus/collection/extraction/light/images/ISSERTES_0171_P_2.jpg,OK,0.00465053218023034,0,,0.0010
ISSERTES_0171_S_1,ISSERTES_0171,2413,/Users/superbg/Documents/IEES/idmybee/data/Bombus/collection/extraction/light/images/ISSERTES_0171_S_1.jpg,OK,0.004591749482490795,0,,0.0011
ISSERTES_0171_S_2,ISSERTES_0171,2414,/Users/superbg/Documents/IEES/idmybee/data/Bombus/collection/extraction/light/images/ISSERTES_0171_S_2.jpg,OK,0.004600455196451631,0,,0.0010
ISSERTES_0171_S_3,ISSERTES_0171,2415,/Users/superbg/Documents/IEES/idmybee/data/Bombus/collection/extraction/light/images/ISSERTES_0171_S_3.jpg,OK,0.00464751852628592,0,,0.0012
ISSERTES_0172_P_1,ISSERTES_0172,2416,/Users/superbg/Documents/IEES/idmybee/data/Bombus/collection/extraction/light/images/ISSERTES_0172_P_1.jpg,OK,0.0045319409550816005,0,,0.0012
ISSERTES_0172_P_2,ISSERTES_0172,2417,/Users/superbg/Documents/IEES/idmybee/data/Bombus/collection/extraction/light/images/ISSERTES_0172_P_2.jpg,OK,0.004533359853886997,0,,0.0011
ISSERTES_0172_S_1,ISSERTES_0172,2418,/Users/superbg/Documents/IEES/idmybee/data/Bombus/collection/extraction/light/images/ISSERTES_0172_S_1.jpg,OK,0.004631392424587098,0,,0.0010
ISSERTES_0172_S_2,ISSERTES_0172,2419,/Users/superbg/Documents/IEES/idmybee/data/Bombus/collection/extraction/light/images/ISSERTES_0172_S_2.jpg,OK,0.004615880252356452,0,,0.0010
ISSERTES_0172_S_3,ISSERTES_0172,2420,/Users/superbg/Documents/IEES/idmybee/data/Bombus/collection/extraction/light/images/ISSERTES_0172_S_3.jpg,OK,0.0045695333067437525,0,,0.0010
ISSERTES_0173_P_1,ISSERTES_0173,2421,/Users/superbg/Documents/IEES/idmybee/data/Bombus/collection/extraction/light/images/ISSERTES_0173_P_1.jpg,OK,0.004402012497219164,0,,0.0010
ISSERTES_0173_P_2,ISSERTES_0173,2422,/Users/superbg/Documents/IEES/idmybee/data/Bombus/collection/extraction/light/images/ISSERTES_0173_P_2.jpg,OK,0.0043434313555851456,0,,0.0010
ISSERTES_0173_S_1,ISSERTES_0173,2423,/Users/superbg/Documents/IEES/idmybee/data/Bombus/collection/extraction/light/images/ISSERTES_0173_S_1.jpg,OK,0.00429970030703607,0,,0.0010
ISSERTES_0173_S_2,ISSERTES_0173,2424,/Users/superbg/Documents/IEES/idmybee/data/Bombus/collection/extraction/light/images/ISSERTES_0173_S_2.jpg,OK,0.004330151204695584,0,,0.0010
ISSERTES_0173_S_3,ISSERTES_0173,2425,/Users/superbg/Documents/IEES/idmybee/data/Bombus/collection/extraction/light/images/ISSERTES_0173_S_3.jpg,OK,0.004393501844292563,0,,0.0010
ISSERTES_0174_P_1,ISSERTES_0174,2426,/Users/superbg/Documents/IEES/idmybee/data/Bombus/collection/extraction/light/images/ISSERTES_0174_P_1.jpg,OK,0.004260001802197366,0,,0.0010
ISSERTES_0174_P_2,ISSERTES_0174,2427,/Users/superbg/Documents/IEES/idmybee/data/Bombus/collection/extraction/light/images/ISSERTES_0174_P_2.jpg,OK,0.004225723258719616,0,,0.0011
ISSERTES_0174_S_1,ISSERTES_0174,2428,/Users/superbg/Documents/IEES/idmybee/data/Bombus/collection/extraction/light/images/ISSERTES_0174_S_1.jpg,OK,0.004232711741762679,0,,0.0010
ISSERTES_0174_S_2,ISSERTES_0174,2429,/Users/superbg/Documents/IEES/idmybee/data/Bombus/collection/extraction/light/images/ISSERTES_0174_S_2.jpg,OK,0.004239218816375719,0,,0.0010
ISSERTES_0174_S_3,ISSERTES_0174,2430,/Users/superbg/Documents/IEES/idmybee/data/Bombus/collection/extraction/light/images/ISSERTES_0174_S_3.jpg,OK,0.004226553519102716,0,,0.0010
ISSERTES_0175_P_1,ISSERTES_0175,2431,/Users/superbg/Documents/IEES/idmybee/data/Bombus/collection/extraction/light/images/ISSERTES_0175_P_1.jpg,OK,0.004382055552239417,0,,0.0010
ISSERTES_0175_P_2,ISSERTES_0175,2432,/Users/superbg/Documents/IEES/idmybee/data/Bombus/collection/extraction/light/images/ISSERTES_0175_P_2.jpg,OK,0.004325389554324093,0,,0.0010
ISSERTES_0175_S_1,ISSERTES_0175,2433,/Users/superbg/Documents/IEES/idmybee/data/Bombus/collection/extraction/light/images/ISSERTES_0175_S_1.jpg,OK,0.004341197649017423,0,,0.0011
ISSERTES_0175_S_2,ISSERTES_0175,2434,/Users/superbg/Documents/IEES/idmybee/data/Bombus/collection/extraction/light/images/ISSERTES_0175_S_2.jpg,OK,0.004361883073696372,0,,0.0010
ISSERTES_0175_S_3,ISSERTES_0175,2435,/Users/superbg/Documents/IEES/idmybee/data/Bombus/collection/extraction/light/images/ISSERTES_0175_S_3.jpg,OK,0.004328500744751123,0,,0.0011
ISSERTES_0176_P_1,ISSERTES_0176,2436,/Users/superbg/Documents/IEES/idmybee/data/Bombus/collection/extraction/light/images/ISSERTES_0176_P_1.jpg,OK,0.004788442712931108,1,,0.0010
ISSERTES_0176_P_2,ISSERTES_0176,2437,/Users/superbg/Documents/IEES/idmybee/data/Bombus/collection/extraction/light/images/ISSERTES_0176_P_2.jpg,OK,0.004783806397857342,1,,0.0011
ISSERTES_0176_S_1,ISSERTES_0176,2438,/Users/superbg/Documents/IEES/idmybee/data/Bombus/collection/extraction/light/images/ISSERTES_0176_S_1.jpg,OK,0.004818680758801152,0,,0.0010
ISSERTES_0176_S_2,ISSERTES_0176,2439,/Users/superbg/Documents/IEES/idmybee/data/Bombus/collection/extraction/light/images/ISSERTES_0176_S_2.jpg,OK,0.0048172075260086945,1,,0.0010
ISSERTES_0176_S_3,ISSERTES_0176,2440,/Users/superbg/Documents/IEES/idmybee/data/Bombus/collection/extraction/light/images/ISSERTES_0176_S_3.jpg,OK,0.0048716806121527605,0,,0.0010
ISSERTES_0177_P_1,ISSERTES_0177,2441,/Users/superbg/Documents/IEES/idmybee/data/Bombus/collection/extraction/light/images/ISSERTES_0177_P_1.jpg,OK,0.004489653931358445,1,,0.0010
ISSERTES_0177_P_2,ISSERTES_0177,2442,/Users/superbg/Documents/IEES/idmybee/data/Bombus/collection/extraction/light/images/ISSERTES_0177_P_2.jpg,OK,0.004443421493230394,1,,0.0010
ISSERTES_0177_S_1,ISSERTES_0177,2443,/Users/superbg/Documents/IEES/idmybee/data/Bombus/collection/extraction/light/images/ISSERTES_0177_S_1.jpg,OK,0.0044009362479798565,1,,0.0010
ISSERTES_0177_S_2,ISSERTES_0177,2444,/Users/superbg/Documents/IEES/idmybee/data/Bombus/collection/extraction/light/images/ISSERTES_0177_S_2.jpg,OK,0.004441144662430135,1,,0.0010
ISSERTES_0177_S_3,ISSERTES_0177,2445,/Users/superbg/Documents/IEES/idmybee/data/Bombus/collection/extraction/light/images/ISSERTES_0177_S_3.jpg,OK,0.004436414431715195,1,,0.0010
ISSERTES_0178_P_1,ISSERTES_0178,2446,/Users/superbg/Documents/IEES/idmybee/data/Bombus/collection/extraction/light/images/ISSERTES_0178_P_1.jpg,OK,0.004596499064638543,0,,0.0011
ISSERTES_0178_P_2,ISSERTES_0178,2447,/Users/superbg/Documents/IEES/idmybee/data/Bombus/collection/extraction/light/images/ISSERTES_0178_P_2.jpg,OK,0.004600643169128161,0,,0.0010
ISSERTES_0178_S_1,ISSERTES_0178,2448,/Users/superbg/Documents/IEES/idmybee/data/Bombus/collection/extraction/light/images/ISSERTES_0178_S_1.jpg,OK,0.004583812152148458,0,,0.0010
ISSERTES_0178_S_2,ISSERTES_0178,2449,/Users/superbg/Documents/IEES/idmybee/data/Bombus/collection/extraction/light/images/ISSERTES_0178_S_2.jpg,OK,0.004600922480513875,0,,0.0011
ISSERTES_0178_S_3,ISSERTES_0178,2450,/Users/superbg/Documents/IEES/idmybee/data/Bombus/collection/extraction/light/images/ISSERTES_0178_S_3.jpg,OK,0.004601030068674595,0,,0.0010
ISSERTES_0179_P_1,ISSERTES_0179,2451,/Users/superbg/Documents/IEES/idmybee/data/Bombus/collection/extraction/light/images/ISSERTES_0179_P_1.jpg,OK,0.004599537644600148,0,,0.0010
ISSERTES_0179_P_2,ISSERTES_0179,2452,/Users/superbg/Documents/IEES/idmybee/data/Bombus/collection/extraction/light/images/ISSERTES_0179_P_2.jpg,OK,0.004629894073059445,0,,0.0009
ISSERTES_0179_S_1,ISSERTES_0179,2453,/Users/superbg/Documents/IEES/idmybee/data/Bombus/collection/extraction/light/images/ISSERTES_0179_S_1.jpg,OK,0.0046016902784408115,0,,0.0009
ISSERTES_0179_S_3,ISSERTES_0179,2454,/Users/superbg/Documents/IEES/idmybee/data/Bombus/collection/extraction/light/images/ISSERTES_0179_S_3.jpg,OK,0.004594005776353846,0,,0.0009
ISSERTES_0180_P_1,ISSERTES_0180,2455,/Users/superbg/Documents/IEES/idmybee/data/Bombus/collection/extraction/light/images/ISSERTES_0180_P_1.jpg,OK,0.004760762918278366,0,,0.0011
ISSERTES_0180_P_2,ISSERTES_0180,2456,/Users/superbg/Documents/IEES/idmybee/data/Bombus/collection/extraction/light/images/ISSERTES_0180_P_2.jpg,OK,0.004781852405786159,0,,0.0011
ISSERTES_0180_S_1,ISSERTES_0180,2457,/Users/superbg/Documents/IEES/idmybee/data/Bombus/collection/extraction/light/images/ISSERTES_0180_S_1.jpg,OK,0.004783262530760504,0,,0.0011
ISSERTES_0180_S_2,ISSERTES_0180,2458,/Users/superbg/Documents/IEES/idmybee/data/Bombus/collection/extraction/light/images/ISSERTES_0180_S_2.jpg,OK,0.00475217447112658,0,,0.0011
ISSERTES_0180_S_3,ISSERTES_0180,2459,/Users/superbg/Documents/IEES/idmybee/data/Bombus/collection/extraction/light/images/ISSERTES_0180_S_3.jpg,OK,0.004736042397848605,0,,0.0010
ISSERTES_0181_P_1,ISSERTES_0181,2460,/Users/superbg/Documents/IEES/idmybee/data/Bombus/collection/extraction/light/images/ISSERTES_0181_P_1.jpg,OK,0.004539964547812865,0,,0.0010
ISSERTES_0181_P_2,ISSERTES_0181,2461,/Users/superbg/Documents/IEES/idmybee/data/Bombus/collection/extraction/light/images/ISSERTES_0181_P_2.jpg,OK,0.004538944093986664,0,,0.0010
ISSERTES_0181_S_1,ISSERTES_0181,2462,/Users/superbg/Documents/IEES/idmybee/data/Bombus/collection/extraction/light/images/ISSERTES_0181_S_1.jpg,OK,0.004638552084354884,0,,0.0010
ISSERTES_0181_S_3,ISSERTES_0181,2463,/Users/superbg/Documents/IEES/idmybee/data/Bombus/collection/extraction/light/images/ISSERTES_0181_S_3.jpg,OK,0.004618507138012762,0,,0.0010
ISSERTES_0182_P_1,ISSERTES_0182,2464,/Users/superbg/Documents/IEES/idmybee/data/Bombus/collection/extraction/light/images/ISSERTES_0182_P_1.jpg,OK,0.0045655426597406195,0,,0.0015
ISSERTES_0182_P_2,ISSERTES_0182,2465,/Users/superbg/Documents/IEES/idmybee/data/Bombus/collection/extraction/light/images/ISSERTES_0182_P_2.jpg,OK,0.004553475940533404,0,,0.0010
ISSERTES_0182_S_1,ISSERTES_0182,2466,/Users/superbg/Documents/IEES/idmybee/data/Bombus/collection/extraction/light/images/ISSERTES_0182_S_1.jpg,OK,0.00449137374344296,0,,0.0011
ISSERTES_0182_S_2,ISSERTES_0182,2467,/Users/superbg/Documents/IEES/idmybee/data/Bombus/collection/extraction/light/images/ISSERTES_0182_S_2.jpg,FAILED,inf,,"17 landmarks, 18 expected",0.0000
ISSERTES_0182_S_3,ISSERTES_0182,2468,/Users/superbg/Documents/IEES/idmybee/data/Bombus/collection/extraction/light/images/ISSERTES_0182_S_3.jpg,OK,0.0044833049438030535,0,,0.0011
ISSERTES_0183_P_1,ISSERTES_0183,2469,/Users/superbg/Documents/IEES/idmybee/data/Bombus/collection/extraction/light/images/ISSERTES_0183_P_1.jpg,OK,0.004954494770016784,0,,0.0011
ISSERTES_0183_P_2,ISSERTES_0183,2470,/Users/superbg/Documents/IEES/idmybee/data/Bombus/collection/extraction/light/images/ISSERTES_0183_P_2.jpg,OK,0.004879804791951948,0,,0.0012
ISSERTES_0183_S_1,ISSERTES_0183,2471,/Users/superbg/Documents/IEES/idmybee/data/Bombus/collection/extraction/light/images/ISSERTES_0183_S_1.jpg,OK,0.004837872693976357,0,,0.0011
ISSERTES_0183_S_2,ISSERTES_0183,2472,/Users/superbg/Documents/IEES/idmybee/data/Bombus/collection/extraction/light/images/ISSERTES_0183_S_2.jpg,OK,0.00486576646720874,0,,0.0010
ISSERTES_0183_S_3,ISSERTES_0183,2473,/Users/superbg/Documents/IEES/idmybee/data/Bombus/collection/extraction/light/images/ISSERTES_0183_S_3.jpg,OK,0.004860440643167398,0,,0.0011
ISSERTES_0184_P_1,ISSERTES_0184,2474,/Users/superbg/Documents/IEES/idmybee/data/Bombus/collection/extraction/light/images/ISSERTES_0184_P_1.jpg,OK,0.004721489783102444,0,,0.0010
ISSERTES_0184_P_2,ISSERTES_0184,2475,/Users/superbg/Documents/IEES/idmybee/data/Bombus/collection/extraction/light/images/ISSERTES_0184_P_2.jpg,OK,0.004684417252024659,0,,0.0010
ISSERTES_0184_S_1,ISSERTES_0184,2476,/Users/superbg/Documents/IEES/idmybee/data/Bombus/collection/extraction/light/images/ISSERTES_0184_S_1.jpg,OK,0.004750210322580908,0,,0.0009
ISSERTES_0184_S_2,ISSERTES_0184,2477,/Users/superbg/Documents/IEES/idmybee/data/Bombus/collection/extraction/light/images/ISSERTES_0184_S_2.jpg,OK,0.004693289029892415,0,,0.0011
ISSERTES_0184_S_3,ISSERTES_0184,2478,/Users/superbg/Documents/IEES/idmybee/data/Bombus/collection/extraction/light/images/ISSERTES_0184_S_3.jpg,OK,0.00478020415098048,0,,0.0010
ISSERTES_0185_P_1,ISSERTES_0185,2479,/Users/superbg/Documents/IEES/idmybee/data/Bombus/collection/extraction/light/images/ISSERTES_0185_P_1.jpg,OK,0.0046615866619668525,0,,0.0010
ISSERTES_0185_P_2,ISSERTES_0185,2480,/Users/superbg/Documents/IEES/idmybee/data/Bombus/collection/extraction/light/images/ISSERTES_0185_P_2.jpg,OK,0.004708196694146581,0,,0.0010
ISSERTES_0185_S_1,ISSERTES_0185,2481,/Users/superbg/Documents/IEES/idmybee/data/Bombus/collection/extraction/light/images/ISSERTES_0185_S_1.jpg,OK,0.004655732483906498,0,,0.0010
ISSERTES_0185_S_2,ISSERTES_0185,2482,/Users/superbg/Documents/IEES/idmybee/data/Bombus/collection/extraction/light/images/ISSERTES_0185_S_2.jpg,OK,0.004724074494934689,0,,0.0010
ISSERTES_0185_S_3,ISSERTES_0185,2483,/Users/superbg/Documents/IEES/idmybee/data/Bombus/collection/extraction/light/images/ISSERTES_0185_S_3.jpg,OK,0.004678488765892192,0,,0.0010
ISSERTES_0186_P_1,ISSERTES_0186,2484,/Users/superbg/Documents/IEES/idmybee/data/Bombus/collection/extraction/light/images/ISSERTES_0186_P_1.jpg,OK,0.004277396294376051,0,,0.0011
ISSERTES_0186_P_2,ISSERTES_0186,2485,/Users/superbg/Documents/IEES/idmybee/data/Bombus/collection/extraction/light/images/ISSERTES_0186_P_2.jpg,OK,0.00432559389310838,0,,0.0009
ISSERTES_0186_S_1,ISSERTES_0186,2486,/Users/superbg/Documents/IEES/idmybee/data/Bombus/collection/extraction/light/images/ISSERTES_0186_S_1.jpg,OK,0.004373064502493147,0,,0.0012
ISSERTES_0186_S_2,ISSERTES_0186,2487,/Users/superbg/Documents/IEES/idmybee/data/Bombus/collection/extraction/light/images/ISSERTES_0186_S_2.jpg,OK,0.004290871064492723,0,,0.0011
ISSERTES_0186_S_3,ISSERTES_0186,2488,/Users/superbg/Documents/IEES/idmybee/data/Bombus/collection/extraction/light/images/ISSERTES_0186_S_3.jpg,OK,0.00428794132379983,0,,0.0009
ISSERTES_0187_P_1,ISSERTES_0187,2489,/Users/superbg/Documents/IEES/idmybee/data/Bombus/collection/extraction/light/images/ISSERTES_0187_P_1.jpg,OK,0.004265031588483661,0,,0.0010
ISSERTES_0187_P_2,ISSERTES_0187,2490,/Users/superbg/Documents/IEES/idmybee/data/Bombus/collection/extraction/light/images/ISSERTES_0187_P_2.jpg,OK,0.004281547806305012,0,,0.0009
ISSERTES_0187_S_1,ISSERTES_0187,2491,/Users/superbg/Documents/IEES/idmybee/data/Bombus/collection/extraction/light/images/ISSERTES_0187_S_1.jpg,OK,0.0042525380780272775,0,,0.0010
ISSERTES_0187_S_2,ISSERTES_0187,2492,/Users/superbg/Documents/IEES/idmybee/data/Bombus/collection/extraction/light/images/ISSERTES_0187_S_2.jpg,OK,0.004281360371890004,0,,0.0011
ISSERTES_0187_S_3,ISSERTES_0187,2493,/Users/superbg/Documents/IEES/idmybee/data/Bombus/collection/extraction/light/images/ISSERTES_0187_S_3.jpg,OK,0.004296114068687824,0,,0.0010
ISSERTES_0188_P_1,ISSERTES_0188,2494,/Users/superbg/Documents/IEES/idmybee/data/Bombus/collection/extraction/light/images/ISSERTES_0188_P_1.jpg,OK,0.004474759829640331,0,,0.0010
ISSERTES_0188_P_2,ISSERTES_0188,2495,/Users/superbg/Documents/IEES/idmybee/data/Bombus/collection/extraction/light/images/ISSERTES_0188_P_2.jpg,OK,0.004470185449273686,0,,0.0011
ISSERTES_0188_S_1,ISSERTES_0188,2496,/Users/superbg/Documents/IEES/idmybee/data/Bombus/collection/extraction/light/images/ISSERTES_0188_S_1.jpg,OK,0.00445044997539789,0,,0.0011
ISSERTES_0188_S_2,ISSERTES_0188,2497,/Users/superbg/Documents/IEES/idmybee/data/Bombus/collection/extraction/light/images/ISSERTES_0188_S_2.jpg,OK,0.004454608824487816,0,,0.0010
ISSERTES_0188_S_3,ISSERTES_0188,2498,/Users/superbg/Documents/IEES/idmybee/data/Bombus/collection/extraction/light/images/ISSERTES_0188_S_3.jpg,OK,0.004539783638141477,0,,0.0010
ISSERTES_0189_P_1,ISSERTES_0189,2499,/Users/superbg/Documents/IEES/idmybee/data/Bombus/collection/extraction/light/images/ISSERTES_0189_P_1.jpg,OK,0.004684438740447492,0,,0.0010
ISSERTES_0189_P_2,ISSERTES_0189,2500,/Users/superbg/Documents/IEES/idmybee/data/Bombus/collection/extraction/light/images/ISSERTES_0189_P_2.jpg,OK,0.004694401931740797,0,,0.0010
ISSERTES_0189_S_1,ISSERTES_0189,2501,/Users/superbg/Documents/IEES/idmybee/data/Bombus/collection/extraction/light/images/ISSERTES_0189_S_1.jpg,OK,0.0045774100904458145,0,,0.0010
ISSERTES_0189_S_2,ISSERTES_0189,2502,/Users/superbg/Documents/IEES/idmybee/data/Bombus/collection/extraction/light/images/ISSERTES_0189_S_2.jpg,OK,0.004646770174995723,0,,0.0010
ISSERTES_0189_S_3,ISSERTES_0189,2503,/Users/superbg/Documents/IEES/idmybee/data/Bombus/collection/extraction/light/images/ISSERTES_0189_S_3.jpg,OK,0.004616244379021348,0,,0.0010
ISSERTES_0194_P_1,ISSERTES_0194,2504,/Users/superbg/Documents/IEES/idmybee/data/Bombus/collection/extraction/light/images/ISSERTES_0194_P_1.jpg,OK,0.004374698461864104,0,,0.0010
ISSERTES_0194_P_2,ISSERTES_0194,2505,/Users/superbg/Documents/IEES/idmybee/data/Bombus/collection/extraction/light/images/ISSERTES_0194_P_2.jpg,OK,0.004366761652358579,0,,0.0010
ISSERTES_0194_S_1,ISSERTES_0194,2506,/Users/superbg/Documents/IEES/idmybee/data/Bombus/collection/extraction/light/images/ISSERTES_0194_S_1.jpg,OK,0.004285040607775934,0,,0.0010
ISSERTES_0194_S_2,ISSERTES_0194,2507,/Users/superbg/Documents/IEES/idmybee/data/Bombus/collection/extraction/light/images/ISSERTES_0194_S_2.jpg,OK,0.004276603020157148,0,,0.0010
ISSERTES_0194_S_3,ISSERTES_0194,2508,/Users/superbg/Documents/IEES/idmybee/data/Bombus/collection/extraction/light/images/ISSERTES_0194_S_3.jpg,OK,0.0042238367853509404,0,,0.0010
ISSERTES_0195_P_1,ISSERTES_0195,2509,/Users/superbg/Documents/IEES/idmybee/data/Bombus/collection/extraction/light/images/ISSERTES_0195_P_1.jpg,OK,0.004921426739731107,0,,0.0010
ISSERTES_0195_P_2,ISSERTES_0195,2510,/Users/superbg/Documents/IEES/idmybee/data/Bombus/collection/extraction/light/images/ISSERTES_0195_P_2.jpg,OK,0.004697696169610092,0,,0.0010
ISSERTES_0195_S_1,ISSERTES_0195,2511,/Users/superbg/Documents/IEES/idmybee/data/Bombus/collection/extraction/light/images/ISSERTES_0195_S_1.jpg,OK,0.004798588350233956,0,,0.0010
ISSERTES_0195_S_2,ISSERTES_0195,2512,/Users/superbg/Documents/IEES/idmybee/data/Bombus/collection/extraction/light/images/ISSERTES_0195_S_2.jpg,OK,0.004883885154175472,0,,0.0011
ISSERTES_0195_S_3,ISSERTES_0195,2513,/Users/superbg/Documents/IEES/idmybee/data/Bombus/collection/extraction/light/images/ISSERTES_0195_S_3.jpg,OK,0.004818500519303825,0,,0.0010
ISSERTES_0196_P_1,ISSERTES_0196,2514,/Users/superbg/Documents/IEES/idmybee/data/Bombus/collection/extraction/light/images/ISSERTES_0196_P_1.jpg,OK,0.004435324809478959,0,,0.0011
ISSERTES_0196_P_2,ISSERTES_0196,2515,/Users/superbg/Documents/IEES/idmybee/data/Bombus/collection/extraction/light/images/ISSERTES_0196_P_2.jpg,OK,0.004448644057359303,0,,0.0011
ISSERTES_0196_S_1,ISSERTES_0196,2516,/Users/superbg/Documents/IEES/idmybee/data/Bombus/collection/extraction/light/images/ISSERTES_0196_S_1.jpg,OK,0.004471189898252376,0,,0.0011
ISSERTES_0196_S_2,ISSERTES_0196,2517,/Users/superbg/Documents/IEES/idmybee/data/Bombus/collection/extraction/light/images/ISSERTES_0196_S_2.jpg,OK,0.004468521593150903,0,,0.0010
ISSERTES_0196_S_3,ISSERTES_0196,2518,/Users/superbg/Documents/IEES/idmybee/data/Bombus/collection/extraction/light/images/ISSERTES_0196_S_3.jpg,OK,0.004442918801852884,0,,0.0012
ISSERTES_0197_P_1,ISSERTES_0197,2519,/Users/superbg/Documents/IEES/idmybee/data/Bombus/collection/extraction/light/images/ISSERTES_0197_P_1.jpg,OK,0.004404845329549947,0,,0.0010
ISSERTES_0197_P_2,ISSERTES_0197,2520,/Users/superbg/Documents/IEES/idmybee/data/Bombus/collection/extraction/light/images/ISSERTES_0197_P_2.jpg,OK,0.00432856071607621,0,,0.0011
ISSERTES_0197_S_1,ISSERTES_0197,2521,/Users/superbg/Documents/IEES/idmybee/data/Bombus/collection/extraction/light/images/ISSERTES_0197_S_1.jpg,OK,0.0043702503572038386,0,,0.0011
ISSERTES_0197_S_2,ISSERTES_0197,2522,/Users/superbg/Documents/IEES/idmybee/data/Bombus/collection/extraction/light/images/ISSERTES_0197_S_2.jpg,OK,0.004364257785392938,0,,0.0011
ISSERTES_0197_S_3,ISSERTES_0197,2523,/Users/superbg/Documents/IEES/idmybee/data/Bombus/collection/extraction/light/images/ISSERTES_0197_S_3.jpg,OK,0.004344544432993287,0,,0.0011
ISSERTES_0198_P_1,ISSERTES_0198,2524,/Users/superbg/Documents/IEES/idmybee/data/Bombus/collection/extraction/light/images/ISSERTES_0198_P_1.jpg,SUSPECT,0.008142983237028938,17,,0.0015
ISSERTES_0198_P_2,ISSERTES_0198,2525,/Users/superbg/Documents/IEES/idmybee/data/Bombus/collection/extraction/light/images/ISSERTES_0198_P_2.jpg,SUSPECT,0.005940878305767724,12,,0.0013
ISSERTES_0198_S_1,ISSERTES_0198,2526,/Users/superbg/Documents/IEES/idmybee/data/Bombus/collection/extraction/light/images/ISSERTES_0198_S_1.jpg,OK,0.004704486783069862,0,,0.0009
ISSERTES_0198_S_2,ISSERTES_0198,2527,/Users/superbg/Documents/IEES/idmybee/data/Bombus/collection/extraction/light/images/ISSERTES_0198_S_2.jpg,OK,0.004549072139530294,0,,0.0010
ISSERTES_0198_S_3,ISSERTES_0198,2528,/Users/superbg/Documents/IEES/idmybee/data/Bombus/collection/extraction/light/images/ISSERTES_0198_S_3.jpg,OK,0.004710924607851089,0,,0.0010
OPIE_0001_P_1,OPIE_0001,2529,/Users/superbg/Documents/IEES/idmybee/data/Bombus/collection/extraction/light/images/OPIE_0001_P_1.jpg,OK,0.004630635375256599,0,,0.0011
OPIE_0001_P_2,OPIE_0001,2530,/Users/superbg/Documents/IEES/idmybee/data/Bombus/collection/extraction/light/images/OPIE_0001_P_2.jpg,OK,0.00466915225612751,0,,0.0011
OPIE_0001_S_1,OPIE_0001,2531,/Users/superbg/Documents/IEES/idmybee/data/Bombus/collection/extraction/light/images/OPIE_0001_S_1.jpg,OK,0.00460521195961652,0,,0.0010
OPIE_0001_S_2,OPIE_0001,2532,/Users/superbg/Documents/IEES/idmybee/data/Bombus/collection/extraction/light/images/OPIE_0001_S_2.jpg,OK,0.004662327495143887,0,,0.0010
OPIE_0001_S_3,OPIE_0001,2533,/Users/superbg/Documents/IEES/idmybee/data/Bombus/collection/extraction/light/images/OPIE_0001_S_3.jpg,OK,0.004677828220757862,0,,0.0010
OPIE_0002_P_1,OPIE_0002,2534,/Users/superbg/Documents/IEES/idmybee/data/Bombus/collection/extraction/light/images/OPIE_0002_P_1.jpg,OK,0.004741477325293509,0,,0.0011
OPIE_0002_P_2,OPIE_0002,2535,/Users/superbg/Documents/IEES/idmybee/data/Bombus/collection/extraction/light/images/OPIE_0002_P_2.jpg,OK,0.00474633155688636,0,,0.0011
OPIE_0002_S_1,OPIE_0002,2536,/Users/superbg/Documents/IEES/idmybee/data/Bombus/collection/extraction/light/images/OPIE_0002_S_1.jpg,OK,0.004784619987762464,0,,0.0010
OPIE_0002_S_2,OPIE_0002,2537,/Users/superbg/Documents/IEES/idmybee/data/Bombus/collection/extraction/light/images/OPIE_0002_S_2.jpg,OK,0.004758891233743428,0,,0.0011
OPIE_0002_S_3,OPIE_0002,2538,/Users/superbg/Documents/IEES/idmybee/data/Bombus/collection/extraction/light/images/OPIE_0002_S_3.jpg,OK,0.00473116421384016,0,,0.0010
OPIE_0003_P_1,OPIE_0003,2539,/Users/superbg/Documents/IEES/idmybee/data/Bombus/collection/extraction/light/images/OPIE_0003_P_1.jpg,OK,0.004542579266190741,0,,0.0010
OPIE_0003_P_2,OPIE_0003,2540,/Users/superbg/Documents/IEES/idmybee/data/Bombus/collection/extraction/light/images/OPIE_0003_P_2.jpg,OK,0.0044813357995835785,0,,0.0011
OPIE_0003_S_1,OPIE_0003,2541,/Users/superbg/Documents/IEES/idmybee/data/Bombus/collection/extraction/light/images/OPIE_0003_S_1.jpg,OK,0.004469420546031975,0,,0.0011
OPIE_0003_S_2,OPIE_0003,2542,/Users/superbg/Documents/IEES/idmybee/data/Bombus/collection/extraction/light/images/OPIE_0003_S_2.jpg,OK,0.004517771481078179,0,,0.0011
OPIE_0003_S_3,OPIE_0003,2543,/Users/superbg/Documents/IEES/idmybee/data/Bombus/collection/extraction/light/images/OPIE_0003_S_3.jpg,OK,0.004583656109963849,0,,0.0011
OPIE_0004_P_1,OPIE_0004,2544,/Users/superbg/Documents/IEES/idmybee/data/Bombus/collection/extraction/light/images/OPIE_0004_P_1.jpg,OK,0.004566151425911682,0,,0.0010
OPIE_0004_P_2,OPIE_0004,2545,/Users/superbg/Documents/IEES/idmybee/data/Bombus/collection/extraction/light/images/OPIE_0004_P_2.jpg,OK,0.004576319696301356,0,,0.0010
OPIE_0004_S_1,OPIE_0004,2546,/Users/superbg/Documents/IEES/idmybee/data/Bombus/collection/extraction/light/images/OPIE_0004_S_1.jpg,OK,0.004564883301707958,0,,0.0010
OPIE_0004_S_2,OPIE_0004,2547,/Users/superbg/Documents/IEES/idmybee/data/Bombus/collection/extraction/light/images/OPIE_0004_S_2.jpg,OK,0.0045229472479752465,0,,0.0009
OPIE_0004_S_3,OPIE_0004,2548,/Users/superbg/Documents/IEES/idmybee/data/Bombus/collection/extraction/light/images/OPIE_0004_S_3.jpg,OK,0.004523313206307855,0,,0.0010
OPIE_0005_P_1,OPIE_0005,2549,/Users/superbg/Documents/IEES/idmybee/data/Bombus/collection/extraction/light/images/OPIE_0005_P_1.jpg,OK,0.004352746406675463,0,,0.0010
OPIE_0005_P_2,OPIE_0005,2550,/Users/superbg/Documents/IEES/idmybee/data/Bombus/collection/extraction/light/images/OPIE_0005_P_2.jpg,OK,0.004291087220697291,0,,0.0010
OPIE_0005_S_1,OPIE_0005,2551,/Users/superbg/Documents/IEES/idmybee/data/Bombus/collection/extraction/light/images/OPIE_0005_S_1.jpg,OK,0.004403711725148621,0,,0.0010
OPIE_0005_S_2,OPIE_0005,2552,/Users/superbg/Documents/IEES/idmybee/data/Bombus/collection/extraction/light/images/OPIE_0005_S_2.jpg,OK,0.004275511315849857,0,,0.0010
OPIE_0005_S_3,OPIE_0005,2553,/Users/superbg/Documents/IEES/idmybee/data/Bombus/collection/extraction/light/images/OPIE_0005_S_3.jpg,OK,0.004302679005476123,0,,0.0010
OPIE_0006_P_1,OPIE_0006,2554,/Users/superbg/Documents/IEES/idmybee/data/Bombus/collection/extraction/light/images/OPIE_0006_P_1.jpg,OK,0.004455542150959792,0,,0.0010
OPIE_0006_P_2,OPIE_0006,2555,/Users/superbg/Documents/IEES/idmybee/data/Bombus/collection/extraction/light/images/OPIE_0006_P_2.jpg,OK,0.0044807873431286505,0,,0.0010
OPIE_0006_S_1,OPIE_0006,2556,/Users/superbg/Documents/IEES/idmybee/data/Bombus/collection/extraction/light/images/OPIE_0006_S_1.jpg,OK,0.004477518930333238,0,,0.0010
OPIE_0006_S_2,OPIE_0006,2557,/Users/superbg/Documents/IEES/idmybee/data/Bombus/collection/extraction/light/images/OPIE_0006_S_2.jpg,OK,0.00447640702015009,0,,0.0010
OPIE_0006_S_3,OPIE_0006,2558,/Users/superbg/Documents/IEES/idmybee/data/Bombus/collection/extraction/light/images/OPIE_0006_S_3.jpg,OK,0.004394587920887901,0,,0.0010
OPIE_0007_P_1,OPIE_0007,2559,/Users/superbg/Documents/IEES/idmybee/data/Bombus/collection/extraction/light/images/OPIE_0007_P_1.jpg,OK,0.004718910266270671,0,,0.0011
OPIE_0007_P_2,OPIE_0007,2560,/Users/superbg/Documents/IEES/idmybee/data/Bombus/collection/extraction/light/images/OPIE_0007_P_2.jpg,OK,0.004753069223873671,0,,0.0010
OPIE_0007_S_1,OPIE_0007,2561,/Users/superbg/Documents/IEES/idmybee/data/Bombus/collection/extraction/light/images/OPIE_0007_S_1.jpg,OK,0.00472702312301325,0,,0.0010
OPIE_0007_S_2,OPIE_0007,2562,/Users/superbg/Documents/IEES/idmybee/data/Bombus/collection/extraction/light/images/OPIE_0007_S_2.jpg,OK,0.004678377307846294,0,,0.0010
OPIE_0007_S_3,OPIE_0007,2563,/Users/superbg/Documents/IEES/idmybee/data/Bombus/collection/extraction/light/images/OPIE_0007_S_3.jpg,OK,0.004706422700194731,0,,0.0010
OPIE_0008_P_1,OPIE_0008,2564,/Users/superbg/Documents/IEES/idmybee/data/Bombus/collection/extraction/light/images/OPIE_0008_P_1.jpg,OK,0.004434903680989568,1,,0.0011
OPIE_0008_P_2,OPIE_0008,2565,/Users/superbg/Documents/IEES/idmybee/data/Bombus/collection/extraction/light/images/OPIE_0008_P_2.jpg,OK,0.004380099530737512,1,,0.0011
OPIE_0008_S_1,OPIE_0008,2566,/Users/superbg/Documents/IEES/idmybee/data/Bombus/collection/extraction/light/images/OPIE_0008_S_1.jpg,OK,0.004358114676119222,1,,0.0011
OPIE_0008_S_2,OPIE_0008,2567,/Users/superbg/Documents/IEES/idmybee/data/Bombus/collection/extraction/light/images/OPIE_0008_S_2.jpg,OK,0.004391470171702081,0,,0.0011
OPIE_0008_S_3,OPIE_0008,2568,/Users/superbg/Documents/IEES/idmybee/data/Bombus/collection/extraction/light/images/OPIE_0008_S_3.jpg,OK,0.004354411043467562,0,,0.0010
OPIE_0009_P_1,OPIE_0009,2569,/Users/superbg/Documents/IEES/idmybee/data/Bombus/collection/extraction/light/images/OPIE_0009_P_1.jpg,OK,0.0045003392520451425,0,,0.0010
OPIE_0009_P_2,OPIE_0009,2570,/Users/superbg/Documents/IEES/idmybee/data/Bombus/collection/extraction/light/images/OPIE_0009_P_2.jpg,OK,0.004531286929465911,0,,0.0010
OPIE_0009_S_1,OPIE_0009,2571,/Users/superbg/Documents/IEES/idmybee/data/Bombus/collection/extraction/light/images/OPIE_0009_S_1.jpg,OK,0.004482294535673615,0,,0.0010
OPIE_0009_S_2,OPIE_0009,2572,/Users/superbg/Documents/IEES/idmybee/data/Bombus/collection/extraction/light/images/OPIE_0009_S_2.jpg,OK,0.004489713135737081,0,,0.0010
OPIE_0009_S_3,OPIE_0009,2573,/Users/superbg/Documents/IEES/idmybee/data/Bombus/collection/extraction/light/images/OPIE_0009_S_3.jpg,OK,0.004555511582114871,0,,0.0010
OPIE_0010_P_1,OPIE_0010,2574,/Users/superbg/Documents/IEES/idmybee/data/Bombus/collection/extraction/light/images/OPIE_0010_P_1.jpg,OK,0.004488385683846907,0,,0.0011
OPIE_0010_P_2,OPIE_0010,2575,/Users/superbg/Documents/IEES/idmybee/data/Bombus/collection/extraction/light/images/OPIE_0010_P_2.jpg,OK,0.004385029639770843,0,,0.0010
OPIE_0010_S_1,OPIE_0010,2576,/Users/superbg/Documents/IEES/idmybee/data/Bombus/collection/extraction/light/images/OPIE_0010_S_1.jpg,OK,0.004404373973388859,0,,0.0010
OPIE_0010_S_2,OPIE_0010,2577,/Users/superbg/Documents/IEES/idmybee/data/Bombus/collection/extraction/light/images/OPIE_0010_S_2.jpg,OK,0.004490831368974588,0,,0.0010
OPIE_0010_S_3,OPIE_0010,2578,/Users/superbg/Documents/IEES/idmybee/data/Bombus/collection/extraction/light/images/OPIE_0010_S_3.jpg,OK,0.0044205435849847315,0,,0.0010
OPIE_0011_P_1,OPIE_0011,2579,/Users/superbg/Documents/IEES/idmybee/data/Bombus/collection/extraction/light/images/OPIE_0011_P_1.jpg,OK,0.004256421038852973,0,,0.0010
OPIE_0011_P_2,OPIE_0011,2580,/Users/superbg/Documents/IEES/idmybee/data/Bombus/collection/extraction/light/images/OPIE_0011_P_2.jpg,OK,0.004237600427291214,0,,0.0010
OPIE_0011_S_1,OPIE_0011,2581,/Users/superbg/Documents/IEES/idmybee/data/Bombus/collection/extraction/light/images/OPIE_0011_S_1.jpg,OK,0.004192359338114398,0,,0.0009
OPIE_0011_S_2,OPIE_0011,2582,/Users/superbg/Documents/IEES/idmybee/data/Bombus/collection/extraction/light/images/OPIE_0011_S_2.jpg,OK,0.004204911207565756,0,,0.0010
OPIE_0011_S_3,OPIE_0011,2583,/Users/superbg/Documents/IEES/idmybee/data/Bombus/collection/extraction/light/images/OPIE_0011_S_3.jpg,OK,0.004343396822414056,0,,0.0011
OPIE_0012_P_1,OPIE_0012,2584,/Users/superbg/Documents/IEES/idmybee/data/Bombus/collection/extraction/light/images/OPIE_0012_P_1.jpg,OK,0.004448427713445748,0,,0.0011
OPIE_0012_P_2,OPIE_0012,2585,/Users/superbg/Documents/IEES/idmybee/data/Bombus/collection/extraction/light/images/OPIE_0012_P_2.jpg,OK,0.004519189699035637,0,,0.0010
OPIE_0012_S_1,OPIE_0012,2586,/Users/superbg/Documents/IEES/idmybee/data/Bombus/collection/extraction/light/images/OPIE_0012_S_1.jpg,OK,0.004477221321940865,0,,0.0011
OPIE_0012_S_2,OPIE_0012,2587,/Users/superbg/Documents/IEES/idmybee/data/Bombus/collection/extraction/light/images/OPIE_0012_S_2.jpg,OK,0.00448272914234067,0,,0.0010
OPIE_0012_S_3,OPIE_0012,2588,/Users/superbg/Documents/IEES/idmybee/data/Bombus/collection/extraction/light/images/OPIE_0012_S_3.jpg,OK,0.0044976070512484055,0,,0.0010
OPIE_0013_P_1,OPIE_0013,2589,/Users/superbg/Documents/IEES/idmybee/data/Bombus/collection/extraction/light/images/OPIE_0013_P_1.jpg,OK,0.004583840455931868,1,,0.0011
OPIE_0013_P_2,OPIE_0013,2590,/Users/superbg/Documents/IEES/idmybee/data/Bombus/collection/extraction/light/images/OPIE_0013_P_2.jpg,OK,0.004613440040345656,0,,0.0010
OPIE_0013_S_1,OPIE_0013,2591,/Users/superbg/Documents/IEES/idmybee/data/Bombus/collection/extraction/light/images/OPIE_0013_S_1.jpg,OK,0.004591173207698427,0,,0.0011
OPIE_0013_S_2,OPIE_0013,2592,/Users/superbg/Documents/IEES/idmybee/data/Bombus/collection/extraction/light/images/OPIE_0013_S_2.jpg,OK,0.004602211954962436,0,,0.0011
OPIE_0013_S_3,OPIE_0013,2593,/Users/superbg/Documents/IEES/idmybee/data/Bombus/collection/extraction/light/images/OPIE_0013_S_3.jpg,OK,0.004527333569308671,1,,0.0011
OPIE_0014_P_1,OPIE_0014,2594,/Users/superbg/Documents/IEES/idmybee/data/Bombus/collection/extraction/light/images/OPIE_0014_P_1.jpg,OK,0.004372439869999939,0,,0.0010
OPIE_0014_P_2,OPIE_0014,2595,/Users/superbg/Documents/IEES/idmybee/data/Bombus/collection/extraction/light/images/OPIE_0014_P_2.jpg,OK,0.004291102580938662,0,,0.0010
OPIE_0014_S_1,OPIE_0014,2596,/Users/superbg/Documents/IEES/idmybee/data/Bombus/collection/extraction/light/images/OPIE_0014_S_1.jpg,OK,0.0043499819202145185,0,,0.0010
OPIE_0014_S_2,OPIE_0014,2597,/Users/superbg/Documents/IEES/idmybee/data/Bombus/collection/extraction/light/images/OPIE_0014_S_2.jpg,OK,0.004337338522956129,0,,0.0010
OPIE_0014_S_3,OPIE_0014,2598,/Users/superbg/Documents/IEES/idmybee/data/Bombus/collection/extraction/light/images/OPIE_0014_S_3.jpg,OK,0.004308070266208855,0,,0.0010
OPIE_0015_P_1,OPIE_0015,2599,/Users/superbg/Documents/IEES/idmybee/data/Bombus/collection/extraction/light/images/OPIE_0015_P_1.jpg,OK,0.004449731097961866,0,,0.0010
OPIE_0015_P_2,OPIE_0015,2600,/Users/superbg/Documents/IEES/idmybee/data/Bombus/collection/extraction/light/images/OPIE_0015_P_2.jpg,OK,0.004502789203300117,0,,0.0010
OPIE_0015_S_1,OPIE_0015,2601,/Users/superbg/Documents/IEES/idmybee/data/Bombus/collection/extraction/light/images/OPIE_0015_S_1.jpg,OK,0.004356891574807318,0,,0.0010
OPIE_0015_S_2,OPIE_0015,2602,/Users/superbg/Documents/IEES/idmybee/data/Bombus/collection/extraction/light/images/OPIE_0015_S_2.jpg,OK,0.0044512468489414396,0,,0.0010
OPIE_0015_S_3,OPIE_0015,2603,/Users/superbg/Documents/IEES/idmybee/data/Bombus/collection/extraction/light/images/OPIE_0015_S_3.jpg,OK,0.004449744834775027,0,,0.0010
OPIE_0016_P_1,OPIE_0016,2604,/Users/superbg/Documents/IEES/idmybee/data/Bombus/collection/extraction/light/images/OPIE_0016_P_1.jpg,OK,0.004861311693794699,0,,0.0010
OPIE_0016_P_2,OPIE_0016,2605,/Users/superbg/Documents/IEES/idmybee/data/Bombus/collection/extraction/light/images/OPIE_0016_P_2.jpg,OK,0.004905360280680297,0,,0.0010
OPIE_0016_S_1,OPIE_0016,2606,/Users/superbg/Documents/IEES/idmybee/data/Bombus/collection/extraction/light/images/OPIE_0016_S_1.jpg,OK,0.004836715214625652,0,,0.0010
OPIE_0016_S_2,OPIE_0016,2607,/Users/superbg/Documents/IEES/idmybee/data/Bombus/collection/extraction/light/images/OPIE_0016_S_2.jpg,OK,0.004894845765513773,0,,0.0010
OPIE_0016_S_3,OPIE_0016,2608,/Users/superbg/Documents/IEES/idmybee/data/Bombus/collection/extraction/light/images/OPIE_0016_S_3.jpg,OK,0.0049483989187889595,1,,0.0010
OPIE_0017_P_1,OPIE_0017,2609,/Users/superbg/Documents/IEES/idmybee/data/Bombus/collection/extraction/light/images/OPIE_0017_P_1.jpg,OK,0.004467915165047138,0,,0.0010
OPIE_0017_P_2,OPIE_0017,2610,/Users/superbg/Documents/IEES/idmybee/data/Bombus/collection/extraction/light/images/OPIE_0017_P_2.jpg,SUSPECT,0.005976850988177893,16,,0.0009
OPIE_0017_S_1,OPIE_0017,2611,/Users/superbg/Documents/IEES/idmybee/data/Bombus/collection/extraction/light/images/OPIE_0017_S_1.jpg,OK,0.0044877395079751265,0,,0.0010
OPIE_0017_S_2,OPIE_0017,2612,/Users/superbg/Documents/IEES/idmybee/data/Bombus/collection/extraction/light/images/OPIE_0017_S_2.jpg,OK,0.004433066038234553,0,,0.0010
OPIE_0017_S_3,OPIE_0017,2613,/Users/superbg/Documents/IEES/idmybee/data/Bombus/collection/extraction/light/images/OPIE_0017_S_3.jpg,OK,0.004444754119014243,0,,0.0010
OPIE_0018_P_1,OPIE_0018,2614,/Users/superbg/Documents/IEES/idmybee/data/Bombus/collection/extraction/light/images/OPIE_0018_P_1.jpg,OK,0.0041758307104867625,1,,0.0010
OPIE_0018_P_2,OPIE_0018,2615,/Users/superbg/Documents/IEES/idmybee/data/Bombus/collection/extraction/light/images/OPIE_0018_P_2.jpg,OK,0.004211083981777382,0,,0.0010
OPIE_0018_S_1,OPIE_0018,2616,/Users/superbg/Documents/IEES/idmybee/data/Bombus/collection/extraction/light/images/OPIE_0018_S_1.jpg,OK,0.00417610196304178,1,,0.0010
OPIE_0018_S_2,OPIE_0018,2617,/Users/superbg/Documents/IEES/idmybee/data/Bombus/collection/extraction/light/images/OPIE_0018_S_2.jpg,OK,0.004116229085686197,2,,0.0010
OPIE_0018_S_3,OPIE_0018,2618,/Users/superbg/Documents/IEES/idmybee/data/Bombus/collection/extraction/light/images/OPIE_0018_S_3.jpg,OK,0.0041496055122504935,2,,0.0010
OPIE_0019_P_1,OPIE_0019,2619,/Users/superbg/Documents/IEES/idmybee/data/Bombus/collection/extraction/light/images/OPIE_0019_P_1.jpg,OK,0.0044199326262547405,0,,0.0010
OPIE_0019_P_2,OPIE_0019,2620,/Users/superbg/Documents/IEES/idmybee/data/Bombus/collection/extraction/light/images/OPIE_0019_P_2.jpg,OK,0.00442901758041944,0,,0.0010
OPIE_0019_S_1,OPIE_0019,2621,/Users/superbg/Documents/IEES/idmybee/data/Bombus/collection/extraction/light/images/OPIE_0019_S_1.jpg,OK,0.004404702157490546,0,,0.0010
OPIE_0019_S_2,OPIE_0019,2622,/Users/superbg/Documents/IEES/idmybee/data/Bombus/collection/extraction/light/images/OPIE_0019_S_2.jpg,OK,0.004318742648406929,0,,0.0010
OPIE_0019_S_3,OPIE_0019,2623,/Users/superbg/Documents/IEES/idmybee/data/Bombus/collection/extraction/light/images/OPIE_0019_S_3.jpg,OK,0.004456054343658006,0,,0.0010
OPIE_0020_P_1,OPIE_0020,2624,/Users/superbg/Documents/IEES/idmybee/data/Bombus/collection/extraction/light/images/OPIE_0020_P_1.jpg,OK,0.004590416287133143,0,,0.0011
OPIE_0020_P_2,OPIE_0020,2625,/Users/superbg/Documents/IEES/idmybee/data/Bombus/collection/extraction/light/images/OPIE_0020_P_2.jpg,OK,0.004645516946666714,0,,0.0010
OPIE_0020_S_1,OPIE_0020,2626,/Users/superbg/Documents/IEES/idmybee/data/Bombus/collection/extraction/light/images/OPIE_0020_S_1.jpg,OK,0.004576692227349362,0,,0.0010
OPIE_0020_S_2,OPIE_0020,2627,/Users/superbg/Documents/IEES/idmybee/data/Bombus/collection/extraction/light/images/OPIE_0020_S_2.jpg,OK,0.004636872645419212,0,,0.0010
OPIE_0020_S_3,OPIE_0020,2628,/Users/superbg/Documents/IEES/idmybee/data/Bombus/collection/extraction/light/images/OPIE_0020_S_3.jpg,OK,0.0047831772364316264,0,,0.0010
OPIE_0021_P_1,OPIE_0021,2629,/Users/superbg/Documents/IEES/idmybee/data/Bombus/collection/extraction/light/images/OPIE_0021_P_1.jpg,OK,0.004641246654508132,0,,0.0011
OPIE_0021_P_2,OPIE_0021,2630,/Users/superbg/Documents/IEES/idmybee/data/Bombus/collection/extraction/light/images/OPIE_0021_P_2.jpg,OK,0.0046466815755222095,0,,0.0011
OPIE_0021_S_1,OPIE_0021,2631,/Users/superbg/Documents/IEES/idmybee/data/Bombus/collection/extraction/light/images/OPIE_0021_S_1.jpg,OK,0.004629158570675884,0,,0.0010
OPIE_0021_S_2,OPIE_0021,2632,/Users/superbg/Documents/IEES/idmybee/data/Bombus/collection/extraction/light/images/OPIE_0021_S_2.jpg,OK,0.004713068577958589,0,,0.0011
OPIE_0021_S_3,OPIE_0021,2633,/Users/superbg/Documents/IEES/idmybee/data/Bombus/collection/extraction/light/images/OPIE_0021_S_3.jpg,OK,0.004676169007948778,0,,0.0011
OPIE_0022_P_1,OPIE_0022,2634,/Users/superbg/Documents/IEES/idmybee/data/Bombus/collection/extraction/light/images/OPIE_0022_P_1.jpg,OK,0.004559411435313087,0,,0.0011
OPIE_0022_P_2,OPIE_0022,2635,/Users/superbg/Documents/IEES/idmybee/data/Bombus/collection/extraction/light/images/OPIE_0022_P_2.jpg,OK,0.004528836420027974,0,,0.0010
OPIE_0022_S_1,OPIE_0022,2636,/Users/superbg/Documents/IEES/idmybee/data/Bombus/collection/extraction/light/images/OPIE_0022_S_1.jpg,OK,0.00456778739438004,0,,0.0010
OPIE_0022_S_2,OPIE_0022,2637,/Users/superbg/Documents/IEES/idmybee/data/Bombus/collection/extraction/light/images/OPIE_0022_S_2.jpg,OK,0.00460696659008215,0,,0.0011
OPIE_0022_S_3,OPIE_0022,2638,/Users/superbg/Documents/IEES/idmybee/data/Bombus/collection/extraction/light/images/OPIE_0022_S_3.jpg,OK,0.004611938536123359,0,,0.0010
OPIE_0023_P_1,OPIE_0023,2639,/Users/superbg/Documents/IEES/idmybee/data/Bombus/collection/extraction/light/images/OPIE_0023_P_1.jpg,OK,0.004296754671459547,0,,0.0009
OPIE_0023_P_2,OPIE_0023,2640,/Users/superbg/Documents/IEES/idmybee/data/Bombus/collection/extraction/light/images/OPIE_0023_P_2.jpg,OK,0.004293988704380717,0,,0.0009
OPIE_0023_S_1,OPIE_0023,2641,/Users/superbg/Documents/IEES/idmybee/data/Bombus/collection/extraction/light/images/OPIE_0023_S_1.jpg,OK,0.004334085092979168,0,,0.0009
OPIE_0023_S_2,OPIE_0023,2642,/Users/superbg/Documents/IEES/idmybee/data/Bombus/collection/extraction/light/images/OPIE_0023_S_2.jpg,OK,0.004227047277051504,0,,0.0009
OPIE_0023_S_3,OPIE_0023,2643,/Users/superbg/Documents/IEES/idmybee/data/Bombus/collection/extraction/light/images/OPIE_0023_S_3.jpg,OK,0.004283681646008474,0,,0.0009
OPIE_0024_P_1,OPIE_0024,2644,/Users/superbg/Documents/IEES/idmybee/data/Bombus/collection/extraction/light/images/OPIE_0024_P_1.jpg,OK,0.004569128431787579,0,,0.0010
OPIE_0024_P_2,OPIE_0024,2645,/Users/superbg/Documents/IEES/idmybee/data/Bombus/collection/extraction/light/images/OPIE_0024_P_2.jpg,OK,0.004494743137695046,0,,0.0010
OPIE_0024_S_1,OPIE_0024,2646,/Users/superbg/Documents/IEES/idmybee/data/Bombus/collection/extraction/light/images/OPIE_0024_S_1.jpg,OK,0.004603239025479031,0,,0.0011
OPIE_0024_S_2,OPIE_0024,2647,/Users/superbg/Documents/IEES/idmybee/data/Bombus/collection/extraction/light/images/OPIE_0024_S_2.jpg,OK,0.004585356967652773,0,,0.0011
OPIE_0024_S_3,OPIE_0024,2648,/Users/superbg/Documents/IEES/idmybee/data/Bombus/collection/extraction/light/images/OPIE_0024_S_3.jpg,OK,0.004540763663953668,0,,0.0011
OPIE_0025_P_1,OPIE_0025,2649,/Users/superbg/Documents/IEES/idmybee/data/Bombus/collection/extraction/light/images/OPIE_0025_P_1.jpg,OK,0.004526007894482417,0,,0.0010
OPIE_0025_P_2,OPIE_0025,2650,/Users/superbg/Documents/IEES/idmybee/data/Bombus/collection/extraction/light/images/OPIE_0025_P_2.jpg,OK,0.004563649319707635,0,,0.0011
OPIE_0025_S_1,OPIE_0025,2651,/Users/superbg/Documents/IEES/idmybee/data/Bombus/collection/extraction/light/images/OPIE_0025_S_1.jpg,OK,0.004440284580649997,0,,0.0010
OPIE_0025_S_2,OPIE_0025,2652,/Users/superbg/Documents/IEES/idmybee/data/Bombus/collection/extraction/light/images/OPIE_0025_S_2.jpg,OK,0.004465761726139906,0,,0.0011
OPIE_0025_S_3,OPIE_0025,2653,/Users/superbg/Documents/IEES/idmybee/data/Bombus/collection/extraction/light/images/OPIE_0025_S_3.jpg,OK,0.004518188571226111,0,,0.0010
OPIE_0026_P_1,OPIE_0026,2654,/Users/superbg/Documents/IEES/idmybee/data/Bombus/collection/extraction/light/images/OPIE_0026_P_1.jpg,OK,0.0044029430459752205,0,,0.0010
OPIE_0026_P_2,OPIE_0026,2655,/Users/superbg/Documents/IEES/idmybee/data/Bombus/collection/extraction/light/images/OPIE_0026_P_2.jpg,OK,0.004521487822831061,0,,0.0010
OPIE_0026_S_1,OPIE_0026,2656,/Users/superbg/Documents/IEES/idmybee/data/Bombus/collection/extraction/light/images/OPIE_0026_S_1.jpg,OK,0.004434522194481251,0,,0.0011
OPIE_0026_S_2,OPIE_0026,2657,/Users/superbg/Documents/IEES/idmybee/data/Bombus/collection/extraction/light/images/OPIE_0026_S_2.jpg,OK,0.004443180282278817,0,,0.0010
OPIE_0026_S_3,OPIE_0026,2658,/Users/superbg/Documents/IEES/idmybee/data/Bombus/collection/extraction/light/images/OPIE_0026_S_3.jpg,OK,0.0043846159745121425,0,,0.0010
OPIE_0027_P_1,OPIE_0027,2659,/Users/superbg/Documents/IEES/idmybee/data/Bombus/collection/extraction/light/images/OPIE_0027_P_1.jpg,OK,0.004738163152361469,0,,0.0010
OPIE_0027_P_2,OPIE_0027,2660,/Users/superbg/Documents/IEES/idmybee/data/Bombus/collection/extraction/light/images/OPIE_0027_P_2.jpg,OK,0.004628475364463869,0,,0.0010
OPIE_0027_S_1,OPIE_0027,2661,/Users/superbg/Documents/IEES/idmybee/data/Bombus/collection/extraction/light/images/OPIE_0027_S_1.jpg,OK,0.004677631295751282,0,,0.0010
OPIE_0027_S_2,OPIE_0027,2662,/Users/superbg/Documents/IEES/idmybee/data/Bombus/collection/extraction/light/images/OPIE_0027_S_2.jpg,OK,0.004626326983640554,0,,0.0010
OPIE_0027_S_3,OPIE_0027,2663,/Users/superbg/Documents/IEES/idmybee/data/Bombus/collection/extraction/light/images/OPIE_0027_S_3.jpg,OK,0.004661302956283837,0,,0.0010
OPIE_0028_P_1,OPIE_0028,2664,/Users/superbg/Documents/IEES/idmybee/data/Bombus/collection/extraction/light/images/OPIE_0028_P_1.jpg,OK,0.004511577973433003,0,,0.0011
OPIE_0028_P_2,OPIE_0028,2665,/Users/superbg/Documents/IEES/idmybee/data/Bombus/collection/extraction/light/images/OPIE_0028_P_2.jpg,OK,0.004490680807156793,0,,0.0011
OPIE_0028_S_1,OPIE_0028,2666,/Users/superbg/Documents/IEES/idmybee/data/Bombus/collection/extraction/light/images/OPIE_0028_S_1.jpg,OK,0.004415038601901768,0,,0.0010
OPIE_0028_S_2,OPIE_0028,2667,/Users/superbg/Documents/IEES/idmybee/data/Bombus/collection/extraction/light/images/OPIE_0028_S_2.jpg,OK,0.0045193127501876275,0,,0.0010
OPIE_0028_S_3,OPIE_0028,2668,/Users/superbg/Documents/IEES/idmybee/data/Bombus/collection/extraction/light/images/OPIE_0028_S_3.jpg,OK,0.0045217173767206085,0,,0.0010
OPIE_0029_P_1,OPIE_0029,2669,/Users/superbg/Documents/IEES/idmybee/data/Bombus/collection/extraction/light/images/OPIE_0029_P_1.jpg,OK,0.004548259207924491,0,,0.0010
OPIE_0029_P_2,OPIE_0029,2670,/Users/superbg/Documents/IEES/idmybee/data/Bombus/collection/extraction/light/images/OPIE_0029_P_2.jpg,OK,0.00462481248328717,0,,0.0010
OPIE_0029_S_1,OPIE_0029,2671,/Users/superbg/Documents/IEES/idmybee/data/Bombus/collection/extraction/light/images/OPIE_0029_S_1.jpg,OK,0.004503495245115291,0,,0.0011
OPIE_0029_S_2,OPIE_0029,2672,/Users/superbg/Documents/IEES/idmybee/data/Bombus/collection/extraction/light/images/OPIE_0029_S_2.jpg,OK,0.004542065496329887,0,,0.0011
OPIE_0029_S_3,OPIE_0029,2673,/Users/superbg/Documents/IEES/idmybee/data/Bombus/collection/extraction/light/images/OPIE_0029_S_3.jpg,OK,0.004524377182086922,0,,0.0010
OPIE_0030_P_1,OPIE_0030,2674,/Users/superbg/Documents/IEES/idmybee/data/Bombus/collection/extraction/light/images/OPIE_0030_P_1.jpg,OK,0.004571618975475062,0,,0.0009
OPIE_0030_P_2,OPIE_0030,2675,/Users/superbg/Documents/IEES/idmybee/data/Bombus/collection/extraction/light/images/OPIE_0030_P_2.jpg,OK,0.004578107739579261,0,,0.0010
OPIE_0030_S_1,OPIE_0030,2676,/Users/superbg/Documents/IEES/idmybee/data/Bombus/collection/extraction/light/images/OPIE_0030_S_1.jpg,OK,0.004554839053526232,0,,0.0009
OPIE_0030_S_2,OPIE_0030,2677,/Users/superbg/Documents/IEES/idmybee/data/Bombus/collection/extraction/light/images/OPIE_0030_S_2.jpg,OK,0.004544321000402448,0,,0.0011
OPIE_0030_S_3,OPIE_0030,2678,/Users/superbg/Documents/IEES/idmybee/data/Bombus/collection/extraction/light/images/OPIE_0030_S_3.jpg,OK,0.004548639092388613,0,,0.0011
OPIE_0031_P_1,OPIE_0031,2679,/Users/superbg/Documents/IEES/idmybee/data/Bombus/collection/extraction/light/images/OPIE_0031_P_1.jpg,OK,0.0043203703723059894,0,,0.0010
OPIE_0031_P_2,OPIE_0031,2680,/Users/superbg/Documents/IEES/idmybee/data/Bombus/collection/extraction/light/images/OPIE_0031_P_2.jpg,OK,0.004398478451030969,0,,0.0010
OPIE_0031_S_1,OPIE_0031,2681,/Users/superbg/Documents/IEES/idmybee/data/Bombus/collection/extraction/light/images/OPIE_0031_S_1.jpg,OK,0.004331827239140404,0,,0.0012
OPIE_0031_S_2,OPIE_0031,2682,/Users/superbg/Documents/IEES/idmybee/data/Bombus/collection/extraction/light/images/OPIE_0031_S_2.jpg,OK,0.004391283354097574,0,,0.0011
OPIE_0031_S_3,OPIE_0031,2683,/Users/superbg/Documents/IEES/idmybee/data/Bombus/collection/extraction/light/images/OPIE_0031_S_3.jpg,OK,0.00432833933856572,0,,0.0011
OPIE_0032_P_1,OPIE_0032,2684,/Users/superbg/Documents/IEES/idmybee/data/Bombus/collection/extraction/light/images/OPIE_0032_P_1.jpg,OK,0.0044760270921125125,0,,0.0010
OPIE_0032_P_2,OPIE_0032,2685,/Users/superbg/Documents/IEES/idmybee/data/Bombus/collection/extraction/light/images/OPIE_0032_P_2.jpg,OK,0.00445821843301921,0,,0.0010
OPIE_0032_S_1,OPIE_0032,2686,/Users/superbg/Documents/IEES/idmybee/data/Bombus/collection/extraction/light/images/OPIE_0032_S_1.jpg,OK,0.004475143982700487,0,,0.0010
OPIE_0032_S_2,OPIE_0032,2687,/Users/superbg/Documents/IEES/idmybee/data/Bombus/collection/extraction/light/images/OPIE_0032_S_2.jpg,OK,0.004415715419896946,0,,0.0009
OPIE_0032_S_3,OPIE_0032,2688,/Users/superbg/Documents/IEES/idmybee/data/Bombus/collection/extraction/light/images/OPIE_0032_S_3.jpg,OK,0.004447613618659832,0,,0.0009
OPIE_0033_P_1,OPIE_0033,2689,/Users/superbg/Documents/IEES/idmybee/data/Bombus/collection/extraction/light/images/OPIE_0033_P_1.jpg,OK,0.00438460157852782,0,,0.0010
OPIE_0033_P_2,OPIE_0033,2690,/Users/superbg/Documents/IEES/idmybee/data/Bombus/collection/extraction/light/images/OPIE_0033_P_2.jpg,OK,0.004395067928122727,0,,0.0010
OPIE_0033_S_1,OPIE_0033,2691,/Users/superbg/Documents/IEES/idmybee/data/Bombus/collection/extraction/light/images/OPIE_0033_S_1.jpg,OK,0.0043403012187360115,0,,0.0010
OPIE_0033_S_2,OPIE_0033,2692,/Users/superbg/Documents/IEES/idmybee/data/Bombus/collection/extraction/light/images/OPIE_0033_S_2.jpg,OK,0.004472423343634749,0,,0.0010
OPIE_0033_S_3,OPIE_0033,2693,/Users/superbg/Documents/IEES/idmybee/data/Bombus/collection/extraction/light/images/OPIE_0033_S_3.jpg,OK,0.004380415437463279,0,,0.0011
OPIE_0034_P_1,OPIE_0034,2694,/Users/superbg/Documents/IEES/idmybee/data/Bombus/collection/extraction/light/images/OPIE_0034_P_1.jpg,OK,0.004656333776852307,0,,0.0010
OPIE_0034_P_2,OPIE_0034,2695,/Users/superbg/Documents/IEES/idmybee/data/Bombus/collection/extraction/light/images/OPIE_0034_P_2.jpg,OK,0.0047118556560505585,0,,0.0011
OPIE_0034_S_1,OPIE_0034,2696,/Users/superbg/Documents/IEES/idmybee/data/Bombus/collection/extraction/light/images/OPIE_0034_S_1.jpg,OK,0.004633549428297489,0,,0.0010
OPIE_0034_S_2,OPIE_0034,2697,/Users/superbg/Documents/IEES/idmybee/data/Bombus/collection/extraction/light/images/OPIE_0034_S_2.jpg,OK,0.004654827093787966,0,,0.0011
OPIE_0034_S_3,OPIE_0034,2698,/Users/superbg/Documents/IEES/idmybee/data/Bombus/collection/extraction/light/images/OPIE_0034_S_3.jpg,OK,0.004693880208043578,0,,0.0010
OPIE_0035_P_1,OPIE_0035,2699,/Users/superbg/Documents/IEES/idmybee/data/Bombus/collection/extraction/light/images/OPIE_0035_P_1.jpg,OK,0.004624583678870964,0,,0.0011
OPIE_0035_P_2,OPIE_0035,2700,/Users/superbg/Documents/IEES/idmybee/data/Bombus/collection/extraction/light/images/OPIE_0035_P_2.jpg,OK,0.004728696015589266,1,,0.0010
OPIE_0035_S_1,OPIE_0035,2701,/Users/superbg/Documents/IEES/idmybee/data/Bombus/collection/extraction/light/images/OPIE_0035_S_1.jpg,OK,0.004605636470807276,0,,0.0011
OPIE_0035_S_2,OPIE_0035,2702,/Users/superbg/Documents/IEES/idmybee/data/Bombus/collection/extraction/light/images/OPIE_0035_S_2.jpg,OK,0.004602398423503968,0,,0.0011
OPIE_0035_S_3,OPIE_0035,2703,/Users/superbg/Documents/IEES/idmybee/data/Bombus/collection/extraction/light/images/OPIE_0035_S_3.jpg,OK,0.004620915034759031,0,,0.0011
OPIE_0036_P_1,OPIE_0036,2704,/Users/superbg/Documents/IEES/idmybee/data/Bombus/collection/extraction/light/images/OPIE_0036_P_1.jpg,OK,0.004636230778585986,0,,0.0011
OPIE_0036_P_2,OPIE_0036,2705,/Users/superbg/Documents/IEES/idmybee/data/Bombus/collection/extraction/light/images/OPIE_0036_P_2.jpg,OK,0.004721359721955492,0,,0.0011
OPIE_0036_S_1,OPIE_0036,2706,/Users/superbg/Documents/IEES/idmybee/data/Bombus/collection/extraction/light/images/OPIE_0036_S_1.jpg,OK,0.0047249148135626575,0,,0.0011
OPIE_0036_S_2,OPIE_0036,2707,/Users/superbg/Documents/IEES/idmybee/data/Bombus/collection/extraction/light/images/OPIE_0036_S_2.jpg,OK,0.004667594117273299,0,,0.0011
OPIE_0036_S_3,OPIE_0036,2708,/Users/superbg/Documents/IEES/idmybee/data/Bombus/collection/extraction/light/images/OPIE_0036_S_3.jpg,OK,0.004798880136011488,0,,0.0011
OPIE_0037_P_1,OPIE_0037,2709,/Users/superbg/Documents/IEES/idmybee/data/Bombus/collection/extraction/light/images/OPIE_0037_P_1.jpg,OK,0.00459423567675643,0,,0.0011
OPIE_0037_P_2,OPIE_0037,2710,/Users/superbg/Documents/IEES/idmybee/data/Bombus/collection/extraction/light/images/OPIE_0037_P_2.jpg,OK,0.0046025359156077385,0,,0.0011
OPIE_0037_S_1,OPIE_0037,2711,/Users/superbg/Documents/IEES/idmybee/data/Bombus/collection/extraction/light/images/OPIE_0037_S_1.jpg,OK,0.004655623826413453,0,,0.0011
OPIE_0037_S_2,OPIE_0037,2712,/Users/superbg/Documents/IEES/idmybee/data/Bombus/collection/extraction/light/images/OPIE_0037_S_2.jpg,OK,0.004718757812847303,0,,0.0011
OPIE_0037_S_3,OPIE_0037,2713,/Users/superbg/Documents/IEES/idmybee/data/Bombus/collection/extraction/light/images/OPIE_0037_S_3.jpg,OK,0.004741056714337738,0,,0.0010
OPIE_0038_P_1,OPIE_0038,2714,/Users/superbg/Documents/IEES/idmybee/data/Bombus/collection/extraction/light/images/OPIE_0038_P_1.jpg,OK,0.004525289282125922,0,,0.0010
OPIE_0038_P_2,OPIE_0038,2715,/Users/superbg/Documents/IEES/idmybee/data/Bombus/collection/extraction/light/images/OPIE_0038_P_2.jpg,OK,0.0045866619587784105,0,,0.0011
OPIE_0038_S_1,OPIE_0038,2716,/Users/superbg/Documents/IEES/idmybee/data/Bombus/collection/extraction/light/images/OPIE_0038_S_1.jpg,OK,0.004524254263645616,0,,0.0010
OPIE_0038_S_2,OPIE_0038,2717,/Users/superbg/Documents/IEES/idmybee/data/Bombus/collection/extraction/light/images/OPIE_0038_S_2.jpg,OK,0.004640591658454608,0,,0.0010
OPIE_0038_S_3,OPIE_0038,2718,/Users/superbg/Documents/IEES/idmybee/data/Bombus/collection/extraction/light/images/OPIE_0038_S_3.jpg,OK,0.004673568301667054,0,,0.0010
OPIE_0039_P_1,OPIE_0039,2719,/Users/superbg/Documents/IEES/idmybee/data/Bombus/collection/extraction/light/images/OPIE_0039_P_1.jpg,OK,0.004428997686276899,0,,0.0010
OPIE_0039_P_2,OPIE_0039,2720,/Users/superbg/Documents/IEES/idmybee/data/Bombus/collection/extraction/light/images/OPIE_0039_P_2.jpg,OK,0.004356938823516956,0,,0.0010
OPIE_0039_S_1,OPIE_0039,2721,/Users/superbg/Documents/IEES/idmybee/data/Bombus/collection/extraction/light/images/OPIE_0039_S_1.jpg,OK,0.004383453535520931,0,,0.0010
OPIE_0039_S_2,OPIE_0039,2722,/Users/superbg/Documents/IEES/idmybee/data/Bombus/collection/extraction/light/images/OPIE_0039_S_2.jpg,OK,0.004329700693298646,0,,0.0010
OPIE_0039_S_3,OPIE_0039,2723,/Users/superbg/Documents/IEES/idmybee/data/Bombus/collection/extraction/light/images/OPIE_0039_S_3.jpg,OK,0.0044259849030395286,0,,0.0011
OPIE_0040_P_1,OPIE_0040,2724,/Users/superbg/Documents/IEES/idmybee/data/Bombus/collection/extraction/light/images/OPIE_0040_P_1.jpg,OK,0.0046419077049617416,0,,0.0010
OPIE_0040_P_2,OPIE_0040,2725,/Users/superbg/Documents/IEES/idmybee/data/Bombus/collection/extraction/light/images/OPIE_0040_P_2.jpg,OK,0.004683230618845695,0,,0.0010
OPIE_0040_S_1,OPIE_0040,2726,/Users/superbg/Documents/IEES/idmybee/data/Bombus/collection/extraction/light/images/OPIE_0040_S_1.jpg,OK,0.004594689270080874,0,,0.0010
OPIE_0040_S_2,OPIE_0040,2727,/Users/superbg/Documents/IEES/idmybee/data/Bombus/collection/extraction/light/images/OPIE_0040_S_2.jpg,OK,0.004639809493863365,0,,0.0010
OPIE_0040_S_3,OPIE_0040,2728,/Users/superbg/Documents/IEES/idmybee/data/Bombus/collection/extraction/light/images/OPIE_0040_S_3.jpg,OK,0.0046767613701173,0,,0.0011
OPIE_0041_P_1,OPIE_0041,2729,/Users/superbg/Documents/IEES/idmybee/data/Bombus/collection/extraction/light/images/OPIE_0041_P_1.jpg,OK,0.004365266824891775,0,,0.0010
OPIE_0041_P_2,OPIE_0041,2730,/Users/superbg/Documents/IEES/idmybee/data/Bombus/collection/extraction/light/images/OPIE_0041_P_2.jpg,OK,0.004289757713384116,0,,0.0010
OPIE_0041_S_1,OPIE_0041,2731,/Users/superbg/Documents/IEES/idmybee/data/Bombus/collection/extraction/light/images/OPIE_0041_S_1.jpg,OK,0.004279379056776824,0,,0.0010
OPIE_0041_S_2,OPIE_0041,2732,/Users/superbg/Documents/IEES/idmybee/data/Bombus/collection/extraction/light/images/OPIE_0041_S_2.jpg,OK,0.004381589263749014,0,,0.0010
OPIE_0041_S_3,OPIE_0041,2733,/Users/superbg/Documents/IEES/idmybee/data/Bombus/collection/extraction/light/images/OPIE_0041_S_3.jpg,OK,0.0043063527325177264,0,,0.0010
