tps_id,image_id,specimen_id,image_path,predicted_species,confidence,second_choice,second_confidence,third_choice,third_confidence,true_species,correct_top1,correct_top3
12821918321641067740,b1f09ac7b47d14dc,OPIE_Lapi_030803b,data/Bombus/extraction/light/images/train/OPIE_Lapi_030803b-P1.jpg,lapidarius,0.9720223410915839,sichelii,0.018727428473300167,pyrenaeus,0.009249289807246822,lapidarius,True,True
2327586968896700607,204d400420ea80bf,OPIE_Lapi_030803,data/Bombus/extraction/light/images/train/OPIE_Lapi_030803-P1.jpg,lapidarius,0.8932475208407283,wurflenii,0.08271809771372488,sichelii,0.02402167199329323,lapidarius,True,True
10705665023495907734,9492299e29cc2996,OPIE_Lapi_060803,data/Bombus/extraction/light/images/train/OPIE_Lapi_060803-P1.jpg,lapidarius,0.9533773724747705,pyrenaeus,0.03032567676769628,sichelii,0.01530422516852135,lapidarius,True,True
8287810775352913277,730437fd4e90ad7d,OPIE_Lapi_070820,data/Bombus/extraction/light/images/train/OPIE_Lapi_070820-P1.jpg,lapidarius,0.9662703255481098,soroeensis,0.026428055733087777,sichelii,0.005176116639913396,lapidarius,True,True
5040315620793971613,45f2cc5a3546f39d,OPIE_Lapi_100803,data/Bombus/extraction/light/images/train/OPIE_Lapi_100803-P1.jpg,lapidarius,0.9995028009444009,sichelii,0.0004908564179998588,soroeensis,4.407005295387987e-06,lapidarius,True,True
18221946962941267540,fce15c38021f4e54,OPIE_Lapi_100820,data/Bombus/extraction/light/images/train/OPIE_Lapi_100820-P1.jpg,lapidarius,0.9999872880936315,sichelii,1.2628444969411725e-05,pyrenaeus,8.259099260694977e-08,lapidarius,True,True
8137009129395321428,70ec76b103b7fa54,OPIE_Lapi_160720,data/Bombus/extraction/light/images/train/OPIE_Lapi_160720-P1.jpg,lapidarius,0.856175173300339,pyrenaeus,0.08420829408535638,sichelii,0.05860632867718139,lapidarius,True,True
15706117790434079172,d9f756ea734431c4,OPIE_Lapi_180702,data/Bombus/extraction/light/images/train/OPIE_Lapi_180702-P1.jpg,lapidarius,0.9343003513954701,sichelii,0.06569950651920843,monticola,9.676681904036229e-08,lapidarius,True,True
9408259332099658361,8290da03f48dd279,OPIE_Lapi_180703,data/Bombus/extraction/light/images/train/OPIE_Lapi_180703-P1.jpg,lapidarius,0.9986600955949455,sichelii,0.0012976051875189963,soroeensis,3.40355945872568e-05,lapidarius,True,True
1148815807867232900,0ff169e3fc47a284,OPIE_Lapi_200703b,data/Bombus/extraction/light/images/train/OPIE_Lapi_200703b-P1.jpg,pyrenaeus,0.4783477721895542,sichelii,0.36585090707161083,lapidarius,0.15578080320628465,lapidarius,False,True
12633449141198794358,af53070f1d1e2e76,OPIE_Lapi_200703,data/Bombus/extraction/light/images/train/OPIE_Lapi_200703-P1.jpg,lapidarius,0.9955262359865242,sichelii,0.004362433805998447,pyrenaeus,0.00011119716502697916,lapidarius,True,True
16488960580832802508,e4d48e4937f536cc,OPIE_Lapi_78V,data/Bombus/extraction/light/images/train/OPIE_Lapi_78V-P1.jpg,lapidarius,0.7884735369123759,sichelii,0.2109156683691582,pyrenaeus,0.0005832620406663363,lapidarius,True,True
12086786545916695643,a7bce4533155d45b,OPIE_Lapi_7B,data/Bombus/extraction/light/images/train/OPIE_Lapi_7B-P1.jpg,lapidarius,0.9701563475958555,pyrenaeus,0.027814132555298583,sichelii,0.0016831039792642734,lapidarius,True,True
10536374040636953708,9238b85da8d0146c,OPIE_Lapi_95C,data/Bombus/extraction/light/images/train/OPIE_Lapi_95C-P1.jpg,lapidarius,0.7448751734472312,sichelii,0.25426621775959557,pyrenaeus,0.000840829218049395,lapidarius,True,True
17871906371351471218,f805c427c371e472,OPIE_Lapi_A1b,data/Bombus/extraction/light/images/train/OPIE_Lapi_A1b-P1.jpg,lapidarius,0.9995537513962204,sichelii,0.00044488763199329557,pratorum,9.365294002569216e-07,lapidarius,True,True
17564403411422780866,f3c14bd7ad839dc2,OPIE_Lapi_A1,data/Bombus/extraction/light/images/train/OPIE_Lapi_A1-P1.jpg,lapidarius,0.9171201896925211,sichelii,0.08286172611853965,pyrenaeus,8.824615909949058e-06,lapidarius,True,True
12105770782259687513,a800566328e43059,OPIE_Lapi_B2b,data/Bombus/extraction/light/images/train/OPIE_Lapi_B2b-P1.jpg,pyrenaeus,0.9185765066975904,sichelii,0.06917975986750821,lapidarius,0.012176340093081531,lapidarius,False,True
3124950062446658847,2b5e0d866cf7c51f,OPIE_Lapi_B2,data/Bombus/extraction/light/images/train/OPIE_Lapi_B2-P1.jpg,lapidarius,0.8627498193564048,sichelii,0.1366145761081153,soroeensis,0.000629972431485149,lapidarius,True,True
4077451795579157143,389604ce08463a97,OPIE_Lapi_D1,data/Bombus/extraction/light/images/train/OPIE_Lapi_D1-P1.jpg,lapidarius,0.8754734146512777,sichelii,0.12451597679266163,pyrenaeus,7.800977456972424e-06,lapidarius,True,True
12260524480753766823,aa26220e634f11a7,OPIE_Lapi_E7,data/Bombus/extraction/light/images/train/OPIE_Lapi_E7-P1.jpg,lapidarius,0.9994981070524744,sichelii,0.000498014513001796,soroeensis,3.260343732023111e-06,lapidarius,True,True
4624230856255159731,402c9176aa7d3db3,OPIE_Lapi_H1,data/Bombus/extraction/light/images/train/OPIE_Lapi_H1-P1.jpg,lapidarius,0.9998572209952862,sichelii,0.00013297842292338594,wurflenii,9.782071936693458e-06,lapidarius,True,True
16386642213660178015,e3690c45eea2b65f,FR15ABOM130621006,data/Bombus/extraction/light/images/train/FR15ABOM130621006-P1.jpg,rupestris,0.9999999999999996,sichelii,5.100840004229119e-16,ruderarius,4.7427829290323446e-17,rupestris,True,True
14507689433624339979,c955aaacc2dde60b,FR73ABOM130722067,data/Bombus/extraction/light/images/train/FR73ABOM130722067-P1.jpg,pyrenaeus,0.9999709815124889,lapidarius,2.7948371941797485e-05,monticola,7.292483881429318e-07,pyrenaeus,True,True
14503095838776562829,c94558d31db9148d,CD387287,data/Bombus/extraction/light/images/train/CD387287-P1.jpg,soroeensis,0.8588656771619767,pyrenaeus,0.1283186046940917,monticola,0.011089314388317032,soroeensis,True,True
12926347631954705866,b3639caf3ddf3dca,FR73ABOM120722002,data/Bombus/extraction/light/images/train/FR73ABOM120722002-P1.jpg,pyrenaeus,0.9999238618432416,monticola,7.457625153929586e-05,soroeensis,8.498456213512612e-07,pyrenaeus,True,True
863501306950862096,0bfbc5dd17e44510,CD388623e,data/Bombus/extraction/light/images/train/CD388623e-P1.jpg,pyrenaeus,0.9999956748123157,sichelii,1.856579852055306e-06,lapidarius,1.7000192611164396e-06,pyrenaeus,True,True
4026951830027475834,37e29b5a8c659b7a,ABAURA8764,data/Bombus/extraction/light/images/train/ABAURA8764-P1.jpg,pratorum,0.99999908803653,wurflenii,4.312337501378688e-07,lapidarius,2.911352877706637e-07,pratorum,True,True
237978904919883992,034d788d9bc940d8,CD388865d,data/Bombus/extraction/light/images/train/CD388865d-P1.jpg,sichelii,0.7028136882734527,lapidarius,0.2766497143138425,pyrenaeus,0.020519230152279147,sichelii,True,True
4590326306408820074,3fb41d7480a0ed6a,OPIE_Lapi_260620b,data/Bombus/extraction/light/images/train/OPIE_Lapi_260620b-P1.jpg,lapidarius,0.9899042661356895,sichelii,0.010085117747340546,pyrenaeus,7.482601719012139e-06,lapidarius,True,True
4807958910670364641,42b94d27d52e5fe1,FR73ABOM140722011,data/Bombus/extraction/light/images/train/FR73ABOM140722011-P1.jpg,monticola,0.9974392833296866,pyrenaeus,0.0020960991399185938,lapidarius,0.0004640450965711402,monticola,True,True
3760389382947823392,342f96386bc15f20,FR15_ABOM30072020040,data/Bombus/extraction/light/images/train/FR15_ABOM30072020040-P1.jpg,pomorum,0.9999932053323116,sylvarum,6.502137803093958e-06,ruderarius,2.1119793604871746e-07,pomorum,True,True
3310530833203950963,2df15e40bb197573,FR15_ABOM30072020045,data/Bombus/extraction/light/images/train/FR15_ABOM30072020045-P1.jpg,pomorum,0.9999997448173595,sylvarum,1.1653975309742018e-07,ruderarius,9.405658029883225e-08,pomorum,True,True
261649694351689483,03a19102bf6c070b,BAR-2018.00332,data/Bombus/extraction/light/images/train/BAR-2018.00332-P1.jpg,sylvarum,0.9989356950577049,ruderarius,0.0010272651228736438,pomorum,3.407463982525912e-05,sylvarum,True,True
832418093629542600,0b8d57d8876590c8,2020.00470,data/Bombus/extraction/light/images/train/2020.00470-P1.jpg,rupestris,0.9999999616779324,pomorum,3.0396001340599525e-08,ruderarius,4.859280753383634e-09,rupestris,True,True
4602225485186206989,3fde63b1f4c60d0d,N126,data/Bombus/extraction/light/images/train/N126-P1.jpg,pratorum,0.9999999991866999,soroeensis,6.289894588237936e-10,ruderarius,1.8404784040991974e-10,pratorum,True,True
15633211265855500272,d8f452d167f3aff0,CollecYvan24,data/Bombus/extraction/light/images/train/CollecYvan24-P1.jpg,wurflenii,0.9999999836706785,sichelii,1.4772790067263983e-08,pratorum,7.56508445556997e-10,wurflenii,True,True
11842174371580282976,a457dad932470860,OPIE_Lapi_220620c,data/Bombus/extraction/light/images/train/OPIE_Lapi_220620c-P1.jpg,lapidarius,0.9998366200888924,sichelii,0.00016046817310941798,monticola,2.6265007383891707e-06,lapidarius,True,True
5337683515642052410,4a1342e0914d7f3a,CD388820b,data/Bombus/extraction/light/images/train/CD388820b-P1.jpg,wurflenii,0.9999999997186504,ruderarius,1.7239426485393346e-10,sichelii,6.652320361969019e-11,wurflenii,True,True
301920521128818234,0430a31d4448b63a,CD388862,data/Bombus/extraction/light/images/train/CD388862-P1.jpg,soroeensis,0.9999950163426173,pratorum,3.90836906873081e-06,lapidarius,5.468062448478956e-07,soroeensis,True,True
1295341113320580847,11f9f9e12a6ea6ef,FR15ABOM200821209,data/Bombus/extraction/light/images/train/FR15ABOM200821209-P1.jpg,pomorum,0.9999695073122704,sylvarum,2.4841617219414316e-05,pratorum,4.360067053564946e-06,pomorum,True,True
17375334099209028129,f121964e05160221,FR73ABOM200722029,data/Bombus/extraction/light/images/train/FR73ABOM200722029-P1.jpg,pyrenaeus,0.5959083983236682,monticola,0.23557363525691333,lapidarius,0.16805866001487105,pyrenaeus,True,True
7162845821407803689,63678a52fde73929,FR73ABOM130722009,data/Bombus/extraction/light/images/train/FR73ABOM130722009-P1.jpg,pyrenaeus,0.9923063776397287,pratorum,0.0066923729412415815,monticola,0.0009048060386374294,pyrenaeus,True,True
9472744296940937106,8375f2bfd3459f92,FR73ABOM130722062,data/Bombus/extraction/light/images/train/FR73ABOM130722062-P1.jpg,pyrenaeus,0.9994158277286105,pratorum,0.00046370587833244044,sichelii,8.232726368010856e-05,pyrenaeus,True,True
7365113051338714940,6636234c53a32f3c,CD388391,data/Bombus/extraction/light/images/train/CD388391-P1.jpg,soroeensis,0.9997156304123342,monticola,0.000137710202191944,pomorum,7.332805402509523e-05,soroeensis,True,True
11934681132344836463,a5a08141d8f8816f,ABAURA8526b,data/Bombus/extraction/light/images/train/ABAURA8526b-P1.jpg,wurflenii,0.9999972853547924,lapidarius,2.3504299768066476e-06,sichelii,2.5133188601779105e-07,wurflenii,True,True
13169735179754544497,b6c44c5ea73c1d71,FR15ABOM210822014,data/Bombus/extraction/light/images/train/FR15ABOM210822014-P1.jpg,pomorum,0.9999995792765046,sylvarum,3.401389113530459e-07,ruderarius,8.055861003249811e-08,pomorum,True,True
5539933956257844719,4ce1cc94d5df8def,OPIE_Lapi_130720d,data/Bombus/extraction/light/images/train/OPIE_Lapi_130720d-P1.jpg,lapidarius,0.8330337565776711,sichelii,0.16691799009957056,pyrenaeus,4.825202138999161e-05,lapidarius,True,True
8370211748038915056,7428f73cd0a933f0,CD388135,data/Bombus/extraction/light/images/train/CD388135-P1.jpg,sylvarum,0.9897319937839849,ruderarius,0.010243379497017042,pratorum,2.4520886236644965e-05,sylvarum,True,True
9314687546114532209,81446af8cbe96371,POLLINIS4351,data/Bombus/extraction/light/images/train/POLLINIS4351-P1.jpg,pratorum,0.999987194827424,soroeensis,6.782967637144561e-06,pyrenaeus,5.996771538850737e-06,pratorum,True,True
11010893526098553103,98ce8d52e2c0a90f,OPIE_Lapi_200720,data/Bombus/extraction/light/images/train/OPIE_Lapi_200720-P1.jpg,lapidarius,0.7375853878497916,sichelii,0.13534359736344462,pyrenaeus,0.10382177012911044,lapidarius,True,True
1112492554669920711,0f705e15905e11c7,FR15_ABOM09082020078,data/Bombus/extraction/light/images/train/FR15_ABOM09082020078-P1.jpg,sylvarum,0.9700473028437038,ruderarius,0.029952466965042876,pomorum,2.2833440570572056e-07,sylvarum,True,True
8760078073852116360,79920c9864a4bd88,NoName11,data/Bombus/extraction/light/images/train/NoName11-P1.jpg,sylvarum,0.9960135901564448,ruderarius,0.00396730249414169,pomorum,1.9106627150619044e-05,sylvarum,True,True
12800921339182342415,b1a60222c3ae610f,CD388865e,data/Bombus/extraction/light/images/train/CD388865e-P1.jpg,sichelii,0.9650759354576435,lapidarius,0.034916445322033376,soroeensis,3.6788907157800105e-06,sichelii,True,True
4462642608983095455,3dee7dcf0bf5b89f,OPIE_Lapi_260620,data/Bombus/extraction/light/images/train/OPIE_Lapi_260620-P1.jpg,lapidarius,0.9892746250566715,sichelii,0.01026466634164162,pyrenaeus,0.00046059425845491084,lapidarius,True,True
872193177287244272,0c1aa712dbb9b9f0,ABAURA8885d,data/Bombus/extraction/light/images/train/ABAURA8885d-P1.jpg,ruderarius,0.9991791437967116,sylvarum,0.0008208360009933188,pratorum,2.0199461895892427e-08,ruderarius,True,True
4333170969809670917,3c228409f68a5305,2020.00301,data/Bombus/extraction/light/images/train/2020.00301-P1.jpg,pratorum,0.9991802997362207,pyrenaeus,0.0007115967407805328,soroeensis,0.0001080991149877631,pratorum,True,True
13007146042205163992,b482aa691b4451d8,FR74ABOM160722015,data/Bombus/extraction/light/images/train/FR74ABOM160722015-P1.jpg,monticola,0.9966635933289933,pyrenaeus,0.0033359825911525405,soroeensis,3.56094009520454e-07,monticola,True,True
13340656971849020421,b92388d585663405,CD387770,data/Bombus/extraction/light/images/train/CD387770-P1.jpg,pratorum,0.9999999998981182,pyrenaeus,4.68809010712786e-11,soroeensis,1.816302049447243e-11,pratorum,True,True
17875196050790482763,f8117419f1d5034b,FR73ABOM140722032,data/Bombus/extraction/light/images/train/FR73ABOM140722032-P1.jpg,monticola,0.9999910611663001,pyrenaeus,8.934406194436647e-06,sichelii,3.925419708647372e-09,monticola,True,True
2710265050163025769,259ccbb41a1f9769,OPIE_Lapi_290602,data/Bombus/extraction/light/images/train/OPIE_Lapi_290602-P1.jpg,lapidarius,0.994499591088789,sichelii,0.00549346716870137,pyrenaeus,5.485227755726231e-06,lapidarius,True,True
10202333925364154768,8d95f8a69d3f4190,FR73ABOM120722027,data/Bombus/extraction/light/images/train/FR73ABOM120722027-P1.jpg,monticola,0.9910064083918488,pyrenaeus,0.008205070622393621,soroeensis,0.0007247385366528674,monticola,True,True
5251773072176711696,48e20bc8b80e0810,FR15ABOM220821055,data/Bombus/extraction/light/images/train/FR15ABOM220821055-P1.jpg,pomorum,0.9999978841207747,sylvarum,1.6620541813185787e-06,ruderarius,4.53823561000749e-07,pomorum,True,True
8429959900608503632,74fd3bdda28e9f50,ABAURA57210,data/Bombus/extraction/light/images/train/ABAURA57210-P1.jpg,ruderarius,0.8709729393365307,pratorum,0.12603887276509662,pomorum,0.0017790234187695948,pratorum,False,True
12906096559940638202,b31baa711c2715fa,UBC-2014.0001,data/Bombus/extraction/light/images/train/UBC-2014.0001-P1.jpg,rupestris,0.9999999999998326,lapidarius,1.24819889900544e-13,sichelii,4.1866431954936644e-14,rupestris,True,True
6957191546094752698,608ce8d9b35413ba,CD387577b,data/Bombus/extraction/light/images/train/CD387577b-P1.jpg,soroeensis,0.999765865297244,monticola,0.00014298152559493458,pyrenaeus,4.0566549799023316e-05,soroeensis,True,True
3387528626820919053,2f02eb569420af0d,ABAURA8238a,data/Bombus/extraction/light/images/train/ABAURA8238a-P1.jpg,sichelii,0.969115315021603,lapidarius,0.02137802558141189,soroeensis,0.00946683836331124,sichelii,True,True
11232863407506426036,9be325c13ee788b4,CD388016b,data/Bombus/extraction/light/images/train/CD388016b-P1.jpg,wurflenii,0.999999998406403,pratorum,9.746264882066626e-10,sichelii,4.794017544003572e-10,wurflenii,True,True
7499738219841212772,68146c2cf60e5164,FR15ABOM200821014,data/Bombus/extraction/light/images/train/FR15ABOM200821014-P1.jpg,pomorum,0.9999999998566451,sylvarum,1.2191662481532651e-10,pratorum,1.9065407830937825e-11,pomorum,True,True
1830542752117578347,196764ef36225a6b,ABAURA8240b,data/Bombus/extraction/light/images/train/ABAURA8240b-P1.jpg,pratorum,0.8438416131659036,pyrenaeus,0.09898332659095552,soroeensis,0.055536869796236656,pratorum,True,True
15660552309906550767,d955755a4a672fef,ABAURA8239,data/Bombus/extraction/light/images/train/ABAURA8239-P1.jpg,pratorum,0.9999993429347301,soroeensis,5.369657739389972e-07,ruderarius,9.626088119943471e-08,pratorum,True,True
2447862899245364797,21f88e566860b63d,ABAURA8240d,data/Bombus/extraction/light/images/train/ABAURA8240d-P1.jpg,pyrenaeus,0.5751164382444909,soroeensis,0.4233712175119742,monticola,0.001412102210211461,pyrenaeus,True,True
16524577850280173422,e5531800fd3cdf6e,ABAURA8212,data/Bombus/extraction/light/images/train/ABAURA8212-P1.jpg,pyrenaeus,0.9837931261531716,lapidarius,0.006874313125387434,monticola,0.005056657161450056,pyrenaeus,True,True
2900520151789935423,2840b7b5df4d1b3f,CD388872b,data/Bombus/extraction/light/images/train/CD388872b-P1.jpg,soroeensis,0.9767520206634887,lapidarius,0.02154820734101881,pratorum,0.0008247473107971702,soroeensis,True,True
12383052080291443240,abd9704240eef228,CollecYvan22,data/Bombus/extraction/light/images/train/CollecYvan22-P1.jpg,wurflenii,0.9999999999295506,sichelii,6.322372265190041e-11,ruderarius,3.7690164986282046e-12,wurflenii,True,True
14644218209795653249,cb3ab6df982d3e81,FR04ABOM220722055,data/Bombus/extraction/light/images/train/FR04ABOM220722055-P1.jpg,ruderarius,0.7964089826638983,sylvarum,0.20359085001310526,pomorum,1.427846917502901e-07,ruderarius,True,True
11992702341927143056,a66ea33d6b900690,OPPO.2021.03276,data/Bombus/extraction/light/images/train/OPPO.2021.03276-P1.jpg,pratorum,0.9999490683516545,pyrenaeus,4.7773868136539284e-05,soroeensis,1.6202322186075826e-06,pratorum,True,True
3878154130502388678,35d1f8a264cf0bc6,N385,data/Bombus/extraction/light/images/train/N385-P1.jpg,pratorum,0.9999929829908335,pyrenaeus,5.212030163845881e-06,sylvarum,1.6630096830613454e-06,pratorum,True,True
3291313926846668442,2dad18940dfdde9a,CD388865,data/Bombus/extraction/light/images/train/CD388865-P1.jpg,lapidarius,0.6721000539512674,sichelii,0.3278781140804805,pyrenaeus,2.17074262322735e-05,sichelii,False,True
17842027799636431468,f79b9dc0adf9526c,FR73ABOM140722033,data/Bombus/extraction/light/images/train/FR73ABOM140722033-P1.jpg,monticola,0.9521037259620526,pyrenaeus,0.04264401344142416,sichelii,0.004303277772930717,monticola,True,True
14757963001834769360,ccced128bcb80bd0,FR15_ABOM180720048,data/Bombus/extraction/light/images/train/FR15_ABOM180720048-P1.jpg,wurflenii,0.9999999778231636,lapidarius,2.0272710496877444e-08,sichelii,1.8846723531672574e-09,wurflenii,True,True
11843984164949679961,a45e48d88d2d5f59,POLLINIS4984,data/Bombus/extraction/light/images/train/POLLINIS4984-P1.jpg,sylvarum,0.9939439101960421,ruderarius,0.006055977498127735,pomorum,1.1096212247307569e-07,sylvarum,True,True
6971704227088107159,60c0780e8ead0697,FR73ABOM120722103,data/Bombus/extraction/light/images/train/FR73ABOM120722103-P1.jpg,pyrenaeus,0.9994975172273776,monticola,0.00047170783852838044,soroeensis,1.4621478391059522e-05,pyrenaeus,True,True
11790041142160868541,a39ea3f3d5bd44bd,FR15_ABOM17082020015,data/Bombus/extraction/light/images/train/FR15_ABOM17082020015-P1.jpg,sylvarum,0.9998272993744176,ruderarius,0.0001727003239101999,pomorum,2.1060309682537902e-10,sylvarum,True,True
8835006079579684094,7a9c3f3831c37cfe,CD388623b,data/Bombus/extraction/light/images/train/CD388623b-P1.jpg,monticola,0.9594190475452619,soroeensis,0.04008954692663029,pyrenaeus,0.0003825592485877262,monticola,True,True
16316882401233207068,e2713617e753ff1c,FR04ABOM220722087,data/Bombus/extraction/light/images/train/FR04ABOM220722087-P1.jpg,monticola,0.9816828535624454,soroeensis,0.018250226336672438,pyrenaeus,6.368884503975153e-05,monticola,True,True
18016639946553715165,fa07f6933c7269dd,2020.03936,data/Bombus/extraction/light/images/train/2020.03936-P1.jpg,pyrenaeus,0.9999371161643649,monticola,5.519366250418205e-05,sichelii,7.08461728316191e-06,pyrenaeus,True,True
9440562344015406887,83039d6f02f7a727,FR73ABOM130722003,data/Bombus/extraction/light/images/train/FR73ABOM130722003-P1.jpg,lapidarius,0.9162596984828076,pyrenaeus,0.04960634612938666,sichelii,0.03410070299802265,sichelii,False,True
3515043809550027398,30c7f1b8a62a4a86,FR15ABOM210821048,data/Bombus/extraction/light/images/train/FR15ABOM210821048-P1.jpg,pomorum,0.9999989813986484,sylvarum,7.88613011353535e-07,ruderarius,2.2997760941506002e-07,pomorum,True,True
2650952391160599399,24ca132787999367,FR15_ABOM30072020036,data/Bombus/extraction/light/images/train/FR15_ABOM30072020036-P1.jpg,sylvarum,0.6562361201161623,ruderarius,0.3437546797897805,pomorum,9.20008768983008e-06,sylvarum,True,True
5605431821918353718,4dca7e8b0e1d3936,FR73ABOM200722028,data/Bombus/extraction/light/images/train/FR73ABOM200722028-P1.jpg,monticola,0.8817325359570378,pyrenaeus,0.1182205696874087,soroeensis,1.8576386315780014e-05,pyrenaeus,False,True
1189354874402479125,10816ff4f0a39c15,2020.00377,data/Bombus/extraction/light/images/train/2020.00377-P1.jpg,ruderarius,0.9286077823103016,sylvarum,0.07088216154012007,pratorum,0.000508771541156271,ruderarius,True,True
14081792527659565521,c36c93b203e601d1,ABAURA8607,data/Bombus/extraction/light/images/train/ABAURA8607-P1.jpg,pratorum,0.9999995503318412,pyrenaeus,2.610133348607532e-07,wurflenii,9.187127996530141e-08,pratorum,True,True
9228059258529235243,8010a700d6e3c12b,ABAURA8207e,data/Bombus/extraction/light/images/train/ABAURA8207e-P1.jpg,wurflenii,0.9999995686129566,sichelii,4.261457910879027e-07,lapidarius,5.189852319180339e-09,wurflenii,True,True
1947861145411699213,1b0831643c0cc20d,ABAURA8228b,data/Bombus/extraction/light/images/train/ABAURA8228b-P1.jpg,soroeensis,0.5440736864554074,pyrenaeus,0.4554513146853698,monticola,0.0003037207901316143,pyrenaeus,False,True
7741021162636128974,6b6da1bbd5b532ce,ABAURA8205c,data/Bombus/extraction/light/images/train/ABAURA8205c-P1.jpg,ruderarius,0.9973074174072736,sylvarum,0.002443088723266257,wurflenii,0.00013938470592887668,ruderarius,True,True
16607900361896173033,e67b1d62ffe71de9,FR15ABOM200722062,data/Bombus/extraction/light/images/train/FR15ABOM200722062-P1.jpg,wurflenii,0.9999985552862909,sichelii,1.4356698622542893e-06,lapidarius,8.406078969335005e-09,wurflenii,True,True
12464618058208898344,acfb38156475ed28,POLLINIS4343,data/Bombus/extraction/light/images/train/POLLINIS4343-P1.jpg,soroeensis,0.9858554596250948,pratorum,0.010949334664545982,pyrenaeus,0.003034059572107885,soroeensis,True,True
12577908137850252378,ae8db4cf8e0f2c5a,ABAURA8852,data/Bombus/extraction/light/images/train/ABAURA8852-P1.jpg,ruderarius,0.9996778696035202,sylvarum,0.0003219874952850344,pomorum,1.4289824779567846e-07,ruderarius,True,True
11982914650422950851,a64bdd62e848bbc3,ABAURA4923,data/Bombus/extraction/light/images/train/ABAURA4923-P1.jpg,ruderarius,0.9957505272840257,sylvarum,0.004249183728038259,pratorum,1.6018274368287406e-07,ruderarius,True,True
9976530197884135901,8a73c15b67d769dd,FR04ABOM220722031,data/Bombus/extraction/light/images/train/FR04ABOM220722031-P1.jpg,pyrenaeus,0.9930761697396542,lapidarius,0.004891076836023639,wurflenii,0.0009620949916678749,pyrenaeus,True,True
6203352448118058060,5616bc2f4ea06c4c,CollecYvan21,data/Bombus/extraction/light/images/train/CollecYvan21-P1.jpg,wurflenii,0.9999998786288907,sichelii,7.585976265426883e-08,lapidarius,4.5505422708863224e-08,wurflenii,True,True
7978389390285692736,6eb8eee10fb95f40,CD388821f,data/Bombus/extraction/light/images/train/CD388821f-P1.jpg,sichelii,0.9746925754936325,lapidarius,0.021158083063120753,pyrenaeus,0.0034147120494219794,sichelii,True,True
8955147532021889962,7c47133be5617baa,FR15ABOM110721013,data/Bombus/extraction/light/images/train/FR15ABOM110721013-P1.jpg,wurflenii,0.9772856196020892,soroeensis,0.018119754260471986,lapidarius,0.0018121822209250474,rupestris,False,False
468610495291809647,0680d6c33de35f6f,Znieff_galibier,data/Bombus/extraction/light/images/train/Znieff_galibier-P1.jpg,wurflenii,0.9999986962779553,sichelii,8.171491126482341e-07,lapidarius,4.86485070140974e-07,wurflenii,True,True
7184969366062886537,63b62392223dee89,ABAURA8885e,data/Bombus/extraction/light/images/train/ABAURA8885e-P1.jpg,ruderarius,0.999999864693751,sylvarum,1.2413831045053916e-07,pomorum,8.829934486653913e-09,ruderarius,True,True
6165114645677489787,558ee31b272a3e7b,FR73ABOM130722004,data/Bombus/extraction/light/images/train/FR73ABOM130722004-P1.jpg,pyrenaeus,0.9996080794750956,monticola,0.00015250013524634428,soroeensis,0.0001162264335762503,pyrenaeus,True,True
13191168787818872316,b710721f6a29fdfc,FR73ABOM120722118,data/Bombus/extraction/light/images/train/FR73ABOM120722118-P1.jpg,monticola,0.9980686337647221,pyrenaeus,0.0017330944483513633,sichelii,0.00019584900076218218,monticola,True,True
588901513831650592,082c32ce83a01520,ABAURA4936,data/Bombus/extraction/light/images/train/ABAURA4936-P1.jpg,ruderarius,0.999655505246517,sylvarum,0.00023787252335921857,wurflenii,0.0001066196534581438,ruderarius,True,True
17268736943750108210,efa6e0c1b3e3d432,D264520,data/Bombus/extraction/light/images/train/D264520-P1.jpg,pratorum,0.9999998403089416,pomorum,9.732679641342894e-08,pyrenaeus,2.173813538959988e-08,pratorum,True,True
14401723437061748880,c7dd3329937bb890,POLLINIS4981,data/Bombus/extraction/light/images/train/POLLINIS4981-P1.jpg,soroeensis,0.996842304020171,monticola,0.0031079669493054383,pyrenaeus,2.8059562898216652e-05,soroeensis,True,True
8354886638069760307,73f2852198ce4133,FR73ABOM130722002,data/Bombus/extraction/light/images/train/FR73ABOM130722002-P1.jpg,monticola,0.999868773323287,pyrenaeus,0.0001304035560894761,soroeensis,7.61553782894251e-07,monticola,True,True
5438437367507373059,4b7935f8bf7ccc03,ABAURA7781b,data/Bombus/extraction/light/images/train/ABAURA7781b-P1.jpg,wurflenii,0.9999997660268501,sichelii,1.57743015428537e-07,lapidarius,4.423675048145699e-08,wurflenii,True,True
4755632966065277692,41ff66fc78754afc,FR73ABOM120722028,data/Bombus/extraction/light/images/train/FR73ABOM120722028-P1.jpg,sichelii,0.8772830193841336,lapidarius,0.12219609903484126,pyrenaeus,0.0005043410967763603,sichelii,True,True
13019971304837851117,b4b03aeb42a3a7ed,FR15_STPONCY300921002,data/Bombus/extraction/light/images/train/FR15_STPONCY300921002-P1.jpg,sylvarum,0.9962978660936171,ruderarius,0.0037019470572305763,pomorum,1.8580831294913905e-07,sylvarum,True,True
553438941298709906,07ae35c8ecfa5592,FR15ABOM210822013,data/Bombus/extraction/light/images/train/FR15ABOM210822013-P1.jpg,pomorum,0.9999999999868956,sylvarum,1.1473872047879343e-11,ruderarius,1.23631937734544e-12,pomorum,True,True
15985445783901427963,ddd7b63ef5b5d8fb,2017.06254,data/Bombus/extraction/light/images/train/2017.06254-P1.jpg,sylvarum,0.9999315900116557,ruderarius,6.840995250341802e-05,pomorum,2.8488751901434502e-11,sylvarum,True,True
1337160185689612837,128e8c1ab3d32225,FR15ABOM210821014,data/Bombus/extraction/light/images/train/FR15ABOM210821014-P1.jpg,pomorum,0.9999997884984845,sylvarum,1.346122037676874e-07,ruderarius,7.688921097018394e-08,pomorum,True,True
99296896632137646,0160c6005b0ea7ae,FR04ABOM220722051,data/Bombus/extraction/light/images/train/FR04ABOM220722051-P1.jpg,ruderarius,0.99928556776405,sylvarum,0.0006511552820266637,pomorum,6.286628679067573e-05,ruderarius,True,True
212995334706910007,02f4b620e0055337,NoName1,data/Bombus/extraction/light/images/train/NoName1-P1.jpg,pratorum,0.9999366829316904,ruderarius,4.960051730502942e-05,sylvarum,8.299136172653504e-06,pratorum,True,True
10106934959757990745,8c430bcc0c5a1b59,2020.04013,data/Bombus/extraction/light/images/train/2020.04013-P1.jpg,pratorum,0.7162229833559686,sylvarum,0.2817606546557902,ruderarius,0.00198114842030514,sylvarum,False,True
13371557812334292517,b99150fc19c8ee25,FR73ABOM140722001,data/Bombus/extraction/light/images/train/FR73ABOM140722001-P1.jpg,monticola,0.9976899740634487,pyrenaeus,0.0014506259464442093,soroeensis,0.0008535309698737239,monticola,True,True
8543623170719374337,76910c01f9865c01,CD388612,data/Bombus/extraction/light/images/train/CD388612-P1.jpg,soroeensis,0.9994876481916992,monticola,0.0004546100534434828,pyrenaeus,5.742383356947365e-05,soroeensis,True,True
9999166416108528502,8ac42ce0aa2a2376,2020.00449,data/Bombus/extraction/light/images/train/2020.00449-P1.jpg,soroeensis,0.9999999782653541,monticola,1.0833383082858983e-08,pratorum,8.793670421217666e-09,soroeensis,True,True
2664269692851295681,24f9632b743d95c1,ABB-2020.00038,data/Bombus/extraction/light/images/train/ABB-2020.00038-P1.jpg,ruderarius,0.9491510432871646,sylvarum,0.050842266229570485,pomorum,6.6904242008408336e-06,ruderarius,True,True
2653424390411059067,24d2db6cb4ceff7b,CD388018b,data/Bombus/extraction/light/images/train/CD388018b-P1.jpg,ruderarius,0.9999863379281037,sylvarum,1.2662260288311116e-05,pomorum,9.996537606385543e-07,ruderarius,True,True
3071716573565786253,2aa0edf2f211988d,FR73ABOM200722037,data/Bombus/extraction/light/images/train/FR73ABOM200722037-P1.jpg,sichelii,0.605256862133839,pyrenaeus,0.30528188337101764,wurflenii,0.07245990589452637,pyrenaeus,False,True
6060318953209504703,541a93fa9f9ea3bf,FR15ABOM200821010,data/Bombus/extraction/light/images/train/FR15ABOM200821010-P1.jpg,pomorum,0.9999999910701346,sylvarum,5.389881883064089e-09,pyrenaeus,2.8575456170666333e-09,pomorum,True,True
12564751661149841254,ae5ef7109dd5e766,CD388821b,data/Bombus/extraction/light/images/train/CD388821b-P1.jpg,pyrenaeus,0.9758884984631045,lapidarius,0.017407354100324953,sichelii,0.0062058833785320535,pyrenaeus,True,True
13006273428952779461,b47f90c600550ac5,CD388821e,data/Bombus/extraction/light/images/train/CD388821e-P1.jpg,sichelii,0.9999140498321393,lapidarius,7.193856095068436e-05,pyrenaeus,1.3743833941675893e-05,sichelii,True,True
6712938529403497289,5d2926069c20eb49,VAN-2019.00814,data/Bombus/extraction/light/images/train/VAN-2019.00814-P1.jpg,rupestris,0.999999999996275,wurflenii,2.40896056861163e-12,lapidarius,9.618137799851993e-13,rupestris,True,True
4035117679073080213,37ff9e26700cb395,FR73ABOM200722031,data/Bombus/extraction/light/images/train/FR73ABOM200722031-P1.jpg,sichelii,0.9958754232425802,monticola,0.0034501205963490098,lapidarius,0.0004430668704498599,sichelii,True,True
1380833135987846944,1329b46bd4a4ef20,2013.0265,data/Bombus/extraction/light/images/train/2013.0265-P1.jpg,pratorum,0.9994690694347718,soroeensis,0.0005308117771380748,wurflenii,9.162106989749604e-08,pratorum,True,True
1796576246119554012,18eeb893c1dc5bdc,FR15ABOM210822016,data/Bombus/extraction/light/images/train/FR15ABOM210822016-P1.jpg,pomorum,0.9999969118817101,sylvarum,2.363475132287393e-06,pyrenaeus,4.017433742889885e-07,pomorum,True,True
3339551988593392573,2e5878d7050efbbd,ABAURA5633,data/Bombus/extraction/light/images/train/ABAURA5633-P1.jpg,ruderarius,0.9999099128115653,sylvarum,9.003734268662684e-05,pomorum,4.8667397412784506e-08,soroeensis,False,False
7387966764328137151,668754a1082bb1bf,ABAURA8207,data/Bombus/extraction/light/images/train/ABAURA8207-P1.jpg,lapidarius,0.6263416309983226,sichelii,0.37365832339195715,wurflenii,4.3589029527390467e-08,sichelii,False,True
14782892889748803438,cd2762c296200f6e,FR15_ABOM30072020048,data/Bombus/extraction/light/images/train/FR15_ABOM30072020048-P1.jpg,pomorum,0.9999987338114366,sichelii,9.162875541551935e-07,sylvarum,1.536550536494383e-07,pomorum,True,True
4788424157978948199,4273e666ca3bf267,OPIE_Lapi_130720,data/Bombus/extraction/light/images/train/OPIE_Lapi_130720-P1.jpg,lapidarius,0.9996181156968369,sichelii,0.00038129830437922443,pyrenaeus,5.814920076881635e-07,lapidarius,True,True
5225143912312650047,488370b449b0b93f,FR15_ABOM30072020042,data/Bombus/extraction/light/images/train/FR15_ABOM30072020042-P1.jpg,sylvarum,0.9977608416617436,ruderarius,0.002239085903201819,pomorum,7.24304901604217e-08,sylvarum,True,True
3465083710801758843,30167346b354ca7b,VAN-2019.00783,data/Bombus/extraction/light/images/train/VAN-2019.00783-P1.jpg,rupestris,0.9999999367426566,ruderarius,5.621928925736326e-08,wurflenii,6.6640281357504855e-09,rupestris,True,True
11976687165179560794,a635bd858282035a,ABAURA4928,data/Bombus/extraction/light/images/train/ABAURA4928-P1.jpg,ruderarius,0.9992140217023182,sylvarum,0.0007859117180419243,pomorum,6.623048978371375e-08,ruderarius,True,True
852314764455122837,0bd407c3342b1795,FR05ABOM220722027,data/Bombus/extraction/light/images/train/FR05ABOM220722027-P1.jpg,sichelii,0.9011530162169162,lapidarius,0.06717584716384081,pyrenaeus,0.03166302595077743,sichelii,True,True
6807800007880421484,5e7a2a09b39d306c,FR15ABOM170821030b,data/Bombus/extraction/light/images/train/FR15ABOM170821030b-P1.jpg,pomorum,0.9999688998493731,sylvarum,3.103800004142478e-05,pratorum,3.5788563293861604e-08,pomorum,True,True
16428271959601214815,e3fcf24e798a755f,CD388872c,data/Bombus/extraction/light/images/train/CD388872c-P1.jpg,soroeensis,0.9996772178383897,pomorum,0.00028471517311631095,pyrenaeus,1.889199244366289e-05,soroeensis,True,True
14373791514421266303,c779f73a0c9a877f,2019.01788,data/Bombus/extraction/light/images/train/2019.01788-P1.jpg,pratorum,0.993045768933073,pyrenaeus,0.006909727526443335,monticola,4.4038372399391896e-05,pratorum,True,True
4117436397714454676,39241296af08b894,CD388408,data/Bombus/extraction/light/images/train/CD388408-P1.jpg,monticola,0.9854156596175679,soroeensis,0.011600041293554903,pyrenaeus,0.0028054441501941837,monticola,True,True
11358337770596493424,9da0ec05f74e6870,15L2021-1757,data/Bombus/extraction/light/images/train/15L2021-1757-P1.jpg,rupestris,0.9999999999998073,sichelii,1.8789782760359207e-13,lapidarius,4.613325001431694e-15,rupestris,True,True
7351069948447695000,66043f2ba4462098,ABAURA8625,data/Bombus/extraction/light/images/train/ABAURA8625-P1.jpg,soroeensis,0.9998196848064079,lapidarius,9.837705071072747e-05,sichelii,5.7231355759152147e-05,soroeensis,True,True
17813796247005251307,f737514e1bef46eb,CollecYvan23,data/Bombus/extraction/light/images/train/CollecYvan23-P1.jpg,wurflenii,0.9999999980199654,lapidarius,1.2491178765663888e-09,sichelii,6.627052254978666e-10,wurflenii,True,True
15905916710139990467,dcbd2af986d811c3,FR73ABOM200722019,data/Bombus/extraction/light/images/train/FR73ABOM200722019-P1.jpg,pyrenaeus,0.5867300020367756,sichelii,0.4027463752422935,lapidarius,0.010029122732397895,pyrenaeus,True,True
9092116592565040041,7e2dafde6c4633a9,ABAURA7150,data/Bombus/extraction/light/images/train/ABAURA7150-P1.jpg,ruderarius,0.9999805507442363,sylvarum,1.941476222532383e-05,pomorum,3.449173837735512e-08,ruderarius,True,True
2257176293908315282,1f5319e159d67c92,FR15ABOM100721030,data/Bombus/extraction/light/images/train/FR15ABOM100721030-P1.jpg,rupestris,0.9999999999988958,sichelii,7.676763683343969e-13,lapidarius,2.023849243352034e-13,rupestris,True,True
14705502128469706951,cc147045d33008c7,OPIE_Lapi_220620,data/Bombus/extraction/light/images/train/OPIE_Lapi_220620-P1.jpg,lapidarius,0.8703624965956982,monticola,0.09757246865019086,pyrenaeus,0.019927043831097013,lapidarius,True,True
9635438670476658282,85b7f46b88d2c66a,CD388018e,data/Bombus/extraction/light/images/train/CD388018e-P1.jpg,wurflenii,0.9999977531838282,sichelii,2.0998589015510444e-06,lapidarius,1.339235476003998e-07,wurflenii,True,True
16960526325327116886,eb5fe4d508c8ba56,15L2021-1420,data/Bombus/extraction/light/images/train/15L2021-1420-P1.jpg,rupestris,0.9999999444793617,lapidarius,3.559735767212585e-08,sichelii,1.9922221786128634e-08,rupestris,True,True
5392020411217457441,4ad44dfef045b121,FR15ABOM200821004,data/Bombus/extraction/light/images/train/FR15ABOM200821004-P1.jpg,pomorum,0.9999999999633802,sylvarum,3.599269552822016e-11,ruderarius,5.391373821205672e-13,pomorum,True,True
17371808809366885428,f115101284509434,ABB.2017.20260,data/Bombus/extraction/light/images/train/ABB.2017.20260-P1.jpg,pratorum,0.9999783940848099,pyrenaeus,1.9991097962931504e-05,lapidarius,1.403299734802987e-06,pratorum,True,True
3586075772514471409,31c44cea4e5c0df1,15L2021-1748,data/Bombus/extraction/light/images/train/15L2021-1748-P1.jpg,pomorum,0.999999394798864,sylvarum,4.2617779334973615e-07,ruderarius,1.7895658420563242e-07,pomorum,True,True
8755925800148820373,79834c1fd58c6195,FR73ABOM120722042,data/Bombus/extraction/light/images/train/FR73ABOM120722042-P1.jpg,pyrenaeus,0.9997509029278062,monticola,0.0002490770103732341,pratorum,9.475049300091289e-09,pyrenaeus,True,True
3309950261087369460,2def4e39c052f8f4,POLLINIS4402,data/Bombus/extraction/light/images/train/POLLINIS4402-P1.jpg,sylvarum,0.6193137702960941,ruderarius,0.3806862287631912,pomorum,5.925317590576165e-10,ruderarius,False,True
2345381983841562254,208c787ce97a2e8e,FR73ABOM200722039,data/Bombus/extraction/light/images/train/FR73ABOM200722039-P1.jpg,pyrenaeus,0.9999111042214209,sichelii,5.1570710885424626e-05,monticola,3.548907066988253e-05,pyrenaeus,True,True
7265099306784680032,64d2d153ced66860,ABB-2020.00106,data/Bombus/extraction/light/images/train/ABB-2020.00106-P1.jpg,sylvarum,0.9929970074787672,ruderarius,0.00698618054784108,sichelii,1.6653766675712748e-05,sylvarum,True,True
7834328754542304024,6cb9207e841f5b18,FR73ABOM200722040,data/Bombus/extraction/light/images/train/FR73ABOM200722040-P1.jpg,pyrenaeus,0.9998731611862478,soroeensis,5.6465905800150065e-05,sichelii,5.5363251276915e-05,pyrenaeus,True,True
13088359700698759174,b5a331cd7cb00006,FR05ABOM220722026,data/Bombus/extraction/light/images/train/FR05ABOM220722026-P1.jpg,sichelii,0.5444701026002974,lapidarius,0.4555273678931126,pyrenaeus,2.399127074916983e-06,sichelii,True,True
801282260485227957,0b1eb9f8750b45b5,CD388013,data/Bombus/extraction/light/images/train/CD388013-P1.jpg,wurflenii,0.9999999150469471,sichelii,8.331863543470295e-08,lapidarius,9.55903550897894e-10,wurflenii,True,True
5201098950936950997,482e03f07440f8d5,ABAURA7781,data/Bombus/extraction/light/images/train/ABAURA7781-P1.jpg,wurflenii,0.9999595736699041,lapidarius,3.67923741420233e-05,sichelii,3.613000643605201e-06,wurflenii,True,True
1106221453501318564,0f5a168d0adcc5a4,N384,data/Bombus/extraction/light/images/train/N384-P1.jpg,pratorum,0.9956146374033001,sylvarum,0.0043840663991884,ruderarius,1.0912342409302996e-06,pratorum,True,True
16478296944343896150,e4aeabc3df05d056,FR73ABOM200722032,data/Bombus/extraction/light/images/train/FR73ABOM200722032-P1.jpg,monticola,0.9989677473758479,pyrenaeus,0.0010322519179960282,soroeensis,6.989018475179224e-10,monticola,True,True
706547559935439005,09ce294326def09d,2020.06207,data/Bombus/extraction/light/images/train/2020.06207-P1.jpg,soroeensis,0.99999983849258,pyrenaeus,1.1582564413465026e-07,monticola,2.398658125887118e-08,soroeensis,True,True
3926483213076157580,367dabadcbf0548c,CollecYvan6,data/Bombus/extraction/light/images/train/CollecYvan6-P1.jpg,sichelii,0.9821016127604377,lapidarius,0.016071118504356146,pyrenaeus,0.001784740975573337,sichelii,True,True
15207845735812669925,d30d1f1f420da1e5,FR15_ABOM25082020008,data/Bombus/extraction/light/images/train/FR15_ABOM25082020008-P1.jpg,sylvarum,0.9933980213366674,ruderarius,0.006601449656225167,pomorum,4.627717064221327e-07,sylvarum,True,True
4878377867547976969,43b37ad2e3532509,ABAURA4923b,data/Bombus/extraction/light/images/train/ABAURA4923b-P1.jpg,ruderarius,0.9995731904254795,sylvarum,0.0004268095492519441,pomorum,2.5268623505463225e-11,ruderarius,True,True
1933432062129022602,1ad4ee377c8d268a,CD387804,data/Bombus/extraction/light/images/train/CD387804-P1.jpg,monticola,0.9937834122876853,pyrenaeus,0.005073273121159319,soroeensis,0.000784565958039121,monticola,True,True
7284058431194993121,65162c8cf29111e1,CD387766,data/Bombus/extraction/light/images/train/CD387766-P1.jpg,sylvarum,0.9994235688204429,ruderarius,0.0005764123328147956,pratorum,1.7684256474214834e-08,sylvarum,True,True
405993825114147364,05a2613b9eee4a24,OPIE_Lapi_240620b,data/Bombus/extraction/light/images/train/OPIE_Lapi_240620b-P1.jpg,lapidarius,0.636988076752551,sichelii,0.3630081028758815,pyrenaeus,3.8122827137610957e-06,lapidarius,True,True
13967654263441793174,c1d7138c7deb2096,FR15ABOM210821174,data/Bombus/extraction/light/images/train/FR15ABOM210821174-P1.jpg,sylvarum,0.9999563571040525,ruderarius,4.363755872110296e-05,pomorum,5.317829880555134e-09,sylvarum,True,True
14920522785349420611,cf10586bc3dfc643,CD388018d,data/Bombus/extraction/light/images/train/CD388018d-P1.jpg,wurflenii,0.9999999999975904,sichelii,2.263013418645764e-12,pyrenaeus,7.054845136678988e-14,wurflenii,True,True
9474948155447028002,837dc7259ea9a922,VAN-2019.00788,data/Bombus/extraction/light/images/train/VAN-2019.00788-P1.jpg,rupestris,0.9999999999999771,sichelii,2.2575007777299113e-14,lapidarius,1.3829834173210887e-16,rupestris,True,True
13414340853390882326,ba294fef165fb616,2019.02175,data/Bombus/extraction/light/images/train/2019.02175-P1.jpg,pratorum,0.9999232776004626,soroeensis,7.545319936914328e-05,monticola,9.904191934150855e-07,pratorum,True,True
18060944006453231708,faa55ce204dd805c,CD388391b,data/Bombus/extraction/light/images/train/CD388391b-P1.jpg,wurflenii,0.9999999505025212,sichelii,4.1931380935561584e-08,lapidarius,6.854831547170669e-09,wurflenii,True,True
4820186288500536330,42e4bde41548740a,FR15_ABOM180720047,data/Bombus/extraction/light/images/train/FR15_ABOM180720047-P1.jpg,wurflenii,0.9999745043576741,sichelii,2.4026208735654812e-05,pyrenaeus,9.403182964783188e-07,wurflenii,True,True
14134716253543522473,c428998b2d66e0a9,FR15ABOM120621015,data/Bombus/extraction/light/images/train/FR15ABOM120621015-P1.jpg,rupestris,1.0,wurflenii,3.725462119528775e-17,sichelii,2.2634047855904334e-17,rupestris,True,True
13596130563493347530,bcaf28b64cda40ca,FR73ABOM140722015,data/Bombus/extraction/light/images/train/FR73ABOM140722015-P1.jpg,monticola,0.9996656753575303,pyrenaeus,0.00024295361189606156,lapidarius,5.054937882405093e-05,monticola,True,True
6329744970108398011,57d7c5838e2069bb,N205,data/Bombus/extraction/light/images/train/N205-P1.jpg,soroeensis,0.5129175360114936,pratorum,0.472997197902471,sichelii,0.013963727769611163,pratorum,False,True
14370219935108705464,c76d46e4f0642cb8,FR73ABOM120722070,data/Bombus/extraction/light/images/train/FR73ABOM120722070-P1.jpg,monticola,0.9999953868924633,pyrenaeus,4.572342718149776e-06,soroeensis,2.7312778014933862e-08,monticola,True,True
9316986316550313504,814c95b0ff281620,ABAURA8206,data/Bombus/extraction/light/images/train/ABAURA8206-P1.jpg,pyrenaeus,0.5245152755640223,pratorum,0.41114278324136716,soroeensis,0.055921329927119054,pyrenaeus,True,True
9227148406712559283,800d6a969fe9e6b3,ABAURA8239c,data/Bombus/extraction/light/images/train/ABAURA8239c-P1.jpg,soroeensis,0.999973356857168,sichelii,9.985143694129382e-06,pyrenaeus,7.312560983317765e-06,soroeensis,True,True
3035649698333327847,2a20cb512bae01e7,CollecYvan3,data/Bombus/extraction/light/images/train/CollecYvan3-P1.jpg,sichelii,0.9972347503282031,lapidarius,0.002748924174775688,wurflenii,1.0904766945475767e-05,sichelii,True,True
16959741797534013896,eb5d1b4eec5c19c8,FR15ABOM170821009,data/Bombus/extraction/light/images/train/FR15ABOM170821009-P1.jpg,sylvarum,0.9997751708435322,ruderarius,0.00022478257704081365,pratorum,3.473774940414197e-08,sylvarum,True,True
4544035297747869988,3f0fa80729192124,N407,data/Bombus/extraction/light/images/train/N407-P1.jpg,pratorum,0.9999999977681759,soroeensis,2.0288349184388797e-09,pyrenaeus,1.7473402852846186e-10,pratorum,True,True
8520210273946105945,763dde1a2630f859,CEN187839,data/Bombus/extraction/light/images/train/CEN187839-P1.jpg,ruderarius,0.999895591342792,sylvarum,0.00010440865516514008,pomorum,2.0427872406976824e-12,pratorum,False,False
7622893361005624207,69c9f51fbf6c7b8f,NoName14,data/Bombus/extraction/light/images/train/NoName14-P1.jpg,pomorum,0.9999999998903959,sylvarum,6.612629059229517e-11,ruderarius,4.2534696461907655e-11,pomorum,True,True
15465287077909907605,d69fbca8a4424895,CD387577,data/Bombus/extraction/light/images/train/CD387577-P1.jpg,soroeensis,0.9999903470723179,pyrenaeus,6.637103432376388e-06,pratorum,2.8851914712664245e-06,soroeensis,True,True
10398067862439766412,904d5ba12b20a98c,FR73ABOM130722064,data/Bombus/extraction/light/images/train/FR73ABOM130722064-P1.jpg,pyrenaeus,0.9996539593322972,monticola,0.0002913582251554054,sichelii,2.9527841359593507e-05,pyrenaeus,True,True
17758657132897350379,f6736c92ae4db2eb,2020.00254,data/Bombus/extraction/light/images/train/2020.00254-P1.jpg,pyrenaeus,0.9992115059465162,monticola,0.000781851368243657,lapidarius,5.1596363692449295e-06,pyrenaeus,True,True
4579006696957788984,3f8be6548c4dc338,FR73ABOM120722090,data/Bombus/extraction/light/images/train/FR73ABOM120722090-P1.jpg,monticola,0.9827284471309821,lapidarius,0.011137591078071907,pyrenaeus,0.005717570302688545,monticola,True,True
3141909722524865970,2b9a4e3eff70d5b2,CollecYvan1,data/Bombus/extraction/light/images/train/CollecYvan1-P1.jpg,sichelii,0.8413403412319685,lapidarius,0.15823016618890698,pyrenaeus,0.00040477627268363064,sichelii,True,True
2044621777646983297,1c5ff4ac84ad1881,CD388862b,data/Bombus/extraction/light/images/train/CD388862b-P1.jpg,sylvarum,0.987276945984424,pomorum,0.008347113756113385,ruderarius,0.004375545751214367,sylvarum,True,True
9415775769847962471,82ab8e2cfe849b67,D264520b,data/Bombus/extraction/light/images/train/D264520b-P1.jpg,pyrenaeus,0.6917388792807774,monticola,0.2689206558967666,soroeensis,0.021232268169893046,soroeensis,False,True
16755267735539997371,e886ab3b756cdabb,FR05ABOM220722025,data/Bombus/extraction/light/images/train/FR05ABOM220722025-P1.jpg,ruderarius,0.9111264043115158,sylvarum,0.08887326265773877,pomorum,3.3288204090674484e-07,ruderarius,True,True
136842298104306452,01e6295858c15b14,ABAURA8606,data/Bombus/extraction/light/images/train/ABAURA8606-P1.jpg,ruderarius,0.9790701330205542,sylvarum,0.020922893300514417,pomorum,6.965962888290979e-06,ruderarius,True,True
12263478704584104906,aa30a0e8394d9bca,FR15_ABOM180720046,data/Bombus/extraction/light/images/train/FR15_ABOM180720046-P1.jpg,wurflenii,0.9832557955523777,pyrenaeus,0.012549070765328591,soroeensis,0.002507523468929668,wurflenii,True,True
11816409847352079007,a3fc52266fd9329f,ABAURA5593,data/Bombus/extraction/light/images/train/ABAURA5593-P1.jpg,sylvarum,0.8423811999981017,ruderarius,0.1576116868226791,pomorum,7.1101719123736905e-06,sylvarum,True,True
5832880314710366699,50f28dbe07ae19eb,FR15ABOM210821115,data/Bombus/extraction/light/images/train/FR15ABOM210821115-P1.jpg,pomorum,0.971361042388695,sylvarum,0.020833402463129744,ruderarius,0.007805469956892211,pomorum,True,True
7154756992072110705,634acd93a6b35271,2019.02167,data/Bombus/extraction/light/images/train/2019.02167-P1.jpg,pratorum,0.9999998952689303,pyrenaeus,1.0370948447146251e-07,soroeensis,9.016363072328393e-10,pratorum,True,True
11664607190495394597,a1e1027021f1fb25,CD388145b,data/Bombus/extraction/light/images/train/CD388145b-P1.jpg,soroeensis,0.9999996288427683,monticola,1.1470490763380495e-07,lapidarius,1.0443163076810627e-07,soroeensis,True,True
13950191663076464164,c19909680249d624,FR15ABOM100721032,data/Bombus/extraction/light/images/train/FR15ABOM100721032-P1.jpg,rupestris,0.9999999936175297,wurflenii,4.249406215252657e-09,ruderarius,2.11329517896627e-09,rupestris,True,True
9079275054249078488,7e00108eca94eed8,NoName5,data/Bombus/extraction/light/images/train/NoName5-P1.jpg,sylvarum,0.9996516179934289,ruderarius,0.0003360529263999687,pomorum,1.2252177337235888e-05,sylvarum,True,True
7442365206385433313,674897b94f549ae1,FR04ABOM220722001,data/Bombus/extraction/light/images/train/FR04ABOM220722001-P1.jpg,sichelii,0.9885987491656234,lapidarius,0.011386207962385677,pyrenaeus,1.492364379303883e-05,sichelii,True,True
8296485138118779534,73230946c5e0a28e,FR73ABOM130722041,data/Bombus/extraction/light/images/train/FR73ABOM130722041-P1.jpg,sichelii,0.9521253593870085,lapidarius,0.04555856179061013,pyrenaeus,0.0023059856187813126,sichelii,True,True
12976347618859849647,b4153f68602097af,NoName4,data/Bombus/extraction/light/images/train/NoName4-P1.jpg,sylvarum,0.9993583447504746,ruderarius,0.0006415926109302492,pratorum,5.01126231438859e-08,sylvarum,True,True
14967510214330037644,cfb7473d192c358c,CD388146,data/Bombus/extraction/light/images/train/CD388146-P1.jpg,sylvarum,0.9960382954219905,ruderarius,0.0039616746932699285,pomorum,2.9350353724831684e-08,sylvarum,True,True
12022423891467442304,a6d83ad4ee161880,FR15ABOM200821233,data/Bombus/extraction/light/images/train/FR15ABOM200821233-P1.jpg,pomorum,0.9999999958677901,sylvarum,2.8867751687540584e-09,pyrenaeus,8.959896313348494e-10,pomorum,True,True
9908280004813235641,8981482b05ffa5b9,FR15ABOM200722063,data/Bombus/extraction/light/images/train/FR15ABOM200722063-P1.jpg,wurflenii,0.9999937918977302,lapidarius,4.525892323033195e-06,sichelii,1.6800799993324952e-06,wurflenii,True,True
6578788884107690536,5b4c8da259870228,FR15_ABOM30072020071,data/Bombus/extraction/light/images/train/FR15_ABOM30072020071-P1.jpg,pomorum,0.9999999817329405,sylvarum,1.3400711684245197e-08,ruderarius,4.853889451413601e-09,pomorum,True,True
13266038745107906695,b81a6ff3c2b9c087,ABAURA8238e,data/Bombus/extraction/light/images/train/ABAURA8238e-P1.jpg,sichelii,0.9586365749800028,lapidarius,0.02889102007011357,pratorum,0.0066988786728427886,sichelii,True,True
14041957165414071063,c2df0da4fbc1bb17,RuppSupp1,data/Bombus/extraction/light/images/train/RuppSupp1-P1.jpg,rupestris,0.9999999999468241,sichelii,4.0018960824612807e-11,wurflenii,1.2811479861660458e-11,rupestris,True,True
7167893550050754837,63797934e696c115,CD388018,data/Bombus/extraction/light/images/train/CD388018-P1.jpg,ruderarius,0.9998693489248682,sylvarum,0.00010898321739950519,pomorum,2.1667856321866485e-05,ruderarius,True,True
12657540653093940609,afa89e2955baed81,FR15ABOM150720008,data/Bombus/extraction/light/images/train/FR15ABOM150720008-P1.jpg,pomorum,0.9999998558767506,sylvarum,8.177192412326074e-08,ruderarius,6.115669521777119e-08,pomorum,True,True
10412061945114421453,907f132c71e868cd,2020.00339,data/Bombus/extraction/light/images/train/2020.00339-P1.jpg,soroeensis,0.9999827931602144,pratorum,1.7194002187307066e-05,pyrenaeus,7.418290375718825e-09,soroeensis,True,True
7162859403786930774,636796ad62c94a56,CollecYvan20,data/Bombus/extraction/light/images/train/CollecYvan20-P1.jpg,wurflenii,0.9999990572219906,lapidarius,6.919464990565634e-07,sichelii,2.5033470233919895e-07,wurflenii,True,True
12880042043054501967,b2bf19ff2c5c304f,ABAURA8747,data/Bombus/extraction/light/images/train/ABAURA8747-P1.jpg,pratorum,0.9999972718982194,pyrenaeus,2.529762457145644e-06,soroeensis,1.2923243967015503e-07,pratorum,True,True
12540923724816972619,ae0a4faedcfbfb4b,15G2021-1200,data/Bombus/extraction/light/images/train/15G2021-1200-P1.jpg,sylvarum,0.9996259314523606,ruderarius,0.00037373555084870653,pomorum,3.238213629408982e-07,sylvarum,True,True
5733358876412130106,4f90fb857e60b33a,FR15ABOM210821043,data/Bombus/extraction/light/images/train/FR15ABOM210821043-P1.jpg,pomorum,0.9999121236795896,ruderarius,5.611755467860876e-05,sylvarum,3.1240105455814165e-05,pomorum,True,True
12005298474470955891,a69b635b11615b73,ABAURA8233,data/Bombus/extraction/light/images/train/ABAURA8233-P1.jpg,pratorum,0.9999975763227693,pyrenaeus,1.642735291373917e-06,soroeensis,5.12707279774876e-07,pratorum,True,True
13271635602632642687,b82e5243b358907f,CollecYvan15,data/Bombus/extraction/light/images/train/CollecYvan15-P1.jpg,monticola,0.9907794122670259,pyrenaeus,0.009218282378460528,lapidarius,1.038814331988712e-06,monticola,True,True
16165278311840687129,e0569afa30972419,FR73ABOM140722031,data/Bombus/extraction/light/images/train/FR73ABOM140722031-P1.jpg,monticola,0.9967393704460037,pyrenaeus,0.0030508077376376354,sichelii,0.00016998220793128178,monticola,True,True
16815469445730459488,e95c8c5e6432df60,CD387759,data/Bombus/extraction/light/images/train/CD387759-P1.jpg,soroeensis,0.9989611268318935,pratorum,0.0010388729890975358,pomorum,1.0521804718992529e-10,soroeensis,True,True
13245534656852342847,b7d19797b1cf383f,ABAURA8239b,data/Bombus/extraction/light/images/train/ABAURA8239b-P1.jpg,pratorum,0.9999930454877042,soroeensis,6.403220398799533e-06,pyrenaeus,4.123235421276734e-07,pratorum,True,True
14727478688528473802,cc6283d672e01eca,ABAURA8595,data/Bombus/extraction/light/images/train/ABAURA8595-P1.jpg,ruderarius,0.9960975089311224,sylvarum,0.003900159946423256,pomorum,2.3311143334267185e-06,ruderarius,True,True
7715891500776423059,6b145a707d3bfe93,FR73ABOM130722046,data/Bombus/extraction/light/images/train/FR73ABOM130722046-P1.jpg,sichelii,0.9998490048231288,lapidarius,0.00012949983221795892,pyrenaeus,1.53587968606133e-05,pyrenaeus,False,True
5533674622972957466,4ccb8fc03ce5931a,ABAURA8150d,data/Bombus/extraction/light/images/train/ABAURA8150d-P1.jpg,wurflenii,0.9999768755775188,lapidarius,1.6478584321666147e-05,sichelii,6.622367010879084e-06,wurflenii,True,True
896162266994940576,0c6fced571579aa0,15G2021-1826,data/Bombus/extraction/light/images/train/15G2021-1826-P1.jpg,sylvarum,0.9992376848360246,pratorum,0.00032162769228434834,pomorum,0.00026881459687135175,sylvarum,True,True
9369899761623237892,8208923078920504,FR15ABOM200722026,data/Bombus/extraction/light/images/train/FR15ABOM200722026-P1.jpg,wurflenii,0.9999303109185728,pyrenaeus,6.0431336311969875e-05,sichelii,4.903847365731154e-06,wurflenii,True,True
3415337710149642836,2f65b78d59772a54,ABAURA8228,data/Bombus/extraction/light/images/train/ABAURA8228-P1.jpg,pratorum,0.9992050274675089,soroeensis,0.0007943886002178441,pyrenaeus,4.806251270551026e-07,pratorum,True,True
10027500628218045543,8b28d6b181f16467,CD388016,data/Bombus/extraction/light/images/train/CD388016-P1.jpg,sichelii,0.9915191201062367,monticola,0.006238937110199217,pyrenaeus,0.001507403377988369,sichelii,True,True
3202778846627554304,2c728e64575ee400,ABAURA8885b,data/Bombus/extraction/light/images/train/ABAURA8885b-P1.jpg,ruderarius,0.9720655890486409,sylvarum,0.027644333202382177,pomorum,0.000289528612717665,ruderarius,True,True
14888990239294437679,cea051bcc567392f,FR15ABOM200722064,data/Bombus/extraction/light/images/train/FR15ABOM200722064-P1.jpg,wurflenii,0.999999244874022,lapidarius,4.35417436355953e-07,sichelii,3.192407968116847e-07,wurflenii,True,True
7687982163954656948,6ab1330ba20e66b4,FR73ABOM130722018,data/Bombus/extraction/light/images/train/FR73ABOM130722018-P1.jpg,pyrenaeus,0.9213698241711321,lapidarius,0.06075689219390066,monticola,0.0159032704691475,pyrenaeus,True,True
11591494496866317985,a0dd42d49d9cb6a1,15L2021-1732,data/Bombus/extraction/light/images/train/15L2021-1732-P1.jpg,soroeensis,0.9999379479350228,monticola,5.545372578138234e-05,pyrenaeus,4.686256010268102e-06,soroeensis,True,True
13576756078274044945,bc6a53b86fa66411,FR15ABOM200821035,data/Bombus/extraction/light/images/train/FR15ABOM200821035-P1.jpg,pomorum,0.9999960659402706,sylvarum,3.895503009649397e-06,pratorum,2.4933908390980327e-08,pomorum,True,True
14913087068010425865,cef5edace93bae09,FR73ABOM130722021,data/Bombus/extraction/light/images/train/FR73ABOM130722021-P1.jpg,pyrenaeus,0.9642866834914465,lapidarius,0.03383525674306411,monticola,0.0014833916786525848,pyrenaeus,True,True
15100623652458085722,d190313493a03d5a,FR73ABOM130722029,data/Bombus/extraction/light/images/train/FR73ABOM130722029-P1.jpg,sichelii,0.6511094429685587,lapidarius,0.34785930828081474,pyrenaeus,0.0010030631817630406,sichelii,True,True
7388581483984167016,668983b69ae7a068,CollecYvan18,data/Bombus/extraction/light/images/train/CollecYvan18-P1.jpg,pyrenaeus,0.9976959928878006,monticola,0.0022568400648876642,sichelii,3.3536300325781116e-05,monticola,False,True
6454061857818147429,59916f1089a5fa65,FR15ABOM170821074,data/Bombus/extraction/light/images/train/FR15ABOM170821074-P1.jpg,pomorum,0.9999999297508402,pratorum,6.235294103935295e-08,sylvarum,3.575329886623639e-09,pomorum,True,True
15850619481607561892,dbf8b670371ae2a4,CD388623d,data/Bombus/extraction/light/images/train/CD388623d-P1.jpg,monticola,0.9999510605641042,pyrenaeus,4.724646253411591e-05,lapidarius,1.446857539685113e-06,monticola,True,True
14249680997759202372,c5c1095e92123444,FR73ABOM130722030,data/Bombus/extraction/light/images/train/FR73ABOM130722030-P1.jpg,pyrenaeus,0.9955971843011204,monticola,0.004188121219997361,lapidarius,0.00015906821125745055,pyrenaeus,True,True
10934355195465666333,97bea21e19ad8f1d,ABAURA8240,data/Bombus/extraction/light/images/train/ABAURA8240-P1.jpg,pratorum,0.9994077204273156,ruderarius,0.0003136709967992897,sylvarum,0.0002472603689035391,pratorum,True,True
217355801803408167,030433f33c5cc327,FR15ABOM200722066,data/Bombus/extraction/light/images/train/FR15ABOM200722066-P1.jpg,wurflenii,0.999999812467497,sichelii,1.7052612480723667e-07,pyrenaeus,1.1164926291487973e-08,wurflenii,True,True
7179303548940806110,63a2028a495167de,CD388235b,data/Bombus/extraction/light/images/train/CD388235b-P1.jpg,pyrenaeus,0.836728699283223,soroeensis,0.1452775347777677,sichelii,0.010467420519188711,soroeensis,False,True
14088195443001014627,c383531cea5a3963,CollecYvan2,data/Bombus/extraction/light/images/train/CollecYvan2-P1.jpg,sichelii,0.9896405968467534,wurflenii,0.0060767438163838025,lapidarius,0.004256826737645469,sichelii,True,True
11155934947507124514,9ad1d7ba63873922,NoName2,data/Bombus/extraction/light/images/train/NoName2-P1.jpg,sylvarum,0.9990180314336411,ruderarius,0.000981968536415537,pratorum,1.8512766242455168e-11,sylvarum,True,True
2800456873041066703,26dd38b04669facf,ABAURA8239d,data/Bombus/extraction/light/images/train/ABAURA8239d-P1.jpg,wurflenii,0.9999973066986293,sichelii,2.687679164447785e-06,lapidarius,5.499742030598482e-09,wurflenii,True,True
6236879004831075382,568dd869160c4c36,FR73ABOM130722063,data/Bombus/extraction/light/images/train/FR73ABOM130722063-P1.jpg,pyrenaeus,0.9866100321328326,monticola,0.013371937251122488,sichelii,1.2888918780111699e-05,pyrenaeus,True,True
15270937729249819800,d3ed44f4b30bbc98,FR15ABOM200821202,data/Bombus/extraction/light/images/train/FR15ABOM200821202-P1.jpg,pomorum,0.9999998937795029,ruderarius,8.157028046887376e-08,sylvarum,1.4822156828659288e-08,pomorum,True,True
772273665441585137,0ab7aace9a08d7f1,FR73ABOM130722065,data/Bombus/extraction/light/images/train/FR73ABOM130722065-P1.jpg,pyrenaeus,0.9972807784731142,sichelii,0.00261792366892814,lapidarius,4.6482533698600714e-05,pyrenaeus,True,True
11252032096919739635,9c273f938a31dcf3,CD388623,data/Bombus/extraction/light/images/train/CD388623-P1.jpg,monticola,0.9951794753827318,pyrenaeus,0.004819808338055344,sichelii,5.530457352247375e-07,monticola,True,True
5399861892114287987,4af029c7fba40d73,FR15ABOM170821123,data/Bombus/extraction/light/images/train/FR15ABOM170821123-P1.jpg,pomorum,0.9999994195181535,sylvarum,5.351702418477923e-07,ruderarius,4.5310968332472036e-08,pomorum,True,True
14643798426876091481,cb393915445f9c59,ABAURA8885c,data/Bombus/extraction/light/images/train/ABAURA8885c-P1.jpg,ruderarius,0.9347337113369711,sylvarum,0.06525742913137542,pomorum,8.484588955849458e-06,ruderarius,True,True
6686279054308097250,5cca6f5fdd2b3ce2,ABAURA7548,data/Bombus/extraction/light/images/train/ABAURA7548-P1.jpg,pratorum,0.9999907673322779,pyrenaeus,8.199281580303788e-06,soroeensis,1.0300243449488343e-06,pratorum,True,True
17156881534877492885,ee197cdadbd4e695,ABAURA8885f,data/Bombus/extraction/light/images/train/ABAURA8885f-P1.jpg,ruderarius,0.999999236008008,sylvarum,7.485305312909106e-07,pratorum,1.3993410996782471e-08,ruderarius,True,True
4825596295575914567,42f7f643833e4847,CD388872,data/Bombus/extraction/light/images/train/CD388872-P1.jpg,soroeensis,0.9931699700680549,sichelii,0.005414255756956645,pyrenaeus,0.0010152574490217665,soroeensis,True,True
1914967119459342757,1a935472ffed59a5,OPIE_Lapi_230620,data/Bombus/extraction/light/images/train/OPIE_Lapi_230620-P1.jpg,lapidarius,0.9775046218163792,sichelii,0.022486132700296455,pyrenaeus,8.893676120358302e-06,lapidarius,True,True
1659241877607912361,1706cfb2574593a9,FR15ABOM200821005,data/Bombus/extraction/light/images/train/FR15ABOM200821005-P1.jpg,pomorum,0.9999985827673116,ruderarius,1.2393789764064578e-06,sylvarum,1.7783285406946308e-07,pomorum,True,True
2082676388727559153,1ce727241c3313f1,POLLINIS4982b,data/Bombus/extraction/light/images/train/POLLINIS4982b-P1.jpg,ruderarius,0.4869578265666777,sylvarum,0.33928810381197944,pomorum,0.17375406681439265,sylvarum,False,True
7891811123976460554,6d8558679717d90a,2007.0008,data/Bombus/extraction/light/images/train/2007.0008-P1.jpg,pratorum,0.999995930061324,soroeensis,3.8488083764815605e-06,pyrenaeus,2.2006870263455657e-07,pratorum,True,True
15601593308731180693,d883fe7419088695,FR15_STPONCY300921024,data/Bombus/extraction/light/images/train/FR15_STPONCY300921024-P1.jpg,sylvarum,0.9999477474685051,ruderarius,5.092822837814125e-05,pomorum,1.2911684440569637e-06,sylvarum,True,True
10228884193112342033,8df44bfa8b11be11,POLLINIS5983,data/Bombus/extraction/light/images/train/POLLINIS5983-P1.jpg,soroeensis,0.9975552905404683,monticola,0.0024436761586920934,pyrenaeus,6.847966799096138e-07,soroeensis,True,True
17511814551023300303,f306768d7642aecf,OPIE_Lapi_220620d,data/Bombus/extraction/light/images/train/OPIE_Lapi_220620d-P1.jpg,sichelii,0.7789093758380323,lapidarius,0.22086312465363583,pyrenaeus,0.00021621505538116693,lapidarius,False,True
10689363867068608543,94583fcd6b85301f,ABAURA4898,data/Bombus/extraction/light/images/train/ABAURA4898-P1.jpg,pratorum,0.9999993005161779,soroeensis,6.868165204870754e-07,pyrenaeus,1.2010621874930668e-08,pratorum,True,True
1426729925260689326,13ccc34ed1953fae,FR15ABOM170821030,data/Bombus/extraction/light/images/train/FR15ABOM170821030-P1.jpg,pomorum,0.9999999898989146,sylvarum,6.949254669208261e-09,pyrenaeus,2.1890322618648605e-09,pomorum,True,True
3979337082685045981,373971fe46fb3cdd,FR15_ABOM180720054,data/Bombus/extraction/light/images/train/FR15_ABOM180720054-P1.jpg,pomorum,0.999943444211738,sichelii,2.3210679645402518e-05,ruderarius,2.31234831264427e-05,pomorum,True,True
5671747633939775266,4eb6186c40a47f22,FR04ABOM220722057,data/Bombus/extraction/light/images/train/FR04ABOM220722057-P1.jpg,ruderarius,0.9600570849649259,sylvarum,0.03994288572207337,pomorum,2.8888441143121346e-08,ruderarius,True,True
5708411517716692143,4f385a07e9407caf,ABAURA8885,data/Bombus/extraction/light/images/train/ABAURA8885-P1.jpg,pomorum,0.9999999694223645,ruderarius,2.375435467219465e-08,sylvarum,6.804003692533719e-09,pomorum,True,True
13608381242179212051,bcdaaea3b42e5313,FR73ABOM130722017,data/Bombus/extraction/light/images/train/FR73ABOM130722017-P1.jpg,monticola,0.9981008164043629,pyrenaeus,0.001835449863552355,soroeensis,5.944147208043614e-05,monticola,True,True
17697941259468908645,f59bb7ceca5fa865,OPIE_Lapi_070820b,data/Bombus/extraction/light/images/train/OPIE_Lapi_070820b-P1.jpg,sichelii,0.7939223650366127,lapidarius,0.20602506451205446,pyrenaeus,5.222498430214387e-05,lapidarius,False,True
13532627781449615893,bbcd8d44aee30a15,NoName15,data/Bombus/extraction/light/images/train/NoName15-P1.jpg,pomorum,0.9887908134377797,pratorum,0.005364957316310317,ruderarius,0.004559229934535001,pomorum,True,True
11990160520892716870,a6659b7797b91746,ABAURA8599,data/Bombus/extraction/light/images/train/ABAURA8599-P1.jpg,wurflenii,0.9999999969623128,sichelii,2.84124348237552e-09,pratorum,1.846375704368228e-10,wurflenii,True,True
1151557547667897780,0ffb277d072a3db4,FR15ABOM210821119,data/Bombus/extraction/light/images/train/FR15ABOM210821119-P1.jpg,pomorum,0.9999999889936254,ruderarius,8.011563406087952e-09,wurflenii,1.623766297565277e-09,pomorum,True,True
15695709052241366197,d9d25c393cbaccb5,CD388860,data/Bombus/extraction/light/images/train/CD388860-P1.jpg,soroeensis,0.9999980095248399,pratorum,1.9886343079285852e-06,lapidarius,1.0075010921928994e-09,soroeensis,True,True
11942823023209125780,a5bd6e4389bc9794,ABAURA8207f,data/Bombus/extraction/light/images/train/ABAURA8207f-P1.jpg,wurflenii,0.9999589884754314,sichelii,4.0176970609077895e-05,pratorum,6.151719503862797e-07,wurflenii,True,True
10727993825043100941,94e17d8b6647350d,CD388230c,data/Bombus/extraction/light/images/train/CD388230c-P1.jpg,monticola,0.9951324387386341,pyrenaeus,0.004431969658305185,lapidarius,0.00022278787436379703,monticola,True,True
2555565863932356734,2377319cffcd687e,ABAURA8208,data/Bombus/extraction/light/images/train/ABAURA8208-P1.jpg,sichelii,0.9226663181014098,lapidarius,0.07727608500203527,pyrenaeus,4.7699629234820314e-05,sichelii,True,True
3487904501502012157,306786aa16836afd,CD387313,data/Bombus/extraction/light/images/train/CD387313-P1.jpg,sylvarum,0.894718677071434,ruderarius,0.10528058305552261,pomorum,6.221453903926243e-07,ruderarius,False,True
7824925731203640128,6c97b87e8a34eb40,FR15ABOM130722047,data/Bombus/extraction/light/images/train/FR15ABOM130722047-P1.jpg,wurflenii,0.9999942177830031,pratorum,5.769541581076331e-06,ruderarius,1.1651505680094718e-08,wurflenii,True,True
3993976823990586008,376d74c2ab1a0a98,ABAURA8150c,data/Bombus/extraction/light/images/train/ABAURA8150c-P1.jpg,ruderarius,0.9997984594926351,sylvarum,0.0002015310082969401,pomorum,9.498758265948057e-09,ruderarius,True,True
2498307557436194780,22abc57ca4a87fdc,CD388820,data/Bombus/extraction/light/images/train/CD388820-P1.jpg,wurflenii,0.99999971342675,sichelii,2.762295607081221e-07,lapidarius,9.925109011033423e-09,wurflenii,True,True
4809627299181393372,42bf3a8bcdba75dc,ABAURA8201,data/Bombus/extraction/light/images/train/ABAURA8201-P1.jpg,pratorum,0.9973164885428845,pyrenaeus,0.002662572098908546,sylvarum,6.458714305438026e-06,pratorum,True,True
10139598368739561269,8cb716fe95da0f35,OPIE_Lapi_270702,data/Bombus/extraction/light/images/train/OPIE_Lapi_270702-P1.jpg,lapidarius,0.9993131264748707,sichelii,0.0004292564779132129,pyrenaeus,0.00025752017976779203,lapidarius,True,True
13413188879840264698,ba253838581941fa,CD388235,data/Bombus/extraction/light/images/train/CD388235-P1.jpg,soroeensis,0.9999946267167178,pyrenaeus,2.773903902842141e-06,monticola,2.48213021609694e-06,soroeensis,True,True
18356921458218414055,fec0e2ce9edaafe7,NoName13,data/Bombus/extraction/light/images/train/NoName13-P1.jpg,sylvarum,0.9510227315093546,ruderarius,0.04897492290045785,pomorum,1.935937300597117e-06,sylvarum,True,True
14499751060725957552,c93976c44a2a03b0,FR04ABOM220722054,data/Bombus/extraction/light/images/train/FR04ABOM220722054-P1.jpg,ruderarius,0.6700867107104925,sylvarum,0.32989921434791125,pomorum,1.4054720390892675e-05,ruderarius,True,True
8125410302699599379,70c3419ebab57613,ABAURA8238c,data/Bombus/extraction/light/images/train/ABAURA8238c-P1.jpg,lapidarius,0.5171821333865892,sichelii,0.4825943879702551,soroeensis,0.0002226121798751715,sichelii,False,True
18110550852945602115,fb559a0c04786643,OPIE_Lapi_130720c,data/Bombus/extraction/light/images/train/OPIE_Lapi_130720c-P1.jpg,lapidarius,0.9771528316079191,sichelii,0.0228211726191626,pyrenaeus,2.5158396989817585e-05,lapidarius,True,True
17802314544776824990,f70e86c1fd31489e,ABAURA7155,data/Bombus/extraction/light/images/train/ABAURA7155-P1.jpg,sylvarum,0.8829846895957091,pratorum,0.09698817747553343,ruderarius,0.019664396497754505,pratorum,False,True
10001998142075796475,8ace3c513e8b7bfb,VAN-2019.00849,data/Bombus/extraction/light/images/train/VAN-2019.00849-P1.jpg,rupestris,0.9999999999953035,sichelii,2.4831828236794497e-12,lapidarius,2.199205123369035e-12,rupestris,True,True
10271421935121338956,8e8b6bd46510124c,CD388229b,data/Bombus/extraction/light/images/train/CD388229b-P1.jpg,soroeensis,0.9999944072010006,pyrenaeus,4.346251542465283e-06,monticola,9.051919564786425e-07,soroeensis,True,True
11886258122335437634,a4f478c94267c342,15L2021-1498,data/Bombus/extraction/light/images/train/15L2021-1498-P1.jpg,rupestris,0.9996752202508989,ruderarius,0.00031557038936975897,sichelii,6.7402043566804686e-06,rupestris,True,True
2953791766368264594,28fdf9f62edaa192,ABAURA8203,data/Bombus/extraction/light/images/train/ABAURA8203-P1.jpg,sichelii,0.9845113325866259,soroeensis,0.01123420110778954,lapidarius,0.0031238829526515815,sichelii,True,True
5529936108851909831,4cbe479796b954c7,CollecYvan16,data/Bombus/extraction/light/images/train/CollecYvan16-P1.jpg,monticola,0.9767819293795007,pyrenaeus,0.02319687262015648,soroeensis,1.1581413368628533e-05,monticola,True,True
11642124986044526119,a19122fdffe22e27,CD388861b,data/Bombus/extraction/light/images/train/CD388861b-P1.jpg,pyrenaeus,0.9957005970556183,monticola,0.0030230043070031045,sichelii,0.0008837038892301114,pyrenaeus,True,True
12389661087402949994,abf0eb1da221fd6a,ABAURA4926,data/Bombus/extraction/light/images/train/ABAURA4926-P1.jpg,pratorum,0.9994084131815325,soroeensis,0.0005906001399471614,lapidarius,8.728766173733666e-07,pratorum,True,True
2666763097238721739,25023ee86708d4cb,2020.06244,data/Bombus/extraction/light/images/train/2020.06244-P1.jpg,rupestris,0.9999999999983911,sichelii,8.530159007805361e-13,wurflenii,6.039741300218172e-13,rupestris,True,True
3762404785761536506,3436bf37f48bc9fa,POLLINIS4415,data/Bombus/extraction/light/images/train/POLLINIS4415-P1.jpg,ruderarius,0.9992719617995282,sylvarum,0.0007280381725904663,pomorum,2.7877181810596646e-11,pomorum,False,True
2723560239839250814,25cc079babff097e,FR15ABOM210821177,data/Bombus/extraction/light/images/train/FR15ABOM210821177-P1.jpg,sylvarum,0.9999612891268355,ruderarius,3.854378012990861e-05,pratorum,1.4447359154831452e-07,sylvarum,True,True
17468277724805946756,f26bca0a30ed5d84,FR73ABOM130722006,data/Bombus/extraction/light/images/train/FR73ABOM130722006-P1.jpg,pyrenaeus,0.9994715521823986,sichelii,0.0004237135310303065,monticola,5.581010832431857e-05,pyrenaeus,True,True
5586866393772841311,4d8889627865d95f,ABAURA8150,data/Bombus/extraction/light/images/train/ABAURA8150-P1.jpg,soroeensis,0.9999088817267037,sichelii,5.743579421045311e-05,monticola,3.315245032879409e-05,soroeensis,True,True
12705354546286726308,b0527ca4dcd08ca4,VAN-2019.00787,data/Bombus/extraction/light/images/train/VAN-2019.00787-P1.jpg,rupestris,0.9999999999999907,sichelii,9.221875319722199e-15,lapidarius,1.5344156684021629e-18,rupestris,True,True
16465789111047083848,e4823bf4fe74d748,FR73ABOM120722026,data/Bombus/extraction/light/images/train/FR73ABOM120722026-P1.jpg,sichelii,0.9250911093964158,lapidarius,0.07120156260074853,pyrenaeus,0.003707205781271339,sichelii,True,True
7948394363902447241,6e4e5e8fc31f4e89,ABAURA8208b,data/Bombus/extraction/light/images/train/ABAURA8208b-P1.jpg,sichelii,0.9810929090897547,lapidarius,0.017323425801078114,pyrenaeus,0.001482389891377768,sichelii,True,True
15687864156409576822,d9b67d5517603d76,FR15_ABOM25082020007,data/Bombus/extraction/light/images/train/FR15_ABOM25082020007-P1.jpg,sylvarum,0.9999962853137607,ruderarius,3.710535919028436e-06,soroeensis,3.3866672223824107e-09,sylvarum,True,True
11980039418194570566,a641a660bcaa2d46,ABAURA8238,data/Bombus/extraction/light/images/train/ABAURA8238-P1.jpg,pratorum,0.999918480939351,sylvarum,8.118174449261261e-05,ruderarius,1.8975435344476623e-07,pratorum,True,True
8090482347934376140,70472ad48a3260cc,ABAURA4904,data/Bombus/extraction/light/images/train/ABAURA4904-P1.jpg,ruderarius,0.9999970344426787,sylvarum,2.8202349033859326e-06,pomorum,1.4531803231856175e-07,ruderarius,True,True
5341287551304959378,4a2010ba82bf8592,FR15ABOM210821107,data/Bombus/extraction/light/images/train/FR15ABOM210821107-P1.jpg,pomorum,0.9999980783275735,sylvarum,1.914428815452475e-06,ruderarius,7.234017124428504e-09,pomorum,True,True
4010209659270508012,37a7207027a8adec,FR73ABOM130722040,data/Bombus/extraction/light/images/train/FR73ABOM130722040-P1.jpg,pyrenaeus,0.999998346645254,monticola,9.101364436988524e-07,lapidarius,7.242525559722144e-07,pyrenaeus,True,True
9607561539836119884,8554ea5143a30b4c,POLLINIS5943,data/Bombus/extraction/light/images/train/POLLINIS5943-P1.jpg,soroeensis,0.9974334083890116,sichelii,0.00228054375413821,pyrenaeus,0.0002524232285701142,soroeensis,True,True
7987278806661557286,6ed883c199116c26,FR73ABOM120722021,data/Bombus/extraction/light/images/train/FR73ABOM120722021-P1.jpg,pyrenaeus,0.9994197816731666,monticola,0.0005791358441035442,lapidarius,6.020867670096821e-07,pyrenaeus,True,True
11201087915763422016,9b72421d0cffd340,VAN-2019.00795,data/Bombus/extraction/light/images/train/VAN-2019.00795-P1.jpg,ruderarius,0.9921461782287865,sylvarum,0.007853798527969321,pratorum,1.4703652386180392e-08,ruderarius,True,True
15304952890976810436,d4661d90b2c2b5c4,FR73ABOM130722005,data/Bombus/extraction/light/images/train/FR73ABOM130722005-P1.jpg,pyrenaeus,0.9788872820033484,monticola,0.01882271707085329,sichelii,0.0017325112107253403,pyrenaeus,True,True
11900219764639212586,a52612d36c67242a,ABAURA8238d,data/Bombus/extraction/light/images/train/ABAURA8238d-P1.jpg,sichelii,0.9884508110490428,lapidarius,0.009770430707483669,soroeensis,0.0013535760111245327,sichelii,True,True
4420758888152853754,3d59b0c95e006cfa,CD388003,data/Bombus/extraction/light/images/train/CD388003-P1.jpg,wurflenii,0.999896063021451,lapidarius,8.124328447269485e-05,sichelii,2.069061661378012e-05,wurflenii,True,True
8986335857068467176,7cb5e0d9b0ebe3e8,FR74ABOM170722014,data/Bombus/extraction/light/images/train/FR74ABOM170722014-P1.jpg,monticola,0.9999148703210629,pyrenaeus,8.209330040628856e-05,soroeensis,1.9020854078510297e-06,monticola,True,True
3912124380268850246,364aa8658311ec46,2020.00294,data/Bombus/extraction/light/images/train/2020.00294-P1.jpg,soroeensis,0.9999999988000394,pratorum,1.0645273448477701e-09,monticola,1.0179627505923695e-10,soroeensis,True,True
9232405072844814999,8020177f956dfa97,FR04ABOM220722060,data/Bombus/extraction/light/images/train/FR04ABOM220722060-P1.jpg,monticola,0.9999613365963939,pyrenaeus,3.82558668804755e-05,sichelii,3.025493341908894e-07,monticola,True,True
1823191334478567173,194d46dbe92a5705,ABAURA8207c,data/Bombus/extraction/light/images/train/ABAURA8207c-P1.jpg,wurflenii,0.9999987155815245,pratorum,6.583247554568981e-07,sichelii,6.111873667864577e-07,wurflenii,True,True
8256549531828377328,7295280ddb0c56f0,FR15_ABOM180720053,data/Bombus/extraction/light/images/train/FR15_ABOM180720053-P1.jpg,wurflenii,0.9999991542292662,lapidarius,8.31877540413163e-07,sichelii,1.0096146940698051e-08,wurflenii,True,True
15812426640403352578,db7106406a2a4c02,CD388821,data/Bombus/extraction/light/images/train/CD388821-P1.jpg,monticola,0.9972855380158484,lapidarius,0.0026820921204661567,sichelii,1.8499475944587493e-05,monticola,True,True
15324063852486736163,d4aa02e22ae03923,2019.02188,data/Bombus/extraction/light/images/train/2019.02188-P1.jpg,pratorum,0.9999997733588294,pyrenaeus,1.5229642663663178e-07,soroeensis,5.287381861288191e-08,pratorum,True,True
14212958673993561957,c53e929c4ab17765,FR15ABOM210822015,data/Bombus/extraction/light/images/train/FR15ABOM210822015-P1.jpg,pomorum,0.9999998520637238,ruderarius,7.358527142998211e-08,sylvarum,5.377893443556142e-08,pomorum,True,True
6109608558271292526,54c9b09d1872646e,2019.02184,data/Bombus/extraction/light/images/train/2019.02184-P1.jpg,pratorum,0.998897180956549,monticola,0.0005132869429087608,pyrenaeus,0.00039810474968669254,pratorum,True,True
3131422130404552525,2b750bd62c8f6f4d,2020.03926,data/Bombus/extraction/light/images/train/2020.03926-P1.jpg,pratorum,0.9999999973734024,sichelii,1.9791700926812204e-09,soroeensis,3.970627003224247e-10,pratorum,True,True
15082787859922382922,d150d3a5853f704a,CD388145,data/Bombus/extraction/light/images/train/CD388145-P1.jpg,soroeensis,0.9999998920081415,monticola,7.291482890396235e-08,pratorum,2.2558042149698293e-08,soroeensis,True,True
13477928318462451219,bb0b38658221de13,FR05ABOM220722023,data/Bombus/extraction/light/images/train/FR05ABOM220722023-P1.jpg,sylvarum,0.7552764879515811,ruderarius,0.24468811556631723,pomorum,3.106158557697251e-05,ruderarius,False,True
12522601099095973763,adc9375a1f881f83,ABAURA8204,data/Bombus/extraction/light/images/train/ABAURA8204-P1.jpg,ruderarius,0.9998736161590686,sylvarum,0.0001221558171379975,pomorum,4.195505197908412e-06,ruderarius,True,True
12655804617063649661,afa2733ef2d3d17d,ABAURA8150b,data/Bombus/extraction/light/images/train/ABAURA8150b-P1.jpg,ruderarius,0.9940587080832031,sylvarum,0.005759122873112297,pratorum,0.0001821670179745773,ruderarius,True,True
2972063990502919988,293ee473e3a80f34,CD388623c,data/Bombus/extraction/light/images/train/CD388623c-P1.jpg,monticola,0.999999502804337,pyrenaeus,4.940861716292314e-07,soroeensis,3.1076281491688727e-09,monticola,True,True
10413460064386391794,90840ac174779ef2,CD388229c,data/Bombus/extraction/light/images/train/CD388229c-P1.jpg,soroeensis,0.9894695004432421,pratorum,0.010521233670123264,pyrenaeus,9.148753989870997e-06,soroeensis,True,True
16526571799868421984,e55a2d7d8e253760,CD387804c,data/Bombus/extraction/light/images/train/CD387804c-P1.jpg,soroeensis,0.9933133854411914,pyrenaeus,0.006447720687227183,monticola,0.00023262469913215314,soroeensis,True,True
17252966928244332752,ef6eda02d790d8d0,FR04ABOM220722061,data/Bombus/extraction/light/images/train/FR04ABOM220722061-P1.jpg,pyrenaeus,0.9999547431162119,monticola,3.099592994962329e-05,sichelii,7.125149915974063e-06,pyrenaeus,True,True
4634836386099736302,40523f230187aeee,ABAURA8604,data/Bombus/extraction/light/images/train/ABAURA8604-P1.jpg,wurflenii,0.9999995726453718,lapidarius,2.200032987246309e-07,sichelii,1.737129763343243e-07,wurflenii,True,True
10691236827393874842,945ee73ffa62db9a,FR15ABOM100721031,data/Bombus/extraction/light/images/train/FR15ABOM100721031-P1.jpg,rupestris,0.9999999999991636,sichelii,6.751876333677566e-13,wurflenii,1.0761042525453171e-13,rupestris,True,True
9493779317786075888,83c0adfd4496e2f0,ABAURA4902,data/Bombus/extraction/light/images/train/ABAURA4902-P1.jpg,ruderarius,0.9999865969010392,sylvarum,1.1713901832552268e-05,pomorum,1.6891737110357495e-06,ruderarius,True,True
11800717476237999008,a3c4920591e8fba0,ABAURA8207b,data/Bombus/extraction/light/images/train/ABAURA8207b-P1.jpg,wurflenii,0.9999956547271199,sichelii,3.86371952762692e-06,pratorum,3.015658327240092e-07,wurflenii,True,True
3493122493738555750,307a106694369966,FR15ABOM150821068,data/Bombus/extraction/light/images/train/FR15ABOM150821068-P1.jpg,pomorum,0.9999999365780428,sylvarum,5.934870690120575e-08,ruderarius,4.0384600569712505e-09,pomorum,True,True
15945095441705859710,dd485bd2d093fa7e,OPIE_Lapi_230620b,data/Bombus/extraction/light/images/train/OPIE_Lapi_230620b-P1.jpg,sichelii,0.8240466657256378,lapidarius,0.17589463635552943,pyrenaeus,5.807132225895321e-05,lapidarius,False,True
16059877434996382865,dee0257031455c91,FR73ABOM130722020,data/Bombus/extraction/light/images/train/FR73ABOM130722020-P1.jpg,pyrenaeus,0.9753890092039291,monticola,0.02383535491899611,sichelii,0.00045146340201255875,pyrenaeus,True,True
9738953674706403336,8727b6c498dc4008,FR15ABOM200722065,data/Bombus/extraction/light/images/train/FR15ABOM200722065-P1.jpg,wurflenii,0.9999994138589309,sichelii,3.7489045860185546e-07,pratorum,1.4869788479183168e-07,wurflenii,True,True
7481521259218839142,67d3b3f24b45a666,CD388809,data/Bombus/extraction/light/images/train/CD388809-P1.jpg,soroeensis,0.8610714010982554,monticola,0.1179563394988252,pyrenaeus,0.020722246630446684,soroeensis,True,True
3115170852845213122,2b3b4f62c27d55c2,FR04ABOM220722047,data/Bombus/extraction/light/images/train/FR04ABOM220722047-P1.jpg,sichelii,0.8598096099707365,lapidarius,0.13732758973434422,pyrenaeus,0.002351579807832155,sichelii,True,True
2333817267513659406,2063627090d3100e,ABAURA8240c,data/Bombus/extraction/light/images/train/ABAURA8240c-P1.jpg,pratorum,0.9999999999029452,soroeensis,4.814246860428575e-11,pyrenaeus,4.065949026090039e-11,pratorum,True,True
10885162946651466161,970fde072567a9b1,FR04ABOM220722089,data/Bombus/extraction/light/images/train/FR04ABOM220722089-P1.jpg,pyrenaeus,0.9983587546412788,monticola,0.00093331911525505,sichelii,0.0005994655178302126,pyrenaeus,True,True
16979789206961234362,eba4545229efa1ba,15L2021-1739,data/Bombus/extraction/light/images/train/15L2021-1739-P1.jpg,soroeensis,0.9601730308750487,pyrenaeus,0.036582973899388846,pratorum,0.0021802880361269385,soroeensis,True,True
17027727049404666918,ec4ea388e0135426,ABAURA8867,data/Bombus/extraction/light/images/train/ABAURA8867-P1.jpg,soroeensis,0.997731637081795,pratorum,0.0021794004869095315,pyrenaeus,8.4171937313743e-05,soroeensis,True,True
11683566611429488429,a2245dee4fde772d,FR73ABOM130722001,data/Bombus/extraction/light/images/train/FR73ABOM130722001-P1.jpg,monticola,0.9999473728691619,soroeensis,2.5573560509443222e-05,pyrenaeus,2.0414342918561675e-05,monticola,True,True
3271197046635607600,2d65a061e305b630,VAN-2019.00850,data/Bombus/extraction/light/images/train/VAN-2019.00850-P1.jpg,rupestris,0.9999999999999993,ruderarius,5.823612086489842e-16,sichelii,6.764533545584817e-18,rupestris,True,True
6294146290293314480,57594cb4054693b0,ABAURA8205b,data/Bombus/extraction/light/images/train/ABAURA8205b-P1.jpg,ruderarius,0.9999900561442451,sylvarum,9.943716875392816e-06,pomorum,1.3885438579356796e-10,ruderarius,True,True
8204552525115720368,71dc6d0d508e82b0,NoName9,data/Bombus/extraction/light/images/train/NoName9-P1.jpg,sylvarum,0.9999969250737991,ruderarius,3.0733313310658116e-06,pomorum,1.5948130284389975e-09,sylvarum,True,True
5745877459586852825,4fbd751b459927d9,15L2021-1483,data/Bombus/extraction/light/images/train/15L2021-1483-P1.jpg,soroeensis,0.99929437123933,pyrenaeus,0.0006869168891292554,monticola,1.61088581026291e-05,soroeensis,True,True
7080293868578498982,624241c2adff69a6,FR15ABOM200821156,data/Bombus/extraction/light/images/train/FR15ABOM200821156-P1.jpg,rupestris,0.999999999999998,sichelii,1.8405984630037964e-15,wurflenii,2.2126495662886757e-16,rupestris,True,True
4122527416571720573,393628d7e190f37d,FR73ABOM150722001,data/Bombus/extraction/light/images/train/FR73ABOM150722001-P1.jpg,monticola,0.9999514292102972,pyrenaeus,4.527162527603813e-05,lapidarius,1.542657949042612e-06,monticola,True,True
16733604243762611867,e839b466b970869b,CD388018c,data/Bombus/extraction/light/images/train/CD388018c-P1.jpg,sichelii,0.9684936874912845,lapidarius,0.03111731228552909,pyrenaeus,0.0003880169336145613,sichelii,True,True
13462203607281735840,bad35adae20298a0,FR73ABOM200722034,data/Bombus/extraction/light/images/train/FR73ABOM200722034-P1.jpg,sichelii,0.9887514202721029,lapidarius,0.01122237952285313,pyrenaeus,2.5689146812453095e-05,pyrenaeus,False,True
8715596988153550568,78f40548945b56e8,ABAURA5591,data/Bombus/extraction/light/images/train/ABAURA5591-P1.jpg,soroeensis,0.9999615554600843,monticola,3.118132258860786e-05,pyrenaeus,6.218965218395361e-06,soroeensis,True,True
8767781792014033160,79ad6b160d226108,CD387770d,data/Bombus/extraction/light/images/train/CD387770d-P1.jpg,sichelii,0.9974247717802074,lapidarius,0.002124424185167829,wurflenii,0.00040146287312007407,sichelii,True,True
9933583122951979594,89db2d384e5e424a,BAR.2018.00342,data/Bombus/extraction/light/images/train/BAR.2018.00342-P1.jpg,sylvarum,0.9261033356508048,pomorum,0.05961606570756487,ruderarius,0.014278436451738518,sylvarum,True,True
14545919828241703555,c9dd7d0425a86283,FR05ABOM220722024,data/Bombus/extraction/light/images/train/FR05ABOM220722024-P1.jpg,ruderarius,0.999475960899441,sylvarum,0.0004440279997829377,pomorum,7.998870642651511e-05,ruderarius,True,True
17807217619226135544,f71ff213f80d0bf8,FR73ABOM120722072,data/Bombus/extraction/light/images/train/FR73ABOM120722072-P1.jpg,pyrenaeus,0.9892404712810927,lapidarius,0.010332072150884377,monticola,0.00036339234083081245,pyrenaeus,True,True
14908458676774325913,cee57c2d99b94e99,CD387303,data/Bombus/extraction/light/images/train/CD387303-P1.jpg,ruderarius,0.8908356476152847,pomorum,0.10595907801529571,sylvarum,0.003204861049710955,sylvarum,False,True
12474171969154007355,ad1d2950a08f413b,15L2021-1741,data/Bombus/extraction/light/images/train/15L2021-1741-P1.jpg,soroeensis,0.9999969187774143,pyrenaeus,1.9246879537716066e-06,monticola,3.9675668538085646e-07,soroeensis,True,True
15709213520722143506,da02567753682912,FR73ABOM200722017,data/Bombus/extraction/light/images/train/FR73ABOM200722017-P1.jpg,sichelii,0.9656879481271365,lapidarius,0.034189241101011195,pyrenaeus,0.00012254217892206372,sichelii,True,True
9065787716842855962,7dd025e557849e1a,15L2021-1742,data/Bombus/extraction/light/images/train/15L2021-1742-P1.jpg,soroeensis,0.9933644807574138,pratorum,0.006589574713776139,sylvarum,4.287437737983828e-05,soroeensis,True,True
12887495278881919668,b2d994acde47d2b4,FR15ABOM200821215,data/Bombus/extraction/light/images/train/FR15ABOM200821215-P1.jpg,pomorum,0.9999999572245983,pratorum,1.4659852884906862e-08,pyrenaeus,1.2441114708479063e-08,pomorum,True,True
18300425592504690491,fdf82c1dd7b5a73b,CD388821c,data/Bombus/extraction/light/images/train/CD388821c-P1.jpg,pyrenaeus,0.9948348474692217,pratorum,0.0026625386947624853,soroeensis,0.0023466737294216195,pyrenaeus,True,True
8486189887681766671,75c500bdb7c8a50f,ABAURA7163,data/Bombus/extraction/light/images/train/ABAURA7163-P1.jpg,ruderarius,0.9999666729911033,pomorum,3.2577992571354545e-05,sylvarum,7.490107450580846e-07,ruderarius,True,True
14063853126280035664,c32cd7e7a5303d50,CD388861,data/Bombus/extraction/light/images/train/CD388861-P1.jpg,pratorum,0.9999342692628429,pyrenaeus,4.0713881842161686e-05,sichelii,1.8294235582721846e-05,pratorum,True,True
8444337417928207171,753050243f266b43,FR04ABOM220722092,data/Bombus/extraction/light/images/train/FR04ABOM220722092-P1.jpg,pyrenaeus,0.9999970205136619,sichelii,2.2710007221378413e-06,lapidarius,4.0662477175318113e-07,pyrenaeus,True,True
5235973465243912675,48a9ea20113c09e3,15L2021-1758,data/Bombus/extraction/light/images/train/15L2021-1758-P1.jpg,rupestris,0.9999987202130064,sichelii,1.2793819804597227e-06,lapidarius,3.1213378561679115e-10,rupestris,True,True
12150747677700897285,a8a020a2acc3ba05,OPIE_Lapi_130720b,data/Bombus/extraction/light/images/train/OPIE_Lapi_130720b-P1.jpg,lapidarius,0.9999627130054818,sichelii,3.6159043219300464e-05,pyrenaeus,1.114958173951246e-06,lapidarius,True,True
10271457343923048142,8e8b8c08a61c4ece,FR15ABOM200821126,data/Bombus/extraction/light/images/train/FR15ABOM200821126-P1.jpg,pomorum,0.9998728872461611,ruderarius,6.271415277492067e-05,sylvarum,6.035438195856262e-05,pomorum,True,True
8669165240344342484,784f0fdad9e36fd4,FR15ABOO0712002,data/Bombus/extraction/light/images/train/FR15ABOO0712002-P1.jpg,rupestris,0.9999999998980211,sichelii,1.0000139073710304e-10,lapidarius,1.9768912455441703e-12,rupestris,True,True
13140538289770495033,b65c91f3f7307c39,ABAURA5667,data/Bombus/extraction/light/images/train/ABAURA5667-P1.jpg,pyrenaeus,0.8145903426051672,monticola,0.18532139982641802,sichelii,8.597336516774581e-05,monticola,False,True
16620838464769838669,e6a91485d1c14e4d,CD388229,data/Bombus/extraction/light/images/train/CD388229-P1.jpg,pratorum,0.9999990185729535,soroeensis,7.69375485487512e-07,sylvarum,1.6790659326611883e-07,pratorum,True,True
15426705203949189320,d616aaa6180fb8c8,FR73ABOM140722026,data/Bombus/extraction/light/images/train/FR73ABOM140722026-P1.jpg,monticola,0.8164160318265622,pyrenaeus,0.18358165114348526,lapidarius,1.2128643027435702e-06,monticola,True,True
2004344290960564323,1bd0dc835e496063,ABAURA7151,data/Bombus/extraction/light/images/train/ABAURA7151-P1.jpg,sylvarum,0.6144585069188215,ruderarius,0.385522591026136,pratorum,1.7370644557514453e-05,sylvarum,True,True
6815713813904513133,5e96479a4080586d,2020.04010,data/Bombus/extraction/light/images/train/2020.04010-P1.jpg,sylvarum,0.9875688875541684,ruderarius,0.012291483602380578,pomorum,0.00013961734508202703,sylvarum,True,True
24531757367709128,00572780db9e4dc8,FR74ABOM160722001,data/Bombus/extraction/light/images/train/FR74ABOM160722001-P1.jpg,monticola,0.9999996639545251,pyrenaeus,3.357297252270349e-07,sichelii,2.1965529364808354e-10,monticola,True,True
2841353377855041742,276e83d7d067f0ce,FR73ABOM200722038,data/Bombus/extraction/light/images/train/FR73ABOM200722038-P1.jpg,pyrenaeus,0.9998243499397342,monticola,0.0001350703678151529,sichelii,2.6205250560375447e-05,pyrenaeus,True,True
12201256546894216406,a953922f3309fcd6,FR15ABOM210821077,data/Bombus/extraction/light/images/train/FR15ABOM210821077-P1.jpg,rupestris,0.9999999999999996,sichelii,5.519172627133166e-16,pomorum,2.292693279070966e-17,rupestris,True,True
4996672847251276167,4557bf7b27408187,ABB-2020.00032,data/Bombus/extraction/light/images/train/ABB-2020.00032-P1.jpg,sylvarum,0.9997481574300225,ruderarius,0.00025183869562373396,pomorum,2.0429569485627117e-09,sylvarum,True,True
1268125850817992076,119949be147f158c,ABAURA8207d,data/Bombus/extraction/light/images/train/ABAURA8207d-P1.jpg,wurflenii,0.9999998798474858,pratorum,1.1715559714472814e-07,sichelii,2.851360477458194e-09,wurflenii,True,True
2281152379841993424,1fa84800df04dad0,15L2021-1740,data/Bombus/extraction/light/images/train/15L2021-1740-P1.jpg,soroeensis,0.9999965740556548,lapidarius,3.0772236361442642e-06,pyrenaeus,3.063340502073879e-07,soroeensis,True,True
10869041427032390181,96d697975b453a25,ABAURA8526,data/Bombus/extraction/light/images/train/ABAURA8526-P1.jpg,soroeensis,0.9999999975962697,lapidarius,2.0705429580713884e-09,monticola,2.7708661284466706e-10,soroeensis,True,True
15718435021894058790,da23195f610e0326,CD388821d,data/Bombus/extraction/light/images/train/CD388821d-P1.jpg,pyrenaeus,0.9962127210320396,pratorum,0.0037741184512896974,sichelii,1.2882468428222628e-05,sichelii,False,True
5821475542708489686,50ca09299fc38dd6,FR73ABOM200722030,data/Bombus/extraction/light/images/train/FR73ABOM200722030-P1.jpg,sichelii,0.9995660155927362,lapidarius,0.0004131955680490709,wurflenii,1.9735719291045393e-05,sichelii,True,True
15269609651784865972,d3e88d13918358b4,POLLINIS5985,data/Bombus/extraction/light/images/train/POLLINIS5985-P1.jpg,soroeensis,0.9999572105711829,sichelii,3.94602723995819e-05,pyrenaeus,2.2966940427454912e-06,soroeensis,True,True
6377937446610860645,5882fc50e0e6fa65,2020.03886,data/Bombus/extraction/light/images/train/2020.03886-P1.jpg,sylvarum,0.9231101006258402,ruderarius,0.07449137351658118,pomorum,0.002398525800595218,sylvarum,True,True
12534930773117092606,adf505200fc1c2fe,FR73ABOM200722018,data/Bombus/extraction/light/images/train/FR73ABOM200722018-P1.jpg,sichelii,0.9971812052082173,pyrenaeus,0.002758569450863086,lapidarius,5.5258232827999466e-05,sichelii,True,True
17290701144872791727,eff4e914c9952eaf,2020.06348,data/Bombus/extraction/light/images/train/2020.06348-P1.jpg,sylvarum,0.9999999958474617,ruderarius,4.151882786203132e-09,pomorum,6.554017883371615e-13,sylvarum,True,True
98843323755479298,015f297ab0dd4102,CD388860b,data/Bombus/extraction/light/images/train/CD388860b-P1.jpg,soroeensis,0.9999999371705466,monticola,4.658868920003232e-08,sichelii,1.1232562441579562e-08,soroeensis,True,True
11922233261899806439,a57447fc28e276e7,2019.02080,data/Bombus/extraction/light/images/train/2019.02080-P1.jpg,pratorum,0.9998596125565774,pyrenaeus,0.00013511512600428028,sichelii,4.356512982945375e-06,pratorum,True,True
6458481815901445352,59a122fe39201ce8,CD387770b,data/Bombus/extraction/light/images/train/CD387770b-P1.jpg,monticola,0.9640566116499978,pyrenaeus,0.0287538981094578,sichelii,0.007177033405897465,monticola,True,True
17188890859212172320,ee8b352a724cec20,CD388865c,data/Bombus/extraction/light/images/train/CD388865c-P1.jpg,sichelii,0.9998570007599601,lapidarius,0.00013171887479605397,wurflenii,7.765552666698018e-06,sichelii,True,True
8704550368744788389,78ccc671128751a5,2019.00316,data/Bombus/extraction/light/images/train/2019.00316-P1.jpg,pratorum,0.9408601318931389,pyrenaeus,0.05872542436377117,soroeensis,0.00017597733453714707,pratorum,True,True
9673330286841962238,863e92a4f63e1efe,NoName3,data/Bombus/extraction/light/images/train/NoName3-P1.jpg,pomorum,0.62953624708453,ruderarius,0.367501405376647,sylvarum,0.0029306306633020036,pomorum,True,True
8677363399452813428,786c3009835c6874,OPIE_Lapi_110702,data/Bombus/extraction/light/images/train/OPIE_Lapi_110702-P1.jpg,sichelii,0.6820698224526737,lapidarius,0.31480492908419916,pyrenaeus,0.003079480031009138,lapidarius,False,True
5307500301707008458,49a80767708659ca,CD387324,data/Bombus/extraction/light/images/train/CD387324-P1.jpg,ruderarius,0.8612238771825665,sylvarum,0.10186253343870799,pomorum,0.034784745950676946,sylvarum,False,True
11851982986737683813,a47ab3bb60790d65,VAN-2019.00822,data/Bombus/extraction/light/images/train/VAN-2019.00822-P1.jpg,rupestris,1.0,sichelii,8.544875593481913e-18,lapidarius,3.5276009024839127e-19,rupestris,True,True
15740884421633148848,da72dafb91ec87b0,FR15ABOM210822012,data/Bombus/extraction/light/images/train/FR15ABOM210822012-P1.jpg,ruderarius,0.5679530618344668,pomorum,0.34890703459336625,sylvarum,0.08313785512694599,pomorum,False,True
10819522074621042366,9626aa00a948debe,CD388230b,data/Bombus/extraction/light/images/train/CD388230b-P1.jpg,pratorum,0.9999999451599001,lapidarius,3.131992585685673e-08,sichelii,1.816157816141899e-08,pratorum,True,True
13412587901626882850,ba2315a2332c1b22,2020.00410,data/Bombus/extraction/light/images/train/2020.00410-P1.jpg,soroeensis,0.9989087352213377,pyrenaeus,0.0010165481332997139,monticola,6.701594363136759e-05,soroeensis,True,True
8476254394868761380,75a1b47687ff0324,FR15_ABOM30072020044,data/Bombus/extraction/light/images/train/FR15_ABOM30072020044-P1.jpg,pomorum,0.9999779058112466,sylvarum,2.156784090569488e-05,ruderarius,3.6776891041607024e-07,pomorum,True,True
3430156046178827376,2f9a5cc010a5bc70,OPIE_Lapi_240620,data/Bombus/extraction/light/images/train/OPIE_Lapi_240620-P1.jpg,lapidarius,0.9980297447278456,sichelii,0.0015373719393162568,pyrenaeus,0.0004317160855760028,lapidarius,True,True
15182638127139599046,d2b390ef817532c6,2020.06243,data/Bombus/extraction/light/images/train/2020.06243-P1.jpg,rupestris,0.9999999996283138,sichelii,3.2825276965431963e-10,wurflenii,3.4437223689434644e-11,rupestris,True,True
12088402653368438812,a7c2a22a87ea501c,CD388230,data/Bombus/extraction/light/images/train/CD388230-P1.jpg,pratorum,0.9999609491467792,sylvarum,2.2862716248939677e-05,pomorum,1.5856524128367445e-05,pratorum,True,True
18424555485357033477,ffb12b98b12e4805,POLLINIS4455,data/Bombus/extraction/light/images/train/POLLINIS4455-P1.jpg,ruderarius,0.9694604551147967,sylvarum,0.030539539371295138,pratorum,4.810430352698321e-09,ruderarius,True,True
6083639564453255172,546d6df38cbf9804,FR15AB100518002,data/Bombus/extraction/light/images/train/FR15AB100518002-P1.jpg,wurflenii,0.9998570995366933,sichelii,0.00011953721791112884,lapidarius,2.2297779634951345e-05,wurflenii,True,True
16192022975718580458,e0b59f1b7eab60ea,2012.0034,data/Bombus/extraction/light/images/train/2012.0034-P1.jpg,sylvarum,0.9143057357180854,ruderarius,0.08569172426320346,pomorum,2.539737871133254e-06,sylvarum,True,True
5033498861696780755,45da948bccc509d3,15L2021-1514,data/Bombus/extraction/light/images/train/15L2021-1514-P1.jpg,rupestris,0.9998251360077519,sichelii,0.0001706982144697822,lapidarius,3.758562462640593e-06,rupestris,True,True
6772329878919683623,5dfc2624bec59e27,VAN-2019.00824,data/Bombus/extraction/light/images/train/VAN-2019.00824-P1.jpg,rupestris,0.9999999997828641,sichelii,1.8038584992132688e-10,wurflenii,3.674800468227323e-11,rupestris,True,True
15748547730054673569,da8e14b89a3174a1,NoName12,data/Bombus/extraction/light/images/train/NoName12-P1.jpg,sylvarum,0.9997829885741346,ruderarius,0.00019222863745107138,pomorum,2.477862443782085e-05,sylvarum,True,True
13583837637058039607,bc837c5c536d0f37,FR73ABOM130722066,data/Bombus/extraction/light/images/train/FR73ABOM130722066-P1.jpg,pyrenaeus,0.9168489135541589,monticola,0.08287600163389583,sichelii,0.00022695015789262168,pyrenaeus,True,True
2274383725895456221,1f903bf2d0ed95dd,15L2021-1743,data/Bombus/extraction/light/images/train/15L2021-1743-P1.jpg,soroeensis,0.999999043724283,pratorum,7.761490624965108e-07,lapidarius,1.2160414021141512e-07,soroeensis,True,True
2095342614509046389,1d1427019c8cca75,FR15ABOM120722071,data/Bombus/extraction/light/images/train/FR15ABOM120722071-P1.jpg,wurflenii,0.9999999992199113,sichelii,7.225107890640097e-10,lapidarius,4.921900787642139e-11,wurflenii,True,True
761324688389290193,0a90c4c53a2db8d1,CollecYvan17,data/Bombus/extraction/light/images/train/CollecYvan17-P1.jpg,monticola,0.9999530721292466,pyrenaeus,4.3495569813367487e-05,soroeensis,3.3328562157123238e-06,monticola,True,True
8261429137886952036,72a67e07acd03a64,CD388865b,data/Bombus/extraction/light/images/train/CD388865b-P1.jpg,sichelii,0.7930268217951603,lapidarius,0.16161603421765755,pyrenaeus,0.03869561407325732,sichelii,True,True
6506219030326799224,5a4abbbc9583eb78,FR15ABOM100721047,data/Bombus/extraction/light/images/train/FR15ABOM100721047-P1.jpg,pomorum,0.9999999999884495,ruderarius,9.70665118284571e-12,sylvarum,1.8186224885011384e-12,pomorum,True,True
13104800574895603098,b5dd9ab0cefcbd9a,POLLINIS4384,data/Bombus/extraction/light/images/train/POLLINIS4384-P1.jpg,soroeensis,0.9994968936636652,lapidarius,0.00029987793839252866,pratorum,0.00010499707721556567,soroeensis,True,True
13344282473479078074,b9306a35663100ba,FR15ABOM210821128,data/Bombus/extraction/light/images/train/FR15ABOM210821128-P1.jpg,sylvarum,0.6219105510485784,ruderarius,0.3780885430717812,pomorum,9.048729592547662e-07,sylvarum,True,True
1474153267961671344,14753e9639562eb0,ABAURA8238b,data/Bombus/extraction/light/images/train/ABAURA8238b-P1.jpg,sichelii,0.9916504718295044,lapidarius,0.008348973890675791,pyrenaeus,4.528269952282952e-07,sichelii,True,True
8129398366952176257,70d16cbe4bd33a81,FR73ABOM130722037,data/Bombus/extraction/light/images/train/FR73ABOM130722037-P1.jpg,monticola,0.9671117626056279,pyrenaeus,0.01792778970333939,lapidarius,0.013367775690607321,monticola,True,True
7929812912193727788,6e0c5ad4669ced2c,FR15ABOM310520005,data/Bombus/extraction/light/images/train/FR15ABOM310520005-P1.jpg,rupestris,1.0,wurflenii,2.828465169090232e-18,sichelii,1.212418509006309e-19,rupestris,True,True
14294315412055360807,c65f9c21faf38527,15L2021-1731,data/Bombus/extraction/light/images/train/15L2021-1731-P1.jpg,rupestris,0.9999999999999998,sichelii,2.4955608398326767e-16,lapidarius,3.841165956161054e-18,rupestris,True,True
10518875021489277417,91fa8d19c49909e9,OPIE_Lapi_160720b,data/Bombus/extraction/light/images/train/OPIE_Lapi_160720b-P1.jpg,lapidarius,0.6977280530977469,sichelii,0.30171132337041157,soroeensis,0.0005054456915978337,lapidarius,True,True
4439905843408381119,3d9db6d74889a4bf,CollecYvan4,data/Bombus/extraction/light/images/train/CollecYvan4-P1.jpg,sichelii,0.9784250772952167,lapidarius,0.021574918779401615,pyrenaeus,2.271009192797636e-09,sichelii,True,True
10599702012316478252,9319b4d2111deb2c,FR15ABOM210821143,data/Bombus/extraction/light/images/train/FR15ABOM210821143-P1.jpg,sylvarum,0.9999953702592068,ruderarius,4.599226163214956e-06,pratorum,3.050679425328318e-08,sylvarum,True,True
6091784505365095748,548a5dbb6283e544,FR15ABOM210821110,data/Bombus/extraction/light/images/train/FR15ABOM210821110-P1.jpg,pomorum,0.999925319531633,ruderarius,6.589457910618124e-05,sylvarum,7.1936129100238004e-06,pomorum,True,True
6511920389174731847,5a5efd17a2622447,FR73ABOM130722027,data/Bombus/extraction/light/images/train/FR73ABOM130722027-P1.jpg,pyrenaeus,0.9998848381426922,monticola,9.96563161686383e-05,sichelii,1.3416146013976975e-05,pyrenaeus,True,True
14922746624594500102,cf183efdb01d5a06,POLLINIS4393,data/Bombus/extraction/light/images/train/POLLINIS4393-P1.jpg,sylvarum,0.500660801661588,pratorum,0.49927576226176384,soroeensis,3.6850193940991706e-05,pratorum,False,True
5651324155764887232,4e6d8960aef34ec0,15L2021-1546,data/Bombus/extraction/light/images/train/15L2021-1546-P1.jpg,rupestris,0.9999999993910393,sichelii,6.085596773939518e-10,lapidarius,3.818874772137293e-13,rupestris,True,True
17636596029496133652,f4c1c6a5692e8814,CD388003b,data/Bombus/extraction/light/images/train/CD388003b-P1.jpg,wurflenii,0.9999999583583101,sichelii,4.057732182324121e-08,lapidarius,1.0610759868008946e-09,wurflenii,True,True
2327886199471061716,204e502a2d01bad4,NoName10,data/Bombus/extraction/light/images/train/NoName10-P1.jpg,sylvarum,0.9964572153984285,ruderarius,0.0035405459944853287,pratorum,2.1348716253578693e-06,sylvarum,True,True
10208950450467930037,8dad7a5869b47fb5,BAR-2018.00871,data/Bombus/extraction/light/images/train/BAR-2018.00871-P1.jpg,sylvarum,0.9999999458208118,ruderarius,5.3949983822780867e-08,pomorum,2.2920280493492452e-10,sylvarum,True,True
7317386354307486859,658c941ebcc9d48b,ABAURA8205,data/Bombus/extraction/light/images/train/ABAURA8205-P1.jpg,ruderarius,0.9206279245053712,sylvarum,0.07937143863312818,pratorum,5.52510700957863e-07,ruderarius,True,True
17170069585050864059,ee48575111b209bb,2019.02118,data/Bombus/extraction/light/images/train/2019.02118-P1.jpg,pratorum,0.9999288527264868,soroeensis,7.003306713988138e-05,wurflenii,6.404346069638004e-07,pratorum,True,True
2606484260979126899,242c17a0284eb273,15L2021-1499,data/Bombus/extraction/light/images/train/15L2021-1499-P1.jpg,rupestris,0.9900405177005793,sichelii,0.009957476459247874,lapidarius,2.0039855662353076e-06,rupestris,True,True
5285055529325302498,49584a00a3a612e2,D264515,data/Bombus/extraction/light/images/train/D264515-P1.jpg,ruderarius,0.9938110707153053,sylvarum,0.006188611032161974,pomorum,3.1825158250736226e-07,ruderarius,True,True
12906000934346317732,b31b53788a925fa4,ABAURA4915,data/Bombus/extraction/light/images/train/ABAURA4915-P1.jpg,ruderarius,0.9362826220105612,sylvarum,0.06342493051235815,pomorum,0.00023199794800425318,ruderarius,True,True
13908408687062732242,c1049802cf54cdd2,20A.07897,data/Bombus/extraction/light/images/train/20A.07897-P1.jpg,sylvarum,0.994165082014685,pomorum,0.005093296863886301,ruderarius,0.0007411520274014552,sylvarum,True,True
718623473848267685,09f9103df5fbb3a5,ABAURA8602,data/Bombus/extraction/light/images/train/ABAURA8602-P1.jpg,sylvarum,0.5237446397161764,ruderarius,0.4760846544427128,pomorum,0.0001696794523711234,ruderarius,False,True
2401887545679581752,215537ff3eaa9238,AGR.2016.1415,data/Bombus/extraction/light/images/train/AGR.2016.1415-P1.jpg,pratorum,0.9999989698995688,wurflenii,5.561411511043068e-07,pyrenaeus,3.859341978348087e-07,pratorum,True,True
17084262798713578493,ed177e7fc6be63fd,FR05ABOM220722028,data/Bombus/extraction/light/images/train/FR05ABOM220722028-P1.jpg,ruderarius,0.9955613566875662,sylvarum,0.004433542092795121,pomorum,4.944752855578096e-06,ruderarius,True,True
4466989493782688783,3dfdef470851b40f,FR73ABOM120722025,data/Bombus/extraction/light/images/train/FR73ABOM120722025-P1.jpg,ruderarius,0.9978080521816778,sylvarum,0.002191926358609948,pomorum,2.0458130183766245e-08,ruderarius,True,True
3521833008051515815,30e010761b27f1a7,ABAURA8151,data/Bombus/extraction/light/images/train/ABAURA8151-P1.jpg,soroeensis,0.9999983131813742,pratorum,1.6813419187822946e-06,monticola,2.645539163842445e-09,soroeensis,True,True
2424203530432323978,21a4804456aaa18a,FR04ABOM220722050,data/Bombus/extraction/light/images/train/FR04ABOM220722050-P1.jpg,ruderarius,0.998583793249085,sylvarum,0.0014125074344726969,pratorum,2.9975839082922916e-06,ruderarius,True,True
1506495257480778358,14e8257475f3d276,FR73ABOM130722007,data/Bombus/extraction/light/images/train/FR73ABOM130722007-P1.jpg,pyrenaeus,0.9705752604684108,monticola,0.02938490448932767,lapidarius,2.5839940899020847e-05,pyrenaeus,True,True
5736960189974117112,4f9dc6e5a5f6faf8,FR04ABOM220722046,data/Bombus/extraction/light/images/train/FR04ABOM220722046-P1.jpg,sichelii,0.9651481819724429,lapidarius,0.03474048698802449,monticola,0.00010613435510677056,sichelii,True,True
1073172478980479401,0ee4acaf085b59a9,N815,data/Bombus/extraction/light/images/train/N815-P1.jpg,soroeensis,0.9660300500099679,sichelii,0.03268854585208539,lapidarius,0.001132755916393755,pratorum,False,False
10003123738698952216,8ad23c0aa16dae18,FR15_ABOM25082020010,data/Bombus/extraction/light/images/train/FR15_ABOM25082020010-P1.jpg,sylvarum,0.9263283383669262,ruderarius,0.07339086460185439,pomorum,0.0002654262849680887,sylvarum,True,True
17919434666434654698,f8ae9ee34ca871ea,FR15_AB210818002,data/Bombus/extraction/light/images/train/FR15_AB210818002-P1.jpg,wurflenii,0.9999682271920444,lapidarius,3.1155545468521204e-05,sichelii,6.149841142771602e-07,wurflenii,True,True
11631156063174913166,a16a2ad0a0abec8e,FR15ABOM210821100,data/Bombus/extraction/light/images/train/FR15ABOM210821100-P1.jpg,pomorum,0.9999329181489156,sylvarum,6.696518344562239e-05,ruderarius,8.57470450275943e-08,pomorum,True,True
13415642244796455699,ba2def8ae2d11b13,CD387770c,data/Bombus/extraction/light/images/train/CD387770c-P1.jpg,soroeensis,0.9999997923442203,pratorum,1.242372456415201e-07,sichelii,5.7858870848264567e-08,soroeensis,True,True
16437171402251509078,e41c904d6f691d56,2019.02059,data/Bombus/extraction/light/images/train/2019.02059-P1.jpg,pratorum,0.9999602757869802,wurflenii,2.4027603157965324e-05,sichelii,7.866349793545883e-06,pratorum,True,True
11173689801001545973,9b10ebac5b1a30f5,CD387766b,data/Bombus/extraction/light/images/train/CD387766b-P1.jpg,pomorum,0.6906160641572953,ruderarius,0.26098692102754106,sylvarum,0.04839504991136526,ruderarius,False,True
4482402855541819681,3e34b1a5f8c44921,VAN-2019.00785,data/Bombus/extraction/light/images/train/VAN-2019.00785-P1.jpg,rupestris,0.9851961098980129,wurflenii,0.014803862237740717,sichelii,2.7277313195370426e-08,rupestris,True,True
2721564395833412391,25c4f06607004b27,ABAURA7153,data/Bombus/extraction/light/images/train/ABAURA7153-P1.jpg,pratorum,0.99976443904978,soroeensis,0.0001126793862731672,wurflenii,6.745418248846394e-05,pratorum,True,True
18182759656790015898,fc5623924b45bf9a,OPIE_Lapi_220620b,data/Bombus/extraction/light/images/train/OPIE_Lapi_220620b-P1.jpg,sichelii,0.7596859522639899,lapidarius,0.2398316317922433,pyrenaeus,0.0004764040633175376,lapidarius,False,True
1356807524180567006,12d459412b5c23de,2020.04044,data/Bombus/extraction/light/images/train/2020.04044-P1.jpg,sylvarum,0.9999336785432126,ruderarius,6.63184606723981e-05,pomorum,2.8575100018777877e-09,sylvarum,True,True
4271316205601309952,3b46c375663c4500,N628,data/Bombus/extraction/light/images/train/N628-P1.jpg,pratorum,0.9999929496135417,soroeensis,7.043477772240816e-06,sylvarum,6.363159504261915e-09,pratorum,True,True
13570487892590684702,bc540ed6ba9b6a1e,CollecYvan5,data/Bombus/extraction/light/images/train/CollecYvan5-P1.jpg,lapidarius,0.8039182781163338,sichelii,0.195977819518452,pyrenaeus,0.0001021519029035736,sichelii,False,True
13444441753815487244,ba94408b1b9a130c,2019.02073,data/Bombus/extraction/light/images/train/2019.02073-P1.jpg,pratorum,0.9999992045938123,soroeensis,7.906501352493316e-07,sichelii,2.6988615810845876e-09,pratorum,True,True
16707849194601848084,e7de34520d0a1d14,FR73ABOM140722039,data/Bombus/extraction/light/images/train/FR73ABOM140722039-P1.jpg,pyrenaeus,0.9896560352668362,monticola,0.00934663782049222,sichelii,0.0009323747992777616,pyrenaeus,True,True
2680475349463146970,2532f620e9f121da,2020.03930,data/Bombus/extraction/light/images/train/2020.03930-P1.jpg,sylvarum,0.9999407450699145,ruderarius,5.925383253674478e-05,pomorum,1.0198838067623454e-09,sylvarum,True,True
9531456195744756028,844688e9038ff13c,ABAURA8205d,data/Bombus/extraction/light/images/train/ABAURA8205d-P1.jpg,wurflenii,0.999999999515589,sichelii,3.1551824264299413e-10,lapidarius,1.454547755774979e-10,wurflenii,True,True
11689656346470907923,a23a00833dca0013,CD388769,data/Bombus/extraction/light/images/train/CD388769-P1.jpg,pratorum,0.9997597157356268,soroeensis,0.00024011368863554547,pyrenaeus,1.6173584680560788e-07,pratorum,True,True
5415930746095154272,4b294051991e3460,ABAURA8627,data/Bombus/extraction/light/images/train/ABAURA8627-P1.jpg,soroeensis,0.9999998995350033,pratorum,8.117542443594196e-08,monticola,1.8459940188738153e-08,soroeensis,True,True
7074296843968167285,622cf37f9463bd75,FR15ABOM150820018,data/Bombus/extraction/light/images/train/FR15ABOM150820018-P1.jpg,confusus,1.0,monticola,2.874553579087922e-27,pyrenaeus,3.465636740809881e-31,confusus,True,True
10377784771659917402,90054c44163f685a,FR15ABOM170821029,data/Bombus/extraction/light/images/train/FR15ABOM170821029-P1.jpg,confusus,1.0,monticola,8.061480167010115e-23,pyrenaeus,1.991777282275978e-23,confusus,True,True
3475354920080363494,303af0e2f7cbcfe6,FR15ABOM210821137,data/Bombus/extraction/light/images/train/FR15ABOM210821137-P1.jpg,confusus,1.0,monticola,3.112697256726933e-29,sichelii,4.567928707306195e-31,confusus,True,True
10575555472862918190,92c3ebabbe6eb62e,FR15ABOM210821139,data/Bombus/extraction/light/images/train/FR15ABOM210821139-P1.jpg,confusus,1.0,monticola,1.4998332256576924e-29,sichelii,5.784875987333987e-31,confusus,True,True
12849115262973935028,b2513a410f9c7db4,FR15ABOM210821165,data/Bombus/extraction/light/images/train/FR15ABOM210821165-P1.jpg,confusus,1.0,monticola,5.0047687275458565e-29,pyrenaeus,9.051545400660115e-33,confusus,True,True
10483827121486088304,917e0938a6c8c870,FR15ABOM210821171,data/Bombus/extraction/light/images/train/FR15ABOM210821171-P1.jpg,confusus,1.0,monticola,2.152104584376814e-27,pyrenaeus,1.2891177428783759e-33,confusus,True,True
15800028818489777042,db44fa7f8f049b92,FR15ABOM210821210,data/Bombus/extraction/light/images/train/FR15ABOM210821210-P1.jpg,confusus,1.0,monticola,1.1607561412032166e-34,pyrenaeus,3.435475217264217e-35,confusus,True,True
11052586993500802978,9962ad4fbcb7cfa2,FR15ABOM210821212,data/Bombus/extraction/light/images/train/FR15ABOM210821212-P1.jpg,confusus,1.0,monticola,5.607403421802293e-29,pyrenaeus,6.0777026410583326e-33,confusus,True,True
448201486491385000,063854e0961efca8,FR15ABOM220821043,data/Bombus/extraction/light/images/train/FR15ABOM220821043-P1.jpg,confusus,1.0,pyrenaeus,1.9836111178511263e-24,monticola,2.4275256718561966e-25,confusus,True,True
13496066093012948982,bb4ba89b3b3b17f6,FR15ABOM220821068,data/Bombus/extraction/light/images/train/FR15ABOM220821068-P1.jpg,confusus,1.0,monticola,2.61936925438841e-27,sichelii,1.3227425578743377e-32,confusus,True,True
1595913863198529763,1625d333fc11d8e3,FR15ABOM220821070,data/Bombus/extraction/light/images/train/FR15ABOM220821070-P1.jpg,confusus,1.0,monticola,6.631587020730786e-29,sichelii,2.76474174291051e-30,confusus,True,True
8820777566486103620,7a69b27655238644,FR15_ABOM07082020038,data/Bombus/extraction/light/images/train/FR15_ABOM07082020038-P1.jpg,confusus,1.0,monticola,1.5295058366234343e-30,sichelii,3.80958129622456e-36,confusus,True,True
8152459978748706739,71235b2836e7bfb3,FR15_ABOM07082020082,data/Bombus/extraction/light/images/train/FR15_ABOM07082020082-P1.jpg,confusus,1.0,monticola,8.390806657475666e-29,pyrenaeus,3.417471874631185e-32,confusus,True,True
8421815586045989197,74e04ca7a21e914d,FR15_ABOM080820007,data/Bombus/extraction/light/images/train/FR15_ABOM080820007-P1.jpg,confusus,1.0,monticola,3.3953491838179743e-28,pyrenaeus,5.084749009411831e-29,confusus,True,True
3295450660149810258,2dbbcaea550e5452,FR15_ABOM080820039,data/Bombus/extraction/light/images/train/FR15_ABOM080820039-P1.jpg,confusus,1.0,monticola,8.98279316449577e-25,pyrenaeus,8.331858303296265e-28,confusus,True,True
2981350389209972515,295fe26213d53f23,FR15_ABOM090820071,data/Bombus/extraction/light/images/train/FR15_ABOM090820071-P1.jpg,confusus,1.0,monticola,1.8114997670847565e-20,sichelii,1.0687898482310566e-23,confusus,True,True
10165080620183663091,8d119ef7974131f3,FR15_ABOM14080820006,data/Bombus/extraction/light/images/train/FR15_ABOM14080820006-P1.jpg,confusus,1.0,monticola,7.193862932466123e-26,pyrenaeus,2.708067755528673e-28,confusus,True,True
6869920816716443544,5f56dc959b71ef98,FR15_ABOM170820009,data/Bombus/extraction/light/images/train/FR15_ABOM170820009-P1.jpg,confusus,1.0,monticola,7.825562219110255e-25,pyrenaeus,1.0928411382778302e-25,confusus,True,True
16943551158176401432,eb239601f0c34818,FR15_ABOM170820030,data/Bombus/extraction/light/images/train/FR15_ABOM170820030-P1.jpg,confusus,1.0,monticola,3.6308373121750445e-39,pyrenaeus,1.1342448190490944e-42,confusus,True,True
14038457899865192974,c2d29f14bbbdba0e,NoName8,data/Bombus/extraction/light/images/train/NoName8-P1.jpg,confusus,1.0,monticola,7.258206545382143e-18,pyrenaeus,9.189926043295675e-23,confusus,True,True
5163444335319380650,47a83d441036f2aa,CollecYvan10,data/Bombus/extraction/light/images/train/CollecYvan10-P1.jpg,confusus,1.0,pyrenaeus,9.05889027472427e-22,monticola,4.411929148585805e-22,confusus,True,True
3091976511421569399,2ae8e84151225977,CollecYvan11,data/Bombus/extraction/light/images/train/CollecYvan11-P1.jpg,confusus,0.9999999999999996,monticola,4.695586947499692e-16,sichelii,7.639421610064233e-17,confusus,True,True
18084891762095178530,fafa713d61124322,CollecYvan12,data/Bombus/extraction/light/images/train/CollecYvan12-P1.jpg,confusus,0.9999999999999796,monticola,1.9880184559721984e-14,pyrenaeus,4.3687991123922665e-16,confusus,True,True
3060291086464808786,2a7856876e077752,CollecYvan8,data/Bombus/extraction/light/images/train/CollecYvan8-P1.jpg,confusus,1.0,monticola,3.7703033321418445e-18,sichelii,2.876471985257035e-20,confusus,True,True
14180898650631303443,c4ccac306ab1f113,CollecYvan9,data/Bombus/extraction/light/images/train/CollecYvan9-P1.jpg,confusus,1.0,monticola,5.33382485079083e-19,pyrenaeus,2.3509839520531866e-20,confusus,True,True
5331670844682937571,49fde66284a224e3,FR15ABOM170821018,data/Bombus/extraction/light/images/train/FR15ABOM170821018-P1.jpg,confusus,1.0,monticola,1.1441711547509816e-17,pyrenaeus,7.971556491965586e-19,confusus,True,True
15235569973190213359,d36f9e2b4a9c3eef,FR15ABOM170821115,data/Bombus/extraction/light/images/train/FR15ABOM170821115-P1.jpg,confusus,1.0,pyrenaeus,1.5418888913106296e-25,monticola,2.6108794262553202e-27,confusus,True,True
8078893549342542315,701dfee11ac1c9eb,FR15ABOM170821120,data/Bombus/extraction/light/images/train/FR15ABOM170821120-P1.jpg,confusus,1.0,sichelii,2.898181168209596e-17,monticola,9.794579460297452e-18,confusus,True,True
10138860136667908405,8cb4779389758935,FR15ABOM210821112,data/Bombus/extraction/light/images/train/FR15ABOM210821112-P1.jpg,confusus,1.0,pyrenaeus,3.698967882237943e-17,monticola,3.6389964081842393e-17,confusus,True,True
8938342591612144207,7c0b5f3acdc94a4f,FR15ABOM210821125,data/Bombus/extraction/light/images/train/FR15ABOM210821125-P1.jpg,confusus,0.9999999999999987,monticola,9.136413839078475e-16,pyrenaeus,2.816772051829644e-16,confusus,True,True
2372444958095422267,20ec9e1ea071b33b,FR15ABOM210821147,data/Bombus/extraction/light/images/train/FR15ABOM210821147-P1.jpg,confusus,1.0,sichelii,3.4191481331921655e-24,pyrenaeus,7.587758910404157e-27,confusus,True,True
12442186632498603754,acab86d21b3166ea,FR15ABOM210821211,data/Bombus/extraction/light/images/train/FR15ABOM210821211-P1.jpg,confusus,0.9999999999999676,monticola,3.04137296923294e-14,pyrenaeus,1.9674458565119533e-15,confusus,True,True
3236638664820372670,2cead9b79ae9b4be,FR15ABOM220821084,data/Bombus/extraction/light/images/train/FR15ABOM220821084-P1.jpg,confusus,1.0,monticola,3.078766882590449e-18,lapidarius,8.133302709353675e-19,confusus,True,True
12524583725262910803,add0428a3fef3553,FR15ABOM220821085,data/Bombus/extraction/light/images/train/FR15ABOM220821085-P1.jpg,confusus,1.0,pyrenaeus,2.669064102057841e-17,monticola,5.526055921363161e-18,confusus,True,True
10809758696319460535,9603fa4301cfa4b7,FR15_ABOM07082020062,data/Bombus/extraction/light/images/train/FR15_ABOM07082020062-P1.jpg,confusus,1.0,pyrenaeus,8.47126848715324e-21,lapidarius,3.179313184213278e-23,confusus,True,True
16073211025776106251,df0f8444b746db0b,FR15_ABOM09082020094,data/Bombus/extraction/light/images/train/FR15_ABOM09082020094-P1.jpg,confusus,1.0,pyrenaeus,1.2612630393505578e-24,monticola,4.0808240734848977e-25,confusus,True,True
3508758047660291459,30b19cdaa995b583,NoName6,data/Bombus/extraction/light/images/train/NoName6-P1.jpg,confusus,1.0,pyrenaeus,1.4714448654337898e-25,lapidarius,4.3515078365591674e-27,confusus,True,True
12740396359912119454,b0cefafce23ddc9e,NoName7,data/Bombus/extraction/light/images/train/NoName7-P1.jpg,confusus,1.0,monticola,4.199641864033444e-24,pyrenaeus,1.2856433725783007e-24,confusus,True,True
15345018320313005771,d4f474dc661e36cb,FR15ABOM060621003,data/Bombus/extraction/light/images/train/FR15ABOM060621003-P1.jpg,confusus,1.0,monticola,1.2352818605985683e-17,pyrenaeus,1.7729482760631157e-19,confusus,True,True
