tps_id,image_id,specimen_id,image_path,predicted_species,confidence,second_choice,second_confidence,third_choice,third_confidence,procrustes_distance
19380990216821388,0044dae86d44da8c,SP3-2022-0296,C:\Users\Jules\Documents\IEES\idmybee\data\crops\basile_m1\basile_m1_SP3-2022-0296_P2_0044dae86d44da8c.jpg,vestalis,0.7338808281211797,sichelii,0.2113123938686483,pyrenaeus,0.030201313124006757,0.043988039225130046
23227884044033318,005285a331541d26,SP3-2022-9027,C:\Users\Jules\Documents\IEES\idmybee\data\crops\basile_m1\basile_m1_SP3-2022-9027_P2_005285a331541d26.jpg,pascuorum,0.9983486006525126,ruderarius,0.001038457313439531,sylvarum,0.0006129408641855133,0.05286808958458275
40681780405531851,009087dd1de6f4cb,SP3-2022-0258,C:\Users\Jules\Documents\IEES\idmybee\data\crops\basile_m1\basile_m1_SP3-2022-0258_S7_009087dd1de6f4cb.jpg,wurflenii,1.0,sylvarum,7.08927381858934e-24,pascuorum,2.866953832271629e-24,0.14423940720364467
63887030211916562,00e2f8ea5d893312,SP03-22-0097,C:\Users\Jules\Documents\IEES\idmybee\data\crops\basile_m1\basile_m1_SP03-22-0097_S3_00e2f8ea5d893312.jpg,pratorum,0.9962017291454469,pascuorum,0.0037982708545530102,wurflenii,6.009878530146559e-23,0.38692366182251836
66542896736266856,00ec68697a4a6a68,SP3-2022-0355,C:\Users\Jules\Documents\IEES\idmybee\data\crops\basile_m1\basile_m1_SP3-2022-0355_P2_00ec68697a4a6a68.jpg,wurflenii,0.9999999999999944,soroeensis,5.293837468860232e-15,pascuorum,1.2136466112791437e-16,0.2770719257421638
91287885982242120,014451d940449548,SP3-2022-0140,C:\Users\Jules\Documents\IEES\idmybee\data\crops\basile_m1\basile_m1_SP3-2022-0140_P3_014451d940449548.jpg,sylvarum,0.6672746150141701,pascuorum,0.20234423472591365,ruderarius,0.12998380679757576,0.042311678936926334
119988679352246952,01aa491171dbe2a8,SP3-2022-0081,C:\Users\Jules\Documents\IEES\idmybee\data\crops\basile_m1\basile_m1_SP3-2022-0081_P1_01aa491171dbe2a8.jpg,terrestris,0.9728465436167211,lucorum,0.014735373558139246,soroeensis,0.012337562277616551,0.03697741030273476
146124113682826720,0207231b712f05e0,SP3-2022-0251,C:\Users\Jules\Documents\IEES\idmybee\data\crops\basile_m1\basile_m1_SP3-2022-0251_S3_0207231b712f05e0.jpg,confusus,0.750886926029294,pyrenaeus,0.24910580539337465,monticola,7.268577331073194e-06,0.22625245094127674
168713216024822009,025763c6ae12c0f9,SP3-2022-0130,C:\Users\Jules\Documents\IEES\idmybee\data\crops\basile_m1\basile_m1_SP3-2022-0130_S1_025763c6ae12c0f9.jpg,confusus,1.0,wurflenii,2.3078421813508096e-31,lucorum,3.6790687642952603e-47,0.49576319862546697
206943007159687561,02df35918e811989,SP3-2022-0068,C:\Users\Jules\Documents\IEES\idmybee\data\crops\basile_m1\basile_m1_SP3-2022-0068_P1_02df35918e811989.jpg,wurflenii,0.9999999632794738,confusus,3.672052626550943e-08,monticola,3.0899622798536474e-22,0.4070746014756128
208612045843498049,02e5238ce85e8441,SP3-2022-0175,C:\Users\Jules\Documents\IEES\idmybee\data\crops\basile_m1\basile_m1_SP3-2022-0175_P1_02e5238ce85e8441.jpg,sylvarum,0.9999977279389141,pomorum,2.272061086033869e-06,ruderarius,1.775336319404325e-34,0.361185447516828
211471428529992851,02ef4c24d1acb493,ATBI_GR5b,C:\Users\Jules\Documents\IEES\idmybee\data\crops\organized\organized_ATBI_GR5b_S3_02ef4c24d1acb493.jpg,sichelii,0.9490371966302895,lapidarius,0.047222121830291085,soroeensis,0.0026044773851876396,0.022260287185532784
223592118873360103,031a5bd8f40606e7,SP3-2022-9032,C:\Users\Jules\Documents\IEES\idmybee\data\crops\basile_m1\basile_m1_SP3-2022-9032_S3_031a5bd8f40606e7.jpg,wurflenii,1.0,pascuorum,2.7074559776983187e-21,ruderarius,2.055077617096944e-38,0.4697243262900802
235102768080521899,034340b8d1268aab,SP03-22-0103,C:\Users\Jules\Documents\IEES\idmybee\data\crops\basile_m1\basile_m1_SP03-22-0103_S1_034340b8d1268aab.jpg,ruderarius,1.0,pomorum,2.7818183078980936e-32,soroeensis,3.188789633883709e-39,0.5299049779112369
236599609323318075,0348921753b66b3b,SP3-2022-0116,C:\Users\Jules\Documents\IEES\idmybee\data\crops\basile_m1\basile_m1_SP3-2022-0116_P1_0348921753b66b3b.jpg,ruderarius,0.9996348852938474,pascuorum,0.00036511464227411994,confusus,6.375940547483212e-11,0.327906748604514
252963646491544124,0382b518a2374a3c,SP3-2022-0201,C:\Users\Jules\Documents\IEES\idmybee\data\crops\basile_m1\basile_m1_SP3-2022-0201_P1_0382b518a2374a3c.jpg,terrestris,0.9069839292796483,lucorum,0.086147973944335,sichelii,0.0036451397260215605,0.042828996454955526
262400987163285708,03a43c4ebc9458cc,SP03-22-0103,C:\Users\Jules\Documents\IEES\idmybee\data\crops\basile_m1\basile_m1_SP03-22-0103_S4_03a43c4ebc9458cc.jpg,wurflenii,0.9991408912660921,pratorum,0.0008590924232084468,soroeensis,1.6310699538743894e-08,0.28775375209648324
266989688672678233,03b489b51006f159,SP3-2022-0332,C:\Users\Jules\Documents\IEES\idmybee\data\crops\basile_m1\basile_m1_SP3-2022-0332_P3_03b489b51006f159.jpg,pascuorum,0.9781309078035023,ruderarius,0.021866536502431574,sylvarum,2.555179728711386e-06,0.05636574617420327
291583716010710521,040be9d8471b55f9,SP3-2022-0224,C:\Users\Jules\Documents\IEES\idmybee\data\crops\basile_m1\basile_m1_SP3-2022-0224_S3_040be9d8471b55f9.jpg,sylvarum,1.0,pomorum,2.865468756777837e-18,ruderarius,4.870379506447721e-28,0.3765949119498464
294563406605743334,04167fdb8e9074e6,SP3-2022-0225,C:\Users\Jules\Documents\IEES\idmybee\data\crops\basile_m1\basile_m1_SP3-2022-0225_P1_04167fdb8e9074e6.jpg,ruderarius,0.9939024232255532,confusus,0.006087414871124621,pascuorum,1.0161841231448956e-05,0.32781308917607627
314477039351089488,045d3f337c89c950,SP3-2022-0313,C:\Users\Jules\Documents\IEES\idmybee\data\crops\basile_m1\basile_m1_SP3-2022-0313_P3_045d3f337c89c950.jpg,ruderarius,0.9999999999930973,soroeensis,6.823872072890616e-12,pomorum,7.73880968836699e-14,0.5587753529017881
333325291864869213,04a035964042495d,SP3-2022-0239,C:\Users\Jules\Documents\IEES\idmybee\data\crops\basile_m1\basile_m1_SP3-2022-0239_S5_04a035964042495d.jpg,wurflenii,1.0,lapidarius,6.371538544980546e-26,sichelii,1.854347025965584e-28,0.13125646819446002
390235220145666137,056a64dd7ba0f859,SP03-22-0076,C:\Users\Jules\Documents\IEES\idmybee\data\crops\basile_m1\basile_m1_SP03-22-0076_S1_056a64dd7ba0f859.jpg,confusus,1.0,soroeensis,1.6524559617351624e-20,monticola,2.784069819471196e-26,0.2038716843715059
393775062874985140,0576f855581212b4,SP3-2022-0231,C:\Users\Jules\Documents\IEES\idmybee\data\crops\basile_m1\basile_m1_SP3-2022-0231_P3_0576f855581212b4.jpg,pyrenaeus,0.6420763968484207,terrestris,0.3579236031515794,lucorum,3.2337612268089754e-24,0.39872525449175306
428352392908773472,05f1d03b5a041860,OPPO.7362,C:\Users\Jules\Documents\IEES\idmybee\data\crops\organized\organized_OPPO.7362_S1_05f1d03b5a041860.jpg,pratorum,0.9987586075292991,soroeensis,0.0006160370397680756,wurflenii,0.0004384929727300809,0.027809366207200453
444168027780013212,062a0077cc69dc9c,SP3-2022-0374,C:\Users\Jules\Documents\IEES\idmybee\data\crops\basile_m1\basile_m1_SP3-2022-0374_P1_062a0077cc69dc9c.jpg,pratorum,0.9810034497663056,sylvarum,0.018735110006241326,pomorum,0.00026138471364490313,0.35063338887725076
489878299720608089,06cc65b7d604e959,SP3-2022-0124,C:\Users\Jules\Documents\IEES\idmybee\data\crops\basile_m1\basile_m1_SP3-2022-0124_P2_06cc65b7d604e959.jpg,terrestris,0.999999964872187,sichelii,3.262010291984888e-08,pyrenaeus,2.507687708477563e-09,0.3167961255227663
513227917902100278,071f5a12775e3736,SP3-2022-0134,C:\Users\Jules\Documents\IEES\idmybee\data\crops\basile_m1\basile_m1_SP3-2022-0134_S3_071f5a12775e3736.jpg,wurflenii,1.0,sichelii,5.012304838185888e-22,terrestris,3.107155060736843e-30,0.23022992695445146
513423854936573649,07200c469cb4c6d1,SP3-2022-0239,C:\Users\Jules\Documents\IEES\idmybee\data\crops\basile_m1\basile_m1_SP3-2022-0239_P5_07200c469cb4c6d1.jpg,wurflenii,0.999964671457328,pascuorum,3.5328542672034884e-05,pyrenaeus,9.253912855490931e-24,0.34176659594394954
516111990827453625,0729991f05970cb9,N1293,C:\Users\Jules\Documents\IEES\idmybee\data\crops\vrac\vrac_N1293_P1_0729991f05970cb9.jpg,pascuorum,0.9940637249185621,ruderarius,0.005906374272468891,sylvarum,2.9900465077933272e-05,0.04655653313741787
521346264685946333,073c31aa5f9525dd,OPPO_5923,C:\Users\Jules\Documents\IEES\idmybee\data\crops\organized\organized_OPPO_5923_S2_073c31aa5f9525dd.jpg,sylvarum,0.9975012835846431,ruderarius,0.0021758981872979895,pascuorum,0.00032273954032527037,0.042094747495550866
573231007203108474,07f486905e94a67a,SP03-22-0080,C:\Users\Jules\Documents\IEES\idmybee\data\crops\basile_m1\basile_m1_SP03-22-0080_S2_07f486905e94a67a.jpg,sylvarum,0.8634107467507349,ruderarius,0.13658925324926505,pomorum,1.4721038742575469e-24,0.43315117771583866
597190154247322028,0849a547ff45b9ac,SP3-2022-0201,C:\Users\Jules\Documents\IEES\idmybee\data\crops\basile_m1\basile_m1_SP3-2022-0201_P2_0849a547ff45b9ac.jpg,terrestris,0.9795974158608696,lucorum,0.02003349768247577,monticola,0.0003001098163982071,0.0449255165384606
599515936701801840,0851e8916c4be570,SP3-2022-9016,C:\Users\Jules\Documents\IEES\idmybee\data\crops\basile_m1\basile_m1_SP3-2022-9016_S3_0851e8916c4be570.jpg,confusus,0.993122246569811,lucorum,0.006877352146202434,terrestris,4.0128398646247566e-07,0.30075888173170223
637793954165257905,08d9e638dde976b1,SP3-2022-0070,C:\Users\Jules\Documents\IEES\idmybee\data\crops\basile_m1\basile_m1_SP3-2022-0070_P2_08d9e638dde976b1.jpg,terrestris,1.0,wurflenii,1.7096114751176617e-25,lucorum,7.575252855153996e-29,0.5203097099538757
662564233012984310,0931e6a8d59e39f6,SP3-2022-0195,C:\Users\Jules\Documents\IEES\idmybee\data\crops\basile_m1\basile_m1_SP3-2022-0195_S1_0931e6a8d59e39f6.jpg,vestalis,0.9999843976406054,soroeensis,7.875863608511897e-06,rupestris,6.110404133686106e-06,0.05882354145923988
682432019517060472,09787c4e5aaab578,SP3-2022-9032,C:\Users\Jules\Documents\IEES\idmybee\data\crops\basile_m1\basile_m1_SP3-2022-9032_P3_09787c4e5aaab578.jpg,wurflenii,0.9999999999904048,soroeensis,5.1359326512367415e-12,lapidarius,4.459193769142628e-12,0.15583334189478087
732976046270777050,0a2c0dd4a2d706da,SP3-2022-9035,C:\Users\Jules\Documents\IEES\idmybee\data\crops\basile_m1\basile_m1_SP3-2022-9035_S1_0a2c0dd4a2d706da.jpg,pomorum,0.9747513954487437,pratorum,0.024782766082177072,sylvarum,0.0004658384690111668,0.34870702408551674
741751677603836456,0a4b3b3887207228,SP03-22-0090,C:\Users\Jules\Documents\IEES\idmybee\data\crops\basile_m1\basile_m1_SP03-22-0090_S3_0a4b3b3887207228.jpg,pratorum,0.9999999999979117,wurflenii,1.8523889733914037e-12,soroeensis,2.35978494809043e-13,0.30354248595585626
814314757044382275,0b4d06f504fd2a43,SP3-2022-9036,C:\Users\Jules\Documents\IEES\idmybee\data\crops\basile_m1\basile_m1_SP3-2022-9036_P4_0b4d06f504fd2a43.jpg,soroeensis,1.0,ruderarius,3.9930326015616085e-19,sylvarum,1.5988734021625227e-28,0.5935694252758484
839478123453346818,0ba66ce7d125f402,SP3-2022-0210,C:\Users\Jules\Documents\IEES\idmybee\data\crops\basile_m1\basile_m1_SP3-2022-0210_P1_0ba66ce7d125f402.jpg,rupestris,1.0,confusus,1.5288171036899747e-22,lapidarius,2.6083602467500304e-25,0.35251418855681743
857415818298680058,0be62724da7e62fa,SP03-22-0111,C:\Users\Jules\Documents\IEES\idmybee\data\crops\basile_m1\basile_m1_SP03-22-0111_S2_0be62724da7e62fa.jpg,wurflenii,0.770314606054424,pratorum,0.2239746380468369,soroeensis,0.0057107558987390125,0.41033867331505813
858617724665392132,0bea6c457c88ec04,SP03-22-0113,C:\Users\Jules\Documents\IEES\idmybee\data\crops\basile_m1\basile_m1_SP03-22-0113_S2_0bea6c457c88ec04.jpg,ruderarius,1.0,wurflenii,2.9132205450342277e-23,soroeensis,1.30861786825816e-29,0.4463622662358516
878646700608783403,0c319484d8db042b,SP3-2022-9031,C:\Users\Jules\Documents\IEES\idmybee\data\crops\basile_m1\basile_m1_SP3-2022-9031_S2_0c319484d8db042b.jpg,ruderarius,0.8701172111588987,sylvarum,0.12988278884110127,soroeensis,2.268677318525774e-22,0.4990603827141234
903581784761585704,0c8a2ad88a3a5028,SP3-2022-0100,C:\Users\Jules\Documents\IEES\idmybee\data\crops\basile_m1\basile_m1_SP3-2022-0100_P2_0c8a2ad88a3a5028.jpg,pyrenaeus,0.6606279184501372,soroeensis,0.23576077181540445,ruderarius,0.05872691290318094,0.03495365898483733
950645953201198382,0d315f752bb8552e,2020.00471,C:\Users\Jules\Documents\IEES\idmybee\data\crops\organized\organized_2020.00471_S2_0d315f752bb8552e.jpg,rupestris,0.9999999824367628,sichelii,1.1993330897156641e-08,lapidarius,4.927374798899965e-09,0.04364502405142671
965730490027786816,0d66f6c396dec240,SP3-2022-0266,C:\Users\Jules\Documents\IEES\idmybee\data\crops\basile_m1\basile_m1_SP3-2022-0266_P3_0d66f6c396dec240.jpg,wurflenii,0.9999999999994575,lapidarius,4.0805149946685056e-13,terrestris,1.1501655974599574e-13,0.17848392366199117
1163063658372151267,1024083c307037e3,SP03-22-0082,C:\Users\Jules\Documents\IEES\idmybee\data\crops\basile_m1\basile_m1_SP03-22-0082_S2_1024083c307037e3.jpg,vestalis,1.0,rupestris,7.761451064577537e-32,confusus,3.653037921876493e-33,0.36001183146238663
1214212773570428495,10d9c0159a683e4f,SP3-2022-0089,C:\Users\Jules\Documents\IEES\idmybee\data\crops\basile_m1\basile_m1_SP3-2022-0089_P3_10d9c0159a683e4f.jpg,sylvarum,0.9999999043878589,ruderarius,9.021204623948915e-08,sichelii,5.39879629832271e-09,0.2510101179201999
1247406059414811314,114fad33b616f2b2,SP3-2022-0171,C:\Users\Jules\Documents\IEES\idmybee\data\crops\basile_m1\basile_m1_SP3-2022-0171_S2_114fad33b616f2b2.jpg,pascuorum,0.501780611570208,soroeensis,0.46883765024713914,lucorum,0.029169487805975957,0.2510415302055217
1277791392798843941,11bba08070d3a425,SP3-2022-0164,C:\Users\Jules\Documents\IEES\idmybee\data\crops\basile_m1\basile_m1_SP3-2022-0164_S2_11bba08070d3a425.jpg,confusus,0.9998790957582694,ruderarius,0.00011845803325308603,pascuorum,2.439798182158262e-06,0.33264445649357943
1303234436084273452,121604d095dc112c,SP3-2022-0376,C:\Users\Jules\Documents\IEES\idmybee\data\crops\basile_m1\basile_m1_SP3-2022-0376_P3_121604d095dc112c.jpg,pascuorum,0.9998708574544115,sylvarum,7.939873479348418e-05,ruderarius,4.974154355548029e-05,0.04792557691417411
1322106604770547475,125910f3c48bd713,SP3-2022-9032,C:\Users\Jules\Documents\IEES\idmybee\data\crops\basile_m1\basile_m1_SP3-2022-9032_S2_125910f3c48bd713.jpg,wurflenii,0.9999652832853734,soroeensis,3.4716714626642636e-05,pyrenaeus,3.996884333208013e-21,0.35539126871755705
1331152384216706213,1279340a6b26aca5,SP3-2022-0185,C:\Users\Jules\Documents\IEES\idmybee\data\crops\basile_m1\basile_m1_SP3-2022-0185_P3_1279340a6b26aca5.jpg,confusus,0.9999999999447078,monticola,5.336323896945987e-11,pyrenaeus,1.8937915456228286e-12,0.15306242864537478
1371881722332247399,1309e7286d76f567,SP3-2022-9031,C:\Users\Jules\Documents\IEES\idmybee\data\crops\basile_m1\basile_m1_SP3-2022-9031_S1_1309e7286d76f567.jpg,pratorum,0.9999999999999998,vestalis,2.200814538091027e-16,pascuorum,9.283923937128395e-25,0.43181175460624527
1372586395019005918,130c680dd2a44fde,SP3-2022-0245,C:\Users\Jules\Documents\IEES\idmybee\data\crops\basile_m1\basile_m1_SP3-2022-0245_P3_130c680dd2a44fde.jpg,pomorum,0.9999999999999807,wurflenii,1.931745201746909e-14,ruderarius,2.755041261595831e-20,0.34675330585933595
1389030401239009906,1346d3ca6011ca72,SP3-2022-0182,C:\Users\Jules\Documents\IEES\idmybee\data\crops\basile_m1\basile_m1_SP3-2022-0182_P2_1346d3ca6011ca72.jpg,pratorum,0.8194362746657907,pascuorum,0.18041986660919596,vestalis,0.00014385872501334433,0.3665362962077814
1419168102125266399,13b1e5deabbde5df,SP3-2022-0368,C:\Users\Jules\Documents\IEES\idmybee\data\crops\basile_m1\basile_m1_SP3-2022-0368_P1_13b1e5deabbde5df.jpg,ruderarius,0.6843845870901366,pascuorum,0.31117240776540867,sylvarum,0.004440547175693167,0.039067622978149086
1464089099088151385,14517d474eabc359,SP3-2022-0177,C:\Users\Jules\Documents\IEES\idmybee\data\crops\basile_m1\basile_m1_SP3-2022-0177_P1_14517d474eabc359.jpg,monticola,0.9999599565477081,confusus,2.2752000450468867e-05,lucorum,1.7288494705549286e-05,0.21100673242931076
1495866909066751175,14c26307422f6cc7,SP3-2022-0146,C:\Users\Jules\Documents\IEES\idmybee\data\crops\basile_m1\basile_m1_SP3-2022-0146_P2_14c26307422f6cc7.jpg,rupestris,1.0,lapidarius,5.492533643484127e-26,sichelii,1.5624020740110092e-28,0.35291342653113367
1506588752449170559,14e87a7cf454ec7f,SP3-2022-0271,C:\Users\Jules\Documents\IEES\idmybee\data\crops\basile_m1\basile_m1_SP3-2022-0271_P3_14e87a7cf454ec7f.jpg,lucorum,0.8780366029562205,terrestris,0.12195267868718229,monticola,1.0579435597139901e-05,0.049803730851705336
1528612729235526427,1536b92da539531b,SP3-2022-0056,C:\Users\Jules\Documents\IEES\idmybee\data\crops\basile_m1\basile_m1_SP3-2022-0056_P1_1536b92da539531b.jpg,sylvarum,1.0,ruderarius,6.21161611947792e-32,pascuorum,4.681990151664992e-46,0.38063677019315334
1603425043606212570,16408294f41d0fda,SP3-2022-0108,C:\Users\Jules\Documents\IEES\idmybee\data\crops\basile_m1\basile_m1_SP3-2022-0108_P2_16408294f41d0fda.jpg,sylvarum,1.0,ruderarius,5.869691419671495e-25,pomorum,5.553833667484095e-28,0.40960841677875476
1652299377981431772,16ee2587af2e9fdc,SP3-2022-0269,C:\Users\Jules\Documents\IEES\idmybee\data\crops\basile_m1\basile_m1_SP3-2022-0269_P4_16ee2587af2e9fdc.jpg,terrestris,0.9451437324199289,lucorum,0.05485391804053433,pyrenaeus,1.529160218656561e-06,0.029025372599977485
1654321315215822718,16f55478a1cbcf7e,SP3-2022-0350,C:\Users\Jules\Documents\IEES\idmybee\data\crops\basile_m1\basile_m1_SP3-2022-0350_P2_16f55478a1cbcf7e.jpg,wurflenii,1.0,pomorum,9.851553342170389e-57,ruderarius,4.163069638704289e-66,0.5262806241464278
1734922764532992555,1813af0ff4ba4a2b,SP03-22-0080,C:\Users\Jules\Documents\IEES\idmybee\data\crops\basile_m1\basile_m1_SP03-22-0080_S3_1813af0ff4ba4a2b.jpg,pyrenaeus,0.9999925920591347,pomorum,6.59913694489293e-06,soroeensis,8.086337632402927e-07,0.45962591812268194
1740208449588909193,1826765d68e15489,SP3-2022-0376,C:\Users\Jules\Documents\IEES\idmybee\data\crops\basile_m1\basile_m1_SP3-2022-0376_P2_1826765d68e15489.jpg,pascuorum,0.9987413200716219,ruderarius,0.0011620286449091973,sylvarum,9.664841308408014e-05,0.04869988047283054
1741753404985430812,182bf37e5e7bd31c,SP3-2022-0062,C:\Users\Jules\Documents\IEES\idmybee\data\crops\basile_m1\basile_m1_SP3-2022-0062_S2_182bf37e5e7bd31c.jpg,monticola,0.9999999515977421,confusus,4.8193766839882453e-08,lucorum,2.083442542993505e-10,0.20587844450366924
1761667708743895096,1872b37287f4c838,SP3-2022-0181,C:\Users\Jules\Documents\IEES\idmybee\data\crops\basile_m1\basile_m1_SP3-2022-0181_P3_1872b37287f4c838.jpg,pascuorum,0.9561030939009958,ruderarius,0.0233970461258971,sylvarum,0.020499068679626944,0.035478973798365086
1822807507526926754,194be9c53c0ec1a2,OPPO.7362,C:\Users\Jules\Documents\IEES\idmybee\data\crops\organized\organized_OPPO.7362_S2_194be9c53c0ec1a2.jpg,pratorum,0.9997108834688776,pyrenaeus,0.00017970076967190846,soroeensis,9.481959546733587e-05,0.029781215375036217
1860419870457285932,19d18a03e7af4d2c,SP3-2022-0110,C:\Users\Jules\Documents\IEES\idmybee\data\crops\basile_m1\basile_m1_SP3-2022-0110_P3_19d18a03e7af4d2c.jpg,ruderarius,0.530621204772406,pascuorum,0.4693309583145835,rupestris,4.783691291976908e-05,0.33390419133711374
1860579486521259795,19d21b2f6a7a7713,SP3-2022-0221,C:\Users\Jules\Documents\IEES\idmybee\data\crops\basile_m1\basile_m1_SP3-2022-0221_P2_19d21b2f6a7a7713.jpg,confusus,1.0,rupestris,9.466461186014852e-21,pascuorum,4.434794289893096e-37,0.3880130576741449
1866691933955164660,19e7d26c7c7c09f4,SP3-2022-0374,C:\Users\Jules\Documents\IEES\idmybee\data\crops\basile_m1\basile_m1_SP3-2022-0374_P2_19e7d26c7c7c09f4.jpg,confusus,1.0,monticola,3.951644392030674e-24,terrestris,3.5368262402733202e-25,0.13584573819139426
1882813694071863630,1a2119144564f94e,SP3-2022-0002,C:\Users\Jules\Documents\IEES\idmybee\data\crops\basile_m1\basile_m1_SP3-2022-0002_P2_1a2119144564f94e.jpg,wurflenii,1.0,pascuorum,2.6989231756182003e-17,terrestris,3.2842215036737447e-22,0.3369048739518656
1910561191606820352,1a83ad47fb5f1e00,SP3-2022-0121,C:\Users\Jules\Documents\IEES\idmybee\data\crops\basile_m1\basile_m1_SP3-2022-0121_P1_1a83ad47fb5f1e00.jpg,lucorum,0.9657540999235941,terrestris,0.034245899214875225,confusus,8.61530790971755e-10,0.3021777399727349
1914594224038351427,1a92014d84d21243,SP3-2022-0187,C:\Users\Jules\Documents\IEES\idmybee\data\crops\basile_m1\basile_m1_SP3-2022-0187_S2_1a92014d84d21243.jpg,pratorum,0.8802684822861205,pomorum,0.11704818612145239,sylvarum,0.0026833305038174043,0.3692690693711175
1934523146091460228,1ad8ce8d448d7684,SP3-2022-0373,C:\Users\Jules\Documents\IEES\idmybee\data\crops\basile_m1\basile_m1_SP3-2022-0373_P2_1ad8ce8d448d7684.jpg,ruderarius,0.9996212124658723,pomorum,0.00023983321936904277,sylvarum,0.00011624356673294964,0.04520348550879299
1959925221154207512,1b330d9ac139b718,SP3-2022-0256,C:\Users\Jules\Documents\IEES\idmybee\data\crops\basile_m1\basile_m1_SP3-2022-0256_P1_1b330d9ac139b718.jpg,ruderarius,0.8659211094688299,pascuorum,0.08615517352286302,sylvarum,0.04754403351483478,0.03326957990395267
1972178619700321557,1b5e96016cdb9d15,SP3-2022-0092,C:\Users\Jules\Documents\IEES\idmybee\data\crops\basile_m1\basile_m1_SP3-2022-0092_P2_1b5e96016cdb9d15.jpg,pascuorum,1.0,wurflenii,5.989157068976024e-36,pratorum,5.945158225145156e-39,0.34428535047824516
2003581991935990574,1bce2734cbb6db2e,SP3-2022-9039,C:\Users\Jules\Documents\IEES\idmybee\data\crops\basile_m1\basile_m1_SP3-2022-9039_P1_1bce2734cbb6db2e.jpg,pyrenaeus,0.5402753825090234,lucorum,0.27886366748076813,pratorum,0.06357248762926808,0.03277078254819962
2008316275490593054,1bdef9031540991e,SP3-2022-0231,C:\Users\Jules\Documents\IEES\idmybee\data\crops\basile_m1\basile_m1_SP3-2022-0231_S1_1bdef9031540991e.jpg,pratorum,1.0,soroeensis,8.676340868398032e-53,sichelii,6.215560069359376e-55,0.42918071025181653
2036000638578022239,1c4153cb28e9575f,SP3-2022-9039,C:\Users\Jules\Documents\IEES\idmybee\data\crops\basile_m1\basile_m1_SP3-2022-9039_P3_1c4153cb28e9575f.jpg,lucorum,0.9358118684027651,terrestris,0.03111593817899719,pyrenaeus,0.024194505636370947,0.03395677021088364
2092676243271386478,1d0aadf4ae17056e,SP3-2022-0201,C:\Users\Jules\Documents\IEES\idmybee\data\crops\basile_m1\basile_m1_SP3-2022-0201_S1_1d0aadf4ae17056e.jpg,terrestris,0.98436901160729,lucorum,0.015564944674309456,monticola,4.818007275468076e-05,0.03885316652974854
2107058619891527519,1d3dc6a6af8f2f5f,SP3-2022-0136,C:\Users\Jules\Documents\IEES\idmybee\data\crops\basile_m1\basile_m1_SP3-2022-0136_P1_1d3dc6a6af8f2f5f.jpg,confusus,1.0,wurflenii,3.176076873971621e-34,terrestris,1.909775094129957e-37,0.22637965199147358
2115733991763288751,1d5c98db1a4522af,SP3-2022-0193,C:\Users\Jules\Documents\IEES\idmybee\data\crops\basile_m1\basile_m1_SP3-2022-0193_P2_1d5c98db1a4522af.jpg,ruderarius,0.9596147834468516,pascuorum,0.04030915687868613,sylvarum,7.602813715487554e-05,0.048083765940564994
2126974496458314894,1d8488090bb6948e,SP03-22-0110,C:\Users\Jules\Documents\IEES\idmybee\data\crops\basile_m1\basile_m1_SP03-22-0110_S2_1d8488090bb6948e.jpg,rupestris,1.0,ruderarius,1.1311638572997103e-19,pascuorum,2.1309045213463248e-27,0.3489383850223055
2157372219823700495,1df0869a8ae33a0f,WB1_23,C:\Users\Jules\Documents\IEES\idmybee\data\crops\terrain\terrain_WB1_23_adrien147_1df0869a8ae33a0f.jpg,pratorum,0.9943480434405718,ruderarius,0.004060077796211624,pascuorum,0.0008385400803922007,0.03914291350952629
2194394924477816366,1e740e8eb26b9e2e,SP3-2022-0345,C:\Users\Jules\Documents\IEES\idmybee\data\crops\basile_m1\basile_m1_SP3-2022-0345_P1_1e740e8eb26b9e2e.jpg,pomorum,1.0,sylvarum,1.7055494895312838e-34,wurflenii,1.5355336524013754e-42,0.38064733279375945
2231740163220229738,1ef8bbdaabb6ce6a,SP03-22-0109,C:\Users\Jules\Documents\IEES\idmybee\data\crops\basile_m1\basile_m1_SP03-22-0109_S2_1ef8bbdaabb6ce6a.jpg,wurflenii,1.0,sichelii,3.597708142341694e-34,pascuorum,4.041030115792212e-55,0.4272921945765339
2251091632366665972,1f3d7be9b011c0f4,SP3-2022-0227,C:\Users\Jules\Documents\IEES\idmybee\data\crops\basile_m1\basile_m1_SP3-2022-0227_S3_1f3d7be9b011c0f4.jpg,pomorum,0.9983360687560627,pratorum,0.0015778428239364816,monticola,8.424697070731303e-05,0.49447573121447935
2272804439803572531,1f8a9f989e6c3133,OPPO_5923,C:\Users\Jules\Documents\IEES\idmybee\data\crops\organized\organized_OPPO_5923_P2_1f8a9f989e6c3133.jpg,sylvarum,0.9947185739806813,ruderarius,0.004764534034648324,pascuorum,0.0005168576373721406,0.039876160537943066
2294731694641698645,1fd8865179f2d755,SP3-2022-0077,C:\Users\Jules\Documents\IEES\idmybee\data\crops\basile_m1\basile_m1_SP3-2022-0077_P2_1fd8865179f2d755.jpg,monticola,0.999956502306871,confusus,4.349769312887283e-05,wurflenii,5.1003588606726255e-23,0.2168581491109013
2298371208813412907,1fe5746fe74f022b,SP3-2022-0368,C:\Users\Jules\Documents\IEES\idmybee\data\crops\basile_m1\basile_m1_SP3-2022-0368_P2_1fe5746fe74f022b.jpg,pascuorum,0.5163455614688367,ruderarius,0.48055998224343366,sylvarum,0.00309434783794206,0.03917554856127995
2338421547438248788,2073be02062d1354,SP3-2022-0083,C:\Users\Jules\Documents\IEES\idmybee\data\crops\basile_m1\basile_m1_SP3-2022-0083_P1_2073be02062d1354.jpg,wurflenii,1.0,pascuorum,1.3063720007941085e-35,pratorum,8.177307418780099e-53,0.4057231444768217
2389157510198162079,2127fe18e3d1729f,SP3-2022-0256,C:\Users\Jules\Documents\IEES\idmybee\data\crops\basile_m1\basile_m1_SP3-2022-0256_P2_2127fe18e3d1729f.jpg,ruderarius,0.7148820908925894,pascuorum,0.19299975634972383,sylvarum,0.09109870028014799,0.034421655607356
2393896362336785946,2138d40ee22f161a,SP03-22-0111,C:\Users\Jules\Documents\IEES\idmybee\data\crops\basile_m1\basile_m1_SP03-22-0111_S1_2138d40ee22f161a.jpg,wurflenii,1.0,pascuorum,3.236100704796363e-43,pratorum,5.848148927306019e-46,0.17521468231086673
2398192183450188900,21481715adaabc64,SP3-2022-0070,C:\Users\Jules\Documents\IEES\idmybee\data\crops\basile_m1\basile_m1_SP3-2022-0070_S1_21481715adaabc64.jpg,wurflenii,1.0,monticola,7.658850349349443e-45,pomorum,5.400825729368809e-56,0.4737180090518212
2466958944677925738,223c6616f500136a,SP3-2022-0251,C:\Users\Jules\Documents\IEES\idmybee\data\crops\basile_m1\basile_m1_SP3-2022-0251_P3_223c6616f500136a.jpg,wurflenii,1.0,pyrenaeus,4.2025943278032864e-31,pascuorum,2.090273260323636e-33,0.2584834358290588
2519435365415962919,22f6d51dc62cc927,SP3-2022-0122,C:\Users\Jules\Documents\IEES\idmybee\data\crops\basile_m1\basile_m1_SP3-2022-0122_P3_22f6d51dc62cc927.jpg,pomorum,0.9996685940911492,wurflenii,0.00024893758696246926,sylvarum,8.232633045009356e-05,0.34934723943874163
2530820945297093500,231f483daa8d337c,SP3-2022-0060,C:\Users\Jules\Documents\IEES\idmybee\data\crops\basile_m1\basile_m1_SP3-2022-0060_P4_231f483daa8d337c.jpg,sylvarum,0.9999825790686192,pascuorum,1.742091062386932e-05,wurflenii,2.0756720212904316e-11,0.3803772075951011
2550222525571680578,236435e016e64942,SP3-2022-0299,C:\Users\Jules\Documents\IEES\idmybee\data\crops\basile_m1\basile_m1_SP3-2022-0299_P2_236435e016e64942.jpg,pyrenaeus,0.8360501801033771,wurflenii,0.16394875619249352,soroeensis,1.0632998033924165e-06,0.3664659885877698
2566131958609393161,239cbb6b9fb0b609,SP3-2022-9034,C:\Users\Jules\Documents\IEES\idmybee\data\crops\basile_m1\basile_m1_SP3-2022-9034_S1_239cbb6b9fb0b609.jpg,wurflenii,1.0,pratorum,1.6146607104026057e-30,soroeensis,6.5598065929833e-56,0.361581702647808
2607591380895893710,2430068b99ab88ce,SP3-2022-0258,C:\Users\Jules\Documents\IEES\idmybee\data\crops\basile_m1\basile_m1_SP3-2022-0258_S2_2430068b99ab88ce.jpg,pratorum,0.9622342870356956,wurflenii,0.03776491041710535,soroeensis,8.025469046711895e-07,0.47842072923426165
2671737810063148845,2513eb61fdcb472d,SP3-2022-0124,C:\Users\Jules\Documents\IEES\idmybee\data\crops\basile_m1\basile_m1_SP3-2022-0124_P3_2513eb61fdcb472d.jpg,rupestris,0.5470504071797752,lapidarius,0.2738545689340777,pyrenaeus,0.17891198356322865,0.1833241627843424
2678716864501282229,252cb6cbba7275b5,SP3-2022-0198,C:\Users\Jules\Documents\IEES\idmybee\data\crops\basile_m1\basile_m1_SP3-2022-0198_S2_252cb6cbba7275b5.jpg,wurflenii,0.9999976264569019,rupestris,2.3735430980830817e-06,ruderarius,8.271240239092737e-22,0.36376812504421974
2727530706049868716,25da22b9e012a3ac,SP03-22-0101,C:\Users\Jules\Documents\IEES\idmybee\data\crops\basile_m1\basile_m1_SP03-22-0101_S1_25da22b9e012a3ac.jpg,wurflenii,1.0,lapidarius,2.3464220872739066e-17,sichelii,1.2697544377647391e-22,0.1396584690597222
2748408324871516155,26244ecf4db16ffb,SP03-22-0100,C:\Users\Jules\Documents\IEES\idmybee\data\crops\basile_m1\basile_m1_SP03-22-0100_S2_26244ecf4db16ffb.jpg,wurflenii,1.0,confusus,5.1706797381964465e-27,terrestris,3.248855661357501e-38,0.35361113925860205
2772077675571041696,267865f57633d5a0,SP3-2022-0267,C:\Users\Jules\Documents\IEES\idmybee\data\crops\basile_m1\basile_m1_SP3-2022-0267_P3_267865f57633d5a0.jpg,terrestris,0.9572730091967661,lucorum,0.042000194980441025,soroeensis,0.00029669089791047347,0.027321714494053923
2834283151684679433,27556582810a3709,SP3-2022-0061,C:\Users\Jules\Documents\IEES\idmybee\data\crops\basile_m1\basile_m1_SP3-2022-0061_S1_27556582810a3709.jpg,monticola,0.9281104483349657,confusus,0.07188955086766083,lucorum,7.953615703233335e-10,0.20747464059878593
2881591046359168199,27fd77ca122f34c7,SP3-2022-0068,C:\Users\Jules\Documents\IEES\idmybee\data\crops\basile_m1\basile_m1_SP3-2022-0068_P2_27fd77ca122f34c7.jpg,rupestris,0.997900389113531,vestalis,0.002049453654399811,lapidarius,3.0376936429431138e-05,0.16836605488007253
2885586262659938913,280ba96ada97ba61,SP03-22-0092,C:\Users\Jules\Documents\IEES\idmybee\data\crops\basile_m1\basile_m1_SP03-22-0092_S2_280ba96ada97ba61.jpg,wurflenii,1.0,lapidarius,9.908376524139117e-23,sylvarum,9.237761752693122e-23,0.1353323366077527
2897380989860084961,283590a8c7947ce1,SP3-2022-0182,C:\Users\Jules\Documents\IEES\idmybee\data\crops\basile_m1\basile_m1_SP3-2022-0182_S2_283590a8c7947ce1.jpg,wurflenii,0.9999999994553268,pomorum,2.713527853118147e-10,pascuorum,2.401115989944591e-10,0.32822744423364175
2897791196971158671,283705bd90b84c8f,SP3-2022-0058,C:\Users\Jules\Documents\IEES\idmybee\data\crops\basile_m1\basile_m1_SP3-2022-0058_P4_283705bd90b84c8f.jpg,pascuorum,0.9843593044154111,sylvarum,0.009428421704358174,pomorum,0.0062122738802307285,0.41596998912475336
2926272005171741662,289c34e2786e83de,SP3-2022-0271,C:\Users\Jules\Documents\IEES\idmybee\data\crops\basile_m1\basile_m1_SP3-2022-0271_P2_289c34e2786e83de.jpg,lucorum,0.8048515439184284,terrestris,0.19514667031235575,sichelii,1.2753890245163251e-06,0.045216561459971494
2954808516333169486,290196b0bb566b4e,SP3-2022-0258,C:\Users\Jules\Documents\IEES\idmybee\data\crops\basile_m1\basile_m1_SP3-2022-0258_P4_290196b0bb566b4e.jpg,wurflenii,1.0,lapidarius,2.635235832700925e-25,sylvarum,1.4835168803860854e-25,0.15176820300033203
3046306621577266015,2a46a7bb7808835f,SP03-22-0122,C:\Users\Jules\Documents\IEES\idmybee\data\crops\basile_m1\basile_m1_SP03-22-0122_S2_2a46a7bb7808835f.jpg,monticola,0.9999999924707593,lucorum,6.476276908787375e-09,terrestris,9.820377165787198e-10,0.2000947278368698
3051454984776102074,2a58f2242facb0ba,SP3-2022-9032,C:\Users\Jules\Documents\IEES\idmybee\data\crops\basile_m1\basile_m1_SP3-2022-9032_P5_2a58f2242facb0ba.jpg,wurflenii,1.0,soroeensis,7.6823860675712435e-25,pascuorum,1.1517871383843993e-25,0.18876422852309882
3062872073977961917,2a8181ec69eb9dbd,SP3-2022-0270,C:\Users\Jules\Documents\IEES\idmybee\data\crops\basile_m1\basile_m1_SP3-2022-0270_P2_2a8181ec69eb9dbd.jpg,pascuorum,0.982283556296349,ruderarius,0.017240160967570584,sylvarum,0.0004756641782834912,0.04318408048382652
3069335027571864279,2a9877f20f15b2d7,SP3-2022-0082,C:\Users\Jules\Documents\IEES\idmybee\data\crops\basile_m1\basile_m1_SP3-2022-0082_P2_2a9877f20f15b2d7.jpg,sichelii,0.8023618689320471,terrestris,0.1823393105230954,pyrenaeus,0.015264125588072611,0.25955416251388586
3085896314718631235,2ad34e59347db543,SP3-2022-0243,C:\Users\Jules\Documents\IEES\idmybee\data\crops\basile_m1\basile_m1_SP3-2022-0243_P3_2ad34e59347db543.jpg,ruderarius,0.5056424473799829,pascuorum,0.48367174801153956,sylvarum,0.01068559117055284,0.04226149103554195
3104850705293940549,2b16a54429aa9745,SP3-2022-0196,C:\Users\Jules\Documents\IEES\idmybee\data\crops\basile_m1\basile_m1_SP3-2022-0196_P1_2b16a54429aa9745.jpg,soroeensis,0.9999828617351297,lucorum,1.7122696941624288e-05,lapidarius,1.55679137867569e-08,0.40868864315038556
3106871205205249162,2b1dd2e675260c8a,SP3-2022-9033,C:\Users\Jules\Documents\IEES\idmybee\data\crops\basile_m1\basile_m1_SP3-2022-9033_P2_2b1dd2e675260c8a.jpg,confusus,0.9999999999972533,soroeensis,2.7466059694388517e-12,pyrenaeus,7.865111351999087e-30,0.32582189376791304
3122591761970268689,2b55aca9cecc8a11,SP3-2022-0356,C:\Users\Jules\Documents\IEES\idmybee\data\crops\basile_m1\basile_m1_SP3-2022-0356_P1_2b55aca9cecc8a11.jpg,rupestris,0.9999999999999991,pomorum,8.626800681035628e-16,wurflenii,1.4434932113377067e-50,0.5633039502919513
3139073470622476926,2b903ab0a44e2a7e,SP3-2022-9011,C:\Users\Jules\Documents\IEES\idmybee\data\crops\basile_m1\basile_m1_SP3-2022-9011_P3_2b903ab0a44e2a7e.jpg,ruderarius,0.9471951703147612,sylvarum,0.0528043431461004,pascuorum,4.865156979036837e-07,0.33137718078392203
3142527783385169177,2b9c805e8177fd19,SP3-2022-0059,C:\Users\Jules\Documents\IEES\idmybee\data\crops\basile_m1\basile_m1_SP3-2022-0059_P2_2b9c805e8177fd19.jpg,confusus,0.9999999999999996,pyrenaeus,4.883900362795435e-16,wurflenii,1.468462128630591e-18,0.40738086251245387
3227572131071538834,2ccaa3c0b7783692,SP3-2022-0152,C:\Users\Jules\Documents\IEES\idmybee\data\crops\basile_m1\basile_m1_SP3-2022-0152_S1_2ccaa3c0b7783692.jpg,pyrenaeus,0.9999999999999987,monticola,6.551147501362571e-16,confusus,6.093345067499068e-16,0.39738986479410987
3325988726002250253,2e28491fdc51720d,N1250,C:\Users\Jules\Documents\IEES\idmybee\data\crops\vrac\vrac_N1250_P3_2e28491fdc51720d.jpg,pascuorum,0.999797287768949,ruderarius,0.0001913816724374454,pratorum,8.326428466396697e-06,0.03465008790060763
3381662788558682325,2eee1463ae3278d5,ATBI_GR5b,C:\Users\Jules\Documents\IEES\idmybee\data\crops\organized\organized_ATBI_GR5b_S2_2eee1463ae3278d5.jpg,sichelii,0.7600087158583839,pyrenaeus,0.19425062242566749,lapidarius,0.04093488279972702,0.023200427320890355
3406955080692629409,2f47ef9856657fa1,SP03-22-0113,C:\Users\Jules\Documents\IEES\idmybee\data\crops\basile_m1\basile_m1_SP03-22-0113_S1_2f47ef9856657fa1.jpg,ruderarius,1.0,wurflenii,1.0167439308506372e-28,soroeensis,2.4474605069174262e-30,0.4477777958376344
3486067848886787085,3061003d13ce9c0d,SP3-2022-0059,C:\Users\Jules\Documents\IEES\idmybee\data\crops\basile_m1\basile_m1_SP3-2022-0059_P3_3061003d13ce9c0d.jpg,wurflenii,0.999953614676239,confusus,4.638532376096949e-05,pyrenaeus,1.110765816590397e-27,0.36133456130709024
3487292307632327511,306559e098608b57,SP3-2022-0195,C:\Users\Jules\Documents\IEES\idmybee\data\crops\basile_m1\basile_m1_SP3-2022-0195_S2_306559e098608b57.jpg,vestalis,0.9999959404385634,rupestris,3.0444582181758683e-06,soroeensis,9.464074416773025e-07,0.05751449301427861
3490628970832730166,3071348e092c1836,SP03-22-0116,C:\Users\Jules\Documents\IEES\idmybee\data\crops\basile_m1\basile_m1_SP03-22-0116_S1_3071348e092c1836.jpg,ruderarius,0.9999728335483534,confusus,1.982709340578514e-05,pascuorum,3.79087529933825e-06,0.3313675232582483
3509268997056719232,30b36d8f56db6980,SP3-2022-0212,C:\Users\Jules\Documents\IEES\idmybee\data\crops\basile_m1\basile_m1_SP3-2022-0212_S2_30b36d8f56db6980.jpg,pomorum,0.2637671911548166,lucorum,0.22192813770389977,soroeensis,0.17984057231941553,0.0450680552794713
3559804358632004038,3166f7341a25d9c6,SP3-2022-0348,C:\Users\Jules\Documents\IEES\idmybee\data\crops\basile_m1\basile_m1_SP3-2022-0348_P2_3166f7341a25d9c6.jpg,wurflenii,0.9999999943264197,pascuorum,5.622918655092978e-09,pratorum,5.0396473590654883e-11,0.2235297428652054
3598051612209816747,31eed8e0c549a4ab,WB1_23,C:\Users\Jules\Documents\IEES\idmybee\data\crops\terrain\terrain_WB1_23_adrien144_31eed8e0c549a4ab.jpg,confusus,1.0,wurflenii,2.018019946565822e-18,soroeensis,1.6287503137911108e-30,0.5257851522983509
3598462085404761839,31f04e3382431eef,SP3-2022-0258,C:\Users\Jules\Documents\IEES\idmybee\data\crops\basile_m1\basile_m1_SP3-2022-0258_S4_31f04e3382431eef.jpg,wurflenii,1.0,lapidarius,3.533260612041716e-22,sylvarum,1.107541812276449e-25,0.13609530602925982
3674308032108275279,32fdc3b0192da64f,SP03-22-0089,C:\Users\Jules\Documents\IEES\idmybee\data\crops\basile_m1\basile_m1_SP03-22-0089_S2_32fdc3b0192da64f.jpg,lapidarius,0.996378609319152,sylvarum,0.0035790170343523546,ruderarius,4.228907531429076e-05,0.258905078502123
3676244423885277082,3304a4d37131479a,SP3-2022-0225,C:\Users\Jules\Documents\IEES\idmybee\data\crops\basile_m1\basile_m1_SP3-2022-0225_P2_3304a4d37131479a.jpg,ruderarius,0.9997055057954609,pascuorum,0.0002944941291747956,confusus,6.456508584615779e-11,0.32999441613466096
3714176247208719465,338b679e4811b469,SP3-2022-0175,C:\Users\Jules\Documents\IEES\idmybee\data\crops\basile_m1\basile_m1_SP3-2022-0175_P2_338b679e4811b469.jpg,pomorum,1.0,ruderarius,4.893257719925424e-25,pratorum,3.024251814642541e-25,0.3290010006398261
3748386336603093955,3404f1836a27bbc3,SP3-2022-0239,C:\Users\Jules\Documents\IEES\idmybee\data\crops\basile_m1\basile_m1_SP3-2022-0239_S4_3404f1836a27bbc3.jpg,sichelii,0.9999908005738124,sylvarum,9.199364368536793e-06,lapidarius,6.181918597527588e-11,0.2779690049774491
3776747214311048585,3469b394d374c589,WB1_23,C:\Users\Jules\Documents\IEES\idmybee\data\crops\terrain\terrain_WB1_23_adrien145_3469b394d374c589.jpg,sichelii,0.8034582200130638,lapidarius,0.19647733897420597,wurflenii,5.203029337975428e-05,0.04177442310003206
3791761053484068160,349f0a96aa142d40,SP3-2022-0320,C:\Users\Jules\Documents\IEES\idmybee\data\crops\basile_m1\basile_m1_SP3-2022-0320_P1_349f0a96aa142d40.jpg,pascuorum,0.9312760818271736,ruderarius,0.06064881235935787,sylvarum,0.00807510197594253,0.04264083602506785
3794890949369140328,34aa2936567e1468,SP3-2022-0360,C:\Users\Jules\Documents\IEES\idmybee\data\crops\basile_m1\basile_m1_SP3-2022-0360_P2_34aa2936567e1468.jpg,rupestris,1.0,lapidarius,1.3672896602743645e-46,sichelii,2.3080487400195178e-51,0.3605665870989081
3846882689888769521,3562df6cbf6b55f1,WB1_23,C:\Users\Jules\Documents\IEES\idmybee\data\crops\terrain\terrain_WB1_23_adrien138_3562df6cbf6b55f1.jpg,vestalis,1.0,confusus,7.380014953312744e-31,wurflenii,6.349374332696672e-40,0.2116124970417212
3878457810350730840,35d30cd45e4b6e58,SP3-2022-0338,C:\Users\Jules\Documents\IEES\idmybee\data\crops\basile_m1\basile_m1_SP3-2022-0338_P1_35d30cd45e4b6e58.jpg,pascuorum,0.6259839339374934,ruderarius,0.2144072496496585,sylvarum,0.1596087388995086,0.04954373964772807
3887792970390247568,35f4371bb05f1890,SP03-22-0126,C:\Users\Jules\Documents\IEES\idmybee\data\crops\basile_m1\basile_m1_SP03-22-0126_S2_35f4371bb05f1890.jpg,ruderarius,0.9999999958278525,sylvarum,4.113182517700882e-09,sichelii,5.896492622907862e-11,0.40995894422700135
3917858095413427973,365f072e19817f05,SP3-2022-0092,C:\Users\Jules\Documents\IEES\idmybee\data\crops\basile_m1\basile_m1_SP3-2022-0092_P1_365f072e19817f05.jpg,rupestris,0.9999999377783994,pascuorum,6.22215947256515e-08,wurflenii,5.8216174466073504e-15,0.50582299299588
3986044303751902769,3751462ce019f631,SP3-2022-0134,C:\Users\Jules\Documents\IEES\idmybee\data\crops\basile_m1\basile_m1_SP3-2022-0134_P1_3751462ce019f631.jpg,sylvarum,0.9999999356558479,pascuorum,2.842541260401242e-08,soroeensis,1.863864479507716e-08,0.2573240127721612
3986503941470975607,3752e8369f127677,SP3-2022-0172,C:\Users\Jules\Documents\IEES\idmybee\data\crops\basile_m1\basile_m1_SP3-2022-0172_S2_3752e8369f127677.jpg,wurflenii,0.9999999931244674,lapidarius,5.893703814822644e-09,monticola,9.818285310775491e-10,0.17573619700404652
4059368605451508931,3855c63d3c4f5cc3,N1293,C:\Users\Jules\Documents\IEES\idmybee\data\crops\vrac\vrac_N1293_S3_3855c63d3c4f5cc3.jpg,pascuorum,0.985566668330565,sylvarum,0.014041351303925283,ruderarius,0.0003832254442649689,0.04131584407746521
4073306564683014744,38874abd4132a258,SP3-2022-0262,C:\Users\Jules\Documents\IEES\idmybee\data\crops\basile_m1\basile_m1_SP3-2022-0262_P2_38874abd4132a258.jpg,ruderarius,0.9844085457269391,pascuorum,0.015572778033420087,sylvarum,1.86743308629926e-05,0.05305742598081619
4168894377821343009,39dae359502a0d21,SP3-2022-0155,C:\Users\Jules\Documents\IEES\idmybee\data\crops\basile_m1\basile_m1_SP3-2022-0155_P1_39dae359502a0d21.jpg,lucorum,0.5278260241545673,pascuorum,0.47217394726643147,pyrenaeus,1.8196324481589486e-08,0.3371165038394933
4195988290819086996,3a3b251e83f85a94,SP03-22-0106,C:\Users\Jules\Documents\IEES\idmybee\data\crops\basile_m1\basile_m1_SP03-22-0106_S3_3a3b251e83f85a94.jpg,ruderarius,0.9462835001276116,wurflenii,0.05371649252138341,pratorum,3.9593568861461166e-09,0.4436943214293155
4251890339263861205,3b01bfbc6fbcd1d5,SP3-2022-0071,C:\Users\Jules\Documents\IEES\idmybee\data\crops\basile_m1\basile_m1_SP3-2022-0071_P1_3b01bfbc6fbcd1d5.jpg,confusus,1.0,monticola,4.29750176694125e-21,wurflenii,1.474430950867672e-27,0.13889912364036072
4316449603005528964,3be71c0b5e053b84,SP3-2022-0258,C:\Users\Jules\Documents\IEES\idmybee\data\crops\basile_m1\basile_m1_SP3-2022-0258_S1_3be71c0b5e053b84.jpg,pratorum,0.9999999999999485,soroeensis,4.208009241039773e-14,wurflenii,9.359773670637107e-15,0.26051235663962713
4362145835514545292,3c897486984b448c,SP3-2022-0089,C:\Users\Jules\Documents\IEES\idmybee\data\crops\basile_m1\basile_m1_SP3-2022-0089_P1_3c897486984b448c.jpg,terrestris,1.0,wurflenii,1.0655459990870982e-19,lucorum,3.820827220573767e-23,0.38206057278743566
4362683433908282098,3c8b5d77f995a2f2,SP3-2022-9040,C:\Users\Jules\Documents\IEES\idmybee\data\crops\basile_m1\basile_m1_SP3-2022-9040_P1_3c8b5d77f995a2f2.jpg,terrestris,0.8671902549738202,lucorum,0.132635267300019,pyrenaeus,6.755039372408429e-05,0.027137120011702303
4409660779274940273,3d32431d88a7af71,SP3-2022-0181,C:\Users\Jules\Documents\IEES\idmybee\data\crops\basile_m1\basile_m1_SP3-2022-0181_S2_3d32431d88a7af71.jpg,pascuorum,0.8602861635093042,sylvarum,0.13323156443247944,ruderarius,0.006482261120619387,0.04231836612150781
4428561869871317610,3d75698e9f85026a,SP3-2022-0165,C:\Users\Jules\Documents\IEES\idmybee\data\crops\basile_m1\basile_m1_SP3-2022-0165_S1_3d75698e9f85026a.jpg,confusus,1.0,pyrenaeus,9.810142145927157e-61,rupestris,1.2320733117876026e-70,0.257296717443746
4432876371325725128,3d84bd92c617a9c8,SP3-2022-0166,C:\Users\Jules\Documents\IEES\idmybee\data\crops\basile_m1\basile_m1_SP3-2022-0166_S1_3d84bd92c617a9c8.jpg,confusus,1.0,lucorum,6.163921796943564e-37,wurflenii,3.269428403741174e-55,0.37949675693099105
4443110307120450887,3da91948a1ca8d47,SP3-2022-0080,C:\Users\Jules\Documents\IEES\idmybee\data\crops\basile_m1\basile_m1_SP3-2022-0080_P3_3da91948a1ca8d47.jpg,confusus,1.0,monticola,2.801548066062156e-45,pyrenaeus,9.170642617715202e-51,0.5509042271377694
4489323378912671606,3e4d47d3e1f23776,SP03-22-0127,C:\Users\Jules\Documents\IEES\idmybee\data\crops\basile_m1\basile_m1_SP03-22-0127_S1_3e4d47d3e1f23776.jpg,wurflenii,0.5840138298363574,sylvarum,0.4159861701636426,ruderarius,1.6816503093361957e-23,0.3983252691524613
4526559271400292826,3ed191acb290c1da,SP3-2022-0148,C:\Users\Jules\Documents\IEES\idmybee\data\crops\basile_m1\basile_m1_SP3-2022-0148_P2_3ed191acb290c1da.jpg,pyrenaeus,0.9999999999995046,sylvarum,4.2992660941191094e-13,monticola,6.550923774597789e-14,0.3197683066545543
4537327047309899426,3ef7d2e8e4adb6a2,SP3-2022-0181,C:\Users\Jules\Documents\IEES\idmybee\data\crops\basile_m1\basile_m1_SP3-2022-0181_P1_3ef7d2e8e4adb6a2.jpg,pascuorum,0.9991336227052346,sylvarum,0.000674518190897388,ruderarius,0.00019181530479030014,0.039043386887279624
4550356984750138184,3f261d919d3fe348,SP3-2022-0152,C:\Users\Jules\Documents\IEES\idmybee\data\crops\basile_m1\basile_m1_SP3-2022-0152_P1_3f261d919d3fe348.jpg,rupestris,1.0,pascuorum,1.8727396948111765e-26,confusus,6.607397716532239e-28,0.3781995726264918
4559299663512949256,3f45e2e3443f5208,ATBI_GR5b,C:\Users\Jules\Documents\IEES\idmybee\data\crops\organized\organized_ATBI_GR5b_P2_3f45e2e3443f5208.jpg,sichelii,0.9754567554231764,lapidarius,0.024079877106411823,pyrenaeus,0.0003609220600536066,0.021116738430103508
4568354181710196433,3f660dec9101aed1,SP3-2022-0079,C:\Users\Jules\Documents\IEES\idmybee\data\crops\basile_m1\basile_m1_SP3-2022-0079_P3_3f660dec9101aed1.jpg,pratorum,0.9984294586223876,pascuorum,0.0015530814883058014,ruderarius,1.74598884830473e-05,0.5030468393164569
4617490856878579417,40149f7845dc9ed9,SP3-2022-9037,C:\Users\Jules\Documents\IEES\idmybee\data\crops\basile_m1\basile_m1_SP3-2022-9037_P1_40149f7845dc9ed9.jpg,sylvarum,0.9999999999970215,soroeensis,2.5971104447724967e-12,pomorum,2.7379126556775047e-13,0.2668368855685234
4631677978994565009,404706950bf85f91,SP03-22-0084,C:\Users\Jules\Documents\IEES\idmybee\data\crops\basile_m1\basile_m1_SP03-22-0084_S1_404706950bf85f91.jpg,soroeensis,0.9991003893316536,wurflenii,0.0008996094216788222,pascuorum,1.2253754491251624e-09,0.18017115853744173
4662415392050539046,40b43a18b67c6a26,2020.00471,C:\Users\Jules\Documents\IEES\idmybee\data\crops\organized\organized_2020.00471_P2_40b43a18b67c6a26.jpg,rupestris,0.9999997648911094,sichelii,1.5020311798970894e-07,lapidarius,7.871430336954618e-08,0.04139939865232838
4701180726472893646,413df2f67a5464ce,SP3-2022-0001,C:\Users\Jules\Documents\IEES\idmybee\data\crops\basile_m1\basile_m1_SP3-2022-0001_P2_413df2f67a5464ce.jpg,pascuorum,0.9999999939912789,confusus,6.00871739714203e-09,sichelii,3.5865195681892745e-15,0.337924367004714
4705117978121293530,414befdf50394eda,SP3-2022-0296,C:\Users\Jules\Documents\IEES\idmybee\data\crops\basile_m1\basile_m1_SP3-2022-0296_P3_414befdf50394eda.jpg,vestalis,0.9982349260487681,soroeensis,0.001136009931135843,pyrenaeus,0.0003131724124556163,0.047155658203343116
4717536983879362596,41780ee46ae5a824,OPPO.7362,C:\Users\Jules\Documents\IEES\idmybee\data\crops\organized\organized_OPPO.7362_P1_41780ee46ae5a824.jpg,pratorum,0.9994023813812596,pyrenaeus,0.0002864990750198794,soroeensis,0.00024734079807260494,0.031434948382448015
4767455264460212828,4229674dd0b78a5c,SP3-2022-0068,C:\Users\Jules\Documents\IEES\idmybee\data\crops\basile_m1\basile_m1_SP3-2022-0068_S4_4229674dd0b78a5c.jpg,ruderarius,0.9993282628467985,sylvarum,0.0006717296687679194,pomorum,7.476609734051162e-09,0.3355620327797506
4897921915575663994,43f8ea082b7cfd7a,SP3-2022-0227,C:\Users\Jules\Documents\IEES\idmybee\data\crops\basile_m1\basile_m1_SP3-2022-0227_P2_43f8ea082b7cfd7a.jpg,pomorum,0.9999999730280068,wurflenii,2.3977616981183502e-08,pascuorum,2.9790109277969325e-09,0.3556645223557236
4913071764799355281,442ebcbd50ddf991,SP3-2022-9015,C:\Users\Jules\Documents\IEES\idmybee\data\crops\basile_m1\basile_m1_SP3-2022-9015_P1_442ebcbd50ddf991.jpg,pascuorum,0.9297545038782639,ruderarius,0.0699119340858818,sylvarum,0.0003334133977265477,0.038453821114507555
4918030451007608901,44405aa36adcd845,SP3-2022-0225,C:\Users\Jules\Documents\IEES\idmybee\data\crops\basile_m1\basile_m1_SP3-2022-0225_P3_44405aa36adcd845.jpg,terrestris,1.0,pratorum,2.596198096728322e-22,pyrenaeus,5.035613103533148e-23,0.3268273241046183
4932488448796922178,4473b81c59421142,SP3-2022-0243,C:\Users\Jules\Documents\IEES\idmybee\data\crops\basile_m1\basile_m1_SP3-2022-0243_S2_4473b81c59421142.jpg,ruderarius,0.9254440505090626,pascuorum,0.06528420603486113,sylvarum,0.009259955139721332,0.04425674534585994
4970288699400046836,44fa033d06e0c8f4,SP3-2022-0348,C:\Users\Jules\Documents\IEES\idmybee\data\crops\basile_m1\basile_m1_SP3-2022-0348_P3_44fa033d06e0c8f4.jpg,wurflenii,0.9999999999999998,pomorum,1.3575672680854148e-16,sylvarum,6.394032111171129e-35,0.4075640958237652
5052606935543444759,461e773ceebdf517,SP3-2022-0195,C:\Users\Jules\Documents\IEES\idmybee\data\crops\basile_m1\basile_m1_SP3-2022-0195_P2_461e773ceebdf517.jpg,vestalis,0.9993004012054839,soroeensis,0.0003612927230422213,rupestris,0.0003378743915706957,0.053149118907860615
5061930811829032847,463f97410cac978f,SP3-2022-0192,C:\Users\Jules\Documents\IEES\idmybee\data\crops\basile_m1\basile_m1_SP3-2022-0192_P1_463f97410cac978f.jpg,sylvarum,0.9008478541172537,ruderarius,0.09915214588274641,soroeensis,2.8375241778075767e-20,0.36762148267738703
5081818938851638098,46863f66771abb52,SP3-2022-9015,C:\Users\Jules\Documents\IEES\idmybee\data\crops\basile_m1\basile_m1_SP3-2022-9015_S3_46863f66771abb52.jpg,pascuorum,0.9801585199052326,ruderarius,0.019801423528799992,sylvarum,4.0046646274768485e-05,0.044670125840066896
5127176607725610269,472763f5b42d651d,SP03-22-0106,C:\Users\Jules\Documents\IEES\idmybee\data\crops\basile_m1\basile_m1_SP03-22-0106_S2_472763f5b42d651d.jpg,pratorum,0.8246565960492142,soroeensis,0.17534340395018985,wurflenii,5.960212570436725e-13,0.39545063681130604
5183579178492295918,47efc5cc8f24faee,SP3-2022-0182,C:\Users\Jules\Documents\IEES\idmybee\data\crops\basile_m1\basile_m1_SP3-2022-0182_P1_47efc5cc8f24faee.jpg,pomorum,0.9999999999998457,wurflenii,9.277746230304304e-14,sylvarum,6.159119996152256e-14,0.33357116828373395
5260291195177531009,49004ef8c7abf681,SP3-2022-0058,C:\Users\Jules\Documents\IEES\idmybee\data\crops\basile_m1\basile_m1_SP3-2022-0058_P3_49004ef8c7abf681.jpg,pascuorum,0.9989766645218149,wurflenii,0.001023335477444979,ruderarius,7.230776425410473e-13,0.4186803234123609
5312092621373505499,49b858182ef0ffdb,SP3-2022-0255,C:\Users\Jules\Documents\IEES\idmybee\data\crops\basile_m1\basile_m1_SP3-2022-0255_P2_49b858182ef0ffdb.jpg,confusus,0.9999999999935325,pyrenaeus,5.220344951892647e-12,terrestris,9.195449749168615e-13,0.1529450258998966
5321089142934231042,49d84e6216c85802,SP3-2022-0332,C:\Users\Jules\Documents\IEES\idmybee\data\crops\basile_m1\basile_m1_SP3-2022-0332_P2_49d84e6216c85802.jpg,ruderarius,0.9030201159697865,pascuorum,0.09640275399172946,sylvarum,0.0005771221183719898,0.060028038336126736
5370526335108170350,4a87f13f5d00c26e,WB1_23,C:\Users\Jules\Documents\IEES\idmybee\data\crops\terrain\terrain_WB1_23_adrien142_4a87f13f5d00c26e.jpg,pratorum,0.9992463086075428,soroeensis,0.0005865336305610878,sylvarum,7.630033950899962e-05,0.036719372450320434
5403777472680493787,4afe12fb206102db,SP3-2022-0112,C:\Users\Jules\Documents\IEES\idmybee\data\crops\basile_m1\basile_m1_SP3-2022-0112_P3_4afe12fb206102db.jpg,terrestris,0.9154799096063991,lucorum,0.08376913243644181,soroeensis,0.0007028015219184706,0.032137193574730695
5406313575898634927,4b07158dabcf5aaf,SP3-2022-9030,C:\Users\Jules\Documents\IEES\idmybee\data\crops\basile_m1\basile_m1_SP3-2022-9030_P2_4b07158dabcf5aaf.jpg,wurflenii,0.9999999999995357,pyrenaeus,4.643408193051263e-13,pascuorum,9.930672895826153e-17,0.28521480011711053
5445957327344883109,4b93ed55d653d5a5,SP3-2022-0338,C:\Users\Jules\Documents\IEES\idmybee\data\crops\basile_m1\basile_m1_SP3-2022-0338_P2_4b93ed55d653d5a5.jpg,ruderarius,0.9528538450908521,sylvarum,0.04012610788068851,pascuorum,0.007019481827253259,0.045108891304572706
5451629044531007527,4ba813bb66791027,SP3-2022-0267,C:\Users\Jules\Documents\IEES\idmybee\data\crops\basile_m1\basile_m1_SP3-2022-0267_P2_4ba813bb66791027.jpg,terrestris,0.9259985480977272,lucorum,0.07399445632772254,soroeensis,4.290837880639623e-06,0.029753735279570218
5470906827346687657,4bec90c5fb4236a9,SP3-2022-0163,C:\Users\Jules\Documents\IEES\idmybee\data\crops\basile_m1\basile_m1_SP3-2022-0163_S2_4bec90c5fb4236a9.jpg,wurflenii,1.0,lucorum,1.0324701839071466e-18,rupestris,6.817086381389438e-26,0.46733443389050594
5550676199633838004,4d07f6984663dfb4,SP3-2022-0231,C:\Users\Jules\Documents\IEES\idmybee\data\crops\basile_m1\basile_m1_SP3-2022-0231_S2_4d07f6984663dfb4.jpg,pratorum,1.0,wurflenii,8.888538658435076e-51,pascuorum,1.0051065067493921e-51,0.4459705968680317
5726237149110008327,4f77ae592458fa07,SP3-2022-0170,C:\Users\Jules\Documents\IEES\idmybee\data\crops\basile_m1\basile_m1_SP3-2022-0170_P2_4f77ae592458fa07.jpg,confusus,1.0,lapidarius,4.66129716585288e-33,soroeensis,2.2834262495497755e-40,0.2847609976399281
5820374543208587588,50c61fcf33aca144,SP3-2022-0371,C:\Users\Jules\Documents\IEES\idmybee\data\crops\basile_m1\basile_m1_SP3-2022-0371_P1_50c61fcf33aca144.jpg,sylvarum,0.9999999999995797,ruderarius,4.2039364945510303e-13,pomorum,3.8188536361081676e-33,0.467280551246186
5993657731726730829,532dbff384d8664d,SP3-2022-0342,C:\Users\Jules\Documents\IEES\idmybee\data\crops\basile_m1\basile_m1_SP3-2022-0342_P2_532dbff384d8664d.jpg,sylvarum,0.9999999999863844,ruderarius,1.3570445769010675e-11,wurflenii,4.510995224392024e-14,0.35342023337751666
5998029820447659456,533d4857bffb95c0,SP3-2022-0211,C:\Users\Jules\Documents\IEES\idmybee\data\crops\basile_m1\basile_m1_SP3-2022-0211_P1_533d4857bffb95c0.jpg,terrestris,0.9988701300592365,pyrenaeus,0.0011298699399753126,pascuorum,7.880083104269851e-13,0.37930834415882014
6012718407321709871,53717788e2dced2f,SP3-2022-0190,C:\Users\Jules\Documents\IEES\idmybee\data\crops\basile_m1\basile_m1_SP3-2022-0190_P3_53717788e2dced2f.jpg,rupestris,0.9999999999998854,sichelii,9.764818900397607e-14,vestalis,1.6866983166616507e-14,0.4128880183046776
6015298065485890245,537aa1b85b6182c5,SP3-2022-0229,C:\Users\Jules\Documents\IEES\idmybee\data\crops\basile_m1\basile_m1_SP3-2022-0229_P3_537aa1b85b6182c5.jpg,confusus,0.9983719275643701,monticola,0.001529757065385972,soroeensis,9.710307807877407e-05,0.14402406508380006
6113713232659565815,54d845cb13474cf7,SP3-2022-0174,C:\Users\Jules\Documents\IEES\idmybee\data\crops\basile_m1\basile_m1_SP3-2022-0174_S3_54d845cb13474cf7.jpg,ruderarius,0.9999998039416667,pascuorum,1.960583333528352e-07,sylvarum,9.91217341596914e-22,0.32460550548525935
6195551998193566840,55fb05b787ca0478,SP3-2022-0071,C:\Users\Jules\Documents\IEES\idmybee\data\crops\basile_m1\basile_m1_SP3-2022-0071_P2_55fb05b787ca0478.jpg,pomorum,0.9993498379362153,pratorum,0.0006501614532767069,sylvarum,6.096968024081196e-10,0.34238587478593313
6211788323634181080,5634b491a22273d8,WB1_23,C:\Users\Jules\Documents\IEES\idmybee\data\crops\terrain\terrain_WB1_23_adrien153_5634b491a22273d8.jpg,pratorum,0.9979181902270923,wurflenii,0.00088359061685268,soroeensis,0.000772401461177214,0.029381194506730764
6243509103935131002,56a5667353f88d7a,SP3-2022-0176,C:\Users\Jules\Documents\IEES\idmybee\data\crops\basile_m1\basile_m1_SP3-2022-0176_P3_56a5667353f88d7a.jpg,confusus,0.9999999999999953,soroeensis,4.66877328254576e-15,monticola,1.587373171520693e-25,0.19194282932246354
6269690469822944403,57026a439972d493,SP3-2022-9005,C:\Users\Jules\Documents\IEES\idmybee\data\crops\basile_m1\basile_m1_SP3-2022-9005_P3_57026a439972d493.jpg,pascuorum,1.0,wurflenii,2.3560048562762315e-21,pratorum,1.0493235313264893e-28,0.28846197997193024
6289128420710769685,574778fa37476415,SP3-2022-0112,C:\Users\Jules\Documents\IEES\idmybee\data\crops\basile_m1\basile_m1_SP3-2022-0112_P1_574778fa37476415.jpg,terrestris,0.9853841309647581,lucorum,0.012267555168834716,soroeensis,0.002301083990625462,0.03301911315539306
6304206031463699652,577d09fc0844d4c4,SP3-2022-9031,C:\Users\Jules\Documents\IEES\idmybee\data\crops\basile_m1\basile_m1_SP3-2022-9031_P1_577d09fc0844d4c4.jpg,pratorum,0.9999999999113955,soroeensis,8.860456227255629e-11,wurflenii,3.335518127007789e-22,0.302084837748946
6313735310818006289,579ee4d04725d511,SP3-2022-9011,C:\Users\Jules\Documents\IEES\idmybee\data\crops\basile_m1\basile_m1_SP3-2022-9011_P2_579ee4d04725d511.jpg,sichelii,0.9999991844310824,rupestris,8.155689176158628e-07,pomorum,1.0379002036911437e-16,0.41730935231934047
6341615461508189161,5801f1a9b5520be9,SP3-2022-0270,C:\Users\Jules\Documents\IEES\idmybee\data\crops\basile_m1\basile_m1_SP3-2022-0270_P1_5801f1a9b5520be9.jpg,pascuorum,0.9887841732555662,ruderarius,0.01068528083078334,sylvarum,0.0005305165089608235,0.040646391706618934
6344484540812158993,580c23134a10e811,SP3-2022-0334,C:\Users\Jules\Documents\IEES\idmybee\data\crops\basile_m1\basile_m1_SP3-2022-0334_P2_580c23134a10e811.jpg,pascuorum,0.7448946110709596,ruderarius,0.25508247557823577,sylvarum,2.2886889424807148e-05,0.04750745458511042
6345463764304764339,580f9dac867f9db3,SP3-2022-0166,C:\Users\Jules\Documents\IEES\idmybee\data\crops\basile_m1\basile_m1_SP3-2022-0166_S3_580f9dac867f9db3.jpg,pratorum,0.9999999509302755,soroeensis,4.903684929457468e-08,vestalis,3.287525580525587e-11,0.5109578504671319
6363625151435750208,5850235bfb11bb40,SP3-2022-0120,C:\Users\Jules\Documents\IEES\idmybee\data\crops\basile_m1\basile_m1_SP3-2022-0120_P1_5850235bfb11bb40.jpg,pratorum,0.9999999999948688,monticola,5.131203822821523e-12,wurflenii,8.740628119997779e-17,0.4066109707637589
6413845948257781049,59028ee86dfbc539,SP3-2022-0187,C:\Users\Jules\Documents\IEES\idmybee\data\crops\basile_m1\basile_m1_SP3-2022-0187_S3_59028ee86dfbc539.jpg,pomorum,0.9622476155736587,sylvarum,0.03236317810149838,pratorum,0.00538919862642523,0.364816634032286
6440334547289484590,5960aa25fdddad2e,SP3-2022-0069,C:\Users\Jules\Documents\IEES\idmybee\data\crops\basile_m1\basile_m1_SP3-2022-0069_S2_5960aa25fdddad2e.jpg,confusus,1.0,monticola,9.921712003849588e-17,pyrenaeus,1.727045234978757e-17,0.1411144591059114
6503228319453792070,5a401bb3724dc746,SP03-22-0100,C:\Users\Jules\Documents\IEES\idmybee\data\crops\basile_m1\basile_m1_SP03-22-0100_S1_5a401bb3724dc746.jpg,soroeensis,0.8637361327407854,pyrenaeus,0.12136066372947193,sichelii,0.0041412674441468475,0.04194031531601859
6533257631849261340,5aaacb33947c291c,SP3-2022-9036,C:\Users\Jules\Documents\IEES\idmybee\data\crops\basile_m1\basile_m1_SP3-2022-9036_P3_5aaacb33947c291c.jpg,pratorum,0.9999999999967144,soroeensis,3.285532835574365e-12,wurflenii,1.5451740399029236e-17,0.2859703439653788
6535485313412737060,5ab2b5441cbfa824,SP3-2022-0236,C:\Users\Jules\Documents\IEES\idmybee\data\crops\basile_m1\basile_m1_SP3-2022-0236_P2_5ab2b5441cbfa824.jpg,confusus,0.9999999999987099,rupestris,1.2899891883974659e-12,sichelii,1.866017554217564e-30,0.23520273595034888
6566976449657595961,5b229649a2326839,SP3-2022-0083,C:\Users\Jules\Documents\IEES\idmybee\data\crops\basile_m1\basile_m1_SP3-2022-0083_P2_5b229649a2326839.jpg,wurflenii,1.0,sylvarum,7.191381521667469e-19,ruderarius,2.0101668676478546e-19,0.1394592914602118
6613889230460700467,5bc9413695644733,SP3-2022-0133,C:\Users\Jules\Documents\IEES\idmybee\data\crops\basile_m1\basile_m1_SP3-2022-0133_S1_5bc9413695644733.jpg,sylvarum,0.9999767361482793,lapidarius,2.3232256715922676e-05,pascuorum,3.1594998498702465e-08,0.2011165427292803
6810129719839708452,5e8270e609605524,SP3-2022-0256,C:\Users\Jules\Documents\IEES\idmybee\data\crops\basile_m1\basile_m1_SP3-2022-0256_S1_5e8270e609605524.jpg,pascuorum,0.6995741691131976,ruderarius,0.1880100753606632,sylvarum,0.1121618187150211,0.031195974897584935
6849874798775561088,5f0fa4d658eaeb80,SP3-2022-0148,C:\Users\Jules\Documents\IEES\idmybee\data\crops\basile_m1\basile_m1_SP3-2022-0148_S2_5f0fa4d658eaeb80.jpg,pratorum,1.0,wurflenii,2.254602597844945e-20,soroeensis,1.0237092019435557e-24,0.49024695623280923
6864391882822748302,5f43380c5eb9888e,SP3-2022-0267,C:\Users\Jules\Documents\IEES\idmybee\data\crops\basile_m1\basile_m1_SP3-2022-0267_P4_5f43380c5eb9888e.jpg,terrestris,0.9493393227876558,lucorum,0.04991334646392399,monticola,0.0007178286486639914,0.02803044205164466
6913196710989562334,5ff09bc7ecee81de,SP3-2022-0235,C:\Users\Jules\Documents\IEES\idmybee\data\crops\basile_m1\basile_m1_SP3-2022-0235_P1_5ff09bc7ecee81de.jpg,rupestris,1.0,confusus,3.600754523334874e-24,lapidarius,7.405730317425153e-34,0.3640619071315372
6946057300158506336,60655a500d74e560,SP3-2022-0150,C:\Users\Jules\Documents\IEES\idmybee\data\crops\basile_m1\basile_m1_SP3-2022-0150_S1_60655a500d74e560.jpg,confusus,1.0,soroeensis,5.536507370380169e-34,monticola,1.7251178228588387e-41,0.1867113692760563
6992369620393404928,6109e31f61c82a00,SP03-22-0092,C:\Users\Jules\Documents\IEES\idmybee\data\crops\basile_m1\basile_m1_SP03-22-0092_S1_6109e31f61c82a00.jpg,wurflenii,1.0,terrestris,3.7487489761661166e-22,soroeensis,7.62960229176205e-27,0.36182224810585456
7001053106973373775,6128bcb526caf54f,SP3-2022-0152,C:\Users\Jules\Documents\IEES\idmybee\data\crops\basile_m1\basile_m1_SP3-2022-0152_S3_6128bcb526caf54f.jpg,sylvarum,0.9999998155066819,monticola,1.8449331809754826e-07,ruderarius,2.7249141440393556e-19,0.39940048300254793
7040025839369469818,61b3323385303f7a,SP3-2022-9005,C:\Users\Jules\Documents\IEES\idmybee\data\crops\basile_m1\basile_m1_SP3-2022-9005_P2_61b3323385303f7a.jpg,pratorum,1.0,pascuorum,1.020979319653202e-29,sylvarum,1.3003222909864327e-37,0.37967796851096886
7063249441148974707,6205b3f1aba93673,SP3-2022-9036,C:\Users\Jules\Documents\IEES\idmybee\data\crops\basile_m1\basile_m1_SP3-2022-9036_P1_6205b3f1aba93673.jpg,soroeensis,1.0,ruderarius,1.4302279150266946e-22,confusus,7.363947444285648e-31,0.5885822937427598
7067761403476653442,6215bb8cc3713582,SP3-2022-0227,C:\Users\Jules\Documents\IEES\idmybee\data\crops\basile_m1\basile_m1_SP3-2022-0227_S4_6215bb8cc3713582.jpg,monticola,0.999989449092639,confusus,1.0542826697327861e-05,lucorum,8.075379853515914e-09,0.21068351585726333
7123478771381771651,62dbae33653f1d83,SP03-22-0118,C:\Users\Jules\Documents\IEES\idmybee\data\crops\basile_m1\basile_m1_SP03-22-0118_S1_62dbae33653f1d83.jpg,confusus,1.0,monticola,1.8833038138670263e-22,pyrenaeus,1.0959620741828315e-24,0.13407207254002335
7177189618629296283,639a7fee8805409b,SP3-2022-0225,C:\Users\Jules\Documents\IEES\idmybee\data\crops\basile_m1\basile_m1_SP3-2022-0225_S1_639a7fee8805409b.jpg,ruderarius,0.9997324859490326,confusus,0.00026102141185556507,pascuorum,6.492634106573359e-06,0.32788354290828015
7231362579483689157,645af5f3e02d80c5,SP3-2022-0221,C:\Users\Jules\Documents\IEES\idmybee\data\crops\basile_m1\basile_m1_SP3-2022-0221_S2_645af5f3e02d80c5.jpg,terrestris,0.9999999699077295,vestalis,3.0077836489818216e-08,sichelii,1.4433302721825473e-11,0.3394306390582026
7249272685518136570,649a9719644024fa,SP3-2022-0368,C:\Users\Jules\Documents\IEES\idmybee\data\crops\basile_m1\basile_m1_SP3-2022-0368_P3_649a9719644024fa.jpg,vestalis,0.9999998990721628,rupestris,1.0092783715728487e-07,pomorum,5.823784965037214e-23,0.4731176129884851
7276722314319897333,64fc1c64223222f5,SP3-2022-0111,C:\Users\Jules\Documents\IEES\idmybee\data\crops\basile_m1\basile_m1_SP3-2022-0111_P3_64fc1c64223222f5.jpg,pascuorum,0.9999999999194886,ruderarius,8.051141681564405e-11,wurflenii,7.905073259752794e-51,0.39938719886248153
7341027558040557245,65e091ab6b5c56bd,SP3-2022-0243,C:\Users\Jules\Documents\IEES\idmybee\data\crops\basile_m1\basile_m1_SP3-2022-0243_P1_65e091ab6b5c56bd.jpg,pascuorum,0.7478988154464877,ruderarius,0.2345228287564385,sylvarum,0.017577101933349062,0.04309644182229054
7352784619375658192,660a56a793d784d0,WB1_23,C:\Users\Jules\Documents\IEES\idmybee\data\crops\terrain\terrain_WB1_23_adrien137_660a56a793d784d0.jpg,rupestris,0.9999999939841724,vestalis,6.008620848832225e-09,wurflenii,4.5442710248590285e-12,0.05354458846641146
7386948243284321794,6683b64a1f286602,Polset_1,C:\Users\Jules\Documents\IEES\idmybee\data\crops\organized\organized_Polset_1_P2_6683b64a1f286602.jpg,monticola,0.9992408043611077,pyrenaeus,0.00036793673976652676,soroeensis,0.00027951436291797293,0.032747086623174444
7388913371644199773,668ab19038fc835d,SP3-2022-0210,C:\Users\Jules\Documents\IEES\idmybee\data\crops\basile_m1\basile_m1_SP3-2022-0210_P2_668ab19038fc835d.jpg,rupestris,1.0,confusus,2.0143868611640404e-21,lapidarius,5.166388394576715e-26,0.35514535256119845
7405952478750959822,66c73a8a7f5fe8ce,SP3-2022-0339,C:\Users\Jules\Documents\IEES\idmybee\data\crops\basile_m1\basile_m1_SP3-2022-0339_P2_66c73a8a7f5fe8ce.jpg,wurflenii,0.9999999999999998,rupestris,1.2302442187625983e-16,pascuorum,9.699202276092306e-24,0.3461765003664805
7438089070983076636,67396699f3a95b1c,SP3-2022-0146,C:\Users\Jules\Documents\IEES\idmybee\data\crops\basile_m1\basile_m1_SP3-2022-0146_S1_67396699f3a95b1c.jpg,rupestris,0.9999999999999976,confusus,2.4373131493274933e-15,pascuorum,2.0505513402017837e-18,0.358166548955811
7486819960720053236,67e687166005d3f4,SP3-2022-0182,C:\Users\Jules\Documents\IEES\idmybee\data\crops\basile_m1\basile_m1_SP3-2022-0182_S3_67e687166005d3f4.jpg,pascuorum,0.9997502171060887,sylvarum,0.00024978289391135367,pomorum,5.325695686371045e-21,0.37071638148344654
7504769675726691214,68264c4212d01b8e,SP3-2022-0190,C:\Users\Jules\Documents\IEES\idmybee\data\crops\basile_m1\basile_m1_SP3-2022-0190_P1_68264c4212d01b8e.jpg,terrestris,0.9843855790470984,lucorum,0.015598897375080046,soroeensis,6.1409674497471865e-06,0.03839214867200469
7510321900955392128,683a05fa3f485880,SP3-2022-0236,C:\Users\Jules\Documents\IEES\idmybee\data\crops\basile_m1\basile_m1_SP3-2022-0236_S4_683a05fa3f485880.jpg,wurflenii,1.0,vestalis,1.8397038505505274e-81,rupestris,1.33143138767177e-82,0.4869600498551723
7512433197368404384,68418630bffee9a0,SP3-2022-0140,C:\Users\Jules\Documents\IEES\idmybee\data\crops\basile_m1\basile_m1_SP3-2022-0140_P2_68418630bffee9a0.jpg,pascuorum,0.7197757390096998,ruderarius,0.2382558026165662,sylvarum,0.04189682448590375,0.0439147898266793
7605828701377318276,698d54e81010cd84,SP03-22-0080,C:\Users\Jules\Documents\IEES\idmybee\data\crops\basile_m1\basile_m1_SP03-22-0080_S1_698d54e81010cd84.jpg,sylvarum,0.7286255626794687,ruderarius,0.2713744373205313,pomorum,3.8971989970754166e-25,0.43012889595099635
7611155390503203279,69a04180853e31cf,SP3-2022-0138,C:\Users\Jules\Documents\IEES\idmybee\data\crops\basile_m1\basile_m1_SP3-2022-0138_S2_69a04180853e31cf.jpg,rupestris,0.9999999999379123,pascuorum,5.0436184957258024e-11,confusus,1.0106328843573543e-11,0.35139299739662583
7615111167231737059,69ae4f428ff53ce3,Polset_1,C:\Users\Jules\Documents\IEES\idmybee\data\crops\organized\organized_Polset_1_P1_69ae4f428ff53ce3.jpg,monticola,0.9981186612341841,terrestris,0.0013173574625028831,soroeensis,0.00038005790010140763,0.03541456121963559
7637503202087247928,69fddcb27351a038,SP3-2022-0173,C:\Users\Jules\Documents\IEES\idmybee\data\crops\basile_m1\basile_m1_SP3-2022-0173_P1_69fddcb27351a038.jpg,ruderarius,0.7811130702492824,sylvarum,0.21888692975071752,soroeensis,6.243805437912543e-20,0.3731812614135346
7671494121692555769,6a769f4223fb69f9,SP3-2022-0234,C:\Users\Jules\Documents\IEES\idmybee\data\crops\basile_m1\basile_m1_SP3-2022-0234_S3_6a769f4223fb69f9.jpg,sichelii,0.9988547369522477,lapidarius,0.0011452630477523605,pratorum,2.355958359960232e-18,0.22082964317451317
7756690606635946033,6ba54d0291251031,SP03-22-9017,C:\Users\Jules\Documents\IEES\idmybee\data\crops\basile_m1\basile_m1_SP03-22-9017_S1_6ba54d0291251031.jpg,rupestris,1.0,pomorum,9.676344682187689e-34,ruderarius,7.440005054205931e-57,0.5132508558637546
7757080461649494353,6ba6af94c2bdc151,Polset_1,C:\Users\Jules\Documents\IEES\idmybee\data\crops\organized\organized_Polset_1_S1_6ba6af94c2bdc151.jpg,monticola,0.999610845238538,pyrenaeus,0.00020255775267742475,terrestris,0.00010100387405310826,0.03285704361631472
7783808888416049571,6c05a4f1919119a3,SP3-2022-0168,C:\Users\Jules\Documents\IEES\idmybee\data\crops\basile_m1\basile_m1_SP3-2022-0168_S2_6c05a4f1919119a3.jpg,confusus,1.0,monticola,2.6404866470515686e-33,terrestris,5.8122479200373936e-39,0.17807863550875408
7803222245976090575,6c4a9d4a1ad4a7cf,SP3-2022-0057,C:\Users\Jules\Documents\IEES\idmybee\data\crops\basile_m1\basile_m1_SP3-2022-0057_P2_6c4a9d4a1ad4a7cf.jpg,ruderarius,0.9999999998686173,vestalis,1.313792582688201e-10,sylvarum,3.430668032686249e-15,0.4209707760864002
7814724888901328951,6c737ae1dc5e2037,SP3-2022-0169,C:\Users\Jules\Documents\IEES\idmybee\data\crops\basile_m1\basile_m1_SP3-2022-0169_S2_6c737ae1dc5e2037.jpg,confusus,1.0,wurflenii,4.799050578057359e-36,vestalis,6.516910096925974e-47,0.23965424561220167
7827341970600764437,6ca04e0d1d2a2415,SP3-2022-9010,C:\Users\Jules\Documents\IEES\idmybee\data\crops\basile_m1\basile_m1_SP3-2022-9010_P1_6ca04e0d1d2a2415.jpg,terrestris,0.5531581459897473,monticola,0.20962520678610955,soroeensis,0.16410020646166776,0.053305046176550575
7889975252526133051,6d7ed2b075716f3b,SP3-2022-9030,C:\Users\Jules\Documents\IEES\idmybee\data\crops\basile_m1\basile_m1_SP3-2022-9030_S3_6d7ed2b075716f3b.jpg,confusus,1.0,monticola,7.017965265187184e-21,pyrenaeus,3.6229318759728017e-26,0.1481625659373704
7934069672363241568,6e1b7a549c693060,SP03-22-0124,C:\Users\Jules\Documents\IEES\idmybee\data\crops\basile_m1\basile_m1_SP03-22-0124_S1_6e1b7a549c693060.jpg,soroeensis,0.54599220535018,sylvarum,0.37015375280833135,pomorum,0.04003226750614542,0.41417444804869985
7934201278638944602,6e1bf20695b9715a,SP3-2022-0212,C:\Users\Jules\Documents\IEES\idmybee\data\crops\basile_m1\basile_m1_SP3-2022-0212_S3_6e1bf20695b9715a.jpg,sichelii,0.29976409849520386,pomorum,0.2862896942242037,lapidarius,0.21219196739454826,0.04635876638271853
8006230992381047865,6f1bd8ab32987439,SP3-2022-0264,C:\Users\Jules\Documents\IEES\idmybee\data\crops\basile_m1\basile_m1_SP3-2022-0264_P3_6f1bd8ab32987439.jpg,wurflenii,1.0,lapidarius,6.545983967603131e-22,ruderarius,6.826169000072919e-24,0.14595385364792335
8009545924382006964,6f279f94f2f79eb4,SP3-2022-0110,C:\Users\Jules\Documents\IEES\idmybee\data\crops\basile_m1\basile_m1_SP3-2022-0110_P2_6f279f94f2f79eb4.jpg,sylvarum,0.9988750670529848,monticola,0.0011249329470152454,ruderarius,6.139249527216437e-18,0.3906137605112772
8026543431258276553,6f6402b96a6502c9,SP3-2022-0351,C:\Users\Jules\Documents\IEES\idmybee\data\crops\basile_m1\basile_m1_SP3-2022-0351_P4_6f6402b96a6502c9.jpg,pomorum,0.999999780770017,wurflenii,2.1921731743757718e-07,sylvarum,1.2665365338337193e-11,0.3366965457564862
8027529148281493287,6f67833a8b699727,SP3-2022-0062,C:\Users\Jules\Documents\IEES\idmybee\data\crops\basile_m1\basile_m1_SP3-2022-0062_P1_6f67833a8b699727.jpg,monticola,0.9999999947955829,lucorum,5.202458112591903e-09,terrestris,1.3622774128646443e-12,0.20690677435006224
8052452387416463515,6fc00ec85ab4589b,SP3-2022-0171,C:\Users\Jules\Documents\IEES\idmybee\data\crops\basile_m1\basile_m1_SP3-2022-0171_P2_6fc00ec85ab4589b.jpg,pomorum,0.9999999957767072,pyrenaeus,4.171569961598465e-09,terrestris,5.17228883876573e-11,0.388118619917642
8129780017191062611,70d2c7da2abe0c53,SP3-2022-0073,C:\Users\Jules\Documents\IEES\idmybee\data\crops\basile_m1\basile_m1_SP3-2022-0073_P1_70d2c7da2abe0c53.jpg,lucorum,0.7238383367329558,terrestris,0.2759408993351363,pyrenaeus,0.0001963218402162101,0.03940923362264599
8139098009587777453,70f3e28455917fad,SP3-2022-0011,C:\Users\Jules\Documents\IEES\idmybee\data\crops\basile_m1\basile_m1_SP3-2022-0011_S2_70f3e28455917fad.jpg,pratorum,0.9999999999999991,soroeensis,6.870065413633532e-16,wurflenii,3.0711777078194793e-16,0.27425833305667857
8168230936599546543,715b62c27b5f4aaf,SP3-2022-0173,C:\Users\Jules\Documents\IEES\idmybee\data\crops\basile_m1\basile_m1_SP3-2022-0173_S1_715b62c27b5f4aaf.jpg,sylvarum,1.0,pascuorum,2.2506173027459432e-23,ruderarius,2.7154360549051814e-29,0.3978586319177301
8172107973484452040,716928e779ad98c8,SP03-22-0127,C:\Users\Jules\Documents\IEES\idmybee\data\crops\basile_m1\basile_m1_SP03-22-0127_S2_716928e779ad98c8.jpg,sylvarum,1.0,pascuorum,7.921097832739493e-28,ruderarius,1.011325926913778e-30,0.398908640744219
8191606182146237149,71ae6e6bf2b862dd,SP3-2022-0151,C:\Users\Jules\Documents\IEES\idmybee\data\crops\basile_m1\basile_m1_SP3-2022-0151_S2_71ae6e6bf2b862dd.jpg,monticola,0.6166790199099466,soroeensis,0.3823688071926569,wurflenii,0.0009495091071530871,0.19852450074695677
8202445104297305975,71d4f05d2b486777,SP3-2022-9010,C:\Users\Jules\Documents\IEES\idmybee\data\crops\basile_m1\basile_m1_SP3-2022-9010_S1_71d4f05d2b486777.jpg,terrestris,0.9655766697824865,lucorum,0.03137883404687196,soroeensis,0.0012278817159634616,0.05046102114604048
8215374872552419986,7202dfeb6f283292,SP3-2022-0262,C:\Users\Jules\Documents\IEES\idmybee\data\crops\basile_m1\basile_m1_SP3-2022-0262_P1_7202dfeb6f283292.jpg,ruderarius,0.8623699937627619,pascuorum,0.13725733772903642,sylvarum,0.0003726683917714056,0.05595294118016384
8272424848063859221,72cd8e91f3f60a15,SP3-2022-0079,C:\Users\Jules\Documents\IEES\idmybee\data\crops\basile_m1\basile_m1_SP3-2022-0079_P5_72cd8e91f3f60a15.jpg,wurflenii,0.9999999984057883,ruderarius,1.5942115699910236e-09,soroeensis,9.734148873582676e-22,0.5262071983013735
8300274831806783024,73307ffb97f55e30,SP3-2022-9016,C:\Users\Jules\Documents\IEES\idmybee\data\crops\basile_m1\basile_m1_SP3-2022-9016_S1_73307ffb97f55e30.jpg,wurflenii,0.9996519378619331,pyrenaeus,0.00026637128210670643,pomorum,8.169085319923698e-05,0.35472691190265454
8312888001753860282,735d4f98122548ba,SP3-2022-0318,C:\Users\Jules\Documents\IEES\idmybee\data\crops\basile_m1\basile_m1_SP3-2022-0318_P1_735d4f98122548ba.jpg,wurflenii,1.0,pratorum,3.311094000026695e-36,ruderarius,1.8893755471740474e-36,0.4256663092246956
8316721814245903798,736aee6d19de8db6,SP3-2022-9040,C:\Users\Jules\Documents\IEES\idmybee\data\crops\basile_m1\basile_m1_SP3-2022-9040_P2_736aee6d19de8db6.jpg,terrestris,0.8498522616712422,lucorum,0.14886159555921655,sichelii,0.0007014439930278268,0.028781569901678187
8366354873006566781,741b436e1e6a2d7d,SP3-2022-0258,C:\Users\Jules\Documents\IEES\idmybee\data\crops\basile_m1\basile_m1_SP3-2022-0258_S3_741b436e1e6a2d7d.jpg,pratorum,0.99999999999451,soroeensis,5.476640265688013e-12,wurflenii,1.3275156477599312e-14,0.25738619879009905
8377867080750997528,744429b8db9a2018,SP3-2022-0262,C:\Users\Jules\Documents\IEES\idmybee\data\crops\basile_m1\basile_m1_SP3-2022-0262_P3_744429b8db9a2018.jpg,ruderarius,0.9755218017532437,pascuorum,0.024425866856738837,sylvarum,5.2330158635149174e-05,0.05563439077184855
8395524610638641552,7482e526e82a7990,SP3-2022-0258,C:\Users\Jules\Documents\IEES\idmybee\data\crops\basile_m1\basile_m1_SP3-2022-0258_S6_7482e526e82a7990.jpg,wurflenii,1.0,sylvarum,3.00386548627921e-24,pascuorum,1.804695910338505e-24,0.14501610299632658
8404862761286835350,74a4122688691c96,SP03-22-0097,C:\Users\Jules\Documents\IEES\idmybee\data\crops\basile_m1\basile_m1_SP03-22-0097_S1_74a4122688691c96.jpg,wurflenii,1.0,pascuorum,1.0774527073648562e-23,pratorum,2.5096126004793244e-42,0.3896553573109384
8417659196798651639,74d18870d97bccf7,SP3-2022-0212,C:\Users\Jules\Documents\IEES\idmybee\data\crops\basile_m1\basile_m1_SP3-2022-0212_P3_74d18870d97bccf7.jpg,pomorum,0.977909311050913,ruderarius,0.0093795655823475,soroeensis,0.006032412933740722,0.046130515997954716
8511276685797718007,761e210d120977f7,SP3-2022-0132,C:\Users\Jules\Documents\IEES\idmybee\data\crops\basile_m1\basile_m1_SP3-2022-0132_P3_761e210d120977f7.jpg,rupestris,1.0,confusus,2.5705778705122165e-23,lapidarius,4.52385291489706e-29,0.3575271621407881
8566176543060919218,76e12c2e2c6e03b2,SP3-2022-0219,C:\Users\Jules\Documents\IEES\idmybee\data\crops\basile_m1\basile_m1_SP3-2022-0219_S2_76e12c2e2c6e03b2.jpg,wurflenii,1.0,confusus,4.8475671280685214e-49,lucorum,1.882081685597421e-59,0.2317736464901602
8582054937860351343,7719957f0e0da56f,SP3-2022-9015,C:\Users\Jules\Documents\IEES\idmybee\data\crops\basile_m1\basile_m1_SP3-2022-9015_S1_7719957f0e0da56f.jpg,pascuorum,0.9902653597969583,ruderarius,0.009615477214348635,sylvarum,0.00011869269647993786,0.042674168467745334
8593992791397021631,7743fee92d7cb7bf,SP3-2022-0298,C:\Users\Jules\Documents\IEES\idmybee\data\crops\basile_m1\basile_m1_SP3-2022-0298_P2_7743fee92d7cb7bf.jpg,pomorum,0.9942866046549265,monticola,0.005713395345073571,sylvarum,3.4967864930986164e-19,0.40227176693576344
8612439705136520241,77858847fa21dc31,SP3-2022-0224,C:\Users\Jules\Documents\IEES\idmybee\data\crops\basile_m1\basile_m1_SP3-2022-0224_P1_77858847fa21dc31.jpg,rupestris,0.9999494992769133,pascuorum,5.050070353025274e-05,ruderarius,1.9549933173266812e-11,0.3614314884240812
8616015201558945435,77923c2d1c495e9b,SP3-2022-0234,C:\Users\Jules\Documents\IEES\idmybee\data\crops\basile_m1\basile_m1_SP3-2022-0234_P2_77923c2d1c495e9b.jpg,pratorum,1.0,wurflenii,1.365202545851439e-21,pascuorum,4.155824660982245e-28,0.4286012463635969
8626346054638725779,77b6f00848556a93,SP3-2022-0255,C:\Users\Jules\Documents\IEES\idmybee\data\crops\basile_m1\basile_m1_SP3-2022-0255_S3_77b6f00848556a93.jpg,confusus,1.0,wurflenii,6.590032834306872e-30,terrestris,4.995424175826969e-37,0.22649342541199066
8666663049078132605,78462c200c4e4f7d,SP03-22-0075,C:\Users\Jules\Documents\IEES\idmybee\data\crops\basile_m1\basile_m1_SP03-22-0075_S2_78462c200c4e4f7d.jpg,confusus,0.9909729552615356,monticola,0.008934264329452166,lucorum,9.27693854114362e-05,0.20139187836344707
8675599974619817084,7865ec362c9a247c,Polset_1,C:\Users\Jules\Documents\IEES\idmybee\data\crops\organized\organized_Polset_1_S3_7865ec362c9a247c.jpg,monticola,0.9706883220809297,terrestris,0.02498985550094041,pyrenaeus,0.003546962419639269,0.03679838925492809
8695737452188205834,78ad772409bd030a,2020.00471,C:\Users\Jules\Documents\IEES\idmybee\data\crops\organized\organized_2020.00471_P1_78ad772409bd030a.jpg,rupestris,0.999999903359649,lapidarius,6.779813116919824e-08,sichelii,2.8833454430057424e-08,0.04383190979398314
8746831372073627569,7962fcca4ab0efb1,SP3-2022-0314,C:\Users\Jules\Documents\IEES\idmybee\data\crops\basile_m1\basile_m1_SP3-2022-0314_P3_7962fcca4ab0efb1.jpg,soroeensis,0.9999582663152409,pratorum,4.1733684759096e-05,pyrenaeus,1.4054866249848747e-36,0.4619243264901352
8835763929821395129,7a9ef07af436b8b9,SP3-2022-0334,C:\Users\Jules\Documents\IEES\idmybee\data\crops\basile_m1\basile_m1_SP3-2022-0334_P3_7a9ef07af436b8b9.jpg,pascuorum,0.7200797346950645,ruderarius,0.27916085059955675,sylvarum,0.0007578935812871876,0.04429006874819992
8900998166161848659,7b86b2ac307af953,SP3-2022-0193,C:\Users\Jules\Documents\IEES\idmybee\data\crops\basile_m1\basile_m1_SP3-2022-0193_P1_7b86b2ac307af953.jpg,ruderarius,0.8603467517864705,pascuorum,0.13960975972354928,sylvarum,4.315278225166267e-05,0.04956218121085723
8902151973028914496,7b8acc0dc8ee6540,SP3-2022-0140,C:\Users\Jules\Documents\IEES\idmybee\data\crops\basile_m1\basile_m1_SP3-2022-0140_P1_7b8acc0dc8ee6540.jpg,pascuorum,0.4148653016837582,ruderarius,0.34537747283084114,sylvarum,0.23955213975422948,0.0423850053936239
8908780362825844835,7ba2588a0c35c863,SP3-2022-0063,C:\Users\Jules\Documents\IEES\idmybee\data\crops\basile_m1\basile_m1_SP3-2022-0063_P1_7ba2588a0c35c863.jpg,monticola,0.9999999059001654,lucorum,9.396266536084479e-08,terrestris,1.3712627429025722e-10,0.2080618255548045
8912751024243668255,7bb073d5b38af51f,SP3-2022-0270,C:\Users\Jules\Documents\IEES\idmybee\data\crops\basile_m1\basile_m1_SP3-2022-0270_P3_7bb073d5b38af51f.jpg,pascuorum,0.9680335795143377,ruderarius,0.03148550234248141,sylvarum,0.00048090656180102017,0.04815699020988724
9021591842787811907,7d3321fb89ede243,SP3-2022-0212,C:\Users\Jules\Documents\IEES\idmybee\data\crops\basile_m1\basile_m1_SP3-2022-0212_P2_7d3321fb89ede243.jpg,pomorum,0.9947736821136794,ruderarius,0.0033853060174355272,pratorum,0.0015656384492652464,0.04460831567933155
9040375259966970661,7d75dd66a68f9b25,SP3-2022-0051,C:\Users\Jules\Documents\IEES\idmybee\data\crops\basile_m1\basile_m1_SP3-2022-0051_P2_7d75dd66a68f9b25.jpg,vestalis,1.0,rupestris,9.479125968037394e-36,monticola,2.334089673022076e-48,0.41082498635314896
9124921488565076253,7ea23bbf7940011d,SP03-22-0082,C:\Users\Jules\Documents\IEES\idmybee\data\crops\basile_m1\basile_m1_SP03-22-0082_S1_7ea23bbf7940011d.jpg,wurflenii,1.0,pascuorum,9.562020336867118e-35,sichelii,9.97629175610335e-63,0.4432508863672983
9177263537822506079,7f5c30907e0e1c5f,SP3-2022-0229,C:\Users\Jules\Documents\IEES\idmybee\data\crops\basile_m1\basile_m1_SP3-2022-0229_S1_7f5c30907e0e1c5f.jpg,monticola,0.9999999999950282,lapidarius,3.5340576004165487e-12,sichelii,1.4377865733158525e-12,0.1904777148326592
9186307887401599233,7f7c525a39f10101,SP3-2022-0132,C:\Users\Jules\Documents\IEES\idmybee\data\crops\basile_m1\basile_m1_SP3-2022-0132_S3_7f7c525a39f10101.jpg,rupestris,0.9228971236384981,pyrenaeus,0.07618838806246303,lapidarius,0.0009041948468860661,0.18384297638214256
9187443477107690417,7f805b2a4efbcbb1,SP3-2022-0169,C:\Users\Jules\Documents\IEES\idmybee\data\crops\basile_m1\basile_m1_SP3-2022-0169_P3_7f805b2a4efbcbb1.jpg,monticola,0.988815703578954,confusus,0.011184295039811398,terrestris,1.3810755016069592e-09,0.2340120191947448
9196610017237635911,7fa0ec15bf3f9347,WB1_23,C:\Users\Jules\Documents\IEES\idmybee\data\crops\terrain\terrain_WB1_23_adrien149_7fa0ec15bf3f9347.jpg,lapidarius,0.6374038057705397,sichelii,0.3624027068397706,wurflenii,0.00019279774363742023,0.046669287641195635
9284985402860057902,80dae507aa29352e,SP3-2022-0256,C:\Users\Jules\Documents\IEES\idmybee\data\crops\basile_m1\basile_m1_SP3-2022-0256_P3_80dae507aa29352e.jpg,ruderarius,0.7583331120668347,pascuorum,0.12236351490715763,sylvarum,0.11693284110874366,0.03643332117235903
9293238551242824572,80f8373983cb5b7c,ABAURA8672b,C:\Users\Jules\Documents\IEES\idmybee\data\crops\organized\organized_ABAURA8672b_S1_80f8373983cb5b7c.jpg,soroeensis,0.934958043218293,sichelii,0.029326600711711254,terrestris,0.024713573659815743,0.02339442689421847
9431102996895874146,82e202352219bc62,SP3-2022-0148,C:\Users\Jules\Documents\IEES\idmybee\data\crops\basile_m1\basile_m1_SP3-2022-0148_S3_82e202352219bc62.jpg,pyrenaeus,0.9961636068940276,pomorum,0.0038363931059723294,monticola,2.2320557715149338e-20,0.41737188137066683
9459444181461088755,8346b25d609fb9f3,OPPO_5923,C:\Users\Jules\Documents\IEES\idmybee\data\crops\organized\organized_OPPO_5923_P1_8346b25d609fb9f3.jpg,sylvarum,0.9891823400709978,ruderarius,0.01057167534064003,pascuorum,0.00024587153309958633,0.043920501489677195
9532370983717034349,8449c8e7afb1d96d,WB1_23,C:\Users\Jules\Documents\IEES\idmybee\data\crops\terrain\terrain_WB1_23_adrien141_8449c8e7afb1d96d.jpg,pratorum,0.9941978682918231,soroeensis,0.005244209817666148,pyrenaeus,0.0002089213393306094,0.024389849131027434
9556533601835582472,849fa0ad9d7e8408,SP3-2022-0238,C:\Users\Jules\Documents\IEES\idmybee\data\crops\basile_m1\basile_m1_SP3-2022-0238_S1_849fa0ad9d7e8408.jpg,pascuorum,0.8875589388025311,ruderarius,0.09338212058013971,sylvarum,0.01905845860949588,0.04357971858729502
9579709286147955896,84f1f6d71c5c1cb8,SP03-22-0113,C:\Users\Jules\Documents\IEES\idmybee\data\crops\basile_m1\basile_m1_SP03-22-0113_S3_84f1f6d71c5c1cb8.jpg,ruderarius,0.9999999953608425,wurflenii,4.639157563705451e-09,soroeensis,2.596129556382051e-19,0.4493794536742251
9622302317976389012,858948fa20668594,SP3-2022-0239,C:\Users\Jules\Documents\IEES\idmybee\data\crops\basile_m1\basile_m1_SP3-2022-0239_S2_858948fa20668594.jpg,wurflenii,1.0,lapidarius,8.195650685931672e-21,sichelii,1.2036710678551521e-24,0.1308505396485872
9844506311556089019,889eb654f96444bb,SP3-2022-9030,C:\Users\Jules\Documents\IEES\idmybee\data\crops\basile_m1\basile_m1_SP3-2022-9030_S2_889eb654f96444bb.jpg,confusus,1.0,monticola,1.4373125385668033e-19,pyrenaeus,6.963152818088548e-26,0.14364136738718286
9860733113194476498,88d85c85a4e373d2,SP3-2022-9039,C:\Users\Jules\Documents\IEES\idmybee\data\crops\basile_m1\basile_m1_SP3-2022-9039_P2_88d85c85a4e373d2.jpg,lucorum,0.6705801997246583,terrestris,0.24904377102922823,pyrenaeus,0.04952805743922664,0.02894755137366931
9863664559214001852,88e2c6a81b8f7ebc,SP3-2022-0335,C:\Users\Jules\Documents\IEES\idmybee\data\crops\basile_m1\basile_m1_SP3-2022-0335_P2_88e2c6a81b8f7ebc.jpg,rupestris,1.0,confusus,7.574860640316824e-26,ruderarius,4.9685505841347904e-29,0.3558703184817151
9910220377868382966,89882ced54aeb2f6,SP3-2022-9035,C:\Users\Jules\Documents\IEES\idmybee\data\crops\basile_m1\basile_m1_SP3-2022-9035_S2_89882ced54aeb2f6.jpg,confusus,0.9999999999999996,monticola,4.349763803148644e-16,pyrenaeus,1.0775768797082028e-21,0.1555635852389284
9924619448635946386,89bb54ce3ee0f592,SP3-2022-0175,C:\Users\Jules\Documents\IEES\idmybee\data\crops\basile_m1\basile_m1_SP3-2022-0175_S3_89bb54ce3ee0f592.jpg,terrestris,0.9750089988688564,pomorum,0.024623042005474736,pratorum,0.00036795912566893235,0.32392197065188716
10023177836548543037,8b197b23240b523d,ATBI_GR5,C:\Users\Jules\Documents\IEES\idmybee\data\crops\organized\organized_ATBI_GR5_S3_8b197b23240b523d.jpg,ruderarius,0.9983597456573085,sylvarum,0.001243989708520259,pascuorum,0.0003949438021648647,0.04263859237565833
10025193580944021516,8b20a47234b1d80c,SP03-22-0125,C:\Users\Jules\Documents\IEES\idmybee\data\crops\basile_m1\basile_m1_SP03-22-0125_S3_8b20a47234b1d80c.jpg,pomorum,1.0,sylvarum,1.070448185852308e-28,ruderarius,1.8087571582552045e-34,0.3695803158730231
10086128096489847142,8bf92010ae5d3966,SP3-2022-0258,C:\Users\Jules\Documents\IEES\idmybee\data\crops\basile_m1\basile_m1_SP3-2022-0258_P2_8bf92010ae5d3966.jpg,pratorum,0.999999999999521,soroeensis,4.788666436921643e-13,wurflenii,1.6517982669141045e-17,0.25720665835204615
10088714988059950322,8c0250d44f78fcf2,SP3-2022-0126,C:\Users\Jules\Documents\IEES\idmybee\data\crops\basile_m1\basile_m1_SP3-2022-0126_P1_8c0250d44f78fcf2.jpg,rupestris,1.0,confusus,2.7907578446835396e-26,sichelii,5.3969446012297185e-46,0.4860604739986528
10093851936831090002,8c1490db6634ad52,SP3-2022-0010,C:\Users\Jules\Documents\IEES\idmybee\data\crops\basile_m1\basile_m1_SP3-2022-0010_P2_8c1490db6634ad52.jpg,pascuorum,0.9999999870266061,ruderarius,1.297339401827028e-08,rupestris,1.0126607586127453e-26,0.29767720957344546
10105410168920856201,8c3da1020425d689,SP3-2022-0258,C:\Users\Jules\Documents\IEES\idmybee\data\crops\basile_m1\basile_m1_SP3-2022-0258_P3_8c3da1020425d689.jpg,pratorum,0.999999999988155,soroeensis,1.1829915276786944e-11,wurflenii,1.50621959642973e-14,0.2582209045523846
10144255854622303748,8cc7a2f405706604,SP3-2022-0256,C:\Users\Jules\Documents\IEES\idmybee\data\crops\basile_m1\basile_m1_SP3-2022-0256_S3_8cc7a2f405706604.jpg,pascuorum,0.853686410942982,ruderarius,0.1421537925370137,sylvarum,0.004086229154959646,0.03471154471112105
10154912065009026448,8ced7eb858310590,SP3-2022-0081,C:\Users\Jules\Documents\IEES\idmybee\data\crops\basile_m1\basile_m1_SP3-2022-0081_P3_8ced7eb858310590.jpg,terrestris,0.8099796401794619,monticola,0.11380048953306908,pyrenaeus,0.0314104582545745,0.03472607207195761
10157458406709410943,8cf68a9ab8b83c7f,SP3-2022-0205,C:\Users\Jules\Documents\IEES\idmybee\data\crops\basile_m1\basile_m1_SP3-2022-0205_S2_8cf68a9ab8b83c7f.jpg,wurflenii,1.0,ruderarius,5.723828474389284e-20,pascuorum,2.9111283913386042e-24,0.4141338639687863
10177926582926317025,8d3f424d5d5415e1,WB1_23,C:\Users\Jules\Documents\IEES\idmybee\data\crops\terrain\terrain_WB1_23_adrien146_8d3f424d5d5415e1.jpg,wurflenii,0.9999999999900366,monticola,9.96325660844423e-12,lapidarius,1.2088183850184047e-17,0.2841200123922892
10237394632763799645,8e12882daf60785d,WB1_23,C:\Users\Jules\Documents\IEES\idmybee\data\crops\terrain\terrain_WB1_23_adrien148_8e12882daf60785d.jpg,sichelii,0.5740175093774493,lapidarius,0.4174483558202539,terrestris,0.0033259831027927103,0.031265116858081914
10242679904044508519,8e254f1acc9ae567,SP3-2022-0169,C:\Users\Jules\Documents\IEES\idmybee\data\crops\basile_m1\basile_m1_SP3-2022-0169_S3_8e254f1acc9ae567.jpg,confusus,1.0,soroeensis,1.5398118273699705e-20,monticola,2.282836977332445e-30,0.19233649211834644
10246112019943724074,8e3180988d9b142a,SP3-2022-9031,C:\Users\Jules\Documents\IEES\idmybee\data\crops\basile_m1\basile_m1_SP3-2022-9031_S3_8e3180988d9b142a.jpg,soroeensis,0.9999998184497271,pratorum,1.8154239439535117e-07,wurflenii,7.878455372827002e-12,0.372673491568834
10324738204992253547,8f48d6b1d377ae6b,SP3-2022-0255,C:\Users\Jules\Documents\IEES\idmybee\data\crops\basile_m1\basile_m1_SP3-2022-0255_P3_8f48d6b1d377ae6b.jpg,wurflenii,0.999980337491309,pascuorum,1.9580374935734324e-05,pomorum,7.254953908364284e-08,0.35873653760544744
10332006067964342449,8f62a8c70a31f0b1,SP3-2022-0226,C:\Users\Jules\Documents\IEES\idmybee\data\crops\basile_m1\basile_m1_SP3-2022-0226_S2_8f62a8c70a31f0b1.jpg,confusus,1.0,soroeensis,6.098306367321074e-35,monticola,2.554266521661392e-39,0.21058082567858022
10352942544859542441,8fad0a646e61b3a9,SP3-2022-0081,C:\Users\Jules\Documents\IEES\idmybee\data\crops\basile_m1\basile_m1_SP3-2022-0081_P2_8fad0a646e61b3a9.jpg,terrestris,0.976261753921207,lucorum,0.02306791669791861,sichelii,0.0005638007613225378,0.03830919873568189
10362159712819552272,8fcdc95b94792010,SP3-2022-0201,C:\Users\Jules\Documents\IEES\idmybee\data\crops\basile_m1\basile_m1_SP3-2022-0201_P3_8fcdc95b94792010.jpg,terrestris,0.9153351566309739,lucorum,0.08466045919114298,pyrenaeus,1.8152798744500094e-06,0.04631000292412633
10381152487366496948,9011432f80a492b4,SP3-2022-0320,C:\Users\Jules\Documents\IEES\idmybee\data\crops\basile_m1\basile_m1_SP3-2022-0320_P3_9011432f80a492b4.jpg,pascuorum,0.780010248453126,ruderarius,0.14022470254239489,sylvarum,0.0797650263766225,0.04291574200630148
10417645992130391758,9092e9d5b4b42ece,SP3-2022-0227,C:\Users\Jules\Documents\IEES\idmybee\data\crops\basile_m1\basile_m1_SP3-2022-0227_S2_9092e9d5b4b42ece.jpg,pomorum,0.9985455412501056,sylvarum,0.00145445874989117,pratorum,3.143040934841361e-15,0.3544904007923314
10425363449511813369,90ae54d2467e20f9,SP3-2022-0164,C:\Users\Jules\Documents\IEES\idmybee\data\crops\basile_m1\basile_m1_SP3-2022-0164_S3_90ae54d2467e20f9.jpg,sylvarum,0.9999999999988727,ruderarius,1.1272808557262635e-12,wurflenii,1.8019411952768019e-22,0.40072387201408577
10441611312254544787,90e80e2a9da1eb93,ATBI_GR5,C:\Users\Jules\Documents\IEES\idmybee\data\crops\organized\organized_ATBI_GR5_S1_90e80e2a9da1eb93.jpg,ruderarius,0.9980150731186536,pascuorum,0.0012437259704565534,sylvarum,0.0007356916486286097,0.040329554327157145
10451543062318215479,910b570a602cf137,SP3-2022-0175,C:\Users\Jules\Documents\IEES\idmybee\data\crops\basile_m1\basile_m1_SP3-2022-0175_S1_910b570a602cf137.jpg,sylvarum,0.9999995871129879,monticola,4.128870084579124e-07,ruderarius,3.665716377267637e-15,0.38618128098948445
10537429782472152238,923c788eb5dfd4ae,N1250,C:\Users\Jules\Documents\IEES\idmybee\data\crops\vrac\vrac_N1250_S3_923c788eb5dfd4ae.jpg,pascuorum,0.9992508507094414,sylvarum,0.0003930065393312191,ruderarius,0.00035344203430661493,0.03962074651283054
10563725489091029154,9299e45d0202a8a2,SP3-2022-0251,C:\Users\Jules\Documents\IEES\idmybee\data\crops\basile_m1\basile_m1_SP3-2022-0251_P1_9299e45d0202a8a2.jpg,pascuorum,0.999848831176561,wurflenii,0.00015116881841504532,lucorum,5.023853594327861e-12,0.29301483254015737
10575592096671715058,92c40cfae38bcef2,WB1_23,C:\Users\Jules\Documents\IEES\idmybee\data\crops\terrain\terrain_WB1_23_adrien150_92c40cfae38bcef2.jpg,pratorum,0.8873443157072587,pascuorum,0.07532540444151348,sylvarum,0.03627916166905673,0.030891825774730385
10614498429199972469,934e46155567f875,2020.00471,C:\Users\Jules\Documents\IEES\idmybee\data\crops\organized\organized_2020.00471_S3_934e46155567f875.jpg,rupestris,0.9999999688652151,sichelii,1.8433414417936187e-08,lapidarius,9.69153134319232e-09,0.04177503629429251
10655889080013202087,93e152a93426a2a7,SP03-22-0112,C:\Users\Jules\Documents\IEES\idmybee\data\crops\basile_m1\basile_m1_SP03-22-0112_S2_93e152a93426a2a7.jpg,lucorum,0.6528890417126101,terrestris,0.34708005746464604,sichelii,1.1008793773188254e-05,0.048393683172245995
10686779345969197907,944f1131b579b353,SP3-2022-0056,C:\Users\Jules\Documents\IEES\idmybee\data\crops\basile_m1\basile_m1_SP3-2022-0056_P2_944f1131b579b353.jpg,sylvarum,1.0,ruderarius,3.1147806250385973e-32,pascuorum,6.028282509021093e-47,0.37880826364482695
10700493294233899310,947fc9f51c42d12e,SP3-2022-0106,C:\Users\Jules\Documents\IEES\idmybee\data\crops\basile_m1\basile_m1_SP3-2022-0106_P1_947fc9f51c42d12e.jpg,sichelii,0.9999997915256716,monticola,2.0847432634101105e-07,lapidarius,2.0142465855189523e-15,0.5071762466743142
10720169219291125111,94c5b11b67ec9577,SP3-2022-0193,C:\Users\Jules\Documents\IEES\idmybee\data\crops\basile_m1\basile_m1_SP3-2022-0193_P3_94c5b11b67ec9577.jpg,ruderarius,0.9779631409786327,pascuorum,0.02202956661498017,sylvarum,7.081130319068553e-06,0.05155986481491642
10783509970345330376,95a6b92f3e5106c8,SP3-2022-0238,C:\Users\Jules\Documents\IEES\idmybee\data\crops\basile_m1\basile_m1_SP3-2022-0238_P1_95a6b92f3e5106c8.jpg,pascuorum,0.5794920932422707,ruderarius,0.3063846891716045,sylvarum,0.11412310985089993,0.045343428250369966
10800039828544691572,95e17300c47a1d74,SP3-2022-0264,C:\Users\Jules\Documents\IEES\idmybee\data\crops\basile_m1\basile_m1_SP3-2022-0264_P2_95e17300c47a1d74.jpg,wurflenii,1.0,pyrenaeus,5.9907645402044335e-24,lapidarius,4.4587793823597145e-24,0.1516230475890655
10954252534050252879,980552a43ffce84f,SP03-22-0112,C:\Users\Jules\Documents\IEES\idmybee\data\crops\basile_m1\basile_m1_SP03-22-0112_S3_980552a43ffce84f.jpg,terrestris,0.9965219249235715,lucorum,0.0034610218477987365,soroeensis,1.3707742121495129e-05,0.03695269592413755
10986392228202176102,98778185ed1a5e66,SP3-2022-9010,C:\Users\Jules\Documents\IEES\idmybee\data\crops\basile_m1\basile_m1_SP3-2022-9010_S2_98778185ed1a5e66.jpg,terrestris,0.8257108409082583,lucorum,0.13399355114351594,monticola,0.03234397920809841,0.04438000292890367
11050585579677167627,995b910944b6300b,SP3-2022-0360,C:\Users\Jules\Documents\IEES\idmybee\data\crops\basile_m1\basile_m1_SP3-2022-0360_P3_995b910944b6300b.jpg,terrestris,1.0,pyrenaeus,5.1880470021253096e-20,pratorum,2.1666057565859674e-20,0.3208413037897594
11106904230113661653,9a23a68ce63552d5,SP3-2022-0327,C:\Users\Jules\Documents\IEES\idmybee\data\crops\basile_m1\basile_m1_SP3-2022-0327_P3_9a23a68ce63552d5.jpg,sylvarum,1.0,pomorum,3.5558056278149614e-20,pascuorum,2.136168309245186e-21,0.39084740137137136
11118059921587573573,9a4b4897b9bc1345,SP3-2022-9032,C:\Users\Jules\Documents\IEES\idmybee\data\crops\basile_m1\basile_m1_SP3-2022-9032_S1_9a4b4897b9bc1345.jpg,wurflenii,1.0,pratorum,5.501531717185625e-34,pascuorum,5.7083370209438525e-39,0.4314496109011871
11180945945410842080,9b2ab319210eade0,SP03-22-0112,C:\Users\Jules\Documents\IEES\idmybee\data\crops\basile_m1\basile_m1_SP03-22-0112_S1_9b2ab319210eade0.jpg,terrestris,0.9935493518363596,lucorum,0.00639567927260051,monticola,2.6425717165015445e-05,0.03558332386788369
11183210993389661217,9b32bf25b53bec21,SP3-2022-0058,C:\Users\Jules\Documents\IEES\idmybee\data\crops\basile_m1\basile_m1_SP3-2022-0058_P2_9b32bf25b53bec21.jpg,wurflenii,1.0,pyrenaeus,1.7046263424405738e-45,sichelii,9.173526741170288e-49,0.3626628631617368
11197323332498196527,9b64e23eb4bf882f,SP3-2022-9015,C:\Users\Jules\Documents\IEES\idmybee\data\crops\basile_m1\basile_m1_SP3-2022-9015_P3_9b64e23eb4bf882f.jpg,pascuorum,0.971031608646034,ruderarius,0.02878884318783775,sylvarum,0.0001794485251093598,0.044077597386150816
11222366666905191348,9bbddb06601183b4,SP3-2022-0299,C:\Users\Jules\Documents\IEES\idmybee\data\crops\basile_m1\basile_m1_SP3-2022-0299_P3_9bbddb06601183b4.jpg,confusus,1.0,lucorum,9.626306170727e-20,terrestris,1.4765034848470175e-22,0.3095559720451367
11237392122394903519,9bf33c98d91f03df,SP3-2022-0200,C:\Users\Jules\Documents\IEES\idmybee\data\crops\basile_m1\basile_m1_SP3-2022-0200_P2_9bf33c98d91f03df.jpg,terrestris,0.9999999969423174,soroeensis,3.057682344938223e-09,lucorum,1.4272184150868642e-16,0.42152237311930196
11287425808959513417,9ca4fdf84b9ba349,SP3-2022-0064,C:\Users\Jules\Documents\IEES\idmybee\data\crops\basile_m1\basile_m1_SP3-2022-0064_S1_9ca4fdf84b9ba349.jpg,soroeensis,1.0,lapidarius,2.201841179362523e-23,pratorum,6.2361787706054795e-27,0.3061668835271446
11323892375883353386,9d268c1e8b480d2a,SP3-2022-0069,C:\Users\Jules\Documents\IEES\idmybee\data\crops\basile_m1\basile_m1_SP3-2022-0069_S1_9d268c1e8b480d2a.jpg,confusus,0.999999999999337,monticola,6.551437259640078e-13,pyrenaeus,7.625167614652301e-15,0.13558507299864764
11366000274181386365,9dbc25079b92f07d,N1293,C:\Users\Jules\Documents\IEES\idmybee\data\crops\vrac\vrac_N1293_S1_9dbc25079b92f07d.jpg,ruderarius,0.5319976900899648,pascuorum,0.29122417899977754,sylvarum,0.17677812068314627,0.06992550232536768
11367125359182183595,9dc02449df637cab,SP3-2022-0236,C:\Users\Jules\Documents\IEES\idmybee\data\crops\basile_m1\basile_m1_SP3-2022-0236_S1_9dc02449df637cab.jpg,monticola,0.9999911927274735,rupestris,8.80726162229748e-06,lapidarius,1.0904262007539159e-11,0.4670264484829487
11371539731344898914,9dcfd322fc0dbb62,SP3-2022-0318,C:\Users\Jules\Documents\IEES\idmybee\data\crops\basile_m1\basile_m1_SP3-2022-0318_P2_9dcfd322fc0dbb62.jpg,pyrenaeus,0.9978092446364708,soroeensis,0.002190755361197514,pomorum,2.3316525617636424e-12,0.42897918129072227
11393375974279948667,9e1d67157b6d297b,SP3-2022-0138,C:\Users\Jules\Documents\IEES\idmybee\data\crops\basile_m1\basile_m1_SP3-2022-0138_S1_9e1d67157b6d297b.jpg,sylvarum,0.9999999354843249,monticola,6.451567511433103e-08,ruderarius,9.659785689028015e-19,0.38747186471875367
11412563521454259450,9e61920e70dcbcfa,SP3-2022-0134,C:\Users\Jules\Documents\IEES\idmybee\data\crops\basile_m1\basile_m1_SP3-2022-0134_S2_9e61920e70dcbcfa.jpg,ruderarius,0.9999999846314294,pascuorum,1.5342201100375996e-08,pomorum,2.0272026998542497e-11,0.3045218613044336
11432818963564558622,9ea98846109d791e,SP3-2022-0212,C:\Users\Jules\Documents\IEES\idmybee\data\crops\basile_m1\basile_m1_SP3-2022-0212_S1_9ea98846109d791e.jpg,pomorum,0.34593933897651385,sichelii,0.18787937447304354,soroeensis,0.14748682840822502,0.04625339325589898
11445758256704271999,9ed7807e03da367f,SP3-2022-0255,C:\Users\Jules\Documents\IEES\idmybee\data\crops\basile_m1\basile_m1_SP3-2022-0255_P4_9ed7807e03da367f.jpg,wurflenii,0.9999999999998141,pascuorum,1.6547728574533272e-13,pyrenaeus,2.0364271189556427e-14,0.39002930545194114
11461019226402059396,9f0db843699df484,N1250,C:\Users\Jules\Documents\IEES\idmybee\data\crops\vrac\vrac_N1250_P1_9f0db843699df484.jpg,pascuorum,0.9999466049583839,ruderarius,5.1740025819375313e-05,sylvarum,1.5600890729563147e-06,0.039246307595557015
11527442271215205550,9ff9b3abb09abcae,SP3-2022-0067,C:\Users\Jules\Documents\IEES\idmybee\data\crops\basile_m1\basile_m1_SP3-2022-0067_P3_9ff9b3abb09abcae.jpg,rupestris,0.9999999999234537,ruderarius,7.633506117965213e-11,confusus,2.1094664089087488e-13,0.37467994606661414
11544185661287338531,a0352fb1fa309223,SP3-2022-0140,C:\Users\Jules\Documents\IEES\idmybee\data\crops\basile_m1\basile_m1_SP3-2022-0140_S1_a0352fb1fa309223.jpg,sylvarum,0.9484093048223717,pascuorum,0.03348458832536473,ruderarius,0.01808438127226964,0.04120339544923543
11582550360239636052,a0bd7c2f8727fe54,SP3-2022-0204,C:\Users\Jules\Documents\IEES\idmybee\data\crops\basile_m1\basile_m1_SP3-2022-0204_S2_a0bd7c2f8727fe54.jpg,rupestris,1.0,confusus,3.851391466096452e-30,lapidarius,5.7165577178822786e-33,0.35814150730301153
11667706117710630879,a1ec04e559cb4fdf,SP3-2022-0080,C:\Users\Jules\Documents\IEES\idmybee\data\crops\basile_m1\basile_m1_SP3-2022-0080_P2_a1ec04e559cb4fdf.jpg,pyrenaeus,0.796535156151616,monticola,0.20346408646474076,wurflenii,7.432500940357251e-07,0.40717112374283265
11667845230599738353,a1ec836b182213f1,N1293,C:\Users\Jules\Documents\IEES\idmybee\data\crops\vrac\vrac_N1293_S2_a1ec836b182213f1.jpg,pascuorum,0.9993634793716766,sylvarum,0.00048297905256653687,ruderarius,0.00015307210787025125,0.04406239450690545
11670245038113092381,a1f50a07d27ef31d,SP3-2022-0370,C:\Users\Jules\Documents\IEES\idmybee\data\crops\basile_m1\basile_m1_SP3-2022-0370_P2_a1f50a07d27ef31d.jpg,ruderarius,0.7929287588172921,pascuorum,0.20571519538739705,sylvarum,0.0013560101693587715,0.04017769188119311
11686178213499931543,a22da52b4d928b97,SP3-2022-9034,C:\Users\Jules\Documents\IEES\idmybee\data\crops\basile_m1\basile_m1_SP3-2022-9034_S4_a22da52b4d928b97.jpg,pratorum,1.0,pyrenaeus,4.077527438193931e-29,wurflenii,1.3061085406569862e-37,0.342080237764926
11729270948768481638,a2c6bdc897a78166,SP03-22-0081,C:\Users\Jules\Documents\IEES\idmybee\data\crops\basile_m1\basile_m1_SP03-22-0081_S2_a2c6bdc897a78166.jpg,terrestris,0.998861131525553,lucorum,0.0006205642559686693,soroeensis,0.00046752206526003934,0.03805883719468277
11762669619717529964,a33d65b2a58ae16c,SP03-22-0121,C:\Users\Jules\Documents\IEES\idmybee\data\crops\basile_m1\basile_m1_SP03-22-0121_S1_a33d65b2a58ae16c.jpg,monticola,0.9998291340140877,lucorum,0.0001708079429014197,terrestris,4.402146448511649e-08,0.19492798422362265
11875269608634301043,a4cd6eca8aa3ba73,SP3-2022-0191,C:\Users\Jules\Documents\IEES\idmybee\data\crops\basile_m1\basile_m1_SP3-2022-0191_S1_a4cd6eca8aa3ba73.jpg,confusus,0.9999435545313151,rupestris,5.643230851276067e-05,ruderarius,1.3160172223624868e-08,0.37095206471216585
11886307351883363911,a4f4a58f681f3647,SP3-2022-0258,C:\Users\Jules\Documents\IEES\idmybee\data\crops\basile_m1\basile_m1_SP3-2022-0258_P1_a4f4a58f681f3647.jpg,pratorum,0.9999999999911184,soroeensis,8.86156696758368e-12,wurflenii,2.0080056276867342e-14,0.2609723636054986
11896162156294034295,a517a873dc59d377,ATBI_GR5,C:\Users\Jules\Documents\IEES\idmybee\data\crops\organized\organized_ATBI_GR5_P2_a517a873dc59d377.jpg,ruderarius,0.9984757379627108,sylvarum,0.0013333517000636741,pascuorum,0.0001451623145860043,0.038829120383312814
11978192491422761716,a63b169b968142f4,SP3-2022-0078,C:\Users\Jules\Documents\IEES\idmybee\data\crops\basile_m1\basile_m1_SP3-2022-0078_P3_a63b169b968142f4.jpg,pascuorum,0.99999999999999,soroeensis,9.888139473604081e-15,pratorum,1.0462048646667347e-18,0.3523062489368481
11986431983365801596,a6585c61cce6467c,Polset_1,C:\Users\Jules\Documents\IEES\idmybee\data\crops\organized\organized_Polset_1_S2_a6585c61cce6467c.jpg,monticola,0.9912177403601115,terrestris,0.005985742939780434,pyrenaeus,0.002257264904581682,0.03159857700448902
12036386617471272039,a709d5db69a40467,SP3-2022-0235,C:\Users\Jules\Documents\IEES\idmybee\data\crops\basile_m1\basile_m1_SP3-2022-0235_P3_a709d5db69a40467.jpg,ruderarius,0.99999999999999,wurflenii,6.200842307455134e-15,pascuorum,3.6851273892797405e-15,0.4025192907299987
12054281196026644641,a74968e1a7d6c8a1,SP3-2022-0155,C:\Users\Jules\Documents\IEES\idmybee\data\crops\basile_m1\basile_m1_SP3-2022-0155_P2_a74968e1a7d6c8a1.jpg,pratorum,0.9932297954327369,pomorum,0.006697392777636189,pascuorum,6.549864230694041e-05,0.2788242187622703
12054751584702554654,a74b14b28dc5e21e,SP3-2022-0349,C:\Users\Jules\Documents\IEES\idmybee\data\crops\basile_m1\basile_m1_SP3-2022-0349_P1_a74b14b28dc5e21e.jpg,pratorum,0.9918529439231283,soroeensis,0.008147056076871642,pyrenaeus,9.316547245130286e-22,0.290060900317894
12135248345590948304,a8691013341861d0,SP3-2022-0152,C:\Users\Jules\Documents\IEES\idmybee\data\crops\basile_m1\basile_m1_SP3-2022-0152_S2_a8691013341861d0.jpg,rupestris,1.0,confusus,1.5699704149078411e-30,lapidarius,7.705195154756352e-46,0.4567287839872908
12276481270523340326,aa5ed2ac0547a626,SP3-2022-0243,C:\Users\Jules\Documents\IEES\idmybee\data\crops\basile_m1\basile_m1_SP3-2022-0243_S3_aa5ed2ac0547a626.jpg,ruderarius,0.926876764139628,pascuorum,0.049183438477541835,sylvarum,0.023919469794624,0.04325708388968499
12309057306287426987,aad28e6765304dab,SP3-2022-0320,C:\Users\Jules\Documents\IEES\idmybee\data\crops\basile_m1\basile_m1_SP3-2022-0320_P2_aad28e6765304dab.jpg,pascuorum,0.9717024983186644,ruderarius,0.025083019998951538,sylvarum,0.003214480117284827,0.043778194885005735
12323069518688617403,ab04566fd3e103bb,SP3-2022-0073,C:\Users\Jules\Documents\IEES\idmybee\data\crops\basile_m1\basile_m1_SP3-2022-0073_P2_ab04566fd3e103bb.jpg,terrestris,0.6851562449410685,lucorum,0.3146726836310786,pyrenaeus,0.00014121830434463546,0.04054987940078684
12323610835038810568,ab0642c2dca4b1c8,SP3-2022-0140,C:\Users\Jules\Documents\IEES\idmybee\data\crops\basile_m1\basile_m1_SP3-2022-0140_S3_ab0642c2dca4b1c8.jpg,sylvarum,0.970748470012654,pascuorum,0.026508227623153552,ruderarius,0.0027239966262121713,0.039635265152770424
12327153511402825399,ab12d8ce7adfe6b7,SP3-2022-0243,C:\Users\Jules\Documents\IEES\idmybee\data\crops\basile_m1\basile_m1_SP3-2022-0243_P2_ab12d8ce7adfe6b7.jpg,pascuorum,0.8922874645282763,ruderarius,0.10439585058315305,sylvarum,0.0033165799791526817,0.04460503989029086
12342022643467340160,ab47ac3411b2c980,SP3-2022-0139,C:\Users\Jules\Documents\IEES\idmybee\data\crops\basile_m1\basile_m1_SP3-2022-0139_P1_ab47ac3411b2c980.jpg,wurflenii,0.9999999999961282,pyrenaeus,3.871782198034625e-12,terrestris,1.8985223856174698e-19,0.2508745924339522
12344071537106658812,ab4ef3a94b40a5fc,SP03-22-0084,C:\Users\Jules\Documents\IEES\idmybee\data\crops\basile_m1\basile_m1_SP03-22-0084_S2_ab4ef3a94b40a5fc.jpg,pascuorum,1.0,pratorum,2.1393478130658847e-34,wurflenii,1.898530235268828e-37,0.3651691426816861
12363517347422818275,ab940985d3844fe3,SP3-2022-0210,C:\Users\Jules\Documents\IEES\idmybee\data\crops\basile_m1\basile_m1_SP3-2022-0210_P3_ab940985d3844fe3.jpg,wurflenii,0.999963586811944,lapidarius,3.641271584851297e-05,rupestris,4.722075955549434e-10,0.2256097920568307
12388612873253256831,abed31c542177e7f,SP3-2022-0071,C:\Users\Jules\Documents\IEES\idmybee\data\crops\basile_m1\basile_m1_SP3-2022-0071_S2_abed31c542177e7f.jpg,wurflenii,1.0,pomorum,6.804996629653568e-21,pratorum,2.8936338338800387e-30,0.426641837088635
12420137558096725887,ac5d314debd7c77f,SP3-2022-0193,C:\Users\Jules\Documents\IEES\idmybee\data\crops\basile_m1\basile_m1_SP3-2022-0193_S2_ac5d314debd7c77f.jpg,ruderarius,0.9900810163414736,pascuorum,0.009912762751314856,sylvarum,5.654660518910236e-06,0.051655023227588207
12459096663670382065,ace79a678c53ddf1,SP03-22-0075,C:\Users\Jules\Documents\IEES\idmybee\data\crops\basile_m1\basile_m1_SP03-22-0075_S1_ace79a678c53ddf1.jpg,confusus,1.0,monticola,7.686175727872503e-20,pyrenaeus,2.6075122044206726e-21,0.13667066594060678
12460082615438289068,aceb1b1f553828ac,SP3-2022-0063,C:\Users\Jules\Documents\IEES\idmybee\data\crops\basile_m1\basile_m1_SP3-2022-0063_P3_aceb1b1f553828ac.jpg,monticola,0.9999999973317302,lucorum,2.079104866336192e-09,confusus,5.865004686785732e-10,0.20938609096999017
12471774544149049786,ad14a4de9ec371ba,SP3-2022-0117,C:\Users\Jules\Documents\IEES\idmybee\data\crops\basile_m1\basile_m1_SP3-2022-0117_P3_ad14a4de9ec371ba.jpg,pascuorum,0.9040644994589019,ruderarius,0.05904268913003531,sylvarum,0.03503089238092456,0.039377696724288105
12490978679447650211,ad58deedcd747fa3,SP3-2022-0256,C:\Users\Jules\Documents\IEES\idmybee\data\crops\basile_m1\basile_m1_SP3-2022-0256_S2_ad58deedcd747fa3.jpg,pascuorum,0.8891410209429864,ruderarius,0.06729467646942157,sylvarum,0.0433178933837097,0.034423586898921506
12492148753607067851,ad5d071aec1688cb,SP03-22-0100,C:\Users\Jules\Documents\IEES\idmybee\data\crops\basile_m1\basile_m1_SP03-22-0100_S3_ad5d071aec1688cb.jpg,rupestris,0.9991025379376837,wurflenii,0.0008325432582913914,vestalis,6.491880402488267e-05,0.3437154740162567
12507745942758973604,ad9470aa82fb60a4,SP3-2022-0184,C:\Users\Jules\Documents\IEES\idmybee\data\crops\basile_m1\basile_m1_SP3-2022-0184_S1_ad9470aa82fb60a4.jpg,pratorum,0.9999999999999423,soroeensis,3.7462746579929356e-14,pyrenaeus,2.0237165945846775e-14,0.2568197547164814
12617727335540169575,af1b2c28fb9b9b67,SP3-2022-0188,C:\Users\Jules\Documents\IEES\idmybee\data\crops\basile_m1\basile_m1_SP3-2022-0188_S2_af1b2c28fb9b9b67.jpg,vestalis,0.9999999992070723,pratorum,7.929276340784868e-10,rupestris,4.623237001951144e-19,0.45836035615808923
12629253231694749379,af441ee6cd9e9ec3,SP3-2022-0223,C:\Users\Jules\Documents\IEES\idmybee\data\crops\basile_m1\basile_m1_SP3-2022-0223_P1_af441ee6cd9e9ec3.jpg,pascuorum,1.0,wurflenii,1.1040427183164844e-34,ruderarius,7.170988985735603e-57,0.4453627453702681
12635414543851909830,af5a02951418f2c6,SP3-2022-0267,C:\Users\Jules\Documents\IEES\idmybee\data\crops\basile_m1\basile_m1_SP3-2022-0267_P1_af5a02951418f2c6.jpg,terrestris,0.9712524143673302,lucorum,0.026376878025538814,monticola,0.002028376214034877,0.028176293062180755
12662507841067843164,afba43cae8727e5c,SP3-2022-0221,C:\Users\Jules\Documents\IEES\idmybee\data\crops\basile_m1\basile_m1_SP3-2022-0221_S1_afba43cae8727e5c.jpg,terrestris,0.9999999417494599,vestalis,5.8171580071251755e-08,sichelii,7.894740468404142e-11,0.337668988927566
12697690037311438148,b03741d04df6fd44,SP3-2022-0252,C:\Users\Jules\Documents\IEES\idmybee\data\crops\basile_m1\basile_m1_SP3-2022-0252_S1_b03741d04df6fd44.jpg,pratorum,0.9188094676062191,wurflenii,0.08118845610076,pyrenaeus,2.0762914333838826e-06,0.34683422337198005
12698439874738667205,b039ebc96f743ec5,SP3-2022-9027,C:\Users\Jules\Documents\IEES\idmybee\data\crops\basile_m1\basile_m1_SP3-2022-9027_P1_b039ebc96f743ec5.jpg,sylvarum,0.8436178631292318,pascuorum,0.13248701792954534,ruderarius,0.02343228322929588,0.051525215967557214
12737827188935153310,b0c5da5726cad69e,SP3-2022-0071,C:\Users\Jules\Documents\IEES\idmybee\data\crops\basile_m1\basile_m1_SP3-2022-0071_S3_b0c5da5726cad69e.jpg,confusus,0.9997909850607952,soroeensis,0.00020718941824041188,vestalis,1.8255208158811927e-06,0.24749306204152147
12750766083184408343,b0f3d2323a4e3717,SP3-2022-0100,C:\Users\Jules\Documents\IEES\idmybee\data\crops\basile_m1\basile_m1_SP3-2022-0100_P1_b0f3d2323a4e3717.jpg,soroeensis,0.999999988553988,vestalis,5.820909695953126e-09,pomorum,5.62510231697994e-09,0.2174763150801052
12756834022700448714,b10960f47dad7bca,SP3-2022-0054,C:\Users\Jules\Documents\IEES\idmybee\data\crops\basile_m1\basile_m1_SP3-2022-0054_S3_b10960f47dad7bca.jpg,sylvarum,1.0,ruderarius,3.027657106671703e-26,pascuorum,2.0655225726327145e-50,0.49115948105776547
12800045461929587930,b1a2e587b329f4da,SP3-2022-0078,C:\Users\Jules\Documents\IEES\idmybee\data\crops\basile_m1\basile_m1_SP3-2022-0078_P2_b1a2e587b329f4da.jpg,monticola,1.0,confusus,2.2697092876753515e-27,lapidarius,4.109831613506178e-31,0.2860399175936135
12815789321750522814,b1dad47cb72f2bbe,N1250,C:\Users\Jules\Documents\IEES\idmybee\data\crops\vrac\vrac_N1250_S1_b1dad47cb72f2bbe.jpg,pascuorum,0.9990344353525278,ruderarius,0.0007441580585682663,sylvarum,0.0001763923816770271,0.03429865587138782
12832311036748028700,b21586e640b0db1c,SP3-2022-0070,C:\Users\Jules\Documents\IEES\idmybee\data\crops\basile_m1\basile_m1_SP3-2022-0070_S2_b21586e640b0db1c.jpg,confusus,1.0,monticola,1.834582296627674e-24,pyrenaeus,3.207978596635617e-52,0.4846568599019191
12834792917073909460,b21e58280be3d6d4,SP3-2022-0121,C:\Users\Jules\Documents\IEES\idmybee\data\crops\basile_m1\basile_m1_SP3-2022-0121_P3_b21e58280be3d6d4.jpg,confusus,0.9999999999999996,monticola,5.152899695654695e-16,pyrenaeus,5.521144086433707e-17,0.12828677856413223
12942593091837664745,b39d53d81f689de9,SP3-2022-0359,C:\Users\Jules\Documents\IEES\idmybee\data\crops\basile_m1\basile_m1_SP3-2022-0359_P1_b39d53d81f689de9.jpg,pascuorum,0.9999912301826371,sylvarum,8.769817362888564e-06,ruderarius,1.978028476163636e-25,0.3943342855723714
12969493021009552603,b3fce52ff22ea4db,SP3-2022-0146,C:\Users\Jules\Documents\IEES\idmybee\data\crops\basile_m1\basile_m1_SP3-2022-0146_S2_b3fce52ff22ea4db.jpg,ruderarius,0.9999998858810456,rupestris,1.1411642182982221e-07,sylvarum,2.5142740834535333e-12,0.36094148338665655
12985156615180341273,b4348b24a8a35019,SP3-2022-9015,C:\Users\Jules\Documents\IEES\idmybee\data\crops\basile_m1\basile_m1_SP3-2022-9015_P4_b4348b24a8a35019.jpg,pascuorum,0.7570199510758484,ruderarius,0.23982543820470276,sylvarum,0.0031539530840436667,0.041058622131087796
13027108519721907161,b4c9962d987d33d9,SP3-2022-0069,C:\Users\Jules\Documents\IEES\idmybee\data\crops\basile_m1\basile_m1_SP3-2022-0069_P1_b4c9962d987d33d9.jpg,confusus,0.9997010021992276,monticola,0.0002989757825818908,lucorum,1.7848571174875655e-08,0.20672782775944135
13039031464625167320,b4f3f208881fdbd8,SP3-2022-0238,C:\Users\Jules\Documents\IEES\idmybee\data\crops\basile_m1\basile_m1_SP3-2022-0238_S3_b4f3f208881fdbd8.jpg,pascuorum,0.9765272415512325,ruderarius,0.01335969141267348,sylvarum,0.010112938204748605,0.043354714355455466
13044953933808588262,b508fc7cd7fed5e6,SP3-2022-0243,C:\Users\Jules\Documents\IEES\idmybee\data\crops\basile_m1\basile_m1_SP3-2022-0243_S1_b508fc7cd7fed5e6.jpg,ruderarius,0.7439023149468629,sylvarum,0.23470410665302455,pascuorum,0.021318077722516787,0.04364908052676117
13127339582353264118,b62dadcc6c174df6,SP3-2022-0374,C:\Users\Jules\Documents\IEES\idmybee\data\crops\basile_m1\basile_m1_SP3-2022-0374_P3_b62dadcc6c174df6.jpg,sylvarum,0.9072471716794873,pratorum,0.0923047526690696,pomorum,0.0004480249708132694,0.3506281798621128
13197705979023541935,b727aba9d9bf46af,SP3-2022-0269,C:\Users\Jules\Documents\IEES\idmybee\data\crops\basile_m1\basile_m1_SP3-2022-0269_P5_b727aba9d9bf46af.jpg,terrestris,0.8441916692423288,lucorum,0.15385565438568696,pyrenaeus,0.0017705197076334244,0.027864510919921953
13206428311076275226,b746a894095d041a,SP3-2022-0061,C:\Users\Jules\Documents\IEES\idmybee\data\crops\basile_m1\basile_m1_SP3-2022-0061_P1_b746a894095d041a.jpg,confusus,0.9999940890155617,monticola,5.91090241576749e-06,lucorum,8.201874335169784e-11,0.20633340084414414
13236129062977932935,b7b02d4138060e87,SP3-2022-0360,C:\Users\Jules\Documents\IEES\idmybee\data\crops\basile_m1\basile_m1_SP3-2022-0360_P1_b7b02d4138060e87.jpg,terrestris,0.9948106765855593,pratorum,0.0051893234144406684,vestalis,2.227848531439976e-17,0.3098592739203366
13297909751509311449,b88baa76b1ea5fd9,SP3-2022-0347,C:\Users\Jules\Documents\IEES\idmybee\data\crops\basile_m1\basile_m1_SP3-2022-0347_P2_b88baa76b1ea5fd9.jpg,pratorum,0.9999999999597138,sylvarum,3.548212770729169e-11,pomorum,4.802722203188081e-12,0.38336464205091464
13367785378852394924,b983e9f9fc2857ac,SP3-2022-0356,C:\Users\Jules\Documents\IEES\idmybee\data\crops\basile_m1\basile_m1_SP3-2022-0356_P3_b983e9f9fc2857ac.jpg,confusus,0.998564393921378,terrestris,0.0014263672106824255,lucorum,9.238867939610183e-06,0.2979836166610504
13379788009755114165,b9ae8e4e437bfab5,SP3-2022-0079,C:\Users\Jules\Documents\IEES\idmybee\data\crops\basile_m1\basile_m1_SP3-2022-0079_P2_b9ae8e4e437bfab5.jpg,wurflenii,0.9999999999950417,terrestris,4.958184022680542e-12,soroeensis,3.349473370389945e-18,0.4511963456286813
13408518585385288245,ba14a09cae1d0235,SP3-2022-0171,C:\Users\Jules\Documents\IEES\idmybee\data\crops\basile_m1\basile_m1_SP3-2022-0171_S1_ba14a09cae1d0235.jpg,lucorum,0.960702489730001,terrestris,0.03929747456006972,pyrenaeus,3.570113822855116e-08,0.2997603394700449
13414418192327636255,ba299645f639f51f,SP3-2022-0224,C:\Users\Jules\Documents\IEES\idmybee\data\crops\basile_m1\basile_m1_SP3-2022-0224_S2_ba299645f639f51f.jpg,wurflenii,1.0,rupestris,1.0112293582244192e-27,ruderarius,1.8001700712660434e-58,0.39960680307658103
13512503225123389231,bb860e1747ccbf2f,N1250,C:\Users\Jules\Documents\IEES\idmybee\data\crops\vrac\vrac_N1250_S2_bb860e1747ccbf2f.jpg,pascuorum,0.9988314850500835,ruderarius,0.0011224295592207338,pratorum,3.468998267224294e-05,0.03862815168119184
13529763664669884539,bbc3605e87a2c07b,SP3-2022-0359,C:\Users\Jules\Documents\IEES\idmybee\data\crops\basile_m1\basile_m1_SP3-2022-0359_P3_bbc3605e87a2c07b.jpg,sylvarum,0.9999999999999991,pomorum,8.253045674164901e-16,ruderarius,6.5501307241275395e-28,0.345666120440992
13535451371481039250,bbd7954ef7b38192,SP3-2022-0270,C:\Users\Jules\Documents\IEES\idmybee\data\crops\basile_m1\basile_m1_SP3-2022-0270_P4_bbd7954ef7b38192.jpg,pascuorum,0.8996171556127318,ruderarius,0.07979681695224919,sylvarum,0.02057920270379475,0.04203369525164841
13580976226314785155,bc7951ec38849183,SP3-2022-0339,C:\Users\Jules\Documents\IEES\idmybee\data\crops\basile_m1\basile_m1_SP3-2022-0339_P1_bc7951ec38849183.jpg,rupestris,1.0,confusus,1.769248811486451e-17,sichelii,2.3893288294926317e-27,0.36891336034727573
13649795457023291532,bd6dd0a6009d308c,SP3-2022-0181,C:\Users\Jules\Documents\IEES\idmybee\data\crops\basile_m1\basile_m1_SP3-2022-0181_P2_bd6dd0a6009d308c.jpg,pascuorum,0.9758536294975477,sylvarum,0.020935639699238864,ruderarius,0.003210721840102958,0.037611459598177195
13700059488647559005,be206384d68eb75d,SP3-2022-0130,C:\Users\Jules\Documents\IEES\idmybee\data\crops\basile_m1\basile_m1_SP3-2022-0130_S2_be206384d68eb75d.jpg,pomorum,0.8040625892852342,sylvarum,0.1954143934464808,pratorum,0.0005230172682589457,0.3502692195682155
13716586722577502168,be5b1af35a124fd8,SP3-2022-0236,C:\Users\Jules\Documents\IEES\idmybee\data\crops\basile_m1\basile_m1_SP3-2022-0236_S2_be5b1af35a124fd8.jpg,wurflenii,0.998470213802034,sylvarum,0.0015297861977601964,pomorum,2.0572506655406307e-13,0.3967789149174071
13718454010652158787,be61bd3d3c746b43,SP3-2022-0139,C:\Users\Jules\Documents\IEES\idmybee\data\crops\basile_m1\basile_m1_SP3-2022-0139_S2_be61bd3d3c746b43.jpg,pomorum,0.7765504227922179,sylvarum,0.22339409105226882,ruderarius,5.0520638351754984e-05,0.4302868252696466
13722455612583505367,be6ff4acca1aedd7,SP3-2022-9030,C:\Users\Jules\Documents\IEES\idmybee\data\crops\basile_m1\basile_m1_SP3-2022-9030_P3_be6ff4acca1aedd7.jpg,confusus,1.0,wurflenii,9.535613444047652e-22,monticola,1.2023024275261921e-30,0.28570473879532327
13723917353635740207,be75261ee646fa2f,SP03-22-9017,C:\Users\Jules\Documents\IEES\idmybee\data\crops\basile_m1\basile_m1_SP03-22-9017_S3_be75261ee646fa2f.jpg,sylvarum,1.0,ruderarius,1.2710230972948087e-31,pomorum,6.938762774774612e-46,0.49675476004977376
13732409095088380878,be93515087161bce,SP3-2022-0169,C:\Users\Jules\Documents\IEES\idmybee\data\crops\basile_m1\basile_m1_SP3-2022-0169_S1_be93515087161bce.jpg,lucorum,0.9988452937415419,confusus,0.0008926033080243751,terrestris,0.00026210295043360053,0.3044394703420644
13768849233406551282,bf14c76d631b64f2,SP3-2022-0191,C:\Users\Jules\Documents\IEES\idmybee\data\crops\basile_m1\basile_m1_SP3-2022-0191_S2_bf14c76d631b64f2.jpg,wurflenii,0.999999999993753,pyrenaeus,6.246910856592464e-12,sichelii,3.0434721098114643e-19,0.3374510913356045
13829423994920452784,bfebfbda197f42b0,SP3-2022-0219,C:\Users\Jules\Documents\IEES\idmybee\data\crops\basile_m1\basile_m1_SP3-2022-0219_P2_bfebfbda197f42b0.jpg,wurflenii,1.0,pascuorum,1.8031786470319534e-19,sylvarum,4.717724457547492e-21,0.1665779978257279
13852375067173890610,c03d85bb0660aa32,SP3-2022-0190,C:\Users\Jules\Documents\IEES\idmybee\data\crops\basile_m1\basile_m1_SP3-2022-0190_S3_c03d85bb0660aa32.jpg,rupestris,0.9999710989455918,ruderarius,2.8900973415709055e-05,pomorum,8.099246246711402e-11,0.5237137964660704
13866019607402770423,c06dff5e1bd7eff7,SP3-2022-0376,C:\Users\Jules\Documents\IEES\idmybee\data\crops\basile_m1\basile_m1_SP3-2022-0376_P1_c06dff5e1bd7eff7.jpg,pascuorum,0.9997333721940049,ruderarius,0.00015198330158524981,sylvarum,0.00011463893214971387,0.04228821376260038
13928303557743461151,c14b464a5b1bc31f,SP3-2022-0168,C:\Users\Jules\Documents\IEES\idmybee\data\crops\basile_m1\basile_m1_SP3-2022-0168_S1_c14b464a5b1bc31f.jpg,confusus,1.0,lucorum,3.2902720372082066e-151,monticola,1.0739944026333202e-152,0.49564871136159094
13983733787115796186,c21033ca56aa36da,SP03-22-0106,C:\Users\Jules\Documents\IEES\idmybee\data\crops\basile_m1\basile_m1_SP03-22-0106_S1_c21033ca56aa36da.jpg,pascuorum,1.0,pratorum,1.5208652722337446e-34,terrestris,5.216718404384259e-39,0.4374544981293579
14051173325731317723,c2ffcbb185a8c7db,SP3-2022-0238,C:\Users\Jules\Documents\IEES\idmybee\data\crops\basile_m1\basile_m1_SP3-2022-0238_P2_c2ffcbb185a8c7db.jpg,pascuorum,0.8446085447425029,ruderarius,0.14965547895646011,sylvarum,0.005735968554119839,0.047260182152008404
14102072457198283406,c3b4a02f101faa8e,SP3-2022-0168,C:\Users\Jules\Documents\IEES\idmybee\data\crops\basile_m1\basile_m1_SP3-2022-0168_P3_c3b4a02f101faa8e.jpg,vestalis,0.9999999999999953,soroeensis,4.6641693558478775e-15,monticola,4.5612813497845625e-29,0.23794924170278986
14124615520048511956,c404b6fae575fbd4,SP3-2022-0239,C:\Users\Jules\Documents\IEES\idmybee\data\crops\basile_m1\basile_m1_SP3-2022-0239_P2_c404b6fae575fbd4.jpg,wurflenii,1.0,lapidarius,6.660444629995624e-21,ruderarius,1.303104012887294e-22,0.13126065133781148
14168220694321006609,c49fa1a7b0578811,SP3-2022-0191,C:\Users\Jules\Documents\IEES\idmybee\data\crops\basile_m1\basile_m1_SP3-2022-0191_P2_c49fa1a7b0578811.jpg,rupestris,0.9999999999999976,confusus,2.4927744740794175e-15,lapidarius,2.9523978348103867e-28,0.3499081155294372
14177439109449523060,c4c061c137781f74,SP3-2022-0191,C:\Users\Jules\Documents\IEES\idmybee\data\crops\basile_m1\basile_m1_SP3-2022-0191_S3_c4c061c137781f74.jpg,wurflenii,0.9999999999994726,pyrenaeus,5.273978454437781e-13,sichelii,8.099354895516039e-20,0.3389511142635582
14242919496181491628,c5a903d1ce6227ac,SP3-2022-0235,C:\Users\Jules\Documents\IEES\idmybee\data\crops\basile_m1\basile_m1_SP3-2022-0235_S1_c5a903d1ce6227ac.jpg,soroeensis,0.9655820608716247,confusus,0.03441793567616558,lucorum,3.4521979978379008e-09,0.32957309045133254
14292306996553627329,c658797d4e68b6c1,SP3-2022-0296,C:\Users\Jules\Documents\IEES\idmybee\data\crops\basile_m1\basile_m1_SP3-2022-0296_P1_c658797d4e68b6c1.jpg,vestalis,0.9932969192843165,sichelii,0.002631210155251667,wurflenii,0.002483577098196331,0.048396645773815195
14323039254878971912,c6c5a850cb096808,SP3-2022-0193,C:\Users\Jules\Documents\IEES\idmybee\data\crops\basile_m1\basile_m1_SP3-2022-0193_S1_c6c5a850cb096808.jpg,ruderarius,0.9989304175460207,pascuorum,0.001067610237171177,sylvarum,1.7515251715917127e-06,0.051900267403381425
14342844441841564797,c70c050738a6fc7d,ATBI_GR5,C:\Users\Jules\Documents\IEES\idmybee\data\crops\organized\organized_ATBI_GR5_P1_c70c050738a6fc7d.jpg,ruderarius,0.9973731888660108,sylvarum,0.0017850355525351946,pascuorum,0.0008134423749191045,0.039905879209658
14350145270626914527,c725f517e2f810df,SP3-2022-0239,C:\Users\Jules\Documents\IEES\idmybee\data\crops\basile_m1\basile_m1_SP3-2022-0239_S1_c725f517e2f810df.jpg,wurflenii,1.0,lapidarius,1.0452525500452457e-24,sichelii,5.28750063230819e-28,0.13117530087600932
14374670386112445343,c77d168e4f8f3b9f,SP3-2022-0145,C:\Users\Jules\Documents\IEES\idmybee\data\crops\basile_m1\basile_m1_SP3-2022-0145_S2_c77d168e4f8f3b9f.jpg,pascuorum,0.9999999995301307,pyrenaeus,4.535131888043422e-10,terrestris,1.6355971727137227e-11,0.39633936014637816
14515227880637392795,c97072da3b3ce79b,SP3-2022-0231,C:\Users\Jules\Documents\IEES\idmybee\data\crops\basile_m1\basile_m1_SP3-2022-0231_P2_c97072da3b3ce79b.jpg,soroeensis,0.9999999999999998,wurflenii,3.185102428242297e-16,pratorum,1.4356672689507195e-29,0.3946343882791546
14530664547813300867,c9a74a6b62c61a83,SP3-2022-0149,C:\Users\Jules\Documents\IEES\idmybee\data\crops\basile_m1\basile_m1_SP3-2022-0149_P2_c9a74a6b62c61a83.jpg,confusus,1.0,monticola,1.399315995888862e-36,pyrenaeus,2.761835770582771e-41,0.16130437191980745
14533512824177347546,c9b168e967accbda,SP3-2022-0370,C:\Users\Jules\Documents\IEES\idmybee\data\crops\basile_m1\basile_m1_SP3-2022-0370_P3_c9b168e967accbda.jpg,pascuorum,0.9927159241905872,ruderarius,0.0072768044174719585,sylvarum,7.271078056103803e-06,0.045614451696205455
14555573596813144324,c9ffc9114c1a3104,SP3-2022-0076,C:\Users\Jules\Documents\IEES\idmybee\data\crops\basile_m1\basile_m1_SP3-2022-0076_P1_c9ffc9114c1a3104.jpg,lucorum,0.9999651218249628,terrestris,3.4174711944166694e-05,confusus,7.034630931327389e-07,0.38802437801472345
14593845205213408884,ca87c0e483c86e74,SP3-2022-9036,C:\Users\Jules\Documents\IEES\idmybee\data\crops\basile_m1\basile_m1_SP3-2022-9036_P2_ca87c0e483c86e74.jpg,wurflenii,1.0,pomorum,4.587763893629327e-76,rupestris,1.5564263074853048e-83,0.6054166034533326
14731353364529283481,cc7047d5c1860199,SP3-2022-0193,C:\Users\Jules\Documents\IEES\idmybee\data\crops\basile_m1\basile_m1_SP3-2022-0193_S3_cc7047d5c1860199.jpg,ruderarius,0.9376900240187331,pascuorum,0.06230921203201967,sylvarum,7.496903671448468e-07,0.05007579797133637
14751789885341689207,ccb8e2be0cfde577,SP3-2022-0229,C:\Users\Jules\Documents\IEES\idmybee\data\crops\basile_m1\basile_m1_SP3-2022-0229_P1_ccb8e2be0cfde577.jpg,wurflenii,0.9999999999853435,pratorum,1.4656553782519524e-11,vestalis,6.994433447827194e-23,0.3697322976318611
14798490492134826366,cd5eccb263b1217e,SP3-2022-0238,C:\Users\Jules\Documents\IEES\idmybee\data\crops\basile_m1\basile_m1_SP3-2022-0238_P3_cd5eccb263b1217e.jpg,pascuorum,0.8969427725454082,ruderarius,0.07607984134935954,sylvarum,0.026977374825275874,0.04656294411909319
14846410084686461676,ce090b4ff7837aec,SP3-2022-0182,C:\Users\Jules\Documents\IEES\idmybee\data\crops\basile_m1\basile_m1_SP3-2022-0182_S1_ce090b4ff7837aec.jpg,wurflenii,1.0,lucorum,7.107006782797585e-22,terrestris,4.882495564421094e-36,0.38769688788067685
14868742331978620832,ce58625f7a661fa0,SP3-2022-0146,C:\Users\Jules\Documents\IEES\idmybee\data\crops\basile_m1\basile_m1_SP3-2022-0146_P1_ce58625f7a661fa0.jpg,rupestris,0.9999999999977172,ruderarius,2.2813366719148426e-12,pascuorum,1.5566153376148154e-15,0.35052654394260835
14894695856109130936,ceb496f734de14b8,2020.00471,C:\Users\Jules\Documents\IEES\idmybee\data\crops\organized\organized_2020.00471_P3_ceb496f734de14b8.jpg,rupestris,0.9999997839183684,sichelii,1.8589882524954672e-07,lapidarius,3.0055471338444284e-08,0.04218617835415375
14903240062100275503,ced2f1e02fdb812f,SP3-2022-0244,C:\Users\Jules\Documents\IEES\idmybee\data\crops\basile_m1\basile_m1_SP3-2022-0244_S3_ced2f1e02fdb812f.jpg,wurflenii,0.9999998778192372,lapidarius,1.2217615099423868e-07,soroeensis,2.794243698458243e-12,0.1809431194644459
14937108453593421967,cf4b44ff93eb988f,SP3-2022-0211,C:\Users\Jules\Documents\IEES\idmybee\data\crops\basile_m1\basile_m1_SP3-2022-0211_S1_cf4b44ff93eb988f.jpg,rupestris,0.5709353148315399,confusus,0.4183386519089594,vestalis,0.01072603325933206,0.35869734452791385
14941370648722481435,cf5a6971368d211b,OPPO_5923,C:\Users\Jules\Documents\IEES\idmybee\data\crops\organized\organized_OPPO_5923_S1_cf5a6971368d211b.jpg,sylvarum,0.9991782160401108,ruderarius,0.0006959535292017607,pascuorum,0.00012574773108396195,0.04365431432979682
14944515373870065727,cf65958d97e3a83f,SP3-2022-0361,C:\Users\Jules\Documents\IEES\idmybee\data\crops\basile_m1\basile_m1_SP3-2022-0361_P2_cf65958d97e3a83f.jpg,wurflenii,1.0,ruderarius,2.2903811998671786e-17,sylvarum,1.0935917427354214e-21,0.38705062634517007
15001839341284497471,d0313d65d2be183f,SP3-2022-0372,C:\Users\Jules\Documents\IEES\idmybee\data\crops\basile_m1\basile_m1_SP3-2022-0372_P2_d0313d65d2be183f.jpg,terrestris,0.9357280199123317,lucorum,0.04022302649267624,pyrenaeus,0.013445179231075837,0.02021132236828626
15001883397306763394,d03165776a4cc882,SP3-2022-0064,C:\Users\Jules\Documents\IEES\idmybee\data\crops\basile_m1\basile_m1_SP3-2022-0064_P3_d03165776a4cc882.jpg,monticola,0.9659488811095531,pyrenaeus,0.022524601957422386,lapidarius,0.011522513573681184,0.2012606985521224
15023026335835121704,d07c82db66ca6828,SP03-22-0101,C:\Users\Jules\Documents\IEES\idmybee\data\crops\basile_m1\basile_m1_SP03-22-0101_S2_d07c82db66ca6828.jpg,wurflenii,1.0,lapidarius,7.320536410350179e-17,sichelii,6.492053846520459e-23,0.14310571300113029
15047945535761364143,d0d50abcc27b34af,SP3-2022-0201,C:\Users\Jules\Documents\IEES\idmybee\data\crops\basile_m1\basile_m1_SP3-2022-0201_S2_d0d50abcc27b34af.jpg,terrestris,0.9877481314902835,lucorum,0.01107098523357425,monticola,0.0011138142462009748,0.04064034501346583
15068498505219010540,d11e0f8dde156fec,SP3-2022-0116,C:\Users\Jules\Documents\IEES\idmybee\data\crops\basile_m1\basile_m1_SP3-2022-0116_P2_d11e0f8dde156fec.jpg,rupestris,1.0,ruderarius,1.0174789201618232e-16,confusus,8.447915909401667e-19,0.3405162249838485
15085245089540676114,d1598e7bdfc71a12,SP3-2022-0114,C:\Users\Jules\Documents\IEES\idmybee\data\crops\basile_m1\basile_m1_SP3-2022-0114_P3_d1598e7bdfc71a12.jpg,rupestris,0.9627262917698938,sichelii,0.03727315850325754,confusus,5.497268487227184e-07,0.40319935721229955
15105963794412615175,d1a32a0943e03607,WB1_23,C:\Users\Jules\Documents\IEES\idmybee\data\crops\terrain\terrain_WB1_23_adrien152_d1a32a0943e03607.jpg,sichelii,0.9997987517511103,lapidarius,0.000162772442603217,wurflenii,2.9466680507555304e-05,0.051610050585242984
15151523649668839966,d245067bb070fa1e,SP3-2022-0195,C:\Users\Jules\Documents\IEES\idmybee\data\crops\basile_m1\basile_m1_SP3-2022-0195_P1_d245067bb070fa1e.jpg,vestalis,0.9999193015149718,rupestris,4.870046994203103e-05,soroeensis,3.173846975881048e-05,0.05940560203731915
15195699910461973864,d2e1f88eec856568,SP3-2022-0205,C:\Users\Jules\Documents\IEES\idmybee\data\crops\basile_m1\basile_m1_SP3-2022-0205_P3_d2e1f88eec856568.jpg,rupestris,1.0,confusus,1.7223657924908723e-29,lapidarius,2.8378274853843846e-33,0.358155256772827
15203852267006834086,d2feef155875b5a6,SP3-2022-0371,C:\Users\Jules\Documents\IEES\idmybee\data\crops\basile_m1\basile_m1_SP3-2022-0371_P2_d2feef155875b5a6.jpg,soroeensis,0.9995335516254827,vestalis,0.0004664483745173022,monticola,1.6670661418995234e-17,0.21099953705315447
15205239056076946956,d303dc5c565cbe0c,SP3-2022-0150,C:\Users\Jules\Documents\IEES\idmybee\data\crops\basile_m1\basile_m1_SP3-2022-0150_P3_d303dc5c565cbe0c.jpg,confusus,1.0,vestalis,8.872616316820306e-24,soroeensis,1.7870654438513042e-30,0.277165222235721
15210502546732886389,d3168f7a41302975,SP3-2022-0060,C:\Users\Jules\Documents\IEES\idmybee\data\crops\basile_m1\basile_m1_SP3-2022-0060_P1_d3168f7a41302975.jpg,sylvarum,1.0,ruderarius,3.6097604303283743e-28,pascuorum,6.454878879756596e-42,0.37772568114994304
15340258557287073306,d4e38be1b5be061a,SP3-2022-0198,C:\Users\Jules\Documents\IEES\idmybee\data\crops\basile_m1\basile_m1_SP3-2022-0198_S1_d4e38be1b5be061a.jpg,sylvarum,1.0,wurflenii,2.843371366078547e-32,ruderarius,1.001174129754605e-36,0.39488628111794905
15345569448433843731,d4f66a1be9fc7e13,ATBI_GR5b,C:\Users\Jules\Documents\IEES\idmybee\data\crops\organized\organized_ATBI_GR5b_S1_d4f66a1be9fc7e13.jpg,sichelii,0.9079117312781058,pyrenaeus,0.05590239268692111,lapidarius,0.03383711661470979,0.022802093931345475
15378372415550177510,d56af43bdc88c0e6,SP3-2022-0067,C:\Users\Jules\Documents\IEES\idmybee\data\crops\basile_m1\basile_m1_SP3-2022-0067_P1_d56af43bdc88c0e6.jpg,rupestris,1.0,lapidarius,4.682169226665179e-28,ruderarius,4.269280789599662e-28,0.3539965162298501
15426042086391955568,d6144f8c019e4070,SP3-2022-0225,C:\Users\Jules\Documents\IEES\idmybee\data\crops\basile_m1\basile_m1_SP3-2022-0225_S3_d6144f8c019e4070.jpg,lapidarius,0.9998147831539715,rupestris,0.00018519857148603468,sylvarum,1.7321398309525345e-08,0.17828953276886567
15460740745408993479,d68f95cb1e82d8c7,SP3-2022-0138,C:\Users\Jules\Documents\IEES\idmybee\data\crops\basile_m1\basile_m1_SP3-2022-0138_P3_d68f95cb1e82d8c7.jpg,sylvarum,0.9999999998904641,ruderarius,1.0937090916556341e-10,soroeensis,1.6495955081332317e-13,0.35985092011424624
15487738202031693896,d6ef7fd65258a048,SP3-2022-9038,C:\Users\Jules\Documents\IEES\idmybee\data\crops\basile_m1\basile_m1_SP3-2022-9038_P5_d6ef7fd65258a048.jpg,pomorum,0.9999999989352562,pratorum,1.0135493273946298e-09,pascuorum,3.850128047175477e-11,0.38104009157225327
15649869708691561464,d92f81955fb4dbf8,SP3-2022-0057,C:\Users\Jules\Documents\IEES\idmybee\data\crops\basile_m1\basile_m1_SP3-2022-0057_P1_d92f81955fb4dbf8.jpg,rupestris,0.999999070396745,pascuorum,8.735168413215827e-07,ruderarius,5.6086413803761144e-08,0.3588303258932297
15712221039567166577,da0d05c9dfd1dc71,SP3-2022-0146,C:\Users\Jules\Documents\IEES\idmybee\data\crops\basile_m1\basile_m1_SP3-2022-0146_P3_da0d05c9dfd1dc71.jpg,rupestris,1.0,lapidarius,1.792143503938875e-24,sichelii,5.988662075891523e-27,0.3516903644571299
15777354065410170029,daf46bee34569cad,SP3-2022-0205,C:\Users\Jules\Documents\IEES\idmybee\data\crops\basile_m1\basile_m1_SP3-2022-0205_S1_daf46bee34569cad.jpg,rupestris,1.0,lapidarius,1.2724246310536197e-33,sichelii,6.061752571399309e-36,0.35898930719396455
15836668791199932750,dbc7265bfcfca14e,SP3-2022-0132,C:\Users\Jules\Documents\IEES\idmybee\data\crops\basile_m1\basile_m1_SP3-2022-0132_P2_dbc7265bfcfca14e.jpg,rupestris,0.9942172707268409,confusus,0.0057827292716775775,pascuorum,1.4813800091841151e-12,0.36219966861064207
15874891948661029510,dc4ef21e57a63a86,SP3-2022-0238,C:\Users\Jules\Documents\IEES\idmybee\data\crops\basile_m1\basile_m1_SP3-2022-0238_S2_dc4ef21e57a63a86.jpg,pascuorum,0.9144449840071063,ruderarius,0.07637604997308396,sylvarum,0.009178941481068393,0.04353463783458327
15932121891178078018,dd1a4472b1e4df42,SP3-2022-0334,C:\Users\Jules\Documents\IEES\idmybee\data\crops\basile_m1\basile_m1_SP3-2022-0334_P1_dd1a4472b1e4df42.jpg,pascuorum,0.6181916397404597,ruderarius,0.38114416214503194,sylvarum,0.0006641964177042637,0.04548965495576453
15971061943748831744,dda49c3832e8aa00,SP3-2022-0051,C:\Users\Jules\Documents\IEES\idmybee\data\crops\basile_m1\basile_m1_SP3-2022-0051_S4_dda49c3832e8aa00.jpg,wurflenii,0.9999999999999862,pyrenaeus,1.3779739492988224e-14,terrestris,1.199294785873524e-21,0.3298847985293717
15971484257831546694,dda61c4fdbcaef46,SP3-2022-0149,C:\Users\Jules\Documents\IEES\idmybee\data\crops\basile_m1\basile_m1_SP3-2022-0149_P1_dda61c4fdbcaef46.jpg,monticola,0.9563468606576737,confusus,0.043646875861023185,lucorum,6.263481030224894e-06,0.21243342964082265
16033295352035137350,de81b52cb4f9d746,WB1_23,C:\Users\Jules\Documents\IEES\idmybee\data\crops\terrain\terrain_WB1_23_adrien139_de81b52cb4f9d746.jpg,pratorum,0.9873546794402558,wurflenii,0.012450550485537011,lapidarius,7.133944964585395e-05,0.019845947279261877
16048305365201961222,deb708b3bbdbc106,SP3-2022-0064,C:\Users\Jules\Documents\IEES\idmybee\data\crops\basile_m1\basile_m1_SP3-2022-0064_S2_deb708b3bbdbc106.jpg,pascuorum,0.9998396234694891,wurflenii,0.00016037653051092002,pratorum,9.57478209698184e-20,0.473260597023588
16155799959580515016,e034ee7755111ac8,SP3-2022-0262,C:\Users\Jules\Documents\IEES\idmybee\data\crops\basile_m1\basile_m1_SP3-2022-0262_P4_e034ee7755111ac8.jpg,ruderarius,0.7657899984919889,pascuorum,0.23387001159265194,sylvarum,0.0003399884052077524,0.05668604245449541
16258134825107326948,e1a07f7bf0ee07e4,SP3-2022-0101,C:\Users\Jules\Documents\IEES\idmybee\data\crops\basile_m1\basile_m1_SP3-2022-0101_P1_e1a07f7bf0ee07e4.jpg,wurflenii,1.0,lapidarius,8.652227362829881e-17,sichelii,4.453221443705189e-23,0.14378566666827214
16355307061331722192,e2f9b91e3f1d7fd0,WB1_23,C:\Users\Jules\Documents\IEES\idmybee\data\crops\terrain\terrain_WB1_23_adrien151_e2f9b91e3f1d7fd0.jpg,vestalis,0.9499980021399971,soroeensis,0.04914989412428429,monticola,0.0007062419857823862,0.04814328980419589
16387095341538280443,e36aa863fcd903fb,SP3-2022-0226,C:\Users\Jules\Documents\IEES\idmybee\data\crops\basile_m1\basile_m1_SP3-2022-0226_S1_e36aa863fcd903fb.jpg,confusus,1.0,lucorum,1.3977074416794125e-41,terrestris,1.6610381104335852e-47,0.18134110460828803
16399104658658339261,e39552cd05c8a9bd,SP3-2022-0221,C:\Users\Jules\Documents\IEES\idmybee\data\crops\basile_m1\basile_m1_SP3-2022-0221_P1_e39552cd05c8a9bd.jpg,wurflenii,0.9999991177344646,terrestris,8.822627647636606e-07,pratorum,2.674684827718142e-12,0.15764917115528745
16400065240910251193,e398bc7201afc4b9,ABAURA8672b,C:\Users\Jules\Documents\IEES\idmybee\data\crops\organized\organized_ABAURA8672b_P2_e398bc7201afc4b9.jpg,soroeensis,0.9890171238051679,pyrenaeus,0.005470928915239526,terrestris,0.004517433834220441,0.019938210790747753
16407785498287474055,e3b429fa803b0587,SP3-2022-9040,C:\Users\Jules\Documents\IEES\idmybee\data\crops\basile_m1\basile_m1_SP3-2022-9040_P3_e3b429fa803b0587.jpg,terrestris,0.9907848847569753,lucorum,0.009156234835771777,sichelii,3.734033177295084e-05,0.02748815633417728
16449471395846097072,e4484314dc5b08b0,SP3-2022-9033,C:\Users\Jules\Documents\IEES\idmybee\data\crops\basile_m1\basile_m1_SP3-2022-9033_P3_e4484314dc5b08b0.jpg,confusus,1.0,soroeensis,1.3639196653772436e-82,lucorum,1.5570598770899168e-83,0.2508634555143112
16481260274624364805,e4b932e5f7be0105,SP3-2022-9030,C:\Users\Jules\Documents\IEES\idmybee\data\crops\basile_m1\basile_m1_SP3-2022-9030_S1_e4b932e5f7be0105.jpg,confusus,1.0,monticola,2.306320542849005e-19,pyrenaeus,3.2811536957035205e-24,0.14407697643883702
16520218037746559923,e5439ac707e26bb3,SP3-2022-0372,C:\Users\Jules\Documents\IEES\idmybee\data\crops\basile_m1\basile_m1_SP3-2022-0372_P1_e5439ac707e26bb3.jpg,terrestris,0.7737352767995318,lucorum,0.13589538539242452,pyrenaeus,0.08514529089617918,0.020849964728794693
16562005732987105577,e5d8107702adf129,2020.00471,C:\Users\Jules\Documents\IEES\idmybee\data\crops\organized\organized_2020.00471_S1_e5d8107702adf129.jpg,rupestris,0.9999998190174327,sichelii,1.3705766896648153e-07,lapidarius,3.683560666960397e-08,0.042913471846823814
16599120644106264024,e65bec47a7ce9dd8,SP03-22-0118,C:\Users\Jules\Documents\IEES\idmybee\data\crops\basile_m1\basile_m1_SP03-22-0118_S2_e65bec47a7ce9dd8.jpg,confusus,1.0,monticola,1.173611578222586e-20,pyrenaeus,9.299868362842537e-24,0.1293424663208726
16670683815403629176,e75a2a9ae3fcaa78,SP3-2022-0269,C:\Users\Jules\Documents\IEES\idmybee\data\crops\basile_m1\basile_m1_SP3-2022-0269_P3_e75a2a9ae3fcaa78.jpg,terrestris,0.9700482899943994,lucorum,0.02852666944496881,pyrenaeus,0.0012170873214521925,0.028044698138589137
16683473617307887451,e7879adcb33ce75b,SP3-2022-0370,C:\Users\Jules\Documents\IEES\idmybee\data\crops\basile_m1\basile_m1_SP3-2022-0370_P1_e7879adcb33ce75b.jpg,pascuorum,0.8826297759677106,ruderarius,0.11680967293591925,sylvarum,0.000560455825627281,0.041139928616776456
16700409007108023867,e7c3c5826868663b,SP3-2022-0212,C:\Users\Jules\Documents\IEES\idmybee\data\crops\basile_m1\basile_m1_SP3-2022-0212_P1_e7c3c5826868663b.jpg,pomorum,0.5159989733895,ruderarius,0.39871500223992246,soroeensis,0.041419077435827324,0.045946560230003715
16735952989321813009,e8420c92aa29dc11,SP3-2022-0163,C:\Users\Jules\Documents\IEES\idmybee\data\crops\basile_m1\basile_m1_SP3-2022-0163_S3_e8420c92aa29dc11.jpg,pascuorum,0.999976443951662,soroeensis,2.355604448198258e-05,pomorum,3.85565925765064e-12,0.37664342013243707
16755073973978178189,e885fb01d45ca28d,SP3-2022-0060,C:\Users\Jules\Documents\IEES\idmybee\data\crops\basile_m1\basile_m1_SP3-2022-0060_P2_e885fb01d45ca28d.jpg,terrestris,0.9999999999997384,lucorum,2.614854427228543e-13,soroeensis,1.2945264698251718e-33,0.4265567184117698
16779641220525665844,e8dd42c9a7ef2e34,SP3-2022-0195,C:\Users\Jules\Documents\IEES\idmybee\data\crops\basile_m1\basile_m1_SP3-2022-0195_S3_e8dd42c9a7ef2e34.jpg,vestalis,0.9997235361378393,soroeensis,0.00026319621039221975,monticola,1.0472399548248869e-05,0.057750898831701585
16792086813902596639,e90979fd2c2f6a1f,OPPO_5923,C:\Users\Jules\Documents\IEES\idmybee\data\crops\organized\organized_OPPO_5923_S3_e90979fd2c2f6a1f.jpg,sylvarum,0.9748038706775167,ruderarius,0.0229550223176929,pascuorum,0.002240327365290875,0.04156339969308778
16854056289430920980,e9e5a2e60bf7df14,SP3-2022-9015,C:\Users\Jules\Documents\IEES\idmybee\data\crops\basile_m1\basile_m1_SP3-2022-9015_P2_e9e5a2e60bf7df14.jpg,pascuorum,0.8075173206377996,ruderarius,0.13019820680547978,sylvarum,0.06227692281860754,0.03709542540800666
16897354351641512112,ea7f7641bd7e48b0,SP3-2022-9035,C:\Users\Jules\Documents\IEES\idmybee\data\crops\basile_m1\basile_m1_SP3-2022-9035_P1_ea7f7641bd7e48b0.jpg,wurflenii,0.999999594147833,pomorum,4.0585216535577646e-07,pyrenaeus,1.7512295896987511e-15,0.3853769684326559
16927953003964951148,eaec2b91a7d66a6c,SP3-2022-0011,C:\Users\Jules\Documents\IEES\idmybee\data\crops\basile_m1\basile_m1_SP3-2022-0011_S3_eaec2b91a7d66a6c.jpg,soroeensis,0.999996214779039,ruderarius,3.7852204157560902e-06,pomorum,5.453992198186954e-13,0.5024323129502279
16946468572100408033,eb2df3614d5db2e1,SP3-2022-0271,C:\Users\Jules\Documents\IEES\idmybee\data\crops\basile_m1\basile_m1_SP3-2022-0271_P1_eb2df3614d5db2e1.jpg,lucorum,0.6735182624126074,terrestris,0.3264817201801374,sichelii,1.1186858856247612e-08,0.050399919667897024
16988387837690870911,ebc2e0bae4217c7f,SP03-22-0125,C:\Users\Jules\Documents\IEES\idmybee\data\crops\basile_m1\basile_m1_SP03-22-0125_S2_ebc2e0bae4217c7f.jpg,pratorum,1.0,wurflenii,4.85049799215236e-20,soroeensis,5.6568249198863294e-30,0.3559643260040436
17024680812517015379,ec43d0ff947c3f53,SP3-2022-9027,C:\Users\Jules\Documents\IEES\idmybee\data\crops\basile_m1\basile_m1_SP3-2022-9027_P3_ec43d0ff947c3f53.jpg,pascuorum,0.5259525352809592,ruderarius,0.24931779817173333,sylvarum,0.18076301098917313,0.0459633768997592
17045631863852705421,ec8e3fde5905268d,SP03-22-0116,C:\Users\Jules\Documents\IEES\idmybee\data\crops\basile_m1\basile_m1_SP03-22-0116_S2_ec8e3fde5905268d.jpg,ruderarius,0.9994451451410256,rupestris,0.0004129298147425126,confusus,0.00010243405460199061,0.3319549966996523
17116451707386405572,ed89da2419e522c4,SP3-2022-0225,C:\Users\Jules\Documents\IEES\idmybee\data\crops\basile_m1\basile_m1_SP3-2022-0225_S2_ed89da2419e522c4.jpg,wurflenii,0.9999999988771573,terrestris,1.101331842945168e-09,pratorum,2.1507148810967682e-11,0.17679843627362213
17150434625762616674,ee02956cdc23e562,SP3-2022-0071,C:\Users\Jules\Documents\IEES\idmybee\data\crops\basile_m1\basile_m1_SP3-2022-0071_S1_ee02956cdc23e562.jpg,pomorum,1.0,sylvarum,1.5964546258012783e-30,rupestris,3.134955648330069e-42,0.4508202690602281
17157758234820900604,ee1c9a35788876fc,SP3-2022-0132,C:\Users\Jules\Documents\IEES\idmybee\data\crops\basile_m1\basile_m1_SP3-2022-0132_S2_ee1c9a35788876fc.jpg,sylvarum,1.0,ruderarius,7.308571412198087e-35,pascuorum,8.559942070305858e-41,0.3951618283393067
17163668925090205422,ee3199f34a698eee,SP3-2022-0175,C:\Users\Jules\Documents\IEES\idmybee\data\crops\basile_m1\basile_m1_SP3-2022-0175_P3_ee3199f34a698eee.jpg,pomorum,1.0,ruderarius,7.955427020505432e-24,sylvarum,6.025510146286925e-34,0.37066238811438645
17253855040452731478,ef7201be9444a256,SP03-22-0089,C:\Users\Jules\Documents\IEES\idmybee\data\crops\basile_m1\basile_m1_SP03-22-0089_S1_ef7201be9444a256.jpg,wurflenii,0.9999999999999998,lapidarius,1.5156852943961097e-16,sichelii,1.1752380473665064e-23,0.1464429870560191
17259000085455303719,ef844922b7fff427,SP3-2022-0101,C:\Users\Jules\Documents\IEES\idmybee\data\crops\basile_m1\basile_m1_SP3-2022-0101_P2_ef844922b7fff427.jpg,wurflenii,1.0,lapidarius,1.0919429865061247e-16,sichelii,3.696315200815206e-23,0.14439054585832423
17320156306588041700,f05d8e650c6c01e4,ABAURA8672b,C:\Users\Jules\Documents\IEES\idmybee\data\crops\organized\organized_ABAURA8672b_S3_f05d8e650c6c01e4.jpg,soroeensis,0.9535195543522047,pyrenaeus,0.025557501953077842,sichelii,0.014263424225920179,0.022732556842684108
17492351993794214333,f2c15175bc3339bd,ATBI_GR5,C:\Users\Jules\Documents\IEES\idmybee\data\crops\organized\organized_ATBI_GR5_S2_f2c15175bc3339bd.jpg,ruderarius,0.99899658315248,pascuorum,0.0007181728817288228,sylvarum,0.0002812940719561547,0.042809211743969504
17499336110320439822,f2da217a14d0d20e,SP3-2022-0236,C:\Users\Jules\Documents\IEES\idmybee\data\crops\basile_m1\basile_m1_SP3-2022-0236_P1_f2da217a14d0d20e.jpg,terrestris,0.9999999984317391,pyrenaeus,1.568209889284907e-09,confusus,5.109357570462976e-14,0.3899049709527665
17530605383630365480,f34938b71cd6a328,SP3-2022-0140,C:\Users\Jules\Documents\IEES\idmybee\data\crops\basile_m1\basile_m1_SP3-2022-0140_S2_f34938b71cd6a328.jpg,sylvarum,0.6261429327262913,pascuorum,0.3665695051947628,ruderarius,0.007286228970410212,0.04069616592218933
17549852561549114030,f38d99ebef9d3aae,N1250,C:\Users\Jules\Documents\IEES\idmybee\data\crops\vrac\vrac_N1250_P2_f38d99ebef9d3aae.jpg,pascuorum,0.9867190059056423,ruderarius,0.013008038838756127,sylvarum,0.00026816646055497374,0.037285511485336036
17561109275172092119,f3b597d7d07338d7,ATBI_GR5b,C:\Users\Jules\Documents\IEES\idmybee\data\crops\organized\organized_ATBI_GR5b_P1_f3b597d7d07338d7.jpg,sichelii,0.9824386766665184,lapidarius,0.01705958300058173,pyrenaeus,0.0004358652614131973,0.020930780246019548
17591335953063256111,f420fad8aee4a02f,SP3-2022-0239,C:\Users\Jules\Documents\IEES\idmybee\data\crops\basile_m1\basile_m1_SP3-2022-0239_P1_f420fad8aee4a02f.jpg,wurflenii,0.9984624235195806,pascuorum,0.001537576480419509,pyrenaeus,4.840346171575334e-24,0.3422197897866903
17593042692267803042,f4270b1ddee781a2,SP3-2022-0112,C:\Users\Jules\Documents\IEES\idmybee\data\crops\basile_m1\basile_m1_SP3-2022-0112_P2_f4270b1ddee781a2.jpg,terrestris,0.9955456129201155,lucorum,0.004434068958445247,soroeensis,1.677322482084518e-05,0.03317033479714441
17602763156641435301,f44993d3d8f24ea5,SP03-22-0124,C:\Users\Jules\Documents\IEES\idmybee\data\crops\basile_m1\basile_m1_SP03-22-0124_S2_f44993d3d8f24ea5.jpg,terrestris,0.7423411293496208,wurflenii,0.2576588706297486,lucorum,1.2837558626421705e-11,0.17114309606237535
17623974616822828379,f494ef89c639cd5b,WB1_23,C:\Users\Jules\Documents\IEES\idmybee\data\crops\terrain\terrain_WB1_23_adrien154_f494ef89c639cd5b.jpg,sichelii,0.7747866722447669,lapidarius,0.17350229101774806,wurflenii,0.03158371397224361,0.04090797881491025
17657238991789660615,f50b1d4f9bcc99c7,SP3-2022-0244,C:\Users\Jules\Documents\IEES\idmybee\data\crops\basile_m1\basile_m1_SP3-2022-0244_P2_f50b1d4f9bcc99c7.jpg,vestalis,0.9999999999999978,wurflenii,2.228886087367135e-15,rupestris,5.233580399877087e-22,0.36525667180540394
17683149669770821534,f5672aef70c17f9e,SP3-2022-0221,C:\Users\Jules\Documents\IEES\idmybee\data\crops\basile_m1\basile_m1_SP3-2022-0221_P3_f5672aef70c17f9e.jpg,terrestris,0.998542851779883,pratorum,0.001457148220117023,wurflenii,1.5505028779674534e-19,0.31253330467423
17694368213995107030,f58f0624502432d6,WB1_23,C:\Users\Jules\Documents\IEES\idmybee\data\crops\terrain\terrain_WB1_23_adrien143_f58f0624502432d6.jpg,pratorum,0.9982496741747294,ruderarius,0.0013707147267034698,sylvarum,0.00019905075298774967,0.042342038468122005
17722725293462787813,f5f3c4c160ae16e5,SP3-2022-0155,C:\Users\Jules\Documents\IEES\idmybee\data\crops\basile_m1\basile_m1_SP3-2022-0155_P4_f5f3c4c160ae16e5.jpg,wurflenii,1.0,confusus,8.61965162675863e-21,soroeensis,3.0402251660292597e-21,0.17812262526314349
17793164134938212228,f6ee04822d367784,SP3-2022-0082,C:\Users\Jules\Documents\IEES\idmybee\data\crops\basile_m1\basile_m1_SP3-2022-0082_P3_f6ee04822d367784.jpg,wurflenii,1.0,pascuorum,1.248548220880225e-61,rupestris,5.863433663042827e-81,0.404993440835731
17798320881858135583,f700568ae192461f,SP03-22-0110,C:\Users\Jules\Documents\IEES\idmybee\data\crops\basile_m1\basile_m1_SP03-22-0110_S1_f700568ae192461f.jpg,rupestris,1.0,ruderarius,4.19795374268759e-24,pascuorum,1.1721238289582948e-25,0.3546098412531547
17806490764198454048,f71d5d01d852a320,ABAURA8672b,C:\Users\Jules\Documents\IEES\idmybee\data\crops\organized\organized_ABAURA8672b_P1_f71d5d01d852a320.jpg,sichelii,0.5608298097239444,soroeensis,0.4305083267017957,monticola,0.0037318647028540364,0.023981248967501173
17865453227741454627,f7eed70e2ee2a123,OPPO.7362,C:\Users\Jules\Documents\IEES\idmybee\data\crops\organized\organized_OPPO.7362_P2_f7eed70e2ee2a123.jpg,pratorum,0.9948148042558796,pyrenaeus,0.0037764625545572443,soroeensis,0.0012217420700202115,0.02847139034928013
17946777927050541309,f90fc37044ab38fd,SP3-2022-0132,C:\Users\Jules\Documents\IEES\idmybee\data\crops\basile_m1\basile_m1_SP3-2022-0132_P1_f90fc37044ab38fd.jpg,wurflenii,0.5736659109709025,rupestris,0.42617265142338,lapidarius,0.00016143760571691896,0.23653569732167867
17984807045686985062,f996deb8701d8166,SP3-2022-0258,C:\Users\Jules\Documents\IEES\idmybee\data\crops\basile_m1\basile_m1_SP3-2022-0258_S5_f996deb8701d8166.jpg,wurflenii,1.0,lapidarius,6.099165744280155e-24,sichelii,1.376503760778633e-28,0.13684296173501573
18001215775738189162,f9d12a5f9e08556a,SP3-2022-0181,C:\Users\Jules\Documents\IEES\idmybee\data\crops\basile_m1\basile_m1_SP3-2022-0181_S1_f9d12a5f9e08556a.jpg,pascuorum,0.9790087877199997,sylvarum,0.017592772469567666,ruderarius,0.0033984332338679356,0.03851027525927322
18033888277173018087,fa453dd727fa9de7,SP03-22-0081,C:\Users\Jules\Documents\IEES\idmybee\data\crops\basile_m1\basile_m1_SP03-22-0081_S1_fa453dd727fa9de7.jpg,terrestris,0.9988530804460376,lucorum,0.001090356774459527,soroeensis,4.797513811458443e-05,0.039007413164880295
18056425724418370101,fa954f87812eaa35,SP3-2022-9034,C:\Users\Jules\Documents\IEES\idmybee\data\crops\basile_m1\basile_m1_SP3-2022-9034_P3_fa954f87812eaa35.jpg,soroeensis,0.9999997286476069,pratorum,2.713523930994265e-07,pyrenaeus,2.3932698101090756e-23,0.25377753220139126
18068606886872129358,fac0963b66309f4e,SP3-2022-9034,C:\Users\Jules\Documents\IEES\idmybee\data\crops\basile_m1\basile_m1_SP3-2022-9034_S3_fac0963b66309f4e.jpg,wurflenii,1.0,pratorum,7.190478776606551e-22,monticola,8.156954143581666e-46,0.429669754833453
18087325593192987169,fb0316cbd7197a21,SP3-2022-0168,C:\Users\Jules\Documents\IEES\idmybee\data\crops\basile_m1\basile_m1_SP3-2022-0168_P2_fb0316cbd7197a21.jpg,vestalis,0.7323920109494336,soroeensis,0.2676079890499488,pascuorum,6.175369390814837e-13,0.24768230986029602
18107738722967009297,fb4b9c6dfc08b811,SP3-2022-0124,C:\Users\Jules\Documents\IEES\idmybee\data\crops\basile_m1\basile_m1_SP3-2022-0124_P1_fb4b9c6dfc08b811.jpg,pomorum,1.0,monticola,1.3322414507984927e-22,sylvarum,1.4316192488889699e-27,0.3461127463769579
18110493018754419992,fb556572720c8d18,OPPO.7362,C:\Users\Jules\Documents\IEES\idmybee\data\crops\organized\organized_OPPO.7362_S3_fb556572720c8d18.jpg,pratorum,0.9769112743319053,pyrenaeus,0.014536199807220854,soroeensis,0.006741268879574539,0.03110966184152112
18153700905215715910,fbeee6ca7611ea46,SP3-2022-0332,C:\Users\Jules\Documents\IEES\idmybee\data\crops\basile_m1\basile_m1_SP3-2022-0332_P1_fbeee6ca7611ea46.jpg,sylvarum,0.7902074798202919,pomorum,0.209792520179708,monticola,6.01612121633444e-20,0.3916938001917726
18169606736699490334,fc27690f7184801e,SP3-2022-0117,C:\Users\Jules\Documents\IEES\idmybee\data\crops\basile_m1\basile_m1_SP3-2022-0117_P2_fc27690f7184801e.jpg,pascuorum,0.9936265060633295,ruderarius,0.005373372060992588,sylvarum,0.0009856837544114172,0.043091091566833946
18175362172379821166,fc3bdb993cc5746e,SP3-2022-0118,C:\Users\Jules\Documents\IEES\idmybee\data\crops\basile_m1\basile_m1_SP3-2022-0118_P1_fc3bdb993cc5746e.jpg,confusus,1.0,monticola,5.1294812877147474e-23,pyrenaeus,4.167088971913953e-25,0.13735358599817607
18178907975545037063,fc48747cdee0a107,SP03-22-0103,C:\Users\Jules\Documents\IEES\idmybee\data\crops\basile_m1\basile_m1_SP03-22-0103_S3_fc48747cdee0a107.jpg,wurflenii,1.0,sichelii,4.995470283817791e-100,rupestris,1.626844436756597e-101,0.5561332727797448
18209544096389479503,fcb54be09b1b3c4f,SP3-2022-0204,C:\Users\Jules\Documents\IEES\idmybee\data\crops\basile_m1\basile_m1_SP3-2022-0204_S1_fcb54be09b1b3c4f.jpg,ruderarius,0.9814487293371258,confusus,0.018548776089989612,pascuorum,2.3830030816721104e-06,0.3258867911980076
18213812866794267424,fcc4764d2ab62320,SP3-2022-0239,C:\Users\Jules\Documents\IEES\idmybee\data\crops\basile_m1\basile_m1_SP3-2022-0239_P3_fcc4764d2ab62320.jpg,wurflenii,1.0,lapidarius,5.710998692098087e-25,sichelii,1.64358428044341e-28,0.12931484600255286
18260017289760134867,fd689cfab4a4d6d3,SP3-2022-0064,C:\Users\Jules\Documents\IEES\idmybee\data\crops\basile_m1\basile_m1_SP3-2022-0064_P2_fd689cfab4a4d6d3.jpg,sylvarum,1.0,lapidarius,3.194011121451896e-17,rupestris,7.197968295417258e-20,0.3007900786811009
18267045493317401257,fd819517dd157aa9,SP3-2022-0373,C:\Users\Jules\Documents\IEES\idmybee\data\crops\basile_m1\basile_m1_SP3-2022-0373_P1_fd819517dd157aa9.jpg,ruderarius,0.9962205416905423,pascuorum,0.0037407700902709748,sylvarum,2.1822736618719352e-05,0.042906653365036136
18273233023281896405,fd97909e72a79bd5,SP3-2022-0103,C:\Users\Jules\Documents\IEES\idmybee\data\crops\basile_m1\basile_m1_SP3-2022-0103_P2_fd97909e72a79bd5.jpg,rupestris,1.0,monticola,5.021870374293906e-34,sylvarum,1.0015228505340433e-37,0.5160260097249948
18296175892526999789,fde91309762328ed,SP3-2022-0187,C:\Users\Jules\Documents\IEES\idmybee\data\crops\basile_m1\basile_m1_SP3-2022-0187_P2_fde91309762328ed.jpg,pomorum,0.9983205705084992,sylvarum,0.0016785925439433802,pratorum,8.369474971368026e-07,0.3618427006765364
18325551352832984867,fe516fdccaca0723,SP3-2022-0134,C:\Users\Jules\Documents\IEES\idmybee\data\crops\basile_m1\basile_m1_SP3-2022-0134_P3_fe516fdccaca0723.jpg,lucorum,0.9999906689008536,pascuorum,9.11536422346476e-06,wurflenii,2.1558228667093044e-07,0.3027302083317069
18390721544745071786,ff38f7ce85a734aa,ABAURA8672b,C:\Users\Jules\Documents\IEES\idmybee\data\crops\organized\organized_ABAURA8672b_S2_ff38f7ce85a734aa.jpg,soroeensis,0.9598997136447665,terrestris,0.029207490896318723,sichelii,0.004134001728529567,0.022668962842192934
18402479403757131290,ff62bd846762d61a,SP3-2022-0116,C:\Users\Jules\Documents\IEES\idmybee\data\crops\basile_m1\basile_m1_SP3-2022-0116_P3_ff62bd846762d61a.jpg,ruderarius,0.9999999999999278,pomorum,7.224729519537945e-14,pascuorum,1.3386468206316034e-21,0.3371125663500151
18436930090120110602,ffdd223be251e20a,SP3-2022-0184,C:\Users\Jules\Documents\IEES\idmybee\data\crops\basile_m1\basile_m1_SP3-2022-0184_S2_ffdd223be251e20a.jpg,pratorum,0.9999999999998948,soroeensis,9.803006865259314e-14,pyrenaeus,7.371328107253967e-15,0.26201060431632034
18438303685732415980,ffe2038308db39ec,SP3-2022-0053,C:\Users\Jules\Documents\IEES\idmybee\data\crops\basile_m1\basile_m1_SP3-2022-0053_S3_ffe2038308db39ec.jpg,lucorum,0.9967221644996448,wurflenii,0.003135754813860133,soroeensis,0.00013796309653184172,0.22109428573777087
