image_id,specimen_id,split,collector,device_type,shot_index,raw_path,source_root,naming,ext,file_size_bytes,content_hash,status_ingest,is_duplicate_content
7d4d4b58cd03a62f,FR15ABOM060621003,train,,P,1,/Volumes/EXT DATA/IDMB/images/Tancrede/collection/Bombus_confusus/queen/FR15ABOM060621003_P1.JPG,/Volumes/EXT DATA/IDMB/images/Tancrede/collection,organized_underscore,.jpg,608057,7d4d4b58cd03a62f,parsed_ok,False
2c8ea2b2cbf8c506,FR15ABOM170821120,train,,P,1,/Volumes/EXT DATA/IDMB/images/Tancrede/collection/Bombus_confusus/worker/FR15ABOM170821120_P1.JPG,/Volumes/EXT DATA/IDMB/images/Tancrede/collection,organized_underscore,.jpg,329228,2c8ea2b2cbf8c506,parsed_ok,False
a27fb2f758c0cd4e,NoName6,train,,P,1,/Volumes/EXT DATA/IDMB/images/Tancrede/collection/Bombus_confusus/worker/NoName6_P1.JPG,/Volumes/EXT DATA/IDMB/images/Tancrede/collection,organized_underscore,.jpg,422031,a27fb2f758c0cd4e,parsed_ok,False
53f0687d75dc891e,NoName7,train,,P,1,/Volumes/EXT DATA/IDMB/images/Tancrede/collection/Bombus_confusus/worker/NoName7_P1.JPG,/Volumes/EXT DATA/IDMB/images/Tancrede/collection,organized_underscore,.jpg,452121,53f0687d75dc891e,parsed_ok,False
bfc083f5e58f98cb,CollecYvan10,train,,P,1,/Volumes/EXT DATA/IDMB/images/Tancrede/collection/Bombus_confusus/worker/CollecYvan10_P1.JPG,/Volumes/EXT DATA/IDMB/images/Tancrede/collection,organized_underscore,.jpg,601041,bfc083f5e58f98cb,parsed_ok,False
00ea6c23df34943f,CollecYvan11,train,,P,1,/Volumes/EXT DATA/IDMB/images/Tancrede/collection/Bombus_confusus/worker/CollecYvan11_P1.JPG,/Volumes/EXT DATA/IDMB/images/Tancrede/collection,organized_underscore,.jpg,565067,00ea6c23df34943f,parsed_ok,False
edac55944c4f2aa1,FR15ABOM210821211,train,,P,1,/Volumes/EXT DATA/IDMB/images/Tancrede/collection/Bombus_confusus/worker/FR15ABOM210821211_P1.JPG,/Volumes/EXT DATA/IDMB/images/Tancrede/collection,organized_underscore,.jpg,465807,edac55944c4f2aa1,parsed_ok,False
de8cc19a4a0cf858,FR15ABOM210821112,train,,P,1,/Volumes/EXT DATA/IDMB/images/Tancrede/collection/Bombus_confusus/worker/FR15ABOM210821112_P1.JPG,/Volumes/EXT DATA/IDMB/images/Tancrede/collection,organized_underscore,.jpg,472334,de8cc19a4a0cf858,parsed_ok,False
17c61e59907c4306,FR15ABOM170821115,train,,P,1,/Volumes/EXT DATA/IDMB/images/Tancrede/collection/Bombus_confusus/worker/FR15ABOM170821115_P1.JPG,/Volumes/EXT DATA/IDMB/images/Tancrede/collection,organized_underscore,.jpg,447400,17c61e59907c4306,parsed_ok,False
429fd1473678aac6,FR15ABOM210821125,train,,P,1,/Volumes/EXT DATA/IDMB/images/Tancrede/collection/Bombus_confusus/worker/FR15ABOM210821125_P1.JPG,/Volumes/EXT DATA/IDMB/images/Tancrede/collection,organized_underscore,.jpg,572026,429fd1473678aac6,parsed_ok,False
7151c5a538b7b384,FR15_ABOM07082020049,train,,P,1,/Volumes/EXT DATA/IDMB/images/Tancrede/collection/Bombus_confusus/worker/FR15_ABOM07082020049_P1.JPG,/Volumes/EXT DATA/IDMB/images/Tancrede/collection,organized_underscore,.jpg,398767,7151c5a538b7b384,parsed_ok,False
9767cb8629ea69a8,FR15ABOM210821147,train,,P,1,/Volumes/EXT DATA/IDMB/images/Tancrede/collection/Bombus_confusus/worker/FR15ABOM210821147_P1.JPG,/Volumes/EXT DATA/IDMB/images/Tancrede/collection,organized_underscore,.jpg,436424,9767cb8629ea69a8,parsed_ok,False
787aa56f1ca5d351,CollecYvan12,train,,P,1,/Volumes/EXT DATA/IDMB/images/Tancrede/collection/Bombus_confusus/worker/CollecYvan12_P1.JPG,/Volumes/EXT DATA/IDMB/images/Tancrede/collection,organized_underscore,.jpg,502859,787aa56f1ca5d351,parsed_ok,False
21bde48abb6c837b,FR15_ABOM023082020028,train,,P,1,/Volumes/EXT DATA/IDMB/images/Tancrede/collection/Bombus_confusus/worker/FR15_ABOM023082020028_P1.JPG,/Volumes/EXT DATA/IDMB/images/Tancrede/collection,organized_underscore,.jpg,495285,21bde48abb6c837b,parsed_ok,False
c75b04a47ac2c0ed,FR15_ABOM09082020094,train,,P,1,/Volumes/EXT DATA/IDMB/images/Tancrede/collection/Bombus_confusus/worker/FR15_ABOM09082020094_P1.JPG,/Volumes/EXT DATA/IDMB/images/Tancrede/collection,organized_underscore,.jpg,417114,c75b04a47ac2c0ed,parsed_ok,False
83846ca2db06f257,CollecYvan8,train,,P,1,/Volumes/EXT DATA/IDMB/images/Tancrede/collection/Bombus_confusus/worker/CollecYvan8_P1.JPG,/Volumes/EXT DATA/IDMB/images/Tancrede/collection,organized_underscore,.jpg,628241,83846ca2db06f257,parsed_ok,False
03d2a0d51c0ca9d4,FR15ABOM170821018,train,,P,1,/Volumes/EXT DATA/IDMB/images/Tancrede/collection/Bombus_confusus/worker/FR15ABOM170821018_P1.JPG,/Volumes/EXT DATA/IDMB/images/Tancrede/collection,organized_underscore,.jpg,452224,03d2a0d51c0ca9d4,parsed_ok,False
2d2cbedbfbe45fcc,CollecYvan9,train,,P,1,/Volumes/EXT DATA/IDMB/images/Tancrede/collection/Bombus_confusus/worker/CollecYvan9_P1.JPG,/Volumes/EXT DATA/IDMB/images/Tancrede/collection,organized_underscore,.jpg,589598,2d2cbedbfbe45fcc,parsed_ok,False
fdfea81d23ace029,FR15ABOM220821084,train,,P,1,/Volumes/EXT DATA/IDMB/images/Tancrede/collection/Bombus_confusus/worker/FR15ABOM220821084_P1.JPG,/Volumes/EXT DATA/IDMB/images/Tancrede/collection,organized_underscore,.jpg,567642,fdfea81d23ace029,parsed_ok,False
8555bc663f588195,FR15_ABOM07082020062,train,,P,1,/Volumes/EXT DATA/IDMB/images/Tancrede/collection/Bombus_confusus/worker/FR15_ABOM07082020062_P1.JPG,/Volumes/EXT DATA/IDMB/images/Tancrede/collection,organized_underscore,.jpg,392168,8555bc663f588195,parsed_ok,False
bf85c0e3ec5a8cb7,FR15ABOM220821085,train,,P,1,/Volumes/EXT DATA/IDMB/images/Tancrede/collection/Bombus_confusus/worker/FR15ABOM220821085_P1.JPG,/Volumes/EXT DATA/IDMB/images/Tancrede/collection,organized_underscore,.jpg,562830,bf85c0e3ec5a8cb7,parsed_ok,False
9166932186ede4aa,FR15ABOM220821068,train,,P,1,/Volumes/EXT DATA/IDMB/images/Tancrede/collection/Bombus_confusus/drone/FR15ABOM220821068_P1.JPG,/Volumes/EXT DATA/IDMB/images/Tancrede/collection,organized_underscore,.jpg,604361,9166932186ede4aa,parsed_ok,False
62aa8574b31a8e10,NoName8,train,,P,1,/Volumes/EXT DATA/IDMB/images/Tancrede/collection/Bombus_confusus/drone/NoName8_P1.JPG,/Volumes/EXT DATA/IDMB/images/Tancrede/collection,organized_underscore,.jpg,421956,62aa8574b31a8e10,parsed_ok,False
c446e12eb9e8f2e7,FR15_ABOM090820071,train,,P,1,/Volumes/EXT DATA/IDMB/images/Tancrede/collection/Bombus_confusus/drone/FR15_ABOM090820071_P1.JPG,/Volumes/EXT DATA/IDMB/images/Tancrede/collection,organized_underscore,.jpg,476502,c446e12eb9e8f2e7,parsed_ok,False
e9bed482c353f323,FR15_ABOM170820030,train,,P,1,/Volumes/EXT DATA/IDMB/images/Tancrede/collection/Bombus_confusus/drone/FR15_ABOM170820030_P1.JPG,/Volumes/EXT DATA/IDMB/images/Tancrede/collection,organized_underscore,.jpg,609940,e9bed482c353f323,parsed_ok,False
edae1875d935464a,FR15_ABOM170820009,train,,P,1,/Volumes/EXT DATA/IDMB/images/Tancrede/collection/Bombus_confusus/drone/FR15_ABOM170820009_P1.JPG,/Volumes/EXT DATA/IDMB/images/Tancrede/collection,organized_underscore,.jpg,586073,edae1875d935464a,parsed_ok,False
d036e828808dae28,FR15ABOM210821210,train,,P,1,/Volumes/EXT DATA/IDMB/images/Tancrede/collection/Bombus_confusus/drone/FR15ABOM210821210_P1.JPG,/Volumes/EXT DATA/IDMB/images/Tancrede/collection,organized_underscore,.jpg,585559,d036e828808dae28,parsed_ok,False
eae7b300ba77bfa8,FR15ABOM220821043,train,,P,1,/Volumes/EXT DATA/IDMB/images/Tancrede/collection/Bombus_confusus/drone/FR15ABOM220821043_P1.JPG,/Volumes/EXT DATA/IDMB/images/Tancrede/collection,organized_underscore,.jpg,510762,eae7b300ba77bfa8,parsed_ok,False
97bfc12c54037661,FR15_ABOM07082020082,train,,P,1,/Volumes/EXT DATA/IDMB/images/Tancrede/collection/Bombus_confusus/drone/FR15_ABOM07082020082_P1.JPG,/Volumes/EXT DATA/IDMB/images/Tancrede/collection,organized_underscore,.jpg,585410,97bfc12c54037661,parsed_ok,False
d381e54c76b84932,FR15_ABOM14080820006,train,,P,1,/Volumes/EXT DATA/IDMB/images/Tancrede/collection/Bombus_confusus/drone/FR15_ABOM14080820006_P1.JPG,/Volumes/EXT DATA/IDMB/images/Tancrede/collection,organized_underscore,.jpg,537863,d381e54c76b84932,parsed_ok,False
ff601fd4f0ebc435,FR15ABOM210821171,train,,P,1,/Volumes/EXT DATA/IDMB/images/Tancrede/collection/Bombus_confusus/drone/FR15ABOM210821171_P1.JPG,/Volumes/EXT DATA/IDMB/images/Tancrede/collection,organized_underscore,.jpg,539869,ff601fd4f0ebc435,parsed_ok,False
dd08116b68ad364b,FR15ABOM170821029,train,,P,1,/Volumes/EXT DATA/IDMB/images/Tancrede/collection/Bombus_confusus/drone/FR15ABOM170821029_P1.JPG,/Volumes/EXT DATA/IDMB/images/Tancrede/collection,organized_underscore,.jpg,688022,dd08116b68ad364b,parsed_ok,False
19f54eb02a3a9111,FR15ABOM150820018,train,,P,1,/Volumes/EXT DATA/IDMB/images/Tancrede/collection/Bombus_confusus/drone/FR15ABOM150820018_P1.JPG,/Volumes/EXT DATA/IDMB/images/Tancrede/collection,organized_underscore,.jpg,628871,19f54eb02a3a9111,parsed_ok,False
ad6f072b8d6d38e6,FR15ABOM210821212,train,,P,1,/Volumes/EXT DATA/IDMB/images/Tancrede/collection/Bombus_confusus/drone/FR15ABOM210821212_P1.JPG,/Volumes/EXT DATA/IDMB/images/Tancrede/collection,organized_underscore,.jpg,698227,ad6f072b8d6d38e6,parsed_ok,False
1a043a1b7b139541,FR15_ABOM080820007,train,,P,1,/Volumes/EXT DATA/IDMB/images/Tancrede/collection/Bombus_confusus/drone/FR15_ABOM080820007_P1.JPG,/Volumes/EXT DATA/IDMB/images/Tancrede/collection,organized_underscore,.jpg,516246,1a043a1b7b139541,parsed_ok,False
89fc065f53a07c6c,FR15_ABOM080820039,train,,P,1,/Volumes/EXT DATA/IDMB/images/Tancrede/collection/Bombus_confusus/drone/FR15_ABOM080820039_P1.JPG,/Volumes/EXT DATA/IDMB/images/Tancrede/collection,organized_underscore,.jpg,680838,89fc065f53a07c6c,parsed_ok,False
97e5afc4e1e70268,FR15ABOM220821070,train,,P,1,/Volumes/EXT DATA/IDMB/images/Tancrede/collection/Bombus_confusus/drone/FR15ABOM220821070_P1.JPG,/Volumes/EXT DATA/IDMB/images/Tancrede/collection,organized_underscore,.jpg,554354,97e5afc4e1e70268,parsed_ok,False
b92238dc504defa3,FR15ABOM210821165,train,,P,1,/Volumes/EXT DATA/IDMB/images/Tancrede/collection/Bombus_confusus/drone/FR15ABOM210821165_P1.JPG,/Volumes/EXT DATA/IDMB/images/Tancrede/collection,organized_underscore,.jpg,572703,b92238dc504defa3,parsed_ok,False
c4ac4ac4de8b62a7,FR15_ABOM07082020038,train,,P,1,/Volumes/EXT DATA/IDMB/images/Tancrede/collection/Bombus_confusus/drone/FR15_ABOM07082020038_P1.JPG,/Volumes/EXT DATA/IDMB/images/Tancrede/collection,organized_underscore,.jpg,467930,c4ac4ac4de8b62a7,parsed_ok,False
8778fc69423e320e,FR15ABOM210821139,train,,P,1,/Volumes/EXT DATA/IDMB/images/Tancrede/collection/Bombus_confusus/drone/FR15ABOM210821139_P1.JPG,/Volumes/EXT DATA/IDMB/images/Tancrede/collection,organized_underscore,.jpg,540151,8778fc69423e320e,parsed_ok,False
99fe4734daba8d41,FR15ABOM210821137,train,,P,1,/Volumes/EXT DATA/IDMB/images/Tancrede/collection/Bombus_confusus/drone/FR15ABOM210821137_P1.JPG,/Volumes/EXT DATA/IDMB/images/Tancrede/collection,organized_underscore,.jpg,606595,99fe4734daba8d41,parsed_ok,False
f306768d7642aecf,OPIE_Lapi_220620d,train,,P,1,/Volumes/EXT DATA/IDMB/images/Tancrede/collection/Bombus_lapidarius/worker/OPIE_Lapi_220620d_P1.JPG,/Volumes/EXT DATA/IDMB/images/Tancrede/collection,organized_underscore,.jpg,4442255,f306768d7642aecf,parsed_ok,False
05a2613b9eee4a24,OPIE_Lapi_240620b,train,,P,1,/Volumes/EXT DATA/IDMB/images/Tancrede/collection/Bombus_lapidarius/worker/OPIE_Lapi_240620b_P1.JPG,/Volumes/EXT DATA/IDMB/images/Tancrede/collection,organized_underscore,.jpg,4726786,05a2613b9eee4a24,parsed_ok,False
cc147045d33008c7,OPIE_Lapi_220620,train,,P,1,/Volumes/EXT DATA/IDMB/images/Tancrede/collection/Bombus_lapidarius/worker/OPIE_Lapi_220620_P1.JPG,/Volumes/EXT DATA/IDMB/images/Tancrede/collection,organized_underscore,.jpg,4976696,cc147045d33008c7,parsed_ok,False
4ce1cc94d5df8def,OPIE_Lapi_130720d,train,,P,1,/Volumes/EXT DATA/IDMB/images/Tancrede/collection/Bombus_lapidarius/worker/OPIE_Lapi_130720d_P1.JPG,/Volumes/EXT DATA/IDMB/images/Tancrede/collection,organized_underscore,.jpg,4558078,4ce1cc94d5df8def,parsed_ok,False
91fa8d19c49909e9,OPIE_Lapi_160720b,train,,P,1,/Volumes/EXT DATA/IDMB/images/Tancrede/collection/Bombus_lapidarius/worker/OPIE_Lapi_160720b_P1.JPG,/Volumes/EXT DATA/IDMB/images/Tancrede/collection,organized_underscore,.jpg,4453454,91fa8d19c49909e9,parsed_ok,False
fc5623924b45bf9a,OPIE_Lapi_220620b,train,,P,1,/Volumes/EXT DATA/IDMB/images/Tancrede/collection/Bombus_lapidarius/worker/OPIE_Lapi_220620b_P1.JPG,/Volumes/EXT DATA/IDMB/images/Tancrede/collection,organized_underscore,.jpg,4587130,fc5623924b45bf9a,parsed_ok,False
8cb716fe95da0f35,OPIE_Lapi_270702,train,,P,1,/Volumes/EXT DATA/IDMB/images/Tancrede/collection/Bombus_lapidarius/worker/OPIE_Lapi_270702_P1.JPG,/Volumes/EXT DATA/IDMB/images/Tancrede/collection,organized_underscore,.jpg,4612379,8cb716fe95da0f35,parsed_ok,False
f59bb7ceca5fa865,OPIE_Lapi_070820b,train,,P,1,/Volumes/EXT DATA/IDMB/images/Tancrede/collection/Bombus_lapidarius/worker/OPIE_Lapi_070820b_P1.JPG,/Volumes/EXT DATA/IDMB/images/Tancrede/collection,organized_underscore,.jpg,4529198,f59bb7ceca5fa865,parsed_ok,False
a8a020a2acc3ba05,OPIE_Lapi_130720b,train,,P,1,/Volumes/EXT DATA/IDMB/images/Tancrede/collection/Bombus_lapidarius/worker/OPIE_Lapi_130720b_P1.JPG,/Volumes/EXT DATA/IDMB/images/Tancrede/collection,organized_underscore,.jpg,4593766,a8a020a2acc3ba05,parsed_ok,False
98ce8d52e2c0a90f,OPIE_Lapi_200720,train,,P,1,/Volumes/EXT DATA/IDMB/images/Tancrede/collection/Bombus_lapidarius/worker/OPIE_Lapi_200720_P1.JPG,/Volumes/EXT DATA/IDMB/images/Tancrede/collection,organized_underscore,.jpg,4491257,98ce8d52e2c0a90f,parsed_ok,False
1a935472ffed59a5,OPIE_Lapi_230620,train,,P,1,/Volumes/EXT DATA/IDMB/images/Tancrede/collection/Bombus_lapidarius/worker/OPIE_Lapi_230620_P1.JPG,/Volumes/EXT DATA/IDMB/images/Tancrede/collection,organized_underscore,.jpg,4564348,1a935472ffed59a5,parsed_ok,False
3dee7dcf0bf5b89f,OPIE_Lapi_260620,train,,P,1,/Volumes/EXT DATA/IDMB/images/Tancrede/collection/Bombus_lapidarius/worker/OPIE_Lapi_260620_P1.JPG,/Volumes/EXT DATA/IDMB/images/Tancrede/collection,organized_underscore,.jpg,4436070,3dee7dcf0bf5b89f,parsed_ok,False
259ccbb41a1f9769,OPIE_Lapi_290602,train,,P,1,/Volumes/EXT DATA/IDMB/images/Tancrede/collection/Bombus_lapidarius/worker/OPIE_Lapi_290602_P1.JPG,/Volumes/EXT DATA/IDMB/images/Tancrede/collection,organized_underscore,.jpg,4515815,259ccbb41a1f9769,parsed_ok,False
a457dad932470860,OPIE_Lapi_220620c,train,,P,1,/Volumes/EXT DATA/IDMB/images/Tancrede/collection/Bombus_lapidarius/worker/OPIE_Lapi_220620c_P1.JPG,/Volumes/EXT DATA/IDMB/images/Tancrede/collection,organized_underscore,.jpg,4366636,a457dad932470860,parsed_ok,False
3fb41d7480a0ed6a,OPIE_Lapi_260620b,train,,P,1,/Volumes/EXT DATA/IDMB/images/Tancrede/collection/Bombus_lapidarius/worker/OPIE_Lapi_260620b_P1.JPG,/Volumes/EXT DATA/IDMB/images/Tancrede/collection,organized_underscore,.jpg,4511008,3fb41d7480a0ed6a,parsed_ok,False
2f9a5cc010a5bc70,OPIE_Lapi_240620,train,,P,1,/Volumes/EXT DATA/IDMB/images/Tancrede/collection/Bombus_lapidarius/worker/OPIE_Lapi_240620_P1.JPG,/Volumes/EXT DATA/IDMB/images/Tancrede/collection,organized_underscore,.jpg,4432262,2f9a5cc010a5bc70,parsed_ok,False
4273e666ca3bf267,OPIE_Lapi_130720,train,,P,1,/Volumes/EXT DATA/IDMB/images/Tancrede/collection/Bombus_lapidarius/worker/OPIE_Lapi_130720_P1.JPG,/Volumes/EXT DATA/IDMB/images/Tancrede/collection,organized_underscore,.jpg,5165233,4273e666ca3bf267,parsed_ok,False
dd485bd2d093fa7e,OPIE_Lapi_230620b,train,,P,1,/Volumes/EXT DATA/IDMB/images/Tancrede/collection/Bombus_lapidarius/worker/OPIE_Lapi_230620b_P1.JPG,/Volumes/EXT DATA/IDMB/images/Tancrede/collection,organized_underscore,.jpg,4570677,dd485bd2d093fa7e,parsed_ok,False
786c3009835c6874,OPIE_Lapi_110702,train,,P,1,/Volumes/EXT DATA/IDMB/images/Tancrede/collection/Bombus_lapidarius/worker/OPIE_Lapi_110702_P1.JPG,/Volumes/EXT DATA/IDMB/images/Tancrede/collection,organized_underscore,.jpg,4955740,786c3009835c6874,parsed_ok,False
fb559a0c04786643,OPIE_Lapi_130720c,train,,P,1,/Volumes/EXT DATA/IDMB/images/Tancrede/collection/Bombus_lapidarius/worker/OPIE_Lapi_130720c_P1.JPG,/Volumes/EXT DATA/IDMB/images/Tancrede/collection,organized_underscore,.jpg,4551788,fb559a0c04786643,parsed_ok,False
730437fd4e90ad7d,OPIE_Lapi_070820,train,,P,1,/Volumes/EXT DATA/IDMB/images/Tancrede/collection/Bombus_lapidarius/drone/OPIE_Lapi_070820_P1.JPG,/Volumes/EXT DATA/IDMB/images/Tancrede/collection,organized_underscore,.jpg,5010024,730437fd4e90ad7d,parsed_ok,False
45f2cc5a3546f39d,OPIE_Lapi_100803,train,,P,1,/Volumes/EXT DATA/IDMB/images/Tancrede/collection/Bombus_lapidarius/drone/OPIE_Lapi_100803_P1.JPG,/Volumes/EXT DATA/IDMB/images/Tancrede/collection,organized_underscore,.jpg,4505290,45f2cc5a3546f39d,parsed_ok,False
f805c427c371e472,OPIE_Lapi_A1b,train,,P,1,/Volumes/EXT DATA/IDMB/images/Tancrede/collection/Bombus_lapidarius/drone/OPIE_Lapi_A1b_P1.JPG,/Volumes/EXT DATA/IDMB/images/Tancrede/collection,organized_underscore,.jpg,4629530,f805c427c371e472,parsed_ok,False
9238b85da8d0146c,OPIE_Lapi_95C,train,,P,1,/Volumes/EXT DATA/IDMB/images/Tancrede/collection/Bombus_lapidarius/drone/OPIE_Lapi_95C_P1.JPG,/Volumes/EXT DATA/IDMB/images/Tancrede/collection,organized_underscore,.jpg,5185798,9238b85da8d0146c,parsed_ok,False
2b5e0d866cf7c51f,OPIE_Lapi_B2,train,,P,1,/Volumes/EXT DATA/IDMB/images/Tancrede/collection/Bombus_lapidarius/drone/OPIE_Lapi_B2_P1.JPG,/Volumes/EXT DATA/IDMB/images/Tancrede/collection,organized_underscore,.jpg,4455099,2b5e0d866cf7c51f,parsed_ok,False
b1f09ac7b47d14dc,OPIE_Lapi_030803b,train,,P,1,/Volumes/EXT DATA/IDMB/images/Tancrede/collection/Bombus_lapidarius/drone/OPIE_Lapi_030803b_P1.JPG,/Volumes/EXT DATA/IDMB/images/Tancrede/collection,organized_underscore,.jpg,4657090,b1f09ac7b47d14dc,parsed_ok,False
389604ce08463a97,OPIE_Lapi_D1,train,,P,1,/Volumes/EXT DATA/IDMB/images/Tancrede/collection/Bombus_lapidarius/drone/OPIE_Lapi_D1_P1.JPG,/Volumes/EXT DATA/IDMB/images/Tancrede/collection,organized_underscore,.jpg,4587247,389604ce08463a97,parsed_ok,False
0ff169e3fc47a284,OPIE_Lapi_200703b,train,,P,1,/Volumes/EXT DATA/IDMB/images/Tancrede/collection/Bombus_lapidarius/drone/OPIE_Lapi_200703b_P1.JPG,/Volumes/EXT DATA/IDMB/images/Tancrede/collection,organized_underscore,.jpg,4554808,0ff169e3fc47a284,parsed_ok,False
aa26220e634f11a7,OPIE_Lapi_E7,train,,P,1,/Volumes/EXT DATA/IDMB/images/Tancrede/collection/Bombus_lapidarius/drone/OPIE_Lapi_E7_P1.JPG,/Volumes/EXT DATA/IDMB/images/Tancrede/collection,organized_underscore,.jpg,4700987,aa26220e634f11a7,parsed_ok,False
204d400420ea80bf,OPIE_Lapi_030803,train,,P,1,/Volumes/EXT DATA/IDMB/images/Tancrede/collection/Bombus_lapidarius/drone/OPIE_Lapi_030803_P1.JPG,/Volumes/EXT DATA/IDMB/images/Tancrede/collection,organized_underscore,.jpg,4615989,204d400420ea80bf,parsed_ok,False
9492299e29cc2996,OPIE_Lapi_060803,train,,P,1,/Volumes/EXT DATA/IDMB/images/Tancrede/collection/Bombus_lapidarius/drone/OPIE_Lapi_060803_P1.JPG,/Volumes/EXT DATA/IDMB/images/Tancrede/collection,organized_underscore,.jpg,4656135,9492299e29cc2996,parsed_ok,False
d9f756ea734431c4,OPIE_Lapi_180702,train,,P,1,/Volumes/EXT DATA/IDMB/images/Tancrede/collection/Bombus_lapidarius/drone/OPIE_Lapi_180702_P1.JPG,/Volumes/EXT DATA/IDMB/images/Tancrede/collection,organized_underscore,.jpg,4771566,d9f756ea734431c4,parsed_ok,False
e4d48e4937f536cc,OPIE_Lapi_78V,train,,P,1,/Volumes/EXT DATA/IDMB/images/Tancrede/collection/Bombus_lapidarius/drone/OPIE_Lapi_78V_P1.JPG,/Volumes/EXT DATA/IDMB/images/Tancrede/collection,organized_underscore,.jpg,4575726,e4d48e4937f536cc,parsed_ok,False
af53070f1d1e2e76,OPIE_Lapi_200703,train,,P,1,/Volumes/EXT DATA/IDMB/images/Tancrede/collection/Bombus_lapidarius/drone/OPIE_Lapi_200703_P1.JPG,/Volumes/EXT DATA/IDMB/images/Tancrede/collection,organized_underscore,.jpg,4611416,af53070f1d1e2e76,parsed_ok,False
fce15c38021f4e54,OPIE_Lapi_100820,train,,P,1,/Volumes/EXT DATA/IDMB/images/Tancrede/collection/Bombus_lapidarius/drone/OPIE_Lapi_100820_P1.JPG,/Volumes/EXT DATA/IDMB/images/Tancrede/collection,organized_underscore,.jpg,4938432,fce15c38021f4e54,parsed_ok,False
f3c14bd7ad839dc2,OPIE_Lapi_A1,train,,P,1,/Volumes/EXT DATA/IDMB/images/Tancrede/collection/Bombus_lapidarius/drone/OPIE_Lapi_A1_P1.JPG,/Volumes/EXT DATA/IDMB/images/Tancrede/collection,organized_underscore,.jpg,4602802,f3c14bd7ad839dc2,parsed_ok,False
70ec76b103b7fa54,OPIE_Lapi_160720,train,,P,1,/Volumes/EXT DATA/IDMB/images/Tancrede/collection/Bombus_lapidarius/drone/OPIE_Lapi_160720_P1.JPG,/Volumes/EXT DATA/IDMB/images/Tancrede/collection,organized_underscore,.jpg,4835064,70ec76b103b7fa54,parsed_ok,False
402c9176aa7d3db3,OPIE_Lapi_H1,train,,P,1,/Volumes/EXT DATA/IDMB/images/Tancrede/collection/Bombus_lapidarius/drone/OPIE_Lapi_H1_P1.JPG,/Volumes/EXT DATA/IDMB/images/Tancrede/collection,organized_underscore,.jpg,4500481,402c9176aa7d3db3,parsed_ok,False
a800566328e43059,OPIE_Lapi_B2b,train,,P,1,/Volumes/EXT DATA/IDMB/images/Tancrede/collection/Bombus_lapidarius/drone/OPIE_Lapi_B2b_P1.JPG,/Volumes/EXT DATA/IDMB/images/Tancrede/collection,organized_underscore,.jpg,4729005,a800566328e43059,parsed_ok,False
a7bce4533155d45b,OPIE_Lapi_7B,train,,P,1,/Volumes/EXT DATA/IDMB/images/Tancrede/collection/Bombus_lapidarius/drone/OPIE_Lapi_7B_P1.JPG,/Volumes/EXT DATA/IDMB/images/Tancrede/collection,organized_underscore,.jpg,4289278,a7bce4533155d45b,parsed_ok,False
8290da03f48dd279,OPIE_Lapi_180703,train,,P,1,/Volumes/EXT DATA/IDMB/images/Tancrede/collection/Bombus_lapidarius/drone/OPIE_Lapi_180703_P1.JPG,/Volumes/EXT DATA/IDMB/images/Tancrede/collection,organized_underscore,.jpg,4634853,8290da03f48dd279,parsed_ok,False
d616aaa6180fb8c8,FR73ABOM140722026,train,,P,1,/Volumes/EXT DATA/IDMB/images/Tancrede/collection/Bombus_monticola/queen/FR73ABOM140722026_P1.JPG,/Volumes/EXT DATA/IDMB/images/Tancrede/collection,organized_underscore,.jpg,5149108,d616aaa6180fb8c8,parsed_ok,False
e4aeabc3df05d056,FR73ABOM200722032,train,,P,1,/Volumes/EXT DATA/IDMB/images/Tancrede/collection/Bombus_monticola/worker/FR73ABOM200722032_P1.JPG,/Volumes/EXT DATA/IDMB/images/Tancrede/collection,organized_underscore,.jpg,4924437,e4aeabc3df05d056,parsed_ok,False
b482aa691b4451d8,FR74ABOM160722015,train,,P,1,/Volumes/EXT DATA/IDMB/images/Tancrede/collection/Bombus_monticola/worker/FR74ABOM160722015_P1.JPG,/Volumes/EXT DATA/IDMB/images/Tancrede/collection,organized_underscore,.jpg,4717036,b482aa691b4451d8,parsed_ok,False
062f6951a1c43487,Polset_1,train,,P,1,/Volumes/EXT DATA/IDMB/images/Tancrede/collection/Bombus_monticola/worker/Polset_1_P1.JPG,/Volumes/EXT DATA/IDMB/images/Tancrede/collection,organized_underscore,.jpg,179314,062f6951a1c43487,parsed_ok,False
5e19e765d09fa3d0,CD388623c,train,,P,1,/Volumes/EXT DATA/IDMB/images/Tancrede/collection/Bombus_monticola/worker/CD388623c_P1.JPG,/Volumes/EXT DATA/IDMB/images/Tancrede/collection,organized_underscore,.jpg,176547,5e19e765d09fa3d0,parsed_ok,False
b82e5243b358907f,CollecYvan15,train,,P,1,/Volumes/EXT DATA/IDMB/images/Tancrede/collection/Bombus_monticola/worker/CollecYvan15_P1.JPG,/Volumes/EXT DATA/IDMB/images/Tancrede/collection,organized_underscore,.jpg,5177477,b82e5243b358907f,parsed_ok,False
73f2852198ce4133,FR73ABOM130722002,train,,P,1,/Volumes/EXT DATA/IDMB/images/Tancrede/collection/Bombus_monticola/worker/FR73ABOM130722002_P1.JPG,/Volumes/EXT DATA/IDMB/images/Tancrede/collection,organized_underscore,.jpg,4778528,73f2852198ce4133,parsed_ok,False
0a90c4c53a2db8d1,CollecYvan17,train,,P,1,/Volumes/EXT DATA/IDMB/images/Tancrede/collection/Bombus_monticola/worker/CollecYvan17_P1.JPG,/Volumes/EXT DATA/IDMB/images/Tancrede/collection,organized_underscore,.jpg,5198520,0a90c4c53a2db8d1,parsed_ok,False
00572780db9e4dc8,FR74ABOM160722001,train,,P,1,/Volumes/EXT DATA/IDMB/images/Tancrede/collection/Bombus_monticola/worker/FR74ABOM160722001_P1.JPG,/Volumes/EXT DATA/IDMB/images/Tancrede/collection,organized_underscore,.jpg,4982616,00572780db9e4dc8,parsed_ok,False
b65c91f3f7307c39,ABAURA5667,train,,P,1,/Volumes/EXT DATA/IDMB/images/Tancrede/collection/Bombus_monticola/worker/ABAURA5667_P1.JPG,/Volumes/EXT DATA/IDMB/images/Tancrede/collection,organized_underscore,.jpg,5278820,b65c91f3f7307c39,parsed_ok,False
7cb5e0d9b0ebe3e8,FR74ABOM170722014,train,,P,1,/Volumes/EXT DATA/IDMB/images/Tancrede/collection/Bombus_monticola/worker/FR74ABOM170722014_P1.JPG,/Volumes/EXT DATA/IDMB/images/Tancrede/collection,organized_underscore,.jpg,4858777,7cb5e0d9b0ebe3e8,parsed_ok,False
668983b69ae7a068,CollecYvan18,train,,P,1,/Volumes/EXT DATA/IDMB/images/Tancrede/collection/Bombus_monticola/worker/CollecYvan18_P1.JPG,/Volumes/EXT DATA/IDMB/images/Tancrede/collection,organized_underscore,.jpg,5267798,668983b69ae7a068,parsed_ok,False
c8e8d89ab1285ddd,CD388623b,train,,P,1,/Volumes/EXT DATA/IDMB/images/Tancrede/collection/Bombus_monticola/worker/CD388623b_P1.JPG,/Volumes/EXT DATA/IDMB/images/Tancrede/collection,organized_underscore,.jpg,218772,c8e8d89ab1285ddd,parsed_ok,False
b048841b3bd41b97,CollecYvan14,train,,P,1,/Volumes/EXT DATA/IDMB/images/Tancrede/collection/Bombus_monticola/worker/CollecYvan14_P1.JPG,/Volumes/EXT DATA/IDMB/images/Tancrede/collection,organized_underscore,.jpg,5095386,b048841b3bd41b97,parsed_ok,False
a2245dee4fde772d,FR73ABOM130722001,train,,P,1,/Volumes/EXT DATA/IDMB/images/Tancrede/collection/Bombus_monticola/worker/FR73ABOM130722001_P1.JPG,/Volumes/EXT DATA/IDMB/images/Tancrede/collection,organized_underscore,.jpg,5106222,a2245dee4fde772d,parsed_ok,False
3744f34047a49633,CD388408,train,,P,1,/Volumes/EXT DATA/IDMB/images/Tancrede/collection/Bombus_monticola/worker/CD388408_P1.JPG,/Volumes/EXT DATA/IDMB/images/Tancrede/collection,organized_underscore,.jpg,181164,3744f34047a49633,parsed_ok,False
4cbe479796b954c7,CollecYvan16,train,,P,1,/Volumes/EXT DATA/IDMB/images/Tancrede/collection/Bombus_monticola/worker/CollecYvan16_P1.JPG,/Volumes/EXT DATA/IDMB/images/Tancrede/collection,organized_underscore,.jpg,5245408,4cbe479796b954c7,parsed_ok,False
e2713617e753ff1c,FR04ABOM220722087,train,,P,1,/Volumes/EXT DATA/IDMB/images/Tancrede/collection/Bombus_monticola/worker/FR04ABOM220722087_P1.JPG,/Volumes/EXT DATA/IDMB/images/Tancrede/collection,organized_underscore,.jpg,4756035,e2713617e753ff1c,parsed_ok,False
6a9a972528903ec7,FR73ABOM140722009,train,,P,1,/Volumes/EXT DATA/IDMB/images/Tancrede/collection/Bombus_monticola/worker/FR73ABOM140722009_P1.JPG,/Volumes/EXT DATA/IDMB/images/Tancrede/collection,organized_underscore,.jpg,4758333,6a9a972528903ec7,parsed_ok,False
d11214094c9caa9d,CD388623d,train,,P,1,/Volumes/EXT DATA/IDMB/images/Tancrede/collection/Bombus_monticola/worker/CD388623d_P1.JPG,/Volumes/EXT DATA/IDMB/images/Tancrede/collection,organized_underscore,.jpg,172939,d11214094c9caa9d,parsed_ok,False
3f8be6548c4dc338,FR73ABOM120722090,train,,P,1,/Volumes/EXT DATA/IDMB/images/Tancrede/collection/Bombus_monticola/worker/FR73ABOM120722090_P1.JPG,/Volumes/EXT DATA/IDMB/images/Tancrede/collection,organized_underscore,.jpg,5303562,3f8be6548c4dc338,parsed_ok,False
dadc12b45dc1b754,CD387770b,train,,P,1,/Volumes/EXT DATA/IDMB/images/Tancrede/collection/Bombus_monticola/drone/CD387770b_P1.JPG,/Volumes/EXT DATA/IDMB/images/Tancrede/collection,organized_underscore,.jpg,239422,dadc12b45dc1b754,parsed_ok,False
f8117419f1d5034b,FR73ABOM140722032,train,,P,1,/Volumes/EXT DATA/IDMB/images/Tancrede/collection/Bombus_monticola/drone/FR73ABOM140722032_P1.JPG,/Volumes/EXT DATA/IDMB/images/Tancrede/collection,organized_underscore,.jpg,4834068,f8117419f1d5034b,parsed_ok,False
393628d7e190f37d,FR73ABOM150722001,train,,P,1,/Volumes/EXT DATA/IDMB/images/Tancrede/collection/Bombus_monticola/drone/FR73ABOM150722001_P1.JPG,/Volumes/EXT DATA/IDMB/images/Tancrede/collection,organized_underscore,.jpg,5301563,393628d7e190f37d,parsed_ok,False
8d95f8a69d3f4190,FR73ABOM120722027,train,,P,1,/Volumes/EXT DATA/IDMB/images/Tancrede/collection/Bombus_monticola/drone/FR73ABOM120722027_P1.JPG,/Volumes/EXT DATA/IDMB/images/Tancrede/collection,organized_underscore,.jpg,5021356,8d95f8a69d3f4190,parsed_ok,False
c76d46e4f0642cb8,FR73ABOM120722070,train,,P,1,/Volumes/EXT DATA/IDMB/images/Tancrede/collection/Bombus_monticola/drone/FR73ABOM120722070_P1.JPG,/Volumes/EXT DATA/IDMB/images/Tancrede/collection,organized_underscore,.jpg,4945350,c76d46e4f0642cb8,parsed_ok,False
a294cdb523c5306e,CD387804,train,,P,1,/Volumes/EXT DATA/IDMB/images/Tancrede/collection/Bombus_monticola/drone/CD387804_P1.JPG,/Volumes/EXT DATA/IDMB/images/Tancrede/collection,organized_underscore,.jpg,183701,a294cdb523c5306e,parsed_ok,False
3d2ed70c1acf2efb,CD388821,train,,P,1,/Volumes/EXT DATA/IDMB/images/Tancrede/collection/Bombus_monticola/drone/CD388821_P1.JPG,/Volumes/EXT DATA/IDMB/images/Tancrede/collection,organized_underscore,.jpg,167977,3d2ed70c1acf2efb,parsed_ok,False
8020177f956dfa97,FR04ABOM220722060,train,,P,1,/Volumes/EXT DATA/IDMB/images/Tancrede/collection/Bombus_monticola/drone/FR04ABOM220722060_P1.JPG,/Volumes/EXT DATA/IDMB/images/Tancrede/collection,organized_underscore,.jpg,4936458,8020177f956dfa97,parsed_ok,False
0087d08026e683ee,CD388623,train,,P,1,/Volumes/EXT DATA/IDMB/images/Tancrede/collection/Bombus_monticola/drone/CD388623_P1.JPG,/Volumes/EXT DATA/IDMB/images/Tancrede/collection,organized_underscore,.jpg,225871,0087d08026e683ee,parsed_ok,False
70d16cbe4bd33a81,FR73ABOM130722037,train,,P,1,/Volumes/EXT DATA/IDMB/images/Tancrede/collection/Bombus_monticola/drone/FR73ABOM130722037_P1.JPG,/Volumes/EXT DATA/IDMB/images/Tancrede/collection,organized_underscore,.jpg,4818530,70d16cbe4bd33a81,parsed_ok,False
42b94d27d52e5fe1,FR73ABOM140722011,train,,P,1,/Volumes/EXT DATA/IDMB/images/Tancrede/collection/Bombus_monticola/drone/FR73ABOM140722011_P1.JPG,/Volumes/EXT DATA/IDMB/images/Tancrede/collection,organized_underscore,.jpg,4883408,42b94d27d52e5fe1,parsed_ok,False
8ac56297575d3c1e,FR73ABOM150722006,train,,P,1,/Volumes/EXT DATA/IDMB/images/Tancrede/collection/Bombus_monticola/drone/FR73ABOM150722006_P1.JPG,/Volumes/EXT DATA/IDMB/images/Tancrede/collection,organized_underscore,.jpg,5027924,8ac56297575d3c1e,parsed_ok,False
b710721f6a29fdfc,FR73ABOM120722118,train,,P,1,/Volumes/EXT DATA/IDMB/images/Tancrede/collection/Bombus_monticola/drone/FR73ABOM120722118_P1.JPG,/Volumes/EXT DATA/IDMB/images/Tancrede/collection,organized_underscore,.jpg,4629772,b710721f6a29fdfc,parsed_ok,False
87bd63f43e4b42fb,FR73ABOM130722039,train,,P,1,/Volumes/EXT DATA/IDMB/images/Tancrede/collection/Bombus_monticola/drone/FR73ABOM130722039_P1.JPG,/Volumes/EXT DATA/IDMB/images/Tancrede/collection,organized_underscore,.jpg,4772062,87bd63f43e4b42fb,parsed_ok,False
b99150fc19c8ee25,FR73ABOM140722001,train,,P,1,/Volumes/EXT DATA/IDMB/images/Tancrede/collection/Bombus_monticola/drone/FR73ABOM140722001_P1.JPG,/Volumes/EXT DATA/IDMB/images/Tancrede/collection,organized_underscore,.jpg,4855593,b99150fc19c8ee25,parsed_ok,False
f79b9dc0adf9526c,FR73ABOM140722033,train,,P,1,/Volumes/EXT DATA/IDMB/images/Tancrede/collection/Bombus_monticola/drone/FR73ABOM140722033_P1.JPG,/Volumes/EXT DATA/IDMB/images/Tancrede/collection,organized_underscore,.jpg,4780785,f79b9dc0adf9526c,parsed_ok,False
bcaf28b64cda40ca,FR73ABOM140722015,train,,P,1,/Volumes/EXT DATA/IDMB/images/Tancrede/collection/Bombus_monticola/drone/FR73ABOM140722015_P1.JPG,/Volumes/EXT DATA/IDMB/images/Tancrede/collection,organized_underscore,.jpg,4874692,bcaf28b64cda40ca,parsed_ok,False
e0569afa30972419,FR73ABOM140722031,train,,P,1,/Volumes/EXT DATA/IDMB/images/Tancrede/collection/Bombus_monticola/drone/FR73ABOM140722031_P1.JPG,/Volumes/EXT DATA/IDMB/images/Tancrede/collection,organized_underscore,.jpg,4824017,e0569afa30972419,parsed_ok,False
fff2870c3c92f2e1,CD388230c,train,,P,1,/Volumes/EXT DATA/IDMB/images/Tancrede/collection/Bombus_monticola/drone/CD388230c_P1.JPG,/Volumes/EXT DATA/IDMB/images/Tancrede/collection,organized_underscore,.jpg,213983,fff2870c3c92f2e1,parsed_ok,False
bcdaaea3b42e5313,FR73ABOM130722017,train,,P,1,/Volumes/EXT DATA/IDMB/images/Tancrede/collection/Bombus_monticola/drone/FR73ABOM130722017_P1.JPG,/Volumes/EXT DATA/IDMB/images/Tancrede/collection,organized_underscore,.jpg,4769460,bcdaaea3b42e5313,parsed_ok,False
5a4abbbc9583eb78,FR15ABOM100721047,train,,P,1,/Volumes/EXT DATA/IDMB/images/Tancrede/collection/Bombus_pomorum/queen/FR15ABOM100721047_P1.JPG,/Volumes/EXT DATA/IDMB/images/Tancrede/collection,organized_underscore,.jpg,4977048,5a4abbbc9583eb78,parsed_ok,False
89911539e35b40e7,FR15_ABOM30072020045,train,,P,1,/Volumes/EXT DATA/IDMB/images/Tancrede/collection/Bombus_pomorum/worker/FR15_ABOM30072020045_P1.JPG,/Volumes/EXT DATA/IDMB/images/Tancrede/collection,organized_underscore,.jpg,515334,89911539e35b40e7,parsed_ok,False
53e383dc4eab3b64,FR15_ABOM180720054,train,,P,1,/Volumes/EXT DATA/IDMB/images/Tancrede/collection/Bombus_pomorum/worker/FR15_ABOM180720054_P1.JPG,/Volumes/EXT DATA/IDMB/images/Tancrede/collection,organized_underscore,.jpg,481465,53e383dc4eab3b64,parsed_ok,False
af36a94b986b9cfa,FR15_ABOM30072020044,train,,P,1,/Volumes/EXT DATA/IDMB/images/Tancrede/collection/Bombus_pomorum/worker/FR15_ABOM30072020044_P1.JPG,/Volumes/EXT DATA/IDMB/images/Tancrede/collection,organized_underscore,.jpg,513187,af36a94b986b9cfa,parsed_ok,False
db1721dd918c0690,FR15ABOM210821119,train,,P,1,/Volumes/EXT DATA/IDMB/images/Tancrede/collection/Bombus_pomorum/worker/FR15ABOM210821119_P1.JPG,/Volumes/EXT DATA/IDMB/images/Tancrede/collection,organized_underscore,.jpg,466275,db1721dd918c0690,parsed_ok,False
6a868e801ff05e25,FR15ABOM200821004,train,,P,1,/Volumes/EXT DATA/IDMB/images/Tancrede/collection/Bombus_pomorum/worker/FR15ABOM200821004_P1.JPG,/Volumes/EXT DATA/IDMB/images/Tancrede/collection,organized_underscore,.jpg,532855,6a868e801ff05e25,parsed_ok,False
540610eee495f2c1,FR15ABOM200821035,train,,P,1,/Volumes/EXT DATA/IDMB/images/Tancrede/collection/Bombus_pomorum/worker/FR15ABOM200821035_P1.JPG,/Volumes/EXT DATA/IDMB/images/Tancrede/collection,organized_underscore,.jpg,494411,540610eee495f2c1,parsed_ok,False
a3607627d966ed1a,FR15ABOM200821215,train,,P,1,/Volumes/EXT DATA/IDMB/images/Tancrede/collection/Bombus_pomorum/worker/FR15ABOM200821215_P1.JPG,/Volumes/EXT DATA/IDMB/images/Tancrede/collection,organized_underscore,.jpg,465506,a3607627d966ed1a,parsed_ok,False
0b8e5e4d96e3b644,POLLINIS4415,train,,P,1,/Volumes/EXT DATA/IDMB/images/Tancrede/collection/Bombus_pomorum/worker/POLLINIS4415_P1.JPG,/Volumes/EXT DATA/IDMB/images/Tancrede/collection,organized_underscore,.jpg,97780,0b8e5e4d96e3b644,parsed_ok,False
bcedcba99833795e,FR15ABOM200821126,train,,P,1,/Volumes/EXT DATA/IDMB/images/Tancrede/collection/Bombus_pomorum/worker/FR15ABOM200821126_P1.JPG,/Volumes/EXT DATA/IDMB/images/Tancrede/collection,organized_underscore,.jpg,479518,bcedcba99833795e,parsed_ok,False
a6d25d01ba12a9a6,FR15ABOM170821123,train,,P,1,/Volumes/EXT DATA/IDMB/images/Tancrede/collection/Bombus_pomorum/worker/FR15ABOM170821123_P1.JPG,/Volumes/EXT DATA/IDMB/images/Tancrede/collection,organized_underscore,.jpg,454061,a6d25d01ba12a9a6,parsed_ok,False
01112f76540776fe,FR15_ABOM30072020048,train,,P,1,/Volumes/EXT DATA/IDMB/images/Tancrede/collection/Bombus_pomorum/worker/FR15_ABOM30072020048_P1.JPG,/Volumes/EXT DATA/IDMB/images/Tancrede/collection,organized_underscore,.jpg,472105,01112f76540776fe,parsed_ok,False
f1e2cdfd6f48b061,FR15ABOM150821068,train,,P,1,/Volumes/EXT DATA/IDMB/images/Tancrede/collection/Bombus_pomorum/worker/FR15ABOM150821068_P1.JPG,/Volumes/EXT DATA/IDMB/images/Tancrede/collection,organized_underscore,.jpg,451693,f1e2cdfd6f48b061,parsed_ok,False
59733e52ab35052c,FR15_ABOM30072020040,train,,P,1,/Volumes/EXT DATA/IDMB/images/Tancrede/collection/Bombus_pomorum/worker/FR15_ABOM30072020040_P1.JPG,/Volumes/EXT DATA/IDMB/images/Tancrede/collection,organized_underscore,.jpg,525334,59733e52ab35052c,parsed_ok,False
44a7bfa8515aaf43,FR15ABOM220821055,train,,P,1,/Volumes/EXT DATA/IDMB/images/Tancrede/collection/Bombus_pomorum/worker/FR15ABOM220821055_P1.JPG,/Volumes/EXT DATA/IDMB/images/Tancrede/collection,organized_underscore,.jpg,453072,44a7bfa8515aaf43,parsed_ok,False
3e79cf597c306813,FR15_ABOM30072020071,train,,P,1,/Volumes/EXT DATA/IDMB/images/Tancrede/collection/Bombus_pomorum/worker/FR15_ABOM30072020071_P1.JPG,/Volumes/EXT DATA/IDMB/images/Tancrede/collection,organized_underscore,.jpg,493374,3e79cf597c306813,parsed_ok,False
a010146e8b402041,FR15ABOM200821202,train,,P,1,/Volumes/EXT DATA/IDMB/images/Tancrede/collection/Bombus_pomorum/worker/FR15ABOM200821202_P1.JPG,/Volumes/EXT DATA/IDMB/images/Tancrede/collection,organized_underscore,.jpg,483435,a010146e8b402041,parsed_ok,False
4ba1b5a5ecf4a952,FR15ABOM200821233,train,,P,1,/Volumes/EXT DATA/IDMB/images/Tancrede/collection/Bombus_pomorum/worker/FR15ABOM200821233_P1.JPG,/Volumes/EXT DATA/IDMB/images/Tancrede/collection,organized_underscore,.jpg,496477,4ba1b5a5ecf4a952,parsed_ok,False
eb13202b92322f44,FR15ABOM170821074,train,,P,1,/Volumes/EXT DATA/IDMB/images/Tancrede/collection/Bombus_pomorum/worker/FR15ABOM170821074_P1.JPG,/Volumes/EXT DATA/IDMB/images/Tancrede/collection,organized_underscore,.jpg,390307,eb13202b92322f44,parsed_ok,False
fe037a305f622e07,FR15ABOM200821014,train,,P,1,/Volumes/EXT DATA/IDMB/images/Tancrede/collection/Bombus_pomorum/worker/FR15ABOM200821014_P1.JPG,/Volumes/EXT DATA/IDMB/images/Tancrede/collection,organized_underscore,.jpg,463267,fe037a305f622e07,parsed_ok,False
dc6f892561b19ad1,FR15ABOM210821043,train,,P,1,/Volumes/EXT DATA/IDMB/images/Tancrede/collection/Bombus_pomorum/worker/FR15ABOM210821043_P1.JPG,/Volumes/EXT DATA/IDMB/images/Tancrede/collection,organized_underscore,.jpg,506946,dc6f892561b19ad1,parsed_ok,False
533745138f3feb47,ABAURA8885,train,,P,1,/Volumes/EXT DATA/IDMB/images/Tancrede/collection/Bombus_pomorum/drone/ABAURA8885_P1.JPG,/Volumes/EXT DATA/IDMB/images/Tancrede/collection,organized_underscore,.jpg,87790,533745138f3feb47,parsed_ok,False
0b53e5a6a9c2f3fc,FR15ABOM210821110,train,,P,1,/Volumes/EXT DATA/IDMB/images/Tancrede/collection/Bombus_pomorum/drone/FR15ABOM210821110_P1.JPG,/Volumes/EXT DATA/IDMB/images/Tancrede/collection,organized_underscore,.jpg,474753,0b53e5a6a9c2f3fc,parsed_ok,False
6d57c23e25ab7f92,FR15ABOM210822016,train,,P,1,/Volumes/EXT DATA/IDMB/images/Tancrede/collection/Bombus_pomorum/drone/FR15ABOM210822016_P1.JPG,/Volumes/EXT DATA/IDMB/images/Tancrede/collection,organized_underscore,.jpg,596162,6d57c23e25ab7f92,parsed_ok,False
41e454dc358a5d34,FR15ABOM200821005,train,,P,1,/Volumes/EXT DATA/IDMB/images/Tancrede/collection/Bombus_pomorum/drone/FR15ABOM200821005_P1.JPG,/Volumes/EXT DATA/IDMB/images/Tancrede/collection,organized_underscore,.jpg,526851,41e454dc358a5d34,parsed_ok,False
9c0a46f437a559c8,FR15ABOM170821030,train,,P,1,/Volumes/EXT DATA/IDMB/images/Tancrede/collection/Bombus_pomorum/drone/FR15ABOM170821030_P1.JPG,/Volumes/EXT DATA/IDMB/images/Tancrede/collection,organized_underscore,.jpg,621703,9c0a46f437a559c8,parsed_ok,False
9e72f4d464f814da,FR15ABOM200821209,train,,P,1,/Volumes/EXT DATA/IDMB/images/Tancrede/collection/Bombus_pomorum/drone/FR15ABOM200821209_P1.JPG,/Volumes/EXT DATA/IDMB/images/Tancrede/collection,organized_underscore,.jpg,578141,9e72f4d464f814da,parsed_ok,False
3a55acd0ca64b41d,FR15ABOM200821010,train,,P,1,/Volumes/EXT DATA/IDMB/images/Tancrede/collection/Bombus_pomorum/drone/FR15ABOM200821010_P1.JPG,/Volumes/EXT DATA/IDMB/images/Tancrede/collection,organized_underscore,.jpg,533050,3a55acd0ca64b41d,parsed_ok,False
3ede634152a79e0e,FR15ABOM210821048,train,,P,1,/Volumes/EXT DATA/IDMB/images/Tancrede/collection/Bombus_pomorum/drone/FR15ABOM210821048_P1.JPG,/Volumes/EXT DATA/IDMB/images/Tancrede/collection,organized_underscore,.jpg,459751,3ede634152a79e0e,parsed_ok,False
3e7a1f18efa5b7f5,FR15ABOM210821014,train,,P,1,/Volumes/EXT DATA/IDMB/images/Tancrede/collection/Bombus_pomorum/drone/FR15ABOM210821014_P1.JPG,/Volumes/EXT DATA/IDMB/images/Tancrede/collection,organized_underscore,.jpg,485611,3e7a1f18efa5b7f5,parsed_ok,False
f2648477f9bd4546,FR15ABOM210821115,train,,P,1,/Volumes/EXT DATA/IDMB/images/Tancrede/collection/Bombus_pomorum/drone/FR15ABOM210821115_P1.JPG,/Volumes/EXT DATA/IDMB/images/Tancrede/collection,organized_underscore,.jpg,564266,f2648477f9bd4546,parsed_ok,False
995e60086ad2cad4,NoName3,train,,P,1,/Volumes/EXT DATA/IDMB/images/Tancrede/collection/Bombus_pomorum/drone/NoName3_P1.JPG,/Volumes/EXT DATA/IDMB/images/Tancrede/collection,organized_underscore,.jpg,85760,995e60086ad2cad4,parsed_ok,False
caacec2b5e1f824c,FR15ABOM170821030b,train,,P,1,/Volumes/EXT DATA/IDMB/images/Tancrede/collection/Bombus_pomorum/drone/FR15ABOM170821030b_P1.JPG,/Volumes/EXT DATA/IDMB/images/Tancrede/collection,organized_underscore,.jpg,515848,caacec2b5e1f824c,parsed_ok,False
631f6e33216d02c2,FR15ABOM210822012,train,,P,1,/Volumes/EXT DATA/IDMB/images/Tancrede/collection/Bombus_pomorum/drone/FR15ABOM210822012_P1.JPG,/Volumes/EXT DATA/IDMB/images/Tancrede/collection,organized_underscore,.jpg,637303,631f6e33216d02c2,parsed_ok,False
dfe84a3cf8e0c17d,FR15ABOM210822015,train,,P,1,/Volumes/EXT DATA/IDMB/images/Tancrede/collection/Bombus_pomorum/drone/FR15ABOM210822015_P1.JPG,/Volumes/EXT DATA/IDMB/images/Tancrede/collection,organized_underscore,.jpg,543940,dfe84a3cf8e0c17d,parsed_ok,False
f01713cff8fbb4e2,FR15ABOM210822014,train,,P,1,/Volumes/EXT DATA/IDMB/images/Tancrede/collection/Bombus_pomorum/drone/FR15ABOM210822014_P1.JPG,/Volumes/EXT DATA/IDMB/images/Tancrede/collection,organized_underscore,.jpg,604163,f01713cff8fbb4e2,parsed_ok,False
9ccef3cb3e237ce9,FR15ABOM210822013,train,,P,1,/Volumes/EXT DATA/IDMB/images/Tancrede/collection/Bombus_pomorum/drone/FR15ABOM210822013_P1.JPG,/Volumes/EXT DATA/IDMB/images/Tancrede/collection,organized_underscore,.jpg,588623,9ccef3cb3e237ce9,parsed_ok,False
d805cf44794c655d,15L2021-1748,train,,P,1,/Volumes/EXT DATA/IDMB/images/Tancrede/collection/Bombus_pomorum/drone/15L2021-1748_P1.JPG,/Volumes/EXT DATA/IDMB/images/Tancrede/collection,organized_underscore,.jpg,555773,d805cf44794c655d,parsed_ok,False
02eebc22c0df70fa,NoName15,train,,P,1,/Volumes/EXT DATA/IDMB/images/Tancrede/collection/Bombus_pomorum/drone/NoName15_P1.JPG,/Volumes/EXT DATA/IDMB/images/Tancrede/collection,organized_underscore,.jpg,607170,02eebc22c0df70fa,parsed_ok,False
874ba9b484d35df6,FR15ABOM150720008,train,,P,1,/Volumes/EXT DATA/IDMB/images/Tancrede/collection/Bombus_pomorum/drone/FR15ABOM150720008_P1.JPG,/Volumes/EXT DATA/IDMB/images/Tancrede/collection,organized_underscore,.jpg,420539,874ba9b484d35df6,parsed_ok,False
b24667201bec2f38,NoName14,train,,P,1,/Volumes/EXT DATA/IDMB/images/Tancrede/collection/Bombus_pomorum/drone/NoName14_P1.JPG,/Volumes/EXT DATA/IDMB/images/Tancrede/collection,organized_underscore,.jpg,607238,b24667201bec2f38,parsed_ok,False
835cb5275fb46018,FR15ABOM210821107,train,,P,1,/Volumes/EXT DATA/IDMB/images/Tancrede/collection/Bombus_pomorum/drone/FR15ABOM210821107_P1.JPG,/Volumes/EXT DATA/IDMB/images/Tancrede/collection,organized_underscore,.jpg,542086,835cb5275fb46018,parsed_ok,False
913c4f010eb67e35,FR15ABOM210821100,train,,P,1,/Volumes/EXT DATA/IDMB/images/Tancrede/collection/Bombus_pomorum/drone/FR15ABOM210821100_P1.JPG,/Volumes/EXT DATA/IDMB/images/Tancrede/collection,organized_underscore,.jpg,512069,913c4f010eb67e35,parsed_ok,False
f42811624f4e024a,2019.02188,train,,P,1,/Volumes/EXT DATA/IDMB/images/Tancrede/collection/Bombus_pratorum/worker/2019.02188_P1.JPG,/Volumes/EXT DATA/IDMB/images/Tancrede/collection,organized_underscore,.jpg,227169,f42811624f4e024a,parsed_ok,False
127c09a32a5ad2c7,POLLINIS4393,train,,P,1,/Volumes/EXT DATA/IDMB/images/Tancrede/collection/Bombus_pratorum/worker/POLLINIS4393_P1.JPG,/Volumes/EXT DATA/IDMB/images/Tancrede/collection,organized_underscore,.jpg,182183,127c09a32a5ad2c7,parsed_ok,False
89e52ed4b7024ef9,ABAURA8240b,train,,P,1,/Volumes/EXT DATA/IDMB/images/Tancrede/collection/Bombus_pratorum/worker/ABAURA8240b_P1.JPG,/Volumes/EXT DATA/IDMB/images/Tancrede/collection,organized_underscore,.jpg,263011,89e52ed4b7024ef9,parsed_ok,False
93ce4fdef860b89a,OPPO.2021.03276,train,,P,1,/Volumes/EXT DATA/IDMB/images/Tancrede/collection/Bombus_pratorum/worker/OPPO.2021.03276_P1.JPG,/Volumes/EXT DATA/IDMB/images/Tancrede/collection,organized_underscore,.jpg,179490,93ce4fdef860b89a,parsed_ok,False
b870fba9f6a25f2f,2019.00316,train,,P,1,/Volumes/EXT DATA/IDMB/images/Tancrede/collection/Bombus_pratorum/worker/2019.00316_P1.JPG,/Volumes/EXT DATA/IDMB/images/Tancrede/collection,organized_underscore,.jpg,293488,b870fba9f6a25f2f,parsed_ok,False
b90118c8d0d78a89,ABB.2017.20260,train,,P,1,/Volumes/EXT DATA/IDMB/images/Tancrede/collection/Bombus_pratorum/worker/ABB.2017.20260_P1.JPG,/Volumes/EXT DATA/IDMB/images/Tancrede/collection,organized_underscore,.jpg,227861,b90118c8d0d78a89,parsed_ok,False
4b275e1e738c92ee,CD388769,train,,P,1,/Volumes/EXT DATA/IDMB/images/Tancrede/collection/Bombus_pratorum/worker/CD388769_P1.JPG,/Volumes/EXT DATA/IDMB/images/Tancrede/collection,organized_underscore,.jpg,247843,4b275e1e738c92ee,parsed_ok,False
2f8bb29cbfee6b73,2019.02167,train,,P,1,/Volumes/EXT DATA/IDMB/images/Tancrede/collection/Bombus_pratorum/worker/2019.02167_P1.JPG,/Volumes/EXT DATA/IDMB/images/Tancrede/collection,organized_underscore,.jpg,187035,2f8bb29cbfee6b73,parsed_ok,False
5ef0019c64766344,ABAURA8240,train,,P,1,/Volumes/EXT DATA/IDMB/images/Tancrede/collection/Bombus_pratorum/worker/ABAURA8240_P1.JPG,/Volumes/EXT DATA/IDMB/images/Tancrede/collection,organized_underscore,.jpg,314381,5ef0019c64766344,parsed_ok,False
5d36a1dc6c40a196,CD387770,train,,P,1,/Volumes/EXT DATA/IDMB/images/Tancrede/collection/Bombus_pratorum/worker/CD387770_P1.JPG,/Volumes/EXT DATA/IDMB/images/Tancrede/collection,organized_underscore,.jpg,200476,5d36a1dc6c40a196,parsed_ok,False
5b200b75419ef06b,ABAURA8239,train,,P,1,/Volumes/EXT DATA/IDMB/images/Tancrede/collection/Bombus_pratorum/worker/ABAURA8239_P1.JPG,/Volumes/EXT DATA/IDMB/images/Tancrede/collection,organized_underscore,.jpg,204004,5b200b75419ef06b,parsed_ok,False
13cde92b414e9568,N407,train,,P,1,/Volumes/EXT DATA/IDMB/images/Tancrede/collection/Bombus_pratorum/worker/N407_P1.JPG,/Volumes/EXT DATA/IDMB/images/Tancrede/collection,organized_underscore,.jpg,76863,13cde92b414e9568,parsed_ok,False
81b5edfb69b7813c,ABAURA8239b,train,,P,1,/Volumes/EXT DATA/IDMB/images/Tancrede/collection/Bombus_pratorum/worker/ABAURA8239b_P1.JPG,/Volumes/EXT DATA/IDMB/images/Tancrede/collection,organized_underscore,.jpg,180818,81b5edfb69b7813c,parsed_ok,False
46494972c33dbe67,ABAURA8240c,train,,P,1,/Volumes/EXT DATA/IDMB/images/Tancrede/collection/Bombus_pratorum/worker/ABAURA8240c_P1.JPG,/Volumes/EXT DATA/IDMB/images/Tancrede/collection,organized_underscore,.jpg,179954,46494972c33dbe67,parsed_ok,False
35dbe06fe53cb49c,ABAURA4926,train,,P,1,/Volumes/EXT DATA/IDMB/images/Tancrede/collection/Bombus_pratorum/worker/ABAURA4926_P1.JPG,/Volumes/EXT DATA/IDMB/images/Tancrede/collection,organized_underscore,.jpg,170775,35dbe06fe53cb49c,parsed_ok,False
8405b05d9d266ae0,ABAURA7153,train,,P,1,/Volumes/EXT DATA/IDMB/images/Tancrede/collection/Bombus_pratorum/worker/ABAURA7153_P1.JPG,/Volumes/EXT DATA/IDMB/images/Tancrede/collection,organized_underscore,.jpg,219208,8405b05d9d266ae0,parsed_ok,False
4d6e0692e097a8a0,ABAURA7548,train,,P,1,/Volumes/EXT DATA/IDMB/images/Tancrede/collection/Bombus_pratorum/worker/ABAURA7548_P1.JPG,/Volumes/EXT DATA/IDMB/images/Tancrede/collection,organized_underscore,.jpg,228105,4d6e0692e097a8a0,parsed_ok,False
9a3cd449b2aa6b8c,CEN187839,train,,P,1,/Volumes/EXT DATA/IDMB/images/Tancrede/collection/Bombus_pratorum/worker/CEN187839_P1.JPG,/Volumes/EXT DATA/IDMB/images/Tancrede/collection,organized_underscore,.jpg,225384,9a3cd449b2aa6b8c,parsed_ok,False
89946f269e8b7dc9,ABAURA4898,train,,P,1,/Volumes/EXT DATA/IDMB/images/Tancrede/collection/Bombus_pratorum/worker/ABAURA4898_P1.JPG,/Volumes/EXT DATA/IDMB/images/Tancrede/collection,organized_underscore,.jpg,313006,89946f269e8b7dc9,parsed_ok,False
0c20ae7846435f1d,ABAURA8228,train,,P,1,/Volumes/EXT DATA/IDMB/images/Tancrede/collection/Bombus_pratorum/worker/ABAURA8228_P1.JPG,/Volumes/EXT DATA/IDMB/images/Tancrede/collection,organized_underscore,.jpg,164294,0c20ae7846435f1d,parsed_ok,False
3b53ad332acaa266,N205,train,,P,1,/Volumes/EXT DATA/IDMB/images/Tancrede/collection/Bombus_pratorum/worker/N205_P1.JPG,/Volumes/EXT DATA/IDMB/images/Tancrede/collection,organized_underscore,.jpg,82078,3b53ad332acaa266,parsed_ok,False
02f4b620e0055337,NoName1,train,,P,1,/Volumes/EXT DATA/IDMB/images/Tancrede/collection/Bombus_pratorum/queen/NoName1_P1.JPG,/Volumes/EXT DATA/IDMB/images/Tancrede/collection,organized_underscore,.jpg,1949482,02f4b620e0055337,parsed_ok,False
ee48575111b209bb,2019.02118,train,,P,1,/Volumes/EXT DATA/IDMB/images/Tancrede/collection/Bombus_pratorum/queen/2019.02118_P1.JPG,/Volumes/EXT DATA/IDMB/images/Tancrede/collection,organized_underscore,.jpg,2113912,ee48575111b209bb,parsed_ok,False
c779f73a0c9a877f,2019.01788,train,,P,1,/Volumes/EXT DATA/IDMB/images/Tancrede/collection/Bombus_pratorum/queen/2019.01788_P1.JPG,/Volumes/EXT DATA/IDMB/images/Tancrede/collection,organized_underscore,.jpg,2151998,c779f73a0c9a877f,parsed_ok,False
f70e86c1fd31489e,ABAURA7155,train,,P,1,/Volumes/EXT DATA/IDMB/images/Tancrede/collection/Bombus_pratorum/queen/ABAURA7155_P1.JPG,/Volumes/EXT DATA/IDMB/images/Tancrede/collection,organized_underscore,.jpg,2119191,f70e86c1fd31489e,parsed_ok,False
42bf3a8bcdba75dc,ABAURA8201,train,,P,1,/Volumes/EXT DATA/IDMB/images/Tancrede/collection/Bombus_pratorum/queen/ABAURA8201_P1.JPG,/Volumes/EXT DATA/IDMB/images/Tancrede/collection,organized_underscore,.jpg,1688683,42bf3a8bcdba75dc,parsed_ok,False
54c9b09d1872646e,2019.02184,train,,P,1,/Volumes/EXT DATA/IDMB/images/Tancrede/collection/Bombus_pratorum/queen/2019.02184_P1.JPG,/Volumes/EXT DATA/IDMB/images/Tancrede/collection,organized_underscore,.jpg,2098843,54c9b09d1872646e,parsed_ok,False
efa6e0c1b3e3d432,D264520,train,,P,1,/Volumes/EXT DATA/IDMB/images/Tancrede/collection/Bombus_pratorum/queen/D264520_P1.JPG,/Volumes/EXT DATA/IDMB/images/Tancrede/collection,organized_underscore,.jpg,2137003,efa6e0c1b3e3d432,parsed_ok,False
74fd3bdda28e9f50,ABAURA57210,train,,P,1,/Volumes/EXT DATA/IDMB/images/Tancrede/collection/Bombus_pratorum/queen/ABAURA57210_P1.JPG,/Volumes/EXT DATA/IDMB/images/Tancrede/collection,organized_underscore,.jpg,1807841,74fd3bdda28e9f50,parsed_ok,False
304e58a40cd337e4,CD388229,train,,P,1,/Volumes/EXT DATA/IDMB/images/Tancrede/collection/Bombus_pratorum/drone/CD388229_P1.JPG,/Volumes/EXT DATA/IDMB/images/Tancrede/collection,organized_underscore,.jpg,195221,304e58a40cd337e4,parsed_ok,False
537d713195ee6005,ABAURA8233,train,,P,1,/Volumes/EXT DATA/IDMB/images/Tancrede/collection/Bombus_pratorum/drone/ABAURA8233_P1.JPG,/Volumes/EXT DATA/IDMB/images/Tancrede/collection,organized_underscore,.jpg,261153,537d713195ee6005,parsed_ok,False
4b4e1d2b57237e07,2020.03926,train,,P,1,/Volumes/EXT DATA/IDMB/images/Tancrede/collection/Bombus_pratorum/drone/2020.03926_P1.JPG,/Volumes/EXT DATA/IDMB/images/Tancrede/collection,organized_underscore,.jpg,180111,4b4e1d2b57237e07,parsed_ok,False
c3e3f56fb2404de3,2019.02175,train,,P,1,/Volumes/EXT DATA/IDMB/images/Tancrede/collection/Bombus_pratorum/drone/2019.02175_P1.JPG,/Volumes/EXT DATA/IDMB/images/Tancrede/collection,organized_underscore,.jpg,243777,c3e3f56fb2404de3,parsed_ok,False
fddc68e78f223c4e,N384,train,,P,1,/Volumes/EXT DATA/IDMB/images/Tancrede/collection/Bombus_pratorum/drone/N384_P1.JPG,/Volumes/EXT DATA/IDMB/images/Tancrede/collection,organized_underscore,.jpg,91631,fddc68e78f223c4e,parsed_ok,False
7c0cca821f46d365,ABAURA8747,train,,P,1,/Volumes/EXT DATA/IDMB/images/Tancrede/collection/Bombus_pratorum/drone/ABAURA8747_P1.JPG,/Volumes/EXT DATA/IDMB/images/Tancrede/collection,organized_underscore,.jpg,209598,7c0cca821f46d365,parsed_ok,False
7617310a87115324,2019.02059,train,,P,1,/Volumes/EXT DATA/IDMB/images/Tancrede/collection/Bombus_pratorum/drone/2019.02059_P1.JPG,/Volumes/EXT DATA/IDMB/images/Tancrede/collection,organized_underscore,.jpg,205286,7617310a87115324,parsed_ok,False
0d889f40fa390da5,2020.00301,train,,P,1,/Volumes/EXT DATA/IDMB/images/Tancrede/collection/Bombus_pratorum/drone/2020.00301_P1.JPG,/Volumes/EXT DATA/IDMB/images/Tancrede/collection,organized_underscore,.jpg,209936,0d889f40fa390da5,parsed_ok,False
a00cb064c31581b3,2019.02080,train,,P,1,/Volumes/EXT DATA/IDMB/images/Tancrede/collection/Bombus_pratorum/drone/2019.02080_P1.JPG,/Volumes/EXT DATA/IDMB/images/Tancrede/collection,organized_underscore,.jpg,235318,a00cb064c31581b3,parsed_ok,False
7d879d9eb4e41131,CD388230b,train,,P,1,/Volumes/EXT DATA/IDMB/images/Tancrede/collection/Bombus_pratorum/drone/CD388230b_P1.JPG,/Volumes/EXT DATA/IDMB/images/Tancrede/collection,organized_underscore,.jpg,235103,7d879d9eb4e41131,parsed_ok,False
0fe9c1e253a95923,N815,train,,P,1,/Volumes/EXT DATA/IDMB/images/Tancrede/collection/Bombus_pratorum/drone/N815_P1.JPG,/Volumes/EXT DATA/IDMB/images/Tancrede/collection,organized_underscore,.jpg,100133,0fe9c1e253a95923,parsed_ok,False
2193cff42f43e868,2019.02073,train,,P,1,/Volumes/EXT DATA/IDMB/images/Tancrede/collection/Bombus_pratorum/drone/2019.02073_P1.JPG,/Volumes/EXT DATA/IDMB/images/Tancrede/collection,organized_underscore,.jpg,190434,2193cff42f43e868,parsed_ok,False
4d85fb9b02def419,N385,train,,P,1,/Volumes/EXT DATA/IDMB/images/Tancrede/collection/Bombus_pratorum/drone/N385_P1.JPG,/Volumes/EXT DATA/IDMB/images/Tancrede/collection,organized_underscore,.jpg,97181,4d85fb9b02def419,parsed_ok,False
6aaa45108cab0dfd,2013.0265,train,,P,1,/Volumes/EXT DATA/IDMB/images/Tancrede/collection/Bombus_pratorum/drone/2013.0265_P1.JPG,/Volumes/EXT DATA/IDMB/images/Tancrede/collection,organized_underscore,.jpg,216253,6aaa45108cab0dfd,parsed_ok,False
42ba7d43a51b1c42,AGR.2016.1415,train,,P,1,/Volumes/EXT DATA/IDMB/images/Tancrede/collection/Bombus_pratorum/drone/AGR.2016.1415_P1.JPG,/Volumes/EXT DATA/IDMB/images/Tancrede/collection,organized_underscore,.jpg,196882,42ba7d43a51b1c42,parsed_ok,False
3ff3bea79a5d732d,2007.0008,train,,P,1,/Volumes/EXT DATA/IDMB/images/Tancrede/collection/Bombus_pratorum/drone/2007.0008_P1.JPG,/Volumes/EXT DATA/IDMB/images/Tancrede/collection,organized_underscore,.jpg,199720,3ff3bea79a5d732d,parsed_ok,False
55ebecdaea627112,CD388861,train,,P,1,/Volumes/EXT DATA/IDMB/images/Tancrede/collection/Bombus_pratorum/drone/CD388861_P1.JPG,/Volumes/EXT DATA/IDMB/images/Tancrede/collection,organized_underscore,.jpg,215141,55ebecdaea627112,parsed_ok,False
9c6df7d6072ce5de,CD388230,train,,P,1,/Volumes/EXT DATA/IDMB/images/Tancrede/collection/Bombus_pratorum/drone/CD388230_P1.JPG,/Volumes/EXT DATA/IDMB/images/Tancrede/collection,organized_underscore,.jpg,157567,9c6df7d6072ce5de,parsed_ok,False
842d22d52f3b02d6,ABAURA8238,train,,P,1,/Volumes/EXT DATA/IDMB/images/Tancrede/collection/Bombus_pratorum/drone/ABAURA8238_P1.JPG,/Volumes/EXT DATA/IDMB/images/Tancrede/collection,organized_underscore,.jpg,197758,842d22d52f3b02d6,parsed_ok,False
1eff9845b08d9b0f,POLLINIS4351,train,,P,1,/Volumes/EXT DATA/IDMB/images/Tancrede/collection/Bombus_pratorum/drone/POLLINIS4351_P1.JPG,/Volumes/EXT DATA/IDMB/images/Tancrede/collection,organized_underscore,.jpg,261543,1eff9845b08d9b0f,parsed_ok,False
63ba1065ff892e90,ABAURA8607,train,,P,1,/Volumes/EXT DATA/IDMB/images/Tancrede/collection/Bombus_pratorum/drone/ABAURA8607_P1.JPG,/Volumes/EXT DATA/IDMB/images/Tancrede/collection,organized_underscore,.jpg,232287,63ba1065ff892e90,parsed_ok,False
3708629f9f18f3d4,N628,train,,P,1,/Volumes/EXT DATA/IDMB/images/Tancrede/collection/Bombus_pratorum/drone/N628_P1.JPG,/Volumes/EXT DATA/IDMB/images/Tancrede/collection,organized_underscore,.jpg,100964,3708629f9f18f3d4,parsed_ok,False
be8e3546094ea62a,ABAURA8764,train,,P,1,/Volumes/EXT DATA/IDMB/images/Tancrede/collection/Bombus_pratorum/drone/ABAURA8764_P1.JPG,/Volumes/EXT DATA/IDMB/images/Tancrede/collection,organized_underscore,.jpg,268000,be8e3546094ea62a,parsed_ok,False
49c39e9379ec3e71,N126,train,,P,1,/Volumes/EXT DATA/IDMB/images/Tancrede/collection/Bombus_pratorum/drone/N126_P1.JPG,/Volumes/EXT DATA/IDMB/images/Tancrede/collection,organized_underscore,.jpg,78437,49c39e9379ec3e71,parsed_ok,False
970fde072567a9b1,FR04ABOM220722089,train,,P,1,/Volumes/EXT DATA/IDMB/images/Tancrede/collection/Bombus_pyrenaeus/queen/FR04ABOM220722089_P1.JPG,/Volumes/EXT DATA/IDMB/images/Tancrede/collection,organized_underscore,.jpg,5158637,970fde072567a9b1,parsed_ok,False
753050243f266b43,FR04ABOM220722092,train,,P,1,/Volumes/EXT DATA/IDMB/images/Tancrede/collection/Bombus_pyrenaeus/worker/FR04ABOM220722092_P1.JPG,/Volumes/EXT DATA/IDMB/images/Tancrede/collection,organized_underscore,.jpg,4541236,753050243f266b43,parsed_ok,False
6ed883c199116c26,FR73ABOM120722021,train,,P,1,/Volumes/EXT DATA/IDMB/images/Tancrede/collection/Bombus_pyrenaeus/worker/FR73ABOM120722021_P1.JPG,/Volumes/EXT DATA/IDMB/images/Tancrede/collection,organized_underscore,.jpg,4952079,6ed883c199116c26,parsed_ok,False
79834c1fd58c6195,FR73ABOM120722042,train,,P,1,/Volumes/EXT DATA/IDMB/images/Tancrede/collection/Bombus_pyrenaeus/worker/FR73ABOM120722042_P1.JPG,/Volumes/EXT DATA/IDMB/images/Tancrede/collection,organized_underscore,.jpg,4795931,79834c1fd58c6195,parsed_ok,False
9862b7d851abcc80,FR73ABOM200722041,train,,P,1,/Volumes/EXT DATA/IDMB/images/Tancrede/collection/Bombus_pyrenaeus/worker/FR73ABOM200722041_P1.JPG,/Volumes/EXT DATA/IDMB/images/Tancrede/collection,organized_underscore,.jpg,4913999,9862b7d851abcc80,parsed_ok,False
68dee5762500e02e,CD388623e,train,,P,1,/Volumes/EXT DATA/IDMB/images/Tancrede/collection/Bombus_pyrenaeus/worker/CD388623e_P1.JPG,/Volumes/EXT DATA/IDMB/images/Tancrede/collection,organized_underscore,.jpg,219533,68dee5762500e02e,parsed_ok,False
f26bca0a30ed5d84,FR73ABOM130722006,train,,P,1,/Volumes/EXT DATA/IDMB/images/Tancrede/collection/Bombus_pyrenaeus/worker/FR73ABOM130722006_P1.JPG,/Volumes/EXT DATA/IDMB/images/Tancrede/collection,organized_underscore,.jpg,5227255,f26bca0a30ed5d84,parsed_ok,False
8ce0e4b5d83759a4,ABAURA8240d,train,,P,1,/Volumes/EXT DATA/IDMB/images/Tancrede/collection/Bombus_pyrenaeus/worker/ABAURA8240d_P1.JPG,/Volumes/EXT DATA/IDMB/images/Tancrede/collection,organized_underscore,.jpg,163499,8ce0e4b5d83759a4,parsed_ok,False
536d6ed69e2deb97,ABAURA8228b,train,,P,1,/Volumes/EXT DATA/IDMB/images/Tancrede/collection/Bombus_pyrenaeus/worker/ABAURA8228b_P1.JPG,/Volumes/EXT DATA/IDMB/images/Tancrede/collection,organized_underscore,.jpg,184705,536d6ed69e2deb97,parsed_ok,False
bad35adae20298a0,FR73ABOM200722034,train,,P,1,/Volumes/EXT DATA/IDMB/images/Tancrede/collection/Bombus_pyrenaeus/worker/FR73ABOM200722034_P1.JPG,/Volumes/EXT DATA/IDMB/images/Tancrede/collection,organized_underscore,.jpg,5135528,bad35adae20298a0,parsed_ok,False
276e83d7d067f0ce,FR73ABOM200722038,train,,P,1,/Volumes/EXT DATA/IDMB/images/Tancrede/collection/Bombus_pyrenaeus/worker/FR73ABOM200722038_P1.JPG,/Volumes/EXT DATA/IDMB/images/Tancrede/collection,organized_underscore,.jpg,4670336,276e83d7d067f0ce,parsed_ok,False
60c0780e8ead0697,FR73ABOM120722103,train,,P,1,/Volumes/EXT DATA/IDMB/images/Tancrede/collection/Bombus_pyrenaeus/worker/FR73ABOM120722103_P1.JPG,/Volumes/EXT DATA/IDMB/images/Tancrede/collection,organized_underscore,.jpg,4776080,60c0780e8ead0697,parsed_ok,False
558ee31b272a3e7b,FR73ABOM130722004,train,,P,1,/Volumes/EXT DATA/IDMB/images/Tancrede/collection/Bombus_pyrenaeus/worker/FR73ABOM130722004_P1.JPG,/Volumes/EXT DATA/IDMB/images/Tancrede/collection,organized_underscore,.jpg,5387266,558ee31b272a3e7b,parsed_ok,False
e7de34520d0a1d14,FR73ABOM140722039,train,,P,1,/Volumes/EXT DATA/IDMB/images/Tancrede/collection/Bombus_pyrenaeus/worker/FR73ABOM140722039_P1.JPG,/Volumes/EXT DATA/IDMB/images/Tancrede/collection,organized_underscore,.jpg,4758388,e7de34520d0a1d14,parsed_ok,False
6b145a707d3bfe93,FR73ABOM130722046,train,,P,1,/Volumes/EXT DATA/IDMB/images/Tancrede/collection/Bombus_pyrenaeus/worker/FR73ABOM130722046_P1.JPG,/Volumes/EXT DATA/IDMB/images/Tancrede/collection,organized_underscore,.jpg,4929348,6b145a707d3bfe93,parsed_ok,False
6cb9207e841f5b18,FR73ABOM200722040,train,,P,1,/Volumes/EXT DATA/IDMB/images/Tancrede/collection/Bombus_pyrenaeus/worker/FR73ABOM200722040_P1.JPG,/Volumes/EXT DATA/IDMB/images/Tancrede/collection,organized_underscore,.jpg,4908774,6cb9207e841f5b18,parsed_ok,False
8de06932b0ba830e,ABAURA8206,train,,P,1,/Volumes/EXT DATA/IDMB/images/Tancrede/collection/Bombus_pyrenaeus/worker/ABAURA8206_P1.JPG,/Volumes/EXT DATA/IDMB/images/Tancrede/collection,organized_underscore,.jpg,198731,8de06932b0ba830e,parsed_ok,False
5a5efd17a2622447,FR73ABOM130722027,train,,P,1,/Volumes/EXT DATA/IDMB/images/Tancrede/collection/Bombus_pyrenaeus/worker/FR73ABOM130722027_P1.JPG,/Volumes/EXT DATA/IDMB/images/Tancrede/collection,organized_underscore,.jpg,5286645,5a5efd17a2622447,parsed_ok,False
208c787ce97a2e8e,FR73ABOM200722039,train,,P,1,/Volumes/EXT DATA/IDMB/images/Tancrede/collection/Bombus_pyrenaeus/worker/FR73ABOM200722039_P1.JPG,/Volumes/EXT DATA/IDMB/images/Tancrede/collection,organized_underscore,.jpg,4904601,208c787ce97a2e8e,parsed_ok,False
8a73c15b67d769dd,FR04ABOM220722031,train,,P,1,/Volumes/EXT DATA/IDMB/images/Tancrede/collection/Bombus_pyrenaeus/worker/FR04ABOM220722031_P1.JPG,/Volumes/EXT DATA/IDMB/images/Tancrede/collection,organized_underscore,.jpg,4766996,8a73c15b67d769dd,parsed_ok,False
deb7b3acbd50660f,CD388861b,train,,P,1,/Volumes/EXT DATA/IDMB/images/Tancrede/collection/Bombus_pyrenaeus/worker/CD388861b_P1.JPG,/Volumes/EXT DATA/IDMB/images/Tancrede/collection,organized_underscore,.jpg,282137,deb7b3acbd50660f,parsed_ok,False
d4661d90b2c2b5c4,FR73ABOM130722005,train,,P,1,/Volumes/EXT DATA/IDMB/images/Tancrede/collection/Bombus_pyrenaeus/worker/FR73ABOM130722005_P1.JPG,/Volumes/EXT DATA/IDMB/images/Tancrede/collection,organized_underscore,.jpg,5095083,d4661d90b2c2b5c4,parsed_ok,False
2aa0edf2f211988d,FR73ABOM200722037,train,,P,1,/Volumes/EXT DATA/IDMB/images/Tancrede/collection/Bombus_pyrenaeus/worker/FR73ABOM200722037_P1.JPG,/Volumes/EXT DATA/IDMB/images/Tancrede/collection,organized_underscore,.jpg,4739247,2aa0edf2f211988d,parsed_ok,False
5fb28490ce2fcf96,ABAURA8212,train,,P,1,/Volumes/EXT DATA/IDMB/images/Tancrede/collection/Bombus_pyrenaeus/worker/ABAURA8212_P1.JPG,/Volumes/EXT DATA/IDMB/images/Tancrede/collection,organized_underscore,.jpg,238775,5fb28490ce2fcf96,parsed_ok,False
ef6eda02d790d8d0,FR04ABOM220722061,train,,P,1,/Volumes/EXT DATA/IDMB/images/Tancrede/collection/Bombus_pyrenaeus/drone/FR04ABOM220722061_P1.JPG,/Volumes/EXT DATA/IDMB/images/Tancrede/collection,organized_underscore,.jpg,5267857,ef6eda02d790d8d0,parsed_ok,False
568dd869160c4c36,FR73ABOM130722063,train,,P,1,/Volumes/EXT DATA/IDMB/images/Tancrede/collection/Bombus_pyrenaeus/drone/FR73ABOM130722063_P1.JPG,/Volumes/EXT DATA/IDMB/images/Tancrede/collection,organized_underscore,.jpg,5075987,568dd869160c4c36,parsed_ok,False
fa07f6933c7269dd,2020.03936,train,,P,1,/Volumes/EXT DATA/IDMB/images/Tancrede/collection/Bombus_pyrenaeus/drone/2020.03936_P1.JPG,/Volumes/EXT DATA/IDMB/images/Tancrede/collection,organized_underscore,.jpg,5302442,fa07f6933c7269dd,parsed_ok,False
b560a956ac7a102f,CD388821b,train,,P,1,/Volumes/EXT DATA/IDMB/images/Tancrede/collection/Bombus_pyrenaeus/drone/CD388821b_P1.JPG,/Volumes/EXT DATA/IDMB/images/Tancrede/collection,organized_underscore,.jpg,192621,b560a956ac7a102f,parsed_ok,False
0ab7aace9a08d7f1,FR73ABOM130722065,train,,P,1,/Volumes/EXT DATA/IDMB/images/Tancrede/collection/Bombus_pyrenaeus/drone/FR73ABOM130722065_P1.JPG,/Volumes/EXT DATA/IDMB/images/Tancrede/collection,organized_underscore,.jpg,5190850,0ab7aace9a08d7f1,parsed_ok,False
6ab1330ba20e66b4,FR73ABOM130722018,train,,P,1,/Volumes/EXT DATA/IDMB/images/Tancrede/collection/Bombus_pyrenaeus/drone/FR73ABOM130722018_P1.JPG,/Volumes/EXT DATA/IDMB/images/Tancrede/collection,organized_underscore,.jpg,5278926,6ab1330ba20e66b4,parsed_ok,False
c5c1095e92123444,FR73ABOM130722030,train,,P,1,/Volumes/EXT DATA/IDMB/images/Tancrede/collection/Bombus_pyrenaeus/drone/FR73ABOM130722030_P1.JPG,/Volumes/EXT DATA/IDMB/images/Tancrede/collection,organized_underscore,.jpg,5685541,c5c1095e92123444,parsed_ok,False
f71ff213f80d0bf8,FR73ABOM120722072,train,,P,1,/Volumes/EXT DATA/IDMB/images/Tancrede/collection/Bombus_pyrenaeus/drone/FR73ABOM120722072_P1.JPG,/Volumes/EXT DATA/IDMB/images/Tancrede/collection,organized_underscore,.jpg,5181878,f71ff213f80d0bf8,parsed_ok,False
949349bacb399a2a,CD388821d,train,,P,1,/Volumes/EXT DATA/IDMB/images/Tancrede/collection/Bombus_pyrenaeus/drone/CD388821d_P1.JPG,/Volumes/EXT DATA/IDMB/images/Tancrede/collection,organized_underscore,.jpg,211854,949349bacb399a2a,parsed_ok,False
f6736c92ae4db2eb,2020.00254,train,,P,1,/Volumes/EXT DATA/IDMB/images/Tancrede/collection/Bombus_pyrenaeus/drone/2020.00254_P1.JPG,/Volumes/EXT DATA/IDMB/images/Tancrede/collection,organized_underscore,.jpg,5490593,f6736c92ae4db2eb,parsed_ok,False
4dca7e8b0e1d3936,FR73ABOM200722028,train,,P,1,/Volumes/EXT DATA/IDMB/images/Tancrede/collection/Bombus_pyrenaeus/drone/FR73ABOM200722028_P1.JPG,/Volumes/EXT DATA/IDMB/images/Tancrede/collection,organized_underscore,.jpg,5209507,4dca7e8b0e1d3936,parsed_ok,False
c955aaacc2dde60b,FR73ABOM130722067,train,,P,1,/Volumes/EXT DATA/IDMB/images/Tancrede/collection/Bombus_pyrenaeus/drone/FR73ABOM130722067_P1.JPG,/Volumes/EXT DATA/IDMB/images/Tancrede/collection,organized_underscore,.jpg,5575470,c955aaacc2dde60b,parsed_ok,False
dee0257031455c91,FR73ABOM130722020,train,,P,1,/Volumes/EXT DATA/IDMB/images/Tancrede/collection/Bombus_pyrenaeus/drone/FR73ABOM130722020_P1.JPG,/Volumes/EXT DATA/IDMB/images/Tancrede/collection,organized_underscore,.jpg,5385654,dee0257031455c91,parsed_ok,False
8375f2bfd3459f92,FR73ABOM130722062,train,,P,1,/Volumes/EXT DATA/IDMB/images/Tancrede/collection/Bombus_pyrenaeus/drone/FR73ABOM130722062_P1.JPG,/Volumes/EXT DATA/IDMB/images/Tancrede/collection,organized_underscore,.jpg,5111764,8375f2bfd3459f92,parsed_ok,False
1c74833a97e97545,CD388821c,train,,P,1,/Volumes/EXT DATA/IDMB/images/Tancrede/collection/Bombus_pyrenaeus/drone/CD388821c_P1.JPG,/Volumes/EXT DATA/IDMB/images/Tancrede/collection,organized_underscore,.jpg,189653,1c74833a97e97545,parsed_ok,False
dcbd2af986d811c3,FR73ABOM200722019,train,,P,1,/Volumes/EXT DATA/IDMB/images/Tancrede/collection/Bombus_pyrenaeus/drone/FR73ABOM200722019_P1.JPG,/Volumes/EXT DATA/IDMB/images/Tancrede/collection,organized_underscore,.jpg,5221212,dcbd2af986d811c3,parsed_ok,False
b3639caf3ddf3dca,FR73ABOM120722002,train,,P,1,/Volumes/EXT DATA/IDMB/images/Tancrede/collection/Bombus_pyrenaeus/drone/FR73ABOM120722002_P1.JPG,/Volumes/EXT DATA/IDMB/images/Tancrede/collection,organized_underscore,.jpg,5546762,b3639caf3ddf3dca,parsed_ok,False
37a7207027a8adec,FR73ABOM130722040,train,,P,1,/Volumes/EXT DATA/IDMB/images/Tancrede/collection/Bombus_pyrenaeus/drone/FR73ABOM130722040_P1.JPG,/Volumes/EXT DATA/IDMB/images/Tancrede/collection,organized_underscore,.jpg,5539701,37a7207027a8adec,parsed_ok,False
14e8257475f3d276,FR73ABOM130722007,train,,P,1,/Volumes/EXT DATA/IDMB/images/Tancrede/collection/Bombus_pyrenaeus/drone/FR73ABOM130722007_P1.JPG,/Volumes/EXT DATA/IDMB/images/Tancrede/collection,organized_underscore,.jpg,5465418,14e8257475f3d276,parsed_ok,False
904d5ba12b20a98c,FR73ABOM130722064,train,,P,1,/Volumes/EXT DATA/IDMB/images/Tancrede/collection/Bombus_pyrenaeus/drone/FR73ABOM130722064_P1.JPG,/Volumes/EXT DATA/IDMB/images/Tancrede/collection,organized_underscore,.jpg,5376892,904d5ba12b20a98c,parsed_ok,False
cef5edace93bae09,FR73ABOM130722021,train,,P,1,/Volumes/EXT DATA/IDMB/images/Tancrede/collection/Bombus_pyrenaeus/drone/FR73ABOM130722021_P1.JPG,/Volumes/EXT DATA/IDMB/images/Tancrede/collection,organized_underscore,.jpg,5228228,cef5edace93bae09,parsed_ok,False
bc837c5c536d0f37,FR73ABOM130722066,train,,P,1,/Volumes/EXT DATA/IDMB/images/Tancrede/collection/Bombus_pyrenaeus/drone/FR73ABOM130722066_P1.JPG,/Volumes/EXT DATA/IDMB/images/Tancrede/collection,organized_underscore,.jpg,5215836,bc837c5c536d0f37,parsed_ok,False
63678a52fde73929,FR73ABOM130722009,train,,P,1,/Volumes/EXT DATA/IDMB/images/Tancrede/collection/Bombus_pyrenaeus/drone/FR73ABOM130722009_P1.JPG,/Volumes/EXT DATA/IDMB/images/Tancrede/collection,organized_underscore,.jpg,5402631,63678a52fde73929,parsed_ok,False
f121964e05160221,FR73ABOM200722029,train,,P,1,/Volumes/EXT DATA/IDMB/images/Tancrede/collection/Bombus_pyrenaeus/drone/FR73ABOM200722029_P1.JPG,/Volumes/EXT DATA/IDMB/images/Tancrede/collection,organized_underscore,.jpg,5447039,f121964e05160221,parsed_ok,False
ee197cdadbd4e695,ABAURA8885f,train,,P,1,/Volumes/EXT DATA/IDMB/images/Tancrede/collection/Bombus_ruderarius/queen/ABAURA8885f_P1.JPG,/Volumes/EXT DATA/IDMB/images/Tancrede/collection,organized_underscore,.jpg,4659910,ee197cdadbd4e695,parsed_ok,False
75c500bdb7c8a50f,ABAURA7163,train,,P,1,/Volumes/EXT DATA/IDMB/images/Tancrede/collection/Bombus_ruderarius/queen/ABAURA7163_P1.JPG,/Volumes/EXT DATA/IDMB/images/Tancrede/collection,organized_underscore,.jpg,4759535,75c500bdb7c8a50f,parsed_ok,False
63b62392223dee89,ABAURA8885e,train,,P,1,/Volumes/EXT DATA/IDMB/images/Tancrede/collection/Bombus_ruderarius/queen/ABAURA8885e_P1.JPG,/Volumes/EXT DATA/IDMB/images/Tancrede/collection,organized_underscore,.jpg,4770186,63b62392223dee89,parsed_ok,False
376d74c2ab1a0a98,ABAURA8150c,train,,P,1,/Volumes/EXT DATA/IDMB/images/Tancrede/collection/Bombus_ruderarius/queen/ABAURA8150c_P1.JPG,/Volumes/EXT DATA/IDMB/images/Tancrede/collection,organized_underscore,.jpg,4595995,376d74c2ab1a0a98,parsed_ok,False
7e2dafde6c4633a9,ABAURA7150,train,,P,1,/Volumes/EXT DATA/IDMB/images/Tancrede/collection/Bombus_ruderarius/queen/ABAURA7150_P1.JPG,/Volumes/EXT DATA/IDMB/images/Tancrede/collection,organized_underscore,.jpg,4752128,7e2dafde6c4633a9,parsed_ok,False
ac8b4b9c4cddd228,POLLINIS4455,train,,P,1,/Volumes/EXT DATA/IDMB/images/Tancrede/collection/Bombus_ruderarius/worker/POLLINIS4455_P1.JPG,/Volumes/EXT DATA/IDMB/images/Tancrede/collection,organized_underscore,.jpg,470425,ac8b4b9c4cddd228,parsed_ok,False
d3c23fde07d656e9,VAN-2019.00795,train,,P,1,/Volumes/EXT DATA/IDMB/images/Tancrede/collection/Bombus_ruderarius/worker/VAN-2019.00795_P1.JPG,/Volumes/EXT DATA/IDMB/images/Tancrede/collection,organized_underscore,.jpg,86093,d3c23fde07d656e9,parsed_ok,False
b70661838db2b7f6,D264515,train,,P,1,/Volumes/EXT DATA/IDMB/images/Tancrede/collection/Bombus_ruderarius/worker/D264515_P1.JPG,/Volumes/EXT DATA/IDMB/images/Tancrede/collection,organized_underscore,.jpg,414105,b70661838db2b7f6,parsed_ok,False
628b63ecf2322f0d,ABAURA4936,train,,P,1,/Volumes/EXT DATA/IDMB/images/Tancrede/collection/Bombus_ruderarius/worker/ABAURA4936_P1.JPG,/Volumes/EXT DATA/IDMB/images/Tancrede/collection,organized_underscore,.jpg,428579,628b63ecf2322f0d,parsed_ok,False
d3c4024dfbc8614b,ABAURA4923,train,,P,1,/Volumes/EXT DATA/IDMB/images/Tancrede/collection/Bombus_ruderarius/worker/ABAURA4923_P1.JPG,/Volumes/EXT DATA/IDMB/images/Tancrede/collection,organized_underscore,.jpg,84452,d3c4024dfbc8614b,parsed_ok,False
c0601432bb229806,ABAURA4915,train,,P,1,/Volumes/EXT DATA/IDMB/images/Tancrede/collection/Bombus_ruderarius/worker/ABAURA4915_P1.JPG,/Volumes/EXT DATA/IDMB/images/Tancrede/collection,organized_underscore,.jpg,85323,c0601432bb229806,parsed_ok,False
e422a5af4a9433e7,ABAURA8606,train,,P,1,/Volumes/EXT DATA/IDMB/images/Tancrede/collection/Bombus_ruderarius/worker/ABAURA8606_P1.JPG,/Volumes/EXT DATA/IDMB/images/Tancrede/collection,organized_underscore,.jpg,81818,e422a5af4a9433e7,parsed_ok,False
55b0dae91d656b90,CD387313,train,,P,1,/Volumes/EXT DATA/IDMB/images/Tancrede/collection/Bombus_ruderarius/worker/CD387313_P1.JPG,/Volumes/EXT DATA/IDMB/images/Tancrede/collection,organized_underscore,.jpg,85953,55b0dae91d656b90,parsed_ok,False
9344e9115a3d927c,ABAURA8205b,train,,P,1,/Volumes/EXT DATA/IDMB/images/Tancrede/collection/Bombus_ruderarius/worker/ABAURA8205b_P1.JPG,/Volumes/EXT DATA/IDMB/images/Tancrede/collection,organized_underscore,.jpg,86584,9344e9115a3d927c,parsed_ok,False
0b09250a0a4254d6,ABAURA8205c,train,,P,1,/Volumes/EXT DATA/IDMB/images/Tancrede/collection/Bombus_ruderarius/worker/ABAURA8205c_P1.JPG,/Volumes/EXT DATA/IDMB/images/Tancrede/collection,organized_underscore,.jpg,78100,0b09250a0a4254d6,parsed_ok,False
7c0b26d46cf2c2df,POLLINIS4402,train,,P,1,/Volumes/EXT DATA/IDMB/images/Tancrede/collection/Bombus_ruderarius/worker/POLLINIS4402_P1.JPG,/Volumes/EXT DATA/IDMB/images/Tancrede/collection,organized_underscore,.jpg,106023,7c0b26d46cf2c2df,parsed_ok,False
d80d61b3f387a114,ABAURA4904,train,,P,1,/Volumes/EXT DATA/IDMB/images/Tancrede/collection/Bombus_ruderarius/worker/ABAURA4904_P1.JPG,/Volumes/EXT DATA/IDMB/images/Tancrede/collection,organized_underscore,.jpg,67743,d80d61b3f387a114,parsed_ok,False
540acda149407478,ABAURA4902,train,,P,1,/Volumes/EXT DATA/IDMB/images/Tancrede/collection/Bombus_ruderarius/worker/ABAURA4902_P1.JPG,/Volumes/EXT DATA/IDMB/images/Tancrede/collection,organized_underscore,.jpg,102215,540acda149407478,parsed_ok,False
283aeea6c54e375c,ABB-2020.00038,train,,P,1,/Volumes/EXT DATA/IDMB/images/Tancrede/collection/Bombus_ruderarius/worker/ABB-2020.00038_P1.JPG,/Volumes/EXT DATA/IDMB/images/Tancrede/collection,organized_underscore,.jpg,538825,283aeea6c54e375c,parsed_ok,False
eef6cd510b8c8d04,2020.00377,train,,P,1,/Volumes/EXT DATA/IDMB/images/Tancrede/collection/Bombus_ruderarius/worker/2020.00377_P1.JPG,/Volumes/EXT DATA/IDMB/images/Tancrede/collection,organized_underscore,.jpg,96196,eef6cd510b8c8d04,parsed_ok,False
415b684e00ba2b66,CD387766b,train,,P,1,/Volumes/EXT DATA/IDMB/images/Tancrede/collection/Bombus_ruderarius/worker/CD387766b_P1.JPG,/Volumes/EXT DATA/IDMB/images/Tancrede/collection,organized_underscore,.jpg,84880,415b684e00ba2b66,parsed_ok,False
ce731804d06f7a67,ABAURA8150b,train,,P,1,/Volumes/EXT DATA/IDMB/images/Tancrede/collection/Bombus_ruderarius/worker/ABAURA8150b_P1.JPG,/Volumes/EXT DATA/IDMB/images/Tancrede/collection,organized_underscore,.jpg,86974,ce731804d06f7a67,parsed_ok,False
e4c6a8c0abcf868a,ABAURA4928,train,,P,1,/Volumes/EXT DATA/IDMB/images/Tancrede/collection/Bombus_ruderarius/worker/ABAURA4928_P1.JPG,/Volumes/EXT DATA/IDMB/images/Tancrede/collection,organized_underscore,.jpg,431959,e4c6a8c0abcf868a,parsed_ok,False
3f0e311150ca8191,ABAURA8205,train,,P,1,/Volumes/EXT DATA/IDMB/images/Tancrede/collection/Bombus_ruderarius/worker/ABAURA8205_P1.JPG,/Volumes/EXT DATA/IDMB/images/Tancrede/collection,organized_underscore,.jpg,83236,3f0e311150ca8191,parsed_ok,False
1952402d502178fd,ABAURA4923b,train,,P,1,/Volumes/EXT DATA/IDMB/images/Tancrede/collection/Bombus_ruderarius/worker/ABAURA4923b_P1.JPG,/Volumes/EXT DATA/IDMB/images/Tancrede/collection,organized_underscore,.jpg,405005,1952402d502178fd,parsed_ok,False
d2be479349d29baa,FR05ABOM220722024,train,,P,1,/Volumes/EXT DATA/IDMB/images/Tancrede/collection/Bombus_ruderarius/drone/FR05ABOM220722024_P1.JPG,/Volumes/EXT DATA/IDMB/images/Tancrede/collection,organized_underscore,.jpg,469869,d2be479349d29baa,parsed_ok,False
cc2d85c55aacd5b1,FR05ABOM220722023,train,,P,1,/Volumes/EXT DATA/IDMB/images/Tancrede/collection/Bombus_ruderarius/drone/FR05ABOM220722023_P1.JPG,/Volumes/EXT DATA/IDMB/images/Tancrede/collection,organized_underscore,.jpg,325408,cc2d85c55aacd5b1,parsed_ok,False
53d810b45feef262,FR05ABOM220722025,train,,P,1,/Volumes/EXT DATA/IDMB/images/Tancrede/collection/Bombus_ruderarius/drone/FR05ABOM220722025_P1.JPG,/Volumes/EXT DATA/IDMB/images/Tancrede/collection,organized_underscore,.jpg,444916,53d810b45feef262,parsed_ok,False
0bcfa413960ec94a,FR04ABOM220722054,train,,P,1,/Volumes/EXT DATA/IDMB/images/Tancrede/collection/Bombus_ruderarius/drone/FR04ABOM220722054_P1.JPG,/Volumes/EXT DATA/IDMB/images/Tancrede/collection,organized_underscore,.jpg,432214,0bcfa413960ec94a,parsed_ok,False
1bcba009be094cb2,FR73ABOM120722025,train,,P,1,/Volumes/EXT DATA/IDMB/images/Tancrede/collection/Bombus_ruderarius/drone/FR73ABOM120722025_P1.JPG,/Volumes/EXT DATA/IDMB/images/Tancrede/collection,organized_underscore,.jpg,440242,1bcba009be094cb2,parsed_ok,False
91a4e0e5796070bf,FR04ABOM220722055,train,,P,1,/Volumes/EXT DATA/IDMB/images/Tancrede/collection/Bombus_ruderarius/drone/FR04ABOM220722055_P1.JPG,/Volumes/EXT DATA/IDMB/images/Tancrede/collection,organized_underscore,.jpg,450841,91a4e0e5796070bf,parsed_ok,False
28182d510ab5b500,ABAURA8852,train,,P,1,/Volumes/EXT DATA/IDMB/images/Tancrede/collection/Bombus_ruderarius/drone/ABAURA8852_P1.JPG,/Volumes/EXT DATA/IDMB/images/Tancrede/collection,organized_underscore,.jpg,101191,28182d510ab5b500,parsed_ok,False
3bfca735c99e34b9,FR05ABOM220722028,train,,P,1,/Volumes/EXT DATA/IDMB/images/Tancrede/collection/Bombus_ruderarius/drone/FR05ABOM220722028_P1.JPG,/Volumes/EXT DATA/IDMB/images/Tancrede/collection,organized_underscore,.jpg,475616,3bfca735c99e34b9,parsed_ok,False
ed6461b9013e8cf2,ABAURA8885b,train,,P,1,/Volumes/EXT DATA/IDMB/images/Tancrede/collection/Bombus_ruderarius/drone/ABAURA8885b_P1.JPG,/Volumes/EXT DATA/IDMB/images/Tancrede/collection,organized_underscore,.jpg,117773,ed6461b9013e8cf2,parsed_ok,False
44d3abab7f3725cb,ABAURA8885d,train,,P,1,/Volumes/EXT DATA/IDMB/images/Tancrede/collection/Bombus_ruderarius/drone/ABAURA8885d_P1.JPG,/Volumes/EXT DATA/IDMB/images/Tancrede/collection,organized_underscore,.jpg,80651,44d3abab7f3725cb,parsed_ok,False
d2b81ddf68d8c1ae,ABAURA8885c,train,,P,1,/Volumes/EXT DATA/IDMB/images/Tancrede/collection/Bombus_ruderarius/drone/ABAURA8885c_P1.JPG,/Volumes/EXT DATA/IDMB/images/Tancrede/collection,organized_underscore,.jpg,105733,d2b81ddf68d8c1ae,parsed_ok,False
863ba578bb4b7559,ABAURA8595,train,,P,1,/Volumes/EXT DATA/IDMB/images/Tancrede/collection/Bombus_ruderarius/drone/ABAURA8595_P1.JPG,/Volumes/EXT DATA/IDMB/images/Tancrede/collection,organized_underscore,.jpg,115595,863ba578bb4b7559,parsed_ok,False
b2521710042a8c57,FR04ABOM220722057,train,,P,1,/Volumes/EXT DATA/IDMB/images/Tancrede/collection/Bombus_ruderarius/drone/FR04ABOM220722057_P1.JPG,/Volumes/EXT DATA/IDMB/images/Tancrede/collection,organized_underscore,.jpg,494903,b2521710042a8c57,parsed_ok,False
a1abaab880c514c7,FR04ABOM220722050,train,,P,1,/Volumes/EXT DATA/IDMB/images/Tancrede/collection/Bombus_ruderarius/drone/FR04ABOM220722050_P1.JPG,/Volumes/EXT DATA/IDMB/images/Tancrede/collection,organized_underscore,.jpg,436380,a1abaab880c514c7,parsed_ok,False
4a624820aa05cb0e,FR04ABOM220722051,train,,P,1,/Volumes/EXT DATA/IDMB/images/Tancrede/collection/Bombus_ruderarius/drone/FR04ABOM220722051_P1.JPG,/Volumes/EXT DATA/IDMB/images/Tancrede/collection,organized_underscore,.jpg,440701,4a624820aa05cb0e,parsed_ok,False
91c5e803fafc7ba3,CD388018,train,,P,1,/Volumes/EXT DATA/IDMB/images/Tancrede/collection/Bombus_ruderarius/drone/CD388018_P1.JPG,/Volumes/EXT DATA/IDMB/images/Tancrede/collection,organized_underscore,.jpg,92288,91c5e803fafc7ba3,parsed_ok,False
8b42e5d9bce9444d,ABAURA8204,train,,P,1,/Volumes/EXT DATA/IDMB/images/Tancrede/collection/Bombus_ruderarius/drone/ABAURA8204_P1.JPG,/Volumes/EXT DATA/IDMB/images/Tancrede/collection,organized_underscore,.jpg,85376,8b42e5d9bce9444d,parsed_ok,False
91e68499d152516a,CD388018b,train,,P,1,/Volumes/EXT DATA/IDMB/images/Tancrede/collection/Bombus_ruderarius/drone/CD388018b_P1.JPG,/Volumes/EXT DATA/IDMB/images/Tancrede/collection,organized_underscore,.jpg,94334,91e68499d152516a,parsed_ok,False
8dc8a0af16c49cbd,ABAURA8602,train,,P,1,/Volumes/EXT DATA/IDMB/images/Tancrede/collection/Bombus_ruderarius/drone/ABAURA8602_P1.JPG,/Volumes/EXT DATA/IDMB/images/Tancrede/collection,organized_underscore,.jpg,100747,8dc8a0af16c49cbd,parsed_ok,False
cdb5ea208fb8ae9e,ATBI_GR5,train,,P,1,/Volumes/EXT DATA/IDMB/images/Tancrede/collection/Bombus_ruderarius/drone/ATBI_GR5_P1.JPG,/Volumes/EXT DATA/IDMB/images/Tancrede/collection,organized_underscore,.jpg,100501,cdb5ea208fb8ae9e,parsed_ok,False
5ce8ecfcd1b8de92,FR15ABOM100721031,train,,P,1,/Volumes/EXT DATA/IDMB/images/Tancrede/collection/Bombus_rupestris/queen/FR15ABOM100721031_P1.JPG,/Volumes/EXT DATA/IDMB/images/Tancrede/collection,organized_underscore,.jpg,535216,5ce8ecfcd1b8de92,parsed_ok,False
7d348d8b3de71a53,FR15ABOM100721030,train,,P,1,/Volumes/EXT DATA/IDMB/images/Tancrede/collection/Bombus_rupestris/queen/FR15ABOM100721030_P1.JPG,/Volumes/EXT DATA/IDMB/images/Tancrede/collection,organized_underscore,.jpg,517140,7d348d8b3de71a53,parsed_ok,False
b82359bd7da56999,FR15ABOM210821077,train,,P,1,/Volumes/EXT DATA/IDMB/images/Tancrede/collection/Bombus_rupestris/queen/FR15ABOM210821077_P1.JPG,/Volumes/EXT DATA/IDMB/images/Tancrede/collection,organized_underscore,.jpg,540345,b82359bd7da56999,parsed_ok,False
7a9a2df58f3d2bd1,RuppSupp1,train,,P,1,/Volumes/EXT DATA/IDMB/images/Tancrede/collection/Bombus_rupestris/queen/RuppSupp1_P1.JPG,/Volumes/EXT DATA/IDMB/images/Tancrede/collection,organized_underscore,.jpg,542562,7a9a2df58f3d2bd1,parsed_ok,False
32b742f8affbc063,FR15ABOM120621015,train,,P,1,/Volumes/EXT DATA/IDMB/images/Tancrede/collection/Bombus_rupestris/queen/FR15ABOM120621015_P1.JPG,/Volumes/EXT DATA/IDMB/images/Tancrede/collection,organized_underscore,.jpg,469556,32b742f8affbc063,parsed_ok,False
5bc870c4d75e799d,FR15ABOM130621006,train,,P,1,/Volumes/EXT DATA/IDMB/images/Tancrede/collection/Bombus_rupestris/queen/FR15ABOM130621006_P1.JPG,/Volumes/EXT DATA/IDMB/images/Tancrede/collection,organized_underscore,.jpg,535939,5bc870c4d75e799d,parsed_ok,False
675b6a47aed2897b,FR15ABOM100721032,train,,P,1,/Volumes/EXT DATA/IDMB/images/Tancrede/collection/Bombus_rupestris/queen/FR15ABOM100721032_P1.JPG,/Volumes/EXT DATA/IDMB/images/Tancrede/collection,organized_underscore,.jpg,507995,675b6a47aed2897b,parsed_ok,False
a8cfe9989da43fac,UBC-2014.0001,train,,P,1,/Volumes/EXT DATA/IDMB/images/Tancrede/collection/Bombus_rupestris/queen/UBC-2014.0001_P1.JPG,/Volumes/EXT DATA/IDMB/images/Tancrede/collection,organized_underscore,.jpg,58158,a8cfe9989da43fac,parsed_ok,False
ebeb63193890d89c,FR15ABOM310520005,train,,P,1,/Volumes/EXT DATA/IDMB/images/Tancrede/collection/Bombus_rupestris/queen/FR15ABOM310520005_P1.JPG,/Volumes/EXT DATA/IDMB/images/Tancrede/collection,organized_underscore,.jpg,490388,ebeb63193890d89c,parsed_ok,False
30367f42c0128bbf,FR15ABOO0712002,train,,P,1,/Volumes/EXT DATA/IDMB/images/Tancrede/collection/Bombus_rupestris/queen/FR15ABOO0712002_P1.JPG,/Volumes/EXT DATA/IDMB/images/Tancrede/collection,organized_underscore,.jpg,505044,30367f42c0128bbf,parsed_ok,False
2f41a2a01bbb639d,FR15ABOM110721013,train,,P,1,/Volumes/EXT DATA/IDMB/images/Tancrede/collection/Bombus_rupestris/queen/FR15ABOM110721013_P1.JPG,/Volumes/EXT DATA/IDMB/images/Tancrede/collection,organized_underscore,.jpg,541454,2f41a2a01bbb639d,parsed_ok,False
e8655fe97b9f41f1,FR15ABOM200821156,train,,P,1,/Volumes/EXT DATA/IDMB/images/Tancrede/collection/Bombus_rupestris/queen/FR15ABOM200821156_P1.JPG,/Volumes/EXT DATA/IDMB/images/Tancrede/collection,organized_underscore,.jpg,598058,e8655fe97b9f41f1,parsed_ok,False
420f72281e840978,VAN-2019.00824,train,,P,1,/Volumes/EXT DATA/IDMB/images/Tancrede/collection/Bombus_rupestris/drone/VAN-2019.00824_P1.JPG,/Volumes/EXT DATA/IDMB/images/Tancrede/collection,organized_underscore,.jpg,49259,420f72281e840978,parsed_ok,False
7b386027308f998d,15L2021-1514,train,,P,1,/Volumes/EXT DATA/IDMB/images/Tancrede/collection/Bombus_rupestris/drone/15L2021-1514_P1.JPG,/Volumes/EXT DATA/IDMB/images/Tancrede/collection,organized_underscore,.jpg,494220,7b386027308f998d,parsed_ok,False
f38ec4d8eb41af16,15L2021-1546,train,,P,1,/Volumes/EXT DATA/IDMB/images/Tancrede/collection/Bombus_rupestris/drone/15L2021-1546_P1.JPG,/Volumes/EXT DATA/IDMB/images/Tancrede/collection,organized_underscore,.jpg,439620,f38ec4d8eb41af16,parsed_ok,False
38672cbb1c378cc5,VAN-2019.00822,train,,P,1,/Volumes/EXT DATA/IDMB/images/Tancrede/collection/Bombus_rupestris/drone/VAN-2019.00822_P1.JPG,/Volumes/EXT DATA/IDMB/images/Tancrede/collection,organized_underscore,.jpg,49330,38672cbb1c378cc5,parsed_ok,False
b7c916b211762deb,VAN-2019.00814,train,,P,1,/Volumes/EXT DATA/IDMB/images/Tancrede/collection/Bombus_rupestris/drone/VAN-2019.00814_P1.JPG,/Volumes/EXT DATA/IDMB/images/Tancrede/collection,organized_underscore,.jpg,55261,b7c916b211762deb,parsed_ok,False
25ccea3b24124728,VAN-2019.00849,train,,P,1,/Volumes/EXT DATA/IDMB/images/Tancrede/collection/Bombus_rupestris/drone/VAN-2019.00849_P1.JPG,/Volumes/EXT DATA/IDMB/images/Tancrede/collection,organized_underscore,.jpg,57427,25ccea3b24124728,parsed_ok,False
35bec2b8945f66eb,15L2021-1758,train,,P,1,/Volumes/EXT DATA/IDMB/images/Tancrede/collection/Bombus_rupestris/drone/15L2021-1758_P1.JPG,/Volumes/EXT DATA/IDMB/images/Tancrede/collection,organized_underscore,.jpg,572628,35bec2b8945f66eb,parsed_ok,False
51b0d6c3440e23b0,2020.06244,train,,P,1,/Volumes/EXT DATA/IDMB/images/Tancrede/collection/Bombus_rupestris/drone/2020.06244_P1.JPG,/Volumes/EXT DATA/IDMB/images/Tancrede/collection,organized_underscore,.jpg,52621,51b0d6c3440e23b0,parsed_ok,False
07cfd4a6bcee88e2,2020.06243,train,,P,1,/Volumes/EXT DATA/IDMB/images/Tancrede/collection/Bombus_rupestris/drone/2020.06243_P1.JPG,/Volumes/EXT DATA/IDMB/images/Tancrede/collection,organized_underscore,.jpg,51468,07cfd4a6bcee88e2,parsed_ok,False
244aec13fa61a948,15L2021-1757,train,,P,1,/Volumes/EXT DATA/IDMB/images/Tancrede/collection/Bombus_rupestris/drone/15L2021-1757_P1.JPG,/Volumes/EXT DATA/IDMB/images/Tancrede/collection,organized_underscore,.jpg,468733,244aec13fa61a948,parsed_ok,False
9fb132eb77f9c9ef,VAN-2019.00788,train,,P,1,/Volumes/EXT DATA/IDMB/images/Tancrede/collection/Bombus_rupestris/drone/VAN-2019.00788_P1.JPG,/Volumes/EXT DATA/IDMB/images/Tancrede/collection,organized_underscore,.jpg,56633,9fb132eb77f9c9ef,parsed_ok,False
f014d67d4bfc062c,15L2021-1420,train,,P,1,/Volumes/EXT DATA/IDMB/images/Tancrede/collection/Bombus_rupestris/drone/15L2021-1420_P1.JPG,/Volumes/EXT DATA/IDMB/images/Tancrede/collection,organized_underscore,.jpg,561028,f014d67d4bfc062c,parsed_ok,False
84553f4679cbb115,VAN-2019.00787,train,,P,1,/Volumes/EXT DATA/IDMB/images/Tancrede/collection/Bombus_rupestris/drone/VAN-2019.00787_P1.JPG,/Volumes/EXT DATA/IDMB/images/Tancrede/collection,organized_underscore,.jpg,54353,84553f4679cbb115,parsed_ok,False
53408197639aeb6d,2020.00471,train,,P,1,/Volumes/EXT DATA/IDMB/images/Tancrede/collection/Bombus_rupestris/drone/2020.00471_P1.JPG,/Volumes/EXT DATA/IDMB/images/Tancrede/collection,organized_underscore,.jpg,59189,53408197639aeb6d,parsed_ok,False
2f53f55cff7b4f8f,15L2021-1499,train,,P,1,/Volumes/EXT DATA/IDMB/images/Tancrede/collection/Bombus_rupestris/drone/15L2021-1499_P1.JPG,/Volumes/EXT DATA/IDMB/images/Tancrede/collection,organized_underscore,.jpg,532594,2f53f55cff7b4f8f,parsed_ok,False
af2394397fd4b238,15L2021-1498,train,,P,1,/Volumes/EXT DATA/IDMB/images/Tancrede/collection/Bombus_rupestris/drone/15L2021-1498_P1.JPG,/Volumes/EXT DATA/IDMB/images/Tancrede/collection,organized_underscore,.jpg,521929,af2394397fd4b238,parsed_ok,False
8f48d89538a0507c,2020.00470,train,,P,1,/Volumes/EXT DATA/IDMB/images/Tancrede/collection/Bombus_rupestris/drone/2020.00470_P1.JPG,/Volumes/EXT DATA/IDMB/images/Tancrede/collection,organized_underscore,.jpg,58076,8f48d89538a0507c,parsed_ok,False
d987d307db8cb55e,VAN-2019.00850,train,,P,1,/Volumes/EXT DATA/IDMB/images/Tancrede/collection/Bombus_rupestris/drone/VAN-2019.00850_P1.JPG,/Volumes/EXT DATA/IDMB/images/Tancrede/collection,organized_underscore,.jpg,59541,d987d307db8cb55e,parsed_ok,False
40c7defe57cb5ec0,15L2021-1731,train,,P,1,/Volumes/EXT DATA/IDMB/images/Tancrede/collection/Bombus_rupestris/drone/15L2021-1731_P1.JPG,/Volumes/EXT DATA/IDMB/images/Tancrede/collection,organized_underscore,.jpg,449712,40c7defe57cb5ec0,parsed_ok,False
a055ca9b5f06d5aa,VAN-2019.00785,train,,P,1,/Volumes/EXT DATA/IDMB/images/Tancrede/collection/Bombus_rupestris/drone/VAN-2019.00785_P1.JPG,/Volumes/EXT DATA/IDMB/images/Tancrede/collection,organized_underscore,.jpg,60011,a055ca9b5f06d5aa,parsed_ok,False
55cf1520eb4cb961,VAN-2019.00783,train,,P,1,/Volumes/EXT DATA/IDMB/images/Tancrede/collection/Bombus_rupestris/drone/VAN-2019.00783_P1.JPG,/Volumes/EXT DATA/IDMB/images/Tancrede/collection,organized_underscore,.jpg,61634,55cf1520eb4cb961,parsed_ok,False
674897b94f549ae1,FR04ABOM220722001,train,,P,1,/Volumes/EXT DATA/IDMB/images/Tancrede/collection/Bombus_sichelii/queen/FR04ABOM220722001_P1.JPG,/Volumes/EXT DATA/IDMB/images/Tancrede/collection,organized_underscore,.jpg,5292987,674897b94f549ae1,parsed_ok,False
9b26debf96b6d33a,ABAURA8208b,train,,P,1,/Volumes/EXT DATA/IDMB/images/Tancrede/collection/Bombus_sichelii/worker/ABAURA8208b_P1.JPG,/Volumes/EXT DATA/IDMB/images/Tancrede/collection,organized_underscore,.jpg,98635,9b26debf96b6d33a,parsed_ok,False
c283f8449eaf26bc,ATBI_GR5b,train,,P,1,/Volumes/EXT DATA/IDMB/images/Tancrede/collection/Bombus_sichelii/worker/ATBI_GR5b_P1.JPG,/Volumes/EXT DATA/IDMB/images/Tancrede/collection,organized_underscore,.jpg,90123,c283f8449eaf26bc,parsed_ok,False
7d6c45fe5a9086e8,CD388821e,train,,P,1,/Volumes/EXT DATA/IDMB/images/Tancrede/collection/Bombus_sichelii/worker/CD388821e_P1.JPG,/Volumes/EXT DATA/IDMB/images/Tancrede/collection,organized_underscore,.jpg,83154,7d6c45fe5a9086e8,parsed_ok,False
f2992c5560c4775f,CD388865e,train,,P,1,/Volumes/EXT DATA/IDMB/images/Tancrede/collection/Bombus_sichelii/worker/CD388865e_P1.JPG,/Volumes/EXT DATA/IDMB/images/Tancrede/collection,organized_underscore,.jpg,80737,f2992c5560c4775f,parsed_ok,False
4169c97aacb527dd,CD388865b,train,,P,1,/Volumes/EXT DATA/IDMB/images/Tancrede/collection/Bombus_sichelii/worker/CD388865b_P1.JPG,/Volumes/EXT DATA/IDMB/images/Tancrede/collection,organized_underscore,.jpg,84034,4169c97aacb527dd,parsed_ok,False
2dc7543efc2ca690,ABAURA8238b,train,,P,1,/Volumes/EXT DATA/IDMB/images/Tancrede/collection/Bombus_sichelii/worker/ABAURA8238b_P1.JPG,/Volumes/EXT DATA/IDMB/images/Tancrede/collection,organized_underscore,.jpg,81973,2dc7543efc2ca690,parsed_ok,False
d9bcdec4ade0d4e5,ABAURA8238e,train,,P,1,/Volumes/EXT DATA/IDMB/images/Tancrede/collection/Bombus_sichelii/worker/ABAURA8238e_P1.JPG,/Volumes/EXT DATA/IDMB/images/Tancrede/collection,organized_underscore,.jpg,93672,d9bcdec4ade0d4e5,parsed_ok,False
a7a24e12cd702b7a,CD388865c,train,,P,1,/Volumes/EXT DATA/IDMB/images/Tancrede/collection/Bombus_sichelii/worker/CD388865c_P1.JPG,/Volumes/EXT DATA/IDMB/images/Tancrede/collection,organized_underscore,.jpg,82510,a7a24e12cd702b7a,parsed_ok,False
99e1ca9af66087ae,CD388865d,train,,P,1,/Volumes/EXT DATA/IDMB/images/Tancrede/collection/Bombus_sichelii/worker/CD388865d_P1.JPG,/Volumes/EXT DATA/IDMB/images/Tancrede/collection,organized_underscore,.jpg,90990,99e1ca9af66087ae,parsed_ok,False
08eae80a2cb80ac6,ABAURA8238d,train,,P,1,/Volumes/EXT DATA/IDMB/images/Tancrede/collection/Bombus_sichelii/worker/ABAURA8238d_P1.JPG,/Volumes/EXT DATA/IDMB/images/Tancrede/collection,organized_underscore,.jpg,102750,08eae80a2cb80ac6,parsed_ok,False
2f6968d37c4b41f7,ABAURA8238c,train,,P,1,/Volumes/EXT DATA/IDMB/images/Tancrede/collection/Bombus_sichelii/worker/ABAURA8238c_P1.JPG,/Volumes/EXT DATA/IDMB/images/Tancrede/collection,organized_underscore,.jpg,93506,2f6968d37c4b41f7,parsed_ok,False
7838b6a4732eb3e2,ABAURA8207,train,,P,1,/Volumes/EXT DATA/IDMB/images/Tancrede/collection/Bombus_sichelii/worker/ABAURA8207_P1.JPG,/Volumes/EXT DATA/IDMB/images/Tancrede/collection,organized_underscore,.jpg,96802,7838b6a4732eb3e2,parsed_ok,False
59e94a81481e8208,ABAURA8208,train,,P,1,/Volumes/EXT DATA/IDMB/images/Tancrede/collection/Bombus_sichelii/worker/ABAURA8208_P1.JPG,/Volumes/EXT DATA/IDMB/images/Tancrede/collection,organized_underscore,.jpg,89780,59e94a81481e8208,parsed_ok,False
fa0cbd3b6cf76c3a,CD387770d,train,,P,1,/Volumes/EXT DATA/IDMB/images/Tancrede/collection/Bombus_sichelii/worker/CD387770d_P1.JPG,/Volumes/EXT DATA/IDMB/images/Tancrede/collection,organized_underscore,.jpg,93086,fa0cbd3b6cf76c3a,parsed_ok,False
2dca572e0a593c6a,CD388821f,train,,P,1,/Volumes/EXT DATA/IDMB/images/Tancrede/collection/Bombus_sichelii/worker/CD388821f_P1.JPG,/Volumes/EXT DATA/IDMB/images/Tancrede/collection,organized_underscore,.jpg,78020,2dca572e0a593c6a,parsed_ok,False
e1934323185cdb24,CD388865,train,,P,1,/Volumes/EXT DATA/IDMB/images/Tancrede/collection/Bombus_sichelii/worker/CD388865_P1.JPG,/Volumes/EXT DATA/IDMB/images/Tancrede/collection,organized_underscore,.jpg,99053,e1934323185cdb24,parsed_ok,False
af6438b4dfaf7c70,ABAURA8238a,train,,P,1,/Volumes/EXT DATA/IDMB/images/Tancrede/collection/Bombus_sichelii/worker/ABAURA8238a_P1.JPG,/Volumes/EXT DATA/IDMB/images/Tancrede/collection,organized_underscore,.jpg,92808,af6438b4dfaf7c70,parsed_ok,False
92e904bdac773495,ABAURA8203,train,,P,1,/Volumes/EXT DATA/IDMB/images/Tancrede/collection/Bombus_sichelii/worker/ABAURA8203_P1.JPG,/Volumes/EXT DATA/IDMB/images/Tancrede/collection,organized_underscore,.jpg,91014,92e904bdac773495,parsed_ok,False
d9889335caabe608,CD388018c,train,,P,1,/Volumes/EXT DATA/IDMB/images/Tancrede/collection/Bombus_sichelii/worker/CD388018c_P1.JPG,/Volumes/EXT DATA/IDMB/images/Tancrede/collection,organized_underscore,.jpg,85682,d9889335caabe608,parsed_ok,False
332da3ed88b1734f,FR04ABOM220722046,train,,P,1,/Volumes/EXT DATA/IDMB/images/Tancrede/collection/Bombus_sichelii/drone/FR04ABOM220722046_P1.JPG,/Volumes/EXT DATA/IDMB/images/Tancrede/collection,organized_underscore,.jpg,495884,332da3ed88b1734f,parsed_ok,False
a3ab473cb180a70a,FR04ABOM220722047,train,,P,1,/Volumes/EXT DATA/IDMB/images/Tancrede/collection/Bombus_sichelii/drone/FR04ABOM220722047_P1.JPG,/Volumes/EXT DATA/IDMB/images/Tancrede/collection,organized_underscore,.jpg,476815,a3ab473cb180a70a,parsed_ok,False
8d95f88a5bf1ef86,FR73ABOM130722003,train,,P,1,/Volumes/EXT DATA/IDMB/images/Tancrede/collection/Bombus_sichelii/drone/FR73ABOM130722003_P1.JPG,/Volumes/EXT DATA/IDMB/images/Tancrede/collection,organized_underscore,.jpg,538937,8d95f88a5bf1ef86,parsed_ok,False
31dd9fc5fdcd7128,FR73ABOM200722031,train,,P,1,/Volumes/EXT DATA/IDMB/images/Tancrede/collection/Bombus_sichelii/drone/FR73ABOM200722031_P1.JPG,/Volumes/EXT DATA/IDMB/images/Tancrede/collection,organized_underscore,.jpg,487964,31dd9fc5fdcd7128,parsed_ok,False
9f5c9757a92232a4,CollecYvan2,train,,P,1,/Volumes/EXT DATA/IDMB/images/Tancrede/collection/Bombus_sichelii/drone/CollecYvan2_P1.JPG,/Volumes/EXT DATA/IDMB/images/Tancrede/collection,organized_underscore,.jpg,484312,9f5c9757a92232a4,parsed_ok,False
4f08ac0a47ff9b91,CollecYvan5,train,,P,1,/Volumes/EXT DATA/IDMB/images/Tancrede/collection/Bombus_sichelii/drone/CollecYvan5_P1.JPG,/Volumes/EXT DATA/IDMB/images/Tancrede/collection,organized_underscore,.jpg,481862,4f08ac0a47ff9b91,parsed_ok,False
5de0f3004172d34d,FR73ABOM130722029,train,,P,1,/Volumes/EXT DATA/IDMB/images/Tancrede/collection/Bombus_sichelii/drone/FR73ABOM130722029_P1.JPG,/Volumes/EXT DATA/IDMB/images/Tancrede/collection,organized_underscore,.jpg,522901,5de0f3004172d34d,parsed_ok,False
703bcb6422c25036,CollecYvan4,train,,P,1,/Volumes/EXT DATA/IDMB/images/Tancrede/collection/Bombus_sichelii/drone/CollecYvan4_P1.JPG,/Volumes/EXT DATA/IDMB/images/Tancrede/collection,organized_underscore,.jpg,536638,703bcb6422c25036,parsed_ok,False
d6869abaab3f578a,FR73ABOM200722030,train,,P,1,/Volumes/EXT DATA/IDMB/images/Tancrede/collection/Bombus_sichelii/drone/FR73ABOM200722030_P1.JPG,/Volumes/EXT DATA/IDMB/images/Tancrede/collection,organized_underscore,.jpg,485822,d6869abaab3f578a,parsed_ok,False
9637708313925f73,CollecYvan3,train,,P,1,/Volumes/EXT DATA/IDMB/images/Tancrede/collection/Bombus_sichelii/drone/CollecYvan3_P1.JPG,/Volumes/EXT DATA/IDMB/images/Tancrede/collection,organized_underscore,.jpg,522868,9637708313925f73,parsed_ok,False
294b6fda2aed57c6,FR05ABOM220722027,train,,P,1,/Volumes/EXT DATA/IDMB/images/Tancrede/collection/Bombus_sichelii/drone/FR05ABOM220722027_P1.JPG,/Volumes/EXT DATA/IDMB/images/Tancrede/collection,organized_underscore,.jpg,483275,294b6fda2aed57c6,parsed_ok,False
faf92d51bc45aa66,FR05ABOM220722026,train,,P,1,/Volumes/EXT DATA/IDMB/images/Tancrede/collection/Bombus_sichelii/drone/FR05ABOM220722026_P1.JPG,/Volumes/EXT DATA/IDMB/images/Tancrede/collection,organized_underscore,.jpg,518016,faf92d51bc45aa66,parsed_ok,False
79a75fc4fd3c641c,FR73ABOM200722018,train,,P,1,/Volumes/EXT DATA/IDMB/images/Tancrede/collection/Bombus_sichelii/drone/FR73ABOM200722018_P1.JPG,/Volumes/EXT DATA/IDMB/images/Tancrede/collection,organized_underscore,.jpg,510014,79a75fc4fd3c641c,parsed_ok,False
f9a22c4eb9c640d6,FR73ABOM200722017,train,,P,1,/Volumes/EXT DATA/IDMB/images/Tancrede/collection/Bombus_sichelii/drone/FR73ABOM200722017_P1.JPG,/Volumes/EXT DATA/IDMB/images/Tancrede/collection,organized_underscore,.jpg,470621,f9a22c4eb9c640d6,parsed_ok,False
cdfeb9e2e54a86df,CollecYvan6,train,,P,1,/Volumes/EXT DATA/IDMB/images/Tancrede/collection/Bombus_sichelii/drone/CollecYvan6_P1.JPG,/Volumes/EXT DATA/IDMB/images/Tancrede/collection,organized_underscore,.jpg,582080,cdfeb9e2e54a86df,parsed_ok,False
25201a740fad0728,CollecYvan1,train,,P,1,/Volumes/EXT DATA/IDMB/images/Tancrede/collection/Bombus_sichelii/drone/CollecYvan1_P1.JPG,/Volumes/EXT DATA/IDMB/images/Tancrede/collection,organized_underscore,.jpg,527704,25201a740fad0728,parsed_ok,False
db1f80094f64bd7e,FR73ABOM130722041,train,,P,1,/Volumes/EXT DATA/IDMB/images/Tancrede/collection/Bombus_sichelii/drone/FR73ABOM130722041_P1.JPG,/Volumes/EXT DATA/IDMB/images/Tancrede/collection,organized_underscore,.jpg,533892,db1f80094f64bd7e,parsed_ok,False
77d15d47d33e9f7c,FR73ABOM120722026,train,,P,1,/Volumes/EXT DATA/IDMB/images/Tancrede/collection/Bombus_sichelii/drone/FR73ABOM120722026_P1.JPG,/Volumes/EXT DATA/IDMB/images/Tancrede/collection,organized_underscore,.jpg,478462,77d15d47d33e9f7c,parsed_ok,False
c0221eacb81f6817,CD388016,train,,P,1,/Volumes/EXT DATA/IDMB/images/Tancrede/collection/Bombus_sichelii/drone/CD388016_P1.JPG,/Volumes/EXT DATA/IDMB/images/Tancrede/collection,organized_underscore,.jpg,99563,c0221eacb81f6817,parsed_ok,False
b130dd393d290d83,FR73ABOM120722028,train,,P,1,/Volumes/EXT DATA/IDMB/images/Tancrede/collection/Bombus_sichelii/drone/FR73ABOM120722028_P1.JPG,/Volumes/EXT DATA/IDMB/images/Tancrede/collection,organized_underscore,.jpg,470029,b130dd393d290d83,parsed_ok,False
66043f2ba4462098,ABAURA8625,train,,P,1,/Volumes/EXT DATA/IDMB/images/Tancrede/collection/Bombus_soroeensis/queen/ABAURA8625_P1.JPG,/Volumes/EXT DATA/IDMB/images/Tancrede/collection,organized_underscore,.jpg,4350856,66043f2ba4462098,parsed_ok,False
6636234c53a32f3c,CD388391,train,,P,1,/Volumes/EXT DATA/IDMB/images/Tancrede/collection/Bombus_soroeensis/queen/CD388391_P1.JPG,/Volumes/EXT DATA/IDMB/images/Tancrede/collection,organized_underscore,.jpg,4477930,6636234c53a32f3c,parsed_ok,False
82ab8e2cfe849b67,D264520b,train,,P,1,/Volumes/EXT DATA/IDMB/images/Tancrede/collection/Bombus_soroeensis/queen/D264520b_P1.JPG,/Volumes/EXT DATA/IDMB/images/Tancrede/collection,organized_underscore,.jpg,4336956,82ab8e2cfe849b67,parsed_ok,False
c7dd3329937bb890,POLLINIS4981,train,,P,1,/Volumes/EXT DATA/IDMB/images/Tancrede/collection/Bombus_soroeensis/queen/POLLINIS4981_P1.JPG,/Volumes/EXT DATA/IDMB/images/Tancrede/collection,organized_underscore,.jpg,4392273,c7dd3329937bb890,parsed_ok,False
e3fcf24e798a755f,CD388872c,train,,P,1,/Volumes/EXT DATA/IDMB/images/Tancrede/collection/Bombus_soroeensis/queen/CD388872c_P1.JPG,/Volumes/EXT DATA/IDMB/images/Tancrede/collection,organized_underscore,.jpg,4267867,e3fcf24e798a755f,parsed_ok,False
ba2315a2332c1b22,2020.00410,train,,P,1,/Volumes/EXT DATA/IDMB/images/Tancrede/collection/Bombus_soroeensis/worker/2020.00410_P1.JPG,/Volumes/EXT DATA/IDMB/images/Tancrede/collection,organized_underscore,.jpg,4199608,ba2315a2332c1b22,parsed_ok,False
608ce8d9b35413ba,CD387577b,train,,P,1,/Volumes/EXT DATA/IDMB/images/Tancrede/collection/Bombus_soroeensis/worker/CD387577b_P1.JPG,/Volumes/EXT DATA/IDMB/images/Tancrede/collection,organized_underscore,.jpg,4643971,608ce8d9b35413ba,parsed_ok,False
ba253838581941fa,CD388235,train,,P,1,/Volumes/EXT DATA/IDMB/images/Tancrede/collection/Bombus_soroeensis/worker/CD388235_P1.JPG,/Volumes/EXT DATA/IDMB/images/Tancrede/collection,organized_underscore,.jpg,4505690,ba253838581941fa,parsed_ok,False
c94558d31db9148d,CD387287,train,,P,1,/Volumes/EXT DATA/IDMB/images/Tancrede/collection/Bombus_soroeensis/worker/CD387287_P1.JPG,/Volumes/EXT DATA/IDMB/images/Tancrede/collection,organized_underscore,.jpg,4811389,c94558d31db9148d,parsed_ok,False
42f7f643833e4847,CD388872,train,,P,1,/Volumes/EXT DATA/IDMB/images/Tancrede/collection/Bombus_soroeensis/worker/CD388872_P1.JPG,/Volumes/EXT DATA/IDMB/images/Tancrede/collection,organized_underscore,.jpg,4512585,42f7f643833e4847,parsed_ok,False
f71d5d01d852a320,ABAURA8672b,train,,P,1,/Volumes/EXT DATA/IDMB/images/Tancrede/collection/Bombus_soroeensis/worker/ABAURA8672b_P1.JPG,/Volumes/EXT DATA/IDMB/images/Tancrede/collection,organized_underscore,.jpg,4440394,f71d5d01d852a320,parsed_ok,False
8e8b6bd46510124c,CD388229b,train,,P,1,/Volumes/EXT DATA/IDMB/images/Tancrede/collection/Bombus_soroeensis/worker/CD388229b_P1.JPG,/Volumes/EXT DATA/IDMB/images/Tancrede/collection,organized_underscore,.jpg,4350028,8e8b6bd46510124c,parsed_ok,False
78f40548945b56e8,ABAURA5591,train,,P,1,/Volumes/EXT DATA/IDMB/images/Tancrede/collection/Bombus_soroeensis/worker/ABAURA5591_P1.JPG,/Volumes/EXT DATA/IDMB/images/Tancrede/collection,organized_underscore,.jpg,4596219,78f40548945b56e8,parsed_ok,False
8ac42ce0aa2a2376,2020.00449,train,,P,1,/Volumes/EXT DATA/IDMB/images/Tancrede/collection/Bombus_soroeensis/worker/2020.00449_P1.JPG,/Volumes/EXT DATA/IDMB/images/Tancrede/collection,organized_underscore,.jpg,4449651,8ac42ce0aa2a2376,parsed_ok,False
4b294051991e3460,ABAURA8627,train,,P,1,/Volumes/EXT DATA/IDMB/images/Tancrede/collection/Bombus_soroeensis/worker/ABAURA8627_P1.JPG,/Volumes/EXT DATA/IDMB/images/Tancrede/collection,organized_underscore,.jpg,4386831,4b294051991e3460,parsed_ok,False
ba2def8ae2d11b13,CD387770c,train,,P,1,/Volumes/EXT DATA/IDMB/images/Tancrede/collection/Bombus_soroeensis/worker/CD387770c_P1.JPG,/Volumes/EXT DATA/IDMB/images/Tancrede/collection,organized_underscore,.jpg,4677126,ba2def8ae2d11b13,parsed_ok,False
4d8889627865d95f,ABAURA8150,train,,P,1,/Volumes/EXT DATA/IDMB/images/Tancrede/collection/Bombus_soroeensis/worker/ABAURA8150_P1.JPG,/Volumes/EXT DATA/IDMB/images/Tancrede/collection,organized_underscore,.jpg,4364579,4d8889627865d95f,parsed_ok,False
800d6a969fe9e6b3,ABAURA8239c,train,,P,1,/Volumes/EXT DATA/IDMB/images/Tancrede/collection/Bombus_soroeensis/worker/ABAURA8239c_P1.JPG,/Volumes/EXT DATA/IDMB/images/Tancrede/collection,organized_underscore,.jpg,4655088,800d6a969fe9e6b3,parsed_ok,False
67d3b3f24b45a666,CD388809,train,,P,1,/Volumes/EXT DATA/IDMB/images/Tancrede/collection/Bombus_soroeensis/worker/CD388809_P1.JPG,/Volumes/EXT DATA/IDMB/images/Tancrede/collection,organized_underscore,.jpg,4367096,67d3b3f24b45a666,parsed_ok,False
30e010761b27f1a7,ABAURA8151,train,,P,1,/Volumes/EXT DATA/IDMB/images/Tancrede/collection/Bombus_soroeensis/worker/ABAURA8151_P1.JPG,/Volumes/EXT DATA/IDMB/images/Tancrede/collection,organized_underscore,.jpg,4358126,30e010761b27f1a7,parsed_ok,False
0430a31d4448b63a,CD388862,train,,P,1,/Volumes/EXT DATA/IDMB/images/Tancrede/collection/Bombus_soroeensis/worker/CD388862_P1.JPG,/Volumes/EXT DATA/IDMB/images/Tancrede/collection,organized_underscore,.jpg,4523855,0430a31d4448b63a,parsed_ok,False
907f132c71e868cd,2020.00339,train,,P,1,/Volumes/EXT DATA/IDMB/images/Tancrede/collection/Bombus_soroeensis/worker/2020.00339_P1.JPG,/Volumes/EXT DATA/IDMB/images/Tancrede/collection,organized_underscore,.jpg,4556835,907f132c71e868cd,parsed_ok,False
acfb38156475ed28,POLLINIS4343,train,,P,1,/Volumes/EXT DATA/IDMB/images/Tancrede/collection/Bombus_soroeensis/worker/POLLINIS4343_P1.JPG,/Volumes/EXT DATA/IDMB/images/Tancrede/collection,organized_underscore,.jpg,4724129,acfb38156475ed28,parsed_ok,False
76910c01f9865c01,CD388612,train,,P,1,/Volumes/EXT DATA/IDMB/images/Tancrede/collection/Bombus_soroeensis/worker/CD388612_P1.JPG,/Volumes/EXT DATA/IDMB/images/Tancrede/collection,organized_underscore,.jpg,4406245,76910c01f9865c01,parsed_ok,False
63a2028a495167de,CD388235b,train,,P,1,/Volumes/EXT DATA/IDMB/images/Tancrede/collection/Bombus_soroeensis/worker/CD388235b_P1.JPG,/Volumes/EXT DATA/IDMB/images/Tancrede/collection,organized_underscore,.jpg,4326506,63a2028a495167de,parsed_ok,False
d69fbca8a4424895,CD387577,train,,P,1,/Volumes/EXT DATA/IDMB/images/Tancrede/collection/Bombus_soroeensis/worker/CD387577_P1.JPG,/Volumes/EXT DATA/IDMB/images/Tancrede/collection,organized_underscore,.jpg,4425611,d69fbca8a4424895,parsed_ok,False
2840b7b5df4d1b3f,CD388872b,train,,P,1,/Volumes/EXT DATA/IDMB/images/Tancrede/collection/Bombus_soroeensis/worker/CD388872b_P1.JPG,/Volumes/EXT DATA/IDMB/images/Tancrede/collection,organized_underscore,.jpg,4508943,2840b7b5df4d1b3f,parsed_ok,False
364aa8658311ec46,2020.00294,train,,P,1,/Volumes/EXT DATA/IDMB/images/Tancrede/collection/Bombus_soroeensis/worker/2020.00294_P1.JPG,/Volumes/EXT DATA/IDMB/images/Tancrede/collection,organized_underscore,.jpg,4561433,364aa8658311ec46,parsed_ok,False
ec4ea388e0135426,ABAURA8867,train,,P,1,/Volumes/EXT DATA/IDMB/images/Tancrede/collection/Bombus_soroeensis/worker/ABAURA8867_P1.JPG,/Volumes/EXT DATA/IDMB/images/Tancrede/collection,organized_underscore,.jpg,4474971,ec4ea388e0135426,parsed_ok,False
d3e88d13918358b4,POLLINIS5985,train,,P,1,/Volumes/EXT DATA/IDMB/images/Tancrede/collection/Bombus_soroeensis/drone/POLLINIS5985_P1.JPG,/Volumes/EXT DATA/IDMB/images/Tancrede/collection,organized_underscore,.jpg,4460062,d3e88d13918358b4,parsed_ok,False
8df44bfa8b11be11,POLLINIS5983,train,,P,1,/Volumes/EXT DATA/IDMB/images/Tancrede/collection/Bombus_soroeensis/drone/POLLINIS5983_P1.JPG,/Volumes/EXT DATA/IDMB/images/Tancrede/collection,organized_underscore,.jpg,4323189,8df44bfa8b11be11,parsed_ok,False
d150d3a5853f704a,CD388145,train,,P,1,/Volumes/EXT DATA/IDMB/images/Tancrede/collection/Bombus_soroeensis/drone/CD388145_P1.JPG,/Volumes/EXT DATA/IDMB/images/Tancrede/collection,organized_underscore,.jpg,4359769,d150d3a5853f704a,parsed_ok,False
1f903bf2d0ed95dd,15L2021-1743,train,,P,1,/Volumes/EXT DATA/IDMB/images/Tancrede/collection/Bombus_soroeensis/drone/15L2021-1743_P1.JPG,/Volumes/EXT DATA/IDMB/images/Tancrede/collection,organized_underscore,.jpg,4315634,1f903bf2d0ed95dd,parsed_ok,False
b5dd9ab0cefcbd9a,POLLINIS4384,train,,P,1,/Volumes/EXT DATA/IDMB/images/Tancrede/collection/Bombus_soroeensis/drone/POLLINIS4384_P1.JPG,/Volumes/EXT DATA/IDMB/images/Tancrede/collection,organized_underscore,.jpg,4466916,b5dd9ab0cefcbd9a,parsed_ok,False
d9d25c393cbaccb5,CD388860,train,,P,1,/Volumes/EXT DATA/IDMB/images/Tancrede/collection/Bombus_soroeensis/drone/CD388860_P1.JPG,/Volumes/EXT DATA/IDMB/images/Tancrede/collection,organized_underscore,.jpg,4277898,d9d25c393cbaccb5,parsed_ok,False
7dd025e557849e1a,15L2021-1742,train,,P,1,/Volumes/EXT DATA/IDMB/images/Tancrede/collection/Bombus_soroeensis/drone/15L2021-1742_P1.JPG,/Volumes/EXT DATA/IDMB/images/Tancrede/collection,organized_underscore,.jpg,4648789,7dd025e557849e1a,parsed_ok,False
a0dd42d49d9cb6a1,15L2021-1732,train,,P,1,/Volumes/EXT DATA/IDMB/images/Tancrede/collection/Bombus_soroeensis/drone/15L2021-1732_P1.JPG,/Volumes/EXT DATA/IDMB/images/Tancrede/collection,organized_underscore,.jpg,4384286,a0dd42d49d9cb6a1,parsed_ok,False
2e5878d7050efbbd,ABAURA5633,train,,P,1,/Volumes/EXT DATA/IDMB/images/Tancrede/collection/Bombus_soroeensis/drone/ABAURA5633_P1.JPG,/Volumes/EXT DATA/IDMB/images/Tancrede/collection,organized_underscore,.jpg,4301444,2e5878d7050efbbd,parsed_ok,False
a1e1027021f1fb25,CD388145b,train,,P,1,/Volumes/EXT DATA/IDMB/images/Tancrede/collection/Bombus_soroeensis/drone/CD388145b_P1.JPG,/Volumes/EXT DATA/IDMB/images/Tancrede/collection,organized_underscore,.jpg,4365572,a1e1027021f1fb25,parsed_ok,False
8554ea5143a30b4c,POLLINIS5943,train,,P,1,/Volumes/EXT DATA/IDMB/images/Tancrede/collection/Bombus_soroeensis/drone/POLLINIS5943_P1.JPG,/Volumes/EXT DATA/IDMB/images/Tancrede/collection,organized_underscore,.jpg,4326117,8554ea5143a30b4c,parsed_ok,False
e95c8c5e6432df60,CD387759,train,,P,1,/Volumes/EXT DATA/IDMB/images/Tancrede/collection/Bombus_soroeensis/drone/CD387759_P1.JPG,/Volumes/EXT DATA/IDMB/images/Tancrede/collection,organized_underscore,.jpg,4179973,e95c8c5e6432df60,parsed_ok,False
90840ac174779ef2,CD388229c,train,,P,1,/Volumes/EXT DATA/IDMB/images/Tancrede/collection/Bombus_soroeensis/drone/CD388229c_P1.JPG,/Volumes/EXT DATA/IDMB/images/Tancrede/collection,organized_underscore,.jpg,4596036,90840ac174779ef2,parsed_ok,False
09ce294326def09d,2020.06207,train,,P,1,/Volumes/EXT DATA/IDMB/images/Tancrede/collection/Bombus_soroeensis/drone/2020.06207_P1.JPG,/Volumes/EXT DATA/IDMB/images/Tancrede/collection,organized_underscore,.jpg,4490517,09ce294326def09d,parsed_ok,False
1fa84800df04dad0,15L2021-1740,train,,P,1,/Volumes/EXT DATA/IDMB/images/Tancrede/collection/Bombus_soroeensis/drone/15L2021-1740_P1.JPG,/Volumes/EXT DATA/IDMB/images/Tancrede/collection,organized_underscore,.jpg,4440628,1fa84800df04dad0,parsed_ok,False
ad1d2950a08f413b,15L2021-1741,train,,P,1,/Volumes/EXT DATA/IDMB/images/Tancrede/collection/Bombus_soroeensis/drone/15L2021-1741_P1.JPG,/Volumes/EXT DATA/IDMB/images/Tancrede/collection,organized_underscore,.jpg,4277352,ad1d2950a08f413b,parsed_ok,False
015f297ab0dd4102,CD388860b,train,,P,1,/Volumes/EXT DATA/IDMB/images/Tancrede/collection/Bombus_soroeensis/drone/CD388860b_P1.JPG,/Volumes/EXT DATA/IDMB/images/Tancrede/collection,organized_underscore,.jpg,4360845,015f297ab0dd4102,parsed_ok,False
eba4545229efa1ba,15L2021-1739,train,,P,1,/Volumes/EXT DATA/IDMB/images/Tancrede/collection/Bombus_soroeensis/drone/15L2021-1739_P1.JPG,/Volumes/EXT DATA/IDMB/images/Tancrede/collection,organized_underscore,.jpg,4408638,eba4545229efa1ba,parsed_ok,False
96d697975b453a25,ABAURA8526,train,,P,1,/Volumes/EXT DATA/IDMB/images/Tancrede/collection/Bombus_soroeensis/drone/ABAURA8526_P1.JPG,/Volumes/EXT DATA/IDMB/images/Tancrede/collection,organized_underscore,.jpg,4170128,96d697975b453a25,parsed_ok,False
e55a2d7d8e253760,CD387804c,train,,P,1,/Volumes/EXT DATA/IDMB/images/Tancrede/collection/Bombus_soroeensis/drone/CD387804c_P1.JPG,/Volumes/EXT DATA/IDMB/images/Tancrede/collection,organized_underscore,.jpg,4407907,e55a2d7d8e253760,parsed_ok,False
4fbd751b459927d9,15L2021-1483,train,,P,1,/Volumes/EXT DATA/IDMB/images/Tancrede/collection/Bombus_soroeensis/drone/15L2021-1483_P1.JPG,/Volumes/EXT DATA/IDMB/images/Tancrede/collection,organized_underscore,.jpg,4641370,4fbd751b459927d9,parsed_ok,False
1ce727241c3313f1,POLLINIS4982b,train,,P,1,/Volumes/EXT DATA/IDMB/images/Tancrede/collection/Bombus_sylvarum/queen/POLLINIS4982b_P1.JPG,/Volumes/EXT DATA/IDMB/images/Tancrede/collection,organized_underscore,.jpg,4378422,1ce727241c3313f1,parsed_ok,False
a45e48d88d2d5f59,POLLINIS4984,train,,P,1,/Volumes/EXT DATA/IDMB/images/Tancrede/collection/Bombus_sylvarum/queen/POLLINIS4984_P1.JPG,/Volumes/EXT DATA/IDMB/images/Tancrede/collection,organized_underscore,.jpg,4478615,a45e48d88d2d5f59,parsed_ok,False
9ad1d7ba63873922,NoName2,train,,P,1,/Volumes/EXT DATA/IDMB/images/Tancrede/collection/Bombus_sylvarum/queen/NoName2_P1.JPG,/Volumes/EXT DATA/IDMB/images/Tancrede/collection,organized_underscore,.jpg,4700795,9ad1d7ba63873922,parsed_ok,False
1bd0dc835e496063,ABAURA7151,train,,P,1,/Volumes/EXT DATA/IDMB/images/Tancrede/collection/Bombus_sylvarum/queen/ABAURA7151_P1.JPG,/Volumes/EXT DATA/IDMB/images/Tancrede/collection,organized_underscore,.jpg,4395585,1bd0dc835e496063,parsed_ok,False
c1049802cf54cdd2,20A.07897,train,,P,1,/Volumes/EXT DATA/IDMB/images/Tancrede/collection/Bombus_sylvarum/queen/20A.07897_P1.JPG,/Volumes/EXT DATA/IDMB/images/Tancrede/collection,organized_underscore,.jpg,4555279,c1049802cf54cdd2,parsed_ok,False
3124bac51de0c175,2020.04010,train,,P,1,/Volumes/EXT DATA/IDMB/images/Tancrede/collection/Bombus_sylvarum/worker/2020.04010_P1.JPG,/Volumes/EXT DATA/IDMB/images/Tancrede/collection,organized_underscore,.jpg,498251,3124bac51de0c175,parsed_ok,False
20ee6ad60c254c91,2020.04044,train,,P,1,/Volumes/EXT DATA/IDMB/images/Tancrede/collection/Bombus_sylvarum/worker/2020.04044_P1.JPG,/Volumes/EXT DATA/IDMB/images/Tancrede/collection,organized_underscore,.jpg,79866,20ee6ad60c254c91,parsed_ok,False
2ff9f7d5c0e5c16f,ABAURA5593,train,,P,1,/Volumes/EXT DATA/IDMB/images/Tancrede/collection/Bombus_sylvarum/worker/ABAURA5593_P1.JPG,/Volumes/EXT DATA/IDMB/images/Tancrede/collection,organized_underscore,.jpg,513886,2ff9f7d5c0e5c16f,parsed_ok,False
fbd27118d5743c1d,CD388862b,train,,P,1,/Volumes/EXT DATA/IDMB/images/Tancrede/collection/Bombus_sylvarum/worker/CD388862b_P1.JPG,/Volumes/EXT DATA/IDMB/images/Tancrede/collection,organized_underscore,.jpg,76445,fbd27118d5743c1d,parsed_ok,False
d4259af7fea351ea,ABB-2020.00032,train,,P,1,/Volumes/EXT DATA/IDMB/images/Tancrede/collection/Bombus_sylvarum/worker/ABB-2020.00032_P1.JPG,/Volumes/EXT DATA/IDMB/images/Tancrede/collection,organized_underscore,.jpg,378904,d4259af7fea351ea,parsed_ok,False
e1701a8fb9440401,OPPO_5923,train,,P,1,/Volumes/EXT DATA/IDMB/images/Tancrede/collection/Bombus_sylvarum/worker/OPPO_5923_P1.JPG,/Volumes/EXT DATA/IDMB/images/Tancrede/collection,organized_underscore,.jpg,494939,e1701a8fb9440401,parsed_ok,False
e88c20bda81225e7,BAR-2018.00332,train,,P,1,/Volumes/EXT DATA/IDMB/images/Tancrede/collection/Bombus_sylvarum/worker/BAR-2018.00332_P1.JPG,/Volumes/EXT DATA/IDMB/images/Tancrede/collection,organized_underscore,.jpg,475225,e88c20bda81225e7,parsed_ok,False
e19b3482fff667bd,BAR-2018.00871,train,,P,1,/Volumes/EXT DATA/IDMB/images/Tancrede/collection/Bombus_sylvarum/worker/BAR-2018.00871_P1.JPG,/Volumes/EXT DATA/IDMB/images/Tancrede/collection,organized_underscore,.jpg,433703,e19b3482fff667bd,parsed_ok,False
5c5d29261cb80ef2,ABB-2020.00106,train,,P,1,/Volumes/EXT DATA/IDMB/images/Tancrede/collection/Bombus_sylvarum/worker/ABB-2020.00106_P1.JPG,/Volumes/EXT DATA/IDMB/images/Tancrede/collection,organized_underscore,.jpg,435495,5c5d29261cb80ef2,parsed_ok,False
e5107af191798f7c,CD388135,train,,P,1,/Volumes/EXT DATA/IDMB/images/Tancrede/collection/Bombus_sylvarum/worker/CD388135_P1.JPG,/Volumes/EXT DATA/IDMB/images/Tancrede/collection,organized_underscore,.jpg,70369,e5107af191798f7c,parsed_ok,False
997714daabca975f,2020.03886,train,,P,1,/Volumes/EXT DATA/IDMB/images/Tancrede/collection/Bombus_sylvarum/worker/2020.03886_P1.JPG,/Volumes/EXT DATA/IDMB/images/Tancrede/collection,organized_underscore,.jpg,568397,997714daabca975f,parsed_ok,False
26d010743fc04896,2017.06254,train,,P,1,/Volumes/EXT DATA/IDMB/images/Tancrede/collection/Bombus_sylvarum/worker/2017.06254_P1.JPG,/Volumes/EXT DATA/IDMB/images/Tancrede/collection,organized_underscore,.jpg,83996,26d010743fc04896,parsed_ok,False
37914b4ac1d3ae65,CD387324,train,,P,1,/Volumes/EXT DATA/IDMB/images/Tancrede/collection/Bombus_sylvarum/worker/CD387324_P1.JPG,/Volumes/EXT DATA/IDMB/images/Tancrede/collection,organized_underscore,.jpg,79813,37914b4ac1d3ae65,parsed_ok,False
0ba5f9efaa93e2f6,NoName5,train,,P,1,/Volumes/EXT DATA/IDMB/images/Tancrede/collection/Bombus_sylvarum/worker/NoName5_P1.JPG,/Volumes/EXT DATA/IDMB/images/Tancrede/collection,organized_underscore,.jpg,503169,0ba5f9efaa93e2f6,parsed_ok,False
8dbd7116cc8ad99c,CD387766,train,,P,1,/Volumes/EXT DATA/IDMB/images/Tancrede/collection/Bombus_sylvarum/worker/CD387766_P1.JPG,/Volumes/EXT DATA/IDMB/images/Tancrede/collection,organized_underscore,.jpg,68517,8dbd7116cc8ad99c,parsed_ok,False
92be102a07532438,2020.04013,train,,P,1,/Volumes/EXT DATA/IDMB/images/Tancrede/collection/Bombus_sylvarum/worker/2020.04013_P1.JPG,/Volumes/EXT DATA/IDMB/images/Tancrede/collection,organized_underscore,.jpg,58363,92be102a07532438,parsed_ok,False
d8418e14e848a942,NoName4,train,,P,1,/Volumes/EXT DATA/IDMB/images/Tancrede/collection/Bombus_sylvarum/worker/NoName4_P1.JPG,/Volumes/EXT DATA/IDMB/images/Tancrede/collection,organized_underscore,.jpg,550283,d8418e14e848a942,parsed_ok,False
689c6f66deb0151b,CD388146,train,,P,1,/Volumes/EXT DATA/IDMB/images/Tancrede/collection/Bombus_sylvarum/worker/CD388146_P1.JPG,/Volumes/EXT DATA/IDMB/images/Tancrede/collection,organized_underscore,.jpg,72472,689c6f66deb0151b,parsed_ok,False
a3d25b69fd4f5795,CD387303,train,,P,1,/Volumes/EXT DATA/IDMB/images/Tancrede/collection/Bombus_sylvarum/worker/CD387303_P1.JPG,/Volumes/EXT DATA/IDMB/images/Tancrede/collection,organized_underscore,.jpg,75997,a3d25b69fd4f5795,parsed_ok,False
1c63a82dfbcff7db,15G2021-1826,train,,P,1,/Volumes/EXT DATA/IDMB/images/Tancrede/collection/Bombus_sylvarum/worker/15G2021-1826_P1.JPG,/Volumes/EXT DATA/IDMB/images/Tancrede/collection,organized_underscore,.jpg,499924,1c63a82dfbcff7db,parsed_ok,False
07c0fc228785e37e,2012.0034,train,,P,1,/Volumes/EXT DATA/IDMB/images/Tancrede/collection/Bombus_sylvarum/worker/2012.0034_P1.JPG,/Volumes/EXT DATA/IDMB/images/Tancrede/collection,organized_underscore,.jpg,549066,07c0fc228785e37e,parsed_ok,False
73e12f01d451df93,BAR.2018.00342,train,,P,1,/Volumes/EXT DATA/IDMB/images/Tancrede/collection/Bombus_sylvarum/worker/BAR.2018.00342_P1.JPG,/Volumes/EXT DATA/IDMB/images/Tancrede/collection,organized_underscore,.jpg,61216,73e12f01d451df93,parsed_ok,False
19417d46fe7c1f61,FR15ABOM210821174,train,,P,1,/Volumes/EXT DATA/IDMB/images/Tancrede/collection/Bombus_sylvarum/drone/FR15ABOM210821174_P1.JPG,/Volumes/EXT DATA/IDMB/images/Tancrede/collection,organized_underscore,.jpg,491427,19417d46fe7c1f61,parsed_ok,False
52735e3994958c4e,FR15_ABOM30072020042,train,,P,1,/Volumes/EXT DATA/IDMB/images/Tancrede/collection/Bombus_sylvarum/drone/FR15_ABOM30072020042_P1.JPG,/Volumes/EXT DATA/IDMB/images/Tancrede/collection,organized_underscore,.jpg,456930,52735e3994958c4e,parsed_ok,False
c56d673f508eba74,2020.06348,train,,P,1,/Volumes/EXT DATA/IDMB/images/Tancrede/collection/Bombus_sylvarum/drone/2020.06348_P1.JPG,/Volumes/EXT DATA/IDMB/images/Tancrede/collection,organized_underscore,.jpg,99943,c56d673f508eba74,parsed_ok,False
0979c46a18b5d095,15G2021-1200,train,,P,1,/Volumes/EXT DATA/IDMB/images/Tancrede/collection/Bombus_sylvarum/drone/15G2021-1200_P1.JPG,/Volumes/EXT DATA/IDMB/images/Tancrede/collection,organized_underscore,.jpg,469040,0979c46a18b5d095,parsed_ok,False
39c66d3956ea474f,FR15ABOM210821143,train,,P,1,/Volumes/EXT DATA/IDMB/images/Tancrede/collection/Bombus_sylvarum/drone/FR15ABOM210821143_P1.JPG,/Volumes/EXT DATA/IDMB/images/Tancrede/collection,organized_underscore,.jpg,491856,39c66d3956ea474f,parsed_ok,False
1dd3c1069537abbe,NoName9,train,,P,1,/Volumes/EXT DATA/IDMB/images/Tancrede/collection/Bombus_sylvarum/drone/NoName9_P1.JPG,/Volumes/EXT DATA/IDMB/images/Tancrede/collection,organized_underscore,.jpg,432201,1dd3c1069537abbe,parsed_ok,False
8c9f4425c5b056b9,FR15ABOM210821128,train,,P,1,/Volumes/EXT DATA/IDMB/images/Tancrede/collection/Bombus_sylvarum/drone/FR15ABOM210821128_P1.JPG,/Volumes/EXT DATA/IDMB/images/Tancrede/collection,organized_underscore,.jpg,480505,8c9f4425c5b056b9,parsed_ok,False
1e442f758087ac61,FR15_ABOM25082020010,train,,P,1,/Volumes/EXT DATA/IDMB/images/Tancrede/collection/Bombus_sylvarum/drone/FR15_ABOM25082020010_P1.JPG,/Volumes/EXT DATA/IDMB/images/Tancrede/collection,organized_underscore,.jpg,475537,1e442f758087ac61,parsed_ok,False
59eda39c93aa6047,FR15ABOM170821009,train,,P,1,/Volumes/EXT DATA/IDMB/images/Tancrede/collection/Bombus_sylvarum/drone/FR15ABOM170821009_P1.JPG,/Volumes/EXT DATA/IDMB/images/Tancrede/collection,organized_underscore,.jpg,497733,59eda39c93aa6047,parsed_ok,False
108c1ab301a654cd,NoName11,train,,P,1,/Volumes/EXT DATA/IDMB/images/Tancrede/collection/Bombus_sylvarum/drone/NoName11_P1.JPG,/Volumes/EXT DATA/IDMB/images/Tancrede/collection,organized_underscore,.jpg,492699,108c1ab301a654cd,parsed_ok,False
c975e517081def63,NoName10,train,,P,1,/Volumes/EXT DATA/IDMB/images/Tancrede/collection/Bombus_sylvarum/drone/NoName10_P1.JPG,/Volumes/EXT DATA/IDMB/images/Tancrede/collection,organized_underscore,.jpg,481361,c975e517081def63,parsed_ok,False
10f26f530c46d28b,2020.03930,train,,P,1,/Volumes/EXT DATA/IDMB/images/Tancrede/collection/Bombus_sylvarum/drone/2020.03930_P1.JPG,/Volumes/EXT DATA/IDMB/images/Tancrede/collection,organized_underscore,.jpg,86926,10f26f530c46d28b,parsed_ok,False
d922d2edf39fc66e,FR15_ABOM09082020078,train,,P,1,/Volumes/EXT DATA/IDMB/images/Tancrede/collection/Bombus_sylvarum/drone/FR15_ABOM09082020078_P1.JPG,/Volumes/EXT DATA/IDMB/images/Tancrede/collection,organized_underscore,.jpg,454029,d922d2edf39fc66e,parsed_ok,False
1dc5338bdbaa67a2,FR15_STPONCY300921002,train,,P,1,/Volumes/EXT DATA/IDMB/images/Tancrede/collection/Bombus_sylvarum/drone/FR15_STPONCY300921002_P1.JPG,/Volumes/EXT DATA/IDMB/images/Tancrede/collection,organized_underscore,.jpg,385499,1dc5338bdbaa67a2,parsed_ok,False
7b3044d101f6de79,FR15_STPONCY300921024,train,,P,1,/Volumes/EXT DATA/IDMB/images/Tancrede/collection/Bombus_sylvarum/drone/FR15_STPONCY300921024_P1.JPG,/Volumes/EXT DATA/IDMB/images/Tancrede/collection,organized_underscore,.jpg,488301,7b3044d101f6de79,parsed_ok,False
dc9afd6af9170d78,FR15ABOM210821177,train,,P,1,/Volumes/EXT DATA/IDMB/images/Tancrede/collection/Bombus_sylvarum/drone/FR15ABOM210821177_P1.JPG,/Volumes/EXT DATA/IDMB/images/Tancrede/collection,organized_underscore,.jpg,481753,dc9afd6af9170d78,parsed_ok,False
f2a890e281362877,FR15_ABOM25082020008,train,,P,1,/Volumes/EXT DATA/IDMB/images/Tancrede/collection/Bombus_sylvarum/drone/FR15_ABOM25082020008_P1.JPG,/Volumes/EXT DATA/IDMB/images/Tancrede/collection,organized_underscore,.jpg,458294,f2a890e281362877,parsed_ok,False
f49423e3b69fb70f,FR15_ABOM17082020015,train,,P,1,/Volumes/EXT DATA/IDMB/images/Tancrede/collection/Bombus_sylvarum/drone/FR15_ABOM17082020015_P1.JPG,/Volumes/EXT DATA/IDMB/images/Tancrede/collection,organized_underscore,.jpg,471377,f49423e3b69fb70f,parsed_ok,False
f9e2338ceb602841,NoName12,train,,P,1,/Volumes/EXT DATA/IDMB/images/Tancrede/collection/Bombus_sylvarum/drone/NoName12_P1.JPG,/Volumes/EXT DATA/IDMB/images/Tancrede/collection,organized_underscore,.jpg,496695,f9e2338ceb602841,parsed_ok,False
d53a36c3217b0b91,FR15_ABOM25082020007,train,,P,1,/Volumes/EXT DATA/IDMB/images/Tancrede/collection/Bombus_sylvarum/drone/FR15_ABOM25082020007_P1.JPG,/Volumes/EXT DATA/IDMB/images/Tancrede/collection,organized_underscore,.jpg,518561,d53a36c3217b0b91,parsed_ok,False
69f4a651a5eca9c3,NoName13,train,,P,1,/Volumes/EXT DATA/IDMB/images/Tancrede/collection/Bombus_sylvarum/drone/NoName13_P1.JPG,/Volumes/EXT DATA/IDMB/images/Tancrede/collection,organized_underscore,.jpg,517369,69f4a651a5eca9c3,parsed_ok,False
e7ec32856e212191,FR15_ABOM30072020036,train,,P,1,/Volumes/EXT DATA/IDMB/images/Tancrede/collection/Bombus_sylvarum/drone/FR15_ABOM30072020036_P1.JPG,/Volumes/EXT DATA/IDMB/images/Tancrede/collection,organized_underscore,.jpg,484106,e7ec32856e212191,parsed_ok,False
546d6df38cbf9804,FR15AB100518002,train,,P,1,/Volumes/EXT DATA/IDMB/images/Tancrede/collection/Bombus_wurflenii/queen/FR15AB100518002_P1.JPG,/Volumes/EXT DATA/IDMB/images/Tancrede/collection,organized_underscore,.jpg,4912865,546d6df38cbf9804,parsed_ok,False
3202dd75d414afed,ABAURA8526b,train,,P,1,/Volumes/EXT DATA/IDMB/images/Tancrede/collection/Bombus_wurflenii/worker/ABAURA8526b_P1.JPG,/Volumes/EXT DATA/IDMB/images/Tancrede/collection,organized_underscore,.jpg,618926,3202dd75d414afed,parsed_ok,False
261a7f27de57bfb7,ABAURA8207f,train,,P,1,/Volumes/EXT DATA/IDMB/images/Tancrede/collection/Bombus_wurflenii/worker/ABAURA8207f_P1.JPG,/Volumes/EXT DATA/IDMB/images/Tancrede/collection,organized_underscore,.jpg,376035,261a7f27de57bfb7,parsed_ok,False
6adfbad3c2def280,ABAURA8599,train,,P,1,/Volumes/EXT DATA/IDMB/images/Tancrede/collection/Bombus_wurflenii/worker/ABAURA8599_P1.JPG,/Volumes/EXT DATA/IDMB/images/Tancrede/collection,organized_underscore,.jpg,462896,6adfbad3c2def280,parsed_ok,False
e0debb93e4cf45e1,CD388013,train,,P,1,/Volumes/EXT DATA/IDMB/images/Tancrede/collection/Bombus_wurflenii/worker/CD388013_P1.JPG,/Volumes/EXT DATA/IDMB/images/Tancrede/collection,organized_underscore,.jpg,509797,e0debb93e4cf45e1,parsed_ok,False
1fcfc1ac9c26dc4f,CD388820,train,,P,1,/Volumes/EXT DATA/IDMB/images/Tancrede/collection/Bombus_wurflenii/worker/CD388820_P1.JPG,/Volumes/EXT DATA/IDMB/images/Tancrede/collection,organized_underscore,.jpg,605061,1fcfc1ac9c26dc4f,parsed_ok,False
4de537f3168bb0f2,Znieff_galibier,train,,P,1,/Volumes/EXT DATA/IDMB/images/Tancrede/collection/Bombus_wurflenii/worker/Znieff_galibier_P1.JPG,/Volumes/EXT DATA/IDMB/images/Tancrede/collection,organized_underscore,.jpg,531052,4de537f3168bb0f2,parsed_ok,False
45baf91e01aa7881,ABAURA8205d,train,,P,1,/Volumes/EXT DATA/IDMB/images/Tancrede/collection/Bombus_wurflenii/worker/ABAURA8205d_P1.JPG,/Volumes/EXT DATA/IDMB/images/Tancrede/collection,organized_underscore,.jpg,503534,45baf91e01aa7881,parsed_ok,False
4a96b31c2a8e42f3,ABAURA8207b,train,,P,1,/Volumes/EXT DATA/IDMB/images/Tancrede/collection/Bombus_wurflenii/worker/ABAURA8207b_P1.JPG,/Volumes/EXT DATA/IDMB/images/Tancrede/collection,organized_underscore,.jpg,356334,4a96b31c2a8e42f3,parsed_ok,False
353d342a37ca6594,ABAURA8207e,train,,P,1,/Volumes/EXT DATA/IDMB/images/Tancrede/collection/Bombus_wurflenii/worker/ABAURA8207e_P1.JPG,/Volumes/EXT DATA/IDMB/images/Tancrede/collection,organized_underscore,.jpg,534392,353d342a37ca6594,parsed_ok,False
b1f12b4793c3052e,CD388016b,train,,P,1,/Volumes/EXT DATA/IDMB/images/Tancrede/collection/Bombus_wurflenii/worker/CD388016b_P1.JPG,/Volumes/EXT DATA/IDMB/images/Tancrede/collection,organized_underscore,.jpg,555364,b1f12b4793c3052e,parsed_ok,False
41fd2698e91c3482,ABAURA8207d,train,,P,1,/Volumes/EXT DATA/IDMB/images/Tancrede/collection/Bombus_wurflenii/worker/ABAURA8207d_P1.JPG,/Volumes/EXT DATA/IDMB/images/Tancrede/collection,organized_underscore,.jpg,319008,41fd2698e91c3482,parsed_ok,False
17812c2fac37f909,ABAURA8207c,train,,P,1,/Volumes/EXT DATA/IDMB/images/Tancrede/collection/Bombus_wurflenii/worker/ABAURA8207c_P1.JPG,/Volumes/EXT DATA/IDMB/images/Tancrede/collection,organized_underscore,.jpg,351294,17812c2fac37f909,parsed_ok,False
a8b1c03b2d23f625,CD388391b,train,,P,1,/Volumes/EXT DATA/IDMB/images/Tancrede/collection/Bombus_wurflenii/worker/CD388391b_P1.JPG,/Volumes/EXT DATA/IDMB/images/Tancrede/collection,organized_underscore,.jpg,533321,a8b1c03b2d23f625,parsed_ok,False
4db68a96f9af6034,ABAURA8239d,train,,P,1,/Volumes/EXT DATA/IDMB/images/Tancrede/collection/Bombus_wurflenii/worker/ABAURA8239d_P1.JPG,/Volumes/EXT DATA/IDMB/images/Tancrede/collection,organized_underscore,.jpg,483024,4db68a96f9af6034,parsed_ok,False
e7407fac19dc9271,CD388003,train,,P,1,/Volumes/EXT DATA/IDMB/images/Tancrede/collection/Bombus_wurflenii/worker/CD388003_P1.JPG,/Volumes/EXT DATA/IDMB/images/Tancrede/collection,organized_underscore,.jpg,611329,e7407fac19dc9271,parsed_ok,False
c60d4fea4085360d,ABAURA8150d,train,,P,1,/Volumes/EXT DATA/IDMB/images/Tancrede/collection/Bombus_wurflenii/worker/ABAURA8150d_P1.JPG,/Volumes/EXT DATA/IDMB/images/Tancrede/collection,organized_underscore,.jpg,590618,c60d4fea4085360d,parsed_ok,False
25c30b10ba781dbc,CD388003b,train,,P,1,/Volumes/EXT DATA/IDMB/images/Tancrede/collection/Bombus_wurflenii/worker/CD388003b_P1.JPG,/Volumes/EXT DATA/IDMB/images/Tancrede/collection,organized_underscore,.jpg,570868,25c30b10ba781dbc,parsed_ok,False
9139c0c7161006ee,CD388820b,train,,P,1,/Volumes/EXT DATA/IDMB/images/Tancrede/collection/Bombus_wurflenii/worker/CD388820b_P1.JPG,/Volumes/EXT DATA/IDMB/images/Tancrede/collection,organized_underscore,.jpg,605984,9139c0c7161006ee,parsed_ok,False
8a2ce48e30747fb0,CD388018e,train,,P,1,/Volumes/EXT DATA/IDMB/images/Tancrede/collection/Bombus_wurflenii/worker/CD388018e_P1.JPG,/Volumes/EXT DATA/IDMB/images/Tancrede/collection,organized_underscore,.jpg,550059,8a2ce48e30747fb0,parsed_ok,False
517420fa914449a3,CD388018d,train,,P,1,/Volumes/EXT DATA/IDMB/images/Tancrede/collection/Bombus_wurflenii/worker/CD388018d_P1.JPG,/Volumes/EXT DATA/IDMB/images/Tancrede/collection,organized_underscore,.jpg,475640,517420fa914449a3,parsed_ok,False
de40d69c06cbd6af,ABAURA8604,train,,P,1,/Volumes/EXT DATA/IDMB/images/Tancrede/collection/Bombus_wurflenii/worker/ABAURA8604_P1.JPG,/Volumes/EXT DATA/IDMB/images/Tancrede/collection,organized_underscore,.jpg,519483,de40d69c06cbd6af,parsed_ok,False
4d01a535075636c3,FR15_ABOM180720053,train,,P,1,/Volumes/EXT DATA/IDMB/images/Tancrede/collection/Bombus_wurflenii/drone/FR15_ABOM180720053_P1.JPG,/Volumes/EXT DATA/IDMB/images/Tancrede/collection,organized_underscore,.jpg,570154,4d01a535075636c3,parsed_ok,False
5883b783eb4138aa,ABAURA7781,train,,P,1,/Volumes/EXT DATA/IDMB/images/Tancrede/collection/Bombus_wurflenii/drone/ABAURA7781_P1.JPG,/Volumes/EXT DATA/IDMB/images/Tancrede/collection,organized_underscore,.jpg,578297,5883b783eb4138aa,parsed_ok,False
8cff49e32dde429d,CollecYvan21,train,,P,1,/Volumes/EXT DATA/IDMB/images/Tancrede/collection/Bombus_wurflenii/drone/CollecYvan21_P1.JPG,/Volumes/EXT DATA/IDMB/images/Tancrede/collection,organized_underscore,.jpg,550465,8cff49e32dde429d,parsed_ok,False
dca6bd0c8b51afe1,CollecYvan19,train,,P,1,/Volumes/EXT DATA/IDMB/images/Tancrede/collection/Bombus_wurflenii/drone/CollecYvan19_P1.JPG,/Volumes/EXT DATA/IDMB/images/Tancrede/collection,organized_underscore,.jpg,489793,dca6bd0c8b51afe1,parsed_ok,False
f1876888588ecd6a,FR15ABOM200722066,train,,P,1,/Volumes/EXT DATA/IDMB/images/Tancrede/collection/Bombus_wurflenii/drone/FR15ABOM200722066_P1.JPG,/Volumes/EXT DATA/IDMB/images/Tancrede/collection,organized_underscore,.jpg,476142,f1876888588ecd6a,parsed_ok,False
0239f9c1aa5ef757,CollecYvan20,train,,P,1,/Volumes/EXT DATA/IDMB/images/Tancrede/collection/Bombus_wurflenii/drone/CollecYvan20_P1.JPG,/Volumes/EXT DATA/IDMB/images/Tancrede/collection,organized_underscore,.jpg,551685,0239f9c1aa5ef757,parsed_ok,False
fb21b5273aa83f53,FR15ABOM130722047,train,,P,1,/Volumes/EXT DATA/IDMB/images/Tancrede/collection/Bombus_wurflenii/drone/FR15ABOM130722047_P1.JPG,/Volumes/EXT DATA/IDMB/images/Tancrede/collection,organized_underscore,.jpg,478738,fb21b5273aa83f53,parsed_ok,False
8a79751e14ce5216,FR15ABOM200722026,train,,P,1,/Volumes/EXT DATA/IDMB/images/Tancrede/collection/Bombus_wurflenii/drone/FR15ABOM200722026_P1.JPG,/Volumes/EXT DATA/IDMB/images/Tancrede/collection,organized_underscore,.jpg,631500,8a79751e14ce5216,parsed_ok,False
48a72034b3bf83d8,ABAURA7781b,train,,P,1,/Volumes/EXT DATA/IDMB/images/Tancrede/collection/Bombus_wurflenii/drone/ABAURA7781b_P1.JPG,/Volumes/EXT DATA/IDMB/images/Tancrede/collection,organized_underscore,.jpg,592418,48a72034b3bf83d8,parsed_ok,False
4daed64d93a4baec,FR15_ABOM180720047,train,,P,1,/Volumes/EXT DATA/IDMB/images/Tancrede/collection/Bombus_wurflenii/drone/FR15_ABOM180720047_P1.JPG,/Volumes/EXT DATA/IDMB/images/Tancrede/collection,organized_underscore,.jpg,518183,4daed64d93a4baec,parsed_ok,False
f7a2d7d929e69e8c,FR15_ABOM180720048,train,,P,1,/Volumes/EXT DATA/IDMB/images/Tancrede/collection/Bombus_wurflenii/drone/FR15_ABOM180720048_P1.JPG,/Volumes/EXT DATA/IDMB/images/Tancrede/collection,organized_underscore,.jpg,656668,f7a2d7d929e69e8c,parsed_ok,False
f9232b36fc8d652c,FR15_ABOM180720046,train,,P,1,/Volumes/EXT DATA/IDMB/images/Tancrede/collection/Bombus_wurflenii/drone/FR15_ABOM180720046_P1.JPG,/Volumes/EXT DATA/IDMB/images/Tancrede/collection,organized_underscore,.jpg,557784,f9232b36fc8d652c,parsed_ok,False
23499f82944bdc3a,FR15ABOM120722071,train,,P,1,/Volumes/EXT DATA/IDMB/images/Tancrede/collection/Bombus_wurflenii/drone/FR15ABOM120722071_P1.JPG,/Volumes/EXT DATA/IDMB/images/Tancrede/collection,organized_underscore,.jpg,501352,23499f82944bdc3a,parsed_ok,False
a35ec32697fad922,CollecYvan22,train,,P,1,/Volumes/EXT DATA/IDMB/images/Tancrede/collection/Bombus_wurflenii/drone/CollecYvan22_P1.JPG,/Volumes/EXT DATA/IDMB/images/Tancrede/collection,organized_underscore,.jpg,533556,a35ec32697fad922,parsed_ok,False
8f37391f40669853,FR15ABOM200722063,train,,P,1,/Volumes/EXT DATA/IDMB/images/Tancrede/collection/Bombus_wurflenii/drone/FR15ABOM200722063_P1.JPG,/Volumes/EXT DATA/IDMB/images/Tancrede/collection,organized_underscore,.jpg,513492,8f37391f40669853,parsed_ok,False
dc0ee6feaed26109,FR15ABOM200722064,train,,P,1,/Volumes/EXT DATA/IDMB/images/Tancrede/collection/Bombus_wurflenii/drone/FR15ABOM200722064_P1.JPG,/Volumes/EXT DATA/IDMB/images/Tancrede/collection,organized_underscore,.jpg,529760,dc0ee6feaed26109,parsed_ok,False
54cb7a4705e9a9d3,CollecYvan23,train,,P,1,/Volumes/EXT DATA/IDMB/images/Tancrede/collection/Bombus_wurflenii/drone/CollecYvan23_P1.JPG,/Volumes/EXT DATA/IDMB/images/Tancrede/collection,organized_underscore,.jpg,509067,54cb7a4705e9a9d3,parsed_ok,False
ff6aef025813feeb,CollecYvan24,train,,P,1,/Volumes/EXT DATA/IDMB/images/Tancrede/collection/Bombus_wurflenii/drone/CollecYvan24_P1.JPG,/Volumes/EXT DATA/IDMB/images/Tancrede/collection,organized_underscore,.jpg,531225,ff6aef025813feeb,parsed_ok,False
f1837f7ccf379e2e,FR15ABOM200722065,train,,P,1,/Volumes/EXT DATA/IDMB/images/Tancrede/collection/Bombus_wurflenii/drone/FR15ABOM200722065_P1.JPG,/Volumes/EXT DATA/IDMB/images/Tancrede/collection,organized_underscore,.jpg,509190,f1837f7ccf379e2e,parsed_ok,False
fd53472983aadf94,FR15ABOM200722062,train,,P,1,/Volumes/EXT DATA/IDMB/images/Tancrede/collection/Bombus_wurflenii/drone/FR15ABOM200722062_P1.JPG,/Volumes/EXT DATA/IDMB/images/Tancrede/collection,organized_underscore,.jpg,517011,fd53472983aadf94,parsed_ok,False
480b96c628b61011,FR15_AB210818002,train,,P,1,/Volumes/EXT DATA/IDMB/images/Tancrede/collection/Bombus_wurflenii/drone/FR15_AB210818002_P1.JPG,/Volumes/EXT DATA/IDMB/images/Tancrede/collection,organized_underscore,.jpg,552598,480b96c628b61011,parsed_ok,False
b4873a7f2fcd3278,WB1_23_0099,test,basile,,3,/Volumes/EXT DATA/IDMB/images/Tancrede/terrain/basile/WB1_23_0099_3.jpg,/Volumes/EXT DATA/IDMB/images/Tancrede/terrain,terrain_underscore,.jpg,1594408,b4873a7f2fcd3278,parsed_ok,False
0cae09d1cbd1a140,WB1_23_0098,test,basile,,3,/Volumes/EXT DATA/IDMB/images/Tancrede/terrain/basile/WB1_23_0098_3.jpg,/Volumes/EXT DATA/IDMB/images/Tancrede/terrain,terrain_underscore,.jpg,1549839,0cae09d1cbd1a140,parsed_ok,False
a395ca2c62684a24,WB1_23_0094,test,basile,,3,/Volumes/EXT DATA/IDMB/images/Tancrede/terrain/basile/WB1_23_0094_3.jpg,/Volumes/EXT DATA/IDMB/images/Tancrede/terrain,terrain_underscore,.jpg,1439081,a395ca2c62684a24,parsed_ok,False
0c4dcb4603c16768,WB1_23_0096,test,basile,,3,/Volumes/EXT DATA/IDMB/images/Tancrede/terrain/basile/WB1_23_0096_3.jpg,/Volumes/EXT DATA/IDMB/images/Tancrede/terrain,terrain_underscore,.jpg,1871036,0c4dcb4603c16768,parsed_ok,False
902a4f3c7dd68646,WB1_23_0092,test,basile,,3,/Volumes/EXT DATA/IDMB/images/Tancrede/terrain/basile/WB1_23_0092_3.jpg,/Volumes/EXT DATA/IDMB/images/Tancrede/terrain,terrain_underscore,.jpg,1374045,902a4f3c7dd68646,parsed_ok,False
55b92a6e1aaa8ca1,WB1_23_0097,test,basile,,3,/Volumes/EXT DATA/IDMB/images/Tancrede/terrain/basile/WB1_23_0097_3.jpg,/Volumes/EXT DATA/IDMB/images/Tancrede/terrain,terrain_underscore,.jpg,1399447,55b92a6e1aaa8ca1,parsed_ok,False
055efb6d6bc9f194,WB1_23_0095,test,basile,,3,/Volumes/EXT DATA/IDMB/images/Tancrede/terrain/basile/WB1_23_0095_3.jpg,/Volumes/EXT DATA/IDMB/images/Tancrede/terrain,terrain_underscore,.jpg,1860386,055efb6d6bc9f194,parsed_ok,False
55a2bad1cffb80d9,WB1_23_0091,test,basile,,3,/Volumes/EXT DATA/IDMB/images/Tancrede/terrain/basile/WB1_23_0091_3.jpg,/Volumes/EXT DATA/IDMB/images/Tancrede/terrain,terrain_underscore,.jpg,1588443,55a2bad1cffb80d9,parsed_ok,False
8de5966abd96758c,WB1_23_0093,test,basile,,3,/Volumes/EXT DATA/IDMB/images/Tancrede/terrain/basile/WB1_23_0093_3.jpg,/Volumes/EXT DATA/IDMB/images/Tancrede/terrain,terrain_underscore,.jpg,1436457,8de5966abd96758c,parsed_ok,False
0f00efbd7ff9d96d,WB1_23_0123,test,mehdi,,2,/Volumes/EXT DATA/IDMB/images/Tancrede/terrain/mehdi/WB1_23_0123_2.jpg,/Volumes/EXT DATA/IDMB/images/Tancrede/terrain,terrain_underscore,.jpg,1467598,0f00efbd7ff9d96d,parsed_ok,False
2e8ae39272cfff58,WB1_23_0121,test,mehdi,,2,/Volumes/EXT DATA/IDMB/images/Tancrede/terrain/mehdi/WB1_23_0121_2.jpg,/Volumes/EXT DATA/IDMB/images/Tancrede/terrain,terrain_underscore,.jpg,1330126,2e8ae39272cfff58,parsed_ok,False
8aef8e8ffc540ab6,WB1_23_0118,test,mehdi,,2,/Volumes/EXT DATA/IDMB/images/Tancrede/terrain/mehdi/WB1_23_0118_2.jpg,/Volumes/EXT DATA/IDMB/images/Tancrede/terrain,terrain_underscore,.jpg,1387851,8aef8e8ffc540ab6,parsed_ok,False
1e473ed2e9c42cd2,WB1_23_0125,test,mehdi,,2,/Volumes/EXT DATA/IDMB/images/Tancrede/terrain/mehdi/WB1_23_0125_2.jpg,/Volumes/EXT DATA/IDMB/images/Tancrede/terrain,terrain_underscore,.jpg,1380512,1e473ed2e9c42cd2,parsed_ok,False
e6909ee6fef3700f,WB1_23_0120,test,mehdi,,2,/Volumes/EXT DATA/IDMB/images/Tancrede/terrain/mehdi/WB1_23_0120_2.jpg,/Volumes/EXT DATA/IDMB/images/Tancrede/terrain,terrain_underscore,.jpg,1321749,e6909ee6fef3700f,parsed_ok,False
c3168cf48a1b36db,WB1_23_0122,test,mehdi,,2,/Volumes/EXT DATA/IDMB/images/Tancrede/terrain/mehdi/WB1_23_0122_2.jpg,/Volumes/EXT DATA/IDMB/images/Tancrede/terrain,terrain_underscore,.jpg,1507878,c3168cf48a1b36db,parsed_ok,False
7089ad2a37ae9766,WB1_23_0124,test,mehdi,,2,/Volumes/EXT DATA/IDMB/images/Tancrede/terrain/mehdi/WB1_23_0124_2.jpg,/Volumes/EXT DATA/IDMB/images/Tancrede/terrain,terrain_underscore,.jpg,1371112,7089ad2a37ae9766,parsed_ok,False
e9cf1fbe945d064a,WB1_23_0119,test,mehdi,,3,/Volumes/EXT DATA/IDMB/images/Tancrede/terrain/mehdi/WB1_23_0119_3.jpg,/Volumes/EXT DATA/IDMB/images/Tancrede/terrain,terrain_underscore,.jpg,1408579,e9cf1fbe945d064a,parsed_ok,False
a888e6d4ee1e075a,WB1_23_0117,test,mehdi,,2,/Volumes/EXT DATA/IDMB/images/Tancrede/terrain/mehdi/WB1_23_0117_2.jpg,/Volumes/EXT DATA/IDMB/images/Tancrede/terrain,terrain_underscore,.jpg,1534957,a888e6d4ee1e075a,parsed_ok,False
f234439086e710e0,WB1_23_0116,test,mehdi,,2,/Volumes/EXT DATA/IDMB/images/Tancrede/terrain/mehdi/WB1_23_0116_2.jpg,/Volumes/EXT DATA/IDMB/images/Tancrede/terrain,terrain_underscore,.jpg,1436343,f234439086e710e0,parsed_ok,False
f97dfb9f4f542741,WB1_23_0107,test,victor,,1,/Volumes/EXT DATA/IDMB/images/Tancrede/terrain/victor/WB1_23_0107_1.jpg,/Volumes/EXT DATA/IDMB/images/Tancrede/terrain,terrain_underscore,.jpg,5390290,f97dfb9f4f542741,parsed_ok,False
b5a1f226dd0541fe,WB1_23_0115,test,victor,,2,/Volumes/EXT DATA/IDMB/images/Tancrede/terrain/victor/WB1_23_0115_2.jpg,/Volumes/EXT DATA/IDMB/images/Tancrede/terrain,terrain_underscore,.jpg,5131400,b5a1f226dd0541fe,parsed_ok,False
f4be3d72d3c350c3,WB1_23_0108,test,victor,,1,/Volumes/EXT DATA/IDMB/images/Tancrede/terrain/victor/WB1_23_0108_1.jpg,/Volumes/EXT DATA/IDMB/images/Tancrede/terrain,terrain_underscore,.jpg,4886084,f4be3d72d3c350c3,parsed_ok,False
61f24c90a2fe3f6b,WB1_23_0113,test,victor,,1,/Volumes/EXT DATA/IDMB/images/Tancrede/terrain/victor/WB1_23_0113_1.jpg,/Volumes/EXT DATA/IDMB/images/Tancrede/terrain,terrain_underscore,.jpg,3936861,61f24c90a2fe3f6b,parsed_ok,False
37c4492352a01995,WB1_23_0110,test,victor,,1,/Volumes/EXT DATA/IDMB/images/Tancrede/terrain/victor/WB1_23_0110_1.jpg,/Volumes/EXT DATA/IDMB/images/Tancrede/terrain,terrain_underscore,.jpg,4787233,37c4492352a01995,parsed_ok,False
9229d0c02175be13,WB1_23_0112,test,victor,,2,/Volumes/EXT DATA/IDMB/images/Tancrede/terrain/victor/WB1_23_0112_2.jpg,/Volumes/EXT DATA/IDMB/images/Tancrede/terrain,terrain_underscore,.jpg,4468251,9229d0c02175be13,parsed_ok,False
e01f90015eb99504,WB1_23_0109,test,victor,,1,/Volumes/EXT DATA/IDMB/images/Tancrede/terrain/victor/WB1_23_0109_1.jpg,/Volumes/EXT DATA/IDMB/images/Tancrede/terrain,terrain_underscore,.jpg,5156718,e01f90015eb99504,parsed_ok,False
827ea1846b9c05ff,WB1_23_0062,test,ligia,,2,/Volumes/EXT DATA/IDMB/images/Tancrede/terrain/ligia/WB1_23_0062_2.jpg,/Volumes/EXT DATA/IDMB/images/Tancrede/terrain,terrain_underscore,.jpg,1898207,827ea1846b9c05ff,parsed_ok,False
66a6152156033f1d,WB1_23_0064,test,ligia,,1,/Volumes/EXT DATA/IDMB/images/Tancrede/terrain/ligia/WB1_23_0064_1.jpg,/Volumes/EXT DATA/IDMB/images/Tancrede/terrain,terrain_underscore,.jpg,1767770,66a6152156033f1d,parsed_ok,False
5843b2e0c3064d2c,WB1_23_0063,test,ligia,,1,/Volumes/EXT DATA/IDMB/images/Tancrede/terrain/ligia/WB1_23_0063_1.jpg,/Volumes/EXT DATA/IDMB/images/Tancrede/terrain,terrain_underscore,.jpg,2028440,5843b2e0c3064d2c,parsed_ok,False
8d70585c2aa84e2a,WB1_23_0061,test,ligia,,1,/Volumes/EXT DATA/IDMB/images/Tancrede/terrain/ligia/WB1_23_0061_1.jpg,/Volumes/EXT DATA/IDMB/images/Tancrede/terrain,terrain_underscore,.jpg,549641,8d70585c2aa84e2a,parsed_ok,False
fa7f99c73251440c,WB1_23_0065,test,ligia,,1,/Volumes/EXT DATA/IDMB/images/Tancrede/terrain/ligia/WB1_23_0065_1.jpg,/Volumes/EXT DATA/IDMB/images/Tancrede/terrain,terrain_underscore,.jpg,1966332,fa7f99c73251440c,parsed_ok,False
d82c06c8e281a1c5,WB1_23_0067,test,ligia,,1,/Volumes/EXT DATA/IDMB/images/Tancrede/terrain/ligia/WB1_23_0067_1.jpg,/Volumes/EXT DATA/IDMB/images/Tancrede/terrain,terrain_underscore,.jpg,1736861,d82c06c8e281a1c5,parsed_ok,False
33aa1eb629d08b62,WB1_23_0069,test,ligia,,1,/Volumes/EXT DATA/IDMB/images/Tancrede/terrain/ligia/WB1_23_0069_1.jpg,/Volumes/EXT DATA/IDMB/images/Tancrede/terrain,terrain_underscore,.jpg,1844026,33aa1eb629d08b62,parsed_ok,False
14d8013686b642db,WB1_23_0070,test,ligia,,1,/Volumes/EXT DATA/IDMB/images/Tancrede/terrain/ligia/WB1_23_0070_1.jpg,/Volumes/EXT DATA/IDMB/images/Tancrede/terrain,terrain_underscore,.jpg,1867015,14d8013686b642db,parsed_ok,False
a23ca808f430c3ca,WB1_23_0068,test,ligia,,1,/Volumes/EXT DATA/IDMB/images/Tancrede/terrain/ligia/WB1_23_0068_1.jpg,/Volumes/EXT DATA/IDMB/images/Tancrede/terrain,terrain_underscore,.jpg,1700788,a23ca808f430c3ca,parsed_ok,False
faa4202902ed06d4,WB1_23_0025,test,yvan,,2,/Volumes/EXT DATA/IDMB/images/Tancrede/terrain/yvan/WB1_23_0025_2.jpg,/Volumes/EXT DATA/IDMB/images/Tancrede/terrain,terrain_underscore,.jpg,192706,faa4202902ed06d4,parsed_ok,False
e4d52f7e7752966a,WB1_23_0021,test,yvan,,2,/Volumes/EXT DATA/IDMB/images/Tancrede/terrain/yvan/WB1_23_0021_2.jpg,/Volumes/EXT DATA/IDMB/images/Tancrede/terrain,terrain_underscore,.jpg,383887,e4d52f7e7752966a,parsed_ok,False
85e12d7497cd878c,WB1_23_0023,test,yvan,,2,/Volumes/EXT DATA/IDMB/images/Tancrede/terrain/yvan/WB1_23_0023_2.jpg,/Volumes/EXT DATA/IDMB/images/Tancrede/terrain,terrain_underscore,.jpg,234507,85e12d7497cd878c,parsed_ok,False
5e130ee7de7ddffd,WB1_23_0024,test,yvan,,2,/Volumes/EXT DATA/IDMB/images/Tancrede/terrain/yvan/WB1_23_0024_2.jpg,/Volumes/EXT DATA/IDMB/images/Tancrede/terrain,terrain_underscore,.jpg,390318,5e130ee7de7ddffd,parsed_ok,False
d109c5940b63b4db,WB1_23_0019,test,yvan,,3,/Volumes/EXT DATA/IDMB/images/Tancrede/terrain/yvan/WB1_23_0019_3.jpg,/Volumes/EXT DATA/IDMB/images/Tancrede/terrain,terrain_underscore,.jpg,76411,d109c5940b63b4db,parsed_ok,False
e5bf4af9a48e1268,WB1_23_0026,test,yvan,,2,/Volumes/EXT DATA/IDMB/images/Tancrede/terrain/yvan/WB1_23_0026_2.jpg,/Volumes/EXT DATA/IDMB/images/Tancrede/terrain,terrain_underscore,.jpg,328307,e5bf4af9a48e1268,parsed_ok,False
7194b7372193bbc4,WB1_23_0022,test,yvan,,2,/Volumes/EXT DATA/IDMB/images/Tancrede/terrain/yvan/WB1_23_0022_2.jpg,/Volumes/EXT DATA/IDMB/images/Tancrede/terrain,terrain_underscore,.jpg,388874,7194b7372193bbc4,parsed_ok,False
178e31f117d29e7b,WB1_23_0017,test,yvan,,1,/Volumes/EXT DATA/IDMB/images/Tancrede/terrain/yvan/WB1_23_0017_1.jpg,/Volumes/EXT DATA/IDMB/images/Tancrede/terrain,terrain_underscore,.jpg,94160,178e31f117d29e7b,parsed_ok,False
d3b18028722020d5,WB1_23_0016,test,yvan,,2,/Volumes/EXT DATA/IDMB/images/Tancrede/terrain/yvan/WB1_23_0016_2.jpg,/Volumes/EXT DATA/IDMB/images/Tancrede/terrain,terrain_underscore,.jpg,83480,d3b18028722020d5,parsed_ok,False
de81b52cb4f9d746,WB1_23_0139,test,adrien,,1,/Volumes/EXT DATA/IDMB/images/Tancrede/terrain/adrien/WB1_23_139.jpg,/Volumes/EXT DATA/IDMB/images/Tancrede/terrain,terrain_underscore,.jpg,1950687,de81b52cb4f9d746,parsed_ok,False
3562df6cbf6b55f1,WB1_23_0138,test,adrien,,1,/Volumes/EXT DATA/IDMB/images/Tancrede/terrain/adrien/WB1_23_138.jpg,/Volumes/EXT DATA/IDMB/images/Tancrede/terrain,terrain_underscore,.jpg,2449917,3562df6cbf6b55f1,parsed_ok,False
8e12882daf60785d,WB1_23_0148,test,adrien,,1,/Volumes/EXT DATA/IDMB/images/Tancrede/terrain/adrien/WB1_23_148.jpg,/Volumes/EXT DATA/IDMB/images/Tancrede/terrain,terrain_underscore,.jpg,2209733,8e12882daf60785d,parsed_ok,False
7fa0ec15bf3f9347,WB1_23_0149,test,adrien,,1,/Volumes/EXT DATA/IDMB/images/Tancrede/terrain/adrien/WB1_23_149.jpg,/Volumes/EXT DATA/IDMB/images/Tancrede/terrain,terrain_underscore,.jpg,1971541,7fa0ec15bf3f9347,parsed_ok,False
31eed8e0c549a4ab,WB1_23_0144,test,adrien,,1,/Volumes/EXT DATA/IDMB/images/Tancrede/terrain/adrien/WB1_23_144.jpg,/Volumes/EXT DATA/IDMB/images/Tancrede/terrain,terrain_underscore,.jpg,2246253,31eed8e0c549a4ab,parsed_ok,False
92c40cfae38bcef2,WB1_23_0150,test,adrien,,1,/Volumes/EXT DATA/IDMB/images/Tancrede/terrain/adrien/WB1_23_150.jpg,/Volumes/EXT DATA/IDMB/images/Tancrede/terrain,terrain_underscore,.jpg,2245594,92c40cfae38bcef2,parsed_ok,False
e2f9b91e3f1d7fd0,WB1_23_0151,test,adrien,,1,/Volumes/EXT DATA/IDMB/images/Tancrede/terrain/adrien/WB1_23_151.jpg,/Volumes/EXT DATA/IDMB/images/Tancrede/terrain,terrain_underscore,.jpg,2106513,e2f9b91e3f1d7fd0,parsed_ok,False
3469b394d374c589,WB1_23_0145,test,adrien,,1,/Volumes/EXT DATA/IDMB/images/Tancrede/terrain/adrien/WB1_23_145.jpg,/Volumes/EXT DATA/IDMB/images/Tancrede/terrain,terrain_underscore,.jpg,2087832,3469b394d374c589,parsed_ok,False
5634b491a22273d8,WB1_23_0153,test,adrien,,1,/Volumes/EXT DATA/IDMB/images/Tancrede/terrain/adrien/WB1_23_153.jpg,/Volumes/EXT DATA/IDMB/images/Tancrede/terrain,terrain_underscore,.jpg,2146866,5634b491a22273d8,parsed_ok,False
1df0869a8ae33a0f,WB1_23_0147,test,adrien,,1,/Volumes/EXT DATA/IDMB/images/Tancrede/terrain/adrien/WB1_23_147.jpg,/Volumes/EXT DATA/IDMB/images/Tancrede/terrain,terrain_underscore,.jpg,2694749,1df0869a8ae33a0f,parsed_ok,False
8d3f424d5d5415e1,WB1_23_0146,test,adrien,,1,/Volumes/EXT DATA/IDMB/images/Tancrede/terrain/adrien/WB1_23_146.jpg,/Volumes/EXT DATA/IDMB/images/Tancrede/terrain,terrain_underscore,.jpg,1964278,8d3f424d5d5415e1,parsed_ok,False
d1a32a0943e03607,WB1_23_0152,test,adrien,,1,/Volumes/EXT DATA/IDMB/images/Tancrede/terrain/adrien/WB1_23_152.jpg,/Volumes/EXT DATA/IDMB/images/Tancrede/terrain,terrain_underscore,.jpg,2222271,d1a32a0943e03607,parsed_ok,False
4a87f13f5d00c26e,WB1_23_0142,test,adrien,,1,/Volumes/EXT DATA/IDMB/images/Tancrede/terrain/adrien/WB1_23_142.jpg,/Volumes/EXT DATA/IDMB/images/Tancrede/terrain,terrain_underscore,.jpg,1506922,4a87f13f5d00c26e,parsed_ok,False
660a56a793d784d0,WB1_23_0137,test,adrien,,1,/Volumes/EXT DATA/IDMB/images/Tancrede/terrain/adrien/WB1_23_137.jpg,/Volumes/EXT DATA/IDMB/images/Tancrede/terrain,terrain_underscore,.jpg,2032338,660a56a793d784d0,parsed_ok,False
28135c20f1a071ce,WB1_23_0001,test,charlotte,,2,/Volumes/EXT DATA/IDMB/images/Tancrede/terrain/charlotte/WB1_23_0001_2.jpg,/Volumes/EXT DATA/IDMB/images/Tancrede/terrain,terrain_underscore,.jpg,3361738,28135c20f1a071ce,parsed_ok,False
c8b200d23d113244,WB1_23_0005,test,charlotte,,2,/Volumes/EXT DATA/IDMB/images/Tancrede/terrain/charlotte/WB1_23_0005_2.jpg,/Volumes/EXT DATA/IDMB/images/Tancrede/terrain,terrain_underscore,.jpg,3118208,c8b200d23d113244,parsed_ok,False
fa83380af44cd17c,WB1_23_0007,test,charlotte,,3,/Volumes/EXT DATA/IDMB/images/Tancrede/terrain/charlotte/WB1_23_0007_3.jpg,/Volumes/EXT DATA/IDMB/images/Tancrede/terrain,terrain_underscore,.jpg,2744765,fa83380af44cd17c,parsed_ok,False
96026cf46a1a1e7a,WB1_23_0002,test,charlotte,,1,/Volumes/EXT DATA/IDMB/images/Tancrede/terrain/charlotte/WB1_23_0002_1.jpg,/Volumes/EXT DATA/IDMB/images/Tancrede/terrain,terrain_underscore,.jpg,3063861,96026cf46a1a1e7a,parsed_ok,False
860609a012ba54b2,WB1_23_0004,test,charlotte,,2,/Volumes/EXT DATA/IDMB/images/Tancrede/terrain/charlotte/WB1_23_0004_2.jpg,/Volumes/EXT DATA/IDMB/images/Tancrede/terrain,terrain_underscore,.jpg,3094337,860609a012ba54b2,parsed_ok,False
2eefb8a31d4af686,WB1_23_0006,test,charlotte,,1,/Volumes/EXT DATA/IDMB/images/Tancrede/terrain/charlotte/WB1_23_0006_1.jpg,/Volumes/EXT DATA/IDMB/images/Tancrede/terrain,terrain_underscore,.jpg,3139155,2eefb8a31d4af686,parsed_ok,False
1a8e55a96ee20af0,WB1_23_0008,test,charlotte,,1,/Volumes/EXT DATA/IDMB/images/Tancrede/terrain/charlotte/WB1_23_0008_1.jpg,/Volumes/EXT DATA/IDMB/images/Tancrede/terrain,terrain_underscore,.jpg,3055200,1a8e55a96ee20af0,parsed_ok,False
28bedf35c31eb95f,WB1_23_0010,test,charlotte,,3,/Volumes/EXT DATA/IDMB/images/Tancrede/terrain/charlotte/WB1_23_0010_3.jpg,/Volumes/EXT DATA/IDMB/images/Tancrede/terrain,terrain_underscore,.jpg,2904800,28bedf35c31eb95f,parsed_ok,False
1a87b6c0fe333113,WB1_23_0040,test,guilhem,,1,/Volumes/EXT DATA/IDMB/images/Tancrede/terrain/guilhem/WB1_23_0040_1.jpg,/Volumes/EXT DATA/IDMB/images/Tancrede/terrain,terrain_underscore,.jpg,1684968,1a87b6c0fe333113,parsed_ok,False
191f1b42fa60e527,WB1_23_0038,test,guilhem,,1,/Volumes/EXT DATA/IDMB/images/Tancrede/terrain/guilhem/WB1_23_0038_1.jpg,/Volumes/EXT DATA/IDMB/images/Tancrede/terrain,terrain_underscore,.jpg,1531323,191f1b42fa60e527,parsed_ok,False
00f76d63ecf3d4c9,WB1_23_0039,test,guilhem,,1,/Volumes/EXT DATA/IDMB/images/Tancrede/terrain/guilhem/WB1_23_0039_1.jpg,/Volumes/EXT DATA/IDMB/images/Tancrede/terrain,terrain_underscore,.jpg,1683348,00f76d63ecf3d4c9,parsed_ok,False
a5efb38f8dd1b65a,WB1_23_0037,test,guilhem,,1,/Volumes/EXT DATA/IDMB/images/Tancrede/terrain/guilhem/WB1_23_0037_1.jpg,/Volumes/EXT DATA/IDMB/images/Tancrede/terrain,terrain_underscore,.jpg,1866902,a5efb38f8dd1b65a,parsed_ok,False
f67491d05869af1f,WB1_23_0035,test,guilhem,,1,/Volumes/EXT DATA/IDMB/images/Tancrede/terrain/guilhem/WB1_23_0035_1.jpg,/Volumes/EXT DATA/IDMB/images/Tancrede/terrain,terrain_underscore,.jpg,1550128,f67491d05869af1f,parsed_ok,False
587e87110950face,WB1_23_0031,test,guilhem,,1,/Volumes/EXT DATA/IDMB/images/Tancrede/terrain/guilhem/WB1_23_0031_1.jpg,/Volumes/EXT DATA/IDMB/images/Tancrede/terrain,terrain_underscore,.jpg,2306012,587e87110950face,parsed_ok,False
a2a77d3889fe5fd1,WB1_23_0033,test,guilhem,,1,/Volumes/EXT DATA/IDMB/images/Tancrede/terrain/guilhem/WB1_23_0033_1.jpg,/Volumes/EXT DATA/IDMB/images/Tancrede/terrain,terrain_underscore,.jpg,1687074,a2a77d3889fe5fd1,parsed_ok,False
f5d16296143e082d,WB1_23_0036,test,guilhem,,3,/Volumes/EXT DATA/IDMB/images/Tancrede/terrain/guilhem/WB1_23_0036_3.jpg,/Volumes/EXT DATA/IDMB/images/Tancrede/terrain,terrain_underscore,.jpg,1684225,f5d16296143e082d,parsed_ok,False
26166e45709ebc9a,WB1_23_0034,test,guilhem,,1,/Volumes/EXT DATA/IDMB/images/Tancrede/terrain/guilhem/WB1_23_0034_1.jpg,/Volumes/EXT DATA/IDMB/images/Tancrede/terrain,terrain_underscore,.jpg,1714231,26166e45709ebc9a,parsed_ok,False
6cb54426d86a0177,WB1_23_0032,test,guilhem,,1,/Volumes/EXT DATA/IDMB/images/Tancrede/terrain/guilhem/WB1_23_0032_1.jpg,/Volumes/EXT DATA/IDMB/images/Tancrede/terrain,terrain_underscore,.jpg,1600490,6cb54426d86a0177,parsed_ok,False
35a5e3818fce5315,WB1_23_0127,test,tonie,,3,/Volumes/EXT DATA/IDMB/images/Tancrede/terrain/tonie/WB1_23_0127_3.jpg,/Volumes/EXT DATA/IDMB/images/Tancrede/terrain,terrain_underscore,.jpg,2951617,35a5e3818fce5315,parsed_ok,False
48b539d06ca31a5b,WB1_23_0126,test,tonie,,2,/Volumes/EXT DATA/IDMB/images/Tancrede/terrain/tonie/WB1_23_0126_2.jpg,/Volumes/EXT DATA/IDMB/images/Tancrede/terrain,terrain_underscore,.jpg,3118289,48b539d06ca31a5b,parsed_ok,False
ed593b8fa3054908,WB1_23_0128,test,tonie,,3,/Volumes/EXT DATA/IDMB/images/Tancrede/terrain/tonie/WB1_23_0128_3.jpg,/Volumes/EXT DATA/IDMB/images/Tancrede/terrain,terrain_underscore,.jpg,3154008,ed593b8fa3054908,parsed_ok,False
10b8b34f9c0278c5,WB1_23_0131,test,tonie,,2,/Volumes/EXT DATA/IDMB/images/Tancrede/terrain/tonie/WB1_23_0131_2.jpg,/Volumes/EXT DATA/IDMB/images/Tancrede/terrain,terrain_underscore,.jpg,2902987,10b8b34f9c0278c5,parsed_ok,False
d4996e4e78bb2bde,WB1_23_0133,test,tonie,,2,/Volumes/EXT DATA/IDMB/images/Tancrede/terrain/tonie/WB1_23_0133_2.jpg,/Volumes/EXT DATA/IDMB/images/Tancrede/terrain,terrain_underscore,.jpg,3106858,d4996e4e78bb2bde,parsed_ok,False
dbbc7f5f2ca28b58,WB1_23_0135,test,tonie,,2,/Volumes/EXT DATA/IDMB/images/Tancrede/terrain/tonie/WB1_23_0135_2.jpg,/Volumes/EXT DATA/IDMB/images/Tancrede/terrain,terrain_underscore,.jpg,3048447,dbbc7f5f2ca28b58,parsed_ok,False
13876b139df5ee3a,WB1_23_0132,test,tonie,,2,/Volumes/EXT DATA/IDMB/images/Tancrede/terrain/tonie/WB1_23_0132_2.jpg,/Volumes/EXT DATA/IDMB/images/Tancrede/terrain,terrain_underscore,.jpg,3212646,13876b139df5ee3a,parsed_ok,False
368d65d35246b730,WB1_23_0129,test,tonie,,2,/Volumes/EXT DATA/IDMB/images/Tancrede/terrain/tonie/WB1_23_0129_2.jpg,/Volumes/EXT DATA/IDMB/images/Tancrede/terrain,terrain_underscore,.jpg,3036173,368d65d35246b730,parsed_ok,False
45fc9a6670d7d98c,WB1_23_0130,test,tonie,,3,/Volumes/EXT DATA/IDMB/images/Tancrede/terrain/tonie/WB1_23_0130_3.jpg,/Volumes/EXT DATA/IDMB/images/Tancrede/terrain,terrain_underscore,.jpg,3227743,45fc9a6670d7d98c,parsed_ok,False
f3a5aa53803523c7,WB1_23_0134,test,tonie,,2,/Volumes/EXT DATA/IDMB/images/Tancrede/terrain/tonie/WB1_23_0134_2.jpg,/Volumes/EXT DATA/IDMB/images/Tancrede/terrain,terrain_underscore,.jpg,3184855,f3a5aa53803523c7,parsed_ok,False
